ggml_metal_device_init: testing tensor API for f16 support
ggml_metal_library_compile_pipeline: compiling pipeline: base = 'dummy_kernel', name = 'dummy_kernel'
ggml_metal_library_compile_pipeline: loaded dummy_kernel                                  0x1016cb5f0 | th_max = 1024 | th_width =   32
ggml_metal_device_init: testing tensor API for bfloat support
ggml_metal_library_compile_pipeline: compiling pipeline: base = 'dummy_kernel', name = 'dummy_kernel'
ggml_metal_library_compile_pipeline: loaded dummy_kernel                                  0x1016cb770 | th_max = 1024 | th_width =   32
ggml_metal_library_init: using embedded metal library
ggml_metal_library_compile_all: compiled 'fa' library in 0.011 sec
ggml_metal_library_compile_all: compiled 'mul_mv' library in 0.003 sec
ggml_metal_library_compile_all: compiled 'mul_mm' library in 0.001 sec
ggml_metal_library_compile_all: compiled 'quantize' library in 0.002 sec
ggml_metal_library_compile_all: compiled 'softmax' library in 0.002 sec
ggml_metal_library_compile_all: compiled 'norm' library in 0.002 sec
ggml_metal_library_compile_all: compiled 'unary' library in 0.003 sec
ggml_metal_library_compile_all: compiled 'binbcast' library in 0.003 sec
ggml_metal_library_compile_all: compiled 'reduce' library in 0.002 sec
ggml_metal_library_compile_all: compiled 'tri' library in 0.003 sec
ggml_metal_library_compile_all: compiled 'ssm' library in 0.001 sec
ggml_metal_library_compile_all: compiled 'wkv' library in 0.002 sec
ggml_metal_library_compile_all: compiled 'gated_delta_net' library in 0.001 sec
ggml_metal_library_compile_all: compiled 'solve_tri' library in 0.002 sec
ggml_metal_library_compile_all: compiled 'rope' library in 0.002 sec
ggml_metal_library_compile_all: compiled 'conv' library in 0.002 sec
ggml_metal_library_compile_all: compiled 'upscale' library in 0.010 sec
ggml_metal_library_compile_all: compiled 'argsort' library in 0.002 sec
ggml_metal_library_compile_all: compiled 'pool' library in 0.010 sec
ggml_metal_library_compile_all: compiled 'misc' library in 0.002 sec
ggml_metal_library_compile_all: loaded 20 libraries from embedded data in 0.011 sec (max single = 0.011 sec)
ggml_metal_rsets_init: creating a residency set collection (keep_alive = 180 s)
ggml_metal_device_init: GPU name:   MTL0 (Apple M5)
ggml_metal_device_init: GPU family: MTLGPUFamilyApple10  (1010)
ggml_metal_device_init: GPU family: MTLGPUFamilyMetal4  (5002)
ggml_metal_device_init: simdgroup reduction   = true
ggml_metal_device_init: simdgroup matrix mul. = true
ggml_metal_device_init: has unified memory    = true
ggml_metal_device_init: has bfloat            = true
ggml_metal_device_init: has tensor            = true
ggml_metal_device_init: use residency sets    = true
ggml_metal_device_init: use shared buffers    = true
ggml_metal_device_init: recommendedMaxWorkingSetSize  = 25769.80 MB
llama_model_loader: loaded meta data with 28 key-value pairs and 310 tensors from /Users/austinwells/.cache/huggingface/hub/models--Qwen--Qwen3-0.6B-GGUF/snapshots/23749fefcc72300e3a2ad315e1317431b06b590a/Qwen3-0.6B-Q8_0.gguf (version GGUF V3 (latest))
llama_model_loader: Dumping metadata keys/values. Note: KV overrides do not apply in this output.
llama_model_loader: - kv   0:                       general.architecture str              = qwen3
llama_model_loader: - kv   1:                               general.type str              = model
llama_model_loader: - kv   2:                               general.name str              = Qwen3 0.6B Instruct
llama_model_loader: - kv   3:                           general.finetune str              = Instruct
llama_model_loader: - kv   4:                           general.basename str              = Qwen3
llama_model_loader: - kv   5:                         general.size_label str              = 0.6B
llama_model_loader: - kv   6:                          qwen3.block_count u32              = 28
llama_model_loader: - kv   7:                       qwen3.context_length u32              = 40960
llama_model_loader: - kv   8:                     qwen3.embedding_length u32              = 1024
llama_model_loader: - kv   9:                  qwen3.feed_forward_length u32              = 3072
llama_model_loader: - kv  10:                 qwen3.attention.head_count u32              = 16
llama_model_loader: - kv  11:              qwen3.attention.head_count_kv u32              = 8
llama_model_loader: - kv  12:                       qwen3.rope.freq_base f32              = 1000000.000000
llama_model_loader: - kv  13:     qwen3.attention.layer_norm_rms_epsilon f32              = 0.000001
llama_model_loader: - kv  14:                 qwen3.attention.key_length u32              = 128
llama_model_loader: - kv  15:               qwen3.attention.value_length u32              = 128
llama_model_loader: - kv  16:                       tokenizer.ggml.model str              = gpt2
llama_model_loader: - kv  17:                         tokenizer.ggml.pre str              = qwen2
llama_model_loader: - kv  18:                      tokenizer.ggml.tokens arr[str,151936]  = ["!", "\"", "#", "$", "%", "&", "'", ...
llama_model_loader: - kv  19:                  tokenizer.ggml.token_type arr[i32,151936]  = [1, 1, 1, 1, 1, 1, 1, 1, 1, 1, 1, 1, ...
llama_model_loader: - kv  20:                      tokenizer.ggml.merges arr[str,151387]  = ["Ġ Ġ", "ĠĠ ĠĠ", "i n", "Ġ t",...
llama_model_loader: - kv  21:                tokenizer.ggml.eos_token_id u32              = 151645
llama_model_loader: - kv  22:            tokenizer.ggml.padding_token_id u32              = 151643
llama_model_loader: - kv  23:                tokenizer.ggml.bos_token_id u32              = 151643
llama_model_loader: - kv  24:               tokenizer.ggml.add_bos_token bool             = false
llama_model_loader: - kv  25:                    tokenizer.chat_template str              = {%- if tools %}\n    {{- '<|im_start|>...
llama_model_loader: - kv  26:               general.quantization_version u32              = 2
llama_model_loader: - kv  27:                          general.file_type u32              = 7
llama_model_loader: - type  f32:  113 tensors
llama_model_loader: - type q8_0:  197 tensors
print_info: file format = GGUF V3 (latest)
print_info: file type   = Q8_0
print_info: file size   = 604.15 MiB (8.50 BPW) 
llama_prepare_model_devices: using device MTL0 (Apple M5) (unknown id) - 24575 MiB free
init_tokenizer: initializing tokenizer for type 2
load: 0 unused tokens
load: control token: 151659 '<|fim_prefix|>' is not marked as EOG
load: control token: 151656 '<|video_pad|>' is not marked as EOG
load: control token: 151655 '<|image_pad|>' is not marked as EOG
load: control token: 151653 '<|vision_end|>' is not marked as EOG
load: control token: 151652 '<|vision_start|>' is not marked as EOG
load: control token: 151651 '<|quad_end|>' is not marked as EOG
load: control token: 151649 '<|box_end|>' is not marked as EOG
load: control token: 151648 '<|box_start|>' is not marked as EOG
load: control token: 151646 '<|object_ref_start|>' is not marked as EOG
load: control token: 151644 '<|im_start|>' is not marked as EOG
load: control token: 151661 '<|fim_suffix|>' is not marked as EOG
load: control token: 151647 '<|object_ref_end|>' is not marked as EOG
load: control-looking token: 128247 '</s>' was not control-type; this is probably a bug in the model. its type will be overridden
load: control token: 151660 '<|fim_middle|>' is not marked as EOG
load: control token: 151654 '<|vision_pad|>' is not marked as EOG
load: control token: 151650 '<|quad_start|>' is not marked as EOG
load: printing all EOG tokens:
load:   - 128247 ('</s>')
load:   - 151643 ('<|endoftext|>')
load:   - 151645 ('<|im_end|>')
load:   - 151662 ('<|fim_pad|>')
load:   - 151663 ('<|repo_name|>')
load:   - 151664 ('<|file_sep|>')
load: special tokens cache size = 27
load: token to piece cache size = 0.9311 MB
print_info: arch                  = qwen3
print_info: vocab_only            = 0
print_info: no_alloc              = 0
print_info: n_ctx_train           = 40960
print_info: n_embd_inp            = 1024
print_info: n_embd                = 1024
print_info: n_embd_out            = 1024
print_info: n_layer               = 28
print_info: n_layer_all           = 28
print_info: n_head                = 16
print_info: n_head_kv             = 8
print_info: n_rot                 = 128
print_info: n_swa                 = 0
print_info: is_swa_any            = 0
print_info: non_causal_type       = 0
print_info: n_embd_head_k         = 128
print_info: n_embd_head_v         = 128
print_info: n_gqa                 = 2
print_info: n_embd_k_gqa          = 1024
print_info: n_embd_v_gqa          = 1024
print_info: f_norm_eps            = 0.0e+00
print_info: f_norm_rms_eps        = 1.0e-06
print_info: f_clamp_kqv           = 0.0e+00
print_info: f_max_alibi_bias      = 0.0e+00
print_info: f_logit_scale         = 0.0e+00
print_info: f_attn_scale          = 0.0e+00
print_info: f_attn_value_scale    = 0.0000
print_info: n_ff                  = 3072
print_info: n_expert              = 0
print_info: n_expert_used         = 0
print_info: n_expert_groups       = 0
print_info: n_group_used          = 0
print_info: causal attn           = 1
print_info: pooling type          = -1
print_info: rope type             = 2
print_info: rope scaling          = linear
print_info: freq_base_train       = 1000000.0
print_info: freq_scale_train      = 1
print_info: n_ctx_orig_yarn       = 40960
print_info: rope_yarn_log_mul     = 0.0000
print_info: rope_finetuned        = unknown
print_info: model type            = 0.6B
print_info: model params          = 596.05 M
print_info: general.name          = Qwen3 0.6B Instruct
print_info: vocab type            = BPE
print_info: n_vocab               = 151936
print_info: n_merges              = 151387
print_info: BOS token             = 151643 '<|endoftext|>'
print_info: EOS token             = 151645 '<|im_end|>'
print_info: EOT token             = 151645 '<|im_end|>'
print_info: PAD token             = 151643 '<|endoftext|>'
print_info: LF token              = 198 'Ċ'
print_info: FIM PRE token         = 151659 '<|fim_prefix|>'
print_info: FIM SUF token         = 151661 '<|fim_suffix|>'
print_info: FIM MID token         = 151660 '<|fim_middle|>'
print_info: FIM PAD token         = 151662 '<|fim_pad|>'
print_info: FIM REP token         = 151663 '<|repo_name|>'
print_info: FIM SEP token         = 151664 '<|file_sep|>'
print_info: EOG token             = 128247 '</s>'
print_info: EOG token             = 151643 '<|endoftext|>'
print_info: EOG token             = 151645 '<|im_end|>'
print_info: EOG token             = 151662 '<|fim_pad|>'
print_info: EOG token             = 151663 '<|repo_name|>'
print_info: EOG token             = 151664 '<|file_sep|>'
print_info: max token length      = 256
load_tensors: loading model tensors, this can take a while... (load_mode = mmap)
load_tensors: layer   0 assigned to device MTL0, is_swa = 0
load_tensors: layer   1 assigned to device MTL0, is_swa = 0
load_tensors: layer   2 assigned to device MTL0, is_swa = 0
load_tensors: layer   3 assigned to device MTL0, is_swa = 0
load_tensors: layer   4 assigned to device MTL0, is_swa = 0
load_tensors: layer   5 assigned to device MTL0, is_swa = 0
load_tensors: layer   6 assigned to device MTL0, is_swa = 0
load_tensors: layer   7 assigned to device MTL0, is_swa = 0
load_tensors: layer   8 assigned to device MTL0, is_swa = 0
load_tensors: layer   9 assigned to device MTL0, is_swa = 0
load_tensors: layer  10 assigned to device MTL0, is_swa = 0
load_tensors: layer  11 assigned to device MTL0, is_swa = 0
load_tensors: layer  12 assigned to device MTL0, is_swa = 0
load_tensors: layer  13 assigned to device MTL0, is_swa = 0
load_tensors: layer  14 assigned to device MTL0, is_swa = 0
load_tensors: layer  15 assigned to device MTL0, is_swa = 0
load_tensors: layer  16 assigned to device MTL0, is_swa = 0
load_tensors: layer  17 assigned to device MTL0, is_swa = 0
load_tensors: layer  18 assigned to device MTL0, is_swa = 0
load_tensors: layer  19 assigned to device MTL0, is_swa = 0
load_tensors: layer  20 assigned to device MTL0, is_swa = 0
load_tensors: layer  21 assigned to device MTL0, is_swa = 0
load_tensors: layer  22 assigned to device MTL0, is_swa = 0
load_tensors: layer  23 assigned to device MTL0, is_swa = 0
load_tensors: layer  24 assigned to device MTL0, is_swa = 0
load_tensors: layer  25 assigned to device MTL0, is_swa = 0
load_tensors: layer  26 assigned to device MTL0, is_swa = 0
load_tensors: layer  27 assigned to device MTL0, is_swa = 0
load_tensors: layer  28 assigned to device MTL0, is_swa = 0
create_tensor: loading tensor token_embd.weight
create_tensor: loading tensor output_norm.weight
create_tensor: loading tensor output.weight
create_tensor: loading tensor token_embd.weight
create_tensor: loading tensor cls.output.weight
create_tensor: loading tensor blk.0.attn_norm.weight
create_tensor: loading tensor blk.0.attn_qkv.weight
create_tensor: loading tensor blk.0.attn_q.weight
create_tensor: loading tensor blk.0.attn_k.weight
create_tensor: loading tensor blk.0.attn_v.weight
create_tensor: loading tensor blk.0.attn_q.bias
create_tensor: loading tensor blk.0.attn_k.bias
create_tensor: loading tensor blk.0.attn_v.bias
create_tensor: loading tensor blk.0.attn_output.weight
create_tensor: loading tensor blk.0.attn_k_norm.weight
create_tensor: loading tensor blk.0.attn_q_norm.weight
create_tensor: loading tensor blk.0.ffn_norm.weight
create_tensor: loading tensor blk.0.ffn_gate.weight
create_tensor: loading tensor blk.0.ffn_down.weight
create_tensor: loading tensor blk.0.ffn_up.weight
create_tensor: loading tensor blk.1.attn_norm.weight
create_tensor: loading tensor blk.1.attn_qkv.weight
create_tensor: loading tensor blk.1.attn_q.weight
create_tensor: loading tensor blk.1.attn_k.weight
create_tensor: loading tensor blk.1.attn_v.weight
create_tensor: loading tensor blk.1.attn_q.bias
create_tensor: loading tensor blk.1.attn_k.bias
create_tensor: loading tensor blk.1.attn_v.bias
create_tensor: loading tensor blk.1.attn_output.weight
create_tensor: loading tensor blk.1.attn_k_norm.weight
create_tensor: loading tensor blk.1.attn_q_norm.weight
create_tensor: loading tensor blk.1.ffn_norm.weight
create_tensor: loading tensor blk.1.ffn_gate.weight
create_tensor: loading tensor blk.1.ffn_down.weight
create_tensor: loading tensor blk.1.ffn_up.weight
create_tensor: loading tensor blk.2.attn_norm.weight
create_tensor: loading tensor blk.2.attn_qkv.weight
create_tensor: loading tensor blk.2.attn_q.weight
create_tensor: loading tensor blk.2.attn_k.weight
create_tensor: loading tensor blk.2.attn_v.weight
create_tensor: loading tensor blk.2.attn_q.bias
create_tensor: loading tensor blk.2.attn_k.bias
create_tensor: loading tensor blk.2.attn_v.bias
create_tensor: loading tensor blk.2.attn_output.weight
create_tensor: loading tensor blk.2.attn_k_norm.weight
create_tensor: loading tensor blk.2.attn_q_norm.weight
create_tensor: loading tensor blk.2.ffn_norm.weight
create_tensor: loading tensor blk.2.ffn_gate.weight
create_tensor: loading tensor blk.2.ffn_down.weight
create_tensor: loading tensor blk.2.ffn_up.weight
create_tensor: loading tensor blk.3.attn_norm.weight
create_tensor: loading tensor blk.3.attn_qkv.weight
create_tensor: loading tensor blk.3.attn_q.weight
create_tensor: loading tensor blk.3.attn_k.weight
create_tensor: loading tensor blk.3.attn_v.weight
create_tensor: loading tensor blk.3.attn_q.bias
create_tensor: loading tensor blk.3.attn_k.bias
create_tensor: loading tensor blk.3.attn_v.bias
create_tensor: loading tensor blk.3.attn_output.weight
create_tensor: loading tensor blk.3.attn_k_norm.weight
create_tensor: loading tensor blk.3.attn_q_norm.weight
create_tensor: loading tensor blk.3.ffn_norm.weight
create_tensor: loading tensor blk.3.ffn_gate.weight
create_tensor: loading tensor blk.3.ffn_down.weight
create_tensor: loading tensor blk.3.ffn_up.weight
create_tensor: loading tensor blk.4.attn_norm.weight
create_tensor: loading tensor blk.4.attn_qkv.weight
create_tensor: loading tensor blk.4.attn_q.weight
create_tensor: loading tensor blk.4.attn_k.weight
create_tensor: loading tensor blk.4.attn_v.weight
create_tensor: loading tensor blk.4.attn_q.bias
create_tensor: loading tensor blk.4.attn_k.bias
create_tensor: loading tensor blk.4.attn_v.bias
create_tensor: loading tensor blk.4.attn_output.weight
create_tensor: loading tensor blk.4.attn_k_norm.weight
create_tensor: loading tensor blk.4.attn_q_norm.weight
create_tensor: loading tensor blk.4.ffn_norm.weight
create_tensor: loading tensor blk.4.ffn_gate.weight
create_tensor: loading tensor blk.4.ffn_down.weight
create_tensor: loading tensor blk.4.ffn_up.weight
create_tensor: loading tensor blk.5.attn_norm.weight
create_tensor: loading tensor blk.5.attn_qkv.weight
create_tensor: loading tensor blk.5.attn_q.weight
create_tensor: loading tensor blk.5.attn_k.weight
create_tensor: loading tensor blk.5.attn_v.weight
create_tensor: loading tensor blk.5.attn_q.bias
create_tensor: loading tensor blk.5.attn_k.bias
create_tensor: loading tensor blk.5.attn_v.bias
create_tensor: loading tensor blk.5.attn_output.weight
create_tensor: loading tensor blk.5.attn_k_norm.weight
create_tensor: loading tensor blk.5.attn_q_norm.weight
create_tensor: loading tensor blk.5.ffn_norm.weight
create_tensor: loading tensor blk.5.ffn_gate.weight
create_tensor: loading tensor blk.5.ffn_down.weight
create_tensor: loading tensor blk.5.ffn_up.weight
create_tensor: loading tensor blk.6.attn_norm.weight
create_tensor: loading tensor blk.6.attn_qkv.weight
create_tensor: loading tensor blk.6.attn_q.weight
create_tensor: loading tensor blk.6.attn_k.weight
create_tensor: loading tensor blk.6.attn_v.weight
create_tensor: loading tensor blk.6.attn_q.bias
create_tensor: loading tensor blk.6.attn_k.bias
create_tensor: loading tensor blk.6.attn_v.bias
create_tensor: loading tensor blk.6.attn_output.weight
create_tensor: loading tensor blk.6.attn_k_norm.weight
create_tensor: loading tensor blk.6.attn_q_norm.weight
create_tensor: loading tensor blk.6.ffn_norm.weight
create_tensor: loading tensor blk.6.ffn_gate.weight
create_tensor: loading tensor blk.6.ffn_down.weight
create_tensor: loading tensor blk.6.ffn_up.weight
create_tensor: loading tensor blk.7.attn_norm.weight
create_tensor: loading tensor blk.7.attn_qkv.weight
create_tensor: loading tensor blk.7.attn_q.weight
create_tensor: loading tensor blk.7.attn_k.weight
create_tensor: loading tensor blk.7.attn_v.weight
create_tensor: loading tensor blk.7.attn_q.bias
create_tensor: loading tensor blk.7.attn_k.bias
create_tensor: loading tensor blk.7.attn_v.bias
create_tensor: loading tensor blk.7.attn_output.weight
create_tensor: loading tensor blk.7.attn_k_norm.weight
create_tensor: loading tensor blk.7.attn_q_norm.weight
create_tensor: loading tensor blk.7.ffn_norm.weight
create_tensor: loading tensor blk.7.ffn_gate.weight
create_tensor: loading tensor blk.7.ffn_down.weight
create_tensor: loading tensor blk.7.ffn_up.weight
create_tensor: loading tensor blk.8.attn_norm.weight
create_tensor: loading tensor blk.8.attn_qkv.weight
create_tensor: loading tensor blk.8.attn_q.weight
create_tensor: loading tensor blk.8.attn_k.weight
create_tensor: loading tensor blk.8.attn_v.weight
create_tensor: loading tensor blk.8.attn_q.bias
create_tensor: loading tensor blk.8.attn_k.bias
create_tensor: loading tensor blk.8.attn_v.bias
create_tensor: loading tensor blk.8.attn_output.weight
create_tensor: loading tensor blk.8.attn_k_norm.weight
create_tensor: loading tensor blk.8.attn_q_norm.weight
create_tensor: loading tensor blk.8.ffn_norm.weight
create_tensor: loading tensor blk.8.ffn_gate.weight
create_tensor: loading tensor blk.8.ffn_down.weight
create_tensor: loading tensor blk.8.ffn_up.weight
create_tensor: loading tensor blk.9.attn_norm.weight
create_tensor: loading tensor blk.9.attn_qkv.weight
create_tensor: loading tensor blk.9.attn_q.weight
create_tensor: loading tensor blk.9.attn_k.weight
create_tensor: loading tensor blk.9.attn_v.weight
create_tensor: loading tensor blk.9.attn_q.bias
create_tensor: loading tensor blk.9.attn_k.bias
create_tensor: loading tensor blk.9.attn_v.bias
create_tensor: loading tensor blk.9.attn_output.weight
create_tensor: loading tensor blk.9.attn_k_norm.weight
create_tensor: loading tensor blk.9.attn_q_norm.weight
create_tensor: loading tensor blk.9.ffn_norm.weight
create_tensor: loading tensor blk.9.ffn_gate.weight
create_tensor: loading tensor blk.9.ffn_down.weight
create_tensor: loading tensor blk.9.ffn_up.weight
create_tensor: loading tensor blk.10.attn_norm.weight
create_tensor: loading tensor blk.10.attn_qkv.weight
create_tensor: loading tensor blk.10.attn_q.weight
create_tensor: loading tensor blk.10.attn_k.weight
create_tensor: loading tensor blk.10.attn_v.weight
create_tensor: loading tensor blk.10.attn_q.bias
create_tensor: loading tensor blk.10.attn_k.bias
create_tensor: loading tensor blk.10.attn_v.bias
create_tensor: loading tensor blk.10.attn_output.weight
create_tensor: loading tensor blk.10.attn_k_norm.weight
create_tensor: loading tensor blk.10.attn_q_norm.weight
create_tensor: loading tensor blk.10.ffn_norm.weight
create_tensor: loading tensor blk.10.ffn_gate.weight
create_tensor: loading tensor blk.10.ffn_down.weight
create_tensor: loading tensor blk.10.ffn_up.weight
create_tensor: loading tensor blk.11.attn_norm.weight
create_tensor: loading tensor blk.11.attn_qkv.weight
create_tensor: loading tensor blk.11.attn_q.weight
create_tensor: loading tensor blk.11.attn_k.weight
create_tensor: loading tensor blk.11.attn_v.weight
create_tensor: loading tensor blk.11.attn_q.bias
create_tensor: loading tensor blk.11.attn_k.bias
create_tensor: loading tensor blk.11.attn_v.bias
create_tensor: loading tensor blk.11.attn_output.weight
create_tensor: loading tensor blk.11.attn_k_norm.weight
create_tensor: loading tensor blk.11.attn_q_norm.weight
create_tensor: loading tensor blk.11.ffn_norm.weight
create_tensor: loading tensor blk.11.ffn_gate.weight
create_tensor: loading tensor blk.11.ffn_down.weight
create_tensor: loading tensor blk.11.ffn_up.weight
create_tensor: loading tensor blk.12.attn_norm.weight
create_tensor: loading tensor blk.12.attn_qkv.weight
create_tensor: loading tensor blk.12.attn_q.weight
create_tensor: loading tensor blk.12.attn_k.weight
create_tensor: loading tensor blk.12.attn_v.weight
create_tensor: loading tensor blk.12.attn_q.bias
create_tensor: loading tensor blk.12.attn_k.bias
create_tensor: loading tensor blk.12.attn_v.bias
create_tensor: loading tensor blk.12.attn_output.weight
create_tensor: loading tensor blk.12.attn_k_norm.weight
create_tensor: loading tensor blk.12.attn_q_norm.weight
create_tensor: loading tensor blk.12.ffn_norm.weight
create_tensor: loading tensor blk.12.ffn_gate.weight
create_tensor: loading tensor blk.12.ffn_down.weight
create_tensor: loading tensor blk.12.ffn_up.weight
create_tensor: loading tensor blk.13.attn_norm.weight
create_tensor: loading tensor blk.13.attn_qkv.weight
create_tensor: loading tensor blk.13.attn_q.weight
create_tensor: loading tensor blk.13.attn_k.weight
create_tensor: loading tensor blk.13.attn_v.weight
create_tensor: loading tensor blk.13.attn_q.bias
create_tensor: loading tensor blk.13.attn_k.bias
create_tensor: loading tensor blk.13.attn_v.bias
create_tensor: loading tensor blk.13.attn_output.weight
create_tensor: loading tensor blk.13.attn_k_norm.weight
create_tensor: loading tensor blk.13.attn_q_norm.weight
create_tensor: loading tensor blk.13.ffn_norm.weight
create_tensor: loading tensor blk.13.ffn_gate.weight
create_tensor: loading tensor blk.13.ffn_down.weight
create_tensor: loading tensor blk.13.ffn_up.weight
create_tensor: loading tensor blk.14.attn_norm.weight
create_tensor: loading tensor blk.14.attn_qkv.weight
create_tensor: loading tensor blk.14.attn_q.weight
create_tensor: loading tensor blk.14.attn_k.weight
create_tensor: loading tensor blk.14.attn_v.weight
create_tensor: loading tensor blk.14.attn_q.bias
create_tensor: loading tensor blk.14.attn_k.bias
create_tensor: loading tensor blk.14.attn_v.bias
create_tensor: loading tensor blk.14.attn_output.weight
create_tensor: loading tensor blk.14.attn_k_norm.weight
create_tensor: loading tensor blk.14.attn_q_norm.weight
create_tensor: loading tensor blk.14.ffn_norm.weight
create_tensor: loading tensor blk.14.ffn_gate.weight
create_tensor: loading tensor blk.14.ffn_down.weight
create_tensor: loading tensor blk.14.ffn_up.weight
create_tensor: loading tensor blk.15.attn_norm.weight
create_tensor: loading tensor blk.15.attn_qkv.weight
create_tensor: loading tensor blk.15.attn_q.weight
create_tensor: loading tensor blk.15.attn_k.weight
create_tensor: loading tensor blk.15.attn_v.weight
create_tensor: loading tensor blk.15.attn_q.bias
create_tensor: loading tensor blk.15.attn_k.bias
create_tensor: loading tensor blk.15.attn_v.bias
create_tensor: loading tensor blk.15.attn_output.weight
create_tensor: loading tensor blk.15.attn_k_norm.weight
create_tensor: loading tensor blk.15.attn_q_norm.weight
create_tensor: loading tensor blk.15.ffn_norm.weight
create_tensor: loading tensor blk.15.ffn_gate.weight
create_tensor: loading tensor blk.15.ffn_down.weight
create_tensor: loading tensor blk.15.ffn_up.weight
create_tensor: loading tensor blk.16.attn_norm.weight
create_tensor: loading tensor blk.16.attn_qkv.weight
create_tensor: loading tensor blk.16.attn_q.weight
create_tensor: loading tensor blk.16.attn_k.weight
create_tensor: loading tensor blk.16.attn_v.weight
create_tensor: loading tensor blk.16.attn_q.bias
create_tensor: loading tensor blk.16.attn_k.bias
create_tensor: loading tensor blk.16.attn_v.bias
create_tensor: loading tensor blk.16.attn_output.weight
create_tensor: loading tensor blk.16.attn_k_norm.weight
create_tensor: loading tensor blk.16.attn_q_norm.weight
create_tensor: loading tensor blk.16.ffn_norm.weight
create_tensor: loading tensor blk.16.ffn_gate.weight
create_tensor: loading tensor blk.16.ffn_down.weight
create_tensor: loading tensor blk.16.ffn_up.weight
create_tensor: loading tensor blk.17.attn_norm.weight
create_tensor: loading tensor blk.17.attn_qkv.weight
create_tensor: loading tensor blk.17.attn_q.weight
create_tensor: loading tensor blk.17.attn_k.weight
create_tensor: loading tensor blk.17.attn_v.weight
create_tensor: loading tensor blk.17.attn_q.bias
create_tensor: loading tensor blk.17.attn_k.bias
create_tensor: loading tensor blk.17.attn_v.bias
create_tensor: loading tensor blk.17.attn_output.weight
create_tensor: loading tensor blk.17.attn_k_norm.weight
create_tensor: loading tensor blk.17.attn_q_norm.weight
create_tensor: loading tensor blk.17.ffn_norm.weight
create_tensor: loading tensor blk.17.ffn_gate.weight
create_tensor: loading tensor blk.17.ffn_down.weight
create_tensor: loading tensor blk.17.ffn_up.weight
create_tensor: loading tensor blk.18.attn_norm.weight
create_tensor: loading tensor blk.18.attn_qkv.weight
create_tensor: loading tensor blk.18.attn_q.weight
create_tensor: loading tensor blk.18.attn_k.weight
create_tensor: loading tensor blk.18.attn_v.weight
create_tensor: loading tensor blk.18.attn_q.bias
create_tensor: loading tensor blk.18.attn_k.bias
create_tensor: loading tensor blk.18.attn_v.bias
create_tensor: loading tensor blk.18.attn_output.weight
create_tensor: loading tensor blk.18.attn_k_norm.weight
create_tensor: loading tensor blk.18.attn_q_norm.weight
create_tensor: loading tensor blk.18.ffn_norm.weight
create_tensor: loading tensor blk.18.ffn_gate.weight
create_tensor: loading tensor blk.18.ffn_down.weight
create_tensor: loading tensor blk.18.ffn_up.weight
create_tensor: loading tensor blk.19.attn_norm.weight
create_tensor: loading tensor blk.19.attn_qkv.weight
create_tensor: loading tensor blk.19.attn_q.weight
create_tensor: loading tensor blk.19.attn_k.weight
create_tensor: loading tensor blk.19.attn_v.weight
create_tensor: loading tensor blk.19.attn_q.bias
create_tensor: loading tensor blk.19.attn_k.bias
create_tensor: loading tensor blk.19.attn_v.bias
create_tensor: loading tensor blk.19.attn_output.weight
create_tensor: loading tensor blk.19.attn_k_norm.weight
create_tensor: loading tensor blk.19.attn_q_norm.weight
create_tensor: loading tensor blk.19.ffn_norm.weight
create_tensor: loading tensor blk.19.ffn_gate.weight
create_tensor: loading tensor blk.19.ffn_down.weight
create_tensor: loading tensor blk.19.ffn_up.weight
create_tensor: loading tensor blk.20.attn_norm.weight
create_tensor: loading tensor blk.20.attn_qkv.weight
create_tensor: loading tensor blk.20.attn_q.weight
create_tensor: loading tensor blk.20.attn_k.weight
create_tensor: loading tensor blk.20.attn_v.weight
create_tensor: loading tensor blk.20.attn_q.bias
create_tensor: loading tensor blk.20.attn_k.bias
create_tensor: loading tensor blk.20.attn_v.bias
create_tensor: loading tensor blk.20.attn_output.weight
create_tensor: loading tensor blk.20.attn_k_norm.weight
create_tensor: loading tensor blk.20.attn_q_norm.weight
create_tensor: loading tensor blk.20.ffn_norm.weight
create_tensor: loading tensor blk.20.ffn_gate.weight
create_tensor: loading tensor blk.20.ffn_down.weight
create_tensor: loading tensor blk.20.ffn_up.weight
create_tensor: loading tensor blk.21.attn_norm.weight
create_tensor: loading tensor blk.21.attn_qkv.weight
create_tensor: loading tensor blk.21.attn_q.weight
create_tensor: loading tensor blk.21.attn_k.weight
create_tensor: loading tensor blk.21.attn_v.weight
create_tensor: loading tensor blk.21.attn_q.bias
create_tensor: loading tensor blk.21.attn_k.bias
create_tensor: loading tensor blk.21.attn_v.bias
create_tensor: loading tensor blk.21.attn_output.weight
create_tensor: loading tensor blk.21.attn_k_norm.weight
create_tensor: loading tensor blk.21.attn_q_norm.weight
create_tensor: loading tensor blk.21.ffn_norm.weight
create_tensor: loading tensor blk.21.ffn_gate.weight
create_tensor: loading tensor blk.21.ffn_down.weight
create_tensor: loading tensor blk.21.ffn_up.weight
create_tensor: loading tensor blk.22.attn_norm.weight
create_tensor: loading tensor blk.22.attn_qkv.weight
create_tensor: loading tensor blk.22.attn_q.weight
create_tensor: loading tensor blk.22.attn_k.weight
create_tensor: loading tensor blk.22.attn_v.weight
create_tensor: loading tensor blk.22.attn_q.bias
create_tensor: loading tensor blk.22.attn_k.bias
create_tensor: loading tensor blk.22.attn_v.bias
create_tensor: loading tensor blk.22.attn_output.weight
create_tensor: loading tensor blk.22.attn_k_norm.weight
create_tensor: loading tensor blk.22.attn_q_norm.weight
create_tensor: loading tensor blk.22.ffn_norm.weight
create_tensor: loading tensor blk.22.ffn_gate.weight
create_tensor: loading tensor blk.22.ffn_down.weight
create_tensor: loading tensor blk.22.ffn_up.weight
create_tensor: loading tensor blk.23.attn_norm.weight
create_tensor: loading tensor blk.23.attn_qkv.weight
create_tensor: loading tensor blk.23.attn_q.weight
create_tensor: loading tensor blk.23.attn_k.weight
create_tensor: loading tensor blk.23.attn_v.weight
create_tensor: loading tensor blk.23.attn_q.bias
create_tensor: loading tensor blk.23.attn_k.bias
create_tensor: loading tensor blk.23.attn_v.bias
create_tensor: loading tensor blk.23.attn_output.weight
create_tensor: loading tensor blk.23.attn_k_norm.weight
create_tensor: loading tensor blk.23.attn_q_norm.weight
create_tensor: loading tensor blk.23.ffn_norm.weight
create_tensor: loading tensor blk.23.ffn_gate.weight
create_tensor: loading tensor blk.23.ffn_down.weight
create_tensor: loading tensor blk.23.ffn_up.weight
create_tensor: loading tensor blk.24.attn_norm.weight
create_tensor: loading tensor blk.24.attn_qkv.weight
create_tensor: loading tensor blk.24.attn_q.weight
create_tensor: loading tensor blk.24.attn_k.weight
create_tensor: loading tensor blk.24.attn_v.weight
create_tensor: loading tensor blk.24.attn_q.bias
create_tensor: loading tensor blk.24.attn_k.bias
create_tensor: loading tensor blk.24.attn_v.bias
create_tensor: loading tensor blk.24.attn_output.weight
create_tensor: loading tensor blk.24.attn_k_norm.weight
create_tensor: loading tensor blk.24.attn_q_norm.weight
create_tensor: loading tensor blk.24.ffn_norm.weight
create_tensor: loading tensor blk.24.ffn_gate.weight
create_tensor: loading tensor blk.24.ffn_down.weight
create_tensor: loading tensor blk.24.ffn_up.weight
create_tensor: loading tensor blk.25.attn_norm.weight
create_tensor: loading tensor blk.25.attn_qkv.weight
create_tensor: loading tensor blk.25.attn_q.weight
create_tensor: loading tensor blk.25.attn_k.weight
create_tensor: loading tensor blk.25.attn_v.weight
create_tensor: loading tensor blk.25.attn_q.bias
create_tensor: loading tensor blk.25.attn_k.bias
create_tensor: loading tensor blk.25.attn_v.bias
create_tensor: loading tensor blk.25.attn_output.weight
create_tensor: loading tensor blk.25.attn_k_norm.weight
create_tensor: loading tensor blk.25.attn_q_norm.weight
create_tensor: loading tensor blk.25.ffn_norm.weight
create_tensor: loading tensor blk.25.ffn_gate.weight
create_tensor: loading tensor blk.25.ffn_down.weight
create_tensor: loading tensor blk.25.ffn_up.weight
create_tensor: loading tensor blk.26.attn_norm.weight
create_tensor: loading tensor blk.26.attn_qkv.weight
create_tensor: loading tensor blk.26.attn_q.weight
create_tensor: loading tensor blk.26.attn_k.weight
create_tensor: loading tensor blk.26.attn_v.weight
create_tensor: loading tensor blk.26.attn_q.bias
create_tensor: loading tensor blk.26.attn_k.bias
create_tensor: loading tensor blk.26.attn_v.bias
create_tensor: loading tensor blk.26.attn_output.weight
create_tensor: loading tensor blk.26.attn_k_norm.weight
create_tensor: loading tensor blk.26.attn_q_norm.weight
create_tensor: loading tensor blk.26.ffn_norm.weight
create_tensor: loading tensor blk.26.ffn_gate.weight
create_tensor: loading tensor blk.26.ffn_down.weight
create_tensor: loading tensor blk.26.ffn_up.weight
create_tensor: loading tensor blk.27.attn_norm.weight
create_tensor: loading tensor blk.27.attn_qkv.weight
create_tensor: loading tensor blk.27.attn_q.weight
create_tensor: loading tensor blk.27.attn_k.weight
create_tensor: loading tensor blk.27.attn_v.weight
create_tensor: loading tensor blk.27.attn_q.bias
create_tensor: loading tensor blk.27.attn_k.bias
create_tensor: loading tensor blk.27.attn_v.bias
create_tensor: loading tensor blk.27.attn_output.weight
create_tensor: loading tensor blk.27.attn_k_norm.weight
create_tensor: loading tensor blk.27.attn_q_norm.weight
create_tensor: loading tensor blk.27.ffn_norm.weight
create_tensor: loading tensor blk.27.ffn_gate.weight
create_tensor: loading tensor blk.27.ffn_down.weight
create_tensor: loading tensor blk.27.ffn_up.weight
create_tensor: loading tensor blk.0.attn_q.scale
create_tensor: loading tensor blk.0.attn_k.scale
create_tensor: loading tensor blk.0.attn_v.scale
create_tensor: loading tensor blk.0.attn_output.scale
create_tensor: loading tensor blk.0.ffn_gate.scale
create_tensor: loading tensor blk.0.ffn_down.scale
create_tensor: loading tensor blk.0.ffn_up.scale
create_tensor: loading tensor blk.0.attn_q.input_scale
create_tensor: loading tensor blk.0.attn_k.input_scale
create_tensor: loading tensor blk.0.attn_v.input_scale
create_tensor: loading tensor blk.0.attn_output.input_scale
create_tensor: loading tensor blk.0.ffn_gate.input_scale
create_tensor: loading tensor blk.0.ffn_down.input_scale
create_tensor: loading tensor blk.0.ffn_up.input_scale
create_tensor: loading tensor blk.1.attn_q.scale
create_tensor: loading tensor blk.1.attn_k.scale
create_tensor: loading tensor blk.1.attn_v.scale
create_tensor: loading tensor blk.1.attn_output.scale
create_tensor: loading tensor blk.1.ffn_gate.scale
create_tensor: loading tensor blk.1.ffn_down.scale
create_tensor: loading tensor blk.1.ffn_up.scale
create_tensor: loading tensor blk.1.attn_q.input_scale
create_tensor: loading tensor blk.1.attn_k.input_scale
create_tensor: loading tensor blk.1.attn_v.input_scale
create_tensor: loading tensor blk.1.attn_output.input_scale
create_tensor: loading tensor blk.1.ffn_gate.input_scale
create_tensor: loading tensor blk.1.ffn_down.input_scale
create_tensor: loading tensor blk.1.ffn_up.input_scale
create_tensor: loading tensor blk.2.attn_q.scale
create_tensor: loading tensor blk.2.attn_k.scale
create_tensor: loading tensor blk.2.attn_v.scale
create_tensor: loading tensor blk.2.attn_output.scale
create_tensor: loading tensor blk.2.ffn_gate.scale
create_tensor: loading tensor blk.2.ffn_down.scale
create_tensor: loading tensor blk.2.ffn_up.scale
create_tensor: loading tensor blk.2.attn_q.input_scale
create_tensor: loading tensor blk.2.attn_k.input_scale
create_tensor: loading tensor blk.2.attn_v.input_scale
create_tensor: loading tensor blk.2.attn_output.input_scale
create_tensor: loading tensor blk.2.ffn_gate.input_scale
create_tensor: loading tensor blk.2.ffn_down.input_scale
create_tensor: loading tensor blk.2.ffn_up.input_scale
create_tensor: loading tensor blk.3.attn_q.scale
create_tensor: loading tensor blk.3.attn_k.scale
create_tensor: loading tensor blk.3.attn_v.scale
create_tensor: loading tensor blk.3.attn_output.scale
create_tensor: loading tensor blk.3.ffn_gate.scale
create_tensor: loading tensor blk.3.ffn_down.scale
create_tensor: loading tensor blk.3.ffn_up.scale
create_tensor: loading tensor blk.3.attn_q.input_scale
create_tensor: loading tensor blk.3.attn_k.input_scale
create_tensor: loading tensor blk.3.attn_v.input_scale
create_tensor: loading tensor blk.3.attn_output.input_scale
create_tensor: loading tensor blk.3.ffn_gate.input_scale
create_tensor: loading tensor blk.3.ffn_down.input_scale
create_tensor: loading tensor blk.3.ffn_up.input_scale
create_tensor: loading tensor blk.4.attn_q.scale
create_tensor: loading tensor blk.4.attn_k.scale
create_tensor: loading tensor blk.4.attn_v.scale
create_tensor: loading tensor blk.4.attn_output.scale
create_tensor: loading tensor blk.4.ffn_gate.scale
create_tensor: loading tensor blk.4.ffn_down.scale
create_tensor: loading tensor blk.4.ffn_up.scale
create_tensor: loading tensor blk.4.attn_q.input_scale
create_tensor: loading tensor blk.4.attn_k.input_scale
create_tensor: loading tensor blk.4.attn_v.input_scale
create_tensor: loading tensor blk.4.attn_output.input_scale
create_tensor: loading tensor blk.4.ffn_gate.input_scale
create_tensor: loading tensor blk.4.ffn_down.input_scale
create_tensor: loading tensor blk.4.ffn_up.input_scale
create_tensor: loading tensor blk.5.attn_q.scale
create_tensor: loading tensor blk.5.attn_k.scale
create_tensor: loading tensor blk.5.attn_v.scale
create_tensor: loading tensor blk.5.attn_output.scale
create_tensor: loading tensor blk.5.ffn_gate.scale
create_tensor: loading tensor blk.5.ffn_down.scale
create_tensor: loading tensor blk.5.ffn_up.scale
create_tensor: loading tensor blk.5.attn_q.input_scale
create_tensor: loading tensor blk.5.attn_k.input_scale
create_tensor: loading tensor blk.5.attn_v.input_scale
create_tensor: loading tensor blk.5.attn_output.input_scale
create_tensor: loading tensor blk.5.ffn_gate.input_scale
create_tensor: loading tensor blk.5.ffn_down.input_scale
create_tensor: loading tensor blk.5.ffn_up.input_scale
create_tensor: loading tensor blk.6.attn_q.scale
create_tensor: loading tensor blk.6.attn_k.scale
create_tensor: loading tensor blk.6.attn_v.scale
create_tensor: loading tensor blk.6.attn_output.scale
create_tensor: loading tensor blk.6.ffn_gate.scale
create_tensor: loading tensor blk.6.ffn_down.scale
create_tensor: loading tensor blk.6.ffn_up.scale
create_tensor: loading tensor blk.6.attn_q.input_scale
create_tensor: loading tensor blk.6.attn_k.input_scale
create_tensor: loading tensor blk.6.attn_v.input_scale
create_tensor: loading tensor blk.6.attn_output.input_scale
create_tensor: loading tensor blk.6.ffn_gate.input_scale
create_tensor: loading tensor blk.6.ffn_down.input_scale
create_tensor: loading tensor blk.6.ffn_up.input_scale
create_tensor: loading tensor blk.7.attn_q.scale
create_tensor: loading tensor blk.7.attn_k.scale
create_tensor: loading tensor blk.7.attn_v.scale
create_tensor: loading tensor blk.7.attn_output.scale
create_tensor: loading tensor blk.7.ffn_gate.scale
create_tensor: loading tensor blk.7.ffn_down.scale
create_tensor: loading tensor blk.7.ffn_up.scale
create_tensor: loading tensor blk.7.attn_q.input_scale
create_tensor: loading tensor blk.7.attn_k.input_scale
create_tensor: loading tensor blk.7.attn_v.input_scale
create_tensor: loading tensor blk.7.attn_output.input_scale
create_tensor: loading tensor blk.7.ffn_gate.input_scale
create_tensor: loading tensor blk.7.ffn_down.input_scale
create_tensor: loading tensor blk.7.ffn_up.input_scale
create_tensor: loading tensor blk.8.attn_q.scale
create_tensor: loading tensor blk.8.attn_k.scale
create_tensor: loading tensor blk.8.attn_v.scale
create_tensor: loading tensor blk.8.attn_output.scale
create_tensor: loading tensor blk.8.ffn_gate.scale
create_tensor: loading tensor blk.8.ffn_down.scale
create_tensor: loading tensor blk.8.ffn_up.scale
create_tensor: loading tensor blk.8.attn_q.input_scale
create_tensor: loading tensor blk.8.attn_k.input_scale
create_tensor: loading tensor blk.8.attn_v.input_scale
create_tensor: loading tensor blk.8.attn_output.input_scale
create_tensor: loading tensor blk.8.ffn_gate.input_scale
create_tensor: loading tensor blk.8.ffn_down.input_scale
create_tensor: loading tensor blk.8.ffn_up.input_scale
create_tensor: loading tensor blk.9.attn_q.scale
create_tensor: loading tensor blk.9.attn_k.scale
create_tensor: loading tensor blk.9.attn_v.scale
create_tensor: loading tensor blk.9.attn_output.scale
create_tensor: loading tensor blk.9.ffn_gate.scale
create_tensor: loading tensor blk.9.ffn_down.scale
create_tensor: loading tensor blk.9.ffn_up.scale
create_tensor: loading tensor blk.9.attn_q.input_scale
create_tensor: loading tensor blk.9.attn_k.input_scale
create_tensor: loading tensor blk.9.attn_v.input_scale
create_tensor: loading tensor blk.9.attn_output.input_scale
create_tensor: loading tensor blk.9.ffn_gate.input_scale
create_tensor: loading tensor blk.9.ffn_down.input_scale
create_tensor: loading tensor blk.9.ffn_up.input_scale
create_tensor: loading tensor blk.10.attn_q.scale
create_tensor: loading tensor blk.10.attn_k.scale
create_tensor: loading tensor blk.10.attn_v.scale
create_tensor: loading tensor blk.10.attn_output.scale
create_tensor: loading tensor blk.10.ffn_gate.scale
create_tensor: loading tensor blk.10.ffn_down.scale
create_tensor: loading tensor blk.10.ffn_up.scale
create_tensor: loading tensor blk.10.attn_q.input_scale
create_tensor: loading tensor blk.10.attn_k.input_scale
create_tensor: loading tensor blk.10.attn_v.input_scale
create_tensor: loading tensor blk.10.attn_output.input_scale
create_tensor: loading tensor blk.10.ffn_gate.input_scale
create_tensor: loading tensor blk.10.ffn_down.input_scale
create_tensor: loading tensor blk.10.ffn_up.input_scale
create_tensor: loading tensor blk.11.attn_q.scale
create_tensor: loading tensor blk.11.attn_k.scale
create_tensor: loading tensor blk.11.attn_v.scale
create_tensor: loading tensor blk.11.attn_output.scale
create_tensor: loading tensor blk.11.ffn_gate.scale
create_tensor: loading tensor blk.11.ffn_down.scale
create_tensor: loading tensor blk.11.ffn_up.scale
create_tensor: loading tensor blk.11.attn_q.input_scale
create_tensor: loading tensor blk.11.attn_k.input_scale
create_tensor: loading tensor blk.11.attn_v.input_scale
create_tensor: loading tensor blk.11.attn_output.input_scale
create_tensor: loading tensor blk.11.ffn_gate.input_scale
create_tensor: loading tensor blk.11.ffn_down.input_scale
create_tensor: loading tensor blk.11.ffn_up.input_scale
create_tensor: loading tensor blk.12.attn_q.scale
create_tensor: loading tensor blk.12.attn_k.scale
create_tensor: loading tensor blk.12.attn_v.scale
create_tensor: loading tensor blk.12.attn_output.scale
create_tensor: loading tensor blk.12.ffn_gate.scale
create_tensor: loading tensor blk.12.ffn_down.scale
create_tensor: loading tensor blk.12.ffn_up.scale
create_tensor: loading tensor blk.12.attn_q.input_scale
create_tensor: loading tensor blk.12.attn_k.input_scale
create_tensor: loading tensor blk.12.attn_v.input_scale
create_tensor: loading tensor blk.12.attn_output.input_scale
create_tensor: loading tensor blk.12.ffn_gate.input_scale
create_tensor: loading tensor blk.12.ffn_down.input_scale
create_tensor: loading tensor blk.12.ffn_up.input_scale
create_tensor: loading tensor blk.13.attn_q.scale
create_tensor: loading tensor blk.13.attn_k.scale
create_tensor: loading tensor blk.13.attn_v.scale
create_tensor: loading tensor blk.13.attn_output.scale
create_tensor: loading tensor blk.13.ffn_gate.scale
create_tensor: loading tensor blk.13.ffn_down.scale
create_tensor: loading tensor blk.13.ffn_up.scale
create_tensor: loading tensor blk.13.attn_q.input_scale
create_tensor: loading tensor blk.13.attn_k.input_scale
create_tensor: loading tensor blk.13.attn_v.input_scale
create_tensor: loading tensor blk.13.attn_output.input_scale
create_tensor: loading tensor blk.13.ffn_gate.input_scale
create_tensor: loading tensor blk.13.ffn_down.input_scale
create_tensor: loading tensor blk.13.ffn_up.input_scale
create_tensor: loading tensor blk.14.attn_q.scale
create_tensor: loading tensor blk.14.attn_k.scale
create_tensor: loading tensor blk.14.attn_v.scale
create_tensor: loading tensor blk.14.attn_output.scale
create_tensor: loading tensor blk.14.ffn_gate.scale
create_tensor: loading tensor blk.14.ffn_down.scale
create_tensor: loading tensor blk.14.ffn_up.scale
create_tensor: loading tensor blk.14.attn_q.input_scale
create_tensor: loading tensor blk.14.attn_k.input_scale
create_tensor: loading tensor blk.14.attn_v.input_scale
create_tensor: loading tensor blk.14.attn_output.input_scale
create_tensor: loading tensor blk.14.ffn_gate.input_scale
create_tensor: loading tensor blk.14.ffn_down.input_scale
create_tensor: loading tensor blk.14.ffn_up.input_scale
create_tensor: loading tensor blk.15.attn_q.scale
create_tensor: loading tensor blk.15.attn_k.scale
create_tensor: loading tensor blk.15.attn_v.scale
create_tensor: loading tensor blk.15.attn_output.scale
create_tensor: loading tensor blk.15.ffn_gate.scale
create_tensor: loading tensor blk.15.ffn_down.scale
create_tensor: loading tensor blk.15.ffn_up.scale
create_tensor: loading tensor blk.15.attn_q.input_scale
create_tensor: loading tensor blk.15.attn_k.input_scale
create_tensor: loading tensor blk.15.attn_v.input_scale
create_tensor: loading tensor blk.15.attn_output.input_scale
create_tensor: loading tensor blk.15.ffn_gate.input_scale
create_tensor: loading tensor blk.15.ffn_down.input_scale
create_tensor: loading tensor blk.15.ffn_up.input_scale
create_tensor: loading tensor blk.16.attn_q.scale
create_tensor: loading tensor blk.16.attn_k.scale
create_tensor: loading tensor blk.16.attn_v.scale
create_tensor: loading tensor blk.16.attn_output.scale
create_tensor: loading tensor blk.16.ffn_gate.scale
create_tensor: loading tensor blk.16.ffn_down.scale
create_tensor: loading tensor blk.16.ffn_up.scale
create_tensor: loading tensor blk.16.attn_q.input_scale
create_tensor: loading tensor blk.16.attn_k.input_scale
create_tensor: loading tensor blk.16.attn_v.input_scale
create_tensor: loading tensor blk.16.attn_output.input_scale
create_tensor: loading tensor blk.16.ffn_gate.input_scale
create_tensor: loading tensor blk.16.ffn_down.input_scale
create_tensor: loading tensor blk.16.ffn_up.input_scale
create_tensor: loading tensor blk.17.attn_q.scale
create_tensor: loading tensor blk.17.attn_k.scale
create_tensor: loading tensor blk.17.attn_v.scale
create_tensor: loading tensor blk.17.attn_output.scale
create_tensor: loading tensor blk.17.ffn_gate.scale
create_tensor: loading tensor blk.17.ffn_down.scale
create_tensor: loading tensor blk.17.ffn_up.scale
create_tensor: loading tensor blk.17.attn_q.input_scale
create_tensor: loading tensor blk.17.attn_k.input_scale
create_tensor: loading tensor blk.17.attn_v.input_scale
create_tensor: loading tensor blk.17.attn_output.input_scale
create_tensor: loading tensor blk.17.ffn_gate.input_scale
create_tensor: loading tensor blk.17.ffn_down.input_scale
create_tensor: loading tensor blk.17.ffn_up.input_scale
create_tensor: loading tensor blk.18.attn_q.scale
create_tensor: loading tensor blk.18.attn_k.scale
create_tensor: loading tensor blk.18.attn_v.scale
create_tensor: loading tensor blk.18.attn_output.scale
create_tensor: loading tensor blk.18.ffn_gate.scale
create_tensor: loading tensor blk.18.ffn_down.scale
create_tensor: loading tensor blk.18.ffn_up.scale
create_tensor: loading tensor blk.18.attn_q.input_scale
create_tensor: loading tensor blk.18.attn_k.input_scale
create_tensor: loading tensor blk.18.attn_v.input_scale
create_tensor: loading tensor blk.18.attn_output.input_scale
create_tensor: loading tensor blk.18.ffn_gate.input_scale
create_tensor: loading tensor blk.18.ffn_down.input_scale
create_tensor: loading tensor blk.18.ffn_up.input_scale
create_tensor: loading tensor blk.19.attn_q.scale
create_tensor: loading tensor blk.19.attn_k.scale
create_tensor: loading tensor blk.19.attn_v.scale
create_tensor: loading tensor blk.19.attn_output.scale
create_tensor: loading tensor blk.19.ffn_gate.scale
create_tensor: loading tensor blk.19.ffn_down.scale
create_tensor: loading tensor blk.19.ffn_up.scale
create_tensor: loading tensor blk.19.attn_q.input_scale
create_tensor: loading tensor blk.19.attn_k.input_scale
create_tensor: loading tensor blk.19.attn_v.input_scale
create_tensor: loading tensor blk.19.attn_output.input_scale
create_tensor: loading tensor blk.19.ffn_gate.input_scale
create_tensor: loading tensor blk.19.ffn_down.input_scale
create_tensor: loading tensor blk.19.ffn_up.input_scale
create_tensor: loading tensor blk.20.attn_q.scale
create_tensor: loading tensor blk.20.attn_k.scale
create_tensor: loading tensor blk.20.attn_v.scale
create_tensor: loading tensor blk.20.attn_output.scale
create_tensor: loading tensor blk.20.ffn_gate.scale
create_tensor: loading tensor blk.20.ffn_down.scale
create_tensor: loading tensor blk.20.ffn_up.scale
create_tensor: loading tensor blk.20.attn_q.input_scale
create_tensor: loading tensor blk.20.attn_k.input_scale
create_tensor: loading tensor blk.20.attn_v.input_scale
create_tensor: loading tensor blk.20.attn_output.input_scale
create_tensor: loading tensor blk.20.ffn_gate.input_scale
create_tensor: loading tensor blk.20.ffn_down.input_scale
create_tensor: loading tensor blk.20.ffn_up.input_scale
create_tensor: loading tensor blk.21.attn_q.scale
create_tensor: loading tensor blk.21.attn_k.scale
create_tensor: loading tensor blk.21.attn_v.scale
create_tensor: loading tensor blk.21.attn_output.scale
create_tensor: loading tensor blk.21.ffn_gate.scale
create_tensor: loading tensor blk.21.ffn_down.scale
create_tensor: loading tensor blk.21.ffn_up.scale
create_tensor: loading tensor blk.21.attn_q.input_scale
create_tensor: loading tensor blk.21.attn_k.input_scale
create_tensor: loading tensor blk.21.attn_v.input_scale
create_tensor: loading tensor blk.21.attn_output.input_scale
create_tensor: loading tensor blk.21.ffn_gate.input_scale
create_tensor: loading tensor blk.21.ffn_down.input_scale
create_tensor: loading tensor blk.21.ffn_up.input_scale
create_tensor: loading tensor blk.22.attn_q.scale
create_tensor: loading tensor blk.22.attn_k.scale
create_tensor: loading tensor blk.22.attn_v.scale
create_tensor: loading tensor blk.22.attn_output.scale
create_tensor: loading tensor blk.22.ffn_gate.scale
create_tensor: loading tensor blk.22.ffn_down.scale
create_tensor: loading tensor blk.22.ffn_up.scale
create_tensor: loading tensor blk.22.attn_q.input_scale
create_tensor: loading tensor blk.22.attn_k.input_scale
create_tensor: loading tensor blk.22.attn_v.input_scale
create_tensor: loading tensor blk.22.attn_output.input_scale
create_tensor: loading tensor blk.22.ffn_gate.input_scale
create_tensor: loading tensor blk.22.ffn_down.input_scale
create_tensor: loading tensor blk.22.ffn_up.input_scale
create_tensor: loading tensor blk.23.attn_q.scale
create_tensor: loading tensor blk.23.attn_k.scale
create_tensor: loading tensor blk.23.attn_v.scale
create_tensor: loading tensor blk.23.attn_output.scale
create_tensor: loading tensor blk.23.ffn_gate.scale
create_tensor: loading tensor blk.23.ffn_down.scale
create_tensor: loading tensor blk.23.ffn_up.scale
create_tensor: loading tensor blk.23.attn_q.input_scale
create_tensor: loading tensor blk.23.attn_k.input_scale
create_tensor: loading tensor blk.23.attn_v.input_scale
create_tensor: loading tensor blk.23.attn_output.input_scale
create_tensor: loading tensor blk.23.ffn_gate.input_scale
create_tensor: loading tensor blk.23.ffn_down.input_scale
create_tensor: loading tensor blk.23.ffn_up.input_scale
create_tensor: loading tensor blk.24.attn_q.scale
create_tensor: loading tensor blk.24.attn_k.scale
create_tensor: loading tensor blk.24.attn_v.scale
create_tensor: loading tensor blk.24.attn_output.scale
create_tensor: loading tensor blk.24.ffn_gate.scale
create_tensor: loading tensor blk.24.ffn_down.scale
create_tensor: loading tensor blk.24.ffn_up.scale
create_tensor: loading tensor blk.24.attn_q.input_scale
create_tensor: loading tensor blk.24.attn_k.input_scale
create_tensor: loading tensor blk.24.attn_v.input_scale
create_tensor: loading tensor blk.24.attn_output.input_scale
create_tensor: loading tensor blk.24.ffn_gate.input_scale
create_tensor: loading tensor blk.24.ffn_down.input_scale
create_tensor: loading tensor blk.24.ffn_up.input_scale
create_tensor: loading tensor blk.25.attn_q.scale
create_tensor: loading tensor blk.25.attn_k.scale
create_tensor: loading tensor blk.25.attn_v.scale
create_tensor: loading tensor blk.25.attn_output.scale
create_tensor: loading tensor blk.25.ffn_gate.scale
create_tensor: loading tensor blk.25.ffn_down.scale
create_tensor: loading tensor blk.25.ffn_up.scale
create_tensor: loading tensor blk.25.attn_q.input_scale
create_tensor: loading tensor blk.25.attn_k.input_scale
create_tensor: loading tensor blk.25.attn_v.input_scale
create_tensor: loading tensor blk.25.attn_output.input_scale
create_tensor: loading tensor blk.25.ffn_gate.input_scale
create_tensor: loading tensor blk.25.ffn_down.input_scale
create_tensor: loading tensor blk.25.ffn_up.input_scale
create_tensor: loading tensor blk.26.attn_q.scale
create_tensor: loading tensor blk.26.attn_k.scale
create_tensor: loading tensor blk.26.attn_v.scale
create_tensor: loading tensor blk.26.attn_output.scale
create_tensor: loading tensor blk.26.ffn_gate.scale
create_tensor: loading tensor blk.26.ffn_down.scale
create_tensor: loading tensor blk.26.ffn_up.scale
create_tensor: loading tensor blk.26.attn_q.input_scale
create_tensor: loading tensor blk.26.attn_k.input_scale
create_tensor: loading tensor blk.26.attn_v.input_scale
create_tensor: loading tensor blk.26.attn_output.input_scale
create_tensor: loading tensor blk.26.ffn_gate.input_scale
create_tensor: loading tensor blk.26.ffn_down.input_scale
create_tensor: loading tensor blk.26.ffn_up.input_scale
create_tensor: loading tensor blk.27.attn_q.scale
create_tensor: loading tensor blk.27.attn_k.scale
create_tensor: loading tensor blk.27.attn_v.scale
create_tensor: loading tensor blk.27.attn_output.scale
create_tensor: loading tensor blk.27.ffn_gate.scale
create_tensor: loading tensor blk.27.ffn_down.scale
create_tensor: loading tensor blk.27.ffn_up.scale
create_tensor: loading tensor blk.27.attn_q.input_scale
create_tensor: loading tensor blk.27.attn_k.input_scale
create_tensor: loading tensor blk.27.attn_v.input_scale
create_tensor: loading tensor blk.27.attn_output.input_scale
create_tensor: loading tensor blk.27.ffn_gate.input_scale
create_tensor: loading tensor blk.27.ffn_down.input_scale
create_tensor: loading tensor blk.27.ffn_up.input_scale
done_getting_tensors: tensor 'token_embd.weight' (q8_0) (and 0 others) cannot be used with preferred buffer type CPU_REPACK, using CPU instead
ggml_metal_log_allocated_size: allocated buffer, size =   604.16 MiB, (  604.59 / 24576.00)
load_tensors: offloading output layer to GPU
load_tensors: offloading 27 repeating layers to GPU
load_tensors: offloaded 29/29 layers to GPU
load_tensors:   CPU_Mapped model buffer size =   157.65 MiB
load_tensors:  MTL0_Mapped model buffer size =   604.15 MiB
.............................................................
llama_context: constructing llama_context
llama_context: n_seq_max             = 1
llama_context: n_ctx                 = 4096
llama_context: n_ctx_seq             = 4096
llama_context: n_batch               = 2048
llama_context: n_ubatch              = 512
llama_context: causal_attn           = 1
llama_context: flash_attn            = enabled
llama_context: kv_unified            = false
llama_context: freq_base             = 1000000.0
llama_context: freq_scale            = 1
llama_context: n_rs_seq              = 0
llama_context: n_outputs_max         = 2048
llama_context: n_outputs_max_per_seq = 1
llama_context: n_ctx_seq (4096) < n_ctx_train (40960) -- the full capacity of the model will not be utilized
ggml_metal_init: allocating
ggml_metal_init: found device: Apple M5
ggml_metal_init: picking default device: Apple M5
ggml_metal_init: use fusion         = true
ggml_metal_init: use concurrency    = true
ggml_metal_init: use graph optimize = true
set_abort_callback: call
llama_context:        CPU  output buffer size =     0.58 MiB
llama_kv_cache: layer   0: dev = MTL0
llama_kv_cache: layer   1: dev = MTL0
llama_kv_cache: layer   2: dev = MTL0
llama_kv_cache: layer   3: dev = MTL0
llama_kv_cache: layer   4: dev = MTL0
llama_kv_cache: layer   5: dev = MTL0
llama_kv_cache: layer   6: dev = MTL0
llama_kv_cache: layer   7: dev = MTL0
llama_kv_cache: layer   8: dev = MTL0
llama_kv_cache: layer   9: dev = MTL0
llama_kv_cache: layer  10: dev = MTL0
llama_kv_cache: layer  11: dev = MTL0
llama_kv_cache: layer  12: dev = MTL0
llama_kv_cache: layer  13: dev = MTL0
llama_kv_cache: layer  14: dev = MTL0
llama_kv_cache: layer  15: dev = MTL0
llama_kv_cache: layer  16: dev = MTL0
llama_kv_cache: layer  17: dev = MTL0
llama_kv_cache: layer  18: dev = MTL0
llama_kv_cache: layer  19: dev = MTL0
llama_kv_cache: layer  20: dev = MTL0
llama_kv_cache: layer  21: dev = MTL0
llama_kv_cache: layer  22: dev = MTL0
llama_kv_cache: layer  23: dev = MTL0
llama_kv_cache: layer  24: dev = MTL0
llama_kv_cache: layer  25: dev = MTL0
llama_kv_cache: layer  26: dev = MTL0
llama_kv_cache: layer  27: dev = MTL0
llama_kv_cache:       MTL0 KV buffer size =   448.00 MiB
llama_kv_cache: size =  448.00 MiB (  4096 cells,  28 layers,  1/1 seqs), K (bf16):  224.00 MiB, V (bf16):  224.00 MiB
llama_kv_cache: attn_rot_k = 0, n_embd_head_k_all = 128
llama_kv_cache: attn_rot_v = 0, n_embd_head_k_all = 128
llama_context: enumerating backends
llama_context: backend_ptrs.size() = 3
sched_reserve: reserving ...
sched_reserve: max_nodes = 2488
sched_reserve: reserving full memory module
sched_reserve: worst-case: n_tokens = 512, n_seqs = 1, n_outputs = 1
resolve_fused_ops: resolving fused DeepSeek V4 HC support:
graph_reserve: reserving a graph for ubatch with n_tokens =    1, n_seqs =  1, n_outputs =    1
llama_graph_n_input_tensors: input tensor '                         out_ids' [i32, ne = {     1,     1,     1,     1 }] is used by node 'node_973' (GET_ROWS)
llama_graph_n_input_tensors: input tensor '                         out_ids' [i32, ne = {     1,     1,     1,     1 }] is used by node 'node_974' (GET_ROWS)
llama_graph_n_input_tensors: input tensor '                attn_inp_kq_mask' [f16, ne = {  4096,     1,     1,     1 }] is used by node 'node_25' (FLASH_ATTN_EXT)
llama_graph_n_input_tensors: input tensor '                attn_inp_kq_mask' [f16, ne = {  4096,     1,     1,     1 }] is used by node 'node_60' (FLASH_ATTN_EXT)
llama_graph_n_input_tensors: input tensor '                attn_inp_kq_mask' [f16, ne = {  4096,     1,     1,     1 }] is used by node 'node_95' (FLASH_ATTN_EXT)
llama_graph_n_input_tensors: input tensor '                attn_inp_kq_mask' [f16, ne = {  4096,     1,     1,     1 }] is used by node 'node_130' (FLASH_ATTN_EXT)
llama_graph_n_input_tensors: input tensor '                attn_inp_kq_mask' [f16, ne = {  4096,     1,     1,     1 }] is used by node 'node_165' (FLASH_ATTN_EXT)
llama_graph_n_input_tensors: input tensor '                attn_inp_kq_mask' [f16, ne = {  4096,     1,     1,     1 }] is used by node 'node_200' (FLASH_ATTN_EXT)
llama_graph_n_input_tensors: input tensor '                attn_inp_kq_mask' [f16, ne = {  4096,     1,     1,     1 }] is used by node 'node_235' (FLASH_ATTN_EXT)
llama_graph_n_input_tensors: input tensor '                attn_inp_kq_mask' [f16, ne = {  4096,     1,     1,     1 }] is used by node 'node_270' (FLASH_ATTN_EXT)
llama_graph_n_input_tensors: input tensor '                attn_inp_kq_mask' [f16, ne = {  4096,     1,     1,     1 }] is used by node 'node_305' (FLASH_ATTN_EXT)
llama_graph_n_input_tensors: input tensor '                attn_inp_kq_mask' [f16, ne = {  4096,     1,     1,     1 }] is used by node 'node_340' (FLASH_ATTN_EXT)
llama_graph_n_input_tensors: input tensor '                attn_inp_kq_mask' [f16, ne = {  4096,     1,     1,     1 }] is used by node 'node_375' (FLASH_ATTN_EXT)
llama_graph_n_input_tensors: input tensor '                attn_inp_kq_mask' [f16, ne = {  4096,     1,     1,     1 }] is used by node 'node_410' (FLASH_ATTN_EXT)
llama_graph_n_input_tensors: input tensor '                attn_inp_kq_mask' [f16, ne = {  4096,     1,     1,     1 }] is used by node 'node_445' (FLASH_ATTN_EXT)
llama_graph_n_input_tensors: input tensor '                attn_inp_kq_mask' [f16, ne = {  4096,     1,     1,     1 }] is used by node 'node_480' (FLASH_ATTN_EXT)
llama_graph_n_input_tensors: input tensor '                attn_inp_kq_mask' [f16, ne = {  4096,     1,     1,     1 }] is used by node 'node_515' (FLASH_ATTN_EXT)
llama_graph_n_input_tensors: input tensor '                attn_inp_kq_mask' [f16, ne = {  4096,     1,     1,     1 }] is used by node 'node_550' (FLASH_ATTN_EXT)
llama_graph_n_input_tensors: input tensor '                attn_inp_kq_mask' [f16, ne = {  4096,     1,     1,     1 }] is used by node 'node_585' (FLASH_ATTN_EXT)
llama_graph_n_input_tensors: input tensor '                attn_inp_kq_mask' [f16, ne = {  4096,     1,     1,     1 }] is used by node 'node_620' (FLASH_ATTN_EXT)
llama_graph_n_input_tensors: input tensor '                attn_inp_kq_mask' [f16, ne = {  4096,     1,     1,     1 }] is used by node 'node_655' (FLASH_ATTN_EXT)
llama_graph_n_input_tensors: input tensor '                attn_inp_kq_mask' [f16, ne = {  4096,     1,     1,     1 }] is used by node 'node_690' (FLASH_ATTN_EXT)
llama_graph_n_input_tensors: input tensor '                attn_inp_kq_mask' [f16, ne = {  4096,     1,     1,     1 }] is used by node 'node_725' (FLASH_ATTN_EXT)
llama_graph_n_input_tensors: input tensor '                attn_inp_kq_mask' [f16, ne = {  4096,     1,     1,     1 }] is used by node 'node_760' (FLASH_ATTN_EXT)
llama_graph_n_input_tensors: input tensor '                attn_inp_kq_mask' [f16, ne = {  4096,     1,     1,     1 }] is used by node 'node_795' (FLASH_ATTN_EXT)
llama_graph_n_input_tensors: input tensor '                attn_inp_kq_mask' [f16, ne = {  4096,     1,     1,     1 }] is used by node 'node_830' (FLASH_ATTN_EXT)
llama_graph_n_input_tensors: input tensor '                attn_inp_kq_mask' [f16, ne = {  4096,     1,     1,     1 }] is used by node 'node_865' (FLASH_ATTN_EXT)
llama_graph_n_input_tensors: input tensor '                attn_inp_kq_mask' [f16, ne = {  4096,     1,     1,     1 }] is used by node 'node_900' (FLASH_ATTN_EXT)
llama_graph_n_input_tensors: input tensor '                attn_inp_kq_mask' [f16, ne = {  4096,     1,     1,     1 }] is used by node 'node_935' (FLASH_ATTN_EXT)
llama_graph_n_input_tensors: input tensor '                attn_inp_kq_mask' [f16, ne = {  4096,     1,     1,     1 }] is used by node 'node_970' (FLASH_ATTN_EXT)
llama_graph_n_input_tensors: input tensor '                 attn_inp_k_idxs' [i64, ne = {     1,     1,     1,     1 }] is used by node 'cache_k_l0 (view)' (SET_ROWS)
llama_graph_n_input_tensors: input tensor '                 attn_inp_k_idxs' [i64, ne = {     1,     1,     1,     1 }] is used by node 'cache_k_l1 (view)' (SET_ROWS)
llama_graph_n_input_tensors: input tensor '                 attn_inp_k_idxs' [i64, ne = {     1,     1,     1,     1 }] is used by node 'cache_k_l2 (view)' (SET_ROWS)
llama_graph_n_input_tensors: input tensor '                 attn_inp_k_idxs' [i64, ne = {     1,     1,     1,     1 }] is used by node 'cache_k_l3 (view)' (SET_ROWS)
llama_graph_n_input_tensors: input tensor '                 attn_inp_k_idxs' [i64, ne = {     1,     1,     1,     1 }] is used by node 'cache_k_l4 (view)' (SET_ROWS)
llama_graph_n_input_tensors: input tensor '                 attn_inp_k_idxs' [i64, ne = {     1,     1,     1,     1 }] is used by node 'cache_k_l5 (view)' (SET_ROWS)
llama_graph_n_input_tensors: input tensor '                 attn_inp_k_idxs' [i64, ne = {     1,     1,     1,     1 }] is used by node 'cache_k_l6 (view)' (SET_ROWS)
llama_graph_n_input_tensors: input tensor '                 attn_inp_k_idxs' [i64, ne = {     1,     1,     1,     1 }] is used by node 'cache_k_l7 (view)' (SET_ROWS)
llama_graph_n_input_tensors: input tensor '                 attn_inp_k_idxs' [i64, ne = {     1,     1,     1,     1 }] is used by node 'cache_k_l8 (view)' (SET_ROWS)
llama_graph_n_input_tensors: input tensor '                 attn_inp_k_idxs' [i64, ne = {     1,     1,     1,     1 }] is used by node 'cache_k_l9 (view)' (SET_ROWS)
llama_graph_n_input_tensors: input tensor '                 attn_inp_k_idxs' [i64, ne = {     1,     1,     1,     1 }] is used by node 'cache_k_l10 (view)' (SET_ROWS)
llama_graph_n_input_tensors: input tensor '                 attn_inp_k_idxs' [i64, ne = {     1,     1,     1,     1 }] is used by node 'cache_k_l11 (view)' (SET_ROWS)
llama_graph_n_input_tensors: input tensor '                 attn_inp_k_idxs' [i64, ne = {     1,     1,     1,     1 }] is used by node 'cache_k_l12 (view)' (SET_ROWS)
llama_graph_n_input_tensors: input tensor '                 attn_inp_k_idxs' [i64, ne = {     1,     1,     1,     1 }] is used by node 'cache_k_l13 (view)' (SET_ROWS)
llama_graph_n_input_tensors: input tensor '                 attn_inp_k_idxs' [i64, ne = {     1,     1,     1,     1 }] is used by node 'cache_k_l14 (view)' (SET_ROWS)
llama_graph_n_input_tensors: input tensor '                 attn_inp_k_idxs' [i64, ne = {     1,     1,     1,     1 }] is used by node 'cache_k_l15 (view)' (SET_ROWS)
llama_graph_n_input_tensors: input tensor '                 attn_inp_k_idxs' [i64, ne = {     1,     1,     1,     1 }] is used by node 'cache_k_l16 (view)' (SET_ROWS)
llama_graph_n_input_tensors: input tensor '                 attn_inp_k_idxs' [i64, ne = {     1,     1,     1,     1 }] is used by node 'cache_k_l17 (view)' (SET_ROWS)
llama_graph_n_input_tensors: input tensor '                 attn_inp_k_idxs' [i64, ne = {     1,     1,     1,     1 }] is used by node 'cache_k_l18 (view)' (SET_ROWS)
llama_graph_n_input_tensors: input tensor '                 attn_inp_k_idxs' [i64, ne = {     1,     1,     1,     1 }] is used by node 'cache_k_l19 (view)' (SET_ROWS)
llama_graph_n_input_tensors: input tensor '                 attn_inp_k_idxs' [i64, ne = {     1,     1,     1,     1 }] is used by node 'cache_k_l20 (view)' (SET_ROWS)
llama_graph_n_input_tensors: input tensor '                 attn_inp_k_idxs' [i64, ne = {     1,     1,     1,     1 }] is used by node 'cache_k_l21 (view)' (SET_ROWS)
llama_graph_n_input_tensors: input tensor '                 attn_inp_k_idxs' [i64, ne = {     1,     1,     1,     1 }] is used by node 'cache_k_l22 (view)' (SET_ROWS)
llama_graph_n_input_tensors: input tensor '                 attn_inp_k_idxs' [i64, ne = {     1,     1,     1,     1 }] is used by node 'cache_k_l23 (view)' (SET_ROWS)
llama_graph_n_input_tensors: input tensor '                 attn_inp_k_idxs' [i64, ne = {     1,     1,     1,     1 }] is used by node 'cache_k_l24 (view)' (SET_ROWS)
llama_graph_n_input_tensors: input tensor '                 attn_inp_k_idxs' [i64, ne = {     1,     1,     1,     1 }] is used by node 'cache_k_l25 (view)' (SET_ROWS)
llama_graph_n_input_tensors: input tensor '                 attn_inp_k_idxs' [i64, ne = {     1,     1,     1,     1 }] is used by node 'cache_k_l26 (view)' (SET_ROWS)
llama_graph_n_input_tensors: input tensor '                 attn_inp_k_idxs' [i64, ne = {     1,     1,     1,     1 }] is used by node 'cache_k_l27 (view)' (SET_ROWS)
llama_graph_n_input_tensors: input tensor '                         inp_pos' [i32, ne = {     1,     1,     1,     1 }] is used by node 'Qcur-0' (ROPE)
llama_graph_n_input_tensors: input tensor '                         inp_pos' [i32, ne = {     1,     1,     1,     1 }] is used by node 'Kcur-0' (ROPE)
llama_graph_n_input_tensors: input tensor '                         inp_pos' [i32, ne = {     1,     1,     1,     1 }] is used by node 'Qcur-1' (ROPE)
llama_graph_n_input_tensors: input tensor '                         inp_pos' [i32, ne = {     1,     1,     1,     1 }] is used by node 'Kcur-1' (ROPE)
llama_graph_n_input_tensors: input tensor '                         inp_pos' [i32, ne = {     1,     1,     1,     1 }] is used by node 'Qcur-2' (ROPE)
llama_graph_n_input_tensors: input tensor '                         inp_pos' [i32, ne = {     1,     1,     1,     1 }] is used by node 'Kcur-2' (ROPE)
llama_graph_n_input_tensors: input tensor '                         inp_pos' [i32, ne = {     1,     1,     1,     1 }] is used by node 'Qcur-3' (ROPE)
llama_graph_n_input_tensors: input tensor '                         inp_pos' [i32, ne = {     1,     1,     1,     1 }] is used by node 'Kcur-3' (ROPE)
llama_graph_n_input_tensors: input tensor '                         inp_pos' [i32, ne = {     1,     1,     1,     1 }] is used by node 'Qcur-4' (ROPE)
llama_graph_n_input_tensors: input tensor '                         inp_pos' [i32, ne = {     1,     1,     1,     1 }] is used by node 'Kcur-4' (ROPE)
llama_graph_n_input_tensors: input tensor '                         inp_pos' [i32, ne = {     1,     1,     1,     1 }] is used by node 'Qcur-5' (ROPE)
llama_graph_n_input_tensors: input tensor '                         inp_pos' [i32, ne = {     1,     1,     1,     1 }] is used by node 'Kcur-5' (ROPE)
llama_graph_n_input_tensors: input tensor '                         inp_pos' [i32, ne = {     1,     1,     1,     1 }] is used by node 'Qcur-6' (ROPE)
llama_graph_n_input_tensors: input tensor '                         inp_pos' [i32, ne = {     1,     1,     1,     1 }] is used by node 'Kcur-6' (ROPE)
llama_graph_n_input_tensors: input tensor '                         inp_pos' [i32, ne = {     1,     1,     1,     1 }] is used by node 'Qcur-7' (ROPE)
llama_graph_n_input_tensors: input tensor '                         inp_pos' [i32, ne = {     1,     1,     1,     1 }] is used by node 'Kcur-7' (ROPE)
llama_graph_n_input_tensors: input tensor '                         inp_pos' [i32, ne = {     1,     1,     1,     1 }] is used by node 'Qcur-8' (ROPE)
llama_graph_n_input_tensors: input tensor '                         inp_pos' [i32, ne = {     1,     1,     1,     1 }] is used by node 'Kcur-8' (ROPE)
llama_graph_n_input_tensors: input tensor '                         inp_pos' [i32, ne = {     1,     1,     1,     1 }] is used by node 'Qcur-9' (ROPE)
llama_graph_n_input_tensors: input tensor '                         inp_pos' [i32, ne = {     1,     1,     1,     1 }] is used by node 'Kcur-9' (ROPE)
llama_graph_n_input_tensors: input tensor '                         inp_pos' [i32, ne = {     1,     1,     1,     1 }] is used by node 'Qcur-10' (ROPE)
llama_graph_n_input_tensors: input tensor '                         inp_pos' [i32, ne = {     1,     1,     1,     1 }] is used by node 'Kcur-10' (ROPE)
llama_graph_n_input_tensors: input tensor '                         inp_pos' [i32, ne = {     1,     1,     1,     1 }] is used by node 'Qcur-11' (ROPE)
llama_graph_n_input_tensors: input tensor '                         inp_pos' [i32, ne = {     1,     1,     1,     1 }] is used by node 'Kcur-11' (ROPE)
llama_graph_n_input_tensors: input tensor '                         inp_pos' [i32, ne = {     1,     1,     1,     1 }] is used by node 'Qcur-12' (ROPE)
llama_graph_n_input_tensors: input tensor '                         inp_pos' [i32, ne = {     1,     1,     1,     1 }] is used by node 'Kcur-12' (ROPE)
llama_graph_n_input_tensors: input tensor '                         inp_pos' [i32, ne = {     1,     1,     1,     1 }] is used by node 'Qcur-13' (ROPE)
llama_graph_n_input_tensors: input tensor '                         inp_pos' [i32, ne = {     1,     1,     1,     1 }] is used by node 'Kcur-13' (ROPE)
llama_graph_n_input_tensors: input tensor '                         inp_pos' [i32, ne = {     1,     1,     1,     1 }] is used by node 'Qcur-14' (ROPE)
llama_graph_n_input_tensors: input tensor '                         inp_pos' [i32, ne = {     1,     1,     1,     1 }] is used by node 'Kcur-14' (ROPE)
llama_graph_n_input_tensors: input tensor '                         inp_pos' [i32, ne = {     1,     1,     1,     1 }] is used by node 'Qcur-15' (ROPE)
llama_graph_n_input_tensors: input tensor '                         inp_pos' [i32, ne = {     1,     1,     1,     1 }] is used by node 'Kcur-15' (ROPE)
llama_graph_n_input_tensors: input tensor '                         inp_pos' [i32, ne = {     1,     1,     1,     1 }] is used by node 'Qcur-16' (ROPE)
llama_graph_n_input_tensors: input tensor '                         inp_pos' [i32, ne = {     1,     1,     1,     1 }] is used by node 'Kcur-16' (ROPE)
llama_graph_n_input_tensors: input tensor '                         inp_pos' [i32, ne = {     1,     1,     1,     1 }] is used by node 'Qcur-17' (ROPE)
llama_graph_n_input_tensors: input tensor '                         inp_pos' [i32, ne = {     1,     1,     1,     1 }] is used by node 'Kcur-17' (ROPE)
llama_graph_n_input_tensors: input tensor '                         inp_pos' [i32, ne = {     1,     1,     1,     1 }] is used by node 'Qcur-18' (ROPE)
llama_graph_n_input_tensors: input tensor '                         inp_pos' [i32, ne = {     1,     1,     1,     1 }] is used by node 'Kcur-18' (ROPE)
llama_graph_n_input_tensors: input tensor '                         inp_pos' [i32, ne = {     1,     1,     1,     1 }] is used by node 'Qcur-19' (ROPE)
llama_graph_n_input_tensors: input tensor '                         inp_pos' [i32, ne = {     1,     1,     1,     1 }] is used by node 'Kcur-19' (ROPE)
llama_graph_n_input_tensors: input tensor '                         inp_pos' [i32, ne = {     1,     1,     1,     1 }] is used by node 'Qcur-20' (ROPE)
llama_graph_n_input_tensors: input tensor '                         inp_pos' [i32, ne = {     1,     1,     1,     1 }] is used by node 'Kcur-20' (ROPE)
llama_graph_n_input_tensors: input tensor '                         inp_pos' [i32, ne = {     1,     1,     1,     1 }] is used by node 'Qcur-21' (ROPE)
llama_graph_n_input_tensors: input tensor '                         inp_pos' [i32, ne = {     1,     1,     1,     1 }] is used by node 'Kcur-21' (ROPE)
llama_graph_n_input_tensors: input tensor '                         inp_pos' [i32, ne = {     1,     1,     1,     1 }] is used by node 'Qcur-22' (ROPE)
llama_graph_n_input_tensors: input tensor '                         inp_pos' [i32, ne = {     1,     1,     1,     1 }] is used by node 'Kcur-22' (ROPE)
llama_graph_n_input_tensors: input tensor '                         inp_pos' [i32, ne = {     1,     1,     1,     1 }] is used by node 'Qcur-23' (ROPE)
llama_graph_n_input_tensors: input tensor '                         inp_pos' [i32, ne = {     1,     1,     1,     1 }] is used by node 'Kcur-23' (ROPE)
llama_graph_n_input_tensors: input tensor '                         inp_pos' [i32, ne = {     1,     1,     1,     1 }] is used by node 'Qcur-24' (ROPE)
llama_graph_n_input_tensors: input tensor '                         inp_pos' [i32, ne = {     1,     1,     1,     1 }] is used by node 'Kcur-24' (ROPE)
llama_graph_n_input_tensors: input tensor '                         inp_pos' [i32, ne = {     1,     1,     1,     1 }] is used by node 'Qcur-25' (ROPE)
llama_graph_n_input_tensors: input tensor '                         inp_pos' [i32, ne = {     1,     1,     1,     1 }] is used by node 'Kcur-25' (ROPE)
llama_graph_n_input_tensors: input tensor '                         inp_pos' [i32, ne = {     1,     1,     1,     1 }] is used by node 'Qcur-26' (ROPE)
llama_graph_n_input_tensors: input tensor '                         inp_pos' [i32, ne = {     1,     1,     1,     1 }] is used by node 'Kcur-26' (ROPE)
llama_graph_n_input_tensors: input tensor '                         inp_pos' [i32, ne = {     1,     1,     1,     1 }] is used by node 'Qcur-27' (ROPE)
llama_graph_n_input_tensors: input tensor '                         inp_pos' [i32, ne = {     1,     1,     1,     1 }] is used by node 'Kcur-27' (ROPE)
llama_graph_n_input_tensors: input tensor '                 attn_inp_v_idxs' [i64, ne = {     1,     1,     1,     1 }] is used by node 'cache_v_l0 (view)' (SET_ROWS)
llama_graph_n_input_tensors: input tensor '                 attn_inp_v_idxs' [i64, ne = {     1,     1,     1,     1 }] is used by node 'cache_v_l1 (view)' (SET_ROWS)
llama_graph_n_input_tensors: input tensor '                 attn_inp_v_idxs' [i64, ne = {     1,     1,     1,     1 }] is used by node 'cache_v_l2 (view)' (SET_ROWS)
llama_graph_n_input_tensors: input tensor '                 attn_inp_v_idxs' [i64, ne = {     1,     1,     1,     1 }] is used by node 'cache_v_l3 (view)' (SET_ROWS)
llama_graph_n_input_tensors: input tensor '                 attn_inp_v_idxs' [i64, ne = {     1,     1,     1,     1 }] is used by node 'cache_v_l4 (view)' (SET_ROWS)
llama_graph_n_input_tensors: input tensor '                 attn_inp_v_idxs' [i64, ne = {     1,     1,     1,     1 }] is used by node 'cache_v_l5 (view)' (SET_ROWS)
llama_graph_n_input_tensors: input tensor '                 attn_inp_v_idxs' [i64, ne = {     1,     1,     1,     1 }] is used by node 'cache_v_l6 (view)' (SET_ROWS)
llama_graph_n_input_tensors: input tensor '                 attn_inp_v_idxs' [i64, ne = {     1,     1,     1,     1 }] is used by node 'cache_v_l7 (view)' (SET_ROWS)
llama_graph_n_input_tensors: input tensor '                 attn_inp_v_idxs' [i64, ne = {     1,     1,     1,     1 }] is used by node 'cache_v_l8 (view)' (SET_ROWS)
llama_graph_n_input_tensors: input tensor '                 attn_inp_v_idxs' [i64, ne = {     1,     1,     1,     1 }] is used by node 'cache_v_l9 (view)' (SET_ROWS)
llama_graph_n_input_tensors: input tensor '                 attn_inp_v_idxs' [i64, ne = {     1,     1,     1,     1 }] is used by node 'cache_v_l10 (view)' (SET_ROWS)
llama_graph_n_input_tensors: input tensor '                 attn_inp_v_idxs' [i64, ne = {     1,     1,     1,     1 }] is used by node 'cache_v_l11 (view)' (SET_ROWS)
llama_graph_n_input_tensors: input tensor '                 attn_inp_v_idxs' [i64, ne = {     1,     1,     1,     1 }] is used by node 'cache_v_l12 (view)' (SET_ROWS)
llama_graph_n_input_tensors: input tensor '                 attn_inp_v_idxs' [i64, ne = {     1,     1,     1,     1 }] is used by node 'cache_v_l13 (view)' (SET_ROWS)
llama_graph_n_input_tensors: input tensor '                 attn_inp_v_idxs' [i64, ne = {     1,     1,     1,     1 }] is used by node 'cache_v_l14 (view)' (SET_ROWS)
llama_graph_n_input_tensors: input tensor '                 attn_inp_v_idxs' [i64, ne = {     1,     1,     1,     1 }] is used by node 'cache_v_l15 (view)' (SET_ROWS)
llama_graph_n_input_tensors: input tensor '                 attn_inp_v_idxs' [i64, ne = {     1,     1,     1,     1 }] is used by node 'cache_v_l16 (view)' (SET_ROWS)
llama_graph_n_input_tensors: input tensor '                 attn_inp_v_idxs' [i64, ne = {     1,     1,     1,     1 }] is used by node 'cache_v_l17 (view)' (SET_ROWS)
llama_graph_n_input_tensors: input tensor '                 attn_inp_v_idxs' [i64, ne = {     1,     1,     1,     1 }] is used by node 'cache_v_l18 (view)' (SET_ROWS)
llama_graph_n_input_tensors: input tensor '                 attn_inp_v_idxs' [i64, ne = {     1,     1,     1,     1 }] is used by node 'cache_v_l19 (view)' (SET_ROWS)
llama_graph_n_input_tensors: input tensor '                 attn_inp_v_idxs' [i64, ne = {     1,     1,     1,     1 }] is used by node 'cache_v_l20 (view)' (SET_ROWS)
llama_graph_n_input_tensors: input tensor '                 attn_inp_v_idxs' [i64, ne = {     1,     1,     1,     1 }] is used by node 'cache_v_l21 (view)' (SET_ROWS)
llama_graph_n_input_tensors: input tensor '                 attn_inp_v_idxs' [i64, ne = {     1,     1,     1,     1 }] is used by node 'cache_v_l22 (view)' (SET_ROWS)
llama_graph_n_input_tensors: input tensor '                 attn_inp_v_idxs' [i64, ne = {     1,     1,     1,     1 }] is used by node 'cache_v_l23 (view)' (SET_ROWS)
llama_graph_n_input_tensors: input tensor '                 attn_inp_v_idxs' [i64, ne = {     1,     1,     1,     1 }] is used by node 'cache_v_l24 (view)' (SET_ROWS)
llama_graph_n_input_tensors: input tensor '                 attn_inp_v_idxs' [i64, ne = {     1,     1,     1,     1 }] is used by node 'cache_v_l25 (view)' (SET_ROWS)
llama_graph_n_input_tensors: input tensor '                 attn_inp_v_idxs' [i64, ne = {     1,     1,     1,     1 }] is used by node 'cache_v_l26 (view)' (SET_ROWS)
llama_graph_n_input_tensors: input tensor '                 attn_inp_v_idxs' [i64, ne = {     1,     1,     1,     1 }] is used by node 'cache_v_l27 (view)' (SET_ROWS)
llama_graph_n_input_tensors: input tensor '                      inp_tokens' [i32, ne = {     1,     1,     1,     1 }] is used by node 'embd' (GET_ROWS)
resolve_fused_ops: fused DeepSeek V4 HC pre enabled
graph_reserve: reserving a graph for ubatch with n_tokens =    1, n_seqs =  1, n_outputs =    1
llama_graph_n_input_tensors: input tensor '                         out_ids' [i32, ne = {     1,     1,     1,     1 }] is used by node 'node_973' (GET_ROWS)
llama_graph_n_input_tensors: input tensor '                         out_ids' [i32, ne = {     1,     1,     1,     1 }] is used by node 'node_974' (GET_ROWS)
llama_graph_n_input_tensors: input tensor '                attn_inp_kq_mask' [f16, ne = {  4096,     1,     1,     1 }] is used by node 'node_25' (FLASH_ATTN_EXT)
llama_graph_n_input_tensors: input tensor '                attn_inp_kq_mask' [f16, ne = {  4096,     1,     1,     1 }] is used by node 'node_60' (FLASH_ATTN_EXT)
llama_graph_n_input_tensors: input tensor '                attn_inp_kq_mask' [f16, ne = {  4096,     1,     1,     1 }] is used by node 'node_95' (FLASH_ATTN_EXT)
llama_graph_n_input_tensors: input tensor '                attn_inp_kq_mask' [f16, ne = {  4096,     1,     1,     1 }] is used by node 'node_130' (FLASH_ATTN_EXT)
llama_graph_n_input_tensors: input tensor '                attn_inp_kq_mask' [f16, ne = {  4096,     1,     1,     1 }] is used by node 'node_165' (FLASH_ATTN_EXT)
llama_graph_n_input_tensors: input tensor '                attn_inp_kq_mask' [f16, ne = {  4096,     1,     1,     1 }] is used by node 'node_200' (FLASH_ATTN_EXT)
llama_graph_n_input_tensors: input tensor '                attn_inp_kq_mask' [f16, ne = {  4096,     1,     1,     1 }] is used by node 'node_235' (FLASH_ATTN_EXT)
llama_graph_n_input_tensors: input tensor '                attn_inp_kq_mask' [f16, ne = {  4096,     1,     1,     1 }] is used by node 'node_270' (FLASH_ATTN_EXT)
llama_graph_n_input_tensors: input tensor '                attn_inp_kq_mask' [f16, ne = {  4096,     1,     1,     1 }] is used by node 'node_305' (FLASH_ATTN_EXT)
llama_graph_n_input_tensors: input tensor '                attn_inp_kq_mask' [f16, ne = {  4096,     1,     1,     1 }] is used by node 'node_340' (FLASH_ATTN_EXT)
llama_graph_n_input_tensors: input tensor '                attn_inp_kq_mask' [f16, ne = {  4096,     1,     1,     1 }] is used by node 'node_375' (FLASH_ATTN_EXT)
llama_graph_n_input_tensors: input tensor '                attn_inp_kq_mask' [f16, ne = {  4096,     1,     1,     1 }] is used by node 'node_410' (FLASH_ATTN_EXT)
llama_graph_n_input_tensors: input tensor '                attn_inp_kq_mask' [f16, ne = {  4096,     1,     1,     1 }] is used by node 'node_445' (FLASH_ATTN_EXT)
llama_graph_n_input_tensors: input tensor '                attn_inp_kq_mask' [f16, ne = {  4096,     1,     1,     1 }] is used by node 'node_480' (FLASH_ATTN_EXT)
llama_graph_n_input_tensors: input tensor '                attn_inp_kq_mask' [f16, ne = {  4096,     1,     1,     1 }] is used by node 'node_515' (FLASH_ATTN_EXT)
llama_graph_n_input_tensors: input tensor '                attn_inp_kq_mask' [f16, ne = {  4096,     1,     1,     1 }] is used by node 'node_550' (FLASH_ATTN_EXT)
llama_graph_n_input_tensors: input tensor '                attn_inp_kq_mask' [f16, ne = {  4096,     1,     1,     1 }] is used by node 'node_585' (FLASH_ATTN_EXT)
llama_graph_n_input_tensors: input tensor '                attn_inp_kq_mask' [f16, ne = {  4096,     1,     1,     1 }] is used by node 'node_620' (FLASH_ATTN_EXT)
llama_graph_n_input_tensors: input tensor '                attn_inp_kq_mask' [f16, ne = {  4096,     1,     1,     1 }] is used by node 'node_655' (FLASH_ATTN_EXT)
llama_graph_n_input_tensors: input tensor '                attn_inp_kq_mask' [f16, ne = {  4096,     1,     1,     1 }] is used by node 'node_690' (FLASH_ATTN_EXT)
llama_graph_n_input_tensors: input tensor '                attn_inp_kq_mask' [f16, ne = {  4096,     1,     1,     1 }] is used by node 'node_725' (FLASH_ATTN_EXT)
llama_graph_n_input_tensors: input tensor '                attn_inp_kq_mask' [f16, ne = {  4096,     1,     1,     1 }] is used by node 'node_760' (FLASH_ATTN_EXT)
llama_graph_n_input_tensors: input tensor '                attn_inp_kq_mask' [f16, ne = {  4096,     1,     1,     1 }] is used by node 'node_795' (FLASH_ATTN_EXT)
llama_graph_n_input_tensors: input tensor '                attn_inp_kq_mask' [f16, ne = {  4096,     1,     1,     1 }] is used by node 'node_830' (FLASH_ATTN_EXT)
llama_graph_n_input_tensors: input tensor '                attn_inp_kq_mask' [f16, ne = {  4096,     1,     1,     1 }] is used by node 'node_865' (FLASH_ATTN_EXT)
llama_graph_n_input_tensors: input tensor '                attn_inp_kq_mask' [f16, ne = {  4096,     1,     1,     1 }] is used by node 'node_900' (FLASH_ATTN_EXT)
llama_graph_n_input_tensors: input tensor '                attn_inp_kq_mask' [f16, ne = {  4096,     1,     1,     1 }] is used by node 'node_935' (FLASH_ATTN_EXT)
llama_graph_n_input_tensors: input tensor '                attn_inp_kq_mask' [f16, ne = {  4096,     1,     1,     1 }] is used by node 'node_970' (FLASH_ATTN_EXT)
llama_graph_n_input_tensors: input tensor '                 attn_inp_k_idxs' [i64, ne = {     1,     1,     1,     1 }] is used by node 'cache_k_l0 (view)' (SET_ROWS)
llama_graph_n_input_tensors: input tensor '                 attn_inp_k_idxs' [i64, ne = {     1,     1,     1,     1 }] is used by node 'cache_k_l1 (view)' (SET_ROWS)
llama_graph_n_input_tensors: input tensor '                 attn_inp_k_idxs' [i64, ne = {     1,     1,     1,     1 }] is used by node 'cache_k_l2 (view)' (SET_ROWS)
llama_graph_n_input_tensors: input tensor '                 attn_inp_k_idxs' [i64, ne = {     1,     1,     1,     1 }] is used by node 'cache_k_l3 (view)' (SET_ROWS)
llama_graph_n_input_tensors: input tensor '                 attn_inp_k_idxs' [i64, ne = {     1,     1,     1,     1 }] is used by node 'cache_k_l4 (view)' (SET_ROWS)
llama_graph_n_input_tensors: input tensor '                 attn_inp_k_idxs' [i64, ne = {     1,     1,     1,     1 }] is used by node 'cache_k_l5 (view)' (SET_ROWS)
llama_graph_n_input_tensors: input tensor '                 attn_inp_k_idxs' [i64, ne = {     1,     1,     1,     1 }] is used by node 'cache_k_l6 (view)' (SET_ROWS)
llama_graph_n_input_tensors: input tensor '                 attn_inp_k_idxs' [i64, ne = {     1,     1,     1,     1 }] is used by node 'cache_k_l7 (view)' (SET_ROWS)
llama_graph_n_input_tensors: input tensor '                 attn_inp_k_idxs' [i64, ne = {     1,     1,     1,     1 }] is used by node 'cache_k_l8 (view)' (SET_ROWS)
llama_graph_n_input_tensors: input tensor '                 attn_inp_k_idxs' [i64, ne = {     1,     1,     1,     1 }] is used by node 'cache_k_l9 (view)' (SET_ROWS)
llama_graph_n_input_tensors: input tensor '                 attn_inp_k_idxs' [i64, ne = {     1,     1,     1,     1 }] is used by node 'cache_k_l10 (view)' (SET_ROWS)
llama_graph_n_input_tensors: input tensor '                 attn_inp_k_idxs' [i64, ne = {     1,     1,     1,     1 }] is used by node 'cache_k_l11 (view)' (SET_ROWS)
llama_graph_n_input_tensors: input tensor '                 attn_inp_k_idxs' [i64, ne = {     1,     1,     1,     1 }] is used by node 'cache_k_l12 (view)' (SET_ROWS)
llama_graph_n_input_tensors: input tensor '                 attn_inp_k_idxs' [i64, ne = {     1,     1,     1,     1 }] is used by node 'cache_k_l13 (view)' (SET_ROWS)
llama_graph_n_input_tensors: input tensor '                 attn_inp_k_idxs' [i64, ne = {     1,     1,     1,     1 }] is used by node 'cache_k_l14 (view)' (SET_ROWS)
llama_graph_n_input_tensors: input tensor '                 attn_inp_k_idxs' [i64, ne = {     1,     1,     1,     1 }] is used by node 'cache_k_l15 (view)' (SET_ROWS)
llama_graph_n_input_tensors: input tensor '                 attn_inp_k_idxs' [i64, ne = {     1,     1,     1,     1 }] is used by node 'cache_k_l16 (view)' (SET_ROWS)
llama_graph_n_input_tensors: input tensor '                 attn_inp_k_idxs' [i64, ne = {     1,     1,     1,     1 }] is used by node 'cache_k_l17 (view)' (SET_ROWS)
llama_graph_n_input_tensors: input tensor '                 attn_inp_k_idxs' [i64, ne = {     1,     1,     1,     1 }] is used by node 'cache_k_l18 (view)' (SET_ROWS)
llama_graph_n_input_tensors: input tensor '                 attn_inp_k_idxs' [i64, ne = {     1,     1,     1,     1 }] is used by node 'cache_k_l19 (view)' (SET_ROWS)
llama_graph_n_input_tensors: input tensor '                 attn_inp_k_idxs' [i64, ne = {     1,     1,     1,     1 }] is used by node 'cache_k_l20 (view)' (SET_ROWS)
llama_graph_n_input_tensors: input tensor '                 attn_inp_k_idxs' [i64, ne = {     1,     1,     1,     1 }] is used by node 'cache_k_l21 (view)' (SET_ROWS)
llama_graph_n_input_tensors: input tensor '                 attn_inp_k_idxs' [i64, ne = {     1,     1,     1,     1 }] is used by node 'cache_k_l22 (view)' (SET_ROWS)
llama_graph_n_input_tensors: input tensor '                 attn_inp_k_idxs' [i64, ne = {     1,     1,     1,     1 }] is used by node 'cache_k_l23 (view)' (SET_ROWS)
llama_graph_n_input_tensors: input tensor '                 attn_inp_k_idxs' [i64, ne = {     1,     1,     1,     1 }] is used by node 'cache_k_l24 (view)' (SET_ROWS)
llama_graph_n_input_tensors: input tensor '                 attn_inp_k_idxs' [i64, ne = {     1,     1,     1,     1 }] is used by node 'cache_k_l25 (view)' (SET_ROWS)
llama_graph_n_input_tensors: input tensor '                 attn_inp_k_idxs' [i64, ne = {     1,     1,     1,     1 }] is used by node 'cache_k_l26 (view)' (SET_ROWS)
llama_graph_n_input_tensors: input tensor '                 attn_inp_k_idxs' [i64, ne = {     1,     1,     1,     1 }] is used by node 'cache_k_l27 (view)' (SET_ROWS)
llama_graph_n_input_tensors: input tensor '                         inp_pos' [i32, ne = {     1,     1,     1,     1 }] is used by node 'Qcur-0' (ROPE)
llama_graph_n_input_tensors: input tensor '                         inp_pos' [i32, ne = {     1,     1,     1,     1 }] is used by node 'Kcur-0' (ROPE)
llama_graph_n_input_tensors: input tensor '                         inp_pos' [i32, ne = {     1,     1,     1,     1 }] is used by node 'Qcur-1' (ROPE)
llama_graph_n_input_tensors: input tensor '                         inp_pos' [i32, ne = {     1,     1,     1,     1 }] is used by node 'Kcur-1' (ROPE)
llama_graph_n_input_tensors: input tensor '                         inp_pos' [i32, ne = {     1,     1,     1,     1 }] is used by node 'Qcur-2' (ROPE)
llama_graph_n_input_tensors: input tensor '                         inp_pos' [i32, ne = {     1,     1,     1,     1 }] is used by node 'Kcur-2' (ROPE)
llama_graph_n_input_tensors: input tensor '                         inp_pos' [i32, ne = {     1,     1,     1,     1 }] is used by node 'Qcur-3' (ROPE)
llama_graph_n_input_tensors: input tensor '                         inp_pos' [i32, ne = {     1,     1,     1,     1 }] is used by node 'Kcur-3' (ROPE)
llama_graph_n_input_tensors: input tensor '                         inp_pos' [i32, ne = {     1,     1,     1,     1 }] is used by node 'Qcur-4' (ROPE)
llama_graph_n_input_tensors: input tensor '                         inp_pos' [i32, ne = {     1,     1,     1,     1 }] is used by node 'Kcur-4' (ROPE)
llama_graph_n_input_tensors: input tensor '                         inp_pos' [i32, ne = {     1,     1,     1,     1 }] is used by node 'Qcur-5' (ROPE)
llama_graph_n_input_tensors: input tensor '                         inp_pos' [i32, ne = {     1,     1,     1,     1 }] is used by node 'Kcur-5' (ROPE)
llama_graph_n_input_tensors: input tensor '                         inp_pos' [i32, ne = {     1,     1,     1,     1 }] is used by node 'Qcur-6' (ROPE)
llama_graph_n_input_tensors: input tensor '                         inp_pos' [i32, ne = {     1,     1,     1,     1 }] is used by node 'Kcur-6' (ROPE)
llama_graph_n_input_tensors: input tensor '                         inp_pos' [i32, ne = {     1,     1,     1,     1 }] is used by node 'Qcur-7' (ROPE)
llama_graph_n_input_tensors: input tensor '                         inp_pos' [i32, ne = {     1,     1,     1,     1 }] is used by node 'Kcur-7' (ROPE)
llama_graph_n_input_tensors: input tensor '                         inp_pos' [i32, ne = {     1,     1,     1,     1 }] is used by node 'Qcur-8' (ROPE)
llama_graph_n_input_tensors: input tensor '                         inp_pos' [i32, ne = {     1,     1,     1,     1 }] is used by node 'Kcur-8' (ROPE)
llama_graph_n_input_tensors: input tensor '                         inp_pos' [i32, ne = {     1,     1,     1,     1 }] is used by node 'Qcur-9' (ROPE)
llama_graph_n_input_tensors: input tensor '                         inp_pos' [i32, ne = {     1,     1,     1,     1 }] is used by node 'Kcur-9' (ROPE)
llama_graph_n_input_tensors: input tensor '                         inp_pos' [i32, ne = {     1,     1,     1,     1 }] is used by node 'Qcur-10' (ROPE)
llama_graph_n_input_tensors: input tensor '                         inp_pos' [i32, ne = {     1,     1,     1,     1 }] is used by node 'Kcur-10' (ROPE)
llama_graph_n_input_tensors: input tensor '                         inp_pos' [i32, ne = {     1,     1,     1,     1 }] is used by node 'Qcur-11' (ROPE)
llama_graph_n_input_tensors: input tensor '                         inp_pos' [i32, ne = {     1,     1,     1,     1 }] is used by node 'Kcur-11' (ROPE)
llama_graph_n_input_tensors: input tensor '                         inp_pos' [i32, ne = {     1,     1,     1,     1 }] is used by node 'Qcur-12' (ROPE)
llama_graph_n_input_tensors: input tensor '                         inp_pos' [i32, ne = {     1,     1,     1,     1 }] is used by node 'Kcur-12' (ROPE)
llama_graph_n_input_tensors: input tensor '                         inp_pos' [i32, ne = {     1,     1,     1,     1 }] is used by node 'Qcur-13' (ROPE)
llama_graph_n_input_tensors: input tensor '                         inp_pos' [i32, ne = {     1,     1,     1,     1 }] is used by node 'Kcur-13' (ROPE)
llama_graph_n_input_tensors: input tensor '                         inp_pos' [i32, ne = {     1,     1,     1,     1 }] is used by node 'Qcur-14' (ROPE)
llama_graph_n_input_tensors: input tensor '                         inp_pos' [i32, ne = {     1,     1,     1,     1 }] is used by node 'Kcur-14' (ROPE)
llama_graph_n_input_tensors: input tensor '                         inp_pos' [i32, ne = {     1,     1,     1,     1 }] is used by node 'Qcur-15' (ROPE)
llama_graph_n_input_tensors: input tensor '                         inp_pos' [i32, ne = {     1,     1,     1,     1 }] is used by node 'Kcur-15' (ROPE)
llama_graph_n_input_tensors: input tensor '                         inp_pos' [i32, ne = {     1,     1,     1,     1 }] is used by node 'Qcur-16' (ROPE)
llama_graph_n_input_tensors: input tensor '                         inp_pos' [i32, ne = {     1,     1,     1,     1 }] is used by node 'Kcur-16' (ROPE)
llama_graph_n_input_tensors: input tensor '                         inp_pos' [i32, ne = {     1,     1,     1,     1 }] is used by node 'Qcur-17' (ROPE)
llama_graph_n_input_tensors: input tensor '                         inp_pos' [i32, ne = {     1,     1,     1,     1 }] is used by node 'Kcur-17' (ROPE)
llama_graph_n_input_tensors: input tensor '                         inp_pos' [i32, ne = {     1,     1,     1,     1 }] is used by node 'Qcur-18' (ROPE)
llama_graph_n_input_tensors: input tensor '                         inp_pos' [i32, ne = {     1,     1,     1,     1 }] is used by node 'Kcur-18' (ROPE)
llama_graph_n_input_tensors: input tensor '                         inp_pos' [i32, ne = {     1,     1,     1,     1 }] is used by node 'Qcur-19' (ROPE)
llama_graph_n_input_tensors: input tensor '                         inp_pos' [i32, ne = {     1,     1,     1,     1 }] is used by node 'Kcur-19' (ROPE)
llama_graph_n_input_tensors: input tensor '                         inp_pos' [i32, ne = {     1,     1,     1,     1 }] is used by node 'Qcur-20' (ROPE)
llama_graph_n_input_tensors: input tensor '                         inp_pos' [i32, ne = {     1,     1,     1,     1 }] is used by node 'Kcur-20' (ROPE)
llama_graph_n_input_tensors: input tensor '                         inp_pos' [i32, ne = {     1,     1,     1,     1 }] is used by node 'Qcur-21' (ROPE)
llama_graph_n_input_tensors: input tensor '                         inp_pos' [i32, ne = {     1,     1,     1,     1 }] is used by node 'Kcur-21' (ROPE)
llama_graph_n_input_tensors: input tensor '                         inp_pos' [i32, ne = {     1,     1,     1,     1 }] is used by node 'Qcur-22' (ROPE)
llama_graph_n_input_tensors: input tensor '                         inp_pos' [i32, ne = {     1,     1,     1,     1 }] is used by node 'Kcur-22' (ROPE)
llama_graph_n_input_tensors: input tensor '                         inp_pos' [i32, ne = {     1,     1,     1,     1 }] is used by node 'Qcur-23' (ROPE)
llama_graph_n_input_tensors: input tensor '                         inp_pos' [i32, ne = {     1,     1,     1,     1 }] is used by node 'Kcur-23' (ROPE)
llama_graph_n_input_tensors: input tensor '                         inp_pos' [i32, ne = {     1,     1,     1,     1 }] is used by node 'Qcur-24' (ROPE)
llama_graph_n_input_tensors: input tensor '                         inp_pos' [i32, ne = {     1,     1,     1,     1 }] is used by node 'Kcur-24' (ROPE)
llama_graph_n_input_tensors: input tensor '                         inp_pos' [i32, ne = {     1,     1,     1,     1 }] is used by node 'Qcur-25' (ROPE)
llama_graph_n_input_tensors: input tensor '                         inp_pos' [i32, ne = {     1,     1,     1,     1 }] is used by node 'Kcur-25' (ROPE)
llama_graph_n_input_tensors: input tensor '                         inp_pos' [i32, ne = {     1,     1,     1,     1 }] is used by node 'Qcur-26' (ROPE)
llama_graph_n_input_tensors: input tensor '                         inp_pos' [i32, ne = {     1,     1,     1,     1 }] is used by node 'Kcur-26' (ROPE)
llama_graph_n_input_tensors: input tensor '                         inp_pos' [i32, ne = {     1,     1,     1,     1 }] is used by node 'Qcur-27' (ROPE)
llama_graph_n_input_tensors: input tensor '                         inp_pos' [i32, ne = {     1,     1,     1,     1 }] is used by node 'Kcur-27' (ROPE)
llama_graph_n_input_tensors: input tensor '                 attn_inp_v_idxs' [i64, ne = {     1,     1,     1,     1 }] is used by node 'cache_v_l0 (view)' (SET_ROWS)
llama_graph_n_input_tensors: input tensor '                 attn_inp_v_idxs' [i64, ne = {     1,     1,     1,     1 }] is used by node 'cache_v_l1 (view)' (SET_ROWS)
llama_graph_n_input_tensors: input tensor '                 attn_inp_v_idxs' [i64, ne = {     1,     1,     1,     1 }] is used by node 'cache_v_l2 (view)' (SET_ROWS)
llama_graph_n_input_tensors: input tensor '                 attn_inp_v_idxs' [i64, ne = {     1,     1,     1,     1 }] is used by node 'cache_v_l3 (view)' (SET_ROWS)
llama_graph_n_input_tensors: input tensor '                 attn_inp_v_idxs' [i64, ne = {     1,     1,     1,     1 }] is used by node 'cache_v_l4 (view)' (SET_ROWS)
llama_graph_n_input_tensors: input tensor '                 attn_inp_v_idxs' [i64, ne = {     1,     1,     1,     1 }] is used by node 'cache_v_l5 (view)' (SET_ROWS)
llama_graph_n_input_tensors: input tensor '                 attn_inp_v_idxs' [i64, ne = {     1,     1,     1,     1 }] is used by node 'cache_v_l6 (view)' (SET_ROWS)
llama_graph_n_input_tensors: input tensor '                 attn_inp_v_idxs' [i64, ne = {     1,     1,     1,     1 }] is used by node 'cache_v_l7 (view)' (SET_ROWS)
llama_graph_n_input_tensors: input tensor '                 attn_inp_v_idxs' [i64, ne = {     1,     1,     1,     1 }] is used by node 'cache_v_l8 (view)' (SET_ROWS)
llama_graph_n_input_tensors: input tensor '                 attn_inp_v_idxs' [i64, ne = {     1,     1,     1,     1 }] is used by node 'cache_v_l9 (view)' (SET_ROWS)
llama_graph_n_input_tensors: input tensor '                 attn_inp_v_idxs' [i64, ne = {     1,     1,     1,     1 }] is used by node 'cache_v_l10 (view)' (SET_ROWS)
llama_graph_n_input_tensors: input tensor '                 attn_inp_v_idxs' [i64, ne = {     1,     1,     1,     1 }] is used by node 'cache_v_l11 (view)' (SET_ROWS)
llama_graph_n_input_tensors: input tensor '                 attn_inp_v_idxs' [i64, ne = {     1,     1,     1,     1 }] is used by node 'cache_v_l12 (view)' (SET_ROWS)
llama_graph_n_input_tensors: input tensor '                 attn_inp_v_idxs' [i64, ne = {     1,     1,     1,     1 }] is used by node 'cache_v_l13 (view)' (SET_ROWS)
llama_graph_n_input_tensors: input tensor '                 attn_inp_v_idxs' [i64, ne = {     1,     1,     1,     1 }] is used by node 'cache_v_l14 (view)' (SET_ROWS)
llama_graph_n_input_tensors: input tensor '                 attn_inp_v_idxs' [i64, ne = {     1,     1,     1,     1 }] is used by node 'cache_v_l15 (view)' (SET_ROWS)
llama_graph_n_input_tensors: input tensor '                 attn_inp_v_idxs' [i64, ne = {     1,     1,     1,     1 }] is used by node 'cache_v_l16 (view)' (SET_ROWS)
llama_graph_n_input_tensors: input tensor '                 attn_inp_v_idxs' [i64, ne = {     1,     1,     1,     1 }] is used by node 'cache_v_l17 (view)' (SET_ROWS)
llama_graph_n_input_tensors: input tensor '                 attn_inp_v_idxs' [i64, ne = {     1,     1,     1,     1 }] is used by node 'cache_v_l18 (view)' (SET_ROWS)
llama_graph_n_input_tensors: input tensor '                 attn_inp_v_idxs' [i64, ne = {     1,     1,     1,     1 }] is used by node 'cache_v_l19 (view)' (SET_ROWS)
llama_graph_n_input_tensors: input tensor '                 attn_inp_v_idxs' [i64, ne = {     1,     1,     1,     1 }] is used by node 'cache_v_l20 (view)' (SET_ROWS)
llama_graph_n_input_tensors: input tensor '                 attn_inp_v_idxs' [i64, ne = {     1,     1,     1,     1 }] is used by node 'cache_v_l21 (view)' (SET_ROWS)
llama_graph_n_input_tensors: input tensor '                 attn_inp_v_idxs' [i64, ne = {     1,     1,     1,     1 }] is used by node 'cache_v_l22 (view)' (SET_ROWS)
llama_graph_n_input_tensors: input tensor '                 attn_inp_v_idxs' [i64, ne = {     1,     1,     1,     1 }] is used by node 'cache_v_l23 (view)' (SET_ROWS)
llama_graph_n_input_tensors: input tensor '                 attn_inp_v_idxs' [i64, ne = {     1,     1,     1,     1 }] is used by node 'cache_v_l24 (view)' (SET_ROWS)
llama_graph_n_input_tensors: input tensor '                 attn_inp_v_idxs' [i64, ne = {     1,     1,     1,     1 }] is used by node 'cache_v_l25 (view)' (SET_ROWS)
llama_graph_n_input_tensors: input tensor '                 attn_inp_v_idxs' [i64, ne = {     1,     1,     1,     1 }] is used by node 'cache_v_l26 (view)' (SET_ROWS)
llama_graph_n_input_tensors: input tensor '                 attn_inp_v_idxs' [i64, ne = {     1,     1,     1,     1 }] is used by node 'cache_v_l27 (view)' (SET_ROWS)
llama_graph_n_input_tensors: input tensor '                      inp_tokens' [i32, ne = {     1,     1,     1,     1 }] is used by node 'embd' (GET_ROWS)
resolve_fused_ops: fused DeepSeek V4 HC comb enabled
graph_reserve: reserving a graph for ubatch with n_tokens =    1, n_seqs =  1, n_outputs =    1
llama_graph_n_input_tensors: input tensor '                         out_ids' [i32, ne = {     1,     1,     1,     1 }] is used by node 'node_973' (GET_ROWS)
llama_graph_n_input_tensors: input tensor '                         out_ids' [i32, ne = {     1,     1,     1,     1 }] is used by node 'node_974' (GET_ROWS)
llama_graph_n_input_tensors: input tensor '                attn_inp_kq_mask' [f16, ne = {  4096,     1,     1,     1 }] is used by node 'node_25' (FLASH_ATTN_EXT)
llama_graph_n_input_tensors: input tensor '                attn_inp_kq_mask' [f16, ne = {  4096,     1,     1,     1 }] is used by node 'node_60' (FLASH_ATTN_EXT)
llama_graph_n_input_tensors: input tensor '                attn_inp_kq_mask' [f16, ne = {  4096,     1,     1,     1 }] is used by node 'node_95' (FLASH_ATTN_EXT)
llama_graph_n_input_tensors: input tensor '                attn_inp_kq_mask' [f16, ne = {  4096,     1,     1,     1 }] is used by node 'node_130' (FLASH_ATTN_EXT)
llama_graph_n_input_tensors: input tensor '                attn_inp_kq_mask' [f16, ne = {  4096,     1,     1,     1 }] is used by node 'node_165' (FLASH_ATTN_EXT)
llama_graph_n_input_tensors: input tensor '                attn_inp_kq_mask' [f16, ne = {  4096,     1,     1,     1 }] is used by node 'node_200' (FLASH_ATTN_EXT)
llama_graph_n_input_tensors: input tensor '                attn_inp_kq_mask' [f16, ne = {  4096,     1,     1,     1 }] is used by node 'node_235' (FLASH_ATTN_EXT)
llama_graph_n_input_tensors: input tensor '                attn_inp_kq_mask' [f16, ne = {  4096,     1,     1,     1 }] is used by node 'node_270' (FLASH_ATTN_EXT)
llama_graph_n_input_tensors: input tensor '                attn_inp_kq_mask' [f16, ne = {  4096,     1,     1,     1 }] is used by node 'node_305' (FLASH_ATTN_EXT)
llama_graph_n_input_tensors: input tensor '                attn_inp_kq_mask' [f16, ne = {  4096,     1,     1,     1 }] is used by node 'node_340' (FLASH_ATTN_EXT)
llama_graph_n_input_tensors: input tensor '                attn_inp_kq_mask' [f16, ne = {  4096,     1,     1,     1 }] is used by node 'node_375' (FLASH_ATTN_EXT)
llama_graph_n_input_tensors: input tensor '                attn_inp_kq_mask' [f16, ne = {  4096,     1,     1,     1 }] is used by node 'node_410' (FLASH_ATTN_EXT)
llama_graph_n_input_tensors: input tensor '                attn_inp_kq_mask' [f16, ne = {  4096,     1,     1,     1 }] is used by node 'node_445' (FLASH_ATTN_EXT)
llama_graph_n_input_tensors: input tensor '                attn_inp_kq_mask' [f16, ne = {  4096,     1,     1,     1 }] is used by node 'node_480' (FLASH_ATTN_EXT)
llama_graph_n_input_tensors: input tensor '                attn_inp_kq_mask' [f16, ne = {  4096,     1,     1,     1 }] is used by node 'node_515' (FLASH_ATTN_EXT)
llama_graph_n_input_tensors: input tensor '                attn_inp_kq_mask' [f16, ne = {  4096,     1,     1,     1 }] is used by node 'node_550' (FLASH_ATTN_EXT)
llama_graph_n_input_tensors: input tensor '                attn_inp_kq_mask' [f16, ne = {  4096,     1,     1,     1 }] is used by node 'node_585' (FLASH_ATTN_EXT)
llama_graph_n_input_tensors: input tensor '                attn_inp_kq_mask' [f16, ne = {  4096,     1,     1,     1 }] is used by node 'node_620' (FLASH_ATTN_EXT)
llama_graph_n_input_tensors: input tensor '                attn_inp_kq_mask' [f16, ne = {  4096,     1,     1,     1 }] is used by node 'node_655' (FLASH_ATTN_EXT)
llama_graph_n_input_tensors: input tensor '                attn_inp_kq_mask' [f16, ne = {  4096,     1,     1,     1 }] is used by node 'node_690' (FLASH_ATTN_EXT)
llama_graph_n_input_tensors: input tensor '                attn_inp_kq_mask' [f16, ne = {  4096,     1,     1,     1 }] is used by node 'node_725' (FLASH_ATTN_EXT)
llama_graph_n_input_tensors: input tensor '                attn_inp_kq_mask' [f16, ne = {  4096,     1,     1,     1 }] is used by node 'node_760' (FLASH_ATTN_EXT)
llama_graph_n_input_tensors: input tensor '                attn_inp_kq_mask' [f16, ne = {  4096,     1,     1,     1 }] is used by node 'node_795' (FLASH_ATTN_EXT)
llama_graph_n_input_tensors: input tensor '                attn_inp_kq_mask' [f16, ne = {  4096,     1,     1,     1 }] is used by node 'node_830' (FLASH_ATTN_EXT)
llama_graph_n_input_tensors: input tensor '                attn_inp_kq_mask' [f16, ne = {  4096,     1,     1,     1 }] is used by node 'node_865' (FLASH_ATTN_EXT)
llama_graph_n_input_tensors: input tensor '                attn_inp_kq_mask' [f16, ne = {  4096,     1,     1,     1 }] is used by node 'node_900' (FLASH_ATTN_EXT)
llama_graph_n_input_tensors: input tensor '                attn_inp_kq_mask' [f16, ne = {  4096,     1,     1,     1 }] is used by node 'node_935' (FLASH_ATTN_EXT)
llama_graph_n_input_tensors: input tensor '                attn_inp_kq_mask' [f16, ne = {  4096,     1,     1,     1 }] is used by node 'node_970' (FLASH_ATTN_EXT)
llama_graph_n_input_tensors: input tensor '                 attn_inp_k_idxs' [i64, ne = {     1,     1,     1,     1 }] is used by node 'cache_k_l0 (view)' (SET_ROWS)
llama_graph_n_input_tensors: input tensor '                 attn_inp_k_idxs' [i64, ne = {     1,     1,     1,     1 }] is used by node 'cache_k_l1 (view)' (SET_ROWS)
llama_graph_n_input_tensors: input tensor '                 attn_inp_k_idxs' [i64, ne = {     1,     1,     1,     1 }] is used by node 'cache_k_l2 (view)' (SET_ROWS)
llama_graph_n_input_tensors: input tensor '                 attn_inp_k_idxs' [i64, ne = {     1,     1,     1,     1 }] is used by node 'cache_k_l3 (view)' (SET_ROWS)
llama_graph_n_input_tensors: input tensor '                 attn_inp_k_idxs' [i64, ne = {     1,     1,     1,     1 }] is used by node 'cache_k_l4 (view)' (SET_ROWS)
llama_graph_n_input_tensors: input tensor '                 attn_inp_k_idxs' [i64, ne = {     1,     1,     1,     1 }] is used by node 'cache_k_l5 (view)' (SET_ROWS)
llama_graph_n_input_tensors: input tensor '                 attn_inp_k_idxs' [i64, ne = {     1,     1,     1,     1 }] is used by node 'cache_k_l6 (view)' (SET_ROWS)
llama_graph_n_input_tensors: input tensor '                 attn_inp_k_idxs' [i64, ne = {     1,     1,     1,     1 }] is used by node 'cache_k_l7 (view)' (SET_ROWS)
llama_graph_n_input_tensors: input tensor '                 attn_inp_k_idxs' [i64, ne = {     1,     1,     1,     1 }] is used by node 'cache_k_l8 (view)' (SET_ROWS)
llama_graph_n_input_tensors: input tensor '                 attn_inp_k_idxs' [i64, ne = {     1,     1,     1,     1 }] is used by node 'cache_k_l9 (view)' (SET_ROWS)
llama_graph_n_input_tensors: input tensor '                 attn_inp_k_idxs' [i64, ne = {     1,     1,     1,     1 }] is used by node 'cache_k_l10 (view)' (SET_ROWS)
llama_graph_n_input_tensors: input tensor '                 attn_inp_k_idxs' [i64, ne = {     1,     1,     1,     1 }] is used by node 'cache_k_l11 (view)' (SET_ROWS)
llama_graph_n_input_tensors: input tensor '                 attn_inp_k_idxs' [i64, ne = {     1,     1,     1,     1 }] is used by node 'cache_k_l12 (view)' (SET_ROWS)
llama_graph_n_input_tensors: input tensor '                 attn_inp_k_idxs' [i64, ne = {     1,     1,     1,     1 }] is used by node 'cache_k_l13 (view)' (SET_ROWS)
llama_graph_n_input_tensors: input tensor '                 attn_inp_k_idxs' [i64, ne = {     1,     1,     1,     1 }] is used by node 'cache_k_l14 (view)' (SET_ROWS)
llama_graph_n_input_tensors: input tensor '                 attn_inp_k_idxs' [i64, ne = {     1,     1,     1,     1 }] is used by node 'cache_k_l15 (view)' (SET_ROWS)
llama_graph_n_input_tensors: input tensor '                 attn_inp_k_idxs' [i64, ne = {     1,     1,     1,     1 }] is used by node 'cache_k_l16 (view)' (SET_ROWS)
llama_graph_n_input_tensors: input tensor '                 attn_inp_k_idxs' [i64, ne = {     1,     1,     1,     1 }] is used by node 'cache_k_l17 (view)' (SET_ROWS)
llama_graph_n_input_tensors: input tensor '                 attn_inp_k_idxs' [i64, ne = {     1,     1,     1,     1 }] is used by node 'cache_k_l18 (view)' (SET_ROWS)
llama_graph_n_input_tensors: input tensor '                 attn_inp_k_idxs' [i64, ne = {     1,     1,     1,     1 }] is used by node 'cache_k_l19 (view)' (SET_ROWS)
llama_graph_n_input_tensors: input tensor '                 attn_inp_k_idxs' [i64, ne = {     1,     1,     1,     1 }] is used by node 'cache_k_l20 (view)' (SET_ROWS)
llama_graph_n_input_tensors: input tensor '                 attn_inp_k_idxs' [i64, ne = {     1,     1,     1,     1 }] is used by node 'cache_k_l21 (view)' (SET_ROWS)
llama_graph_n_input_tensors: input tensor '                 attn_inp_k_idxs' [i64, ne = {     1,     1,     1,     1 }] is used by node 'cache_k_l22 (view)' (SET_ROWS)
llama_graph_n_input_tensors: input tensor '                 attn_inp_k_idxs' [i64, ne = {     1,     1,     1,     1 }] is used by node 'cache_k_l23 (view)' (SET_ROWS)
llama_graph_n_input_tensors: input tensor '                 attn_inp_k_idxs' [i64, ne = {     1,     1,     1,     1 }] is used by node 'cache_k_l24 (view)' (SET_ROWS)
llama_graph_n_input_tensors: input tensor '                 attn_inp_k_idxs' [i64, ne = {     1,     1,     1,     1 }] is used by node 'cache_k_l25 (view)' (SET_ROWS)
llama_graph_n_input_tensors: input tensor '                 attn_inp_k_idxs' [i64, ne = {     1,     1,     1,     1 }] is used by node 'cache_k_l26 (view)' (SET_ROWS)
llama_graph_n_input_tensors: input tensor '                 attn_inp_k_idxs' [i64, ne = {     1,     1,     1,     1 }] is used by node 'cache_k_l27 (view)' (SET_ROWS)
llama_graph_n_input_tensors: input tensor '                         inp_pos' [i32, ne = {     1,     1,     1,     1 }] is used by node 'Qcur-0' (ROPE)
llama_graph_n_input_tensors: input tensor '                         inp_pos' [i32, ne = {     1,     1,     1,     1 }] is used by node 'Kcur-0' (ROPE)
llama_graph_n_input_tensors: input tensor '                         inp_pos' [i32, ne = {     1,     1,     1,     1 }] is used by node 'Qcur-1' (ROPE)
llama_graph_n_input_tensors: input tensor '                         inp_pos' [i32, ne = {     1,     1,     1,     1 }] is used by node 'Kcur-1' (ROPE)
llama_graph_n_input_tensors: input tensor '                         inp_pos' [i32, ne = {     1,     1,     1,     1 }] is used by node 'Qcur-2' (ROPE)
llama_graph_n_input_tensors: input tensor '                         inp_pos' [i32, ne = {     1,     1,     1,     1 }] is used by node 'Kcur-2' (ROPE)
llama_graph_n_input_tensors: input tensor '                         inp_pos' [i32, ne = {     1,     1,     1,     1 }] is used by node 'Qcur-3' (ROPE)
llama_graph_n_input_tensors: input tensor '                         inp_pos' [i32, ne = {     1,     1,     1,     1 }] is used by node 'Kcur-3' (ROPE)
llama_graph_n_input_tensors: input tensor '                         inp_pos' [i32, ne = {     1,     1,     1,     1 }] is used by node 'Qcur-4' (ROPE)
llama_graph_n_input_tensors: input tensor '                         inp_pos' [i32, ne = {     1,     1,     1,     1 }] is used by node 'Kcur-4' (ROPE)
llama_graph_n_input_tensors: input tensor '                         inp_pos' [i32, ne = {     1,     1,     1,     1 }] is used by node 'Qcur-5' (ROPE)
llama_graph_n_input_tensors: input tensor '                         inp_pos' [i32, ne = {     1,     1,     1,     1 }] is used by node 'Kcur-5' (ROPE)
llama_graph_n_input_tensors: input tensor '                         inp_pos' [i32, ne = {     1,     1,     1,     1 }] is used by node 'Qcur-6' (ROPE)
llama_graph_n_input_tensors: input tensor '                         inp_pos' [i32, ne = {     1,     1,     1,     1 }] is used by node 'Kcur-6' (ROPE)
llama_graph_n_input_tensors: input tensor '                         inp_pos' [i32, ne = {     1,     1,     1,     1 }] is used by node 'Qcur-7' (ROPE)
llama_graph_n_input_tensors: input tensor '                         inp_pos' [i32, ne = {     1,     1,     1,     1 }] is used by node 'Kcur-7' (ROPE)
llama_graph_n_input_tensors: input tensor '                         inp_pos' [i32, ne = {     1,     1,     1,     1 }] is used by node 'Qcur-8' (ROPE)
llama_graph_n_input_tensors: input tensor '                         inp_pos' [i32, ne = {     1,     1,     1,     1 }] is used by node 'Kcur-8' (ROPE)
llama_graph_n_input_tensors: input tensor '                         inp_pos' [i32, ne = {     1,     1,     1,     1 }] is used by node 'Qcur-9' (ROPE)
llama_graph_n_input_tensors: input tensor '                         inp_pos' [i32, ne = {     1,     1,     1,     1 }] is used by node 'Kcur-9' (ROPE)
llama_graph_n_input_tensors: input tensor '                         inp_pos' [i32, ne = {     1,     1,     1,     1 }] is used by node 'Qcur-10' (ROPE)
llama_graph_n_input_tensors: input tensor '                         inp_pos' [i32, ne = {     1,     1,     1,     1 }] is used by node 'Kcur-10' (ROPE)
llama_graph_n_input_tensors: input tensor '                         inp_pos' [i32, ne = {     1,     1,     1,     1 }] is used by node 'Qcur-11' (ROPE)
llama_graph_n_input_tensors: input tensor '                         inp_pos' [i32, ne = {     1,     1,     1,     1 }] is used by node 'Kcur-11' (ROPE)
llama_graph_n_input_tensors: input tensor '                         inp_pos' [i32, ne = {     1,     1,     1,     1 }] is used by node 'Qcur-12' (ROPE)
llama_graph_n_input_tensors: input tensor '                         inp_pos' [i32, ne = {     1,     1,     1,     1 }] is used by node 'Kcur-12' (ROPE)
llama_graph_n_input_tensors: input tensor '                         inp_pos' [i32, ne = {     1,     1,     1,     1 }] is used by node 'Qcur-13' (ROPE)
llama_graph_n_input_tensors: input tensor '                         inp_pos' [i32, ne = {     1,     1,     1,     1 }] is used by node 'Kcur-13' (ROPE)
llama_graph_n_input_tensors: input tensor '                         inp_pos' [i32, ne = {     1,     1,     1,     1 }] is used by node 'Qcur-14' (ROPE)
llama_graph_n_input_tensors: input tensor '                         inp_pos' [i32, ne = {     1,     1,     1,     1 }] is used by node 'Kcur-14' (ROPE)
llama_graph_n_input_tensors: input tensor '                         inp_pos' [i32, ne = {     1,     1,     1,     1 }] is used by node 'Qcur-15' (ROPE)
llama_graph_n_input_tensors: input tensor '                         inp_pos' [i32, ne = {     1,     1,     1,     1 }] is used by node 'Kcur-15' (ROPE)
llama_graph_n_input_tensors: input tensor '                         inp_pos' [i32, ne = {     1,     1,     1,     1 }] is used by node 'Qcur-16' (ROPE)
llama_graph_n_input_tensors: input tensor '                         inp_pos' [i32, ne = {     1,     1,     1,     1 }] is used by node 'Kcur-16' (ROPE)
llama_graph_n_input_tensors: input tensor '                         inp_pos' [i32, ne = {     1,     1,     1,     1 }] is used by node 'Qcur-17' (ROPE)
llama_graph_n_input_tensors: input tensor '                         inp_pos' [i32, ne = {     1,     1,     1,     1 }] is used by node 'Kcur-17' (ROPE)
llama_graph_n_input_tensors: input tensor '                         inp_pos' [i32, ne = {     1,     1,     1,     1 }] is used by node 'Qcur-18' (ROPE)
llama_graph_n_input_tensors: input tensor '                         inp_pos' [i32, ne = {     1,     1,     1,     1 }] is used by node 'Kcur-18' (ROPE)
llama_graph_n_input_tensors: input tensor '                         inp_pos' [i32, ne = {     1,     1,     1,     1 }] is used by node 'Qcur-19' (ROPE)
llama_graph_n_input_tensors: input tensor '                         inp_pos' [i32, ne = {     1,     1,     1,     1 }] is used by node 'Kcur-19' (ROPE)
llama_graph_n_input_tensors: input tensor '                         inp_pos' [i32, ne = {     1,     1,     1,     1 }] is used by node 'Qcur-20' (ROPE)
llama_graph_n_input_tensors: input tensor '                         inp_pos' [i32, ne = {     1,     1,     1,     1 }] is used by node 'Kcur-20' (ROPE)
llama_graph_n_input_tensors: input tensor '                         inp_pos' [i32, ne = {     1,     1,     1,     1 }] is used by node 'Qcur-21' (ROPE)
llama_graph_n_input_tensors: input tensor '                         inp_pos' [i32, ne = {     1,     1,     1,     1 }] is used by node 'Kcur-21' (ROPE)
llama_graph_n_input_tensors: input tensor '                         inp_pos' [i32, ne = {     1,     1,     1,     1 }] is used by node 'Qcur-22' (ROPE)
llama_graph_n_input_tensors: input tensor '                         inp_pos' [i32, ne = {     1,     1,     1,     1 }] is used by node 'Kcur-22' (ROPE)
llama_graph_n_input_tensors: input tensor '                         inp_pos' [i32, ne = {     1,     1,     1,     1 }] is used by node 'Qcur-23' (ROPE)
llama_graph_n_input_tensors: input tensor '                         inp_pos' [i32, ne = {     1,     1,     1,     1 }] is used by node 'Kcur-23' (ROPE)
llama_graph_n_input_tensors: input tensor '                         inp_pos' [i32, ne = {     1,     1,     1,     1 }] is used by node 'Qcur-24' (ROPE)
llama_graph_n_input_tensors: input tensor '                         inp_pos' [i32, ne = {     1,     1,     1,     1 }] is used by node 'Kcur-24' (ROPE)
llama_graph_n_input_tensors: input tensor '                         inp_pos' [i32, ne = {     1,     1,     1,     1 }] is used by node 'Qcur-25' (ROPE)
llama_graph_n_input_tensors: input tensor '                         inp_pos' [i32, ne = {     1,     1,     1,     1 }] is used by node 'Kcur-25' (ROPE)
llama_graph_n_input_tensors: input tensor '                         inp_pos' [i32, ne = {     1,     1,     1,     1 }] is used by node 'Qcur-26' (ROPE)
llama_graph_n_input_tensors: input tensor '                         inp_pos' [i32, ne = {     1,     1,     1,     1 }] is used by node 'Kcur-26' (ROPE)
llama_graph_n_input_tensors: input tensor '                         inp_pos' [i32, ne = {     1,     1,     1,     1 }] is used by node 'Qcur-27' (ROPE)
llama_graph_n_input_tensors: input tensor '                         inp_pos' [i32, ne = {     1,     1,     1,     1 }] is used by node 'Kcur-27' (ROPE)
llama_graph_n_input_tensors: input tensor '                 attn_inp_v_idxs' [i64, ne = {     1,     1,     1,     1 }] is used by node 'cache_v_l0 (view)' (SET_ROWS)
llama_graph_n_input_tensors: input tensor '                 attn_inp_v_idxs' [i64, ne = {     1,     1,     1,     1 }] is used by node 'cache_v_l1 (view)' (SET_ROWS)
llama_graph_n_input_tensors: input tensor '                 attn_inp_v_idxs' [i64, ne = {     1,     1,     1,     1 }] is used by node 'cache_v_l2 (view)' (SET_ROWS)
llama_graph_n_input_tensors: input tensor '                 attn_inp_v_idxs' [i64, ne = {     1,     1,     1,     1 }] is used by node 'cache_v_l3 (view)' (SET_ROWS)
llama_graph_n_input_tensors: input tensor '                 attn_inp_v_idxs' [i64, ne = {     1,     1,     1,     1 }] is used by node 'cache_v_l4 (view)' (SET_ROWS)
llama_graph_n_input_tensors: input tensor '                 attn_inp_v_idxs' [i64, ne = {     1,     1,     1,     1 }] is used by node 'cache_v_l5 (view)' (SET_ROWS)
llama_graph_n_input_tensors: input tensor '                 attn_inp_v_idxs' [i64, ne = {     1,     1,     1,     1 }] is used by node 'cache_v_l6 (view)' (SET_ROWS)
llama_graph_n_input_tensors: input tensor '                 attn_inp_v_idxs' [i64, ne = {     1,     1,     1,     1 }] is used by node 'cache_v_l7 (view)' (SET_ROWS)
llama_graph_n_input_tensors: input tensor '                 attn_inp_v_idxs' [i64, ne = {     1,     1,     1,     1 }] is used by node 'cache_v_l8 (view)' (SET_ROWS)
llama_graph_n_input_tensors: input tensor '                 attn_inp_v_idxs' [i64, ne = {     1,     1,     1,     1 }] is used by node 'cache_v_l9 (view)' (SET_ROWS)
llama_graph_n_input_tensors: input tensor '                 attn_inp_v_idxs' [i64, ne = {     1,     1,     1,     1 }] is used by node 'cache_v_l10 (view)' (SET_ROWS)
llama_graph_n_input_tensors: input tensor '                 attn_inp_v_idxs' [i64, ne = {     1,     1,     1,     1 }] is used by node 'cache_v_l11 (view)' (SET_ROWS)
llama_graph_n_input_tensors: input tensor '                 attn_inp_v_idxs' [i64, ne = {     1,     1,     1,     1 }] is used by node 'cache_v_l12 (view)' (SET_ROWS)
llama_graph_n_input_tensors: input tensor '                 attn_inp_v_idxs' [i64, ne = {     1,     1,     1,     1 }] is used by node 'cache_v_l13 (view)' (SET_ROWS)
llama_graph_n_input_tensors: input tensor '                 attn_inp_v_idxs' [i64, ne = {     1,     1,     1,     1 }] is used by node 'cache_v_l14 (view)' (SET_ROWS)
llama_graph_n_input_tensors: input tensor '                 attn_inp_v_idxs' [i64, ne = {     1,     1,     1,     1 }] is used by node 'cache_v_l15 (view)' (SET_ROWS)
llama_graph_n_input_tensors: input tensor '                 attn_inp_v_idxs' [i64, ne = {     1,     1,     1,     1 }] is used by node 'cache_v_l16 (view)' (SET_ROWS)
llama_graph_n_input_tensors: input tensor '                 attn_inp_v_idxs' [i64, ne = {     1,     1,     1,     1 }] is used by node 'cache_v_l17 (view)' (SET_ROWS)
llama_graph_n_input_tensors: input tensor '                 attn_inp_v_idxs' [i64, ne = {     1,     1,     1,     1 }] is used by node 'cache_v_l18 (view)' (SET_ROWS)
llama_graph_n_input_tensors: input tensor '                 attn_inp_v_idxs' [i64, ne = {     1,     1,     1,     1 }] is used by node 'cache_v_l19 (view)' (SET_ROWS)
llama_graph_n_input_tensors: input tensor '                 attn_inp_v_idxs' [i64, ne = {     1,     1,     1,     1 }] is used by node 'cache_v_l20 (view)' (SET_ROWS)
llama_graph_n_input_tensors: input tensor '                 attn_inp_v_idxs' [i64, ne = {     1,     1,     1,     1 }] is used by node 'cache_v_l21 (view)' (SET_ROWS)
llama_graph_n_input_tensors: input tensor '                 attn_inp_v_idxs' [i64, ne = {     1,     1,     1,     1 }] is used by node 'cache_v_l22 (view)' (SET_ROWS)
llama_graph_n_input_tensors: input tensor '                 attn_inp_v_idxs' [i64, ne = {     1,     1,     1,     1 }] is used by node 'cache_v_l23 (view)' (SET_ROWS)
llama_graph_n_input_tensors: input tensor '                 attn_inp_v_idxs' [i64, ne = {     1,     1,     1,     1 }] is used by node 'cache_v_l24 (view)' (SET_ROWS)
llama_graph_n_input_tensors: input tensor '                 attn_inp_v_idxs' [i64, ne = {     1,     1,     1,     1 }] is used by node 'cache_v_l25 (view)' (SET_ROWS)
llama_graph_n_input_tensors: input tensor '                 attn_inp_v_idxs' [i64, ne = {     1,     1,     1,     1 }] is used by node 'cache_v_l26 (view)' (SET_ROWS)
llama_graph_n_input_tensors: input tensor '                 attn_inp_v_idxs' [i64, ne = {     1,     1,     1,     1 }] is used by node 'cache_v_l27 (view)' (SET_ROWS)
llama_graph_n_input_tensors: input tensor '                      inp_tokens' [i32, ne = {     1,     1,     1,     1 }] is used by node 'embd' (GET_ROWS)
resolve_fused_ops: fused DeepSeek V4 HC post enabled
graph_reserve: reserving a graph for ubatch with n_tokens =  512, n_seqs =  1, n_outputs =  512
llama_graph_n_input_tensors: input tensor '                         out_ids' [i32, ne = {   512,     1,     1,     1 }] is used by node 'node_973' (GET_ROWS)
llama_graph_n_input_tensors: input tensor '                         out_ids' [i32, ne = {   512,     1,     1,     1 }] is used by node 'node_974' (GET_ROWS)
llama_graph_n_input_tensors: input tensor '                attn_inp_kq_mask' [f16, ne = {  4096,   512,     1,     1 }] is used by node 'node_25' (FLASH_ATTN_EXT)
llama_graph_n_input_tensors: input tensor '                attn_inp_kq_mask' [f16, ne = {  4096,   512,     1,     1 }] is used by node 'node_60' (FLASH_ATTN_EXT)
llama_graph_n_input_tensors: input tensor '                attn_inp_kq_mask' [f16, ne = {  4096,   512,     1,     1 }] is used by node 'node_95' (FLASH_ATTN_EXT)
llama_graph_n_input_tensors: input tensor '                attn_inp_kq_mask' [f16, ne = {  4096,   512,     1,     1 }] is used by node 'node_130' (FLASH_ATTN_EXT)
llama_graph_n_input_tensors: input tensor '                attn_inp_kq_mask' [f16, ne = {  4096,   512,     1,     1 }] is used by node 'node_165' (FLASH_ATTN_EXT)
llama_graph_n_input_tensors: input tensor '                attn_inp_kq_mask' [f16, ne = {  4096,   512,     1,     1 }] is used by node 'node_200' (FLASH_ATTN_EXT)
llama_graph_n_input_tensors: input tensor '                attn_inp_kq_mask' [f16, ne = {  4096,   512,     1,     1 }] is used by node 'node_235' (FLASH_ATTN_EXT)
llama_graph_n_input_tensors: input tensor '                attn_inp_kq_mask' [f16, ne = {  4096,   512,     1,     1 }] is used by node 'node_270' (FLASH_ATTN_EXT)
llama_graph_n_input_tensors: input tensor '                attn_inp_kq_mask' [f16, ne = {  4096,   512,     1,     1 }] is used by node 'node_305' (FLASH_ATTN_EXT)
llama_graph_n_input_tensors: input tensor '                attn_inp_kq_mask' [f16, ne = {  4096,   512,     1,     1 }] is used by node 'node_340' (FLASH_ATTN_EXT)
llama_graph_n_input_tensors: input tensor '                attn_inp_kq_mask' [f16, ne = {  4096,   512,     1,     1 }] is used by node 'node_375' (FLASH_ATTN_EXT)
llama_graph_n_input_tensors: input tensor '                attn_inp_kq_mask' [f16, ne = {  4096,   512,     1,     1 }] is used by node 'node_410' (FLASH_ATTN_EXT)
llama_graph_n_input_tensors: input tensor '                attn_inp_kq_mask' [f16, ne = {  4096,   512,     1,     1 }] is used by node 'node_445' (FLASH_ATTN_EXT)
llama_graph_n_input_tensors: input tensor '                attn_inp_kq_mask' [f16, ne = {  4096,   512,     1,     1 }] is used by node 'node_480' (FLASH_ATTN_EXT)
llama_graph_n_input_tensors: input tensor '                attn_inp_kq_mask' [f16, ne = {  4096,   512,     1,     1 }] is used by node 'node_515' (FLASH_ATTN_EXT)
llama_graph_n_input_tensors: input tensor '                attn_inp_kq_mask' [f16, ne = {  4096,   512,     1,     1 }] is used by node 'node_550' (FLASH_ATTN_EXT)
llama_graph_n_input_tensors: input tensor '                attn_inp_kq_mask' [f16, ne = {  4096,   512,     1,     1 }] is used by node 'node_585' (FLASH_ATTN_EXT)
llama_graph_n_input_tensors: input tensor '                attn_inp_kq_mask' [f16, ne = {  4096,   512,     1,     1 }] is used by node 'node_620' (FLASH_ATTN_EXT)
llama_graph_n_input_tensors: input tensor '                attn_inp_kq_mask' [f16, ne = {  4096,   512,     1,     1 }] is used by node 'node_655' (FLASH_ATTN_EXT)
llama_graph_n_input_tensors: input tensor '                attn_inp_kq_mask' [f16, ne = {  4096,   512,     1,     1 }] is used by node 'node_690' (FLASH_ATTN_EXT)
llama_graph_n_input_tensors: input tensor '                attn_inp_kq_mask' [f16, ne = {  4096,   512,     1,     1 }] is used by node 'node_725' (FLASH_ATTN_EXT)
llama_graph_n_input_tensors: input tensor '                attn_inp_kq_mask' [f16, ne = {  4096,   512,     1,     1 }] is used by node 'node_760' (FLASH_ATTN_EXT)
llama_graph_n_input_tensors: input tensor '                attn_inp_kq_mask' [f16, ne = {  4096,   512,     1,     1 }] is used by node 'node_795' (FLASH_ATTN_EXT)
llama_graph_n_input_tensors: input tensor '                attn_inp_kq_mask' [f16, ne = {  4096,   512,     1,     1 }] is used by node 'node_830' (FLASH_ATTN_EXT)
llama_graph_n_input_tensors: input tensor '                attn_inp_kq_mask' [f16, ne = {  4096,   512,     1,     1 }] is used by node 'node_865' (FLASH_ATTN_EXT)
llama_graph_n_input_tensors: input tensor '                attn_inp_kq_mask' [f16, ne = {  4096,   512,     1,     1 }] is used by node 'node_900' (FLASH_ATTN_EXT)
llama_graph_n_input_tensors: input tensor '                attn_inp_kq_mask' [f16, ne = {  4096,   512,     1,     1 }] is used by node 'node_935' (FLASH_ATTN_EXT)
llama_graph_n_input_tensors: input tensor '                attn_inp_kq_mask' [f16, ne = {  4096,   512,     1,     1 }] is used by node 'node_970' (FLASH_ATTN_EXT)
llama_graph_n_input_tensors: input tensor '                 attn_inp_k_idxs' [i64, ne = {   512,     1,     1,     1 }] is used by node 'cache_k_l0 (view)' (SET_ROWS)
llama_graph_n_input_tensors: input tensor '                 attn_inp_k_idxs' [i64, ne = {   512,     1,     1,     1 }] is used by node 'cache_k_l1 (view)' (SET_ROWS)
llama_graph_n_input_tensors: input tensor '                 attn_inp_k_idxs' [i64, ne = {   512,     1,     1,     1 }] is used by node 'cache_k_l2 (view)' (SET_ROWS)
llama_graph_n_input_tensors: input tensor '                 attn_inp_k_idxs' [i64, ne = {   512,     1,     1,     1 }] is used by node 'cache_k_l3 (view)' (SET_ROWS)
llama_graph_n_input_tensors: input tensor '                 attn_inp_k_idxs' [i64, ne = {   512,     1,     1,     1 }] is used by node 'cache_k_l4 (view)' (SET_ROWS)
llama_graph_n_input_tensors: input tensor '                 attn_inp_k_idxs' [i64, ne = {   512,     1,     1,     1 }] is used by node 'cache_k_l5 (view)' (SET_ROWS)
llama_graph_n_input_tensors: input tensor '                 attn_inp_k_idxs' [i64, ne = {   512,     1,     1,     1 }] is used by node 'cache_k_l6 (view)' (SET_ROWS)
llama_graph_n_input_tensors: input tensor '                 attn_inp_k_idxs' [i64, ne = {   512,     1,     1,     1 }] is used by node 'cache_k_l7 (view)' (SET_ROWS)
llama_graph_n_input_tensors: input tensor '                 attn_inp_k_idxs' [i64, ne = {   512,     1,     1,     1 }] is used by node 'cache_k_l8 (view)' (SET_ROWS)
llama_graph_n_input_tensors: input tensor '                 attn_inp_k_idxs' [i64, ne = {   512,     1,     1,     1 }] is used by node 'cache_k_l9 (view)' (SET_ROWS)
llama_graph_n_input_tensors: input tensor '                 attn_inp_k_idxs' [i64, ne = {   512,     1,     1,     1 }] is used by node 'cache_k_l10 (view)' (SET_ROWS)
llama_graph_n_input_tensors: input tensor '                 attn_inp_k_idxs' [i64, ne = {   512,     1,     1,     1 }] is used by node 'cache_k_l11 (view)' (SET_ROWS)
llama_graph_n_input_tensors: input tensor '                 attn_inp_k_idxs' [i64, ne = {   512,     1,     1,     1 }] is used by node 'cache_k_l12 (view)' (SET_ROWS)
llama_graph_n_input_tensors: input tensor '                 attn_inp_k_idxs' [i64, ne = {   512,     1,     1,     1 }] is used by node 'cache_k_l13 (view)' (SET_ROWS)
llama_graph_n_input_tensors: input tensor '                 attn_inp_k_idxs' [i64, ne = {   512,     1,     1,     1 }] is used by node 'cache_k_l14 (view)' (SET_ROWS)
llama_graph_n_input_tensors: input tensor '                 attn_inp_k_idxs' [i64, ne = {   512,     1,     1,     1 }] is used by node 'cache_k_l15 (view)' (SET_ROWS)
llama_graph_n_input_tensors: input tensor '                 attn_inp_k_idxs' [i64, ne = {   512,     1,     1,     1 }] is used by node 'cache_k_l16 (view)' (SET_ROWS)
llama_graph_n_input_tensors: input tensor '                 attn_inp_k_idxs' [i64, ne = {   512,     1,     1,     1 }] is used by node 'cache_k_l17 (view)' (SET_ROWS)
llama_graph_n_input_tensors: input tensor '                 attn_inp_k_idxs' [i64, ne = {   512,     1,     1,     1 }] is used by node 'cache_k_l18 (view)' (SET_ROWS)
llama_graph_n_input_tensors: input tensor '                 attn_inp_k_idxs' [i64, ne = {   512,     1,     1,     1 }] is used by node 'cache_k_l19 (view)' (SET_ROWS)
llama_graph_n_input_tensors: input tensor '                 attn_inp_k_idxs' [i64, ne = {   512,     1,     1,     1 }] is used by node 'cache_k_l20 (view)' (SET_ROWS)
llama_graph_n_input_tensors: input tensor '                 attn_inp_k_idxs' [i64, ne = {   512,     1,     1,     1 }] is used by node 'cache_k_l21 (view)' (SET_ROWS)
llama_graph_n_input_tensors: input tensor '                 attn_inp_k_idxs' [i64, ne = {   512,     1,     1,     1 }] is used by node 'cache_k_l22 (view)' (SET_ROWS)
llama_graph_n_input_tensors: input tensor '                 attn_inp_k_idxs' [i64, ne = {   512,     1,     1,     1 }] is used by node 'cache_k_l23 (view)' (SET_ROWS)
llama_graph_n_input_tensors: input tensor '                 attn_inp_k_idxs' [i64, ne = {   512,     1,     1,     1 }] is used by node 'cache_k_l24 (view)' (SET_ROWS)
llama_graph_n_input_tensors: input tensor '                 attn_inp_k_idxs' [i64, ne = {   512,     1,     1,     1 }] is used by node 'cache_k_l25 (view)' (SET_ROWS)
llama_graph_n_input_tensors: input tensor '                 attn_inp_k_idxs' [i64, ne = {   512,     1,     1,     1 }] is used by node 'cache_k_l26 (view)' (SET_ROWS)
llama_graph_n_input_tensors: input tensor '                 attn_inp_k_idxs' [i64, ne = {   512,     1,     1,     1 }] is used by node 'cache_k_l27 (view)' (SET_ROWS)
llama_graph_n_input_tensors: input tensor '                         inp_pos' [i32, ne = {   512,     1,     1,     1 }] is used by node 'Qcur-0' (ROPE)
llama_graph_n_input_tensors: input tensor '                         inp_pos' [i32, ne = {   512,     1,     1,     1 }] is used by node 'Kcur-0' (ROPE)
llama_graph_n_input_tensors: input tensor '                         inp_pos' [i32, ne = {   512,     1,     1,     1 }] is used by node 'Qcur-1' (ROPE)
llama_graph_n_input_tensors: input tensor '                         inp_pos' [i32, ne = {   512,     1,     1,     1 }] is used by node 'Kcur-1' (ROPE)
llama_graph_n_input_tensors: input tensor '                         inp_pos' [i32, ne = {   512,     1,     1,     1 }] is used by node 'Qcur-2' (ROPE)
llama_graph_n_input_tensors: input tensor '                         inp_pos' [i32, ne = {   512,     1,     1,     1 }] is used by node 'Kcur-2' (ROPE)
llama_graph_n_input_tensors: input tensor '                         inp_pos' [i32, ne = {   512,     1,     1,     1 }] is used by node 'Qcur-3' (ROPE)
llama_graph_n_input_tensors: input tensor '                         inp_pos' [i32, ne = {   512,     1,     1,     1 }] is used by node 'Kcur-3' (ROPE)
llama_graph_n_input_tensors: input tensor '                         inp_pos' [i32, ne = {   512,     1,     1,     1 }] is used by node 'Qcur-4' (ROPE)
llama_graph_n_input_tensors: input tensor '                         inp_pos' [i32, ne = {   512,     1,     1,     1 }] is used by node 'Kcur-4' (ROPE)
llama_graph_n_input_tensors: input tensor '                         inp_pos' [i32, ne = {   512,     1,     1,     1 }] is used by node 'Qcur-5' (ROPE)
llama_graph_n_input_tensors: input tensor '                         inp_pos' [i32, ne = {   512,     1,     1,     1 }] is used by node 'Kcur-5' (ROPE)
llama_graph_n_input_tensors: input tensor '                         inp_pos' [i32, ne = {   512,     1,     1,     1 }] is used by node 'Qcur-6' (ROPE)
llama_graph_n_input_tensors: input tensor '                         inp_pos' [i32, ne = {   512,     1,     1,     1 }] is used by node 'Kcur-6' (ROPE)
llama_graph_n_input_tensors: input tensor '                         inp_pos' [i32, ne = {   512,     1,     1,     1 }] is used by node 'Qcur-7' (ROPE)
llama_graph_n_input_tensors: input tensor '                         inp_pos' [i32, ne = {   512,     1,     1,     1 }] is used by node 'Kcur-7' (ROPE)
llama_graph_n_input_tensors: input tensor '                         inp_pos' [i32, ne = {   512,     1,     1,     1 }] is used by node 'Qcur-8' (ROPE)
llama_graph_n_input_tensors: input tensor '                         inp_pos' [i32, ne = {   512,     1,     1,     1 }] is used by node 'Kcur-8' (ROPE)
llama_graph_n_input_tensors: input tensor '                         inp_pos' [i32, ne = {   512,     1,     1,     1 }] is used by node 'Qcur-9' (ROPE)
llama_graph_n_input_tensors: input tensor '                         inp_pos' [i32, ne = {   512,     1,     1,     1 }] is used by node 'Kcur-9' (ROPE)
llama_graph_n_input_tensors: input tensor '                         inp_pos' [i32, ne = {   512,     1,     1,     1 }] is used by node 'Qcur-10' (ROPE)
llama_graph_n_input_tensors: input tensor '                         inp_pos' [i32, ne = {   512,     1,     1,     1 }] is used by node 'Kcur-10' (ROPE)
llama_graph_n_input_tensors: input tensor '                         inp_pos' [i32, ne = {   512,     1,     1,     1 }] is used by node 'Qcur-11' (ROPE)
llama_graph_n_input_tensors: input tensor '                         inp_pos' [i32, ne = {   512,     1,     1,     1 }] is used by node 'Kcur-11' (ROPE)
llama_graph_n_input_tensors: input tensor '                         inp_pos' [i32, ne = {   512,     1,     1,     1 }] is used by node 'Qcur-12' (ROPE)
llama_graph_n_input_tensors: input tensor '                         inp_pos' [i32, ne = {   512,     1,     1,     1 }] is used by node 'Kcur-12' (ROPE)
llama_graph_n_input_tensors: input tensor '                         inp_pos' [i32, ne = {   512,     1,     1,     1 }] is used by node 'Qcur-13' (ROPE)
llama_graph_n_input_tensors: input tensor '                         inp_pos' [i32, ne = {   512,     1,     1,     1 }] is used by node 'Kcur-13' (ROPE)
llama_graph_n_input_tensors: input tensor '                         inp_pos' [i32, ne = {   512,     1,     1,     1 }] is used by node 'Qcur-14' (ROPE)
llama_graph_n_input_tensors: input tensor '                         inp_pos' [i32, ne = {   512,     1,     1,     1 }] is used by node 'Kcur-14' (ROPE)
llama_graph_n_input_tensors: input tensor '                         inp_pos' [i32, ne = {   512,     1,     1,     1 }] is used by node 'Qcur-15' (ROPE)
llama_graph_n_input_tensors: input tensor '                         inp_pos' [i32, ne = {   512,     1,     1,     1 }] is used by node 'Kcur-15' (ROPE)
llama_graph_n_input_tensors: input tensor '                         inp_pos' [i32, ne = {   512,     1,     1,     1 }] is used by node 'Qcur-16' (ROPE)
llama_graph_n_input_tensors: input tensor '                         inp_pos' [i32, ne = {   512,     1,     1,     1 }] is used by node 'Kcur-16' (ROPE)
llama_graph_n_input_tensors: input tensor '                         inp_pos' [i32, ne = {   512,     1,     1,     1 }] is used by node 'Qcur-17' (ROPE)
llama_graph_n_input_tensors: input tensor '                         inp_pos' [i32, ne = {   512,     1,     1,     1 }] is used by node 'Kcur-17' (ROPE)
llama_graph_n_input_tensors: input tensor '                         inp_pos' [i32, ne = {   512,     1,     1,     1 }] is used by node 'Qcur-18' (ROPE)
llama_graph_n_input_tensors: input tensor '                         inp_pos' [i32, ne = {   512,     1,     1,     1 }] is used by node 'Kcur-18' (ROPE)
llama_graph_n_input_tensors: input tensor '                         inp_pos' [i32, ne = {   512,     1,     1,     1 }] is used by node 'Qcur-19' (ROPE)
llama_graph_n_input_tensors: input tensor '                         inp_pos' [i32, ne = {   512,     1,     1,     1 }] is used by node 'Kcur-19' (ROPE)
llama_graph_n_input_tensors: input tensor '                         inp_pos' [i32, ne = {   512,     1,     1,     1 }] is used by node 'Qcur-20' (ROPE)
llama_graph_n_input_tensors: input tensor '                         inp_pos' [i32, ne = {   512,     1,     1,     1 }] is used by node 'Kcur-20' (ROPE)
llama_graph_n_input_tensors: input tensor '                         inp_pos' [i32, ne = {   512,     1,     1,     1 }] is used by node 'Qcur-21' (ROPE)
llama_graph_n_input_tensors: input tensor '                         inp_pos' [i32, ne = {   512,     1,     1,     1 }] is used by node 'Kcur-21' (ROPE)
llama_graph_n_input_tensors: input tensor '                         inp_pos' [i32, ne = {   512,     1,     1,     1 }] is used by node 'Qcur-22' (ROPE)
llama_graph_n_input_tensors: input tensor '                         inp_pos' [i32, ne = {   512,     1,     1,     1 }] is used by node 'Kcur-22' (ROPE)
llama_graph_n_input_tensors: input tensor '                         inp_pos' [i32, ne = {   512,     1,     1,     1 }] is used by node 'Qcur-23' (ROPE)
llama_graph_n_input_tensors: input tensor '                         inp_pos' [i32, ne = {   512,     1,     1,     1 }] is used by node 'Kcur-23' (ROPE)
llama_graph_n_input_tensors: input tensor '                         inp_pos' [i32, ne = {   512,     1,     1,     1 }] is used by node 'Qcur-24' (ROPE)
llama_graph_n_input_tensors: input tensor '                         inp_pos' [i32, ne = {   512,     1,     1,     1 }] is used by node 'Kcur-24' (ROPE)
llama_graph_n_input_tensors: input tensor '                         inp_pos' [i32, ne = {   512,     1,     1,     1 }] is used by node 'Qcur-25' (ROPE)
llama_graph_n_input_tensors: input tensor '                         inp_pos' [i32, ne = {   512,     1,     1,     1 }] is used by node 'Kcur-25' (ROPE)
llama_graph_n_input_tensors: input tensor '                         inp_pos' [i32, ne = {   512,     1,     1,     1 }] is used by node 'Qcur-26' (ROPE)
llama_graph_n_input_tensors: input tensor '                         inp_pos' [i32, ne = {   512,     1,     1,     1 }] is used by node 'Kcur-26' (ROPE)
llama_graph_n_input_tensors: input tensor '                         inp_pos' [i32, ne = {   512,     1,     1,     1 }] is used by node 'Qcur-27' (ROPE)
llama_graph_n_input_tensors: input tensor '                         inp_pos' [i32, ne = {   512,     1,     1,     1 }] is used by node 'Kcur-27' (ROPE)
llama_graph_n_input_tensors: input tensor '                 attn_inp_v_idxs' [i64, ne = {   512,     1,     1,     1 }] is used by node 'cache_v_l0 (view)' (SET_ROWS)
llama_graph_n_input_tensors: input tensor '                 attn_inp_v_idxs' [i64, ne = {   512,     1,     1,     1 }] is used by node 'cache_v_l1 (view)' (SET_ROWS)
llama_graph_n_input_tensors: input tensor '                 attn_inp_v_idxs' [i64, ne = {   512,     1,     1,     1 }] is used by node 'cache_v_l2 (view)' (SET_ROWS)
llama_graph_n_input_tensors: input tensor '                 attn_inp_v_idxs' [i64, ne = {   512,     1,     1,     1 }] is used by node 'cache_v_l3 (view)' (SET_ROWS)
llama_graph_n_input_tensors: input tensor '                 attn_inp_v_idxs' [i64, ne = {   512,     1,     1,     1 }] is used by node 'cache_v_l4 (view)' (SET_ROWS)
llama_graph_n_input_tensors: input tensor '                 attn_inp_v_idxs' [i64, ne = {   512,     1,     1,     1 }] is used by node 'cache_v_l5 (view)' (SET_ROWS)
llama_graph_n_input_tensors: input tensor '                 attn_inp_v_idxs' [i64, ne = {   512,     1,     1,     1 }] is used by node 'cache_v_l6 (view)' (SET_ROWS)
llama_graph_n_input_tensors: input tensor '                 attn_inp_v_idxs' [i64, ne = {   512,     1,     1,     1 }] is used by node 'cache_v_l7 (view)' (SET_ROWS)
llama_graph_n_input_tensors: input tensor '                 attn_inp_v_idxs' [i64, ne = {   512,     1,     1,     1 }] is used by node 'cache_v_l8 (view)' (SET_ROWS)
llama_graph_n_input_tensors: input tensor '                 attn_inp_v_idxs' [i64, ne = {   512,     1,     1,     1 }] is used by node 'cache_v_l9 (view)' (SET_ROWS)
llama_graph_n_input_tensors: input tensor '                 attn_inp_v_idxs' [i64, ne = {   512,     1,     1,     1 }] is used by node 'cache_v_l10 (view)' (SET_ROWS)
llama_graph_n_input_tensors: input tensor '                 attn_inp_v_idxs' [i64, ne = {   512,     1,     1,     1 }] is used by node 'cache_v_l11 (view)' (SET_ROWS)
llama_graph_n_input_tensors: input tensor '                 attn_inp_v_idxs' [i64, ne = {   512,     1,     1,     1 }] is used by node 'cache_v_l12 (view)' (SET_ROWS)
llama_graph_n_input_tensors: input tensor '                 attn_inp_v_idxs' [i64, ne = {   512,     1,     1,     1 }] is used by node 'cache_v_l13 (view)' (SET_ROWS)
llama_graph_n_input_tensors: input tensor '                 attn_inp_v_idxs' [i64, ne = {   512,     1,     1,     1 }] is used by node 'cache_v_l14 (view)' (SET_ROWS)
llama_graph_n_input_tensors: input tensor '                 attn_inp_v_idxs' [i64, ne = {   512,     1,     1,     1 }] is used by node 'cache_v_l15 (view)' (SET_ROWS)
llama_graph_n_input_tensors: input tensor '                 attn_inp_v_idxs' [i64, ne = {   512,     1,     1,     1 }] is used by node 'cache_v_l16 (view)' (SET_ROWS)
llama_graph_n_input_tensors: input tensor '                 attn_inp_v_idxs' [i64, ne = {   512,     1,     1,     1 }] is used by node 'cache_v_l17 (view)' (SET_ROWS)
llama_graph_n_input_tensors: input tensor '                 attn_inp_v_idxs' [i64, ne = {   512,     1,     1,     1 }] is used by node 'cache_v_l18 (view)' (SET_ROWS)
llama_graph_n_input_tensors: input tensor '                 attn_inp_v_idxs' [i64, ne = {   512,     1,     1,     1 }] is used by node 'cache_v_l19 (view)' (SET_ROWS)
llama_graph_n_input_tensors: input tensor '                 attn_inp_v_idxs' [i64, ne = {   512,     1,     1,     1 }] is used by node 'cache_v_l20 (view)' (SET_ROWS)
llama_graph_n_input_tensors: input tensor '                 attn_inp_v_idxs' [i64, ne = {   512,     1,     1,     1 }] is used by node 'cache_v_l21 (view)' (SET_ROWS)
llama_graph_n_input_tensors: input tensor '                 attn_inp_v_idxs' [i64, ne = {   512,     1,     1,     1 }] is used by node 'cache_v_l22 (view)' (SET_ROWS)
llama_graph_n_input_tensors: input tensor '                 attn_inp_v_idxs' [i64, ne = {   512,     1,     1,     1 }] is used by node 'cache_v_l23 (view)' (SET_ROWS)
llama_graph_n_input_tensors: input tensor '                 attn_inp_v_idxs' [i64, ne = {   512,     1,     1,     1 }] is used by node 'cache_v_l24 (view)' (SET_ROWS)
llama_graph_n_input_tensors: input tensor '                 attn_inp_v_idxs' [i64, ne = {   512,     1,     1,     1 }] is used by node 'cache_v_l25 (view)' (SET_ROWS)
llama_graph_n_input_tensors: input tensor '                 attn_inp_v_idxs' [i64, ne = {   512,     1,     1,     1 }] is used by node 'cache_v_l26 (view)' (SET_ROWS)
llama_graph_n_input_tensors: input tensor '                 attn_inp_v_idxs' [i64, ne = {   512,     1,     1,     1 }] is used by node 'cache_v_l27 (view)' (SET_ROWS)
llama_graph_n_input_tensors: input tensor '                      inp_tokens' [i32, ne = {   512,     1,     1,     1 }] is used by node 'embd' (GET_ROWS)
graph_reserve: reserving a graph for ubatch with n_tokens =    1, n_seqs =  1, n_outputs =    1
llama_graph_n_input_tensors: input tensor '                         out_ids' [i32, ne = {     1,     1,     1,     1 }] is used by node 'node_973' (GET_ROWS)
llama_graph_n_input_tensors: input tensor '                         out_ids' [i32, ne = {     1,     1,     1,     1 }] is used by node 'node_974' (GET_ROWS)
llama_graph_n_input_tensors: input tensor '                attn_inp_kq_mask' [f16, ne = {  4096,     1,     1,     1 }] is used by node 'node_25' (FLASH_ATTN_EXT)
llama_graph_n_input_tensors: input tensor '                attn_inp_kq_mask' [f16, ne = {  4096,     1,     1,     1 }] is used by node 'node_60' (FLASH_ATTN_EXT)
llama_graph_n_input_tensors: input tensor '                attn_inp_kq_mask' [f16, ne = {  4096,     1,     1,     1 }] is used by node 'node_95' (FLASH_ATTN_EXT)
llama_graph_n_input_tensors: input tensor '                attn_inp_kq_mask' [f16, ne = {  4096,     1,     1,     1 }] is used by node 'node_130' (FLASH_ATTN_EXT)
llama_graph_n_input_tensors: input tensor '                attn_inp_kq_mask' [f16, ne = {  4096,     1,     1,     1 }] is used by node 'node_165' (FLASH_ATTN_EXT)
llama_graph_n_input_tensors: input tensor '                attn_inp_kq_mask' [f16, ne = {  4096,     1,     1,     1 }] is used by node 'node_200' (FLASH_ATTN_EXT)
llama_graph_n_input_tensors: input tensor '                attn_inp_kq_mask' [f16, ne = {  4096,     1,     1,     1 }] is used by node 'node_235' (FLASH_ATTN_EXT)
llama_graph_n_input_tensors: input tensor '                attn_inp_kq_mask' [f16, ne = {  4096,     1,     1,     1 }] is used by node 'node_270' (FLASH_ATTN_EXT)
llama_graph_n_input_tensors: input tensor '                attn_inp_kq_mask' [f16, ne = {  4096,     1,     1,     1 }] is used by node 'node_305' (FLASH_ATTN_EXT)
llama_graph_n_input_tensors: input tensor '                attn_inp_kq_mask' [f16, ne = {  4096,     1,     1,     1 }] is used by node 'node_340' (FLASH_ATTN_EXT)
llama_graph_n_input_tensors: input tensor '                attn_inp_kq_mask' [f16, ne = {  4096,     1,     1,     1 }] is used by node 'node_375' (FLASH_ATTN_EXT)
llama_graph_n_input_tensors: input tensor '                attn_inp_kq_mask' [f16, ne = {  4096,     1,     1,     1 }] is used by node 'node_410' (FLASH_ATTN_EXT)
llama_graph_n_input_tensors: input tensor '                attn_inp_kq_mask' [f16, ne = {  4096,     1,     1,     1 }] is used by node 'node_445' (FLASH_ATTN_EXT)
llama_graph_n_input_tensors: input tensor '                attn_inp_kq_mask' [f16, ne = {  4096,     1,     1,     1 }] is used by node 'node_480' (FLASH_ATTN_EXT)
llama_graph_n_input_tensors: input tensor '                attn_inp_kq_mask' [f16, ne = {  4096,     1,     1,     1 }] is used by node 'node_515' (FLASH_ATTN_EXT)
llama_graph_n_input_tensors: input tensor '                attn_inp_kq_mask' [f16, ne = {  4096,     1,     1,     1 }] is used by node 'node_550' (FLASH_ATTN_EXT)
llama_graph_n_input_tensors: input tensor '                attn_inp_kq_mask' [f16, ne = {  4096,     1,     1,     1 }] is used by node 'node_585' (FLASH_ATTN_EXT)
llama_graph_n_input_tensors: input tensor '                attn_inp_kq_mask' [f16, ne = {  4096,     1,     1,     1 }] is used by node 'node_620' (FLASH_ATTN_EXT)
llama_graph_n_input_tensors: input tensor '                attn_inp_kq_mask' [f16, ne = {  4096,     1,     1,     1 }] is used by node 'node_655' (FLASH_ATTN_EXT)
llama_graph_n_input_tensors: input tensor '                attn_inp_kq_mask' [f16, ne = {  4096,     1,     1,     1 }] is used by node 'node_690' (FLASH_ATTN_EXT)
llama_graph_n_input_tensors: input tensor '                attn_inp_kq_mask' [f16, ne = {  4096,     1,     1,     1 }] is used by node 'node_725' (FLASH_ATTN_EXT)
llama_graph_n_input_tensors: input tensor '                attn_inp_kq_mask' [f16, ne = {  4096,     1,     1,     1 }] is used by node 'node_760' (FLASH_ATTN_EXT)
llama_graph_n_input_tensors: input tensor '                attn_inp_kq_mask' [f16, ne = {  4096,     1,     1,     1 }] is used by node 'node_795' (FLASH_ATTN_EXT)
llama_graph_n_input_tensors: input tensor '                attn_inp_kq_mask' [f16, ne = {  4096,     1,     1,     1 }] is used by node 'node_830' (FLASH_ATTN_EXT)
llama_graph_n_input_tensors: input tensor '                attn_inp_kq_mask' [f16, ne = {  4096,     1,     1,     1 }] is used by node 'node_865' (FLASH_ATTN_EXT)
llama_graph_n_input_tensors: input tensor '                attn_inp_kq_mask' [f16, ne = {  4096,     1,     1,     1 }] is used by node 'node_900' (FLASH_ATTN_EXT)
llama_graph_n_input_tensors: input tensor '                attn_inp_kq_mask' [f16, ne = {  4096,     1,     1,     1 }] is used by node 'node_935' (FLASH_ATTN_EXT)
llama_graph_n_input_tensors: input tensor '                attn_inp_kq_mask' [f16, ne = {  4096,     1,     1,     1 }] is used by node 'node_970' (FLASH_ATTN_EXT)
llama_graph_n_input_tensors: input tensor '                 attn_inp_k_idxs' [i64, ne = {     1,     1,     1,     1 }] is used by node 'cache_k_l0 (view)' (SET_ROWS)
llama_graph_n_input_tensors: input tensor '                 attn_inp_k_idxs' [i64, ne = {     1,     1,     1,     1 }] is used by node 'cache_k_l1 (view)' (SET_ROWS)
llama_graph_n_input_tensors: input tensor '                 attn_inp_k_idxs' [i64, ne = {     1,     1,     1,     1 }] is used by node 'cache_k_l2 (view)' (SET_ROWS)
llama_graph_n_input_tensors: input tensor '                 attn_inp_k_idxs' [i64, ne = {     1,     1,     1,     1 }] is used by node 'cache_k_l3 (view)' (SET_ROWS)
llama_graph_n_input_tensors: input tensor '                 attn_inp_k_idxs' [i64, ne = {     1,     1,     1,     1 }] is used by node 'cache_k_l4 (view)' (SET_ROWS)
llama_graph_n_input_tensors: input tensor '                 attn_inp_k_idxs' [i64, ne = {     1,     1,     1,     1 }] is used by node 'cache_k_l5 (view)' (SET_ROWS)
llama_graph_n_input_tensors: input tensor '                 attn_inp_k_idxs' [i64, ne = {     1,     1,     1,     1 }] is used by node 'cache_k_l6 (view)' (SET_ROWS)
llama_graph_n_input_tensors: input tensor '                 attn_inp_k_idxs' [i64, ne = {     1,     1,     1,     1 }] is used by node 'cache_k_l7 (view)' (SET_ROWS)
llama_graph_n_input_tensors: input tensor '                 attn_inp_k_idxs' [i64, ne = {     1,     1,     1,     1 }] is used by node 'cache_k_l8 (view)' (SET_ROWS)
llama_graph_n_input_tensors: input tensor '                 attn_inp_k_idxs' [i64, ne = {     1,     1,     1,     1 }] is used by node 'cache_k_l9 (view)' (SET_ROWS)
llama_graph_n_input_tensors: input tensor '                 attn_inp_k_idxs' [i64, ne = {     1,     1,     1,     1 }] is used by node 'cache_k_l10 (view)' (SET_ROWS)
llama_graph_n_input_tensors: input tensor '                 attn_inp_k_idxs' [i64, ne = {     1,     1,     1,     1 }] is used by node 'cache_k_l11 (view)' (SET_ROWS)
llama_graph_n_input_tensors: input tensor '                 attn_inp_k_idxs' [i64, ne = {     1,     1,     1,     1 }] is used by node 'cache_k_l12 (view)' (SET_ROWS)
llama_graph_n_input_tensors: input tensor '                 attn_inp_k_idxs' [i64, ne = {     1,     1,     1,     1 }] is used by node 'cache_k_l13 (view)' (SET_ROWS)
llama_graph_n_input_tensors: input tensor '                 attn_inp_k_idxs' [i64, ne = {     1,     1,     1,     1 }] is used by node 'cache_k_l14 (view)' (SET_ROWS)
llama_graph_n_input_tensors: input tensor '                 attn_inp_k_idxs' [i64, ne = {     1,     1,     1,     1 }] is used by node 'cache_k_l15 (view)' (SET_ROWS)
llama_graph_n_input_tensors: input tensor '                 attn_inp_k_idxs' [i64, ne = {     1,     1,     1,     1 }] is used by node 'cache_k_l16 (view)' (SET_ROWS)
llama_graph_n_input_tensors: input tensor '                 attn_inp_k_idxs' [i64, ne = {     1,     1,     1,     1 }] is used by node 'cache_k_l17 (view)' (SET_ROWS)
llama_graph_n_input_tensors: input tensor '                 attn_inp_k_idxs' [i64, ne = {     1,     1,     1,     1 }] is used by node 'cache_k_l18 (view)' (SET_ROWS)
llama_graph_n_input_tensors: input tensor '                 attn_inp_k_idxs' [i64, ne = {     1,     1,     1,     1 }] is used by node 'cache_k_l19 (view)' (SET_ROWS)
llama_graph_n_input_tensors: input tensor '                 attn_inp_k_idxs' [i64, ne = {     1,     1,     1,     1 }] is used by node 'cache_k_l20 (view)' (SET_ROWS)
llama_graph_n_input_tensors: input tensor '                 attn_inp_k_idxs' [i64, ne = {     1,     1,     1,     1 }] is used by node 'cache_k_l21 (view)' (SET_ROWS)
llama_graph_n_input_tensors: input tensor '                 attn_inp_k_idxs' [i64, ne = {     1,     1,     1,     1 }] is used by node 'cache_k_l22 (view)' (SET_ROWS)
llama_graph_n_input_tensors: input tensor '                 attn_inp_k_idxs' [i64, ne = {     1,     1,     1,     1 }] is used by node 'cache_k_l23 (view)' (SET_ROWS)
llama_graph_n_input_tensors: input tensor '                 attn_inp_k_idxs' [i64, ne = {     1,     1,     1,     1 }] is used by node 'cache_k_l24 (view)' (SET_ROWS)
llama_graph_n_input_tensors: input tensor '                 attn_inp_k_idxs' [i64, ne = {     1,     1,     1,     1 }] is used by node 'cache_k_l25 (view)' (SET_ROWS)
llama_graph_n_input_tensors: input tensor '                 attn_inp_k_idxs' [i64, ne = {     1,     1,     1,     1 }] is used by node 'cache_k_l26 (view)' (SET_ROWS)
llama_graph_n_input_tensors: input tensor '                 attn_inp_k_idxs' [i64, ne = {     1,     1,     1,     1 }] is used by node 'cache_k_l27 (view)' (SET_ROWS)
llama_graph_n_input_tensors: input tensor '                         inp_pos' [i32, ne = {     1,     1,     1,     1 }] is used by node 'Qcur-0' (ROPE)
llama_graph_n_input_tensors: input tensor '                         inp_pos' [i32, ne = {     1,     1,     1,     1 }] is used by node 'Kcur-0' (ROPE)
llama_graph_n_input_tensors: input tensor '                         inp_pos' [i32, ne = {     1,     1,     1,     1 }] is used by node 'Qcur-1' (ROPE)
llama_graph_n_input_tensors: input tensor '                         inp_pos' [i32, ne = {     1,     1,     1,     1 }] is used by node 'Kcur-1' (ROPE)
llama_graph_n_input_tensors: input tensor '                         inp_pos' [i32, ne = {     1,     1,     1,     1 }] is used by node 'Qcur-2' (ROPE)
llama_graph_n_input_tensors: input tensor '                         inp_pos' [i32, ne = {     1,     1,     1,     1 }] is used by node 'Kcur-2' (ROPE)
llama_graph_n_input_tensors: input tensor '                         inp_pos' [i32, ne = {     1,     1,     1,     1 }] is used by node 'Qcur-3' (ROPE)
llama_graph_n_input_tensors: input tensor '                         inp_pos' [i32, ne = {     1,     1,     1,     1 }] is used by node 'Kcur-3' (ROPE)
llama_graph_n_input_tensors: input tensor '                         inp_pos' [i32, ne = {     1,     1,     1,     1 }] is used by node 'Qcur-4' (ROPE)
llama_graph_n_input_tensors: input tensor '                         inp_pos' [i32, ne = {     1,     1,     1,     1 }] is used by node 'Kcur-4' (ROPE)
llama_graph_n_input_tensors: input tensor '                         inp_pos' [i32, ne = {     1,     1,     1,     1 }] is used by node 'Qcur-5' (ROPE)
llama_graph_n_input_tensors: input tensor '                         inp_pos' [i32, ne = {     1,     1,     1,     1 }] is used by node 'Kcur-5' (ROPE)
llama_graph_n_input_tensors: input tensor '                         inp_pos' [i32, ne = {     1,     1,     1,     1 }] is used by node 'Qcur-6' (ROPE)
llama_graph_n_input_tensors: input tensor '                         inp_pos' [i32, ne = {     1,     1,     1,     1 }] is used by node 'Kcur-6' (ROPE)
llama_graph_n_input_tensors: input tensor '                         inp_pos' [i32, ne = {     1,     1,     1,     1 }] is used by node 'Qcur-7' (ROPE)
llama_graph_n_input_tensors: input tensor '                         inp_pos' [i32, ne = {     1,     1,     1,     1 }] is used by node 'Kcur-7' (ROPE)
llama_graph_n_input_tensors: input tensor '                         inp_pos' [i32, ne = {     1,     1,     1,     1 }] is used by node 'Qcur-8' (ROPE)
llama_graph_n_input_tensors: input tensor '                         inp_pos' [i32, ne = {     1,     1,     1,     1 }] is used by node 'Kcur-8' (ROPE)
llama_graph_n_input_tensors: input tensor '                         inp_pos' [i32, ne = {     1,     1,     1,     1 }] is used by node 'Qcur-9' (ROPE)
llama_graph_n_input_tensors: input tensor '                         inp_pos' [i32, ne = {     1,     1,     1,     1 }] is used by node 'Kcur-9' (ROPE)
llama_graph_n_input_tensors: input tensor '                         inp_pos' [i32, ne = {     1,     1,     1,     1 }] is used by node 'Qcur-10' (ROPE)
llama_graph_n_input_tensors: input tensor '                         inp_pos' [i32, ne = {     1,     1,     1,     1 }] is used by node 'Kcur-10' (ROPE)
llama_graph_n_input_tensors: input tensor '                         inp_pos' [i32, ne = {     1,     1,     1,     1 }] is used by node 'Qcur-11' (ROPE)
llama_graph_n_input_tensors: input tensor '                         inp_pos' [i32, ne = {     1,     1,     1,     1 }] is used by node 'Kcur-11' (ROPE)
llama_graph_n_input_tensors: input tensor '                         inp_pos' [i32, ne = {     1,     1,     1,     1 }] is used by node 'Qcur-12' (ROPE)
llama_graph_n_input_tensors: input tensor '                         inp_pos' [i32, ne = {     1,     1,     1,     1 }] is used by node 'Kcur-12' (ROPE)
llama_graph_n_input_tensors: input tensor '                         inp_pos' [i32, ne = {     1,     1,     1,     1 }] is used by node 'Qcur-13' (ROPE)
llama_graph_n_input_tensors: input tensor '                         inp_pos' [i32, ne = {     1,     1,     1,     1 }] is used by node 'Kcur-13' (ROPE)
llama_graph_n_input_tensors: input tensor '                         inp_pos' [i32, ne = {     1,     1,     1,     1 }] is used by node 'Qcur-14' (ROPE)
llama_graph_n_input_tensors: input tensor '                         inp_pos' [i32, ne = {     1,     1,     1,     1 }] is used by node 'Kcur-14' (ROPE)
llama_graph_n_input_tensors: input tensor '                         inp_pos' [i32, ne = {     1,     1,     1,     1 }] is used by node 'Qcur-15' (ROPE)
llama_graph_n_input_tensors: input tensor '                         inp_pos' [i32, ne = {     1,     1,     1,     1 }] is used by node 'Kcur-15' (ROPE)
llama_graph_n_input_tensors: input tensor '                         inp_pos' [i32, ne = {     1,     1,     1,     1 }] is used by node 'Qcur-16' (ROPE)
llama_graph_n_input_tensors: input tensor '                         inp_pos' [i32, ne = {     1,     1,     1,     1 }] is used by node 'Kcur-16' (ROPE)
llama_graph_n_input_tensors: input tensor '                         inp_pos' [i32, ne = {     1,     1,     1,     1 }] is used by node 'Qcur-17' (ROPE)
llama_graph_n_input_tensors: input tensor '                         inp_pos' [i32, ne = {     1,     1,     1,     1 }] is used by node 'Kcur-17' (ROPE)
llama_graph_n_input_tensors: input tensor '                         inp_pos' [i32, ne = {     1,     1,     1,     1 }] is used by node 'Qcur-18' (ROPE)
llama_graph_n_input_tensors: input tensor '                         inp_pos' [i32, ne = {     1,     1,     1,     1 }] is used by node 'Kcur-18' (ROPE)
llama_graph_n_input_tensors: input tensor '                         inp_pos' [i32, ne = {     1,     1,     1,     1 }] is used by node 'Qcur-19' (ROPE)
llama_graph_n_input_tensors: input tensor '                         inp_pos' [i32, ne = {     1,     1,     1,     1 }] is used by node 'Kcur-19' (ROPE)
llama_graph_n_input_tensors: input tensor '                         inp_pos' [i32, ne = {     1,     1,     1,     1 }] is used by node 'Qcur-20' (ROPE)
llama_graph_n_input_tensors: input tensor '                         inp_pos' [i32, ne = {     1,     1,     1,     1 }] is used by node 'Kcur-20' (ROPE)
llama_graph_n_input_tensors: input tensor '                         inp_pos' [i32, ne = {     1,     1,     1,     1 }] is used by node 'Qcur-21' (ROPE)
llama_graph_n_input_tensors: input tensor '                         inp_pos' [i32, ne = {     1,     1,     1,     1 }] is used by node 'Kcur-21' (ROPE)
llama_graph_n_input_tensors: input tensor '                         inp_pos' [i32, ne = {     1,     1,     1,     1 }] is used by node 'Qcur-22' (ROPE)
llama_graph_n_input_tensors: input tensor '                         inp_pos' [i32, ne = {     1,     1,     1,     1 }] is used by node 'Kcur-22' (ROPE)
llama_graph_n_input_tensors: input tensor '                         inp_pos' [i32, ne = {     1,     1,     1,     1 }] is used by node 'Qcur-23' (ROPE)
llama_graph_n_input_tensors: input tensor '                         inp_pos' [i32, ne = {     1,     1,     1,     1 }] is used by node 'Kcur-23' (ROPE)
llama_graph_n_input_tensors: input tensor '                         inp_pos' [i32, ne = {     1,     1,     1,     1 }] is used by node 'Qcur-24' (ROPE)
llama_graph_n_input_tensors: input tensor '                         inp_pos' [i32, ne = {     1,     1,     1,     1 }] is used by node 'Kcur-24' (ROPE)
llama_graph_n_input_tensors: input tensor '                         inp_pos' [i32, ne = {     1,     1,     1,     1 }] is used by node 'Qcur-25' (ROPE)
llama_graph_n_input_tensors: input tensor '                         inp_pos' [i32, ne = {     1,     1,     1,     1 }] is used by node 'Kcur-25' (ROPE)
llama_graph_n_input_tensors: input tensor '                         inp_pos' [i32, ne = {     1,     1,     1,     1 }] is used by node 'Qcur-26' (ROPE)
llama_graph_n_input_tensors: input tensor '                         inp_pos' [i32, ne = {     1,     1,     1,     1 }] is used by node 'Kcur-26' (ROPE)
llama_graph_n_input_tensors: input tensor '                         inp_pos' [i32, ne = {     1,     1,     1,     1 }] is used by node 'Qcur-27' (ROPE)
llama_graph_n_input_tensors: input tensor '                         inp_pos' [i32, ne = {     1,     1,     1,     1 }] is used by node 'Kcur-27' (ROPE)
llama_graph_n_input_tensors: input tensor '                 attn_inp_v_idxs' [i64, ne = {     1,     1,     1,     1 }] is used by node 'cache_v_l0 (view)' (SET_ROWS)
llama_graph_n_input_tensors: input tensor '                 attn_inp_v_idxs' [i64, ne = {     1,     1,     1,     1 }] is used by node 'cache_v_l1 (view)' (SET_ROWS)
llama_graph_n_input_tensors: input tensor '                 attn_inp_v_idxs' [i64, ne = {     1,     1,     1,     1 }] is used by node 'cache_v_l2 (view)' (SET_ROWS)
llama_graph_n_input_tensors: input tensor '                 attn_inp_v_idxs' [i64, ne = {     1,     1,     1,     1 }] is used by node 'cache_v_l3 (view)' (SET_ROWS)
llama_graph_n_input_tensors: input tensor '                 attn_inp_v_idxs' [i64, ne = {     1,     1,     1,     1 }] is used by node 'cache_v_l4 (view)' (SET_ROWS)
llama_graph_n_input_tensors: input tensor '                 attn_inp_v_idxs' [i64, ne = {     1,     1,     1,     1 }] is used by node 'cache_v_l5 (view)' (SET_ROWS)
llama_graph_n_input_tensors: input tensor '                 attn_inp_v_idxs' [i64, ne = {     1,     1,     1,     1 }] is used by node 'cache_v_l6 (view)' (SET_ROWS)
llama_graph_n_input_tensors: input tensor '                 attn_inp_v_idxs' [i64, ne = {     1,     1,     1,     1 }] is used by node 'cache_v_l7 (view)' (SET_ROWS)
llama_graph_n_input_tensors: input tensor '                 attn_inp_v_idxs' [i64, ne = {     1,     1,     1,     1 }] is used by node 'cache_v_l8 (view)' (SET_ROWS)
llama_graph_n_input_tensors: input tensor '                 attn_inp_v_idxs' [i64, ne = {     1,     1,     1,     1 }] is used by node 'cache_v_l9 (view)' (SET_ROWS)
llama_graph_n_input_tensors: input tensor '                 attn_inp_v_idxs' [i64, ne = {     1,     1,     1,     1 }] is used by node 'cache_v_l10 (view)' (SET_ROWS)
llama_graph_n_input_tensors: input tensor '                 attn_inp_v_idxs' [i64, ne = {     1,     1,     1,     1 }] is used by node 'cache_v_l11 (view)' (SET_ROWS)
llama_graph_n_input_tensors: input tensor '                 attn_inp_v_idxs' [i64, ne = {     1,     1,     1,     1 }] is used by node 'cache_v_l12 (view)' (SET_ROWS)
llama_graph_n_input_tensors: input tensor '                 attn_inp_v_idxs' [i64, ne = {     1,     1,     1,     1 }] is used by node 'cache_v_l13 (view)' (SET_ROWS)
llama_graph_n_input_tensors: input tensor '                 attn_inp_v_idxs' [i64, ne = {     1,     1,     1,     1 }] is used by node 'cache_v_l14 (view)' (SET_ROWS)
llama_graph_n_input_tensors: input tensor '                 attn_inp_v_idxs' [i64, ne = {     1,     1,     1,     1 }] is used by node 'cache_v_l15 (view)' (SET_ROWS)
llama_graph_n_input_tensors: input tensor '                 attn_inp_v_idxs' [i64, ne = {     1,     1,     1,     1 }] is used by node 'cache_v_l16 (view)' (SET_ROWS)
llama_graph_n_input_tensors: input tensor '                 attn_inp_v_idxs' [i64, ne = {     1,     1,     1,     1 }] is used by node 'cache_v_l17 (view)' (SET_ROWS)
llama_graph_n_input_tensors: input tensor '                 attn_inp_v_idxs' [i64, ne = {     1,     1,     1,     1 }] is used by node 'cache_v_l18 (view)' (SET_ROWS)
llama_graph_n_input_tensors: input tensor '                 attn_inp_v_idxs' [i64, ne = {     1,     1,     1,     1 }] is used by node 'cache_v_l19 (view)' (SET_ROWS)
llama_graph_n_input_tensors: input tensor '                 attn_inp_v_idxs' [i64, ne = {     1,     1,     1,     1 }] is used by node 'cache_v_l20 (view)' (SET_ROWS)
llama_graph_n_input_tensors: input tensor '                 attn_inp_v_idxs' [i64, ne = {     1,     1,     1,     1 }] is used by node 'cache_v_l21 (view)' (SET_ROWS)
llama_graph_n_input_tensors: input tensor '                 attn_inp_v_idxs' [i64, ne = {     1,     1,     1,     1 }] is used by node 'cache_v_l22 (view)' (SET_ROWS)
llama_graph_n_input_tensors: input tensor '                 attn_inp_v_idxs' [i64, ne = {     1,     1,     1,     1 }] is used by node 'cache_v_l23 (view)' (SET_ROWS)
llama_graph_n_input_tensors: input tensor '                 attn_inp_v_idxs' [i64, ne = {     1,     1,     1,     1 }] is used by node 'cache_v_l24 (view)' (SET_ROWS)
llama_graph_n_input_tensors: input tensor '                 attn_inp_v_idxs' [i64, ne = {     1,     1,     1,     1 }] is used by node 'cache_v_l25 (view)' (SET_ROWS)
llama_graph_n_input_tensors: input tensor '                 attn_inp_v_idxs' [i64, ne = {     1,     1,     1,     1 }] is used by node 'cache_v_l26 (view)' (SET_ROWS)
llama_graph_n_input_tensors: input tensor '                 attn_inp_v_idxs' [i64, ne = {     1,     1,     1,     1 }] is used by node 'cache_v_l27 (view)' (SET_ROWS)
llama_graph_n_input_tensors: input tensor '                      inp_tokens' [i32, ne = {     1,     1,     1,     1 }] is used by node 'embd' (GET_ROWS)
graph_reserve: reserving a graph for ubatch with n_tokens =  512, n_seqs =  1, n_outputs =  512
llama_graph_n_input_tensors: input tensor '                         out_ids' [i32, ne = {   512,     1,     1,     1 }] is used by node 'node_973' (GET_ROWS)
llama_graph_n_input_tensors: input tensor '                         out_ids' [i32, ne = {   512,     1,     1,     1 }] is used by node 'node_974' (GET_ROWS)
llama_graph_n_input_tensors: input tensor '                attn_inp_kq_mask' [f16, ne = {  4096,   512,     1,     1 }] is used by node 'node_25' (FLASH_ATTN_EXT)
llama_graph_n_input_tensors: input tensor '                attn_inp_kq_mask' [f16, ne = {  4096,   512,     1,     1 }] is used by node 'node_60' (FLASH_ATTN_EXT)
llama_graph_n_input_tensors: input tensor '                attn_inp_kq_mask' [f16, ne = {  4096,   512,     1,     1 }] is used by node 'node_95' (FLASH_ATTN_EXT)
llama_graph_n_input_tensors: input tensor '                attn_inp_kq_mask' [f16, ne = {  4096,   512,     1,     1 }] is used by node 'node_130' (FLASH_ATTN_EXT)
llama_graph_n_input_tensors: input tensor '                attn_inp_kq_mask' [f16, ne = {  4096,   512,     1,     1 }] is used by node 'node_165' (FLASH_ATTN_EXT)
llama_graph_n_input_tensors: input tensor '                attn_inp_kq_mask' [f16, ne = {  4096,   512,     1,     1 }] is used by node 'node_200' (FLASH_ATTN_EXT)
llama_graph_n_input_tensors: input tensor '                attn_inp_kq_mask' [f16, ne = {  4096,   512,     1,     1 }] is used by node 'node_235' (FLASH_ATTN_EXT)
llama_graph_n_input_tensors: input tensor '                attn_inp_kq_mask' [f16, ne = {  4096,   512,     1,     1 }] is used by node 'node_270' (FLASH_ATTN_EXT)
llama_graph_n_input_tensors: input tensor '                attn_inp_kq_mask' [f16, ne = {  4096,   512,     1,     1 }] is used by node 'node_305' (FLASH_ATTN_EXT)
llama_graph_n_input_tensors: input tensor '                attn_inp_kq_mask' [f16, ne = {  4096,   512,     1,     1 }] is used by node 'node_340' (FLASH_ATTN_EXT)
llama_graph_n_input_tensors: input tensor '                attn_inp_kq_mask' [f16, ne = {  4096,   512,     1,     1 }] is used by node 'node_375' (FLASH_ATTN_EXT)
llama_graph_n_input_tensors: input tensor '                attn_inp_kq_mask' [f16, ne = {  4096,   512,     1,     1 }] is used by node 'node_410' (FLASH_ATTN_EXT)
llama_graph_n_input_tensors: input tensor '                attn_inp_kq_mask' [f16, ne = {  4096,   512,     1,     1 }] is used by node 'node_445' (FLASH_ATTN_EXT)
llama_graph_n_input_tensors: input tensor '                attn_inp_kq_mask' [f16, ne = {  4096,   512,     1,     1 }] is used by node 'node_480' (FLASH_ATTN_EXT)
llama_graph_n_input_tensors: input tensor '                attn_inp_kq_mask' [f16, ne = {  4096,   512,     1,     1 }] is used by node 'node_515' (FLASH_ATTN_EXT)
llama_graph_n_input_tensors: input tensor '                attn_inp_kq_mask' [f16, ne = {  4096,   512,     1,     1 }] is used by node 'node_550' (FLASH_ATTN_EXT)
llama_graph_n_input_tensors: input tensor '                attn_inp_kq_mask' [f16, ne = {  4096,   512,     1,     1 }] is used by node 'node_585' (FLASH_ATTN_EXT)
llama_graph_n_input_tensors: input tensor '                attn_inp_kq_mask' [f16, ne = {  4096,   512,     1,     1 }] is used by node 'node_620' (FLASH_ATTN_EXT)
llama_graph_n_input_tensors: input tensor '                attn_inp_kq_mask' [f16, ne = {  4096,   512,     1,     1 }] is used by node 'node_655' (FLASH_ATTN_EXT)
llama_graph_n_input_tensors: input tensor '                attn_inp_kq_mask' [f16, ne = {  4096,   512,     1,     1 }] is used by node 'node_690' (FLASH_ATTN_EXT)
llama_graph_n_input_tensors: input tensor '                attn_inp_kq_mask' [f16, ne = {  4096,   512,     1,     1 }] is used by node 'node_725' (FLASH_ATTN_EXT)
llama_graph_n_input_tensors: input tensor '                attn_inp_kq_mask' [f16, ne = {  4096,   512,     1,     1 }] is used by node 'node_760' (FLASH_ATTN_EXT)
llama_graph_n_input_tensors: input tensor '                attn_inp_kq_mask' [f16, ne = {  4096,   512,     1,     1 }] is used by node 'node_795' (FLASH_ATTN_EXT)
llama_graph_n_input_tensors: input tensor '                attn_inp_kq_mask' [f16, ne = {  4096,   512,     1,     1 }] is used by node 'node_830' (FLASH_ATTN_EXT)
llama_graph_n_input_tensors: input tensor '                attn_inp_kq_mask' [f16, ne = {  4096,   512,     1,     1 }] is used by node 'node_865' (FLASH_ATTN_EXT)
llama_graph_n_input_tensors: input tensor '                attn_inp_kq_mask' [f16, ne = {  4096,   512,     1,     1 }] is used by node 'node_900' (FLASH_ATTN_EXT)
llama_graph_n_input_tensors: input tensor '                attn_inp_kq_mask' [f16, ne = {  4096,   512,     1,     1 }] is used by node 'node_935' (FLASH_ATTN_EXT)
llama_graph_n_input_tensors: input tensor '                attn_inp_kq_mask' [f16, ne = {  4096,   512,     1,     1 }] is used by node 'node_970' (FLASH_ATTN_EXT)
llama_graph_n_input_tensors: input tensor '                 attn_inp_k_idxs' [i64, ne = {   512,     1,     1,     1 }] is used by node 'cache_k_l0 (view)' (SET_ROWS)
llama_graph_n_input_tensors: input tensor '                 attn_inp_k_idxs' [i64, ne = {   512,     1,     1,     1 }] is used by node 'cache_k_l1 (view)' (SET_ROWS)
llama_graph_n_input_tensors: input tensor '                 attn_inp_k_idxs' [i64, ne = {   512,     1,     1,     1 }] is used by node 'cache_k_l2 (view)' (SET_ROWS)
llama_graph_n_input_tensors: input tensor '                 attn_inp_k_idxs' [i64, ne = {   512,     1,     1,     1 }] is used by node 'cache_k_l3 (view)' (SET_ROWS)
llama_graph_n_input_tensors: input tensor '                 attn_inp_k_idxs' [i64, ne = {   512,     1,     1,     1 }] is used by node 'cache_k_l4 (view)' (SET_ROWS)
llama_graph_n_input_tensors: input tensor '                 attn_inp_k_idxs' [i64, ne = {   512,     1,     1,     1 }] is used by node 'cache_k_l5 (view)' (SET_ROWS)
llama_graph_n_input_tensors: input tensor '                 attn_inp_k_idxs' [i64, ne = {   512,     1,     1,     1 }] is used by node 'cache_k_l6 (view)' (SET_ROWS)
llama_graph_n_input_tensors: input tensor '                 attn_inp_k_idxs' [i64, ne = {   512,     1,     1,     1 }] is used by node 'cache_k_l7 (view)' (SET_ROWS)
llama_graph_n_input_tensors: input tensor '                 attn_inp_k_idxs' [i64, ne = {   512,     1,     1,     1 }] is used by node 'cache_k_l8 (view)' (SET_ROWS)
llama_graph_n_input_tensors: input tensor '                 attn_inp_k_idxs' [i64, ne = {   512,     1,     1,     1 }] is used by node 'cache_k_l9 (view)' (SET_ROWS)
llama_graph_n_input_tensors: input tensor '                 attn_inp_k_idxs' [i64, ne = {   512,     1,     1,     1 }] is used by node 'cache_k_l10 (view)' (SET_ROWS)
llama_graph_n_input_tensors: input tensor '                 attn_inp_k_idxs' [i64, ne = {   512,     1,     1,     1 }] is used by node 'cache_k_l11 (view)' (SET_ROWS)
llama_graph_n_input_tensors: input tensor '                 attn_inp_k_idxs' [i64, ne = {   512,     1,     1,     1 }] is used by node 'cache_k_l12 (view)' (SET_ROWS)
llama_graph_n_input_tensors: input tensor '                 attn_inp_k_idxs' [i64, ne = {   512,     1,     1,     1 }] is used by node 'cache_k_l13 (view)' (SET_ROWS)
llama_graph_n_input_tensors: input tensor '                 attn_inp_k_idxs' [i64, ne = {   512,     1,     1,     1 }] is used by node 'cache_k_l14 (view)' (SET_ROWS)
llama_graph_n_input_tensors: input tensor '                 attn_inp_k_idxs' [i64, ne = {   512,     1,     1,     1 }] is used by node 'cache_k_l15 (view)' (SET_ROWS)
llama_graph_n_input_tensors: input tensor '                 attn_inp_k_idxs' [i64, ne = {   512,     1,     1,     1 }] is used by node 'cache_k_l16 (view)' (SET_ROWS)
llama_graph_n_input_tensors: input tensor '                 attn_inp_k_idxs' [i64, ne = {   512,     1,     1,     1 }] is used by node 'cache_k_l17 (view)' (SET_ROWS)
llama_graph_n_input_tensors: input tensor '                 attn_inp_k_idxs' [i64, ne = {   512,     1,     1,     1 }] is used by node 'cache_k_l18 (view)' (SET_ROWS)
llama_graph_n_input_tensors: input tensor '                 attn_inp_k_idxs' [i64, ne = {   512,     1,     1,     1 }] is used by node 'cache_k_l19 (view)' (SET_ROWS)
llama_graph_n_input_tensors: input tensor '                 attn_inp_k_idxs' [i64, ne = {   512,     1,     1,     1 }] is used by node 'cache_k_l20 (view)' (SET_ROWS)
llama_graph_n_input_tensors: input tensor '                 attn_inp_k_idxs' [i64, ne = {   512,     1,     1,     1 }] is used by node 'cache_k_l21 (view)' (SET_ROWS)
llama_graph_n_input_tensors: input tensor '                 attn_inp_k_idxs' [i64, ne = {   512,     1,     1,     1 }] is used by node 'cache_k_l22 (view)' (SET_ROWS)
llama_graph_n_input_tensors: input tensor '                 attn_inp_k_idxs' [i64, ne = {   512,     1,     1,     1 }] is used by node 'cache_k_l23 (view)' (SET_ROWS)
llama_graph_n_input_tensors: input tensor '                 attn_inp_k_idxs' [i64, ne = {   512,     1,     1,     1 }] is used by node 'cache_k_l24 (view)' (SET_ROWS)
llama_graph_n_input_tensors: input tensor '                 attn_inp_k_idxs' [i64, ne = {   512,     1,     1,     1 }] is used by node 'cache_k_l25 (view)' (SET_ROWS)
llama_graph_n_input_tensors: input tensor '                 attn_inp_k_idxs' [i64, ne = {   512,     1,     1,     1 }] is used by node 'cache_k_l26 (view)' (SET_ROWS)
llama_graph_n_input_tensors: input tensor '                 attn_inp_k_idxs' [i64, ne = {   512,     1,     1,     1 }] is used by node 'cache_k_l27 (view)' (SET_ROWS)
llama_graph_n_input_tensors: input tensor '                         inp_pos' [i32, ne = {   512,     1,     1,     1 }] is used by node 'Qcur-0' (ROPE)
llama_graph_n_input_tensors: input tensor '                         inp_pos' [i32, ne = {   512,     1,     1,     1 }] is used by node 'Kcur-0' (ROPE)
llama_graph_n_input_tensors: input tensor '                         inp_pos' [i32, ne = {   512,     1,     1,     1 }] is used by node 'Qcur-1' (ROPE)
llama_graph_n_input_tensors: input tensor '                         inp_pos' [i32, ne = {   512,     1,     1,     1 }] is used by node 'Kcur-1' (ROPE)
llama_graph_n_input_tensors: input tensor '                         inp_pos' [i32, ne = {   512,     1,     1,     1 }] is used by node 'Qcur-2' (ROPE)
llama_graph_n_input_tensors: input tensor '                         inp_pos' [i32, ne = {   512,     1,     1,     1 }] is used by node 'Kcur-2' (ROPE)
llama_graph_n_input_tensors: input tensor '                         inp_pos' [i32, ne = {   512,     1,     1,     1 }] is used by node 'Qcur-3' (ROPE)
llama_graph_n_input_tensors: input tensor '                         inp_pos' [i32, ne = {   512,     1,     1,     1 }] is used by node 'Kcur-3' (ROPE)
llama_graph_n_input_tensors: input tensor '                         inp_pos' [i32, ne = {   512,     1,     1,     1 }] is used by node 'Qcur-4' (ROPE)
llama_graph_n_input_tensors: input tensor '                         inp_pos' [i32, ne = {   512,     1,     1,     1 }] is used by node 'Kcur-4' (ROPE)
llama_graph_n_input_tensors: input tensor '                         inp_pos' [i32, ne = {   512,     1,     1,     1 }] is used by node 'Qcur-5' (ROPE)
llama_graph_n_input_tensors: input tensor '                         inp_pos' [i32, ne = {   512,     1,     1,     1 }] is used by node 'Kcur-5' (ROPE)
llama_graph_n_input_tensors: input tensor '                         inp_pos' [i32, ne = {   512,     1,     1,     1 }] is used by node 'Qcur-6' (ROPE)
llama_graph_n_input_tensors: input tensor '                         inp_pos' [i32, ne = {   512,     1,     1,     1 }] is used by node 'Kcur-6' (ROPE)
llama_graph_n_input_tensors: input tensor '                         inp_pos' [i32, ne = {   512,     1,     1,     1 }] is used by node 'Qcur-7' (ROPE)
llama_graph_n_input_tensors: input tensor '                         inp_pos' [i32, ne = {   512,     1,     1,     1 }] is used by node 'Kcur-7' (ROPE)
llama_graph_n_input_tensors: input tensor '                         inp_pos' [i32, ne = {   512,     1,     1,     1 }] is used by node 'Qcur-8' (ROPE)
llama_graph_n_input_tensors: input tensor '                         inp_pos' [i32, ne = {   512,     1,     1,     1 }] is used by node 'Kcur-8' (ROPE)
llama_graph_n_input_tensors: input tensor '                         inp_pos' [i32, ne = {   512,     1,     1,     1 }] is used by node 'Qcur-9' (ROPE)
llama_graph_n_input_tensors: input tensor '                         inp_pos' [i32, ne = {   512,     1,     1,     1 }] is used by node 'Kcur-9' (ROPE)
llama_graph_n_input_tensors: input tensor '                         inp_pos' [i32, ne = {   512,     1,     1,     1 }] is used by node 'Qcur-10' (ROPE)
llama_graph_n_input_tensors: input tensor '                         inp_pos' [i32, ne = {   512,     1,     1,     1 }] is used by node 'Kcur-10' (ROPE)
llama_graph_n_input_tensors: input tensor '                         inp_pos' [i32, ne = {   512,     1,     1,     1 }] is used by node 'Qcur-11' (ROPE)
llama_graph_n_input_tensors: input tensor '                         inp_pos' [i32, ne = {   512,     1,     1,     1 }] is used by node 'Kcur-11' (ROPE)
llama_graph_n_input_tensors: input tensor '                         inp_pos' [i32, ne = {   512,     1,     1,     1 }] is used by node 'Qcur-12' (ROPE)
llama_graph_n_input_tensors: input tensor '                         inp_pos' [i32, ne = {   512,     1,     1,     1 }] is used by node 'Kcur-12' (ROPE)
llama_graph_n_input_tensors: input tensor '                         inp_pos' [i32, ne = {   512,     1,     1,     1 }] is used by node 'Qcur-13' (ROPE)
llama_graph_n_input_tensors: input tensor '                         inp_pos' [i32, ne = {   512,     1,     1,     1 }] is used by node 'Kcur-13' (ROPE)
llama_graph_n_input_tensors: input tensor '                         inp_pos' [i32, ne = {   512,     1,     1,     1 }] is used by node 'Qcur-14' (ROPE)
llama_graph_n_input_tensors: input tensor '                         inp_pos' [i32, ne = {   512,     1,     1,     1 }] is used by node 'Kcur-14' (ROPE)
llama_graph_n_input_tensors: input tensor '                         inp_pos' [i32, ne = {   512,     1,     1,     1 }] is used by node 'Qcur-15' (ROPE)
llama_graph_n_input_tensors: input tensor '                         inp_pos' [i32, ne = {   512,     1,     1,     1 }] is used by node 'Kcur-15' (ROPE)
llama_graph_n_input_tensors: input tensor '                         inp_pos' [i32, ne = {   512,     1,     1,     1 }] is used by node 'Qcur-16' (ROPE)
llama_graph_n_input_tensors: input tensor '                         inp_pos' [i32, ne = {   512,     1,     1,     1 }] is used by node 'Kcur-16' (ROPE)
llama_graph_n_input_tensors: input tensor '                         inp_pos' [i32, ne = {   512,     1,     1,     1 }] is used by node 'Qcur-17' (ROPE)
llama_graph_n_input_tensors: input tensor '                         inp_pos' [i32, ne = {   512,     1,     1,     1 }] is used by node 'Kcur-17' (ROPE)
llama_graph_n_input_tensors: input tensor '                         inp_pos' [i32, ne = {   512,     1,     1,     1 }] is used by node 'Qcur-18' (ROPE)
llama_graph_n_input_tensors: input tensor '                         inp_pos' [i32, ne = {   512,     1,     1,     1 }] is used by node 'Kcur-18' (ROPE)
llama_graph_n_input_tensors: input tensor '                         inp_pos' [i32, ne = {   512,     1,     1,     1 }] is used by node 'Qcur-19' (ROPE)
llama_graph_n_input_tensors: input tensor '                         inp_pos' [i32, ne = {   512,     1,     1,     1 }] is used by node 'Kcur-19' (ROPE)
llama_graph_n_input_tensors: input tensor '                         inp_pos' [i32, ne = {   512,     1,     1,     1 }] is used by node 'Qcur-20' (ROPE)
llama_graph_n_input_tensors: input tensor '                         inp_pos' [i32, ne = {   512,     1,     1,     1 }] is used by node 'Kcur-20' (ROPE)
llama_graph_n_input_tensors: input tensor '                         inp_pos' [i32, ne = {   512,     1,     1,     1 }] is used by node 'Qcur-21' (ROPE)
llama_graph_n_input_tensors: input tensor '                         inp_pos' [i32, ne = {   512,     1,     1,     1 }] is used by node 'Kcur-21' (ROPE)
llama_graph_n_input_tensors: input tensor '                         inp_pos' [i32, ne = {   512,     1,     1,     1 }] is used by node 'Qcur-22' (ROPE)
llama_graph_n_input_tensors: input tensor '                         inp_pos' [i32, ne = {   512,     1,     1,     1 }] is used by node 'Kcur-22' (ROPE)
llama_graph_n_input_tensors: input tensor '                         inp_pos' [i32, ne = {   512,     1,     1,     1 }] is used by node 'Qcur-23' (ROPE)
llama_graph_n_input_tensors: input tensor '                         inp_pos' [i32, ne = {   512,     1,     1,     1 }] is used by node 'Kcur-23' (ROPE)
llama_graph_n_input_tensors: input tensor '                         inp_pos' [i32, ne = {   512,     1,     1,     1 }] is used by node 'Qcur-24' (ROPE)
llama_graph_n_input_tensors: input tensor '                         inp_pos' [i32, ne = {   512,     1,     1,     1 }] is used by node 'Kcur-24' (ROPE)
llama_graph_n_input_tensors: input tensor '                         inp_pos' [i32, ne = {   512,     1,     1,     1 }] is used by node 'Qcur-25' (ROPE)
llama_graph_n_input_tensors: input tensor '                         inp_pos' [i32, ne = {   512,     1,     1,     1 }] is used by node 'Kcur-25' (ROPE)
llama_graph_n_input_tensors: input tensor '                         inp_pos' [i32, ne = {   512,     1,     1,     1 }] is used by node 'Qcur-26' (ROPE)
llama_graph_n_input_tensors: input tensor '                         inp_pos' [i32, ne = {   512,     1,     1,     1 }] is used by node 'Kcur-26' (ROPE)
llama_graph_n_input_tensors: input tensor '                         inp_pos' [i32, ne = {   512,     1,     1,     1 }] is used by node 'Qcur-27' (ROPE)
llama_graph_n_input_tensors: input tensor '                         inp_pos' [i32, ne = {   512,     1,     1,     1 }] is used by node 'Kcur-27' (ROPE)
llama_graph_n_input_tensors: input tensor '                 attn_inp_v_idxs' [i64, ne = {   512,     1,     1,     1 }] is used by node 'cache_v_l0 (view)' (SET_ROWS)
llama_graph_n_input_tensors: input tensor '                 attn_inp_v_idxs' [i64, ne = {   512,     1,     1,     1 }] is used by node 'cache_v_l1 (view)' (SET_ROWS)
llama_graph_n_input_tensors: input tensor '                 attn_inp_v_idxs' [i64, ne = {   512,     1,     1,     1 }] is used by node 'cache_v_l2 (view)' (SET_ROWS)
llama_graph_n_input_tensors: input tensor '                 attn_inp_v_idxs' [i64, ne = {   512,     1,     1,     1 }] is used by node 'cache_v_l3 (view)' (SET_ROWS)
llama_graph_n_input_tensors: input tensor '                 attn_inp_v_idxs' [i64, ne = {   512,     1,     1,     1 }] is used by node 'cache_v_l4 (view)' (SET_ROWS)
llama_graph_n_input_tensors: input tensor '                 attn_inp_v_idxs' [i64, ne = {   512,     1,     1,     1 }] is used by node 'cache_v_l5 (view)' (SET_ROWS)
llama_graph_n_input_tensors: input tensor '                 attn_inp_v_idxs' [i64, ne = {   512,     1,     1,     1 }] is used by node 'cache_v_l6 (view)' (SET_ROWS)
llama_graph_n_input_tensors: input tensor '                 attn_inp_v_idxs' [i64, ne = {   512,     1,     1,     1 }] is used by node 'cache_v_l7 (view)' (SET_ROWS)
llama_graph_n_input_tensors: input tensor '                 attn_inp_v_idxs' [i64, ne = {   512,     1,     1,     1 }] is used by node 'cache_v_l8 (view)' (SET_ROWS)
llama_graph_n_input_tensors: input tensor '                 attn_inp_v_idxs' [i64, ne = {   512,     1,     1,     1 }] is used by node 'cache_v_l9 (view)' (SET_ROWS)
llama_graph_n_input_tensors: input tensor '                 attn_inp_v_idxs' [i64, ne = {   512,     1,     1,     1 }] is used by node 'cache_v_l10 (view)' (SET_ROWS)
llama_graph_n_input_tensors: input tensor '                 attn_inp_v_idxs' [i64, ne = {   512,     1,     1,     1 }] is used by node 'cache_v_l11 (view)' (SET_ROWS)
llama_graph_n_input_tensors: input tensor '                 attn_inp_v_idxs' [i64, ne = {   512,     1,     1,     1 }] is used by node 'cache_v_l12 (view)' (SET_ROWS)
llama_graph_n_input_tensors: input tensor '                 attn_inp_v_idxs' [i64, ne = {   512,     1,     1,     1 }] is used by node 'cache_v_l13 (view)' (SET_ROWS)
llama_graph_n_input_tensors: input tensor '                 attn_inp_v_idxs' [i64, ne = {   512,     1,     1,     1 }] is used by node 'cache_v_l14 (view)' (SET_ROWS)
llama_graph_n_input_tensors: input tensor '                 attn_inp_v_idxs' [i64, ne = {   512,     1,     1,     1 }] is used by node 'cache_v_l15 (view)' (SET_ROWS)
llama_graph_n_input_tensors: input tensor '                 attn_inp_v_idxs' [i64, ne = {   512,     1,     1,     1 }] is used by node 'cache_v_l16 (view)' (SET_ROWS)
llama_graph_n_input_tensors: input tensor '                 attn_inp_v_idxs' [i64, ne = {   512,     1,     1,     1 }] is used by node 'cache_v_l17 (view)' (SET_ROWS)
llama_graph_n_input_tensors: input tensor '                 attn_inp_v_idxs' [i64, ne = {   512,     1,     1,     1 }] is used by node 'cache_v_l18 (view)' (SET_ROWS)
llama_graph_n_input_tensors: input tensor '                 attn_inp_v_idxs' [i64, ne = {   512,     1,     1,     1 }] is used by node 'cache_v_l19 (view)' (SET_ROWS)
llama_graph_n_input_tensors: input tensor '                 attn_inp_v_idxs' [i64, ne = {   512,     1,     1,     1 }] is used by node 'cache_v_l20 (view)' (SET_ROWS)
llama_graph_n_input_tensors: input tensor '                 attn_inp_v_idxs' [i64, ne = {   512,     1,     1,     1 }] is used by node 'cache_v_l21 (view)' (SET_ROWS)
llama_graph_n_input_tensors: input tensor '                 attn_inp_v_idxs' [i64, ne = {   512,     1,     1,     1 }] is used by node 'cache_v_l22 (view)' (SET_ROWS)
llama_graph_n_input_tensors: input tensor '                 attn_inp_v_idxs' [i64, ne = {   512,     1,     1,     1 }] is used by node 'cache_v_l23 (view)' (SET_ROWS)
llama_graph_n_input_tensors: input tensor '                 attn_inp_v_idxs' [i64, ne = {   512,     1,     1,     1 }] is used by node 'cache_v_l24 (view)' (SET_ROWS)
llama_graph_n_input_tensors: input tensor '                 attn_inp_v_idxs' [i64, ne = {   512,     1,     1,     1 }] is used by node 'cache_v_l25 (view)' (SET_ROWS)
llama_graph_n_input_tensors: input tensor '                 attn_inp_v_idxs' [i64, ne = {   512,     1,     1,     1 }] is used by node 'cache_v_l26 (view)' (SET_ROWS)
llama_graph_n_input_tensors: input tensor '                 attn_inp_v_idxs' [i64, ne = {   512,     1,     1,     1 }] is used by node 'cache_v_l27 (view)' (SET_ROWS)
llama_graph_n_input_tensors: input tensor '                      inp_tokens' [i32, ne = {   512,     1,     1,     1 }] is used by node 'embd' (GET_ROWS)
sched_reserve:       MTL0 compute buffer size =   300.75 MiB
sched_reserve:        CPU compute buffer size =     8.01 MiB
sched_reserve: graph: nodes = 986, splits = 2, input objects = 4, input tensors = 6
sched_reserve: reserve took 10.89 ms, sched copies = 1
phase55_llama_matrix ready: version=0.5.0-dev n_ctx=4096 n_batch=2048 n_ubatch=512 kv=bf16 flash_attention=enabled gpu_layers=99
phase55_bench ready: format=GGUF weights=633364480 packed=633233408 tensors=310
ggml_metal_library_compile_pipeline: compiling pipeline: base = 'kernel_rms_norm_mul_f32_4', name = 'kernel_rms_norm_mul_f32_4'
ggml_metal_library_compile_pipeline: loaded kernel_rms_norm_mul_f32_4                     0x1016d8d60 | th_max = 1024 | th_width =   32
ggml_metal_library_compile_pipeline: compiling pipeline: base = 'kernel_mul_mm_q8_0_f32', name = 'kernel_mul_mm_q8_0_f32_bci=0_bco=1_ne12=1_ne13=1_r2=1_r3=1'
ggml_metal_library_compile_pipeline: loaded kernel_mul_mm_q8_0_f32_bci=0_bco=1_ne12=1_ne13=1_r2=1_r3=1      0x1016da1e0 | th_max = 1024 | th_width =   32
ggml_metal_library_compile_pipeline: compiling pipeline: base = 'kernel_set_rows_f32_i64_bf16', name = 'kernel_set_rows_f32_i64_bf16'
ggml_metal_library_compile_pipeline: loaded kernel_set_rows_f32_i64_bf16                  0x1016da560 | th_max = 1024 | th_width =   32
ggml_metal_library_compile_pipeline: compiling pipeline: base = 'kernel_rope_neox_f32', name = 'kernel_rope_neox_f32_imrope=0_is_back=0'
ggml_metal_library_compile_pipeline: loaded kernel_rope_neox_f32_imrope=0_is_back=0       0x1016db8e0 | th_max = 1024 | th_width =   32
ggml_metal_library_compile_pipeline: compiling pipeline: base = 'kernel_flash_attn_ext_blk', name = 'kernel_flash_attn_ext_blk_nqptg=8_ncpsg=64'
ggml_metal_library_compile_pipeline: loaded kernel_flash_attn_ext_blk_nqptg=8_ncpsg=64     0x7c576c0000 | th_max = 1024 | th_width =   32
ggml_metal_library_compile_pipeline: compiling pipeline: base = 'kernel_flash_attn_ext_bf16_dk128_dv128', name = 'kernel_flash_attn_ext_bf16_dk128_dv128_mask=1_sinks=0_bias=0_scap=0_kvpad=0_bcm=1_ns10=1024_ns20=1024_nsg=4'
ggml_metal_library_compile_pipeline: loaded kernel_flash_attn_ext_bf16_dk128_dv128_mask=1_sinks=0_bias=0_scap=0_kvpad=0_bcm=1_ns10=1024_ns20=1024_nsg=4     0x7c576c0380 | th_max = 1024 | th_width =   32
ggml_metal_library_compile_pipeline: compiling pipeline: base = 'kernel_bin_fuse_f32_f32_f32_4', name = 'kernel_bin_fuse_f32_f32_f32_4_op=0_nf=1_rb=0_cb=0'
ggml_metal_library_compile_pipeline: loaded kernel_bin_fuse_f32_f32_f32_4_op=0_nf=1_rb=0_cb=0     0x7c576c0700 | th_max = 1024 | th_width =   32
ggml_metal_library_compile_pipeline: compiling pipeline: base = 'kernel_swiglu_f32', name = 'kernel_swiglu_f32'
ggml_metal_library_compile_pipeline: loaded kernel_swiglu_f32                            0x7c576c0a80 | th_max = 1024 | th_width =   32
ggml_metal_library_compile_pipeline: compiling pipeline: base = 'kernel_get_rows_f32', name = 'kernel_get_rows_f32'
ggml_metal_library_compile_pipeline: loaded kernel_get_rows_f32                          0x7c576c1180 | th_max = 1024 | th_width =   32
ggml_metal_library_compile_pipeline: compiling pipeline: base = 'kernel_bin_fuse_f32_f32_f32_4', name = 'kernel_bin_fuse_f32_f32_f32_4_op=0_nf=1_rb=1_cb=0'
ggml_metal_library_compile_pipeline: loaded kernel_bin_fuse_f32_f32_f32_4_op=0_nf=1_rb=1_cb=0     0x7c576c1500 | th_max = 1024 | th_width =   32
ggml_metal_library_compile_pipeline: compiling pipeline: base = 'kernel_mul_mv_q8_0_f32', name = 'kernel_mul_mv_q8_0_f32_nsg=4_ne12=1_r2=1_r3=1_split=0'
ggml_metal_library_compile_pipeline: loaded kernel_mul_mv_q8_0_f32_nsg=4_ne12=1_r2=1_r3=1_split=0     0x7c576c1880 | th_max = 1024 | th_width =   32
ggml_metal_library_compile_pipeline: compiling pipeline: base = 'kernel_flash_attn_ext_vec_bf16_dk128_dv128', name = 'kernel_flash_attn_ext_vec_bf16_dk128_dv128_mask=1_sink=0_bias=0_scap=0_kvpad=0_sparse=0_ns10=1024_ns20=1024_nsg=1_nwg=32'
ggml_metal_library_compile_pipeline: loaded kernel_flash_attn_ext_vec_bf16_dk128_dv128_mask=1_sink=0_bias=0_scap=0_kvpad=0_sparse=0_ns10=1024_ns20=1024_nsg=1_nwg=32     0x7c576c1f80 | th_max = 1024 | th_width =   32
ggml_metal_library_compile_pipeline: compiling pipeline: base = 'kernel_flash_attn_ext_vec_reduce', name = 'kernel_flash_attn_ext_vec_reduce_dv=128_nwg=32'
ggml_metal_library_compile_pipeline: loaded kernel_flash_attn_ext_vec_reduce_dv=128_nwg=32     0x7c576c2300 | th_max = 1024 | th_width =   32
ggml_metal_library_compile_pipeline: compiling pipeline: base = 'kernel_mul_mm_q8_0_f32', name = 'kernel_mul_mm_q8_0_f32_bci=0_bco=0_ne12=1_ne13=1_r2=1_r3=1'
ggml_metal_library_compile_pipeline: loaded kernel_mul_mm_q8_0_f32_bci=0_bco=0_ne12=1_ne13=1_r2=1_r3=1     0x7c576c1c00 | th_max = 1024 | th_width =   32
ggml_metal_library_compile_pipeline: compiling pipeline: base = 'kernel_flash_attn_ext_bf16_dk128_dv128', name = 'kernel_flash_attn_ext_bf16_dk128_dv128_mask=1_sinks=0_bias=0_scap=0_kvpad=0_bcm=0_ns10=1024_ns20=1024_nsg=4'
ggml_metal_library_compile_pipeline: loaded kernel_flash_attn_ext_bf16_dk128_dv128_mask=1_sinks=0_bias=0_scap=0_kvpad=0_bcm=0_ns10=1024_ns20=1024_nsg=4     0x7c576c2a00 | th_max = 1024 | th_width =   32
{"case":"short","decode_aggregate_tps":105.3948432042235,"decode_counters":[{"allocated_bytes":4,"allocation_time":{"nanos":5958,"secs":0},"allocations":1,"arena_capacity":244527104,"arena_high_water":268435456,"command_buffers":1,"completion_waits":1,"dispatches":591,"encode":{"nanos":211769,"secs":0},"gpu":{"nanos":8503833,"secs":0},"reused_bytes":2306048,"transient_live_bytes":524288,"transient_peak_bytes":2306048,"wait":{"nanos":8742125,"secs":0}},{"allocated_bytes":4,"allocation_time":{"nanos":3000,"secs":0},"allocations":1,"arena_capacity":244527104,"arena_high_water":268435456,"command_buffers":1,"completion_waits":1,"dispatches":591,"encode":{"nanos":200713,"secs":0},"gpu":{"nanos":8630583,"secs":0},"reused_bytes":2306048,"transient_live_bytes":524288,"transient_peak_bytes":2306048,"wait":{"nanos":8886208,"secs":0}},{"allocated_bytes":4,"allocation_time":{"nanos":4209,"secs":0},"allocations":1,"arena_capacity":244527104,"arena_high_water":268435456,"command_buffers":1,"completion_waits":1,"dispatches":591,"encode":{"nanos":194977,"secs":0},"gpu":{"nanos":8629500,"secs":0},"reused_bytes":2306048,"transient_live_bytes":524288,"transient_peak_bytes":2306048,"wait":{"nanos":8856417,"secs":0}},{"allocated_bytes":4,"allocation_time":{"nanos":2583,"secs":0},"allocations":1,"arena_capacity":244527104,"arena_high_water":268435456,"command_buffers":1,"completion_waits":1,"dispatches":591,"encode":{"nanos":190795,"secs":0},"gpu":{"nanos":8115750,"secs":0},"reused_bytes":2306048,"transient_live_bytes":524288,"transient_peak_bytes":2306048,"wait":{"nanos":8302917,"secs":0}},{"allocated_bytes":4,"allocation_time":{"nanos":3583,"secs":0},"allocations":1,"arena_capacity":244527104,"arena_high_water":268435456,"command_buffers":1,"completion_waits":1,"dispatches":591,"encode":{"nanos":189788,"secs":0},"gpu":{"nanos":9457458,"secs":0},"reused_bytes":2306048,"transient_live_bytes":524288,"transient_peak_bytes":2306048,"wait":{"nanos":9654542,"secs":0}},{"allocated_bytes":4,"allocation_time":{"nanos":3417,"secs":0},"allocations":1,"arena_capacity":244527104,"arena_high_water":268435456,"command_buffers":1,"completion_waits":1,"dispatches":591,"encode":{"nanos":199827,"secs":0},"gpu":{"nanos":7954500,"secs":0},"reused_bytes":2306048,"transient_live_bytes":524288,"transient_peak_bytes":2306048,"wait":{"nanos":8204166,"secs":0}},{"allocated_bytes":4,"allocation_time":{"nanos":3917,"secs":0},"allocations":1,"arena_capacity":244527104,"arena_high_water":268435456,"command_buffers":1,"completion_waits":1,"dispatches":591,"encode":{"nanos":191141,"secs":0},"gpu":{"nanos":8722958,"secs":0},"reused_bytes":2306048,"transient_live_bytes":524288,"transient_peak_bytes":2306048,"wait":{"nanos":8968292,"secs":0}},{"allocated_bytes":4,"allocation_time":{"nanos":3625,"secs":0},"allocations":1,"arena_capacity":244527104,"arena_high_water":268435456,"command_buffers":1,"completion_waits":1,"dispatches":591,"encode":{"nanos":188698,"secs":0},"gpu":{"nanos":8819792,"secs":0},"reused_bytes":2306048,"transient_live_bytes":524288,"transient_peak_bytes":2306048,"wait":{"nanos":9033708,"secs":0}},{"allocated_bytes":4,"allocation_time":{"nanos":3042,"secs":0},"allocations":1,"arena_capacity":244527104,"arena_high_water":268435456,"command_buffers":1,"completion_waits":1,"dispatches":591,"encode":{"nanos":188423,"secs":0},"gpu":{"nanos":8708208,"secs":0},"reused_bytes":2306048,"transient_live_bytes":524288,"transient_peak_bytes":2306048,"wait":{"nanos":8910166,"secs":0}},{"allocated_bytes":4,"allocation_time":{"nanos":11333,"secs":0},"allocations":1,"arena_capacity":244527104,"arena_high_water":268435456,"command_buffers":1,"completion_waits":1,"dispatches":591,"encode":{"nanos":237740,"secs":0},"gpu":{"nanos":8642375,"secs":0},"reused_bytes":2306048,"transient_live_bytes":524288,"transient_peak_bytes":2306048,"wait":{"nanos":8911917,"secs":0}},{"allocated_bytes":4,"allocation_time":{"nanos":5500,"secs":0},"allocations":1,"arena_capacity":244527104,"arena_high_water":268435456,"command_buffers":1,"completion_waits":1,"dispatches":591,"encode":{"nanos":198125,"secs":0},"gpu":{"nanos":9250875,"secs":0},"reused_bytes":2306048,"transient_live_bytes":524288,"transient_peak_bytes":2306048,"wait":{"nanos":9495583,"secs":0}},{"allocated_bytes":114692,"allocation_time":{"nanos":99294,"secs":0},"allocations":57,"arena_capacity":244641792,"arena_high_water":268435456,"command_buffers":1,"completion_waits":1,"dispatches":591,"encode":{"nanos":201398,"secs":0},"gpu":{"nanos":8559500,"secs":0},"reused_bytes":2248704,"transient_live_bytes":524288,"transient_peak_bytes":2363392,"wait":{"nanos":8792208,"secs":0}},{"allocated_bytes":4,"allocation_time":{"nanos":3208,"secs":0},"allocations":1,"arena_capacity":244641792,"arena_high_water":268435456,"command_buffers":1,"completion_waits":1,"dispatches":591,"encode":{"nanos":191842,"secs":0},"gpu":{"nanos":8836458,"secs":0},"reused_bytes":2363392,"transient_live_bytes":524288,"transient_peak_bytes":2363392,"wait":{"nanos":9058917,"secs":0}},{"allocated_bytes":4,"allocation_time":{"nanos":2708,"secs":0},"allocations":1,"arena_capacity":244641792,"arena_high_water":268435456,"command_buffers":1,"completion_waits":1,"dispatches":591,"encode":{"nanos":190593,"secs":0},"gpu":{"nanos":8941375,"secs":0},"reused_bytes":2363392,"transient_live_bytes":524288,"transient_peak_bytes":2363392,"wait":{"nanos":9160958,"secs":0}},{"allocated_bytes":4,"allocation_time":{"nanos":3875,"secs":0},"allocations":1,"arena_capacity":244641792,"arena_high_water":268435456,"command_buffers":1,"completion_waits":1,"dispatches":591,"encode":{"nanos":199745,"secs":0},"gpu":{"nanos":9919750,"secs":0},"reused_bytes":2363392,"transient_live_bytes":524288,"transient_peak_bytes":2363392,"wait":{"nanos":10142541,"secs":0}},{"allocated_bytes":4,"allocation_time":{"nanos":3834,"secs":0},"allocations":1,"arena_capacity":244641792,"arena_high_water":268435456,"command_buffers":1,"completion_waits":1,"dispatches":591,"encode":{"nanos":197531,"secs":0},"gpu":{"nanos":8808333,"secs":0},"reused_bytes":2363392,"transient_live_bytes":524288,"transient_peak_bytes":2363392,"wait":{"nanos":9013833,"secs":0}}],"decode_median_ms":9.457208,"decode_ms":[9.243542,9.374041,9.33325,8.732541999999999,10.106042,8.688125,9.436125,9.499584,9.375417,9.460167,9.976666999999999,9.378041999999999,9.528875,9.629541,10.590916,9.457208],"decode_profiles":[{},{},{},{},{},{},{},{},{},{},{},{},{},{},{},{}],"decode_tps":105.73945291252979,"first_token_ms":49.024625,"generated_ids":[151667,198,32313,11,279,1196,1101,1053,330,9707,8958,773,358,1184,311,5889,34901],"generated_tokens":17,"generation_ms":204.73308400000002,"generation_tps":83.0349431946231,"kv_active_bytes":4243456,"kv_reserved_bytes":29360128,"model_format":"GGUF","model_repository":"Qwen/Qwen3-0.6B-GGUF","model_revision":"23749fefcc72300e3a2ad315e1317431b06b590a","moe_expert_tensorops":true,"moe_expert_tensorops_min_routes_per_expert":8,"packed_quantized_bytes":633233408,"pair":0,"pair_order":"ferrum-control>ferrum-candidate>llama.cpp","parameter_count":596049920,"prefill_counters":{"allocated_bytes":29360212,"allocation_time":{"nanos":1599876,"secs":0},"allocations":57,"arena_capacity":244527104,"arena_high_water":268435456,"command_buffers":1,"completion_waits":1,"dispatches":591,"encode":{"nanos":264324,"secs":0},"gpu":{"nanos":46158000,"secs":0},"reused_bytes":45613056,"transient_live_bytes":0,"transient_peak_bytes":45613056,"wait":{"nanos":46604875,"secs":0}},"prefill_ms":48.723124999999996,"prefill_profile":{},"prefill_tps":431.00683710250524,"prompt_ids":[151644,8948,198,2610,525,264,10950,17847,13,151645,198,151644,872,198,9707,0,151645,198,151644,77091,198],"prompt_tokens":21,"q5_0_gemv_n4":false,"q8_0_mpp_tile_k64":false,"retained_weight_bytes":633364480,"runtime":"ferrum","sampling_ms":3.981708,"source_tensor_bytes":633495552,"tensor_count":310,"warmup":false,"process_rss_bytes":1148944384,"ferrum_variant":"control","source_matrix_case_model":"Qwen/Qwen3-0.6B-GGUF@Q8_0","engine_order":["ferrum-control","ferrum-candidate","llama.cpp"],"case_index":0,"engine_load_plus_first_warmup_ms":1321.5061250375584}
{"case":"short","decode_aggregate_tps":100.18910756671409,"decode_counters":[{"allocated_bytes":4,"allocation_time":{"nanos":9583,"secs":0},"allocations":1,"arena_capacity":244641792,"arena_high_water":268435456,"command_buffers":1,"completion_waits":1,"dispatches":591,"encode":{"nanos":233617,"secs":0},"gpu":{"nanos":8872125,"secs":0},"reused_bytes":2306048,"transient_live_bytes":524288,"transient_peak_bytes":2306048,"wait":{"nanos":9151500,"secs":0}},{"allocated_bytes":4,"allocation_time":{"nanos":11375,"secs":0},"allocations":1,"arena_capacity":244641792,"arena_high_water":268435456,"command_buffers":1,"completion_waits":1,"dispatches":591,"encode":{"nanos":238123,"secs":0},"gpu":{"nanos":8543208,"secs":0},"reused_bytes":2306048,"transient_live_bytes":524288,"transient_peak_bytes":2306048,"wait":{"nanos":8792625,"secs":0}},{"allocated_bytes":4,"allocation_time":{"nanos":13375,"secs":0},"allocations":1,"arena_capacity":244641792,"arena_high_water":268435456,"command_buffers":1,"completion_waits":1,"dispatches":591,"encode":{"nanos":248019,"secs":0},"gpu":{"nanos":9637375,"secs":0},"reused_bytes":2306048,"transient_live_bytes":524288,"transient_peak_bytes":2306048,"wait":{"nanos":9914041,"secs":0}},{"allocated_bytes":4,"allocation_time":{"nanos":5542,"secs":0},"allocations":1,"arena_capacity":244641792,"arena_high_water":268435456,"command_buffers":1,"completion_waits":1,"dispatches":591,"encode":{"nanos":238506,"secs":0},"gpu":{"nanos":8671375,"secs":0},"reused_bytes":2306048,"transient_live_bytes":524288,"transient_peak_bytes":2306048,"wait":{"nanos":8938292,"secs":0}},{"allocated_bytes":4,"allocation_time":{"nanos":10625,"secs":0},"allocations":1,"arena_capacity":244641792,"arena_high_water":268435456,"command_buffers":1,"completion_waits":1,"dispatches":591,"encode":{"nanos":270163,"secs":0},"gpu":{"nanos":10093500,"secs":0},"reused_bytes":2306048,"transient_live_bytes":524288,"transient_peak_bytes":2306048,"wait":{"nanos":10356250,"secs":0}},{"allocated_bytes":4,"allocation_time":{"nanos":9625,"secs":0},"allocations":1,"arena_capacity":244641792,"arena_high_water":268435456,"command_buffers":1,"completion_waits":1,"dispatches":591,"encode":{"nanos":308075,"secs":0},"gpu":{"nanos":8031250,"secs":0},"reused_bytes":2306048,"transient_live_bytes":524288,"transient_peak_bytes":2306048,"wait":{"nanos":8321458,"secs":0}},{"allocated_bytes":4,"allocation_time":{"nanos":7000,"secs":0},"allocations":1,"arena_capacity":244641792,"arena_high_water":268435456,"command_buffers":1,"completion_waits":1,"dispatches":591,"encode":{"nanos":294832,"secs":0},"gpu":{"nanos":8968250,"secs":0},"reused_bytes":2306048,"transient_live_bytes":524288,"transient_peak_bytes":2306048,"wait":{"nanos":9243042,"secs":0}},{"allocated_bytes":4,"allocation_time":{"nanos":7709,"secs":0},"allocations":1,"arena_capacity":244641792,"arena_high_water":268435456,"command_buffers":1,"completion_waits":1,"dispatches":591,"encode":{"nanos":300835,"secs":0},"gpu":{"nanos":9063000,"secs":0},"reused_bytes":2306048,"transient_live_bytes":524288,"transient_peak_bytes":2306048,"wait":{"nanos":9311709,"secs":0}},{"allocated_bytes":4,"allocation_time":{"nanos":13250,"secs":0},"allocations":1,"arena_capacity":244641792,"arena_high_water":268435456,"command_buffers":1,"completion_waits":1,"dispatches":591,"encode":{"nanos":345499,"secs":0},"gpu":{"nanos":8987125,"secs":0},"reused_bytes":2306048,"transient_live_bytes":524288,"transient_peak_bytes":2306048,"wait":{"nanos":9303875,"secs":0}},{"allocated_bytes":4,"allocation_time":{"nanos":15209,"secs":0},"allocations":1,"arena_capacity":244641792,"arena_high_water":268435456,"command_buffers":1,"completion_waits":1,"dispatches":591,"encode":{"nanos":375047,"secs":0},"gpu":{"nanos":8959750,"secs":0},"reused_bytes":2306048,"transient_live_bytes":524288,"transient_peak_bytes":2306048,"wait":{"nanos":9204417,"secs":0}},{"allocated_bytes":4,"allocation_time":{"nanos":12000,"secs":0},"allocations":1,"arena_capacity":244641792,"arena_high_water":268435456,"command_buffers":1,"completion_waits":1,"dispatches":591,"encode":{"nanos":331445,"secs":0},"gpu":{"nanos":8830125,"secs":0},"reused_bytes":2306048,"transient_live_bytes":524288,"transient_peak_bytes":2306048,"wait":{"nanos":9099958,"secs":0}},{"allocated_bytes":4,"allocation_time":{"nanos":8708,"secs":0},"allocations":1,"arena_capacity":244641792,"arena_high_water":268435456,"command_buffers":1,"completion_waits":1,"dispatches":591,"encode":{"nanos":346485,"secs":0},"gpu":{"nanos":8782917,"secs":0},"reused_bytes":2363392,"transient_live_bytes":524288,"transient_peak_bytes":2363392,"wait":{"nanos":9076416,"secs":0}},{"allocated_bytes":4,"allocation_time":{"nanos":12416,"secs":0},"allocations":1,"arena_capacity":244641792,"arena_high_water":268435456,"command_buffers":1,"completion_waits":1,"dispatches":591,"encode":{"nanos":274459,"secs":0},"gpu":{"nanos":8979333,"secs":0},"reused_bytes":2363392,"transient_live_bytes":524288,"transient_peak_bytes":2363392,"wait":{"nanos":9247083,"secs":0}},{"allocated_bytes":4,"allocation_time":{"nanos":8958,"secs":0},"allocations":1,"arena_capacity":244641792,"arena_high_water":268435456,"command_buffers":1,"completion_waits":1,"dispatches":591,"encode":{"nanos":289324,"secs":0},"gpu":{"nanos":10318875,"secs":0},"reused_bytes":2363392,"transient_live_bytes":524288,"transient_peak_bytes":2363392,"wait":{"nanos":10593875,"secs":0}},{"allocated_bytes":4,"allocation_time":{"nanos":11209,"secs":0},"allocations":1,"arena_capacity":244641792,"arena_high_water":268435456,"command_buffers":1,"completion_waits":1,"dispatches":591,"encode":{"nanos":277794,"secs":0},"gpu":{"nanos":8914250,"secs":0},"reused_bytes":2363392,"transient_live_bytes":524288,"transient_peak_bytes":2363392,"wait":{"nanos":9203375,"secs":0}},{"allocated_bytes":4,"allocation_time":{"nanos":9292,"secs":0},"allocations":1,"arena_capacity":244641792,"arena_high_water":268435456,"command_buffers":1,"completion_waits":1,"dispatches":591,"encode":{"nanos":253741,"secs":0},"gpu":{"nanos":8996750,"secs":0},"reused_bytes":2363392,"transient_live_bytes":524288,"transient_peak_bytes":2363392,"wait":{"nanos":9290625,"secs":0}}],"decode_median_ms":9.896541,"decode_ms":[9.671792,9.331124999999998,10.491208,9.503292,10.987916,9.01425,9.916457999999999,10.012875,10.086417,10.002041,9.833333,9.85675,9.896541,11.397167,9.810875,9.885959],"decode_profiles":[{},{},{},{},{},{},{},{},{},{},{},{},{},{},{},{}],"decode_tps":101.04540566244307,"first_token_ms":49.324167,"generated_ids":[151667,198,32313,11,279,1196,1101,1053,330,9707,8958,773,358,1184,311,5889,34901],"generated_tokens":17,"generation_ms":214.34449999999998,"generation_tps":79.31157552444779,"kv_active_bytes":4243456,"kv_reserved_bytes":29360128,"model_format":"GGUF","model_repository":"Qwen/Qwen3-0.6B-GGUF","model_revision":"23749fefcc72300e3a2ad315e1317431b06b590a","moe_expert_tensorops":true,"moe_expert_tensorops_min_routes_per_expert":8,"packed_quantized_bytes":633233408,"pair":0,"pair_order":"ferrum-control>ferrum-candidate>llama.cpp","parameter_count":596049920,"prefill_counters":{"allocated_bytes":29360212,"allocation_time":{"nanos":1562040,"secs":0},"allocations":57,"arena_capacity":244641792,"arena_high_water":268435456,"command_buffers":1,"completion_waits":1,"dispatches":591,"encode":{"nanos":243048,"secs":0},"gpu":{"nanos":46403125,"secs":0},"reused_bytes":45613056,"transient_live_bytes":0,"transient_peak_bytes":45613056,"wait":{"nanos":46977459,"secs":0}},"prefill_ms":49.011625,"prefill_profile":{},"prefill_tps":428.46977630307094,"prompt_ids":[151644,8948,198,2610,525,264,10950,17847,13,151645,198,151644,872,198,9707,0,151645,198,151644,77091,198],"prompt_tokens":21,"q5_0_gemv_n4":false,"q8_0_mpp_tile_k64":true,"retained_weight_bytes":633364480,"runtime":"ferrum","sampling_ms":5.386043,"source_tensor_bytes":633495552,"tensor_count":310,"warmup":false,"process_rss_bytes":1149583360,"ferrum_variant":"candidate","source_matrix_case_model":"Qwen/Qwen3-0.6B-GGUF@Q8_0","engine_order":["ferrum-control","ferrum-candidate","llama.cpp"],"case_index":0,"engine_load_plus_first_warmup_ms":1321.5061250375584}
{"case":"short","command_buffer_count":null,"decode_aggregate_tps":150.12444049442024,"decode_median_ms":6.652166,"decode_ms":[7.04825,6.066791,6.3445,6.46425,6.923625,6.005458,6.457541,6.077916,7.160959,6.693209,6.263958,6.20025,6.8545,6.652166,6.803292,8.561584],"decode_tps":150.32697620594556,"dispatch_count":null,"first_token_ms":17.585125,"generated_ids":[151667,198,32313,11,279,1196,1101,1053,330,9707,8958,773,358,1184,311,5889,34901],"generated_tokens":17,"generation_ms":128.597708,"generation_tps":132.19520211044508,"kv_context_capacity_tokens":4096,"kv_type":"bf16","llama_version":"0.5.0-dev","model_format":"GGUF","pair":0,"pair_order":"ferrum-control>ferrum-candidate>llama.cpp","prefill_ms":17.295417,"prefill_tps":1214.1944886324509,"process_max_rss_bytes":1243529216,"prompt_ids":[151644,8948,198,2610,525,264,10950,17847,13,151645,198,151644,872,198,9707,0,151645,198,151644,77091,198],"prompt_tokens":21,"runtime":"llama.cpp","sampling_ms":4.721209999999999,"warmup":false,"process_rss_bytes":1243512832,"source_matrix_case_model":"Qwen/Qwen3-0.6B-GGUF@Q8_0","engine_order":["ferrum-control","ferrum-candidate","llama.cpp"],"case_index":0,"engine_load_plus_first_warmup_ms":1459.0402909670956}
{"case":"short","command_buffer_count":null,"decode_aggregate_tps":135.63235027203652,"decode_median_ms":7.364375,"decode_ms":[7.498833,6.344041,6.384375,7.364375,6.1585,6.124167,6.434833,8.280708,8.366417,8.112541,8.975208,8.473459,6.99925,9.202458,6.452875,6.793917],"decode_tps":135.78884834083001,"dispatch_count":null,"first_token_ms":17.57775,"generated_ids":[151667,198,32313,11,279,1196,1101,1053,330,9707,8958,773,358,1184,311,5889,34901],"generated_tokens":17,"generation_ms":140.105667,"generation_tps":121.33699060152934,"kv_context_capacity_tokens":4096,"kv_type":"bf16","llama_version":"0.5.0-dev","model_format":"GGUF","pair":1,"pair_order":"llama.cpp>ferrum-candidate>ferrum-control","prefill_ms":17.299875,"prefill_tps":1213.8816031907745,"process_max_rss_bytes":1243545600,"prompt_ids":[151644,8948,198,2610,525,264,10950,17847,13,151645,198,151644,872,198,9707,0,151645,198,151644,77091,198],"prompt_tokens":21,"runtime":"llama.cpp","sampling_ms":4.836373999999999,"warmup":false,"process_rss_bytes":1243529216,"source_matrix_case_model":"Qwen/Qwen3-0.6B-GGUF@Q8_0","engine_order":["llama.cpp","ferrum-candidate","ferrum-control"],"case_index":0,"engine_load_plus_first_warmup_ms":1459.0402909670956}
{"case":"short","decode_aggregate_tps":100.25528692965996,"decode_counters":[{"allocated_bytes":4,"allocation_time":{"nanos":16791,"secs":0},"allocations":1,"arena_capacity":244641792,"arena_high_water":268435456,"command_buffers":1,"completion_waits":1,"dispatches":591,"encode":{"nanos":606629,"secs":0},"gpu":{"nanos":9294458,"secs":0},"reused_bytes":2306048,"transient_live_bytes":524288,"transient_peak_bytes":2306048,"wait":{"nanos":9634625,"secs":0}},{"allocated_bytes":4,"allocation_time":{"nanos":17833,"secs":0},"allocations":1,"arena_capacity":244641792,"arena_high_water":268435456,"command_buffers":1,"completion_waits":1,"dispatches":591,"encode":{"nanos":256676,"secs":0},"gpu":{"nanos":8625500,"secs":0},"reused_bytes":2306048,"transient_live_bytes":524288,"transient_peak_bytes":2306048,"wait":{"nanos":8857208,"secs":0}},{"allocated_bytes":4,"allocation_time":{"nanos":16833,"secs":0},"allocations":1,"arena_capacity":244641792,"arena_high_water":268435456,"command_buffers":1,"completion_waits":1,"dispatches":591,"encode":{"nanos":243707,"secs":0},"gpu":{"nanos":9261750,"secs":0},"reused_bytes":2306048,"transient_live_bytes":524288,"transient_peak_bytes":2306048,"wait":{"nanos":9504875,"secs":0}},{"allocated_bytes":4,"allocation_time":{"nanos":10583,"secs":0},"allocations":1,"arena_capacity":244641792,"arena_high_water":268435456,"command_buffers":1,"completion_waits":1,"dispatches":591,"encode":{"nanos":238080,"secs":0},"gpu":{"nanos":8551583,"secs":0},"reused_bytes":2306048,"transient_live_bytes":524288,"transient_peak_bytes":2306048,"wait":{"nanos":8775541,"secs":0}},{"allocated_bytes":4,"allocation_time":{"nanos":13625,"secs":0},"allocations":1,"arena_capacity":244641792,"arena_high_water":268435456,"command_buffers":1,"completion_waits":1,"dispatches":591,"encode":{"nanos":239085,"secs":0},"gpu":{"nanos":9073250,"secs":0},"reused_bytes":2306048,"transient_live_bytes":524288,"transient_peak_bytes":2306048,"wait":{"nanos":9417417,"secs":0}},{"allocated_bytes":4,"allocation_time":{"nanos":10000,"secs":0},"allocations":1,"arena_capacity":244641792,"arena_high_water":268435456,"command_buffers":1,"completion_waits":1,"dispatches":591,"encode":{"nanos":235460,"secs":0},"gpu":{"nanos":9595500,"secs":0},"reused_bytes":2306048,"transient_live_bytes":524288,"transient_peak_bytes":2306048,"wait":{"nanos":9835709,"secs":0}},{"allocated_bytes":4,"allocation_time":{"nanos":8625,"secs":0},"allocations":1,"arena_capacity":244641792,"arena_high_water":268435456,"command_buffers":1,"completion_waits":1,"dispatches":591,"encode":{"nanos":242876,"secs":0},"gpu":{"nanos":8827000,"secs":0},"reused_bytes":2306048,"transient_live_bytes":524288,"transient_peak_bytes":2306048,"wait":{"nanos":9164125,"secs":0}},{"allocated_bytes":4,"allocation_time":{"nanos":7000,"secs":0},"allocations":1,"arena_capacity":244641792,"arena_high_water":268435456,"command_buffers":1,"completion_waits":1,"dispatches":591,"encode":{"nanos":243917,"secs":0},"gpu":{"nanos":9086500,"secs":0},"reused_bytes":2306048,"transient_live_bytes":524288,"transient_peak_bytes":2306048,"wait":{"nanos":9426667,"secs":0}},{"allocated_bytes":4,"allocation_time":{"nanos":9625,"secs":0},"allocations":1,"arena_capacity":244641792,"arena_high_water":268435456,"command_buffers":1,"completion_waits":1,"dispatches":591,"encode":{"nanos":237572,"secs":0},"gpu":{"nanos":8732375,"secs":0},"reused_bytes":2306048,"transient_live_bytes":524288,"transient_peak_bytes":2306048,"wait":{"nanos":8971583,"secs":0}},{"allocated_bytes":4,"allocation_time":{"nanos":6625,"secs":0},"allocations":1,"arena_capacity":244641792,"arena_high_water":268435456,"command_buffers":1,"completion_waits":1,"dispatches":591,"encode":{"nanos":231842,"secs":0},"gpu":{"nanos":9462250,"secs":0},"reused_bytes":2306048,"transient_live_bytes":524288,"transient_peak_bytes":2306048,"wait":{"nanos":9675500,"secs":0}},{"allocated_bytes":4,"allocation_time":{"nanos":8792,"secs":0},"allocations":1,"arena_capacity":244641792,"arena_high_water":268435456,"command_buffers":1,"completion_waits":1,"dispatches":591,"encode":{"nanos":240592,"secs":0},"gpu":{"nanos":8818583,"secs":0},"reused_bytes":2306048,"transient_live_bytes":524288,"transient_peak_bytes":2306048,"wait":{"nanos":9084833,"secs":0}},{"allocated_bytes":4,"allocation_time":{"nanos":7917,"secs":0},"allocations":1,"arena_capacity":244641792,"arena_high_water":268435456,"command_buffers":1,"completion_waits":1,"dispatches":591,"encode":{"nanos":233035,"secs":0},"gpu":{"nanos":8658250,"secs":0},"reused_bytes":2363392,"transient_live_bytes":524288,"transient_peak_bytes":2363392,"wait":{"nanos":8910416,"secs":0}},{"allocated_bytes":4,"allocation_time":{"nanos":6708,"secs":0},"allocations":1,"arena_capacity":244641792,"arena_high_water":268435456,"command_buffers":1,"completion_waits":1,"dispatches":591,"encode":{"nanos":237875,"secs":0},"gpu":{"nanos":9136958,"secs":0},"reused_bytes":2363392,"transient_live_bytes":524288,"transient_peak_bytes":2363392,"wait":{"nanos":9406583,"secs":0}},{"allocated_bytes":4,"allocation_time":{"nanos":10458,"secs":0},"allocations":1,"arena_capacity":244641792,"arena_high_water":268435456,"command_buffers":1,"completion_waits":1,"dispatches":591,"encode":{"nanos":280784,"secs":0},"gpu":{"nanos":9418500,"secs":0},"reused_bytes":2363392,"transient_live_bytes":524288,"transient_peak_bytes":2363392,"wait":{"nanos":9674625,"secs":0}},{"allocated_bytes":4,"allocation_time":{"nanos":9292,"secs":0},"allocations":1,"arena_capacity":244641792,"arena_high_water":268435456,"command_buffers":1,"completion_waits":1,"dispatches":591,"encode":{"nanos":255039,"secs":0},"gpu":{"nanos":10107500,"secs":0},"reused_bytes":2363392,"transient_live_bytes":524288,"transient_peak_bytes":2363392,"wait":{"nanos":10320416,"secs":0}},{"allocated_bytes":4,"allocation_time":{"nanos":10125,"secs":0},"allocations":1,"arena_capacity":244641792,"arena_high_water":268435456,"command_buffers":1,"completion_waits":1,"dispatches":591,"encode":{"nanos":246331,"secs":0},"gpu":{"nanos":8979875,"secs":0},"reused_bytes":2363392,"transient_live_bytes":524288,"transient_peak_bytes":2363392,"wait":{"nanos":9213709,"secs":0}}],"decode_median_ms":10.014375000000001,"decode_ms":[10.786875,9.446416,10.050958,9.317792,9.991125,10.381375,9.721292,10.014375000000001,9.531082999999999,10.2155,9.650041,9.448375,10.068708,10.29075,10.907791,9.770125],"decode_profiles":[{},{},{},{},{},{},{},{},{},{},{},{},{},{},{},{}],"decode_tps":99.85645634400548,"first_token_ms":48.697458,"generated_ids":[151667,198,32313,11,279,1196,1101,1053,330,9707,8958,773,358,1184,311,5889,34901],"generated_tokens":17,"generation_ms":212.927042,"generation_tps":79.83955368149059,"kv_active_bytes":4243456,"kv_reserved_bytes":29360128,"model_format":"GGUF","model_repository":"Qwen/Qwen3-0.6B-GGUF","model_revision":"23749fefcc72300e3a2ad315e1317431b06b590a","moe_expert_tensorops":true,"moe_expert_tensorops_min_routes_per_expert":8,"packed_quantized_bytes":633233408,"pair":1,"pair_order":"llama.cpp>ferrum-candidate>ferrum-control","parameter_count":596049920,"prefill_counters":{"allocated_bytes":29360212,"allocation_time":{"nanos":1582998,"secs":0},"allocations":57,"arena_capacity":244641792,"arena_high_water":268435456,"command_buffers":1,"completion_waits":1,"dispatches":591,"encode":{"nanos":268628,"secs":0},"gpu":{"nanos":45857625,"secs":0},"reused_bytes":45613056,"transient_live_bytes":0,"transient_peak_bytes":45613056,"wait":{"nanos":46263083,"secs":0}},"prefill_ms":48.361083,"prefill_profile":{},"prefill_tps":434.23345171984676,"prompt_ids":[151644,8948,198,2610,525,264,10950,17847,13,151645,198,151644,872,198,9707,0,151645,198,151644,77091,198],"prompt_tokens":21,"q5_0_gemv_n4":false,"q8_0_mpp_tile_k64":true,"retained_weight_bytes":633364480,"runtime":"ferrum","sampling_ms":4.714,"source_tensor_bytes":633495552,"tensor_count":310,"warmup":false,"process_rss_bytes":1149583360,"ferrum_variant":"candidate","source_matrix_case_model":"Qwen/Qwen3-0.6B-GGUF@Q8_0","engine_order":["llama.cpp","ferrum-candidate","ferrum-control"],"case_index":0,"engine_load_plus_first_warmup_ms":1321.5061250375584}
{"case":"short","decode_aggregate_tps":100.42242756921006,"decode_counters":[{"allocated_bytes":4,"allocation_time":{"nanos":13834,"secs":0},"allocations":1,"arena_capacity":244641792,"arena_high_water":268435456,"command_buffers":1,"completion_waits":1,"dispatches":591,"encode":{"nanos":269122,"secs":0},"gpu":{"nanos":8682875,"secs":0},"reused_bytes":2306048,"transient_live_bytes":524288,"transient_peak_bytes":2306048,"wait":{"nanos":8946417,"secs":0}},{"allocated_bytes":4,"allocation_time":{"nanos":9541,"secs":0},"allocations":1,"arena_capacity":244641792,"arena_high_water":268435456,"command_buffers":1,"completion_waits":1,"dispatches":591,"encode":{"nanos":237775,"secs":0},"gpu":{"nanos":9200000,"secs":0},"reused_bytes":2306048,"transient_live_bytes":524288,"transient_peak_bytes":2306048,"wait":{"nanos":9413666,"secs":0}},{"allocated_bytes":4,"allocation_time":{"nanos":9458,"secs":0},"allocations":1,"arena_capacity":244641792,"arena_high_water":268435456,"command_buffers":1,"completion_waits":1,"dispatches":591,"encode":{"nanos":235877,"secs":0},"gpu":{"nanos":8664583,"secs":0},"reused_bytes":2306048,"transient_live_bytes":524288,"transient_peak_bytes":2306048,"wait":{"nanos":8896250,"secs":0}},{"allocated_bytes":4,"allocation_time":{"nanos":11041,"secs":0},"allocations":1,"arena_capacity":244641792,"arena_high_water":268435456,"command_buffers":1,"completion_waits":1,"dispatches":591,"encode":{"nanos":256170,"secs":0},"gpu":{"nanos":8592542,"secs":0},"reused_bytes":2306048,"transient_live_bytes":524288,"transient_peak_bytes":2306048,"wait":{"nanos":8867416,"secs":0}},{"allocated_bytes":4,"allocation_time":{"nanos":10042,"secs":0},"allocations":1,"arena_capacity":244641792,"arena_high_water":268435456,"command_buffers":1,"completion_waits":1,"dispatches":591,"encode":{"nanos":237218,"secs":0},"gpu":{"nanos":10009875,"secs":0},"reused_bytes":2306048,"transient_live_bytes":524288,"transient_peak_bytes":2306048,"wait":{"nanos":10218750,"secs":0}},{"allocated_bytes":4,"allocation_time":{"nanos":14208,"secs":0},"allocations":1,"arena_capacity":244641792,"arena_high_water":268435456,"command_buffers":1,"completion_waits":1,"dispatches":591,"encode":{"nanos":262920,"secs":0},"gpu":{"nanos":8687250,"secs":0},"reused_bytes":2306048,"transient_live_bytes":524288,"transient_peak_bytes":2306048,"wait":{"nanos":8918375,"secs":0}},{"allocated_bytes":4,"allocation_time":{"nanos":9375,"secs":0},"allocations":1,"arena_capacity":244641792,"arena_high_water":268435456,"command_buffers":1,"completion_waits":1,"dispatches":591,"encode":{"nanos":239718,"secs":0},"gpu":{"nanos":8994667,"secs":0},"reused_bytes":2306048,"transient_live_bytes":524288,"transient_peak_bytes":2306048,"wait":{"nanos":9248750,"secs":0}},{"allocated_bytes":4,"allocation_time":{"nanos":11584,"secs":0},"allocations":1,"arena_capacity":244641792,"arena_high_water":268435456,"command_buffers":1,"completion_waits":1,"dispatches":591,"encode":{"nanos":232284,"secs":0},"gpu":{"nanos":9114917,"secs":0},"reused_bytes":2306048,"transient_live_bytes":524288,"transient_peak_bytes":2306048,"wait":{"nanos":9375042,"secs":0}},{"allocated_bytes":4,"allocation_time":{"nanos":9833,"secs":0},"allocations":1,"arena_capacity":244641792,"arena_high_water":268435456,"command_buffers":1,"completion_waits":1,"dispatches":591,"encode":{"nanos":224419,"secs":0},"gpu":{"nanos":8919375,"secs":0},"reused_bytes":2306048,"transient_live_bytes":524288,"transient_peak_bytes":2306048,"wait":{"nanos":9133750,"secs":0}},{"allocated_bytes":4,"allocation_time":{"nanos":10209,"secs":0},"allocations":1,"arena_capacity":244641792,"arena_high_water":268435456,"command_buffers":1,"completion_waits":1,"dispatches":591,"encode":{"nanos":232248,"secs":0},"gpu":{"nanos":9359375,"secs":0},"reused_bytes":2306048,"transient_live_bytes":524288,"transient_peak_bytes":2306048,"wait":{"nanos":9592292,"secs":0}},{"allocated_bytes":4,"allocation_time":{"nanos":7625,"secs":0},"allocations":1,"arena_capacity":244641792,"arena_high_water":268435456,"command_buffers":1,"completion_waits":1,"dispatches":591,"encode":{"nanos":220605,"secs":0},"gpu":{"nanos":9803833,"secs":0},"reused_bytes":2306048,"transient_live_bytes":524288,"transient_peak_bytes":2306048,"wait":{"nanos":10021584,"secs":0}},{"allocated_bytes":4,"allocation_time":{"nanos":12000,"secs":0},"allocations":1,"arena_capacity":244641792,"arena_high_water":268435456,"command_buffers":1,"completion_waits":1,"dispatches":591,"encode":{"nanos":232632,"secs":0},"gpu":{"nanos":9173750,"secs":0},"reused_bytes":2363392,"transient_live_bytes":524288,"transient_peak_bytes":2363392,"wait":{"nanos":9450083,"secs":0}},{"allocated_bytes":4,"allocation_time":{"nanos":8250,"secs":0},"allocations":1,"arena_capacity":244641792,"arena_high_water":268435456,"command_buffers":1,"completion_waits":1,"dispatches":591,"encode":{"nanos":212663,"secs":0},"gpu":{"nanos":9049000,"secs":0},"reused_bytes":2363392,"transient_live_bytes":524288,"transient_peak_bytes":2363392,"wait":{"nanos":9294833,"secs":0}},{"allocated_bytes":4,"allocation_time":{"nanos":10375,"secs":0},"allocations":1,"arena_capacity":244641792,"arena_high_water":268435456,"command_buffers":1,"completion_waits":1,"dispatches":591,"encode":{"nanos":233491,"secs":0},"gpu":{"nanos":9103500,"secs":0},"reused_bytes":2363392,"transient_live_bytes":524288,"transient_peak_bytes":2363392,"wait":{"nanos":9376666,"secs":0}},{"allocated_bytes":4,"allocation_time":{"nanos":7959,"secs":0},"allocations":1,"arena_capacity":244641792,"arena_high_water":268435456,"command_buffers":1,"completion_waits":1,"dispatches":591,"encode":{"nanos":228660,"secs":0},"gpu":{"nanos":9200125,"secs":0},"reused_bytes":2363392,"transient_live_bytes":524288,"transient_peak_bytes":2363392,"wait":{"nanos":9423833,"secs":0}},{"allocated_bytes":4,"allocation_time":{"nanos":8417,"secs":0},"allocations":1,"arena_capacity":244641792,"arena_high_water":268435456,"command_buffers":1,"completion_waits":1,"dispatches":591,"encode":{"nanos":232965,"secs":0},"gpu":{"nanos":10184000,"secs":0},"reused_bytes":2363392,"transient_live_bytes":524288,"transient_peak_bytes":2363392,"wait":{"nanos":10435167,"secs":0}}],"decode_median_ms":9.93425,"decode_ms":[9.533875,9.966209000000001,9.432917000000002,9.462,10.767083,9.518959,9.783040999999999,9.919584,9.64225,10.125583,10.531,10.007916,9.785917,9.93425,9.948958000000001,10.967417],"decode_profiles":[{},{},{},{},{},{},{},{},{},{},{},{},{},{},{},{}],"decode_tps":100.66185167476155,"first_token_ms":49.64875,"generated_ids":[151667,198,32313,11,279,1196,1101,1053,330,9707,8958,773,358,1184,311,5889,34901],"generated_tokens":17,"generation_ms":213.36516699999999,"generation_tps":79.67561078046072,"kv_active_bytes":4243456,"kv_reserved_bytes":29360128,"model_format":"GGUF","model_repository":"Qwen/Qwen3-0.6B-GGUF","model_revision":"23749fefcc72300e3a2ad315e1317431b06b590a","moe_expert_tensorops":true,"moe_expert_tensorops_min_routes_per_expert":8,"packed_quantized_bytes":633233408,"pair":1,"pair_order":"llama.cpp>ferrum-candidate>ferrum-control","parameter_count":596049920,"prefill_counters":{"allocated_bytes":29360212,"allocation_time":{"nanos":1821421,"secs":0},"allocations":57,"arena_capacity":244641792,"arena_high_water":268435456,"command_buffers":1,"completion_waits":1,"dispatches":591,"encode":{"nanos":314954,"secs":0},"gpu":{"nanos":46186667,"secs":0},"reused_bytes":45613056,"transient_live_bytes":0,"transient_peak_bytes":45613056,"wait":{"nanos":46869791,"secs":0}},"prefill_ms":49.27525,"prefill_profile":{},"prefill_tps":426.1774420221105,"prompt_ids":[151644,8948,198,2610,525,264,10950,17847,13,151645,198,151644,872,198,9707,0,151645,198,151644,77091,198],"prompt_tokens":21,"q5_0_gemv_n4":false,"q8_0_mpp_tile_k64":false,"retained_weight_bytes":633364480,"runtime":"ferrum","sampling_ms":4.470587,"source_tensor_bytes":633495552,"tensor_count":310,"warmup":false,"process_rss_bytes":1149583360,"ferrum_variant":"control","source_matrix_case_model":"Qwen/Qwen3-0.6B-GGUF@Q8_0","engine_order":["llama.cpp","ferrum-candidate","ferrum-control"],"case_index":0,"engine_load_plus_first_warmup_ms":1321.5061250375584}
{"case":"short","decode_aggregate_tps":100.62932574024693,"decode_counters":[{"allocated_bytes":4,"allocation_time":{"nanos":11000,"secs":0},"allocations":1,"arena_capacity":244641792,"arena_high_water":268435456,"command_buffers":1,"completion_waits":1,"dispatches":591,"encode":{"nanos":237854,"secs":0},"gpu":{"nanos":8877625,"secs":0},"reused_bytes":2306048,"transient_live_bytes":524288,"transient_peak_bytes":2306048,"wait":{"nanos":9109792,"secs":0}},{"allocated_bytes":4,"allocation_time":{"nanos":11250,"secs":0},"allocations":1,"arena_capacity":244641792,"arena_high_water":268435456,"command_buffers":1,"completion_waits":1,"dispatches":591,"encode":{"nanos":231991,"secs":0},"gpu":{"nanos":9150375,"secs":0},"reused_bytes":2306048,"transient_live_bytes":524288,"transient_peak_bytes":2306048,"wait":{"nanos":9383750,"secs":0}},{"allocated_bytes":4,"allocation_time":{"nanos":14333,"secs":0},"allocations":1,"arena_capacity":244641792,"arena_high_water":268435456,"command_buffers":1,"completion_waits":1,"dispatches":591,"encode":{"nanos":236843,"secs":0},"gpu":{"nanos":9088833,"secs":0},"reused_bytes":2306048,"transient_live_bytes":524288,"transient_peak_bytes":2306048,"wait":{"nanos":9364584,"secs":0}},{"allocated_bytes":4,"allocation_time":{"nanos":13292,"secs":0},"allocations":1,"arena_capacity":244641792,"arena_high_water":268435456,"command_buffers":1,"completion_waits":1,"dispatches":591,"encode":{"nanos":223949,"secs":0},"gpu":{"nanos":9384125,"secs":0},"reused_bytes":2306048,"transient_live_bytes":524288,"transient_peak_bytes":2306048,"wait":{"nanos":9623417,"secs":0}},{"allocated_bytes":4,"allocation_time":{"nanos":14083,"secs":0},"allocations":1,"arena_capacity":244641792,"arena_high_water":268435456,"command_buffers":1,"completion_waits":1,"dispatches":591,"encode":{"nanos":253923,"secs":0},"gpu":{"nanos":9996167,"secs":0},"reused_bytes":2306048,"transient_live_bytes":524288,"transient_peak_bytes":2306048,"wait":{"nanos":10199208,"secs":0}},{"allocated_bytes":4,"allocation_time":{"nanos":10792,"secs":0},"allocations":1,"arena_capacity":244641792,"arena_high_water":268435456,"command_buffers":1,"completion_waits":1,"dispatches":591,"encode":{"nanos":225042,"secs":0},"gpu":{"nanos":8480500,"secs":0},"reused_bytes":2306048,"transient_live_bytes":524288,"transient_peak_bytes":2306048,"wait":{"nanos":8706750,"secs":0}},{"allocated_bytes":4,"allocation_time":{"nanos":12084,"secs":0},"allocations":1,"arena_capacity":244641792,"arena_high_water":268435456,"command_buffers":1,"completion_waits":1,"dispatches":591,"encode":{"nanos":233377,"secs":0},"gpu":{"nanos":9232583,"secs":0},"reused_bytes":2306048,"transient_live_bytes":524288,"transient_peak_bytes":2306048,"wait":{"nanos":9501917,"secs":0}},{"allocated_bytes":4,"allocation_time":{"nanos":10875,"secs":0},"allocations":1,"arena_capacity":244641792,"arena_high_water":268435456,"command_buffers":1,"completion_waits":1,"dispatches":591,"encode":{"nanos":223875,"secs":0},"gpu":{"nanos":9322750,"secs":0},"reused_bytes":2306048,"transient_live_bytes":524288,"transient_peak_bytes":2306048,"wait":{"nanos":9575791,"secs":0}},{"allocated_bytes":4,"allocation_time":{"nanos":8375,"secs":0},"allocations":1,"arena_capacity":244641792,"arena_high_water":268435456,"command_buffers":1,"completion_waits":1,"dispatches":591,"encode":{"nanos":219706,"secs":0},"gpu":{"nanos":9227208,"secs":0},"reused_bytes":2306048,"transient_live_bytes":524288,"transient_peak_bytes":2306048,"wait":{"nanos":9483458,"secs":0}},{"allocated_bytes":4,"allocation_time":{"nanos":9708,"secs":0},"allocations":1,"arena_capacity":244641792,"arena_high_water":268435456,"command_buffers":1,"completion_waits":1,"dispatches":591,"encode":{"nanos":258796,"secs":0},"gpu":{"nanos":9791667,"secs":0},"reused_bytes":2306048,"transient_live_bytes":524288,"transient_peak_bytes":2306048,"wait":{"nanos":10029792,"secs":0}},{"allocated_bytes":4,"allocation_time":{"nanos":11458,"secs":0},"allocations":1,"arena_capacity":244641792,"arena_high_water":268435456,"command_buffers":1,"completion_waits":1,"dispatches":591,"encode":{"nanos":240404,"secs":0},"gpu":{"nanos":8810708,"secs":0},"reused_bytes":2306048,"transient_live_bytes":524288,"transient_peak_bytes":2306048,"wait":{"nanos":9074541,"secs":0}},{"allocated_bytes":4,"allocation_time":{"nanos":12000,"secs":0},"allocations":1,"arena_capacity":244641792,"arena_high_water":268435456,"command_buffers":1,"completion_waits":1,"dispatches":591,"encode":{"nanos":230112,"secs":0},"gpu":{"nanos":8748458,"secs":0},"reused_bytes":2363392,"transient_live_bytes":524288,"transient_peak_bytes":2363392,"wait":{"nanos":8993958,"secs":0}},{"allocated_bytes":4,"allocation_time":{"nanos":13750,"secs":0},"allocations":1,"arena_capacity":244641792,"arena_high_water":268435456,"command_buffers":1,"completion_waits":1,"dispatches":591,"encode":{"nanos":268661,"secs":0},"gpu":{"nanos":8867667,"secs":0},"reused_bytes":2363392,"transient_live_bytes":524288,"transient_peak_bytes":2363392,"wait":{"nanos":9115417,"secs":0}},{"allocated_bytes":4,"allocation_time":{"nanos":6958,"secs":0},"allocations":1,"arena_capacity":244641792,"arena_high_water":268435456,"command_buffers":1,"completion_waits":1,"dispatches":591,"encode":{"nanos":211883,"secs":0},"gpu":{"nanos":8978875,"secs":0},"reused_bytes":2363392,"transient_live_bytes":524288,"transient_peak_bytes":2363392,"wait":{"nanos":9208500,"secs":0}},{"allocated_bytes":4,"allocation_time":{"nanos":5208,"secs":0},"allocations":1,"arena_capacity":244641792,"arena_high_water":268435456,"command_buffers":1,"completion_waits":1,"dispatches":591,"encode":{"nanos":213335,"secs":0},"gpu":{"nanos":8784250,"secs":0},"reused_bytes":2363392,"transient_live_bytes":524288,"transient_peak_bytes":2363392,"wait":{"nanos":8995542,"secs":0}},{"allocated_bytes":4,"allocation_time":{"nanos":4125,"secs":0},"allocations":1,"arena_capacity":244641792,"arena_high_water":268435456,"command_buffers":1,"completion_waits":1,"dispatches":591,"encode":{"nanos":241668,"secs":0},"gpu":{"nanos":9879083,"secs":0},"reused_bytes":2363392,"transient_live_bytes":524288,"transient_peak_bytes":2363392,"wait":{"nanos":10102459,"secs":0}}],"decode_median_ms":9.909958999999999,"decode_ms":[9.637167,9.909958999999999,9.897666,10.200334,10.773709,9.219583,10.025583,10.085042000000001,9.980167,10.576,9.607667000000001,9.509167000000001,9.718708,9.687332999999999,9.51325,10.658041],"decode_profiles":[{},{},{},{},{},{},{},{},{},{},{},{},{},{},{},{}],"decode_tps":100.90859104462491,"first_token_ms":50.120959,"generated_ids":[151667,198,32313,11,279,1196,1101,1053,330,9707,8958,773,358,1184,311,5889,34901],"generated_tokens":17,"generation_ms":213.301459,"generation_tps":79.69940796326199,"kv_active_bytes":4243456,"kv_reserved_bytes":29360128,"model_format":"GGUF","model_repository":"Qwen/Qwen3-0.6B-GGUF","model_revision":"23749fefcc72300e3a2ad315e1317431b06b590a","moe_expert_tensorops":true,"moe_expert_tensorops_min_routes_per_expert":8,"packed_quantized_bytes":633233408,"pair":2,"pair_order":"ferrum-control>ferrum-candidate>llama.cpp","parameter_count":596049920,"prefill_counters":{"allocated_bytes":29360212,"allocation_time":{"nanos":1758914,"secs":0},"allocations":57,"arena_capacity":244641792,"arena_high_water":268435456,"command_buffers":1,"completion_waits":1,"dispatches":591,"encode":{"nanos":290793,"secs":0},"gpu":{"nanos":46943708,"secs":0},"reused_bytes":45613056,"transient_live_bytes":0,"transient_peak_bytes":45613056,"wait":{"nanos":47464208,"secs":0}},"prefill_ms":49.773959,"prefill_profile":{},"prefill_tps":421.90736726407476,"prompt_ids":[151644,8948,198,2610,525,264,10950,17847,13,151645,198,151644,872,198,9707,0,151645,198,151644,77091,198],"prompt_tokens":21,"q5_0_gemv_n4":false,"q8_0_mpp_tile_k64":false,"retained_weight_bytes":633364480,"runtime":"ferrum","sampling_ms":4.282622,"source_tensor_bytes":633495552,"tensor_count":310,"warmup":false,"process_rss_bytes":1149583360,"ferrum_variant":"control","source_matrix_case_model":"Qwen/Qwen3-0.6B-GGUF@Q8_0","engine_order":["ferrum-control","ferrum-candidate","llama.cpp"],"case_index":0,"engine_load_plus_first_warmup_ms":1321.5061250375584}
{"case":"short","decode_aggregate_tps":101.58187227808992,"decode_counters":[{"allocated_bytes":4,"allocation_time":{"nanos":11667,"secs":0},"allocations":1,"arena_capacity":244641792,"arena_high_water":268435456,"command_buffers":1,"completion_waits":1,"dispatches":591,"encode":{"nanos":327113,"secs":0},"gpu":{"nanos":8633917,"secs":0},"reused_bytes":2306048,"transient_live_bytes":524288,"transient_peak_bytes":2306048,"wait":{"nanos":8864500,"secs":0}},{"allocated_bytes":4,"allocation_time":{"nanos":13417,"secs":0},"allocations":1,"arena_capacity":244641792,"arena_high_water":268435456,"command_buffers":1,"completion_waits":1,"dispatches":591,"encode":{"nanos":357008,"secs":0},"gpu":{"nanos":9093875,"secs":0},"reused_bytes":2306048,"transient_live_bytes":524288,"transient_peak_bytes":2306048,"wait":{"nanos":9344166,"secs":0}},{"allocated_bytes":4,"allocation_time":{"nanos":11709,"secs":0},"allocations":1,"arena_capacity":244641792,"arena_high_water":268435456,"command_buffers":1,"completion_waits":1,"dispatches":591,"encode":{"nanos":331205,"secs":0},"gpu":{"nanos":9355917,"secs":0},"reused_bytes":2306048,"transient_live_bytes":524288,"transient_peak_bytes":2306048,"wait":{"nanos":9621583,"secs":0}},{"allocated_bytes":4,"allocation_time":{"nanos":8459,"secs":0},"allocations":1,"arena_capacity":244641792,"arena_high_water":268435456,"command_buffers":1,"completion_waits":1,"dispatches":591,"encode":{"nanos":358829,"secs":0},"gpu":{"nanos":8555167,"secs":0},"reused_bytes":2306048,"transient_live_bytes":524288,"transient_peak_bytes":2306048,"wait":{"nanos":8794208,"secs":0}},{"allocated_bytes":4,"allocation_time":{"nanos":10833,"secs":0},"allocations":1,"arena_capacity":244641792,"arena_high_water":268435456,"command_buffers":1,"completion_waits":1,"dispatches":591,"encode":{"nanos":304120,"secs":0},"gpu":{"nanos":8833625,"secs":0},"reused_bytes":2306048,"transient_live_bytes":524288,"transient_peak_bytes":2306048,"wait":{"nanos":9116750,"secs":0}},{"allocated_bytes":4,"allocation_time":{"nanos":11625,"secs":0},"allocations":1,"arena_capacity":244641792,"arena_high_water":268435456,"command_buffers":1,"completion_waits":1,"dispatches":591,"encode":{"nanos":271660,"secs":0},"gpu":{"nanos":8432542,"secs":0},"reused_bytes":2306048,"transient_live_bytes":524288,"transient_peak_bytes":2306048,"wait":{"nanos":8778333,"secs":0}},{"allocated_bytes":4,"allocation_time":{"nanos":14667,"secs":0},"allocations":1,"arena_capacity":244641792,"arena_high_water":268435456,"command_buffers":1,"completion_waits":1,"dispatches":591,"encode":{"nanos":266045,"secs":0},"gpu":{"nanos":8707583,"secs":0},"reused_bytes":2306048,"transient_live_bytes":524288,"transient_peak_bytes":2306048,"wait":{"nanos":8987291,"secs":0}},{"allocated_bytes":4,"allocation_time":{"nanos":5250,"secs":0},"allocations":1,"arena_capacity":244641792,"arena_high_water":268435456,"command_buffers":1,"completion_waits":1,"dispatches":591,"encode":{"nanos":256778,"secs":0},"gpu":{"nanos":8845250,"secs":0},"reused_bytes":2306048,"transient_live_bytes":524288,"transient_peak_bytes":2306048,"wait":{"nanos":9114500,"secs":0}},{"allocated_bytes":4,"allocation_time":{"nanos":5250,"secs":0},"allocations":1,"arena_capacity":244641792,"arena_high_water":268435456,"command_buffers":1,"completion_waits":1,"dispatches":591,"encode":{"nanos":257378,"secs":0},"gpu":{"nanos":9728292,"secs":0},"reused_bytes":2306048,"transient_live_bytes":524288,"transient_peak_bytes":2306048,"wait":{"nanos":9990375,"secs":0}},{"allocated_bytes":4,"allocation_time":{"nanos":5708,"secs":0},"allocations":1,"arena_capacity":244641792,"arena_high_water":268435456,"command_buffers":1,"completion_waits":1,"dispatches":591,"encode":{"nanos":274543,"secs":0},"gpu":{"nanos":8663250,"secs":0},"reused_bytes":2306048,"transient_live_bytes":524288,"transient_peak_bytes":2306048,"wait":{"nanos":8929125,"secs":0}},{"allocated_bytes":4,"allocation_time":{"nanos":5000,"secs":0},"allocations":1,"arena_capacity":244641792,"arena_high_water":268435456,"command_buffers":1,"completion_waits":1,"dispatches":591,"encode":{"nanos":301879,"secs":0},"gpu":{"nanos":8638375,"secs":0},"reused_bytes":2306048,"transient_live_bytes":524288,"transient_peak_bytes":2306048,"wait":{"nanos":8886792,"secs":0}},{"allocated_bytes":4,"allocation_time":{"nanos":4958,"secs":0},"allocations":1,"arena_capacity":244641792,"arena_high_water":268435456,"command_buffers":1,"completion_waits":1,"dispatches":591,"encode":{"nanos":290428,"secs":0},"gpu":{"nanos":8692458,"secs":0},"reused_bytes":2363392,"transient_live_bytes":524288,"transient_peak_bytes":2363392,"wait":{"nanos":8941459,"secs":0}},{"allocated_bytes":4,"allocation_time":{"nanos":5459,"secs":0},"allocations":1,"arena_capacity":244641792,"arena_high_water":268435456,"command_buffers":1,"completion_waits":1,"dispatches":591,"encode":{"nanos":286593,"secs":0},"gpu":{"nanos":8886042,"secs":0},"reused_bytes":2363392,"transient_live_bytes":524288,"transient_peak_bytes":2363392,"wait":{"nanos":9174334,"secs":0}},{"allocated_bytes":4,"allocation_time":{"nanos":5625,"secs":0},"allocations":1,"arena_capacity":244641792,"arena_high_water":268435456,"command_buffers":1,"completion_waits":1,"dispatches":591,"encode":{"nanos":292844,"secs":0},"gpu":{"nanos":8919833,"secs":0},"reused_bytes":2363392,"transient_live_bytes":524288,"transient_peak_bytes":2363392,"wait":{"nanos":9146959,"secs":0}},{"allocated_bytes":4,"allocation_time":{"nanos":4917,"secs":0},"allocations":1,"arena_capacity":244641792,"arena_high_water":268435456,"command_buffers":1,"completion_waits":1,"dispatches":591,"encode":{"nanos":250702,"secs":0},"gpu":{"nanos":8861167,"secs":0},"reused_bytes":2363392,"transient_live_bytes":524288,"transient_peak_bytes":2363392,"wait":{"nanos":9124666,"secs":0}},{"allocated_bytes":4,"allocation_time":{"nanos":3625,"secs":0},"allocations":1,"arena_capacity":244641792,"arena_high_water":268435456,"command_buffers":1,"completion_waits":1,"dispatches":591,"encode":{"nanos":219943,"secs":0},"gpu":{"nanos":9871000,"secs":0},"reused_bytes":2363392,"transient_live_bytes":524288,"transient_peak_bytes":2363392,"wait":{"nanos":10078666,"secs":0}}],"decode_median_ms":9.719167,"decode_ms":[9.627208,10.12475,10.375167,9.58925,9.787084,9.391833,9.625791999999999,9.719167,10.594667000000001,9.566833,9.572667,9.595374999999999,9.8445,9.809917,9.702957999999999,10.58125],"decode_profiles":[{},{},{},{},{},{},{},{},{},{},{},{},{},{},{},{}],"decode_tps":102.88947602196772,"first_token_ms":49.551333,"generated_ids":[151667,198,32313,11,279,1196,1101,1053,330,9707,8958,773,358,1184,311,5889,34901],"generated_tokens":17,"generation_ms":212.49599999999998,"generation_tps":80.00150591069949,"kv_active_bytes":4243456,"kv_reserved_bytes":29360128,"model_format":"GGUF","model_repository":"Qwen/Qwen3-0.6B-GGUF","model_revision":"23749fefcc72300e3a2ad315e1317431b06b590a","moe_expert_tensorops":true,"moe_expert_tensorops_min_routes_per_expert":8,"packed_quantized_bytes":633233408,"pair":2,"pair_order":"ferrum-control>ferrum-candidate>llama.cpp","parameter_count":596049920,"prefill_counters":{"allocated_bytes":29360212,"allocation_time":{"nanos":1705792,"secs":0},"allocations":57,"arena_capacity":244641792,"arena_high_water":268435456,"command_buffers":1,"completion_waits":1,"dispatches":591,"encode":{"nanos":283874,"secs":0},"gpu":{"nanos":46364125,"secs":0},"reused_bytes":45613056,"transient_live_bytes":0,"transient_peak_bytes":45613056,"wait":{"nanos":46852459,"secs":0}},"prefill_ms":49.097083,"prefill_profile":{},"prefill_tps":427.72398514999355,"prompt_ids":[151644,8948,198,2610,525,264,10950,17847,13,151645,198,151644,872,198,9707,0,151645,198,151644,77091,198],"prompt_tokens":21,"q5_0_gemv_n4":false,"q8_0_mpp_tile_k64":true,"retained_weight_bytes":633364480,"runtime":"ferrum","sampling_ms":5.613499,"source_tensor_bytes":633495552,"tensor_count":310,"warmup":false,"process_rss_bytes":1149583360,"ferrum_variant":"candidate","source_matrix_case_model":"Qwen/Qwen3-0.6B-GGUF@Q8_0","engine_order":["ferrum-control","ferrum-candidate","llama.cpp"],"case_index":0,"engine_load_plus_first_warmup_ms":1321.5061250375584}
{"case":"short","command_buffer_count":null,"decode_aggregate_tps":159.1370807708907,"decode_median_ms":6.190958,"decode_ms":[6.796333,7.415791,5.907708,6.34475,6.331917,6.087166,6.339583,6.785084,5.719042,6.12475,5.822667,6.109458,6.189583,5.812667,6.190958,6.564792],"decode_tps":161.52588985420348,"dispatch_count":null,"first_token_ms":16.714917,"generated_ids":[151667,198,32313,11,279,1196,1101,1053,330,9707,8958,773,358,1184,311,5889,34901],"generated_tokens":17,"generation_ms":121.240375,"generation_tps":140.21731621994735,"kv_context_capacity_tokens":4096,"kv_type":"bf16","llama_version":"0.5.0-dev","model_format":"GGUF","pair":2,"pair_order":"ferrum-control>ferrum-candidate>llama.cpp","prefill_ms":16.488792,"prefill_tps":1273.5923893029883,"process_max_rss_bytes":1243545600,"prompt_ids":[151644,8948,198,2610,525,264,10950,17847,13,151645,198,151644,872,198,9707,0,151645,198,151644,77091,198],"prompt_tokens":21,"runtime":"llama.cpp","sampling_ms":4.206956,"warmup":false,"process_rss_bytes":1243283456,"source_matrix_case_model":"Qwen/Qwen3-0.6B-GGUF@Q8_0","engine_order":["ferrum-control","ferrum-candidate","llama.cpp"],"case_index":0,"engine_load_plus_first_warmup_ms":1459.0402909670956}
{"case":"128","decode_aggregate_tps":104.50318870579699,"decode_counters":[{"allocated_bytes":458756,"allocation_time":{"nanos":140833,"secs":0},"allocations":57,"arena_capacity":267841536,"arena_high_water":268435456,"command_buffers":1,"completion_waits":1,"dispatches":591,"encode":{"nanos":222677,"secs":0},"gpu":{"nanos":8685417,"secs":0},"reused_bytes":2248704,"transient_live_bytes":524288,"transient_peak_bytes":2707456,"wait":{"nanos":8932625,"secs":0}},{"allocated_bytes":4,"allocation_time":{"nanos":5083,"secs":0},"allocations":1,"arena_capacity":267841536,"arena_high_water":268435456,"command_buffers":1,"completion_waits":1,"dispatches":591,"encode":{"nanos":201527,"secs":0},"gpu":{"nanos":8738625,"secs":0},"reused_bytes":2707456,"transient_live_bytes":524288,"transient_peak_bytes":2707456,"wait":{"nanos":8968291,"secs":0}},{"allocated_bytes":4,"allocation_time":{"nanos":3250,"secs":0},"allocations":1,"arena_capacity":267841536,"arena_high_water":268435456,"command_buffers":1,"completion_waits":1,"dispatches":591,"encode":{"nanos":194633,"secs":0},"gpu":{"nanos":9889375,"secs":0},"reused_bytes":2707456,"transient_live_bytes":524288,"transient_peak_bytes":2707456,"wait":{"nanos":10057875,"secs":0}},{"allocated_bytes":4,"allocation_time":{"nanos":2833,"secs":0},"allocations":1,"arena_capacity":267841536,"arena_high_water":268435456,"command_buffers":1,"completion_waits":1,"dispatches":591,"encode":{"nanos":194212,"secs":0},"gpu":{"nanos":8719333,"secs":0},"reused_bytes":2707456,"transient_live_bytes":524288,"transient_peak_bytes":2707456,"wait":{"nanos":8907709,"secs":0}},{"allocated_bytes":4,"allocation_time":{"nanos":9583,"secs":0},"allocations":1,"arena_capacity":267841536,"arena_high_water":268435456,"command_buffers":1,"completion_waits":1,"dispatches":591,"encode":{"nanos":218359,"secs":0},"gpu":{"nanos":8999875,"secs":0},"reused_bytes":2707456,"transient_live_bytes":524288,"transient_peak_bytes":2707456,"wait":{"nanos":9245125,"secs":0}},{"allocated_bytes":4,"allocation_time":{"nanos":5750,"secs":0},"allocations":1,"arena_capacity":267841536,"arena_high_water":268435456,"command_buffers":1,"completion_waits":1,"dispatches":591,"encode":{"nanos":200840,"secs":0},"gpu":{"nanos":9214417,"secs":0},"reused_bytes":2707456,"transient_live_bytes":524288,"transient_peak_bytes":2707456,"wait":{"nanos":9432083,"secs":0}},{"allocated_bytes":4,"allocation_time":{"nanos":4750,"secs":0},"allocations":1,"arena_capacity":267841536,"arena_high_water":268435456,"command_buffers":1,"completion_waits":1,"dispatches":591,"encode":{"nanos":205001,"secs":0},"gpu":{"nanos":8612667,"secs":0},"reused_bytes":2707456,"transient_live_bytes":524288,"transient_peak_bytes":2707456,"wait":{"nanos":8857500,"secs":0}},{"allocated_bytes":4,"allocation_time":{"nanos":7834,"secs":0},"allocations":1,"arena_capacity":267841536,"arena_high_water":268435456,"command_buffers":1,"completion_waits":1,"dispatches":591,"encode":{"nanos":249382,"secs":0},"gpu":{"nanos":8785750,"secs":0},"reused_bytes":2707456,"transient_live_bytes":524288,"transient_peak_bytes":2707456,"wait":{"nanos":9054542,"secs":0}},{"allocated_bytes":4,"allocation_time":{"nanos":4500,"secs":0},"allocations":1,"arena_capacity":267841536,"arena_high_water":268435456,"command_buffers":1,"completion_waits":1,"dispatches":591,"encode":{"nanos":215115,"secs":0},"gpu":{"nanos":8518542,"secs":0},"reused_bytes":2707456,"transient_live_bytes":524288,"transient_peak_bytes":2707456,"wait":{"nanos":8722042,"secs":0}},{"allocated_bytes":4,"allocation_time":{"nanos":3709,"secs":0},"allocations":1,"arena_capacity":267841536,"arena_high_water":268435456,"command_buffers":1,"completion_waits":1,"dispatches":591,"encode":{"nanos":220959,"secs":0},"gpu":{"nanos":8730125,"secs":0},"reused_bytes":2707456,"transient_live_bytes":524288,"transient_peak_bytes":2707456,"wait":{"nanos":8966792,"secs":0}},{"allocated_bytes":4,"allocation_time":{"nanos":3750,"secs":0},"allocations":1,"arena_capacity":267841536,"arena_high_water":268435456,"command_buffers":1,"completion_waits":1,"dispatches":591,"encode":{"nanos":197931,"secs":0},"gpu":{"nanos":8740125,"secs":0},"reused_bytes":2707456,"transient_live_bytes":524288,"transient_peak_bytes":2707456,"wait":{"nanos":8985042,"secs":0}},{"allocated_bytes":4,"allocation_time":{"nanos":7083,"secs":0},"allocations":1,"arena_capacity":267841536,"arena_high_water":268435456,"command_buffers":1,"completion_waits":1,"dispatches":591,"encode":{"nanos":224566,"secs":0},"gpu":{"nanos":8451333,"secs":0},"reused_bytes":2707456,"transient_live_bytes":524288,"transient_peak_bytes":2707456,"wait":{"nanos":8695792,"secs":0}},{"allocated_bytes":4,"allocation_time":{"nanos":4209,"secs":0},"allocations":1,"arena_capacity":267841536,"arena_high_water":268435456,"command_buffers":1,"completion_waits":1,"dispatches":591,"encode":{"nanos":204720,"secs":0},"gpu":{"nanos":8959583,"secs":0},"reused_bytes":2707456,"transient_live_bytes":524288,"transient_peak_bytes":2707456,"wait":{"nanos":9161875,"secs":0}},{"allocated_bytes":4,"allocation_time":{"nanos":4792,"secs":0},"allocations":1,"arena_capacity":267841536,"arena_high_water":268435456,"command_buffers":1,"completion_waits":1,"dispatches":591,"encode":{"nanos":200880,"secs":0},"gpu":{"nanos":9430375,"secs":0},"reused_bytes":2707456,"transient_live_bytes":524288,"transient_peak_bytes":2707456,"wait":{"nanos":9623917,"secs":0}},{"allocated_bytes":4,"allocation_time":{"nanos":3708,"secs":0},"allocations":1,"arena_capacity":267841536,"arena_high_water":268435456,"command_buffers":1,"completion_waits":1,"dispatches":591,"encode":{"nanos":197323,"secs":0},"gpu":{"nanos":8491000,"secs":0},"reused_bytes":2707456,"transient_live_bytes":524288,"transient_peak_bytes":2707456,"wait":{"nanos":8737584,"secs":0}},{"allocated_bytes":4,"allocation_time":{"nanos":3417,"secs":0},"allocations":1,"arena_capacity":267841536,"arena_high_water":268435456,"command_buffers":1,"completion_waits":1,"dispatches":591,"encode":{"nanos":190740,"secs":0},"gpu":{"nanos":8725750,"secs":0},"reused_bytes":2707456,"transient_live_bytes":524288,"transient_peak_bytes":2707456,"wait":{"nanos":8987958,"secs":0}}],"decode_median_ms":9.467082999999999,"decode_ms":[9.578916999999999,9.422084,10.494292,9.357167,9.729,9.887042000000001,9.319667,9.579209,9.1965,9.453332999999999,9.467082999999999,9.226750000000001,9.639208,10.081833,9.214583,9.458708],"decode_profiles":[{},{},{},{},{},{},{},{},{},{},{},{},{},{},{},{}],"decode_tps":105.62915736557925,"first_token_ms":80.449708,"generated_ids":[151667,198,32313,11,1077,594,1490,13,576,1196,3897,264,4013,315,12239,911,264],"generated_tokens":17,"generation_ms":237.619042,"generation_tps":71.54308786414516,"kv_active_bytes":16515072,"kv_reserved_bytes":29360128,"model_format":"GGUF","model_repository":"Qwen/Qwen3-0.6B-GGUF","model_revision":"23749fefcc72300e3a2ad315e1317431b06b590a","moe_expert_tensorops":true,"moe_expert_tensorops_min_routes_per_expert":8,"packed_quantized_bytes":633233408,"pair":0,"pair_order":"ferrum-candidate>llama.cpp>ferrum-control","parameter_count":596049920,"prefill_counters":{"allocated_bytes":279446016,"allocation_time":{"nanos":14380426,"secs":0},"allocations":591,"arena_capacity":268431360,"arena_high_water":268435456,"command_buffers":1,"completion_waits":1,"dispatches":591,"encode":{"nanos":347375,"secs":0},"gpu":{"nanos":60817875,"secs":0},"reused_bytes":524288,"transient_live_bytes":0,"transient_peak_bytes":250609664,"wait":{"nanos":62947625,"secs":0}},"prefill_ms":80.14741599999999,"prefill_profile":{},"prefill_tps":1597.0571028765294,"prompt_ids":[151644,8948,198,2610,525,264,10950,17847,13,151645,198,151644,872,198,785,3974,13876,38835,26005,916,279,15678,5562,13,576,3974,13876,38835,26005,916,279,15678,5562,13,576,3974,13876,38835,26005,916,279,15678,5562,13,576,3974,13876,38835,26005,916,279,15678,5562,13,576,3974,13876,38835,26005,916,279,15678,5562,13,576,3974,13876,38835,26005,916,279,15678,5562,13,576,3974,13876,38835,26005,916,279,15678,5562,13,576,3974,13876,38835,26005,916,279,15678,5562,13,576,3974,13876,38835,26005,916,279,15678,5562,13,576,3974,13876,38835,26005,916,279,15678,5562,13,576,3974,13876,38835,26005,916,279,15678,5562,151645,198,151644,77091,198],"prompt_tokens":128,"q5_0_gemv_n4":false,"q8_0_mpp_tile_k64":true,"retained_weight_bytes":633364480,"runtime":"ferrum","sampling_ms":4.117581,"source_tensor_bytes":633495552,"tensor_count":310,"warmup":false,"process_rss_bytes":1172832256,"ferrum_variant":"candidate","source_matrix_case_model":"Qwen/Qwen3-0.6B-GGUF@Q8_0","engine_order":["ferrum-candidate","llama.cpp","ferrum-control"],"case_index":1,"engine_load_plus_first_warmup_ms":1321.5061250375584}
{"case":"128","command_buffer_count":null,"decode_aggregate_tps":150.1836835621527,"decode_median_ms":6.580542,"decode_ms":[7.594833,6.300416,7.5105,6.175,6.580542,6.065417,6.678875,7.485958,6.856167,6.213125,6.397833,7.047291,6.186541,6.456334,6.658417,6.328958],"decode_tps":151.96316655983657,"dispatch_count":null,"first_token_ms":21.661375,"generated_ids":[151667,198,32313,11,1077,594,1490,13,576,1196,3897,264,4013,315,22870,1380,279],"generated_tokens":17,"generation_ms":132.029542,"generation_tps":128.75906211959744,"kv_context_capacity_tokens":4096,"kv_type":"bf16","llama_version":"0.5.0-dev","model_format":"GGUF","pair":0,"pair_order":"ferrum-candidate>llama.cpp>ferrum-control","prefill_ms":21.426458,"prefill_tps":5973.922521398544,"process_max_rss_bytes":1243545600,"prompt_ids":[151644,8948,198,2610,525,264,10950,17847,13,151645,198,151644,872,198,785,3974,13876,38835,26005,916,279,15678,5562,13,576,3974,13876,38835,26005,916,279,15678,5562,13,576,3974,13876,38835,26005,916,279,15678,5562,13,576,3974,13876,38835,26005,916,279,15678,5562,13,576,3974,13876,38835,26005,916,279,15678,5562,13,576,3974,13876,38835,26005,916,279,15678,5562,13,576,3974,13876,38835,26005,916,279,15678,5562,13,576,3974,13876,38835,26005,916,279,15678,5562,13,576,3974,13876,38835,26005,916,279,15678,5562,13,576,3974,13876,38835,26005,916,279,15678,5562,13,576,3974,13876,38835,26005,916,279,15678,5562,151645,198,151644,77091,198],"prompt_tokens":128,"runtime":"llama.cpp","sampling_ms":4.06454,"warmup":false,"process_rss_bytes":1243283456,"source_matrix_case_model":"Qwen/Qwen3-0.6B-GGUF@Q8_0","engine_order":["ferrum-candidate","llama.cpp","ferrum-control"],"case_index":1,"engine_load_plus_first_warmup_ms":1459.0402909670956}
{"case":"128","decode_aggregate_tps":103.10180823495408,"decode_counters":[{"allocated_bytes":4,"allocation_time":{"nanos":9834,"secs":0},"allocations":1,"arena_capacity":268431360,"arena_high_water":268435456,"command_buffers":1,"completion_waits":1,"dispatches":591,"encode":{"nanos":222108,"secs":0},"gpu":{"nanos":8776417,"secs":0},"reused_bytes":2707456,"transient_live_bytes":524288,"transient_peak_bytes":2707456,"wait":{"nanos":9000708,"secs":0}},{"allocated_bytes":4,"allocation_time":{"nanos":3958,"secs":0},"allocations":1,"arena_capacity":268431360,"arena_high_water":268435456,"command_buffers":1,"completion_waits":1,"dispatches":591,"encode":{"nanos":198719,"secs":0},"gpu":{"nanos":8824667,"secs":0},"reused_bytes":2707456,"transient_live_bytes":524288,"transient_peak_bytes":2707456,"wait":{"nanos":9078125,"secs":0}},{"allocated_bytes":4,"allocation_time":{"nanos":5584,"secs":0},"allocations":1,"arena_capacity":268431360,"arena_high_water":268435456,"command_buffers":1,"completion_waits":1,"dispatches":591,"encode":{"nanos":203145,"secs":0},"gpu":{"nanos":9766875,"secs":0},"reused_bytes":2707456,"transient_live_bytes":524288,"transient_peak_bytes":2707456,"wait":{"nanos":9997208,"secs":0}},{"allocated_bytes":4,"allocation_time":{"nanos":3250,"secs":0},"allocations":1,"arena_capacity":268431360,"arena_high_water":268435456,"command_buffers":1,"completion_waits":1,"dispatches":591,"encode":{"nanos":195017,"secs":0},"gpu":{"nanos":8599375,"secs":0},"reused_bytes":2707456,"transient_live_bytes":524288,"transient_peak_bytes":2707456,"wait":{"nanos":8909500,"secs":0}},{"allocated_bytes":4,"allocation_time":{"nanos":3708,"secs":0},"allocations":1,"arena_capacity":268431360,"arena_high_water":268435456,"command_buffers":1,"completion_waits":1,"dispatches":591,"encode":{"nanos":198016,"secs":0},"gpu":{"nanos":8876250,"secs":0},"reused_bytes":2707456,"transient_live_bytes":524288,"transient_peak_bytes":2707456,"wait":{"nanos":9103500,"secs":0}},{"allocated_bytes":4,"allocation_time":{"nanos":3209,"secs":0},"allocations":1,"arena_capacity":268431360,"arena_high_water":268435456,"command_buffers":1,"completion_waits":1,"dispatches":591,"encode":{"nanos":193815,"secs":0},"gpu":{"nanos":8688000,"secs":0},"reused_bytes":2707456,"transient_live_bytes":524288,"transient_peak_bytes":2707456,"wait":{"nanos":8920666,"secs":0}},{"allocated_bytes":4,"allocation_time":{"nanos":3292,"secs":0},"allocations":1,"arena_capacity":268431360,"arena_high_water":268435456,"command_buffers":1,"completion_waits":1,"dispatches":591,"encode":{"nanos":192007,"secs":0},"gpu":{"nanos":8734125,"secs":0},"reused_bytes":2707456,"transient_live_bytes":524288,"transient_peak_bytes":2707456,"wait":{"nanos":8924750,"secs":0}},{"allocated_bytes":4,"allocation_time":{"nanos":2541,"secs":0},"allocations":1,"arena_capacity":268431360,"arena_high_water":268435456,"command_buffers":1,"completion_waits":1,"dispatches":591,"encode":{"nanos":209511,"secs":0},"gpu":{"nanos":9545917,"secs":0},"reused_bytes":2707456,"transient_live_bytes":524288,"transient_peak_bytes":2707456,"wait":{"nanos":9779666,"secs":0}},{"allocated_bytes":4,"allocation_time":{"nanos":3375,"secs":0},"allocations":1,"arena_capacity":268431360,"arena_high_water":268435456,"command_buffers":1,"completion_waits":1,"dispatches":591,"encode":{"nanos":205209,"secs":0},"gpu":{"nanos":8507250,"secs":0},"reused_bytes":2707456,"transient_live_bytes":524288,"transient_peak_bytes":2707456,"wait":{"nanos":8699334,"secs":0}},{"allocated_bytes":4,"allocation_time":{"nanos":3958,"secs":0},"allocations":1,"arena_capacity":268431360,"arena_high_water":268435456,"command_buffers":1,"completion_waits":1,"dispatches":591,"encode":{"nanos":194821,"secs":0},"gpu":{"nanos":8865333,"secs":0},"reused_bytes":2707456,"transient_live_bytes":524288,"transient_peak_bytes":2707456,"wait":{"nanos":9098500,"secs":0}},{"allocated_bytes":4,"allocation_time":{"nanos":6708,"secs":0},"allocations":1,"arena_capacity":268431360,"arena_high_water":268435456,"command_buffers":1,"completion_waits":1,"dispatches":591,"encode":{"nanos":208673,"secs":0},"gpu":{"nanos":8623625,"secs":0},"reused_bytes":2707456,"transient_live_bytes":524288,"transient_peak_bytes":2707456,"wait":{"nanos":8813667,"secs":0}},{"allocated_bytes":4,"allocation_time":{"nanos":4917,"secs":0},"allocations":1,"arena_capacity":268431360,"arena_high_water":268435456,"command_buffers":1,"completion_waits":1,"dispatches":591,"encode":{"nanos":198208,"secs":0},"gpu":{"nanos":8475042,"secs":0},"reused_bytes":2707456,"transient_live_bytes":524288,"transient_peak_bytes":2707456,"wait":{"nanos":8682375,"secs":0}},{"allocated_bytes":4,"allocation_time":{"nanos":7042,"secs":0},"allocations":1,"arena_capacity":268431360,"arena_high_water":268435456,"command_buffers":1,"completion_waits":1,"dispatches":591,"encode":{"nanos":215356,"secs":0},"gpu":{"nanos":9868417,"secs":0},"reused_bytes":2707456,"transient_live_bytes":524288,"transient_peak_bytes":2707456,"wait":{"nanos":10103666,"secs":0}},{"allocated_bytes":4,"allocation_time":{"nanos":3708,"secs":0},"allocations":1,"arena_capacity":268431360,"arena_high_water":268435456,"command_buffers":1,"completion_waits":1,"dispatches":591,"encode":{"nanos":194164,"secs":0},"gpu":{"nanos":9206875,"secs":0},"reused_bytes":2707456,"transient_live_bytes":524288,"transient_peak_bytes":2707456,"wait":{"nanos":9387541,"secs":0}},{"allocated_bytes":4,"allocation_time":{"nanos":5541,"secs":0},"allocations":1,"arena_capacity":268431360,"arena_high_water":268435456,"command_buffers":1,"completion_waits":1,"dispatches":591,"encode":{"nanos":218348,"secs":0},"gpu":{"nanos":8656500,"secs":0},"reused_bytes":2707456,"transient_live_bytes":524288,"transient_peak_bytes":2707456,"wait":{"nanos":8891208,"secs":0}},{"allocated_bytes":4,"allocation_time":{"nanos":8375,"secs":0},"allocations":1,"arena_capacity":268431360,"arena_high_water":268435456,"command_buffers":1,"completion_waits":1,"dispatches":591,"encode":{"nanos":216501,"secs":0},"gpu":{"nanos":9882000,"secs":0},"reused_bytes":2707456,"transient_live_bytes":524288,"transient_peak_bytes":2707456,"wait":{"nanos":10132583,"secs":0}}],"decode_median_ms":9.546333,"decode_ms":[9.52275,9.558667,10.484709,9.382,9.612833,9.352667,9.39725,10.274083,9.17175,9.546333,9.284458,9.144083,10.605958000000001,9.830833,9.386916000000001,10.631125],"decode_profiles":[{},{},{},{},{},{},{},{},{},{},{},{},{},{},{},{}],"decode_tps":104.75226456064333,"first_token_ms":66.15375,"generated_ids":[151667,198,32313,11,1077,594,1490,13,576,1196,3897,264,4013,315,12239,911,264],"generated_tokens":17,"generation_ms":225.31937499999998,"generation_tps":75.44846065723377,"kv_active_bytes":16515072,"kv_reserved_bytes":29360128,"model_format":"GGUF","model_repository":"Qwen/Qwen3-0.6B-GGUF","model_revision":"23749fefcc72300e3a2ad315e1317431b06b590a","moe_expert_tensorops":true,"moe_expert_tensorops_min_routes_per_expert":8,"packed_quantized_bytes":633233408,"pair":0,"pair_order":"ferrum-candidate>llama.cpp>ferrum-control","parameter_count":596049920,"prefill_counters":{"allocated_bytes":30933504,"allocation_time":{"nanos":1584501,"secs":0},"allocations":59,"arena_capacity":268431360,"arena_high_water":268435456,"command_buffers":1,"completion_waits":1,"dispatches":591,"encode":{"nanos":242800,"secs":0},"gpu":{"nanos":63222250,"secs":0},"reused_bytes":249036800,"transient_live_bytes":0,"transient_peak_bytes":250609664,"wait":{"nanos":63746250,"secs":0}},"prefill_ms":65.837834,"prefill_profile":{},"prefill_tps":1944.170885087137,"prompt_ids":[151644,8948,198,2610,525,264,10950,17847,13,151645,198,151644,872,198,785,3974,13876,38835,26005,916,279,15678,5562,13,576,3974,13876,38835,26005,916,279,15678,5562,13,576,3974,13876,38835,26005,916,279,15678,5562,13,576,3974,13876,38835,26005,916,279,15678,5562,13,576,3974,13876,38835,26005,916,279,15678,5562,13,576,3974,13876,38835,26005,916,279,15678,5562,13,576,3974,13876,38835,26005,916,279,15678,5562,13,576,3974,13876,38835,26005,916,279,15678,5562,13,576,3974,13876,38835,26005,916,279,15678,5562,13,576,3974,13876,38835,26005,916,279,15678,5562,13,576,3974,13876,38835,26005,916,279,15678,5562,151645,198,151644,77091,198],"prompt_tokens":128,"q5_0_gemv_n4":false,"q8_0_mpp_tile_k64":false,"retained_weight_bytes":633364480,"runtime":"ferrum","sampling_ms":4.054792,"source_tensor_bytes":633495552,"tensor_count":310,"warmup":false,"process_rss_bytes":1173422080,"ferrum_variant":"control","source_matrix_case_model":"Qwen/Qwen3-0.6B-GGUF@Q8_0","engine_order":["ferrum-candidate","llama.cpp","ferrum-control"],"case_index":1,"engine_load_plus_first_warmup_ms":1321.5061250375584}
{"case":"128","decode_aggregate_tps":104.50520979698459,"decode_counters":[{"allocated_bytes":4,"allocation_time":{"nanos":7292,"secs":0},"allocations":1,"arena_capacity":268431360,"arena_high_water":268435456,"command_buffers":1,"completion_waits":1,"dispatches":591,"encode":{"nanos":237783,"secs":0},"gpu":{"nanos":8641375,"secs":0},"reused_bytes":2707456,"transient_live_bytes":524288,"transient_peak_bytes":2707456,"wait":{"nanos":8850916,"secs":0}},{"allocated_bytes":4,"allocation_time":{"nanos":4292,"secs":0},"allocations":1,"arena_capacity":268431360,"arena_high_water":268435456,"command_buffers":1,"completion_waits":1,"dispatches":591,"encode":{"nanos":196465,"secs":0},"gpu":{"nanos":8656958,"secs":0},"reused_bytes":2707456,"transient_live_bytes":524288,"transient_peak_bytes":2707456,"wait":{"nanos":8951250,"secs":0}},{"allocated_bytes":4,"allocation_time":{"nanos":3375,"secs":0},"allocations":1,"arena_capacity":268431360,"arena_high_water":268435456,"command_buffers":1,"completion_waits":1,"dispatches":591,"encode":{"nanos":199130,"secs":0},"gpu":{"nanos":9094042,"secs":0},"reused_bytes":2707456,"transient_live_bytes":524288,"transient_peak_bytes":2707456,"wait":{"nanos":9292958,"secs":0}},{"allocated_bytes":4,"allocation_time":{"nanos":3166,"secs":0},"allocations":1,"arena_capacity":268431360,"arena_high_water":268435456,"command_buffers":1,"completion_waits":1,"dispatches":591,"encode":{"nanos":197732,"secs":0},"gpu":{"nanos":8533542,"secs":0},"reused_bytes":2707456,"transient_live_bytes":524288,"transient_peak_bytes":2707456,"wait":{"nanos":8723042,"secs":0}},{"allocated_bytes":4,"allocation_time":{"nanos":2791,"secs":0},"allocations":1,"arena_capacity":268431360,"arena_high_water":268435456,"command_buffers":1,"completion_waits":1,"dispatches":591,"encode":{"nanos":195166,"secs":0},"gpu":{"nanos":9467167,"secs":0},"reused_bytes":2707456,"transient_live_bytes":524288,"transient_peak_bytes":2707456,"wait":{"nanos":9683417,"secs":0}},{"allocated_bytes":4,"allocation_time":{"nanos":4458,"secs":0},"allocations":1,"arena_capacity":268431360,"arena_high_water":268435456,"command_buffers":1,"completion_waits":1,"dispatches":591,"encode":{"nanos":197720,"secs":0},"gpu":{"nanos":8571708,"secs":0},"reused_bytes":2707456,"transient_live_bytes":524288,"transient_peak_bytes":2707456,"wait":{"nanos":8796667,"secs":0}},{"allocated_bytes":4,"allocation_time":{"nanos":2875,"secs":0},"allocations":1,"arena_capacity":268431360,"arena_high_water":268435456,"command_buffers":1,"completion_waits":1,"dispatches":591,"encode":{"nanos":196057,"secs":0},"gpu":{"nanos":8561375,"secs":0},"reused_bytes":2707456,"transient_live_bytes":524288,"transient_peak_bytes":2707456,"wait":{"nanos":8836250,"secs":0}},{"allocated_bytes":4,"allocation_time":{"nanos":3625,"secs":0},"allocations":1,"arena_capacity":268431360,"arena_high_water":268435456,"command_buffers":1,"completion_waits":1,"dispatches":591,"encode":{"nanos":201805,"secs":0},"gpu":{"nanos":8718125,"secs":0},"reused_bytes":2707456,"transient_live_bytes":524288,"transient_peak_bytes":2707456,"wait":{"nanos":8940917,"secs":0}},{"allocated_bytes":4,"allocation_time":{"nanos":3000,"secs":0},"allocations":1,"arena_capacity":268431360,"arena_high_water":268435456,"command_buffers":1,"completion_waits":1,"dispatches":591,"encode":{"nanos":219371,"secs":0},"gpu":{"nanos":8368250,"secs":0},"reused_bytes":2707456,"transient_live_bytes":524288,"transient_peak_bytes":2707456,"wait":{"nanos":8572459,"secs":0}},{"allocated_bytes":4,"allocation_time":{"nanos":2375,"secs":0},"allocations":1,"arena_capacity":268431360,"arena_high_water":268435456,"command_buffers":1,"completion_waits":1,"dispatches":591,"encode":{"nanos":191295,"secs":0},"gpu":{"nanos":8851000,"secs":0},"reused_bytes":2707456,"transient_live_bytes":524288,"transient_peak_bytes":2707456,"wait":{"nanos":9085583,"secs":0}},{"allocated_bytes":4,"allocation_time":{"nanos":3750,"secs":0},"allocations":1,"arena_capacity":268431360,"arena_high_water":268435456,"command_buffers":1,"completion_waits":1,"dispatches":591,"encode":{"nanos":190928,"secs":0},"gpu":{"nanos":9076708,"secs":0},"reused_bytes":2707456,"transient_live_bytes":524288,"transient_peak_bytes":2707456,"wait":{"nanos":9281250,"secs":0}},{"allocated_bytes":4,"allocation_time":{"nanos":2542,"secs":0},"allocations":1,"arena_capacity":268431360,"arena_high_water":268435456,"command_buffers":1,"completion_waits":1,"dispatches":591,"encode":{"nanos":198745,"secs":0},"gpu":{"nanos":8485167,"secs":0},"reused_bytes":2707456,"transient_live_bytes":524288,"transient_peak_bytes":2707456,"wait":{"nanos":8700750,"secs":0}},{"allocated_bytes":4,"allocation_time":{"nanos":5375,"secs":0},"allocations":1,"arena_capacity":268431360,"arena_high_water":268435456,"command_buffers":1,"completion_waits":1,"dispatches":591,"encode":{"nanos":204564,"secs":0},"gpu":{"nanos":8940125,"secs":0},"reused_bytes":2707456,"transient_live_bytes":524288,"transient_peak_bytes":2707456,"wait":{"nanos":9177375,"secs":0}},{"allocated_bytes":4,"allocation_time":{"nanos":5209,"secs":0},"allocations":1,"arena_capacity":268431360,"arena_high_water":268435456,"command_buffers":1,"completion_waits":1,"dispatches":591,"encode":{"nanos":201235,"secs":0},"gpu":{"nanos":9442667,"secs":0},"reused_bytes":2707456,"transient_live_bytes":524288,"transient_peak_bytes":2707456,"wait":{"nanos":9701416,"secs":0}},{"allocated_bytes":4,"allocation_time":{"nanos":5708,"secs":0},"allocations":1,"arena_capacity":268431360,"arena_high_water":268435456,"command_buffers":1,"completion_waits":1,"dispatches":591,"encode":{"nanos":203287,"secs":0},"gpu":{"nanos":8576125,"secs":0},"reused_bytes":2707456,"transient_live_bytes":524288,"transient_peak_bytes":2707456,"wait":{"nanos":8828833,"secs":0}},{"allocated_bytes":4,"allocation_time":{"nanos":4792,"secs":0},"allocations":1,"arena_capacity":268431360,"arena_high_water":268435456,"command_buffers":1,"completion_waits":1,"dispatches":591,"encode":{"nanos":200372,"secs":0},"gpu":{"nanos":9821000,"secs":0},"reused_bytes":2707456,"transient_live_bytes":524288,"transient_peak_bytes":2707456,"wait":{"nanos":10077459,"secs":0}}],"decode_median_ms":9.424833000000001,"decode_ms":[9.367084,9.424833000000001,9.739708,9.161459,10.122375,9.252708,9.32375,9.422417000000001,9.095333,9.542416,9.759291,9.176625000000001,9.635665999999999,10.197084,9.318083,10.563583],"decode_profiles":[{},{},{},{},{},{},{},{},{},{},{},{},{},{},{},{}],"decode_tps":106.10267577154947,"first_token_ms":66.769708,"generated_ids":[151667,198,32313,11,1077,594,1490,13,576,1196,3897,264,4013,315,12239,911,264],"generated_tokens":17,"generation_ms":223.82825,"generation_tps":75.95109196448617,"kv_active_bytes":16515072,"kv_reserved_bytes":29360128,"model_format":"GGUF","model_repository":"Qwen/Qwen3-0.6B-GGUF","model_revision":"23749fefcc72300e3a2ad315e1317431b06b590a","moe_expert_tensorops":true,"moe_expert_tensorops_min_routes_per_expert":8,"packed_quantized_bytes":633233408,"pair":1,"pair_order":"ferrum-control>llama.cpp>ferrum-candidate","parameter_count":596049920,"prefill_counters":{"allocated_bytes":29360640,"allocation_time":{"nanos":1563706,"secs":0},"allocations":57,"arena_capacity":268431360,"arena_high_water":268435456,"command_buffers":1,"completion_waits":1,"dispatches":591,"encode":{"nanos":240461,"secs":0},"gpu":{"nanos":63985750,"secs":0},"reused_bytes":250609664,"transient_live_bytes":0,"transient_peak_bytes":250609664,"wait":{"nanos":64454834,"secs":0}},"prefill_ms":66.469041,"prefill_profile":{},"prefill_tps":1925.7085415148383,"prompt_ids":[151644,8948,198,2610,525,264,10950,17847,13,151645,198,151644,872,198,785,3974,13876,38835,26005,916,279,15678,5562,13,576,3974,13876,38835,26005,916,279,15678,5562,13,576,3974,13876,38835,26005,916,279,15678,5562,13,576,3974,13876,38835,26005,916,279,15678,5562,13,576,3974,13876,38835,26005,916,279,15678,5562,13,576,3974,13876,38835,26005,916,279,15678,5562,13,576,3974,13876,38835,26005,916,279,15678,5562,13,576,3974,13876,38835,26005,916,279,15678,5562,13,576,3974,13876,38835,26005,916,279,15678,5562,13,576,3974,13876,38835,26005,916,279,15678,5562,13,576,3974,13876,38835,26005,916,279,15678,5562,151645,198,151644,77091,198],"prompt_tokens":128,"q5_0_gemv_n4":false,"q8_0_mpp_tile_k64":false,"retained_weight_bytes":633364480,"runtime":"ferrum","sampling_ms":4.023123,"source_tensor_bytes":633495552,"tensor_count":310,"warmup":false,"process_rss_bytes":1173422080,"ferrum_variant":"control","source_matrix_case_model":"Qwen/Qwen3-0.6B-GGUF@Q8_0","engine_order":["ferrum-control","llama.cpp","ferrum-candidate"],"case_index":1,"engine_load_plus_first_warmup_ms":1321.5061250375584}
{"case":"128","command_buffer_count":null,"decode_aggregate_tps":161.27487465867938,"decode_median_ms":6.1355,"decode_ms":[6.845541,5.910834,6.055584,6.858959,5.875417,6.125083,6.179,5.948292,6.317792,6.241458,6.522667,6.129208,6.241875,5.760542,6.1355,6.06175],"decode_tps":162.98590171950124,"dispatch_count":null,"first_token_ms":21.306875,"generated_ids":[151667,198,32313,11,1077,594,1490,13,576,1196,3897,264,4013,315,22870,1380,279],"generated_tokens":17,"generation_ms":124.48275,"generation_tps":136.56510641032594,"kv_context_capacity_tokens":4096,"kv_type":"bf16","llama_version":"0.5.0-dev","model_format":"GGUF","pair":1,"pair_order":"ferrum-control>llama.cpp>ferrum-candidate","prefill_ms":21.07925,"prefill_tps":6072.322307482477,"process_max_rss_bytes":1243545600,"prompt_ids":[151644,8948,198,2610,525,264,10950,17847,13,151645,198,151644,872,198,785,3974,13876,38835,26005,916,279,15678,5562,13,576,3974,13876,38835,26005,916,279,15678,5562,13,576,3974,13876,38835,26005,916,279,15678,5562,13,576,3974,13876,38835,26005,916,279,15678,5562,13,576,3974,13876,38835,26005,916,279,15678,5562,13,576,3974,13876,38835,26005,916,279,15678,5562,13,576,3974,13876,38835,26005,916,279,15678,5562,13,576,3974,13876,38835,26005,916,279,15678,5562,13,576,3974,13876,38835,26005,916,279,15678,5562,13,576,3974,13876,38835,26005,916,279,15678,5562,13,576,3974,13876,38835,26005,916,279,15678,5562,151645,198,151644,77091,198],"prompt_tokens":128,"runtime":"llama.cpp","sampling_ms":4.191458,"warmup":false,"process_rss_bytes":1243283456,"source_matrix_case_model":"Qwen/Qwen3-0.6B-GGUF@Q8_0","engine_order":["ferrum-control","llama.cpp","ferrum-candidate"],"case_index":1,"engine_load_plus_first_warmup_ms":1459.0402909670956}
{"case":"128","decode_aggregate_tps":104.65636305585382,"decode_counters":[{"allocated_bytes":4,"allocation_time":{"nanos":8333,"secs":0},"allocations":1,"arena_capacity":268431360,"arena_high_water":268435456,"command_buffers":1,"completion_waits":1,"dispatches":591,"encode":{"nanos":224792,"secs":0},"gpu":{"nanos":9384917,"secs":0},"reused_bytes":2707456,"transient_live_bytes":524288,"transient_peak_bytes":2707456,"wait":{"nanos":9653708,"secs":0}},{"allocated_bytes":4,"allocation_time":{"nanos":5500,"secs":0},"allocations":1,"arena_capacity":268431360,"arena_high_water":268435456,"command_buffers":1,"completion_waits":1,"dispatches":591,"encode":{"nanos":201799,"secs":0},"gpu":{"nanos":8701583,"secs":0},"reused_bytes":2707456,"transient_live_bytes":524288,"transient_peak_bytes":2707456,"wait":{"nanos":8949417,"secs":0}},{"allocated_bytes":4,"allocation_time":{"nanos":3750,"secs":0},"allocations":1,"arena_capacity":268431360,"arena_high_water":268435456,"command_buffers":1,"completion_waits":1,"dispatches":591,"encode":{"nanos":197834,"secs":0},"gpu":{"nanos":8902542,"secs":0},"reused_bytes":2707456,"transient_live_bytes":524288,"transient_peak_bytes":2707456,"wait":{"nanos":9148542,"secs":0}},{"allocated_bytes":4,"allocation_time":{"nanos":2875,"secs":0},"allocations":1,"arena_capacity":268431360,"arena_high_water":268435456,"command_buffers":1,"completion_waits":1,"dispatches":591,"encode":{"nanos":196801,"secs":0},"gpu":{"nanos":8546292,"secs":0},"reused_bytes":2707456,"transient_live_bytes":524288,"transient_peak_bytes":2707456,"wait":{"nanos":8772125,"secs":0}},{"allocated_bytes":4,"allocation_time":{"nanos":2667,"secs":0},"allocations":1,"arena_capacity":268431360,"arena_high_water":268435456,"command_buffers":1,"completion_waits":1,"dispatches":591,"encode":{"nanos":194089,"secs":0},"gpu":{"nanos":8906500,"secs":0},"reused_bytes":2707456,"transient_live_bytes":524288,"transient_peak_bytes":2707456,"wait":{"nanos":9154084,"secs":0}},{"allocated_bytes":4,"allocation_time":{"nanos":5000,"secs":0},"allocations":1,"arena_capacity":268431360,"arena_high_water":268435456,"command_buffers":1,"completion_waits":1,"dispatches":591,"encode":{"nanos":214079,"secs":0},"gpu":{"nanos":9248250,"secs":0},"reused_bytes":2707456,"transient_live_bytes":524288,"transient_peak_bytes":2707456,"wait":{"nanos":9517167,"secs":0}},{"allocated_bytes":4,"allocation_time":{"nanos":2833,"secs":0},"allocations":1,"arena_capacity":268431360,"arena_high_water":268435456,"command_buffers":1,"completion_waits":1,"dispatches":591,"encode":{"nanos":198995,"secs":0},"gpu":{"nanos":8614125,"secs":0},"reused_bytes":2707456,"transient_live_bytes":524288,"transient_peak_bytes":2707456,"wait":{"nanos":8883500,"secs":0}},{"allocated_bytes":4,"allocation_time":{"nanos":2708,"secs":0},"allocations":1,"arena_capacity":268431360,"arena_high_water":268435456,"command_buffers":1,"completion_waits":1,"dispatches":591,"encode":{"nanos":196299,"secs":0},"gpu":{"nanos":8750958,"secs":0},"reused_bytes":2707456,"transient_live_bytes":524288,"transient_peak_bytes":2707456,"wait":{"nanos":9056500,"secs":0}},{"allocated_bytes":4,"allocation_time":{"nanos":2709,"secs":0},"allocations":1,"arena_capacity":268431360,"arena_high_water":268435456,"command_buffers":1,"completion_waits":1,"dispatches":591,"encode":{"nanos":195991,"secs":0},"gpu":{"nanos":8433750,"secs":0},"reused_bytes":2707456,"transient_live_bytes":524288,"transient_peak_bytes":2707456,"wait":{"nanos":8712250,"secs":0}},{"allocated_bytes":4,"allocation_time":{"nanos":4584,"secs":0},"allocations":1,"arena_capacity":268431360,"arena_high_water":268435456,"command_buffers":1,"completion_waits":1,"dispatches":591,"encode":{"nanos":198771,"secs":0},"gpu":{"nanos":8883708,"secs":0},"reused_bytes":2707456,"transient_live_bytes":524288,"transient_peak_bytes":2707456,"wait":{"nanos":9167042,"secs":0}},{"allocated_bytes":4,"allocation_time":{"nanos":3042,"secs":0},"allocations":1,"arena_capacity":268431360,"arena_high_water":268435456,"command_buffers":1,"completion_waits":1,"dispatches":591,"encode":{"nanos":193180,"secs":0},"gpu":{"nanos":9230750,"secs":0},"reused_bytes":2707456,"transient_live_bytes":524288,"transient_peak_bytes":2707456,"wait":{"nanos":9427500,"secs":0}},{"allocated_bytes":4,"allocation_time":{"nanos":2958,"secs":0},"allocations":1,"arena_capacity":268431360,"arena_high_water":268435456,"command_buffers":1,"completion_waits":1,"dispatches":591,"encode":{"nanos":191127,"secs":0},"gpu":{"nanos":8390167,"secs":0},"reused_bytes":2707456,"transient_live_bytes":524288,"transient_peak_bytes":2707456,"wait":{"nanos":8626750,"secs":0}},{"allocated_bytes":4,"allocation_time":{"nanos":5708,"secs":0},"allocations":1,"arena_capacity":268431360,"arena_high_water":268435456,"command_buffers":1,"completion_waits":1,"dispatches":591,"encode":{"nanos":200097,"secs":0},"gpu":{"nanos":8934000,"secs":0},"reused_bytes":2707456,"transient_live_bytes":524288,"transient_peak_bytes":2707456,"wait":{"nanos":9224083,"secs":0}},{"allocated_bytes":4,"allocation_time":{"nanos":4292,"secs":0},"allocations":1,"arena_capacity":268431360,"arena_high_water":268435456,"command_buffers":1,"completion_waits":1,"dispatches":591,"encode":{"nanos":193639,"secs":0},"gpu":{"nanos":8818750,"secs":0},"reused_bytes":2707456,"transient_live_bytes":524288,"transient_peak_bytes":2707456,"wait":{"nanos":9033792,"secs":0}},{"allocated_bytes":4,"allocation_time":{"nanos":3084,"secs":0},"allocations":1,"arena_capacity":268431360,"arena_high_water":268435456,"command_buffers":1,"completion_waits":1,"dispatches":591,"encode":{"nanos":191073,"secs":0},"gpu":{"nanos":8604250,"secs":0},"reused_bytes":2707456,"transient_live_bytes":524288,"transient_peak_bytes":2707456,"wait":{"nanos":8811416,"secs":0}},{"allocated_bytes":4,"allocation_time":{"nanos":4417,"secs":0},"allocations":1,"arena_capacity":268431360,"arena_high_water":268435456,"command_buffers":1,"completion_waits":1,"dispatches":591,"encode":{"nanos":235292,"secs":0},"gpu":{"nanos":8872250,"secs":0},"reused_bytes":2707456,"transient_live_bytes":524288,"transient_peak_bytes":2707456,"wait":{"nanos":9138125,"secs":0}}],"decode_median_ms":9.615542,"decode_ms":[10.184792,9.437458,9.615542,9.235125,9.629375000000001,10.017541,9.356625000000001,9.526791999999999,9.184458,9.652834,9.868,9.061625,9.685374999999999,9.49025,9.278292,9.657208],"decode_profiles":[{},{},{},{},{},{},{},{},{},{},{},{},{},{},{},{}],"decode_tps":103.99829775586234,"first_token_ms":63.520292000000005,"generated_ids":[151667,198,32313,11,1077,594,1490,13,576,1196,3897,264,4013,315,12239,911,264],"generated_tokens":17,"generation_ms":220.345542,"generation_tps":77.1515495421278,"kv_active_bytes":16515072,"kv_reserved_bytes":29360128,"model_format":"GGUF","model_repository":"Qwen/Qwen3-0.6B-GGUF","model_revision":"23749fefcc72300e3a2ad315e1317431b06b590a","moe_expert_tensorops":true,"moe_expert_tensorops_min_routes_per_expert":8,"packed_quantized_bytes":633233408,"pair":1,"pair_order":"ferrum-control>llama.cpp>ferrum-candidate","parameter_count":596049920,"prefill_counters":{"allocated_bytes":29360640,"allocation_time":{"nanos":1702249,"secs":0},"allocations":57,"arena_capacity":268431360,"arena_high_water":268435456,"command_buffers":1,"completion_waits":1,"dispatches":591,"encode":{"nanos":276024,"secs":0},"gpu":{"nanos":60537750,"secs":0},"reused_bytes":250609664,"transient_live_bytes":0,"transient_peak_bytes":250609664,"wait":{"nanos":60970542,"secs":0}},"prefill_ms":63.206542000000006,"prefill_profile":{},"prefill_tps":2025.1068315048778,"prompt_ids":[151644,8948,198,2610,525,264,10950,17847,13,151645,198,151644,872,198,785,3974,13876,38835,26005,916,279,15678,5562,13,576,3974,13876,38835,26005,916,279,15678,5562,13,576,3974,13876,38835,26005,916,279,15678,5562,13,576,3974,13876,38835,26005,916,279,15678,5562,13,576,3974,13876,38835,26005,916,279,15678,5562,13,576,3974,13876,38835,26005,916,279,15678,5562,13,576,3974,13876,38835,26005,916,279,15678,5562,13,576,3974,13876,38835,26005,916,279,15678,5562,13,576,3974,13876,38835,26005,916,279,15678,5562,13,576,3974,13876,38835,26005,916,279,15678,5562,13,576,3974,13876,38835,26005,916,279,15678,5562,151645,198,151644,77091,198],"prompt_tokens":128,"q5_0_gemv_n4":false,"q8_0_mpp_tile_k64":true,"retained_weight_bytes":633364480,"runtime":"ferrum","sampling_ms":4.0195430000000005,"source_tensor_bytes":633495552,"tensor_count":310,"warmup":false,"process_rss_bytes":1173422080,"ferrum_variant":"candidate","source_matrix_case_model":"Qwen/Qwen3-0.6B-GGUF@Q8_0","engine_order":["ferrum-control","llama.cpp","ferrum-candidate"],"case_index":1,"engine_load_plus_first_warmup_ms":1321.5061250375584}
{"case":"128","decode_aggregate_tps":105.55279197822001,"decode_counters":[{"allocated_bytes":4,"allocation_time":{"nanos":5750,"secs":0},"allocations":1,"arena_capacity":268431360,"arena_high_water":268435456,"command_buffers":1,"completion_waits":1,"dispatches":591,"encode":{"nanos":240253,"secs":0},"gpu":{"nanos":8595375,"secs":0},"reused_bytes":2707456,"transient_live_bytes":524288,"transient_peak_bytes":2707456,"wait":{"nanos":8833167,"secs":0}},{"allocated_bytes":4,"allocation_time":{"nanos":5042,"secs":0},"allocations":1,"arena_capacity":268431360,"arena_high_water":268435456,"command_buffers":1,"completion_waits":1,"dispatches":591,"encode":{"nanos":204749,"secs":0},"gpu":{"nanos":8732625,"secs":0},"reused_bytes":2707456,"transient_live_bytes":524288,"transient_peak_bytes":2707456,"wait":{"nanos":8983750,"secs":0}},{"allocated_bytes":4,"allocation_time":{"nanos":3250,"secs":0},"allocations":1,"arena_capacity":268431360,"arena_high_water":268435456,"command_buffers":1,"completion_waits":1,"dispatches":591,"encode":{"nanos":197576,"secs":0},"gpu":{"nanos":9008375,"secs":0},"reused_bytes":2707456,"transient_live_bytes":524288,"transient_peak_bytes":2707456,"wait":{"nanos":9208750,"secs":0}},{"allocated_bytes":4,"allocation_time":{"nanos":3208,"secs":0},"allocations":1,"arena_capacity":268431360,"arena_high_water":268435456,"command_buffers":1,"completion_waits":1,"dispatches":591,"encode":{"nanos":195488,"secs":0},"gpu":{"nanos":9166125,"secs":0},"reused_bytes":2707456,"transient_live_bytes":524288,"transient_peak_bytes":2707456,"wait":{"nanos":9451959,"secs":0}},{"allocated_bytes":4,"allocation_time":{"nanos":2875,"secs":0},"allocations":1,"arena_capacity":268431360,"arena_high_water":268435456,"command_buffers":1,"completion_waits":1,"dispatches":591,"encode":{"nanos":195708,"secs":0},"gpu":{"nanos":8816917,"secs":0},"reused_bytes":2707456,"transient_live_bytes":524288,"transient_peak_bytes":2707456,"wait":{"nanos":9046167,"secs":0}},{"allocated_bytes":4,"allocation_time":{"nanos":2833,"secs":0},"allocations":1,"arena_capacity":268431360,"arena_high_water":268435456,"command_buffers":1,"completion_waits":1,"dispatches":591,"encode":{"nanos":195123,"secs":0},"gpu":{"nanos":8295417,"secs":0},"reused_bytes":2707456,"transient_live_bytes":524288,"transient_peak_bytes":2707456,"wait":{"nanos":8523459,"secs":0}},{"allocated_bytes":4,"allocation_time":{"nanos":3875,"secs":0},"allocations":1,"arena_capacity":268431360,"arena_high_water":268435456,"command_buffers":1,"completion_waits":1,"dispatches":591,"encode":{"nanos":215962,"secs":0},"gpu":{"nanos":8351250,"secs":0},"reused_bytes":2707456,"transient_live_bytes":524288,"transient_peak_bytes":2707456,"wait":{"nanos":8597958,"secs":0}},{"allocated_bytes":4,"allocation_time":{"nanos":3584,"secs":0},"allocations":1,"arena_capacity":268431360,"arena_high_water":268435456,"command_buffers":1,"completion_waits":1,"dispatches":591,"encode":{"nanos":196254,"secs":0},"gpu":{"nanos":8751292,"secs":0},"reused_bytes":2707456,"transient_live_bytes":524288,"transient_peak_bytes":2707456,"wait":{"nanos":8974209,"secs":0}},{"allocated_bytes":4,"allocation_time":{"nanos":4125,"secs":0},"allocations":1,"arena_capacity":268431360,"arena_high_water":268435456,"command_buffers":1,"completion_waits":1,"dispatches":591,"encode":{"nanos":208167,"secs":0},"gpu":{"nanos":8949708,"secs":0},"reused_bytes":2707456,"transient_live_bytes":524288,"transient_peak_bytes":2707456,"wait":{"nanos":9177833,"secs":0}},{"allocated_bytes":4,"allocation_time":{"nanos":3292,"secs":0},"allocations":1,"arena_capacity":268431360,"arena_high_water":268435456,"command_buffers":1,"completion_waits":1,"dispatches":591,"encode":{"nanos":195688,"secs":0},"gpu":{"nanos":8722167,"secs":0},"reused_bytes":2707456,"transient_live_bytes":524288,"transient_peak_bytes":2707456,"wait":{"nanos":8949041,"secs":0}},{"allocated_bytes":4,"allocation_time":{"nanos":3250,"secs":0},"allocations":1,"arena_capacity":268431360,"arena_high_water":268435456,"command_buffers":1,"completion_waits":1,"dispatches":591,"encode":{"nanos":194071,"secs":0},"gpu":{"nanos":8369625,"secs":0},"reused_bytes":2707456,"transient_live_bytes":524288,"transient_peak_bytes":2707456,"wait":{"nanos":8618375,"secs":0}},{"allocated_bytes":4,"allocation_time":{"nanos":3084,"secs":0},"allocations":1,"arena_capacity":268431360,"arena_high_water":268435456,"command_buffers":1,"completion_waits":1,"dispatches":591,"encode":{"nanos":191567,"secs":0},"gpu":{"nanos":8362042,"secs":0},"reused_bytes":2707456,"transient_live_bytes":524288,"transient_peak_bytes":2707456,"wait":{"nanos":8610750,"secs":0}},{"allocated_bytes":4,"allocation_time":{"nanos":3208,"secs":0},"allocations":1,"arena_capacity":268431360,"arena_high_water":268435456,"command_buffers":1,"completion_waits":1,"dispatches":591,"encode":{"nanos":195012,"secs":0},"gpu":{"nanos":8953875,"secs":0},"reused_bytes":2707456,"transient_live_bytes":524288,"transient_peak_bytes":2707456,"wait":{"nanos":9183625,"secs":0}},{"allocated_bytes":4,"allocation_time":{"nanos":3000,"secs":0},"allocations":1,"arena_capacity":268431360,"arena_high_water":268435456,"command_buffers":1,"completion_waits":1,"dispatches":591,"encode":{"nanos":193695,"secs":0},"gpu":{"nanos":9564208,"secs":0},"reused_bytes":2707456,"transient_live_bytes":524288,"transient_peak_bytes":2707456,"wait":{"nanos":9795959,"secs":0}},{"allocated_bytes":4,"allocation_time":{"nanos":2709,"secs":0},"allocations":1,"arena_capacity":268431360,"arena_high_water":268435456,"command_buffers":1,"completion_waits":1,"dispatches":591,"encode":{"nanos":194658,"secs":0},"gpu":{"nanos":8637792,"secs":0},"reused_bytes":2707456,"transient_live_bytes":524288,"transient_peak_bytes":2707456,"wait":{"nanos":8827208,"secs":0}},{"allocated_bytes":4,"allocation_time":{"nanos":8625,"secs":0},"allocations":1,"arena_capacity":268431360,"arena_high_water":268435456,"command_buffers":1,"completion_waits":1,"dispatches":591,"encode":{"nanos":231925,"secs":0},"gpu":{"nanos":8811417,"secs":0},"reused_bytes":2707456,"transient_live_bytes":524288,"transient_peak_bytes":2707456,"wait":{"nanos":9077500,"secs":0}}],"decode_median_ms":9.477708,"decode_ms":[9.377999999999998,9.477708,9.6865,9.928790999999999,9.518542,8.999,9.101292,9.415,9.676250000000001,9.412333,9.086542,9.076667,9.65675,10.269167,9.276958,9.623415999999999],"decode_profiles":[{},{},{},{},{},{},{},{},{},{},{},{},{},{},{},{}],"decode_tps":105.51074162656204,"first_token_ms":65.07070800000001,"generated_ids":[151667,198,32313,11,1077,594,1490,13,576,1196,3897,264,4013,315,12239,911,264],"generated_tokens":17,"generation_ms":220.592083,"generation_tps":77.06532242138536,"kv_active_bytes":16515072,"kv_reserved_bytes":29360128,"model_format":"GGUF","model_repository":"Qwen/Qwen3-0.6B-GGUF","model_revision":"23749fefcc72300e3a2ad315e1317431b06b590a","moe_expert_tensorops":true,"moe_expert_tensorops_min_routes_per_expert":8,"packed_quantized_bytes":633233408,"pair":2,"pair_order":"ferrum-candidate>llama.cpp>ferrum-control","parameter_count":596049920,"prefill_counters":{"allocated_bytes":29360640,"allocation_time":{"nanos":1682293,"secs":0},"allocations":57,"arena_capacity":268431360,"arena_high_water":268435456,"command_buffers":1,"completion_waits":1,"dispatches":591,"encode":{"nanos":266378,"secs":0},"gpu":{"nanos":62017250,"secs":0},"reused_bytes":250609664,"transient_live_bytes":0,"transient_peak_bytes":250609664,"wait":{"nanos":62571000,"secs":0}},"prefill_ms":64.76925,"prefill_profile":{},"prefill_tps":1976.2464441073503,"prompt_ids":[151644,8948,198,2610,525,264,10950,17847,13,151645,198,151644,872,198,785,3974,13876,38835,26005,916,279,15678,5562,13,576,3974,13876,38835,26005,916,279,15678,5562,13,576,3974,13876,38835,26005,916,279,15678,5562,13,576,3974,13876,38835,26005,916,279,15678,5562,13,576,3974,13876,38835,26005,916,279,15678,5562,13,576,3974,13876,38835,26005,916,279,15678,5562,13,576,3974,13876,38835,26005,916,279,15678,5562,13,576,3974,13876,38835,26005,916,279,15678,5562,13,576,3974,13876,38835,26005,916,279,15678,5562,13,576,3974,13876,38835,26005,916,279,15678,5562,13,576,3974,13876,38835,26005,916,279,15678,5562,151645,198,151644,77091,198],"prompt_tokens":128,"q5_0_gemv_n4":false,"q8_0_mpp_tile_k64":true,"retained_weight_bytes":633364480,"runtime":"ferrum","sampling_ms":4.008792,"source_tensor_bytes":633495552,"tensor_count":310,"warmup":false,"process_rss_bytes":1173372928,"ferrum_variant":"candidate","source_matrix_case_model":"Qwen/Qwen3-0.6B-GGUF@Q8_0","engine_order":["ferrum-candidate","llama.cpp","ferrum-control"],"case_index":1,"engine_load_plus_first_warmup_ms":1321.5061250375584}
{"case":"128","command_buffer_count":null,"decode_aggregate_tps":158.84381242344662,"decode_median_ms":6.253959,"decode_ms":[7.541833,5.785667,6.197708,5.807542,6.143333,6.438417,5.896042,6.345375,6.954459,5.799083,6.284416,5.931209,6.312459,6.253959,5.895708,7.140667],"decode_tps":159.89871375875666,"dispatch_count":null,"first_token_ms":22.211,"generated_ids":[151667,198,32313,11,1077,594,1490,13,576,1196,3897,264,4013,315,22870,1380,279],"generated_tokens":17,"generation_ms":126.8745,"generation_tps":133.99067582532345,"kv_context_capacity_tokens":4096,"kv_type":"bf16","llama_version":"0.5.0-dev","model_format":"GGUF","pair":2,"pair_order":"ferrum-candidate>llama.cpp>ferrum-control","prefill_ms":21.984708,"prefill_tps":5822.228796488905,"process_max_rss_bytes":1243545600,"prompt_ids":[151644,8948,198,2610,525,264,10950,17847,13,151645,198,151644,872,198,785,3974,13876,38835,26005,916,279,15678,5562,13,576,3974,13876,38835,26005,916,279,15678,5562,13,576,3974,13876,38835,26005,916,279,15678,5562,13,576,3974,13876,38835,26005,916,279,15678,5562,13,576,3974,13876,38835,26005,916,279,15678,5562,13,576,3974,13876,38835,26005,916,279,15678,5562,13,576,3974,13876,38835,26005,916,279,15678,5562,13,576,3974,13876,38835,26005,916,279,15678,5562,13,576,3974,13876,38835,26005,916,279,15678,5562,13,576,3974,13876,38835,26005,916,279,15678,5562,13,576,3974,13876,38835,26005,916,279,15678,5562,151645,198,151644,77091,198],"prompt_tokens":128,"runtime":"llama.cpp","sampling_ms":4.159625999999999,"warmup":false,"process_rss_bytes":1243283456,"source_matrix_case_model":"Qwen/Qwen3-0.6B-GGUF@Q8_0","engine_order":["ferrum-candidate","llama.cpp","ferrum-control"],"case_index":1,"engine_load_plus_first_warmup_ms":1459.0402909670956}
{"case":"128","decode_aggregate_tps":104.04059533979415,"decode_counters":[{"allocated_bytes":4,"allocation_time":{"nanos":10833,"secs":0},"allocations":1,"arena_capacity":268431360,"arena_high_water":268435456,"command_buffers":1,"completion_waits":1,"dispatches":591,"encode":{"nanos":241883,"secs":0},"gpu":{"nanos":8662875,"secs":0},"reused_bytes":2707456,"transient_live_bytes":524288,"transient_peak_bytes":2707456,"wait":{"nanos":8935333,"secs":0}},{"allocated_bytes":4,"allocation_time":{"nanos":7208,"secs":0},"allocations":1,"arena_capacity":268431360,"arena_high_water":268435456,"command_buffers":1,"completion_waits":1,"dispatches":591,"encode":{"nanos":204157,"secs":0},"gpu":{"nanos":8789125,"secs":0},"reused_bytes":2707456,"transient_live_bytes":524288,"transient_peak_bytes":2707456,"wait":{"nanos":9049208,"secs":0}},{"allocated_bytes":4,"allocation_time":{"nanos":5792,"secs":0},"allocations":1,"arena_capacity":268431360,"arena_high_water":268435456,"command_buffers":1,"completion_waits":1,"dispatches":591,"encode":{"nanos":201551,"secs":0},"gpu":{"nanos":9697000,"secs":0},"reused_bytes":2707456,"transient_live_bytes":524288,"transient_peak_bytes":2707456,"wait":{"nanos":9939458,"secs":0}},{"allocated_bytes":4,"allocation_time":{"nanos":4584,"secs":0},"allocations":1,"arena_capacity":268431360,"arena_high_water":268435456,"command_buffers":1,"completion_waits":1,"dispatches":591,"encode":{"nanos":195785,"secs":0},"gpu":{"nanos":9891458,"secs":0},"reused_bytes":2707456,"transient_live_bytes":524288,"transient_peak_bytes":2707456,"wait":{"nanos":10168250,"secs":0}},{"allocated_bytes":4,"allocation_time":{"nanos":4375,"secs":0},"allocations":1,"arena_capacity":268431360,"arena_high_water":268435456,"command_buffers":1,"completion_waits":1,"dispatches":591,"encode":{"nanos":197153,"secs":0},"gpu":{"nanos":8830458,"secs":0},"reused_bytes":2707456,"transient_live_bytes":524288,"transient_peak_bytes":2707456,"wait":{"nanos":9093625,"secs":0}},{"allocated_bytes":4,"allocation_time":{"nanos":2791,"secs":0},"allocations":1,"arena_capacity":268431360,"arena_high_water":268435456,"command_buffers":1,"completion_waits":1,"dispatches":591,"encode":{"nanos":202264,"secs":0},"gpu":{"nanos":8598000,"secs":0},"reused_bytes":2707456,"transient_live_bytes":524288,"transient_peak_bytes":2707456,"wait":{"nanos":8843667,"secs":0}},{"allocated_bytes":4,"allocation_time":{"nanos":5000,"secs":0},"allocations":1,"arena_capacity":268431360,"arena_high_water":268435456,"command_buffers":1,"completion_waits":1,"dispatches":591,"encode":{"nanos":201797,"secs":0},"gpu":{"nanos":8621000,"secs":0},"reused_bytes":2707456,"transient_live_bytes":524288,"transient_peak_bytes":2707456,"wait":{"nanos":8868125,"secs":0}},{"allocated_bytes":4,"allocation_time":{"nanos":3584,"secs":0},"allocations":1,"arena_capacity":268431360,"arena_high_water":268435456,"command_buffers":1,"completion_waits":1,"dispatches":591,"encode":{"nanos":191497,"secs":0},"gpu":{"nanos":8760042,"secs":0},"reused_bytes":2707456,"transient_live_bytes":524288,"transient_peak_bytes":2707456,"wait":{"nanos":9007791,"secs":0}},{"allocated_bytes":4,"allocation_time":{"nanos":3458,"secs":0},"allocations":1,"arena_capacity":268431360,"arena_high_water":268435456,"command_buffers":1,"completion_waits":1,"dispatches":591,"encode":{"nanos":191928,"secs":0},"gpu":{"nanos":8509667,"secs":0},"reused_bytes":2707456,"transient_live_bytes":524288,"transient_peak_bytes":2707456,"wait":{"nanos":8715959,"secs":0}},{"allocated_bytes":4,"allocation_time":{"nanos":3917,"secs":0},"allocations":1,"arena_capacity":268431360,"arena_high_water":268435456,"command_buffers":1,"completion_waits":1,"dispatches":591,"encode":{"nanos":195463,"secs":0},"gpu":{"nanos":9483250,"secs":0},"reused_bytes":2707456,"transient_live_bytes":524288,"transient_peak_bytes":2707456,"wait":{"nanos":9728167,"secs":0}},{"allocated_bytes":4,"allocation_time":{"nanos":4500,"secs":0},"allocations":1,"arena_capacity":268431360,"arena_high_water":268435456,"command_buffers":1,"completion_waits":1,"dispatches":591,"encode":{"nanos":200370,"secs":0},"gpu":{"nanos":8416750,"secs":0},"reused_bytes":2707456,"transient_live_bytes":524288,"transient_peak_bytes":2707456,"wait":{"nanos":8668416,"secs":0}},{"allocated_bytes":4,"allocation_time":{"nanos":3166,"secs":0},"allocations":1,"arena_capacity":268431360,"arena_high_water":268435456,"command_buffers":1,"completion_waits":1,"dispatches":591,"encode":{"nanos":205300,"secs":0},"gpu":{"nanos":8464708,"secs":0},"reused_bytes":2707456,"transient_live_bytes":524288,"transient_peak_bytes":2707456,"wait":{"nanos":8668084,"secs":0}},{"allocated_bytes":4,"allocation_time":{"nanos":3208,"secs":0},"allocations":1,"arena_capacity":268431360,"arena_high_water":268435456,"command_buffers":1,"completion_waits":1,"dispatches":591,"encode":{"nanos":195220,"secs":0},"gpu":{"nanos":9084000,"secs":0},"reused_bytes":2707456,"transient_live_bytes":524288,"transient_peak_bytes":2707456,"wait":{"nanos":9269458,"secs":0}},{"allocated_bytes":4,"allocation_time":{"nanos":3167,"secs":0},"allocations":1,"arena_capacity":268431360,"arena_high_water":268435456,"command_buffers":1,"completion_waits":1,"dispatches":591,"encode":{"nanos":194164,"secs":0},"gpu":{"nanos":8884083,"secs":0},"reused_bytes":2707456,"transient_live_bytes":524288,"transient_peak_bytes":2707456,"wait":{"nanos":9138167,"secs":0}},{"allocated_bytes":4,"allocation_time":{"nanos":4000,"secs":0},"allocations":1,"arena_capacity":268431360,"arena_high_water":268435456,"command_buffers":1,"completion_waits":1,"dispatches":591,"encode":{"nanos":191563,"secs":0},"gpu":{"nanos":8504958,"secs":0},"reused_bytes":2707456,"transient_live_bytes":524288,"transient_peak_bytes":2707456,"wait":{"nanos":8759708,"secs":0}},{"allocated_bytes":4,"allocation_time":{"nanos":4208,"secs":0},"allocations":1,"arena_capacity":268431360,"arena_high_water":268435456,"command_buffers":1,"completion_waits":1,"dispatches":591,"encode":{"nanos":196663,"secs":0},"gpu":{"nanos":9242292,"secs":0},"reused_bytes":2707456,"transient_live_bytes":524288,"transient_peak_bytes":2707456,"wait":{"nanos":9413167,"secs":0}}],"decode_median_ms":9.53825,"decode_ms":[9.500125,9.53825,10.392040999999999,10.6475,9.567833,9.3315,9.361333,9.443666,9.150167000000001,10.21825,9.152834,9.121584,9.70525,9.581084,9.200458,9.87425],"decode_profiles":[{},{},{},{},{},{},{},{},{},{},{},{},{},{},{},{}],"decode_tps":104.84103478101329,"first_token_ms":66.697959,"generated_ids":[151667,198,32313,11,1077,594,1490,13,576,1196,3897,264,4013,315,12239,911,264],"generated_tokens":17,"generation_ms":224.373625,"generation_tps":75.76648102021795,"kv_active_bytes":16515072,"kv_reserved_bytes":29360128,"model_format":"GGUF","model_repository":"Qwen/Qwen3-0.6B-GGUF","model_revision":"23749fefcc72300e3a2ad315e1317431b06b590a","moe_expert_tensorops":true,"moe_expert_tensorops_min_routes_per_expert":8,"packed_quantized_bytes":633233408,"pair":2,"pair_order":"ferrum-candidate>llama.cpp>ferrum-control","parameter_count":596049920,"prefill_counters":{"allocated_bytes":29360640,"allocation_time":{"nanos":1565380,"secs":0},"allocations":57,"arena_capacity":268431360,"arena_high_water":268435456,"command_buffers":1,"completion_waits":1,"dispatches":591,"encode":{"nanos":257586,"secs":0},"gpu":{"nanos":63819875,"secs":0},"reused_bytes":250609664,"transient_live_bytes":0,"transient_peak_bytes":250609664,"wait":{"nanos":64324250,"secs":0}},"prefill_ms":66.379042,"prefill_profile":{},"prefill_tps":1928.3194837310245,"prompt_ids":[151644,8948,198,2610,525,264,10950,17847,13,151645,198,151644,872,198,785,3974,13876,38835,26005,916,279,15678,5562,13,576,3974,13876,38835,26005,916,279,15678,5562,13,576,3974,13876,38835,26005,916,279,15678,5562,13,576,3974,13876,38835,26005,916,279,15678,5562,13,576,3974,13876,38835,26005,916,279,15678,5562,13,576,3974,13876,38835,26005,916,279,15678,5562,13,576,3974,13876,38835,26005,916,279,15678,5562,13,576,3974,13876,38835,26005,916,279,15678,5562,13,576,3974,13876,38835,26005,916,279,15678,5562,13,576,3974,13876,38835,26005,916,279,15678,5562,13,576,3974,13876,38835,26005,916,279,15678,5562,151645,198,151644,77091,198],"prompt_tokens":128,"q5_0_gemv_n4":false,"q8_0_mpp_tile_k64":false,"retained_weight_bytes":633364480,"runtime":"ferrum","sampling_ms":3.982626,"source_tensor_bytes":633495552,"tensor_count":310,"warmup":false,"process_rss_bytes":1173372928,"ferrum_variant":"control","source_matrix_case_model":"Qwen/Qwen3-0.6B-GGUF@Q8_0","engine_order":["ferrum-candidate","llama.cpp","ferrum-control"],"case_index":1,"engine_load_plus_first_warmup_ms":1321.5061250375584}
{"case":"512","command_buffer_count":null,"decode_aggregate_tps":152.87013827935237,"decode_median_ms":6.537375,"decode_ms":[6.938666,7.378708,6.483375,6.214875,6.537375,6.557708,6.634166,6.14475,7.2245,6.460167,6.107834,6.5755,6.19425,6.415958,6.560625,6.235542],"decode_tps":152.96659591961605,"dispatch_count":null,"first_token_ms":74.610834,"generated_ids":[151667,198,32313,11,1077,594,1490,13,576,1196,3897,264,4013,315,22870,1380,279],"generated_tokens":17,"generation_ms":183.181334,"generation_tps":92.8042155212168,"kv_context_capacity_tokens":4096,"kv_type":"bf16","llama_version":"0.5.0-dev","model_format":"GGUF","pair":0,"pair_order":"llama.cpp>ferrum-control>ferrum-candidate","prefill_ms":74.36725,"prefill_tps":6884.751016072263,"process_max_rss_bytes":1243545600,"prompt_ids":[151644,8948,198,2610,525,264,10950,17847,13,151645,198,151644,872,198,785,3974,13876,38835,26005,916,279,15678,5562,13,576,3974,13876,38835,26005,916,279,15678,5562,13,576,3974,13876,38835,26005,916,279,15678,5562,13,576,3974,13876,38835,26005,916,279,15678,5562,13,576,3974,13876,38835,26005,916,279,15678,5562,13,576,3974,13876,38835,26005,916,279,15678,5562,13,576,3974,13876,38835,26005,916,279,15678,5562,13,576,3974,13876,38835,26005,916,279,15678,5562,13,576,3974,13876,38835,26005,916,279,15678,5562,13,576,3974,13876,38835,26005,916,279,15678,5562,13,576,3974,13876,38835,26005,916,279,15678,5562,13,576,3974,13876,38835,26005,916,279,15678,5562,13,576,3974,13876,38835,26005,916,279,15678,5562,13,576,3974,13876,38835,26005,916,279,15678,5562,13,576,3974,13876,38835,26005,916,279,15678,5562,13,576,3974,13876,38835,26005,916,279,15678,5562,13,576,3974,13876,38835,26005,916,279,15678,5562,13,576,3974,13876,38835,26005,916,279,15678,5562,13,576,3974,13876,38835,26005,916,279,15678,5562,13,576,3974,13876,38835,26005,916,279,15678,5562,13,576,3974,13876,38835,26005,916,279,15678,5562,13,576,3974,13876,38835,26005,916,279,15678,5562,13,576,3974,13876,38835,26005,916,279,15678,5562,13,576,3974,13876,38835,26005,916,279,15678,5562,13,576,3974,13876,38835,26005,916,279,15678,5562,13,576,3974,13876,38835,26005,916,279,15678,5562,13,576,3974,13876,38835,26005,916,279,15678,5562,13,576,3974,13876,38835,26005,916,279,15678,5562,13,576,3974,13876,38835,26005,916,279,15678,5562,13,576,3974,13876,38835,26005,916,279,15678,5562,13,576,3974,13876,38835,26005,916,279,15678,5562,13,576,3974,13876,38835,26005,916,279,15678,5562,13,576,3974,13876,38835,26005,916,279,15678,5562,13,576,3974,13876,38835,26005,916,279,15678,5562,13,576,3974,13876,38835,26005,916,279,15678,5562,13,576,3974,13876,38835,26005,916,279,15678,5562,13,576,3974,13876,38835,26005,916,279,15678,5562,13,576,3974,13876,38835,26005,916,279,15678,5562,13,576,3974,13876,38835,26005,916,279,15678,5562,13,576,3974,13876,38835,26005,916,279,15678,5562,13,576,3974,13876,38835,26005,916,279,15678,5562,13,576,3974,13876,38835,26005,916,279,15678,5562,13,576,3974,13876,38835,26005,916,279,15678,5562,13,576,3974,13876,38835,26005,916,279,15678,5562,13,576,3974,13876,38835,26005,916,279,15678,5562,13,576,3974,13876,38835,26005,916,279,15678,5562,13,576,3974,13876,38835,26005,916,279,15678,5562,13,576,3974,13876,38835,26005,916,279,15678,5562,13,576,3974,13876,38835,26005,916,279,15678,5562,13,576,3974,13876,151645,198,151644,77091,198],"prompt_tokens":512,"runtime":"llama.cpp","sampling_ms":4.14779,"warmup":false,"process_rss_bytes":1243283456,"source_matrix_case_model":"Qwen/Qwen3-0.6B-GGUF@Q8_0","engine_order":["llama.cpp","ferrum-control","ferrum-candidate"],"case_index":2,"engine_load_plus_first_warmup_ms":1459.0402909670956}
{"case":"512","decode_aggregate_tps":91.7012295765099,"decode_counters":[{"allocated_bytes":120999940,"allocation_time":{"nanos":6219339,"secs":0},"allocations":591,"arena_capacity":262033408,"arena_high_water":268435456,"command_buffers":1,"completion_waits":1,"dispatches":647,"encode":{"nanos":299328,"secs":0},"gpu":{"nanos":10260333,"secs":0},"reused_bytes":524288,"transient_live_bytes":524288,"transient_peak_bytes":4083712,"wait":{"nanos":11167750,"secs":0}},{"allocated_bytes":4,"allocation_time":{"nanos":6542,"secs":0},"allocations":1,"arena_capacity":262033408,"arena_high_water":268435456,"command_buffers":1,"completion_waits":1,"dispatches":591,"encode":{"nanos":213084,"secs":0},"gpu":{"nanos":10142750,"secs":0},"reused_bytes":4083712,"transient_live_bytes":524288,"transient_peak_bytes":4083712,"wait":{"nanos":10399791,"secs":0}},{"allocated_bytes":4,"allocation_time":{"nanos":5417,"secs":0},"allocations":1,"arena_capacity":262033408,"arena_high_water":268435456,"command_buffers":1,"completion_waits":1,"dispatches":591,"encode":{"nanos":227486,"secs":0},"gpu":{"nanos":9477917,"secs":0},"reused_bytes":4083712,"transient_live_bytes":524288,"transient_peak_bytes":4083712,"wait":{"nanos":9712833,"secs":0}},{"allocated_bytes":4,"allocation_time":{"nanos":5584,"secs":0},"allocations":1,"arena_capacity":262033408,"arena_high_water":268435456,"command_buffers":1,"completion_waits":1,"dispatches":591,"encode":{"nanos":205749,"secs":0},"gpu":{"nanos":9324750,"secs":0},"reused_bytes":4083712,"transient_live_bytes":524288,"transient_peak_bytes":4083712,"wait":{"nanos":9589083,"secs":0}},{"allocated_bytes":4,"allocation_time":{"nanos":4250,"secs":0},"allocations":1,"arena_capacity":262033408,"arena_high_water":268435456,"command_buffers":1,"completion_waits":1,"dispatches":591,"encode":{"nanos":206228,"secs":0},"gpu":{"nanos":10563625,"secs":0},"reused_bytes":4083712,"transient_live_bytes":524288,"transient_peak_bytes":4083712,"wait":{"nanos":10820125,"secs":0}},{"allocated_bytes":4,"allocation_time":{"nanos":3375,"secs":0},"allocations":1,"arena_capacity":262033408,"arena_high_water":268435456,"command_buffers":1,"completion_waits":1,"dispatches":591,"encode":{"nanos":195184,"secs":0},"gpu":{"nanos":9437292,"secs":0},"reused_bytes":4083712,"transient_live_bytes":524288,"transient_peak_bytes":4083712,"wait":{"nanos":9662875,"secs":0}},{"allocated_bytes":4,"allocation_time":{"nanos":3042,"secs":0},"allocations":1,"arena_capacity":262033408,"arena_high_water":268435456,"command_buffers":1,"completion_waits":1,"dispatches":591,"encode":{"nanos":194677,"secs":0},"gpu":{"nanos":9375458,"secs":0},"reused_bytes":4083712,"transient_live_bytes":524288,"transient_peak_bytes":4083712,"wait":{"nanos":9594292,"secs":0}},{"allocated_bytes":4,"allocation_time":{"nanos":2750,"secs":0},"allocations":1,"arena_capacity":262033408,"arena_high_water":268435456,"command_buffers":1,"completion_waits":1,"dispatches":591,"encode":{"nanos":193910,"secs":0},"gpu":{"nanos":9290417,"secs":0},"reused_bytes":4083712,"transient_live_bytes":524288,"transient_peak_bytes":4083712,"wait":{"nanos":9532291,"secs":0}},{"allocated_bytes":4,"allocation_time":{"nanos":3208,"secs":0},"allocations":1,"arena_capacity":262033408,"arena_high_water":268435456,"command_buffers":1,"completion_waits":1,"dispatches":591,"encode":{"nanos":191956,"secs":0},"gpu":{"nanos":9803250,"secs":0},"reused_bytes":4083712,"transient_live_bytes":524288,"transient_peak_bytes":4083712,"wait":{"nanos":10061375,"secs":0}},{"allocated_bytes":4,"allocation_time":{"nanos":4917,"secs":0},"allocations":1,"arena_capacity":262033408,"arena_high_water":268435456,"command_buffers":1,"completion_waits":1,"dispatches":591,"encode":{"nanos":197744,"secs":0},"gpu":{"nanos":10231500,"secs":0},"reused_bytes":4083712,"transient_live_bytes":524288,"transient_peak_bytes":4083712,"wait":{"nanos":10473917,"secs":0}},{"allocated_bytes":4,"allocation_time":{"nanos":6250,"secs":0},"allocations":1,"arena_capacity":262033408,"arena_high_water":268435456,"command_buffers":1,"completion_waits":1,"dispatches":591,"encode":{"nanos":214372,"secs":0},"gpu":{"nanos":9433125,"secs":0},"reused_bytes":4083712,"transient_live_bytes":524288,"transient_peak_bytes":4083712,"wait":{"nanos":9688875,"secs":0}},{"allocated_bytes":4,"allocation_time":{"nanos":4583,"secs":0},"allocations":1,"arena_capacity":262033408,"arena_high_water":268435456,"command_buffers":1,"completion_waits":1,"dispatches":591,"encode":{"nanos":202199,"secs":0},"gpu":{"nanos":9579917,"secs":0},"reused_bytes":4083712,"transient_live_bytes":524288,"transient_peak_bytes":4083712,"wait":{"nanos":9809500,"secs":0}},{"allocated_bytes":4,"allocation_time":{"nanos":6375,"secs":0},"allocations":1,"arena_capacity":262033408,"arena_high_water":268435456,"command_buffers":1,"completion_waits":1,"dispatches":591,"encode":{"nanos":216249,"secs":0},"gpu":{"nanos":9306167,"secs":0},"reused_bytes":4083712,"transient_live_bytes":524288,"transient_peak_bytes":4083712,"wait":{"nanos":9553875,"secs":0}},{"allocated_bytes":4,"allocation_time":{"nanos":3958,"secs":0},"allocations":1,"arena_capacity":262033408,"arena_high_water":268435456,"command_buffers":1,"completion_waits":1,"dispatches":591,"encode":{"nanos":196445,"secs":0},"gpu":{"nanos":10277375,"secs":0},"reused_bytes":4083712,"transient_live_bytes":524288,"transient_peak_bytes":4083712,"wait":{"nanos":10537167,"secs":0}},{"allocated_bytes":4,"allocation_time":{"nanos":3875,"secs":0},"allocations":1,"arena_capacity":262033408,"arena_high_water":268435456,"command_buffers":1,"completion_waits":1,"dispatches":591,"encode":{"nanos":201876,"secs":0},"gpu":{"nanos":9725125,"secs":0},"reused_bytes":4083712,"transient_live_bytes":524288,"transient_peak_bytes":4083712,"wait":{"nanos":9984750,"secs":0}},{"allocated_bytes":4,"allocation_time":{"nanos":5250,"secs":0},"allocations":1,"arena_capacity":262033408,"arena_high_water":268435456,"command_buffers":1,"completion_waits":1,"dispatches":591,"encode":{"nanos":200010,"secs":0},"gpu":{"nanos":9312500,"secs":0},"reused_bytes":4083712,"transient_live_bytes":524288,"transient_peak_bytes":4083712,"wait":{"nanos":9575417,"secs":0}}],"decode_median_ms":10.271083,"decode_ms":[18.262207999999998,10.898791999999998,10.2395,10.083,11.315334,10.101625,10.029791999999999,10.000874999999999,10.530375,10.933542,10.194625,10.271083,10.081833,11.015,10.464875000000001,10.057208],"decode_profiles":[{},{},{},{},{},{},{},{},{},{},{},{},{},{},{},{}],"decode_tps":97.36071648919592,"first_token_ms":195.627625,"generated_ids":[151667,198,32313,11,1077,594,1490,13,576,1196,3897,264,4013,315,22870,1380,279],"generated_tokens":17,"generation_ms":374.318416,"generation_tps":45.415879297800835,"kv_active_bytes":60555264,"kv_reserved_bytes":117440512,"model_format":"GGUF","model_repository":"Qwen/Qwen3-0.6B-GGUF","model_revision":"23749fefcc72300e3a2ad315e1317431b06b590a","moe_expert_tensorops":true,"moe_expert_tensorops_min_routes_per_expert":8,"packed_quantized_bytes":633233408,"pair":0,"pair_order":"llama.cpp>ferrum-control>ferrum-candidate","parameter_count":596049920,"prefill_counters":{"allocated_bytes":352847872,"allocation_time":{"nanos":16617257,"secs":0},"allocations":160,"arena_capacity":266862592,"arena_high_water":268435456,"command_buffers":6,"completion_waits":6,"dispatches":591,"encode":{"nanos":383797,"secs":0},"gpu":{"nanos":171923041,"secs":0},"reused_bytes":1059061760,"transient_live_bytes":0,"transient_peak_bytes":268435456,"wait":{"nanos":174755667,"secs":0}},"prefill_ms":195.30308399999998,"prefill_profile":{},"prefill_tps":2621.56638550572,"prompt_ids":[151644,8948,198,2610,525,264,10950,17847,13,151645,198,151644,872,198,785,3974,13876,38835,26005,916,279,15678,5562,13,576,3974,13876,38835,26005,916,279,15678,5562,13,576,3974,13876,38835,26005,916,279,15678,5562,13,576,3974,13876,38835,26005,916,279,15678,5562,13,576,3974,13876,38835,26005,916,279,15678,5562,13,576,3974,13876,38835,26005,916,279,15678,5562,13,576,3974,13876,38835,26005,916,279,15678,5562,13,576,3974,13876,38835,26005,916,279,15678,5562,13,576,3974,13876,38835,26005,916,279,15678,5562,13,576,3974,13876,38835,26005,916,279,15678,5562,13,576,3974,13876,38835,26005,916,279,15678,5562,13,576,3974,13876,38835,26005,916,279,15678,5562,13,576,3974,13876,38835,26005,916,279,15678,5562,13,576,3974,13876,38835,26005,916,279,15678,5562,13,576,3974,13876,38835,26005,916,279,15678,5562,13,576,3974,13876,38835,26005,916,279,15678,5562,13,576,3974,13876,38835,26005,916,279,15678,5562,13,576,3974,13876,38835,26005,916,279,15678,5562,13,576,3974,13876,38835,26005,916,279,15678,5562,13,576,3974,13876,38835,26005,916,279,15678,5562,13,576,3974,13876,38835,26005,916,279,15678,5562,13,576,3974,13876,38835,26005,916,279,15678,5562,13,576,3974,13876,38835,26005,916,279,15678,5562,13,576,3974,13876,38835,26005,916,279,15678,5562,13,576,3974,13876,38835,26005,916,279,15678,5562,13,576,3974,13876,38835,26005,916,279,15678,5562,13,576,3974,13876,38835,26005,916,279,15678,5562,13,576,3974,13876,38835,26005,916,279,15678,5562,13,576,3974,13876,38835,26005,916,279,15678,5562,13,576,3974,13876,38835,26005,916,279,15678,5562,13,576,3974,13876,38835,26005,916,279,15678,5562,13,576,3974,13876,38835,26005,916,279,15678,5562,13,576,3974,13876,38835,26005,916,279,15678,5562,13,576,3974,13876,38835,26005,916,279,15678,5562,13,576,3974,13876,38835,26005,916,279,15678,5562,13,576,3974,13876,38835,26005,916,279,15678,5562,13,576,3974,13876,38835,26005,916,279,15678,5562,13,576,3974,13876,38835,26005,916,279,15678,5562,13,576,3974,13876,38835,26005,916,279,15678,5562,13,576,3974,13876,38835,26005,916,279,15678,5562,13,576,3974,13876,38835,26005,916,279,15678,5562,13,576,3974,13876,38835,26005,916,279,15678,5562,13,576,3974,13876,38835,26005,916,279,15678,5562,13,576,3974,13876,38835,26005,916,279,15678,5562,13,576,3974,13876,38835,26005,916,279,15678,5562,13,576,3974,13876,38835,26005,916,279,15678,5562,13,576,3974,13876,38835,26005,916,279,15678,5562,13,576,3974,13876,38835,26005,916,279,15678,5562,13,576,3974,13876,38835,26005,916,279,15678,5562,13,576,3974,13876,151645,198,151644,77091,198],"prompt_tokens":512,"q5_0_gemv_n4":false,"q8_0_mpp_tile_k64":false,"retained_weight_bytes":633364480,"runtime":"ferrum","sampling_ms":4.080333,"source_tensor_bytes":633495552,"tensor_count":310,"warmup":false,"process_rss_bytes":1187954688,"ferrum_variant":"control","source_matrix_case_model":"Qwen/Qwen3-0.6B-GGUF@Q8_0","engine_order":["llama.cpp","ferrum-control","ferrum-candidate"],"case_index":2,"engine_load_plus_first_warmup_ms":1321.5061250375584}
{"case":"512","decode_aggregate_tps":91.74612310987933,"decode_counters":[{"allocated_bytes":120999940,"allocation_time":{"nanos":6121372,"secs":0},"allocations":591,"arena_capacity":262033408,"arena_high_water":268435456,"command_buffers":1,"completion_waits":1,"dispatches":647,"encode":{"nanos":284747,"secs":0},"gpu":{"nanos":10722625,"secs":0},"reused_bytes":524288,"transient_live_bytes":524288,"transient_peak_bytes":4083712,"wait":{"nanos":11552625,"secs":0}},{"allocated_bytes":4,"allocation_time":{"nanos":3000,"secs":0},"allocations":1,"arena_capacity":262033408,"arena_high_water":268435456,"command_buffers":1,"completion_waits":1,"dispatches":591,"encode":{"nanos":202289,"secs":0},"gpu":{"nanos":9146042,"secs":0},"reused_bytes":4083712,"transient_live_bytes":524288,"transient_peak_bytes":4083712,"wait":{"nanos":9337750,"secs":0}},{"allocated_bytes":4,"allocation_time":{"nanos":4125,"secs":0},"allocations":1,"arena_capacity":262033408,"arena_high_water":268435456,"command_buffers":1,"completion_waits":1,"dispatches":591,"encode":{"nanos":194499,"secs":0},"gpu":{"nanos":9346958,"secs":0},"reused_bytes":4083712,"transient_live_bytes":524288,"transient_peak_bytes":4083712,"wait":{"nanos":9585083,"secs":0}},{"allocated_bytes":4,"allocation_time":{"nanos":3250,"secs":0},"allocations":1,"arena_capacity":262033408,"arena_high_water":268435456,"command_buffers":1,"completion_waits":1,"dispatches":591,"encode":{"nanos":193291,"secs":0},"gpu":{"nanos":9715625,"secs":0},"reused_bytes":4083712,"transient_live_bytes":524288,"transient_peak_bytes":4083712,"wait":{"nanos":9927042,"secs":0}},{"allocated_bytes":4,"allocation_time":{"nanos":5333,"secs":0},"allocations":1,"arena_capacity":262033408,"arena_high_water":268435456,"command_buffers":1,"completion_waits":1,"dispatches":591,"encode":{"nanos":199082,"secs":0},"gpu":{"nanos":10131500,"secs":0},"reused_bytes":4083712,"transient_live_bytes":524288,"transient_peak_bytes":4083712,"wait":{"nanos":10356708,"secs":0}},{"allocated_bytes":4,"allocation_time":{"nanos":3500,"secs":0},"allocations":1,"arena_capacity":262033408,"arena_high_water":268435456,"command_buffers":1,"completion_waits":1,"dispatches":591,"encode":{"nanos":196753,"secs":0},"gpu":{"nanos":10345292,"secs":0},"reused_bytes":4083712,"transient_live_bytes":524288,"transient_peak_bytes":4083712,"wait":{"nanos":10620167,"secs":0}},{"allocated_bytes":4,"allocation_time":{"nanos":14583,"secs":0},"allocations":1,"arena_capacity":262033408,"arena_high_water":268435456,"command_buffers":1,"completion_waits":1,"dispatches":591,"encode":{"nanos":229893,"secs":0},"gpu":{"nanos":9149875,"secs":0},"reused_bytes":4083712,"transient_live_bytes":524288,"transient_peak_bytes":4083712,"wait":{"nanos":9484750,"secs":0}},{"allocated_bytes":4,"allocation_time":{"nanos":5541,"secs":0},"allocations":1,"arena_capacity":262033408,"arena_high_water":268435456,"command_buffers":1,"completion_waits":1,"dispatches":591,"encode":{"nanos":208252,"secs":0},"gpu":{"nanos":10062125,"secs":0},"reused_bytes":4083712,"transient_live_bytes":524288,"transient_peak_bytes":4083712,"wait":{"nanos":10335709,"secs":0}},{"allocated_bytes":4,"allocation_time":{"nanos":5792,"secs":0},"allocations":1,"arena_capacity":262033408,"arena_high_water":268435456,"command_buffers":1,"completion_waits":1,"dispatches":591,"encode":{"nanos":202389,"secs":0},"gpu":{"nanos":9729458,"secs":0},"reused_bytes":4083712,"transient_live_bytes":524288,"transient_peak_bytes":4083712,"wait":{"nanos":10062209,"secs":0}},{"allocated_bytes":4,"allocation_time":{"nanos":5708,"secs":0},"allocations":1,"arena_capacity":262033408,"arena_high_water":268435456,"command_buffers":1,"completion_waits":1,"dispatches":591,"encode":{"nanos":244967,"secs":0},"gpu":{"nanos":9876625,"secs":0},"reused_bytes":4083712,"transient_live_bytes":524288,"transient_peak_bytes":4083712,"wait":{"nanos":10104583,"secs":0}},{"allocated_bytes":4,"allocation_time":{"nanos":4542,"secs":0},"allocations":1,"arena_capacity":262033408,"arena_high_water":268435456,"command_buffers":1,"completion_waits":1,"dispatches":591,"encode":{"nanos":200539,"secs":0},"gpu":{"nanos":9597833,"secs":0},"reused_bytes":4083712,"transient_live_bytes":524288,"transient_peak_bytes":4083712,"wait":{"nanos":9846625,"secs":0}},{"allocated_bytes":4,"allocation_time":{"nanos":3750,"secs":0},"allocations":1,"arena_capacity":262033408,"arena_high_water":268435456,"command_buffers":1,"completion_waits":1,"dispatches":591,"encode":{"nanos":194052,"secs":0},"gpu":{"nanos":9441750,"secs":0},"reused_bytes":4083712,"transient_live_bytes":524288,"transient_peak_bytes":4083712,"wait":{"nanos":9677250,"secs":0}},{"allocated_bytes":4,"allocation_time":{"nanos":2917,"secs":0},"allocations":1,"arena_capacity":262033408,"arena_high_water":268435456,"command_buffers":1,"completion_waits":1,"dispatches":591,"encode":{"nanos":196085,"secs":0},"gpu":{"nanos":9301500,"secs":0},"reused_bytes":4083712,"transient_live_bytes":524288,"transient_peak_bytes":4083712,"wait":{"nanos":9528708,"secs":0}},{"allocated_bytes":4,"allocation_time":{"nanos":3167,"secs":0},"allocations":1,"arena_capacity":262033408,"arena_high_water":268435456,"command_buffers":1,"completion_waits":1,"dispatches":591,"encode":{"nanos":190965,"secs":0},"gpu":{"nanos":9615625,"secs":0},"reused_bytes":4083712,"transient_live_bytes":524288,"transient_peak_bytes":4083712,"wait":{"nanos":9855709,"secs":0}},{"allocated_bytes":4,"allocation_time":{"nanos":3959,"secs":0},"allocations":1,"arena_capacity":262033408,"arena_high_water":268435456,"command_buffers":1,"completion_waits":1,"dispatches":591,"encode":{"nanos":195155,"secs":0},"gpu":{"nanos":10291250,"secs":0},"reused_bytes":4083712,"transient_live_bytes":524288,"transient_peak_bytes":4083712,"wait":{"nanos":10534416,"secs":0}},{"allocated_bytes":4,"allocation_time":{"nanos":3417,"secs":0},"allocations":1,"arena_capacity":262033408,"arena_high_water":268435456,"command_buffers":1,"completion_waits":1,"dispatches":591,"encode":{"nanos":192473,"secs":0},"gpu":{"nanos":9332792,"secs":0},"reused_bytes":4083712,"transient_live_bytes":524288,"transient_peak_bytes":4083712,"wait":{"nanos":9571083,"secs":0}}],"decode_median_ms":10.393166,"decode_ms":[18.489209,9.784917,10.046792,10.393166,10.842125,11.092125,10.013166,10.830708,10.551458,10.652042,10.298625000000001,10.110208,9.961375,10.323291,11.0045,10.000583],"decode_profiles":[{},{},{},{},{},{},{},{},{},{},{},{},{},{},{},{}],"decode_tps":96.2170718720359,"first_token_ms":167.993125,"generated_ids":[151667,198,32313,11,1077,594,1490,13,576,1196,3897,264,4013,315,22870,1380,279],"generated_tokens":17,"generation_ms":346.438083,"generation_tps":49.070817656036965,"kv_active_bytes":60555264,"kv_reserved_bytes":117440512,"model_format":"GGUF","model_repository":"Qwen/Qwen3-0.6B-GGUF","model_revision":"23749fefcc72300e3a2ad315e1317431b06b590a","moe_expert_tensorops":true,"moe_expert_tensorops_min_routes_per_expert":8,"packed_quantized_bytes":633233408,"pair":0,"pair_order":"llama.cpp>ferrum-control>ferrum-candidate","parameter_count":596049920,"prefill_counters":{"allocated_bytes":119015424,"allocation_time":{"nanos":5634204,"secs":0},"allocations":75,"arena_capacity":266862592,"arena_high_water":268435456,"command_buffers":6,"completion_waits":6,"dispatches":591,"encode":{"nanos":343347,"secs":0},"gpu":{"nanos":158886250,"secs":0},"reused_bytes":1292894208,"transient_live_bytes":0,"transient_peak_bytes":268435456,"wait":{"nanos":160980375,"secs":0}},"prefill_ms":167.666,"prefill_profile":{},"prefill_tps":3053.6900743144106,"prompt_ids":[151644,8948,198,2610,525,264,10950,17847,13,151645,198,151644,872,198,785,3974,13876,38835,26005,916,279,15678,5562,13,576,3974,13876,38835,26005,916,279,15678,5562,13,576,3974,13876,38835,26005,916,279,15678,5562,13,576,3974,13876,38835,26005,916,279,15678,5562,13,576,3974,13876,38835,26005,916,279,15678,5562,13,576,3974,13876,38835,26005,916,279,15678,5562,13,576,3974,13876,38835,26005,916,279,15678,5562,13,576,3974,13876,38835,26005,916,279,15678,5562,13,576,3974,13876,38835,26005,916,279,15678,5562,13,576,3974,13876,38835,26005,916,279,15678,5562,13,576,3974,13876,38835,26005,916,279,15678,5562,13,576,3974,13876,38835,26005,916,279,15678,5562,13,576,3974,13876,38835,26005,916,279,15678,5562,13,576,3974,13876,38835,26005,916,279,15678,5562,13,576,3974,13876,38835,26005,916,279,15678,5562,13,576,3974,13876,38835,26005,916,279,15678,5562,13,576,3974,13876,38835,26005,916,279,15678,5562,13,576,3974,13876,38835,26005,916,279,15678,5562,13,576,3974,13876,38835,26005,916,279,15678,5562,13,576,3974,13876,38835,26005,916,279,15678,5562,13,576,3974,13876,38835,26005,916,279,15678,5562,13,576,3974,13876,38835,26005,916,279,15678,5562,13,576,3974,13876,38835,26005,916,279,15678,5562,13,576,3974,13876,38835,26005,916,279,15678,5562,13,576,3974,13876,38835,26005,916,279,15678,5562,13,576,3974,13876,38835,26005,916,279,15678,5562,13,576,3974,13876,38835,26005,916,279,15678,5562,13,576,3974,13876,38835,26005,916,279,15678,5562,13,576,3974,13876,38835,26005,916,279,15678,5562,13,576,3974,13876,38835,26005,916,279,15678,5562,13,576,3974,13876,38835,26005,916,279,15678,5562,13,576,3974,13876,38835,26005,916,279,15678,5562,13,576,3974,13876,38835,26005,916,279,15678,5562,13,576,3974,13876,38835,26005,916,279,15678,5562,13,576,3974,13876,38835,26005,916,279,15678,5562,13,576,3974,13876,38835,26005,916,279,15678,5562,13,576,3974,13876,38835,26005,916,279,15678,5562,13,576,3974,13876,38835,26005,916,279,15678,5562,13,576,3974,13876,38835,26005,916,279,15678,5562,13,576,3974,13876,38835,26005,916,279,15678,5562,13,576,3974,13876,38835,26005,916,279,15678,5562,13,576,3974,13876,38835,26005,916,279,15678,5562,13,576,3974,13876,38835,26005,916,279,15678,5562,13,576,3974,13876,38835,26005,916,279,15678,5562,13,576,3974,13876,38835,26005,916,279,15678,5562,13,576,3974,13876,38835,26005,916,279,15678,5562,13,576,3974,13876,38835,26005,916,279,15678,5562,13,576,3974,13876,38835,26005,916,279,15678,5562,13,576,3974,13876,38835,26005,916,279,15678,5562,13,576,3974,13876,151645,198,151644,77091,198],"prompt_tokens":512,"q5_0_gemv_n4":false,"q8_0_mpp_tile_k64":true,"retained_weight_bytes":633364480,"runtime":"ferrum","sampling_ms":4.021502,"source_tensor_bytes":633495552,"tensor_count":310,"warmup":false,"process_rss_bytes":1204731904,"ferrum_variant":"candidate","source_matrix_case_model":"Qwen/Qwen3-0.6B-GGUF@Q8_0","engine_order":["llama.cpp","ferrum-control","ferrum-candidate"],"case_index":2,"engine_load_plus_first_warmup_ms":1321.5061250375584}
{"case":"512","decode_aggregate_tps":92.62649667774808,"decode_counters":[{"allocated_bytes":120999940,"allocation_time":{"nanos":6250262,"secs":0},"allocations":591,"arena_capacity":262033408,"arena_high_water":268435456,"command_buffers":1,"completion_waits":1,"dispatches":647,"encode":{"nanos":290831,"secs":0},"gpu":{"nanos":10209375,"secs":0},"reused_bytes":524288,"transient_live_bytes":524288,"transient_peak_bytes":4083712,"wait":{"nanos":11083375,"secs":0}},{"allocated_bytes":4,"allocation_time":{"nanos":4167,"secs":0},"allocations":1,"arena_capacity":262033408,"arena_high_water":268435456,"command_buffers":1,"completion_waits":1,"dispatches":591,"encode":{"nanos":203237,"secs":0},"gpu":{"nanos":9251250,"secs":0},"reused_bytes":4083712,"transient_live_bytes":524288,"transient_peak_bytes":4083712,"wait":{"nanos":9484333,"secs":0}},{"allocated_bytes":4,"allocation_time":{"nanos":3333,"secs":0},"allocations":1,"arena_capacity":262033408,"arena_high_water":268435456,"command_buffers":1,"completion_waits":1,"dispatches":591,"encode":{"nanos":197012,"secs":0},"gpu":{"nanos":9596417,"secs":0},"reused_bytes":4083712,"transient_live_bytes":524288,"transient_peak_bytes":4083712,"wait":{"nanos":9834083,"secs":0}},{"allocated_bytes":4,"allocation_time":{"nanos":4916,"secs":0},"allocations":1,"arena_capacity":262033408,"arena_high_water":268435456,"command_buffers":1,"completion_waits":1,"dispatches":591,"encode":{"nanos":200914,"secs":0},"gpu":{"nanos":9287083,"secs":0},"reused_bytes":4083712,"transient_live_bytes":524288,"transient_peak_bytes":4083712,"wait":{"nanos":9550375,"secs":0}},{"allocated_bytes":4,"allocation_time":{"nanos":4333,"secs":0},"allocations":1,"arena_capacity":262033408,"arena_high_water":268435456,"command_buffers":1,"completion_waits":1,"dispatches":591,"encode":{"nanos":197333,"secs":0},"gpu":{"nanos":9731750,"secs":0},"reused_bytes":4083712,"transient_live_bytes":524288,"transient_peak_bytes":4083712,"wait":{"nanos":9974709,"secs":0}},{"allocated_bytes":4,"allocation_time":{"nanos":3458,"secs":0},"allocations":1,"arena_capacity":262033408,"arena_high_water":268435456,"command_buffers":1,"completion_waits":1,"dispatches":591,"encode":{"nanos":193557,"secs":0},"gpu":{"nanos":9466250,"secs":0},"reused_bytes":4083712,"transient_live_bytes":524288,"transient_peak_bytes":4083712,"wait":{"nanos":9690125,"secs":0}},{"allocated_bytes":4,"allocation_time":{"nanos":3042,"secs":0},"allocations":1,"arena_capacity":262033408,"arena_high_water":268435456,"command_buffers":1,"completion_waits":1,"dispatches":591,"encode":{"nanos":191009,"secs":0},"gpu":{"nanos":9827208,"secs":0},"reused_bytes":4083712,"transient_live_bytes":524288,"transient_peak_bytes":4083712,"wait":{"nanos":10072375,"secs":0}},{"allocated_bytes":4,"allocation_time":{"nanos":2542,"secs":0},"allocations":1,"arena_capacity":262033408,"arena_high_water":268435456,"command_buffers":1,"completion_waits":1,"dispatches":591,"encode":{"nanos":192334,"secs":0},"gpu":{"nanos":9187375,"secs":0},"reused_bytes":4083712,"transient_live_bytes":524288,"transient_peak_bytes":4083712,"wait":{"nanos":9399833,"secs":0}},{"allocated_bytes":4,"allocation_time":{"nanos":3875,"secs":0},"allocations":1,"arena_capacity":262033408,"arena_high_water":268435456,"command_buffers":1,"completion_waits":1,"dispatches":591,"encode":{"nanos":194331,"secs":0},"gpu":{"nanos":9772000,"secs":0},"reused_bytes":4083712,"transient_live_bytes":524288,"transient_peak_bytes":4083712,"wait":{"nanos":10026709,"secs":0}},{"allocated_bytes":4,"allocation_time":{"nanos":3458,"secs":0},"allocations":1,"arena_capacity":262033408,"arena_high_water":268435456,"command_buffers":1,"completion_waits":1,"dispatches":591,"encode":{"nanos":191957,"secs":0},"gpu":{"nanos":9873375,"secs":0},"reused_bytes":4083712,"transient_live_bytes":524288,"transient_peak_bytes":4083712,"wait":{"nanos":10117958,"secs":0}},{"allocated_bytes":4,"allocation_time":{"nanos":2958,"secs":0},"allocations":1,"arena_capacity":262033408,"arena_high_water":268435456,"command_buffers":1,"completion_waits":1,"dispatches":591,"encode":{"nanos":193298,"secs":0},"gpu":{"nanos":9339333,"secs":0},"reused_bytes":4083712,"transient_live_bytes":524288,"transient_peak_bytes":4083712,"wait":{"nanos":9601292,"secs":0}},{"allocated_bytes":4,"allocation_time":{"nanos":2750,"secs":0},"allocations":1,"arena_capacity":262033408,"arena_high_water":268435456,"command_buffers":1,"completion_waits":1,"dispatches":591,"encode":{"nanos":192111,"secs":0},"gpu":{"nanos":10420250,"secs":0},"reused_bytes":4083712,"transient_live_bytes":524288,"transient_peak_bytes":4083712,"wait":{"nanos":10631042,"secs":0}},{"allocated_bytes":4,"allocation_time":{"nanos":2500,"secs":0},"allocations":1,"arena_capacity":262033408,"arena_high_water":268435456,"command_buffers":1,"completion_waits":1,"dispatches":591,"encode":{"nanos":192758,"secs":0},"gpu":{"nanos":9504542,"secs":0},"reused_bytes":4083712,"transient_live_bytes":524288,"transient_peak_bytes":4083712,"wait":{"nanos":9720334,"secs":0}},{"allocated_bytes":4,"allocation_time":{"nanos":3250,"secs":0},"allocations":1,"arena_capacity":262033408,"arena_high_water":268435456,"command_buffers":1,"completion_waits":1,"dispatches":591,"encode":{"nanos":191936,"secs":0},"gpu":{"nanos":9529750,"secs":0},"reused_bytes":4083712,"transient_live_bytes":524288,"transient_peak_bytes":4083712,"wait":{"nanos":9796667,"secs":0}},{"allocated_bytes":4,"allocation_time":{"nanos":3792,"secs":0},"allocations":1,"arena_capacity":262033408,"arena_high_water":268435456,"command_buffers":1,"completion_waits":1,"dispatches":591,"encode":{"nanos":248960,"secs":0},"gpu":{"nanos":9882083,"secs":0},"reused_bytes":4083712,"transient_live_bytes":524288,"transient_peak_bytes":4083712,"wait":{"nanos":10079208,"secs":0}},{"allocated_bytes":4,"allocation_time":{"nanos":5209,"secs":0},"allocations":1,"arena_capacity":262033408,"arena_high_water":268435456,"command_buffers":1,"completion_waits":1,"dispatches":591,"encode":{"nanos":192980,"secs":0},"gpu":{"nanos":9371750,"secs":0},"reused_bytes":4083712,"transient_live_bytes":524288,"transient_peak_bytes":4083712,"wait":{"nanos":9578333,"secs":0}}],"decode_median_ms":10.309459,"decode_ms":[18.157583000000002,9.9385,10.309459,10.040583,10.421167,10.158000000000001,10.537834,9.828,10.498333,10.583458,10.065292,11.093833,10.181958,10.273834,10.618583,10.030333],"decode_profiles":[{},{},{},{},{},{},{},{},{},{},{},{},{},{},{},{}],"decode_tps":96.99830029878386,"first_token_ms":167.320083,"generated_ids":[151667,198,32313,11,1077,594,1490,13,576,1196,3897,264,4013,315,22870,1380,279],"generated_tokens":17,"generation_ms":344.148709,"generation_tps":49.39725053566887,"kv_active_bytes":60555264,"kv_reserved_bytes":117440512,"model_format":"GGUF","model_repository":"Qwen/Qwen3-0.6B-GGUF","model_revision":"23749fefcc72300e3a2ad315e1317431b06b590a","moe_expert_tensorops":true,"moe_expert_tensorops_min_routes_per_expert":8,"packed_quantized_bytes":633233408,"pair":1,"pair_order":"ferrum-candidate>ferrum-control>llama.cpp","parameter_count":596049920,"prefill_counters":{"allocated_bytes":119015424,"allocation_time":{"nanos":5551500,"secs":0},"allocations":75,"arena_capacity":266862592,"arena_high_water":268435456,"command_buffers":6,"completion_waits":6,"dispatches":591,"encode":{"nanos":371836,"secs":0},"gpu":{"nanos":158103625,"secs":0},"reused_bytes":1292894208,"transient_live_bytes":0,"transient_peak_bytes":268435456,"wait":{"nanos":160236416,"secs":0}},"prefill_ms":166.98766700000002,"prefill_profile":{},"prefill_tps":3066.0946954843075,"prompt_ids":[151644,8948,198,2610,525,264,10950,17847,13,151645,198,151644,872,198,785,3974,13876,38835,26005,916,279,15678,5562,13,576,3974,13876,38835,26005,916,279,15678,5562,13,576,3974,13876,38835,26005,916,279,15678,5562,13,576,3974,13876,38835,26005,916,279,15678,5562,13,576,3974,13876,38835,26005,916,279,15678,5562,13,576,3974,13876,38835,26005,916,279,15678,5562,13,576,3974,13876,38835,26005,916,279,15678,5562,13,576,3974,13876,38835,26005,916,279,15678,5562,13,576,3974,13876,38835,26005,916,279,15678,5562,13,576,3974,13876,38835,26005,916,279,15678,5562,13,576,3974,13876,38835,26005,916,279,15678,5562,13,576,3974,13876,38835,26005,916,279,15678,5562,13,576,3974,13876,38835,26005,916,279,15678,5562,13,576,3974,13876,38835,26005,916,279,15678,5562,13,576,3974,13876,38835,26005,916,279,15678,5562,13,576,3974,13876,38835,26005,916,279,15678,5562,13,576,3974,13876,38835,26005,916,279,15678,5562,13,576,3974,13876,38835,26005,916,279,15678,5562,13,576,3974,13876,38835,26005,916,279,15678,5562,13,576,3974,13876,38835,26005,916,279,15678,5562,13,576,3974,13876,38835,26005,916,279,15678,5562,13,576,3974,13876,38835,26005,916,279,15678,5562,13,576,3974,13876,38835,26005,916,279,15678,5562,13,576,3974,13876,38835,26005,916,279,15678,5562,13,576,3974,13876,38835,26005,916,279,15678,5562,13,576,3974,13876,38835,26005,916,279,15678,5562,13,576,3974,13876,38835,26005,916,279,15678,5562,13,576,3974,13876,38835,26005,916,279,15678,5562,13,576,3974,13876,38835,26005,916,279,15678,5562,13,576,3974,13876,38835,26005,916,279,15678,5562,13,576,3974,13876,38835,26005,916,279,15678,5562,13,576,3974,13876,38835,26005,916,279,15678,5562,13,576,3974,13876,38835,26005,916,279,15678,5562,13,576,3974,13876,38835,26005,916,279,15678,5562,13,576,3974,13876,38835,26005,916,279,15678,5562,13,576,3974,13876,38835,26005,916,279,15678,5562,13,576,3974,13876,38835,26005,916,279,15678,5562,13,576,3974,13876,38835,26005,916,279,15678,5562,13,576,3974,13876,38835,26005,916,279,15678,5562,13,576,3974,13876,38835,26005,916,279,15678,5562,13,576,3974,13876,38835,26005,916,279,15678,5562,13,576,3974,13876,38835,26005,916,279,15678,5562,13,576,3974,13876,38835,26005,916,279,15678,5562,13,576,3974,13876,38835,26005,916,279,15678,5562,13,576,3974,13876,38835,26005,916,279,15678,5562,13,576,3974,13876,38835,26005,916,279,15678,5562,13,576,3974,13876,38835,26005,916,279,15678,5562,13,576,3974,13876,38835,26005,916,279,15678,5562,13,576,3974,13876,38835,26005,916,279,15678,5562,13,576,3974,13876,151645,198,151644,77091,198],"prompt_tokens":512,"q5_0_gemv_n4":false,"q8_0_mpp_tile_k64":true,"retained_weight_bytes":633364480,"runtime":"ferrum","sampling_ms":3.977664,"source_tensor_bytes":633495552,"tensor_count":310,"warmup":false,"process_rss_bytes":1187954688,"ferrum_variant":"candidate","source_matrix_case_model":"Qwen/Qwen3-0.6B-GGUF@Q8_0","engine_order":["ferrum-candidate","ferrum-control","llama.cpp"],"case_index":2,"engine_load_plus_first_warmup_ms":1321.5061250375584}
{"case":"512","decode_aggregate_tps":92.94865749112763,"decode_counters":[{"allocated_bytes":120999940,"allocation_time":{"nanos":6169928,"secs":0},"allocations":591,"arena_capacity":262033408,"arena_high_water":268435456,"command_buffers":1,"completion_waits":1,"dispatches":647,"encode":{"nanos":311587,"secs":0},"gpu":{"nanos":10662625,"secs":0},"reused_bytes":524288,"transient_live_bytes":524288,"transient_peak_bytes":4083712,"wait":{"nanos":11581750,"secs":0}},{"allocated_bytes":4,"allocation_time":{"nanos":4291,"secs":0},"allocations":1,"arena_capacity":262033408,"arena_high_water":268435456,"command_buffers":1,"completion_waits":1,"dispatches":591,"encode":{"nanos":203170,"secs":0},"gpu":{"nanos":9119292,"secs":0},"reused_bytes":4083712,"transient_live_bytes":524288,"transient_peak_bytes":4083712,"wait":{"nanos":9335583,"secs":0}},{"allocated_bytes":4,"allocation_time":{"nanos":3834,"secs":0},"allocations":1,"arena_capacity":262033408,"arena_high_water":268435456,"command_buffers":1,"completion_waits":1,"dispatches":591,"encode":{"nanos":196649,"secs":0},"gpu":{"nanos":9324542,"secs":0},"reused_bytes":4083712,"transient_live_bytes":524288,"transient_peak_bytes":4083712,"wait":{"nanos":9576500,"secs":0}},{"allocated_bytes":4,"allocation_time":{"nanos":3000,"secs":0},"allocations":1,"arena_capacity":262033408,"arena_high_water":268435456,"command_buffers":1,"completion_waits":1,"dispatches":591,"encode":{"nanos":191419,"secs":0},"gpu":{"nanos":9342833,"secs":0},"reused_bytes":4083712,"transient_live_bytes":524288,"transient_peak_bytes":4083712,"wait":{"nanos":9552500,"secs":0}},{"allocated_bytes":4,"allocation_time":{"nanos":4167,"secs":0},"allocations":1,"arena_capacity":262033408,"arena_high_water":268435456,"command_buffers":1,"completion_waits":1,"dispatches":591,"encode":{"nanos":195885,"secs":0},"gpu":{"nanos":9520875,"secs":0},"reused_bytes":4083712,"transient_live_bytes":524288,"transient_peak_bytes":4083712,"wait":{"nanos":9769875,"secs":0}},{"allocated_bytes":4,"allocation_time":{"nanos":3125,"secs":0},"allocations":1,"arena_capacity":262033408,"arena_high_water":268435456,"command_buffers":1,"completion_waits":1,"dispatches":591,"encode":{"nanos":194315,"secs":0},"gpu":{"nanos":9945750,"secs":0},"reused_bytes":4083712,"transient_live_bytes":524288,"transient_peak_bytes":4083712,"wait":{"nanos":10116000,"secs":0}},{"allocated_bytes":4,"allocation_time":{"nanos":3041,"secs":0},"allocations":1,"arena_capacity":262033408,"arena_high_water":268435456,"command_buffers":1,"completion_waits":1,"dispatches":591,"encode":{"nanos":191422,"secs":0},"gpu":{"nanos":9323917,"secs":0},"reused_bytes":4083712,"transient_live_bytes":524288,"transient_peak_bytes":4083712,"wait":{"nanos":9570709,"secs":0}},{"allocated_bytes":4,"allocation_time":{"nanos":4458,"secs":0},"allocations":1,"arena_capacity":262033408,"arena_high_water":268435456,"command_buffers":1,"completion_waits":1,"dispatches":591,"encode":{"nanos":197469,"secs":0},"gpu":{"nanos":9196125,"secs":0},"reused_bytes":4083712,"transient_live_bytes":524288,"transient_peak_bytes":4083712,"wait":{"nanos":9452292,"secs":0}},{"allocated_bytes":4,"allocation_time":{"nanos":3542,"secs":0},"allocations":1,"arena_capacity":262033408,"arena_high_water":268435456,"command_buffers":1,"completion_waits":1,"dispatches":591,"encode":{"nanos":191203,"secs":0},"gpu":{"nanos":9790458,"secs":0},"reused_bytes":4083712,"transient_live_bytes":524288,"transient_peak_bytes":4083712,"wait":{"nanos":10036084,"secs":0}},{"allocated_bytes":4,"allocation_time":{"nanos":2917,"secs":0},"allocations":1,"arena_capacity":262033408,"arena_high_water":268435456,"command_buffers":1,"completion_waits":1,"dispatches":591,"encode":{"nanos":190536,"secs":0},"gpu":{"nanos":9661667,"secs":0},"reused_bytes":4083712,"transient_live_bytes":524288,"transient_peak_bytes":4083712,"wait":{"nanos":9883166,"secs":0}},{"allocated_bytes":4,"allocation_time":{"nanos":2292,"secs":0},"allocations":1,"arena_capacity":262033408,"arena_high_water":268435456,"command_buffers":1,"completion_waits":1,"dispatches":591,"encode":{"nanos":190835,"secs":0},"gpu":{"nanos":9827500,"secs":0},"reused_bytes":4083712,"transient_live_bytes":524288,"transient_peak_bytes":4083712,"wait":{"nanos":10101334,"secs":0}},{"allocated_bytes":4,"allocation_time":{"nanos":5125,"secs":0},"allocations":1,"arena_capacity":262033408,"arena_high_water":268435456,"command_buffers":1,"completion_waits":1,"dispatches":591,"encode":{"nanos":197483,"secs":0},"gpu":{"nanos":9419375,"secs":0},"reused_bytes":4083712,"transient_live_bytes":524288,"transient_peak_bytes":4083712,"wait":{"nanos":9641125,"secs":0}},{"allocated_bytes":4,"allocation_time":{"nanos":3292,"secs":0},"allocations":1,"arena_capacity":262033408,"arena_high_water":268435456,"command_buffers":1,"completion_waits":1,"dispatches":591,"encode":{"nanos":191128,"secs":0},"gpu":{"nanos":9233125,"secs":0},"reused_bytes":4083712,"transient_live_bytes":524288,"transient_peak_bytes":4083712,"wait":{"nanos":9461000,"secs":0}},{"allocated_bytes":4,"allocation_time":{"nanos":3083,"secs":0},"allocations":1,"arena_capacity":262033408,"arena_high_water":268435456,"command_buffers":1,"completion_waits":1,"dispatches":591,"encode":{"nanos":190079,"secs":0},"gpu":{"nanos":9611000,"secs":0},"reused_bytes":4083712,"transient_live_bytes":524288,"transient_peak_bytes":4083712,"wait":{"nanos":9841166,"secs":0}},{"allocated_bytes":4,"allocation_time":{"nanos":2500,"secs":0},"allocations":1,"arena_capacity":262033408,"arena_high_water":268435456,"command_buffers":1,"completion_waits":1,"dispatches":591,"encode":{"nanos":190375,"secs":0},"gpu":{"nanos":9809833,"secs":0},"reused_bytes":4083712,"transient_live_bytes":524288,"transient_peak_bytes":4083712,"wait":{"nanos":10054083,"secs":0}},{"allocated_bytes":4,"allocation_time":{"nanos":3084,"secs":0},"allocations":1,"arena_capacity":262033408,"arena_high_water":268435456,"command_buffers":1,"completion_waits":1,"dispatches":591,"encode":{"nanos":188958,"secs":0},"gpu":{"nanos":9868250,"secs":0},"reused_bytes":4083712,"transient_live_bytes":524288,"transient_peak_bytes":4083712,"wait":{"nanos":10118709,"secs":0}}],"decode_median_ms":10.303666,"decode_ms":[18.623917,9.827041999999999,10.050792,10.018834,10.244042,10.5925,10.036084,9.931167,10.499958,10.347167,10.574958,10.090666,9.897124999999999,10.303666,10.521333,10.578792],"decode_profiles":[{},{},{},{},{},{},{},{},{},{},{},{},{},{},{},{}],"decode_tps":97.05283536946948,"first_token_ms":182.62816700000002,"generated_ids":[151667,198,32313,11,1077,594,1490,13,576,1196,3897,264,4013,315,22870,1380,279],"generated_tokens":17,"generation_ms":358.851042,"generation_tps":47.3734168507723,"kv_active_bytes":60555264,"kv_reserved_bytes":117440512,"model_format":"GGUF","model_repository":"Qwen/Qwen3-0.6B-GGUF","model_revision":"23749fefcc72300e3a2ad315e1317431b06b590a","moe_expert_tensorops":true,"moe_expert_tensorops_min_routes_per_expert":8,"packed_quantized_bytes":633233408,"pair":1,"pair_order":"ferrum-candidate>ferrum-control>llama.cpp","parameter_count":596049920,"prefill_counters":{"allocated_bytes":119015424,"allocation_time":{"nanos":5468998,"secs":0},"allocations":75,"arena_capacity":266862592,"arena_high_water":268435456,"command_buffers":6,"completion_waits":6,"dispatches":591,"encode":{"nanos":360463,"secs":0},"gpu":{"nanos":173564126,"secs":0},"reused_bytes":1292894208,"transient_live_bytes":0,"transient_peak_bytes":268435456,"wait":{"nanos":175730000,"secs":0}},"prefill_ms":182.30179199999998,"prefill_profile":{},"prefill_tps":2808.529715385354,"prompt_ids":[151644,8948,198,2610,525,264,10950,17847,13,151645,198,151644,872,198,785,3974,13876,38835,26005,916,279,15678,5562,13,576,3974,13876,38835,26005,916,279,15678,5562,13,576,3974,13876,38835,26005,916,279,15678,5562,13,576,3974,13876,38835,26005,916,279,15678,5562,13,576,3974,13876,38835,26005,916,279,15678,5562,13,576,3974,13876,38835,26005,916,279,15678,5562,13,576,3974,13876,38835,26005,916,279,15678,5562,13,576,3974,13876,38835,26005,916,279,15678,5562,13,576,3974,13876,38835,26005,916,279,15678,5562,13,576,3974,13876,38835,26005,916,279,15678,5562,13,576,3974,13876,38835,26005,916,279,15678,5562,13,576,3974,13876,38835,26005,916,279,15678,5562,13,576,3974,13876,38835,26005,916,279,15678,5562,13,576,3974,13876,38835,26005,916,279,15678,5562,13,576,3974,13876,38835,26005,916,279,15678,5562,13,576,3974,13876,38835,26005,916,279,15678,5562,13,576,3974,13876,38835,26005,916,279,15678,5562,13,576,3974,13876,38835,26005,916,279,15678,5562,13,576,3974,13876,38835,26005,916,279,15678,5562,13,576,3974,13876,38835,26005,916,279,15678,5562,13,576,3974,13876,38835,26005,916,279,15678,5562,13,576,3974,13876,38835,26005,916,279,15678,5562,13,576,3974,13876,38835,26005,916,279,15678,5562,13,576,3974,13876,38835,26005,916,279,15678,5562,13,576,3974,13876,38835,26005,916,279,15678,5562,13,576,3974,13876,38835,26005,916,279,15678,5562,13,576,3974,13876,38835,26005,916,279,15678,5562,13,576,3974,13876,38835,26005,916,279,15678,5562,13,576,3974,13876,38835,26005,916,279,15678,5562,13,576,3974,13876,38835,26005,916,279,15678,5562,13,576,3974,13876,38835,26005,916,279,15678,5562,13,576,3974,13876,38835,26005,916,279,15678,5562,13,576,3974,13876,38835,26005,916,279,15678,5562,13,576,3974,13876,38835,26005,916,279,15678,5562,13,576,3974,13876,38835,26005,916,279,15678,5562,13,576,3974,13876,38835,26005,916,279,15678,5562,13,576,3974,13876,38835,26005,916,279,15678,5562,13,576,3974,13876,38835,26005,916,279,15678,5562,13,576,3974,13876,38835,26005,916,279,15678,5562,13,576,3974,13876,38835,26005,916,279,15678,5562,13,576,3974,13876,38835,26005,916,279,15678,5562,13,576,3974,13876,38835,26005,916,279,15678,5562,13,576,3974,13876,38835,26005,916,279,15678,5562,13,576,3974,13876,38835,26005,916,279,15678,5562,13,576,3974,13876,38835,26005,916,279,15678,5562,13,576,3974,13876,38835,26005,916,279,15678,5562,13,576,3974,13876,38835,26005,916,279,15678,5562,13,576,3974,13876,38835,26005,916,279,15678,5562,13,576,3974,13876,38835,26005,916,279,15678,5562,13,576,3974,13876,151645,198,151644,77091,198],"prompt_tokens":512,"q5_0_gemv_n4":false,"q8_0_mpp_tile_k64":false,"retained_weight_bytes":633364480,"runtime":"ferrum","sampling_ms":4.069541,"source_tensor_bytes":633495552,"tensor_count":310,"warmup":false,"process_rss_bytes":1204731904,"ferrum_variant":"control","source_matrix_case_model":"Qwen/Qwen3-0.6B-GGUF@Q8_0","engine_order":["ferrum-candidate","ferrum-control","llama.cpp"],"case_index":2,"engine_load_plus_first_warmup_ms":1321.5061250375584}
{"case":"512","command_buffer_count":null,"decode_aggregate_tps":149.44559606805646,"decode_median_ms":6.688541,"decode_ms":[6.919791,6.481958,6.585292,6.16475,6.506125,6.5185,6.688541,6.385958,6.786541,7.107125,6.287459,6.566416,7.018375,7.614083,6.734958,6.6965],"decode_tps":149.50943711042513,"dispatch_count":null,"first_token_ms":73.880083,"generated_ids":[151667,198,32313,11,1077,594,1490,13,576,1196,3897,264,4013,315,22870,1380,279],"generated_tokens":17,"generation_ms":184.762666,"generation_tps":92.00993018795258,"kv_context_capacity_tokens":4096,"kv_type":"bf16","llama_version":"0.5.0-dev","model_format":"GGUF","pair":1,"pair_order":"ferrum-candidate>ferrum-control>llama.cpp","prefill_ms":73.599916,"prefill_tps":6956.529678648003,"process_max_rss_bytes":1243545600,"prompt_ids":[151644,8948,198,2610,525,264,10950,17847,13,151645,198,151644,872,198,785,3974,13876,38835,26005,916,279,15678,5562,13,576,3974,13876,38835,26005,916,279,15678,5562,13,576,3974,13876,38835,26005,916,279,15678,5562,13,576,3974,13876,38835,26005,916,279,15678,5562,13,576,3974,13876,38835,26005,916,279,15678,5562,13,576,3974,13876,38835,26005,916,279,15678,5562,13,576,3974,13876,38835,26005,916,279,15678,5562,13,576,3974,13876,38835,26005,916,279,15678,5562,13,576,3974,13876,38835,26005,916,279,15678,5562,13,576,3974,13876,38835,26005,916,279,15678,5562,13,576,3974,13876,38835,26005,916,279,15678,5562,13,576,3974,13876,38835,26005,916,279,15678,5562,13,576,3974,13876,38835,26005,916,279,15678,5562,13,576,3974,13876,38835,26005,916,279,15678,5562,13,576,3974,13876,38835,26005,916,279,15678,5562,13,576,3974,13876,38835,26005,916,279,15678,5562,13,576,3974,13876,38835,26005,916,279,15678,5562,13,576,3974,13876,38835,26005,916,279,15678,5562,13,576,3974,13876,38835,26005,916,279,15678,5562,13,576,3974,13876,38835,26005,916,279,15678,5562,13,576,3974,13876,38835,26005,916,279,15678,5562,13,576,3974,13876,38835,26005,916,279,15678,5562,13,576,3974,13876,38835,26005,916,279,15678,5562,13,576,3974,13876,38835,26005,916,279,15678,5562,13,576,3974,13876,38835,26005,916,279,15678,5562,13,576,3974,13876,38835,26005,916,279,15678,5562,13,576,3974,13876,38835,26005,916,279,15678,5562,13,576,3974,13876,38835,26005,916,279,15678,5562,13,576,3974,13876,38835,26005,916,279,15678,5562,13,576,3974,13876,38835,26005,916,279,15678,5562,13,576,3974,13876,38835,26005,916,279,15678,5562,13,576,3974,13876,38835,26005,916,279,15678,5562,13,576,3974,13876,38835,26005,916,279,15678,5562,13,576,3974,13876,38835,26005,916,279,15678,5562,13,576,3974,13876,38835,26005,916,279,15678,5562,13,576,3974,13876,38835,26005,916,279,15678,5562,13,576,3974,13876,38835,26005,916,279,15678,5562,13,576,3974,13876,38835,26005,916,279,15678,5562,13,576,3974,13876,38835,26005,916,279,15678,5562,13,576,3974,13876,38835,26005,916,279,15678,5562,13,576,3974,13876,38835,26005,916,279,15678,5562,13,576,3974,13876,38835,26005,916,279,15678,5562,13,576,3974,13876,38835,26005,916,279,15678,5562,13,576,3974,13876,38835,26005,916,279,15678,5562,13,576,3974,13876,38835,26005,916,279,15678,5562,13,576,3974,13876,38835,26005,916,279,15678,5562,13,576,3974,13876,38835,26005,916,279,15678,5562,13,576,3974,13876,38835,26005,916,279,15678,5562,13,576,3974,13876,38835,26005,916,279,15678,5562,13,576,3974,13876,151645,198,151644,77091,198],"prompt_tokens":512,"runtime":"llama.cpp","sampling_ms":4.097708,"warmup":false,"process_rss_bytes":1243283456,"source_matrix_case_model":"Qwen/Qwen3-0.6B-GGUF@Q8_0","engine_order":["ferrum-candidate","ferrum-control","llama.cpp"],"case_index":2,"engine_load_plus_first_warmup_ms":1459.0402909670956}
{"case":"512","command_buffer_count":null,"decode_aggregate_tps":150.18990903851414,"decode_median_ms":6.649709,"decode_ms":[6.7485,6.628042,6.692708,6.132666,6.997625,6.798167,6.248,6.675458,6.780958,6.334333,6.649709,7.975958,6.552459,6.245875,6.545333,6.526],"decode_tps":150.38252049826542,"dispatch_count":null,"first_token_ms":73.898584,"generated_ids":[151667,198,32313,11,1077,594,1490,13,576,1196,3897,264,4013,315,22870,1380,279],"generated_tokens":17,"generation_ms":184.302084,"generation_tps":92.23986854104156,"kv_context_capacity_tokens":4096,"kv_type":"bf16","llama_version":"0.5.0-dev","model_format":"GGUF","pair":2,"pair_order":"llama.cpp>ferrum-control>ferrum-candidate","prefill_ms":73.6695,"prefill_tps":6949.958938230882,"process_max_rss_bytes":1243545600,"prompt_ids":[151644,8948,198,2610,525,264,10950,17847,13,151645,198,151644,872,198,785,3974,13876,38835,26005,916,279,15678,5562,13,576,3974,13876,38835,26005,916,279,15678,5562,13,576,3974,13876,38835,26005,916,279,15678,5562,13,576,3974,13876,38835,26005,916,279,15678,5562,13,576,3974,13876,38835,26005,916,279,15678,5562,13,576,3974,13876,38835,26005,916,279,15678,5562,13,576,3974,13876,38835,26005,916,279,15678,5562,13,576,3974,13876,38835,26005,916,279,15678,5562,13,576,3974,13876,38835,26005,916,279,15678,5562,13,576,3974,13876,38835,26005,916,279,15678,5562,13,576,3974,13876,38835,26005,916,279,15678,5562,13,576,3974,13876,38835,26005,916,279,15678,5562,13,576,3974,13876,38835,26005,916,279,15678,5562,13,576,3974,13876,38835,26005,916,279,15678,5562,13,576,3974,13876,38835,26005,916,279,15678,5562,13,576,3974,13876,38835,26005,916,279,15678,5562,13,576,3974,13876,38835,26005,916,279,15678,5562,13,576,3974,13876,38835,26005,916,279,15678,5562,13,576,3974,13876,38835,26005,916,279,15678,5562,13,576,3974,13876,38835,26005,916,279,15678,5562,13,576,3974,13876,38835,26005,916,279,15678,5562,13,576,3974,13876,38835,26005,916,279,15678,5562,13,576,3974,13876,38835,26005,916,279,15678,5562,13,576,3974,13876,38835,26005,916,279,15678,5562,13,576,3974,13876,38835,26005,916,279,15678,5562,13,576,3974,13876,38835,26005,916,279,15678,5562,13,576,3974,13876,38835,26005,916,279,15678,5562,13,576,3974,13876,38835,26005,916,279,15678,5562,13,576,3974,13876,38835,26005,916,279,15678,5562,13,576,3974,13876,38835,26005,916,279,15678,5562,13,576,3974,13876,38835,26005,916,279,15678,5562,13,576,3974,13876,38835,26005,916,279,15678,5562,13,576,3974,13876,38835,26005,916,279,15678,5562,13,576,3974,13876,38835,26005,916,279,15678,5562,13,576,3974,13876,38835,26005,916,279,15678,5562,13,576,3974,13876,38835,26005,916,279,15678,5562,13,576,3974,13876,38835,26005,916,279,15678,5562,13,576,3974,13876,38835,26005,916,279,15678,5562,13,576,3974,13876,38835,26005,916,279,15678,5562,13,576,3974,13876,38835,26005,916,279,15678,5562,13,576,3974,13876,38835,26005,916,279,15678,5562,13,576,3974,13876,38835,26005,916,279,15678,5562,13,576,3974,13876,38835,26005,916,279,15678,5562,13,576,3974,13876,38835,26005,916,279,15678,5562,13,576,3974,13876,38835,26005,916,279,15678,5562,13,576,3974,13876,38835,26005,916,279,15678,5562,13,576,3974,13876,38835,26005,916,279,15678,5562,13,576,3974,13876,38835,26005,916,279,15678,5562,13,576,3974,13876,38835,26005,916,279,15678,5562,13,576,3974,13876,151645,198,151644,77091,198],"prompt_tokens":512,"runtime":"llama.cpp","sampling_ms":4.098082,"warmup":false,"process_rss_bytes":1243283456,"source_matrix_case_model":"Qwen/Qwen3-0.6B-GGUF@Q8_0","engine_order":["llama.cpp","ferrum-control","ferrum-candidate"],"case_index":2,"engine_load_plus_first_warmup_ms":1459.0402909670956}
{"case":"512","decode_aggregate_tps":88.69458123504822,"decode_counters":[{"allocated_bytes":120999940,"allocation_time":{"nanos":6135592,"secs":0},"allocations":591,"arena_capacity":262033408,"arena_high_water":268435456,"command_buffers":1,"completion_waits":1,"dispatches":647,"encode":{"nanos":290173,"secs":0},"gpu":{"nanos":10076708,"secs":0},"reused_bytes":524288,"transient_live_bytes":524288,"transient_peak_bytes":4083712,"wait":{"nanos":10958334,"secs":0}},{"allocated_bytes":4,"allocation_time":{"nanos":4083,"secs":0},"allocations":1,"arena_capacity":262033408,"arena_high_water":268435456,"command_buffers":1,"completion_waits":1,"dispatches":591,"encode":{"nanos":201654,"secs":0},"gpu":{"nanos":9296042,"secs":0},"reused_bytes":4083712,"transient_live_bytes":524288,"transient_peak_bytes":4083712,"wait":{"nanos":9602917,"secs":0}},{"allocated_bytes":4,"allocation_time":{"nanos":2958,"secs":0},"allocations":1,"arena_capacity":262033408,"arena_high_water":268435456,"command_buffers":1,"completion_waits":1,"dispatches":591,"encode":{"nanos":192043,"secs":0},"gpu":{"nanos":9384167,"secs":0},"reused_bytes":4083712,"transient_live_bytes":524288,"transient_peak_bytes":4083712,"wait":{"nanos":9617875,"secs":0}},{"allocated_bytes":4,"allocation_time":{"nanos":2792,"secs":0},"allocations":1,"arena_capacity":262033408,"arena_high_water":268435456,"command_buffers":1,"completion_waits":1,"dispatches":591,"encode":{"nanos":192070,"secs":0},"gpu":{"nanos":9307208,"secs":0},"reused_bytes":4083712,"transient_live_bytes":524288,"transient_peak_bytes":4083712,"wait":{"nanos":9609875,"secs":0}},{"allocated_bytes":4,"allocation_time":{"nanos":2417,"secs":0},"allocations":1,"arena_capacity":262033408,"arena_high_water":268435456,"command_buffers":1,"completion_waits":1,"dispatches":591,"encode":{"nanos":193195,"secs":0},"gpu":{"nanos":10569375,"secs":0},"reused_bytes":4083712,"transient_live_bytes":524288,"transient_peak_bytes":4083712,"wait":{"nanos":10809458,"secs":0}},{"allocated_bytes":4,"allocation_time":{"nanos":5000,"secs":0},"allocations":1,"arena_capacity":262033408,"arena_high_water":268435456,"command_buffers":1,"completion_waits":1,"dispatches":591,"encode":{"nanos":199718,"secs":0},"gpu":{"nanos":9532125,"secs":0},"reused_bytes":4083712,"transient_live_bytes":524288,"transient_peak_bytes":4083712,"wait":{"nanos":9765792,"secs":0}},{"allocated_bytes":4,"allocation_time":{"nanos":3875,"secs":0},"allocations":1,"arena_capacity":262033408,"arena_high_water":268435456,"command_buffers":1,"completion_waits":1,"dispatches":591,"encode":{"nanos":191900,"secs":0},"gpu":{"nanos":11050125,"secs":0},"reused_bytes":4083712,"transient_live_bytes":524288,"transient_peak_bytes":4083712,"wait":{"nanos":11403750,"secs":0}},{"allocated_bytes":4,"allocation_time":{"nanos":3583,"secs":0},"allocations":1,"arena_capacity":262033408,"arena_high_water":268435456,"command_buffers":1,"completion_waits":1,"dispatches":591,"encode":{"nanos":194013,"secs":0},"gpu":{"nanos":9441375,"secs":0},"reused_bytes":4083712,"transient_live_bytes":524288,"transient_peak_bytes":4083712,"wait":{"nanos":9734083,"secs":0}},{"allocated_bytes":4,"allocation_time":{"nanos":3625,"secs":0},"allocations":1,"arena_capacity":262033408,"arena_high_water":268435456,"command_buffers":1,"completion_waits":1,"dispatches":591,"encode":{"nanos":193078,"secs":0},"gpu":{"nanos":10470708,"secs":0},"reused_bytes":4083712,"transient_live_bytes":524288,"transient_peak_bytes":4083712,"wait":{"nanos":10670458,"secs":0}},{"allocated_bytes":4,"allocation_time":{"nanos":6334,"secs":0},"allocations":1,"arena_capacity":262033408,"arena_high_water":268435456,"command_buffers":1,"completion_waits":1,"dispatches":591,"encode":{"nanos":220297,"secs":0},"gpu":{"nanos":10685000,"secs":0},"reused_bytes":4083712,"transient_live_bytes":524288,"transient_peak_bytes":4083712,"wait":{"nanos":10915292,"secs":0}},{"allocated_bytes":4,"allocation_time":{"nanos":8250,"secs":0},"allocations":1,"arena_capacity":262033408,"arena_high_water":268435456,"command_buffers":1,"completion_waits":1,"dispatches":591,"encode":{"nanos":268412,"secs":0},"gpu":{"nanos":10123292,"secs":0},"reused_bytes":4083712,"transient_live_bytes":524288,"transient_peak_bytes":4083712,"wait":{"nanos":10369167,"secs":0}},{"allocated_bytes":4,"allocation_time":{"nanos":12000,"secs":0},"allocations":1,"arena_capacity":262033408,"arena_high_water":268435456,"command_buffers":1,"completion_waits":1,"dispatches":591,"encode":{"nanos":218672,"secs":0},"gpu":{"nanos":10267000,"secs":0},"reused_bytes":4083712,"transient_live_bytes":524288,"transient_peak_bytes":4083712,"wait":{"nanos":10550833,"secs":0}},{"allocated_bytes":4,"allocation_time":{"nanos":6542,"secs":0},"allocations":1,"arena_capacity":262033408,"arena_high_water":268435456,"command_buffers":1,"completion_waits":1,"dispatches":591,"encode":{"nanos":210350,"secs":0},"gpu":{"nanos":9362167,"secs":0},"reused_bytes":4083712,"transient_live_bytes":524288,"transient_peak_bytes":4083712,"wait":{"nanos":9607250,"secs":0}},{"allocated_bytes":4,"allocation_time":{"nanos":5042,"secs":0},"allocations":1,"arena_capacity":262033408,"arena_high_water":268435456,"command_buffers":1,"completion_waits":1,"dispatches":591,"encode":{"nanos":242218,"secs":0},"gpu":{"nanos":10251500,"secs":0},"reused_bytes":4083712,"transient_live_bytes":524288,"transient_peak_bytes":4083712,"wait":{"nanos":10489167,"secs":0}},{"allocated_bytes":4,"allocation_time":{"nanos":7084,"secs":0},"allocations":1,"arena_capacity":262033408,"arena_high_water":268435456,"command_buffers":1,"completion_waits":1,"dispatches":591,"encode":{"nanos":204045,"secs":0},"gpu":{"nanos":11003875,"secs":0},"reused_bytes":4083712,"transient_live_bytes":524288,"transient_peak_bytes":4083712,"wait":{"nanos":11229292,"secs":0}},{"allocated_bytes":4,"allocation_time":{"nanos":5000,"secs":0},"allocations":1,"arena_capacity":262033408,"arena_high_water":268435456,"command_buffers":1,"completion_waits":1,"dispatches":591,"encode":{"nanos":199237,"secs":0},"gpu":{"nanos":10455000,"secs":0},"reused_bytes":4083712,"transient_live_bytes":524288,"transient_peak_bytes":4083712,"wait":{"nanos":10705208,"secs":0}}],"decode_median_ms":11.051958,"decode_ms":[17.875167,10.088,10.086583999999998,10.075042,11.274790999999999,10.24425,11.873875,10.168541999999999,11.14675,11.44175,10.974499999999999,11.045209,10.08975,11.051958,11.719834,11.238332999999999],"decode_profiles":[{},{},{},{},{},{},{},{},{},{},{},{},{},{},{},{}],"decode_tps":90.48170468979342,"first_token_ms":181.62687499999998,"generated_ids":[151667,198,32313,11,1077,594,1490,13,576,1196,3897,264,4013,315,22870,1380,279],"generated_tokens":17,"generation_ms":366.145208,"generation_tps":46.429666778542135,"kv_active_bytes":60555264,"kv_reserved_bytes":117440512,"model_format":"GGUF","model_repository":"Qwen/Qwen3-0.6B-GGUF","model_revision":"23749fefcc72300e3a2ad315e1317431b06b590a","moe_expert_tensorops":true,"moe_expert_tensorops_min_routes_per_expert":8,"packed_quantized_bytes":633233408,"pair":2,"pair_order":"llama.cpp>ferrum-control>ferrum-candidate","parameter_count":596049920,"prefill_counters":{"allocated_bytes":119015424,"allocation_time":{"nanos":5738786,"secs":0},"allocations":75,"arena_capacity":266862592,"arena_high_water":268435456,"command_buffers":6,"completion_waits":6,"dispatches":591,"encode":{"nanos":389567,"secs":0},"gpu":{"nanos":172313958,"secs":0},"reused_bytes":1292894208,"transient_live_bytes":0,"transient_peak_bytes":268435456,"wait":{"nanos":174348791,"secs":0}},"prefill_ms":181.30029100000002,"prefill_profile":{},"prefill_tps":2824.0440055333393,"prompt_ids":[151644,8948,198,2610,525,264,10950,17847,13,151645,198,151644,872,198,785,3974,13876,38835,26005,916,279,15678,5562,13,576,3974,13876,38835,26005,916,279,15678,5562,13,576,3974,13876,38835,26005,916,279,15678,5562,13,576,3974,13876,38835,26005,916,279,15678,5562,13,576,3974,13876,38835,26005,916,279,15678,5562,13,576,3974,13876,38835,26005,916,279,15678,5562,13,576,3974,13876,38835,26005,916,279,15678,5562,13,576,3974,13876,38835,26005,916,279,15678,5562,13,576,3974,13876,38835,26005,916,279,15678,5562,13,576,3974,13876,38835,26005,916,279,15678,5562,13,576,3974,13876,38835,26005,916,279,15678,5562,13,576,3974,13876,38835,26005,916,279,15678,5562,13,576,3974,13876,38835,26005,916,279,15678,5562,13,576,3974,13876,38835,26005,916,279,15678,5562,13,576,3974,13876,38835,26005,916,279,15678,5562,13,576,3974,13876,38835,26005,916,279,15678,5562,13,576,3974,13876,38835,26005,916,279,15678,5562,13,576,3974,13876,38835,26005,916,279,15678,5562,13,576,3974,13876,38835,26005,916,279,15678,5562,13,576,3974,13876,38835,26005,916,279,15678,5562,13,576,3974,13876,38835,26005,916,279,15678,5562,13,576,3974,13876,38835,26005,916,279,15678,5562,13,576,3974,13876,38835,26005,916,279,15678,5562,13,576,3974,13876,38835,26005,916,279,15678,5562,13,576,3974,13876,38835,26005,916,279,15678,5562,13,576,3974,13876,38835,26005,916,279,15678,5562,13,576,3974,13876,38835,26005,916,279,15678,5562,13,576,3974,13876,38835,26005,916,279,15678,5562,13,576,3974,13876,38835,26005,916,279,15678,5562,13,576,3974,13876,38835,26005,916,279,15678,5562,13,576,3974,13876,38835,26005,916,279,15678,5562,13,576,3974,13876,38835,26005,916,279,15678,5562,13,576,3974,13876,38835,26005,916,279,15678,5562,13,576,3974,13876,38835,26005,916,279,15678,5562,13,576,3974,13876,38835,26005,916,279,15678,5562,13,576,3974,13876,38835,26005,916,279,15678,5562,13,576,3974,13876,38835,26005,916,279,15678,5562,13,576,3974,13876,38835,26005,916,279,15678,5562,13,576,3974,13876,38835,26005,916,279,15678,5562,13,576,3974,13876,38835,26005,916,279,15678,5562,13,576,3974,13876,38835,26005,916,279,15678,5562,13,576,3974,13876,38835,26005,916,279,15678,5562,13,576,3974,13876,38835,26005,916,279,15678,5562,13,576,3974,13876,38835,26005,916,279,15678,5562,13,576,3974,13876,38835,26005,916,279,15678,5562,13,576,3974,13876,38835,26005,916,279,15678,5562,13,576,3974,13876,38835,26005,916,279,15678,5562,13,576,3974,13876,38835,26005,916,279,15678,5562,13,576,3974,13876,38835,26005,916,279,15678,5562,13,576,3974,13876,151645,198,151644,77091,198],"prompt_tokens":512,"q5_0_gemv_n4":false,"q8_0_mpp_tile_k64":false,"retained_weight_bytes":633364480,"runtime":"ferrum","sampling_ms":4.097208,"source_tensor_bytes":633495552,"tensor_count":310,"warmup":false,"process_rss_bytes":1204731904,"ferrum_variant":"control","source_matrix_case_model":"Qwen/Qwen3-0.6B-GGUF@Q8_0","engine_order":["llama.cpp","ferrum-control","ferrum-candidate"],"case_index":2,"engine_load_plus_first_warmup_ms":1321.5061250375584}
{"case":"512","decode_aggregate_tps":90.21663873700496,"decode_counters":[{"allocated_bytes":120999940,"allocation_time":{"nanos":6326036,"secs":0},"allocations":591,"arena_capacity":262033408,"arena_high_water":268435456,"command_buffers":1,"completion_waits":1,"dispatches":647,"encode":{"nanos":314956,"secs":0},"gpu":{"nanos":10283375,"secs":0},"reused_bytes":524288,"transient_live_bytes":524288,"transient_peak_bytes":4083712,"wait":{"nanos":11215417,"secs":0}},{"allocated_bytes":4,"allocation_time":{"nanos":7208,"secs":0},"allocations":1,"arena_capacity":262033408,"arena_high_water":268435456,"command_buffers":1,"completion_waits":1,"dispatches":591,"encode":{"nanos":228007,"secs":0},"gpu":{"nanos":9855250,"secs":0},"reused_bytes":4083712,"transient_live_bytes":524288,"transient_peak_bytes":4083712,"wait":{"nanos":10093042,"secs":0}},{"allocated_bytes":4,"allocation_time":{"nanos":4125,"secs":0},"allocations":1,"arena_capacity":262033408,"arena_high_water":268435456,"command_buffers":1,"completion_waits":1,"dispatches":591,"encode":{"nanos":198373,"secs":0},"gpu":{"nanos":9464917,"secs":0},"reused_bytes":4083712,"transient_live_bytes":524288,"transient_peak_bytes":4083712,"wait":{"nanos":9692208,"secs":0}},{"allocated_bytes":4,"allocation_time":{"nanos":5083,"secs":0},"allocations":1,"arena_capacity":262033408,"arena_high_water":268435456,"command_buffers":1,"completion_waits":1,"dispatches":591,"encode":{"nanos":211973,"secs":0},"gpu":{"nanos":9466125,"secs":0},"reused_bytes":4083712,"transient_live_bytes":524288,"transient_peak_bytes":4083712,"wait":{"nanos":9656167,"secs":0}},{"allocated_bytes":4,"allocation_time":{"nanos":5000,"secs":0},"allocations":1,"arena_capacity":262033408,"arena_high_water":268435456,"command_buffers":1,"completion_waits":1,"dispatches":591,"encode":{"nanos":225737,"secs":0},"gpu":{"nanos":9806917,"secs":0},"reused_bytes":4083712,"transient_live_bytes":524288,"transient_peak_bytes":4083712,"wait":{"nanos":10012666,"secs":0}},{"allocated_bytes":4,"allocation_time":{"nanos":4208,"secs":0},"allocations":1,"arena_capacity":262033408,"arena_high_water":268435456,"command_buffers":1,"completion_waits":1,"dispatches":591,"encode":{"nanos":196233,"secs":0},"gpu":{"nanos":10399750,"secs":0},"reused_bytes":4083712,"transient_live_bytes":524288,"transient_peak_bytes":4083712,"wait":{"nanos":10579709,"secs":0}},{"allocated_bytes":4,"allocation_time":{"nanos":3334,"secs":0},"allocations":1,"arena_capacity":262033408,"arena_high_water":268435456,"command_buffers":1,"completion_waits":1,"dispatches":591,"encode":{"nanos":193300,"secs":0},"gpu":{"nanos":9444125,"secs":0},"reused_bytes":4083712,"transient_live_bytes":524288,"transient_peak_bytes":4083712,"wait":{"nanos":9673042,"secs":0}},{"allocated_bytes":4,"allocation_time":{"nanos":3250,"secs":0},"allocations":1,"arena_capacity":262033408,"arena_high_water":268435456,"command_buffers":1,"completion_waits":1,"dispatches":591,"encode":{"nanos":192930,"secs":0},"gpu":{"nanos":10047375,"secs":0},"reused_bytes":4083712,"transient_live_bytes":524288,"transient_peak_bytes":4083712,"wait":{"nanos":10281583,"secs":0}},{"allocated_bytes":4,"allocation_time":{"nanos":3625,"secs":0},"allocations":1,"arena_capacity":262033408,"arena_high_water":268435456,"command_buffers":1,"completion_waits":1,"dispatches":591,"encode":{"nanos":192169,"secs":0},"gpu":{"nanos":10330042,"secs":0},"reused_bytes":4083712,"transient_live_bytes":524288,"transient_peak_bytes":4083712,"wait":{"nanos":10565333,"secs":0}},{"allocated_bytes":4,"allocation_time":{"nanos":2709,"secs":0},"allocations":1,"arena_capacity":262033408,"arena_high_water":268435456,"command_buffers":1,"completion_waits":1,"dispatches":591,"encode":{"nanos":190790,"secs":0},"gpu":{"nanos":9624958,"secs":0},"reused_bytes":4083712,"transient_live_bytes":524288,"transient_peak_bytes":4083712,"wait":{"nanos":9854375,"secs":0}},{"allocated_bytes":4,"allocation_time":{"nanos":3083,"secs":0},"allocations":1,"arena_capacity":262033408,"arena_high_water":268435456,"command_buffers":1,"completion_waits":1,"dispatches":591,"encode":{"nanos":194320,"secs":0},"gpu":{"nanos":10048083,"secs":0},"reused_bytes":4083712,"transient_live_bytes":524288,"transient_peak_bytes":4083712,"wait":{"nanos":10270667,"secs":0}},{"allocated_bytes":4,"allocation_time":{"nanos":3125,"secs":0},"allocations":1,"arena_capacity":262033408,"arena_high_water":268435456,"command_buffers":1,"completion_waits":1,"dispatches":591,"encode":{"nanos":199443,"secs":0},"gpu":{"nanos":9249500,"secs":0},"reused_bytes":4083712,"transient_live_bytes":524288,"transient_peak_bytes":4083712,"wait":{"nanos":9437083,"secs":0}},{"allocated_bytes":4,"allocation_time":{"nanos":2875,"secs":0},"allocations":1,"arena_capacity":262033408,"arena_high_water":268435456,"command_buffers":1,"completion_waits":1,"dispatches":591,"encode":{"nanos":205526,"secs":0},"gpu":{"nanos":9875417,"secs":0},"reused_bytes":4083712,"transient_live_bytes":524288,"transient_peak_bytes":4083712,"wait":{"nanos":10120583,"secs":0}},{"allocated_bytes":4,"allocation_time":{"nanos":2667,"secs":0},"allocations":1,"arena_capacity":262033408,"arena_high_water":268435456,"command_buffers":1,"completion_waits":1,"dispatches":591,"encode":{"nanos":195756,"secs":0},"gpu":{"nanos":10236375,"secs":0},"reused_bytes":4083712,"transient_live_bytes":524288,"transient_peak_bytes":4083712,"wait":{"nanos":10463750,"secs":0}},{"allocated_bytes":4,"allocation_time":{"nanos":3958,"secs":0},"allocations":1,"arena_capacity":262033408,"arena_high_water":268435456,"command_buffers":1,"completion_waits":1,"dispatches":591,"encode":{"nanos":194616,"secs":0},"gpu":{"nanos":10446833,"secs":0},"reused_bytes":4083712,"transient_live_bytes":524288,"transient_peak_bytes":4083712,"wait":{"nanos":10657041,"secs":0}},{"allocated_bytes":4,"allocation_time":{"nanos":3209,"secs":0},"allocations":1,"arena_capacity":262033408,"arena_high_water":268435456,"command_buffers":1,"completion_waits":1,"dispatches":591,"encode":{"nanos":214914,"secs":0},"gpu":{"nanos":10053750,"secs":0},"reused_bytes":4083712,"transient_live_bytes":524288,"transient_peak_bytes":4083712,"wait":{"nanos":10270292,"secs":0}}],"decode_median_ms":10.747042,"decode_ms":[18.416459,10.632582999999999,10.175459,10.172583000000001,10.528917,11.02175,10.150625,10.749834,11.039792,10.322458,10.747042,9.926499999999999,10.622583,10.937709,11.131583000000001,10.775],"decode_profiles":[{},{},{},{},{},{},{},{},{},{},{},{},{},{},{},{}],"decode_tps":93.04885939777661,"first_token_ms":178.86933299999998,"generated_ids":[151667,198,32313,11,1077,594,1490,13,576,1196,3897,264,4013,315,22870,1380,279],"generated_tokens":17,"generation_ms":360.289042,"generation_tps":47.18433817923333,"kv_active_bytes":60555264,"kv_reserved_bytes":117440512,"model_format":"GGUF","model_repository":"Qwen/Qwen3-0.6B-GGUF","model_revision":"23749fefcc72300e3a2ad315e1317431b06b590a","moe_expert_tensorops":true,"moe_expert_tensorops_min_routes_per_expert":8,"packed_quantized_bytes":633233408,"pair":2,"pair_order":"llama.cpp>ferrum-control>ferrum-candidate","parameter_count":596049920,"prefill_counters":{"allocated_bytes":119015424,"allocation_time":{"nanos":6156795,"secs":0},"allocations":75,"arena_capacity":266862592,"arena_high_water":268435456,"command_buffers":6,"completion_waits":6,"dispatches":591,"encode":{"nanos":405933,"secs":0},"gpu":{"nanos":168881417,"secs":0},"reused_bytes":1292894208,"transient_live_bytes":0,"transient_peak_bytes":268435456,"wait":{"nanos":171080749,"secs":0}},"prefill_ms":178.54695800000002,"prefill_profile":{},"prefill_tps":2867.592961174953,"prompt_ids":[151644,8948,198,2610,525,264,10950,17847,13,151645,198,151644,872,198,785,3974,13876,38835,26005,916,279,15678,5562,13,576,3974,13876,38835,26005,916,279,15678,5562,13,576,3974,13876,38835,26005,916,279,15678,5562,13,576,3974,13876,38835,26005,916,279,15678,5562,13,576,3974,13876,38835,26005,916,279,15678,5562,13,576,3974,13876,38835,26005,916,279,15678,5562,13,576,3974,13876,38835,26005,916,279,15678,5562,13,576,3974,13876,38835,26005,916,279,15678,5562,13,576,3974,13876,38835,26005,916,279,15678,5562,13,576,3974,13876,38835,26005,916,279,15678,5562,13,576,3974,13876,38835,26005,916,279,15678,5562,13,576,3974,13876,38835,26005,916,279,15678,5562,13,576,3974,13876,38835,26005,916,279,15678,5562,13,576,3974,13876,38835,26005,916,279,15678,5562,13,576,3974,13876,38835,26005,916,279,15678,5562,13,576,3974,13876,38835,26005,916,279,15678,5562,13,576,3974,13876,38835,26005,916,279,15678,5562,13,576,3974,13876,38835,26005,916,279,15678,5562,13,576,3974,13876,38835,26005,916,279,15678,5562,13,576,3974,13876,38835,26005,916,279,15678,5562,13,576,3974,13876,38835,26005,916,279,15678,5562,13,576,3974,13876,38835,26005,916,279,15678,5562,13,576,3974,13876,38835,26005,916,279,15678,5562,13,576,3974,13876,38835,26005,916,279,15678,5562,13,576,3974,13876,38835,26005,916,279,15678,5562,13,576,3974,13876,38835,26005,916,279,15678,5562,13,576,3974,13876,38835,26005,916,279,15678,5562,13,576,3974,13876,38835,26005,916,279,15678,5562,13,576,3974,13876,38835,26005,916,279,15678,5562,13,576,3974,13876,38835,26005,916,279,15678,5562,13,576,3974,13876,38835,26005,916,279,15678,5562,13,576,3974,13876,38835,26005,916,279,15678,5562,13,576,3974,13876,38835,26005,916,279,15678,5562,13,576,3974,13876,38835,26005,916,279,15678,5562,13,576,3974,13876,38835,26005,916,279,15678,5562,13,576,3974,13876,38835,26005,916,279,15678,5562,13,576,3974,13876,38835,26005,916,279,15678,5562,13,576,3974,13876,38835,26005,916,279,15678,5562,13,576,3974,13876,38835,26005,916,279,15678,5562,13,576,3974,13876,38835,26005,916,279,15678,5562,13,576,3974,13876,38835,26005,916,279,15678,5562,13,576,3974,13876,38835,26005,916,279,15678,5562,13,576,3974,13876,38835,26005,916,279,15678,5562,13,576,3974,13876,38835,26005,916,279,15678,5562,13,576,3974,13876,38835,26005,916,279,15678,5562,13,576,3974,13876,38835,26005,916,279,15678,5562,13,576,3974,13876,38835,26005,916,279,15678,5562,13,576,3974,13876,38835,26005,916,279,15678,5562,13,576,3974,13876,38835,26005,916,279,15678,5562,13,576,3974,13876,151645,198,151644,77091,198],"prompt_tokens":512,"q5_0_gemv_n4":false,"q8_0_mpp_tile_k64":true,"retained_weight_bytes":633364480,"runtime":"ferrum","sampling_ms":4.059081,"source_tensor_bytes":633495552,"tensor_count":310,"warmup":false,"process_rss_bytes":1204731904,"ferrum_variant":"candidate","source_matrix_case_model":"Qwen/Qwen3-0.6B-GGUF@Q8_0","engine_order":["llama.cpp","ferrum-control","ferrum-candidate"],"case_index":2,"engine_load_plus_first_warmup_ms":1321.5061250375584}
{"case":"1024","decode_aggregate_tps":79.99891641467717,"decode_counters":[{"allocated_bytes":240275460,"allocation_time":{"nanos":10990696,"secs":0},"allocations":591,"arena_capacity":236605440,"arena_high_water":268435456,"command_buffers":1,"completion_waits":1,"dispatches":647,"encode":{"nanos":295458,"secs":0},"gpu":{"nanos":12842667,"secs":0},"reused_bytes":524288,"transient_live_bytes":524288,"transient_peak_bytes":5918720,"wait":{"nanos":14143375,"secs":0}},{"allocated_bytes":4,"allocation_time":{"nanos":6500,"secs":0},"allocations":1,"arena_capacity":236605440,"arena_high_water":268435456,"command_buffers":1,"completion_waits":1,"dispatches":591,"encode":{"nanos":209042,"secs":0},"gpu":{"nanos":10676000,"secs":0},"reused_bytes":5918720,"transient_live_bytes":524288,"transient_peak_bytes":5918720,"wait":{"nanos":10901708,"secs":0}},{"allocated_bytes":4,"allocation_time":{"nanos":3834,"secs":0},"allocations":1,"arena_capacity":236605440,"arena_high_water":268435456,"command_buffers":1,"completion_waits":1,"dispatches":591,"encode":{"nanos":196990,"secs":0},"gpu":{"nanos":11055125,"secs":0},"reused_bytes":5918720,"transient_live_bytes":524288,"transient_peak_bytes":5918720,"wait":{"nanos":11295709,"secs":0}},{"allocated_bytes":4,"allocation_time":{"nanos":3500,"secs":0},"allocations":1,"arena_capacity":236605440,"arena_high_water":268435456,"command_buffers":1,"completion_waits":1,"dispatches":591,"encode":{"nanos":213459,"secs":0},"gpu":{"nanos":10795667,"secs":0},"reused_bytes":5918720,"transient_live_bytes":524288,"transient_peak_bytes":5918720,"wait":{"nanos":11070917,"secs":0}},{"allocated_bytes":4,"allocation_time":{"nanos":3125,"secs":0},"allocations":1,"arena_capacity":236605440,"arena_high_water":268435456,"command_buffers":1,"completion_waits":1,"dispatches":591,"encode":{"nanos":193497,"secs":0},"gpu":{"nanos":10315250,"secs":0},"reused_bytes":5918720,"transient_live_bytes":524288,"transient_peak_bytes":5918720,"wait":{"nanos":10561417,"secs":0}},{"allocated_bytes":4,"allocation_time":{"nanos":2417,"secs":0},"allocations":1,"arena_capacity":236605440,"arena_high_water":268435456,"command_buffers":1,"completion_waits":1,"dispatches":591,"encode":{"nanos":191406,"secs":0},"gpu":{"nanos":10790042,"secs":0},"reused_bytes":5918720,"transient_live_bytes":524288,"transient_peak_bytes":5918720,"wait":{"nanos":11000625,"secs":0}},{"allocated_bytes":4,"allocation_time":{"nanos":2958,"secs":0},"allocations":1,"arena_capacity":236605440,"arena_high_water":268435456,"command_buffers":1,"completion_waits":1,"dispatches":591,"encode":{"nanos":198828,"secs":0},"gpu":{"nanos":11363875,"secs":0},"reused_bytes":5918720,"transient_live_bytes":524288,"transient_peak_bytes":5918720,"wait":{"nanos":11586167,"secs":0}},{"allocated_bytes":4,"allocation_time":{"nanos":2417,"secs":0},"allocations":1,"arena_capacity":236605440,"arena_high_water":268435456,"command_buffers":1,"completion_waits":1,"dispatches":591,"encode":{"nanos":192530,"secs":0},"gpu":{"nanos":10499250,"secs":0},"reused_bytes":5918720,"transient_live_bytes":524288,"transient_peak_bytes":5918720,"wait":{"nanos":10762000,"secs":0}},{"allocated_bytes":4,"allocation_time":{"nanos":3917,"secs":0},"allocations":1,"arena_capacity":236605440,"arena_high_water":268435456,"command_buffers":1,"completion_waits":1,"dispatches":591,"encode":{"nanos":193782,"secs":0},"gpu":{"nanos":11031000,"secs":0},"reused_bytes":5918720,"transient_live_bytes":524288,"transient_peak_bytes":5918720,"wait":{"nanos":11282417,"secs":0}},{"allocated_bytes":4,"allocation_time":{"nanos":3792,"secs":0},"allocations":1,"arena_capacity":236605440,"arena_high_water":268435456,"command_buffers":1,"completion_waits":1,"dispatches":591,"encode":{"nanos":193553,"secs":0},"gpu":{"nanos":10604875,"secs":0},"reused_bytes":5918720,"transient_live_bytes":524288,"transient_peak_bytes":5918720,"wait":{"nanos":10799083,"secs":0}},{"allocated_bytes":4,"allocation_time":{"nanos":6333,"secs":0},"allocations":1,"arena_capacity":236605440,"arena_high_water":268435456,"command_buffers":1,"completion_waits":1,"dispatches":591,"encode":{"nanos":210364,"secs":0},"gpu":{"nanos":10657458,"secs":0},"reused_bytes":5918720,"transient_live_bytes":524288,"transient_peak_bytes":5918720,"wait":{"nanos":10912500,"secs":0}},{"allocated_bytes":4,"allocation_time":{"nanos":4542,"secs":0},"allocations":1,"arena_capacity":236605440,"arena_high_water":268435456,"command_buffers":1,"completion_waits":1,"dispatches":591,"encode":{"nanos":279246,"secs":0},"gpu":{"nanos":11574458,"secs":0},"reused_bytes":5918720,"transient_live_bytes":524288,"transient_peak_bytes":5918720,"wait":{"nanos":11896166,"secs":0}},{"allocated_bytes":4,"allocation_time":{"nanos":4375,"secs":0},"allocations":1,"arena_capacity":236605440,"arena_high_water":268435456,"command_buffers":1,"completion_waits":1,"dispatches":591,"encode":{"nanos":198209,"secs":0},"gpu":{"nanos":10648125,"secs":0},"reused_bytes":5918720,"transient_live_bytes":524288,"transient_peak_bytes":5918720,"wait":{"nanos":10901958,"secs":0}},{"allocated_bytes":4,"allocation_time":{"nanos":3291,"secs":0},"allocations":1,"arena_capacity":236605440,"arena_high_water":268435456,"command_buffers":1,"completion_waits":1,"dispatches":591,"encode":{"nanos":195488,"secs":0},"gpu":{"nanos":11338000,"secs":0},"reused_bytes":5918720,"transient_live_bytes":524288,"transient_peak_bytes":5918720,"wait":{"nanos":11576292,"secs":0}},{"allocated_bytes":4,"allocation_time":{"nanos":5125,"secs":0},"allocations":1,"arena_capacity":236605440,"arena_high_water":268435456,"command_buffers":1,"completion_waits":1,"dispatches":591,"encode":{"nanos":205271,"secs":0},"gpu":{"nanos":10966958,"secs":0},"reused_bytes":5918720,"transient_live_bytes":524288,"transient_peak_bytes":5918720,"wait":{"nanos":11194209,"secs":0}},{"allocated_bytes":4,"allocation_time":{"nanos":2959,"secs":0},"allocations":1,"arena_capacity":236605440,"arena_high_water":268435456,"command_buffers":1,"completion_waits":1,"dispatches":591,"encode":{"nanos":193633,"secs":0},"gpu":{"nanos":10632750,"secs":0},"reused_bytes":5918720,"transient_live_bytes":524288,"transient_peak_bytes":5918720,"wait":{"nanos":10930333,"secs":0}}],"decode_median_ms":11.570666000000001,"decode_ms":[25.987,11.409709000000001,11.780875,11.570666000000001,11.037625,11.448082999999999,12.066584,11.237125,11.744708,11.244125,11.414125,12.513875,11.39625,12.052667,11.695250000000001,11.404042],"decode_profiles":[{},{},{},{},{},{},{},{},{},{},{},{},{},{},{},{}],"decode_tps":86.42544863018256,"first_token_ms":362.200584,"generated_ids":[151667,198,32313,11,1077,594,1490,13,576,1196,3897,264,4013,315,11504,22870,911],"generated_tokens":17,"generation_ms":566.576708,"generation_tps":30.004763273819577,"kv_active_bytes":119275520,"kv_reserved_bytes":234881024,"model_format":"GGUF","model_repository":"Qwen/Qwen3-0.6B-GGUF","model_revision":"23749fefcc72300e3a2ad315e1317431b06b590a","moe_expert_tensorops":true,"moe_expert_tensorops_min_routes_per_expert":8,"packed_quantized_bytes":633233408,"pair":0,"pair_order":"ferrum-control>ferrum-candidate>llama.cpp","parameter_count":596049920,"prefill_counters":{"allocated_bytes":306712576,"allocation_time":{"nanos":13813380,"secs":0},"allocations":74,"arena_capacity":264765440,"arena_high_water":268435456,"command_buffers":14,"completion_waits":14,"dispatches":591,"encode":{"nanos":545580,"secs":0},"gpu":{"nanos":341647666,"secs":0},"reused_bytes":3456106496,"transient_live_bytes":0,"transient_peak_bytes":268435456,"wait":{"nanos":345982793,"secs":0}},"prefill_ms":361.868167,"prefill_profile":{},"prefill_tps":2829.7598224493727,"prompt_ids":[151644,8948,198,2610,525,264,10950,17847,13,151645,198,151644,872,198,785,3974,13876,38835,26005,916,279,15678,5562,13,576,3974,13876,38835,26005,916,279,15678,5562,13,576,3974,13876,38835,26005,916,279,15678,5562,13,576,3974,13876,38835,26005,916,279,15678,5562,13,576,3974,13876,38835,26005,916,279,15678,5562,13,576,3974,13876,38835,26005,916,279,15678,5562,13,576,3974,13876,38835,26005,916,279,15678,5562,13,576,3974,13876,38835,26005,916,279,15678,5562,13,576,3974,13876,38835,26005,916,279,15678,5562,13,576,3974,13876,38835,26005,916,279,15678,5562,13,576,3974,13876,38835,26005,916,279,15678,5562,13,576,3974,13876,38835,26005,916,279,15678,5562,13,576,3974,13876,38835,26005,916,279,15678,5562,13,576,3974,13876,38835,26005,916,279,15678,5562,13,576,3974,13876,38835,26005,916,279,15678,5562,13,576,3974,13876,38835,26005,916,279,15678,5562,13,576,3974,13876,38835,26005,916,279,15678,5562,13,576,3974,13876,38835,26005,916,279,15678,5562,13,576,3974,13876,38835,26005,916,279,15678,5562,13,576,3974,13876,38835,26005,916,279,15678,5562,13,576,3974,13876,38835,26005,916,279,15678,5562,13,576,3974,13876,38835,26005,916,279,15678,5562,13,576,3974,13876,38835,26005,916,279,15678,5562,13,576,3974,13876,38835,26005,916,279,15678,5562,13,576,3974,13876,38835,26005,916,279,15678,5562,13,576,3974,13876,38835,26005,916,279,15678,5562,13,576,3974,13876,38835,26005,916,279,15678,5562,13,576,3974,13876,38835,26005,916,279,15678,5562,13,576,3974,13876,38835,26005,916,279,15678,5562,13,576,3974,13876,38835,26005,916,279,15678,5562,13,576,3974,13876,38835,26005,916,279,15678,5562,13,576,3974,13876,38835,26005,916,279,15678,5562,13,576,3974,13876,38835,26005,916,279,15678,5562,13,576,3974,13876,38835,26005,916,279,15678,5562,13,576,3974,13876,38835,26005,916,279,15678,5562,13,576,3974,13876,38835,26005,916,279,15678,5562,13,576,3974,13876,38835,26005,916,279,15678,5562,13,576,3974,13876,38835,26005,916,279,15678,5562,13,576,3974,13876,38835,26005,916,279,15678,5562,13,576,3974,13876,38835,26005,916,279,15678,5562,13,576,3974,13876,38835,26005,916,279,15678,5562,13,576,3974,13876,38835,26005,916,279,15678,5562,13,576,3974,13876,38835,26005,916,279,15678,5562,13,576,3974,13876,38835,26005,916,279,15678,5562,13,576,3974,13876,38835,26005,916,279,15678,5562,13,576,3974,13876,38835,26005,916,279,15678,5562,13,576,3974,13876,38835,26005,916,279,15678,5562,13,576,3974,13876,38835,26005,916,279,15678,5562,13,576,3974,13876,38835,26005,916,279,15678,5562,13,576,3974,13876,38835,26005,916,279,15678,5562,13,576,3974,13876,38835,26005,916,279,15678,5562,13,576,3974,13876,38835,26005,916,279,15678,5562,13,576,3974,13876,38835,26005,916,279,15678,5562,13,576,3974,13876,38835,26005,916,279,15678,5562,13,576,3974,13876,38835,26005,916,279,15678,5562,13,576,3974,13876,38835,26005,916,279,15678,5562,13,576,3974,13876,38835,26005,916,279,15678,5562,13,576,3974,13876,38835,26005,916,279,15678,5562,13,576,3974,13876,38835,26005,916,279,15678,5562,13,576,3974,13876,38835,26005,916,279,15678,5562,13,576,3974,13876,38835,26005,916,279,15678,5562,13,576,3974,13876,38835,26005,916,279,15678,5562,13,576,3974,13876,38835,26005,916,279,15678,5562,13,576,3974,13876,38835,26005,916,279,15678,5562,13,576,3974,13876,38835,26005,916,279,15678,5562,13,576,3974,13876,38835,26005,916,279,15678,5562,13,576,3974,13876,38835,26005,916,279,15678,5562,13,576,3974,13876,38835,26005,916,279,15678,5562,13,576,3974,13876,38835,26005,916,279,15678,5562,13,576,3974,13876,38835,26005,916,279,15678,5562,13,576,3974,13876,38835,26005,916,279,15678,5562,13,576,3974,13876,38835,26005,916,279,15678,5562,13,576,3974,13876,38835,26005,916,279,15678,5562,13,576,3974,13876,38835,26005,916,279,15678,5562,13,576,3974,13876,38835,26005,916,279,15678,5562,13,576,3974,13876,38835,26005,916,279,15678,5562,13,576,3974,13876,38835,26005,916,279,15678,5562,13,576,3974,13876,38835,26005,916,279,15678,5562,13,576,3974,13876,38835,26005,916,279,15678,5562,13,576,3974,13876,38835,26005,916,279,15678,5562,13,576,3974,13876,38835,26005,916,279,15678,5562,13,576,3974,13876,38835,26005,916,279,15678,5562,13,576,3974,13876,38835,26005,916,279,15678,5562,13,576,3974,13876,38835,26005,916,279,15678,5562,13,576,3974,13876,38835,26005,916,279,15678,5562,13,576,3974,13876,38835,26005,916,279,15678,5562,13,576,3974,13876,38835,26005,916,279,15678,5562,13,576,3974,13876,38835,26005,916,279,15678,5562,13,576,3974,13876,38835,26005,916,279,15678,5562,13,576,3974,13876,38835,26005,916,279,15678,5562,13,576,3974,13876,38835,26005,916,279,15678,5562,13,576,3974,13876,38835,26005,916,279,15678,5562,13,576,3974,13876,38835,26005,916,279,15678,5562,13,576,3974,13876,38835,26005,916,279,15678,5562,13,576,3974,13876,38835,26005,916,279,15678,5562,13,576,3974,13876,38835,26005,916,279,15678,5562,13,576,3974,13876,38835,26005,916,279,15678,5562,13,576,3974,13876,38835,26005,916,279,15678,5562,13,576,3974,13876,38835,26005,916,279,15678,5562,13,576,3974,13876,38835,26005,916,279,15678,5562,13,576,3974,13876,38835,26005,151645,198,151644,77091,198],"prompt_tokens":1024,"q5_0_gemv_n4":false,"q8_0_mpp_tile_k64":false,"retained_weight_bytes":633364480,"runtime":"ferrum","sampling_ms":4.015167,"source_tensor_bytes":633495552,"tensor_count":310,"warmup":false,"process_rss_bytes":1217052672,"ferrum_variant":"control","source_matrix_case_model":"Qwen/Qwen3-0.6B-GGUF@Q8_0","engine_order":["ferrum-control","ferrum-candidate","llama.cpp"],"case_index":3,"engine_load_plus_first_warmup_ms":1321.5061250375584}
{"case":"1024","decode_aggregate_tps":76.34012646743913,"decode_counters":[{"allocated_bytes":240275460,"allocation_time":{"nanos":11198285,"secs":0},"allocations":591,"arena_capacity":236605440,"arena_high_water":268435456,"command_buffers":1,"completion_waits":1,"dispatches":647,"encode":{"nanos":298868,"secs":0},"gpu":{"nanos":13801250,"secs":0},"reused_bytes":524288,"transient_live_bytes":524288,"transient_peak_bytes":5918720,"wait":{"nanos":15278000,"secs":0}},{"allocated_bytes":4,"allocation_time":{"nanos":4375,"secs":0},"allocations":1,"arena_capacity":236605440,"arena_high_water":268435456,"command_buffers":1,"completion_waits":1,"dispatches":591,"encode":{"nanos":240630,"secs":0},"gpu":{"nanos":11246750,"secs":0},"reused_bytes":5918720,"transient_live_bytes":524288,"transient_peak_bytes":5918720,"wait":{"nanos":11437500,"secs":0}},{"allocated_bytes":4,"allocation_time":{"nanos":6375,"secs":0},"allocations":1,"arena_capacity":236605440,"arena_high_water":268435456,"command_buffers":1,"completion_waits":1,"dispatches":591,"encode":{"nanos":211335,"secs":0},"gpu":{"nanos":10622750,"secs":0},"reused_bytes":5918720,"transient_live_bytes":524288,"transient_peak_bytes":5918720,"wait":{"nanos":10846416,"secs":0}},{"allocated_bytes":4,"allocation_time":{"nanos":3541,"secs":0},"allocations":1,"arena_capacity":236605440,"arena_high_water":268435456,"command_buffers":1,"completion_waits":1,"dispatches":591,"encode":{"nanos":192160,"secs":0},"gpu":{"nanos":11436875,"secs":0},"reused_bytes":5918720,"transient_live_bytes":524288,"transient_peak_bytes":5918720,"wait":{"nanos":11666709,"secs":0}},{"allocated_bytes":4,"allocation_time":{"nanos":4541,"secs":0},"allocations":1,"arena_capacity":236605440,"arena_high_water":268435456,"command_buffers":1,"completion_waits":1,"dispatches":591,"encode":{"nanos":209952,"secs":0},"gpu":{"nanos":11192625,"secs":0},"reused_bytes":5918720,"transient_live_bytes":524288,"transient_peak_bytes":5918720,"wait":{"nanos":11351250,"secs":0}},{"allocated_bytes":4,"allocation_time":{"nanos":3542,"secs":0},"allocations":1,"arena_capacity":236605440,"arena_high_water":268435456,"command_buffers":1,"completion_waits":1,"dispatches":591,"encode":{"nanos":194931,"secs":0},"gpu":{"nanos":10961500,"secs":0},"reused_bytes":5918720,"transient_live_bytes":524288,"transient_peak_bytes":5918720,"wait":{"nanos":11170208,"secs":0}},{"allocated_bytes":4,"allocation_time":{"nanos":4167,"secs":0},"allocations":1,"arena_capacity":236605440,"arena_high_water":268435456,"command_buffers":1,"completion_waits":1,"dispatches":591,"encode":{"nanos":227450,"secs":0},"gpu":{"nanos":12011625,"secs":0},"reused_bytes":5918720,"transient_live_bytes":524288,"transient_peak_bytes":5918720,"wait":{"nanos":12209250,"secs":0}},{"allocated_bytes":4,"allocation_time":{"nanos":7791,"secs":0},"allocations":1,"arena_capacity":236605440,"arena_high_water":268435456,"command_buffers":1,"completion_waits":1,"dispatches":591,"encode":{"nanos":227703,"secs":0},"gpu":{"nanos":11282125,"secs":0},"reused_bytes":5918720,"transient_live_bytes":524288,"transient_peak_bytes":5918720,"wait":{"nanos":11549209,"secs":0}},{"allocated_bytes":4,"allocation_time":{"nanos":4833,"secs":0},"allocations":1,"arena_capacity":236605440,"arena_high_water":268435456,"command_buffers":1,"completion_waits":1,"dispatches":591,"encode":{"nanos":222992,"secs":0},"gpu":{"nanos":11766958,"secs":0},"reused_bytes":5918720,"transient_live_bytes":524288,"transient_peak_bytes":5918720,"wait":{"nanos":12012833,"secs":0}},{"allocated_bytes":4,"allocation_time":{"nanos":6125,"secs":0},"allocations":1,"arena_capacity":236605440,"arena_high_water":268435456,"command_buffers":1,"completion_waits":1,"dispatches":591,"encode":{"nanos":210385,"secs":0},"gpu":{"nanos":11225083,"secs":0},"reused_bytes":5918720,"transient_live_bytes":524288,"transient_peak_bytes":5918720,"wait":{"nanos":11463708,"secs":0}},{"allocated_bytes":4,"allocation_time":{"nanos":5667,"secs":0},"allocations":1,"arena_capacity":236605440,"arena_high_water":268435456,"command_buffers":1,"completion_waits":1,"dispatches":591,"encode":{"nanos":234949,"secs":0},"gpu":{"nanos":12038500,"secs":0},"reused_bytes":5918720,"transient_live_bytes":524288,"transient_peak_bytes":5918720,"wait":{"nanos":12289541,"secs":0}},{"allocated_bytes":4,"allocation_time":{"nanos":8292,"secs":0},"allocations":1,"arena_capacity":236605440,"arena_high_water":268435456,"command_buffers":1,"completion_waits":1,"dispatches":591,"encode":{"nanos":220040,"secs":0},"gpu":{"nanos":10932875,"secs":0},"reused_bytes":5918720,"transient_live_bytes":524288,"transient_peak_bytes":5918720,"wait":{"nanos":11188875,"secs":0}},{"allocated_bytes":4,"allocation_time":{"nanos":5708,"secs":0},"allocations":1,"arena_capacity":236605440,"arena_high_water":268435456,"command_buffers":1,"completion_waits":1,"dispatches":591,"encode":{"nanos":202871,"secs":0},"gpu":{"nanos":11928458,"secs":0},"reused_bytes":5918720,"transient_live_bytes":524288,"transient_peak_bytes":5918720,"wait":{"nanos":12224583,"secs":0}},{"allocated_bytes":4,"allocation_time":{"nanos":6958,"secs":0},"allocations":1,"arena_capacity":236605440,"arena_high_water":268435456,"command_buffers":1,"completion_waits":1,"dispatches":591,"encode":{"nanos":218632,"secs":0},"gpu":{"nanos":12064833,"secs":0},"reused_bytes":5918720,"transient_live_bytes":524288,"transient_peak_bytes":5918720,"wait":{"nanos":12300791,"secs":0}},{"allocated_bytes":4,"allocation_time":{"nanos":6250,"secs":0},"allocations":1,"arena_capacity":236605440,"arena_high_water":268435456,"command_buffers":1,"completion_waits":1,"dispatches":591,"encode":{"nanos":222201,"secs":0},"gpu":{"nanos":11541125,"secs":0},"reused_bytes":5918720,"transient_live_bytes":524288,"transient_peak_bytes":5918720,"wait":{"nanos":11819541,"secs":0}},{"allocated_bytes":4,"allocation_time":{"nanos":5125,"secs":0},"allocations":1,"arena_capacity":236605440,"arena_high_water":268435456,"command_buffers":1,"completion_waits":1,"dispatches":591,"encode":{"nanos":202527,"secs":0},"gpu":{"nanos":10793000,"secs":0},"reused_bytes":5918720,"transient_live_bytes":524288,"transient_peak_bytes":5918720,"wait":{"nanos":11029750,"secs":0}}],"decode_median_ms":12.16675,"decode_ms":[27.363667,11.955625,11.342875000000001,12.16675,11.813542,11.643334,12.732292,12.085500000000001,12.537125,11.990584,12.8725,11.702834000000001,12.717083,12.796291,12.356125,11.512208],"decode_profiles":[{},{},{},{},{},{},{},{},{},{},{},{},{},{},{},{}],"decode_tps":82.19121786837076,"first_token_ms":328.336542,"generated_ids":[151667,198,32313,11,1077,594,1490,13,576,1196,3897,264,4013,315,11504,22870,911],"generated_tokens":17,"generation_ms":542.356584,"generation_tps":31.34469185313698,"kv_active_bytes":119275520,"kv_reserved_bytes":234881024,"model_format":"GGUF","model_repository":"Qwen/Qwen3-0.6B-GGUF","model_revision":"23749fefcc72300e3a2ad315e1317431b06b590a","moe_expert_tensorops":true,"moe_expert_tensorops_min_routes_per_expert":8,"packed_quantized_bytes":633233408,"pair":0,"pair_order":"ferrum-control>ferrum-candidate>llama.cpp","parameter_count":596049920,"prefill_counters":{"allocated_bytes":166203392,"allocation_time":{"nanos":7601461,"secs":0},"allocations":62,"arena_capacity":264765440,"arena_high_water":268435456,"command_buffers":14,"completion_waits":14,"dispatches":591,"encode":{"nanos":515719,"secs":0},"gpu":{"nanos":315242916,"secs":0},"reused_bytes":3596615680,"transient_live_bytes":0,"transient_peak_bytes":268435456,"wait":{"nanos":318872875,"secs":0}},"prefill_ms":328.008042,"prefill_profile":{},"prefill_tps":3121.8746764751577,"prompt_ids":[151644,8948,198,2610,525,264,10950,17847,13,151645,198,151644,872,198,785,3974,13876,38835,26005,916,279,15678,5562,13,576,3974,13876,38835,26005,916,279,15678,5562,13,576,3974,13876,38835,26005,916,279,15678,5562,13,576,3974,13876,38835,26005,916,279,15678,5562,13,576,3974,13876,38835,26005,916,279,15678,5562,13,576,3974,13876,38835,26005,916,279,15678,5562,13,576,3974,13876,38835,26005,916,279,15678,5562,13,576,3974,13876,38835,26005,916,279,15678,5562,13,576,3974,13876,38835,26005,916,279,15678,5562,13,576,3974,13876,38835,26005,916,279,15678,5562,13,576,3974,13876,38835,26005,916,279,15678,5562,13,576,3974,13876,38835,26005,916,279,15678,5562,13,576,3974,13876,38835,26005,916,279,15678,5562,13,576,3974,13876,38835,26005,916,279,15678,5562,13,576,3974,13876,38835,26005,916,279,15678,5562,13,576,3974,13876,38835,26005,916,279,15678,5562,13,576,3974,13876,38835,26005,916,279,15678,5562,13,576,3974,13876,38835,26005,916,279,15678,5562,13,576,3974,13876,38835,26005,916,279,15678,5562,13,576,3974,13876,38835,26005,916,279,15678,5562,13,576,3974,13876,38835,26005,916,279,15678,5562,13,576,3974,13876,38835,26005,916,279,15678,5562,13,576,3974,13876,38835,26005,916,279,15678,5562,13,576,3974,13876,38835,26005,916,279,15678,5562,13,576,3974,13876,38835,26005,916,279,15678,5562,13,576,3974,13876,38835,26005,916,279,15678,5562,13,576,3974,13876,38835,26005,916,279,15678,5562,13,576,3974,13876,38835,26005,916,279,15678,5562,13,576,3974,13876,38835,26005,916,279,15678,5562,13,576,3974,13876,38835,26005,916,279,15678,5562,13,576,3974,13876,38835,26005,916,279,15678,5562,13,576,3974,13876,38835,26005,916,279,15678,5562,13,576,3974,13876,38835,26005,916,279,15678,5562,13,576,3974,13876,38835,26005,916,279,15678,5562,13,576,3974,13876,38835,26005,916,279,15678,5562,13,576,3974,13876,38835,26005,916,279,15678,5562,13,576,3974,13876,38835,26005,916,279,15678,5562,13,576,3974,13876,38835,26005,916,279,15678,5562,13,576,3974,13876,38835,26005,916,279,15678,5562,13,576,3974,13876,38835,26005,916,279,15678,5562,13,576,3974,13876,38835,26005,916,279,15678,5562,13,576,3974,13876,38835,26005,916,279,15678,5562,13,576,3974,13876,38835,26005,916,279,15678,5562,13,576,3974,13876,38835,26005,916,279,15678,5562,13,576,3974,13876,38835,26005,916,279,15678,5562,13,576,3974,13876,38835,26005,916,279,15678,5562,13,576,3974,13876,38835,26005,916,279,15678,5562,13,576,3974,13876,38835,26005,916,279,15678,5562,13,576,3974,13876,38835,26005,916,279,15678,5562,13,576,3974,13876,38835,26005,916,279,15678,5562,13,576,3974,13876,38835,26005,916,279,15678,5562,13,576,3974,13876,38835,26005,916,279,15678,5562,13,576,3974,13876,38835,26005,916,279,15678,5562,13,576,3974,13876,38835,26005,916,279,15678,5562,13,576,3974,13876,38835,26005,916,279,15678,5562,13,576,3974,13876,38835,26005,916,279,15678,5562,13,576,3974,13876,38835,26005,916,279,15678,5562,13,576,3974,13876,38835,26005,916,279,15678,5562,13,576,3974,13876,38835,26005,916,279,15678,5562,13,576,3974,13876,38835,26005,916,279,15678,5562,13,576,3974,13876,38835,26005,916,279,15678,5562,13,576,3974,13876,38835,26005,916,279,15678,5562,13,576,3974,13876,38835,26005,916,279,15678,5562,13,576,3974,13876,38835,26005,916,279,15678,5562,13,576,3974,13876,38835,26005,916,279,15678,5562,13,576,3974,13876,38835,26005,916,279,15678,5562,13,576,3974,13876,38835,26005,916,279,15678,5562,13,576,3974,13876,38835,26005,916,279,15678,5562,13,576,3974,13876,38835,26005,916,279,15678,5562,13,576,3974,13876,38835,26005,916,279,15678,5562,13,576,3974,13876,38835,26005,916,279,15678,5562,13,576,3974,13876,38835,26005,916,279,15678,5562,13,576,3974,13876,38835,26005,916,279,15678,5562,13,576,3974,13876,38835,26005,916,279,15678,5562,13,576,3974,13876,38835,26005,916,279,15678,5562,13,576,3974,13876,38835,26005,916,279,15678,5562,13,576,3974,13876,38835,26005,916,279,15678,5562,13,576,3974,13876,38835,26005,916,279,15678,5562,13,576,3974,13876,38835,26005,916,279,15678,5562,13,576,3974,13876,38835,26005,916,279,15678,5562,13,576,3974,13876,38835,26005,916,279,15678,5562,13,576,3974,13876,38835,26005,916,279,15678,5562,13,576,3974,13876,38835,26005,916,279,15678,5562,13,576,3974,13876,38835,26005,916,279,15678,5562,13,576,3974,13876,38835,26005,916,279,15678,5562,13,576,3974,13876,38835,26005,916,279,15678,5562,13,576,3974,13876,38835,26005,916,279,15678,5562,13,576,3974,13876,38835,26005,916,279,15678,5562,13,576,3974,13876,38835,26005,916,279,15678,5562,13,576,3974,13876,38835,26005,916,279,15678,5562,13,576,3974,13876,38835,26005,916,279,15678,5562,13,576,3974,13876,38835,26005,916,279,15678,5562,13,576,3974,13876,38835,26005,916,279,15678,5562,13,576,3974,13876,38835,26005,916,279,15678,5562,13,576,3974,13876,38835,26005,916,279,15678,5562,13,576,3974,13876,38835,26005,916,279,15678,5562,13,576,3974,13876,38835,26005,916,279,15678,5562,13,576,3974,13876,38835,26005,916,279,15678,5562,13,576,3974,13876,38835,26005,916,279,15678,5562,13,576,3974,13876,38835,26005,916,279,15678,5562,13,576,3974,13876,38835,26005,151645,198,151644,77091,198],"prompt_tokens":1024,"q5_0_gemv_n4":false,"q8_0_mpp_tile_k64":true,"retained_weight_bytes":633364480,"runtime":"ferrum","sampling_ms":4.11346,"source_tensor_bytes":633495552,"tensor_count":310,"warmup":false,"process_rss_bytes":1196081152,"ferrum_variant":"candidate","source_matrix_case_model":"Qwen/Qwen3-0.6B-GGUF@Q8_0","engine_order":["ferrum-control","ferrum-candidate","llama.cpp"],"case_index":3,"engine_load_plus_first_warmup_ms":1321.5061250375584}
{"case":"1024","command_buffer_count":null,"decode_aggregate_tps":140.00715471562384,"decode_median_ms":7.135833,"decode_ms":[7.723416,6.734042,7.083083,7.276208,7.775292,7.041208,7.140667,7.2485,7.1575,6.80325,7.012334,7.135833,7.314,6.810333,7.054625,6.969583],"decode_tps":140.13780871833745,"dispatch_count":null,"first_token_ms":171.097083,"generated_ids":[151667,198,32313,11,1077,594,1490,13,576,1196,3897,264,4013,315,11504,22870,911],"generated_tokens":17,"generation_ms":289.281041,"generation_tps":58.76638144426478,"kv_context_capacity_tokens":4096,"kv_type":"bf16","llama_version":"0.5.0-dev","model_format":"GGUF","pair":0,"pair_order":"ferrum-control>ferrum-candidate>llama.cpp","prefill_ms":170.869875,"prefill_tps":5992.864453140145,"process_max_rss_bytes":1243545600,"prompt_ids":[151644,8948,198,2610,525,264,10950,17847,13,151645,198,151644,872,198,785,3974,13876,38835,26005,916,279,15678,5562,13,576,3974,13876,38835,26005,916,279,15678,5562,13,576,3974,13876,38835,26005,916,279,15678,5562,13,576,3974,13876,38835,26005,916,279,15678,5562,13,576,3974,13876,38835,26005,916,279,15678,5562,13,576,3974,13876,38835,26005,916,279,15678,5562,13,576,3974,13876,38835,26005,916,279,15678,5562,13,576,3974,13876,38835,26005,916,279,15678,5562,13,576,3974,13876,38835,26005,916,279,15678,5562,13,576,3974,13876,38835,26005,916,279,15678,5562,13,576,3974,13876,38835,26005,916,279,15678,5562,13,576,3974,13876,38835,26005,916,279,15678,5562,13,576,3974,13876,38835,26005,916,279,15678,5562,13,576,3974,13876,38835,26005,916,279,15678,5562,13,576,3974,13876,38835,26005,916,279,15678,5562,13,576,3974,13876,38835,26005,916,279,15678,5562,13,576,3974,13876,38835,26005,916,279,15678,5562,13,576,3974,13876,38835,26005,916,279,15678,5562,13,576,3974,13876,38835,26005,916,279,15678,5562,13,576,3974,13876,38835,26005,916,279,15678,5562,13,576,3974,13876,38835,26005,916,279,15678,5562,13,576,3974,13876,38835,26005,916,279,15678,5562,13,576,3974,13876,38835,26005,916,279,15678,5562,13,576,3974,13876,38835,26005,916,279,15678,5562,13,576,3974,13876,38835,26005,916,279,15678,5562,13,576,3974,13876,38835,26005,916,279,15678,5562,13,576,3974,13876,38835,26005,916,279,15678,5562,13,576,3974,13876,38835,26005,916,279,15678,5562,13,576,3974,13876,38835,26005,916,279,15678,5562,13,576,3974,13876,38835,26005,916,279,15678,5562,13,576,3974,13876,38835,26005,916,279,15678,5562,13,576,3974,13876,38835,26005,916,279,15678,5562,13,576,3974,13876,38835,26005,916,279,15678,5562,13,576,3974,13876,38835,26005,916,279,15678,5562,13,576,3974,13876,38835,26005,916,279,15678,5562,13,576,3974,13876,38835,26005,916,279,15678,5562,13,576,3974,13876,38835,26005,916,279,15678,5562,13,576,3974,13876,38835,26005,916,279,15678,5562,13,576,3974,13876,38835,26005,916,279,15678,5562,13,576,3974,13876,38835,26005,916,279,15678,5562,13,576,3974,13876,38835,26005,916,279,15678,5562,13,576,3974,13876,38835,26005,916,279,15678,5562,13,576,3974,13876,38835,26005,916,279,15678,5562,13,576,3974,13876,38835,26005,916,279,15678,5562,13,576,3974,13876,38835,26005,916,279,15678,5562,13,576,3974,13876,38835,26005,916,279,15678,5562,13,576,3974,13876,38835,26005,916,279,15678,5562,13,576,3974,13876,38835,26005,916,279,15678,5562,13,576,3974,13876,38835,26005,916,279,15678,5562,13,576,3974,13876,38835,26005,916,279,15678,5562,13,576,3974,13876,38835,26005,916,279,15678,5562,13,576,3974,13876,38835,26005,916,279,15678,5562,13,576,3974,13876,38835,26005,916,279,15678,5562,13,576,3974,13876,38835,26005,916,279,15678,5562,13,576,3974,13876,38835,26005,916,279,15678,5562,13,576,3974,13876,38835,26005,916,279,15678,5562,13,576,3974,13876,38835,26005,916,279,15678,5562,13,576,3974,13876,38835,26005,916,279,15678,5562,13,576,3974,13876,38835,26005,916,279,15678,5562,13,576,3974,13876,38835,26005,916,279,15678,5562,13,576,3974,13876,38835,26005,916,279,15678,5562,13,576,3974,13876,38835,26005,916,279,15678,5562,13,576,3974,13876,38835,26005,916,279,15678,5562,13,576,3974,13876,38835,26005,916,279,15678,5562,13,576,3974,13876,38835,26005,916,279,15678,5562,13,576,3974,13876,38835,26005,916,279,15678,5562,13,576,3974,13876,38835,26005,916,279,15678,5562,13,576,3974,13876,38835,26005,916,279,15678,5562,13,576,3974,13876,38835,26005,916,279,15678,5562,13,576,3974,13876,38835,26005,916,279,15678,5562,13,576,3974,13876,38835,26005,916,279,15678,5562,13,576,3974,13876,38835,26005,916,279,15678,5562,13,576,3974,13876,38835,26005,916,279,15678,5562,13,576,3974,13876,38835,26005,916,279,15678,5562,13,576,3974,13876,38835,26005,916,279,15678,5562,13,576,3974,13876,38835,26005,916,279,15678,5562,13,576,3974,13876,38835,26005,916,279,15678,5562,13,576,3974,13876,38835,26005,916,279,15678,5562,13,576,3974,13876,38835,26005,916,279,15678,5562,13,576,3974,13876,38835,26005,916,279,15678,5562,13,576,3974,13876,38835,26005,916,279,15678,5562,13,576,3974,13876,38835,26005,916,279,15678,5562,13,576,3974,13876,38835,26005,916,279,15678,5562,13,576,3974,13876,38835,26005,916,279,15678,5562,13,576,3974,13876,38835,26005,916,279,15678,5562,13,576,3974,13876,38835,26005,916,279,15678,5562,13,576,3974,13876,38835,26005,916,279,15678,5562,13,576,3974,13876,38835,26005,916,279,15678,5562,13,576,3974,13876,38835,26005,916,279,15678,5562,13,576,3974,13876,38835,26005,916,279,15678,5562,13,576,3974,13876,38835,26005,916,279,15678,5562,13,576,3974,13876,38835,26005,916,279,15678,5562,13,576,3974,13876,38835,26005,916,279,15678,5562,13,576,3974,13876,38835,26005,916,279,15678,5562,13,576,3974,13876,38835,26005,916,279,15678,5562,13,576,3974,13876,38835,26005,916,279,15678,5562,13,576,3974,13876,38835,26005,916,279,15678,5562,13,576,3974,13876,38835,26005,916,279,15678,5562,13,576,3974,13876,38835,26005,916,279,15678,5562,13,576,3974,13876,38835,26005,916,279,15678,5562,13,576,3974,13876,38835,26005,151645,198,151644,77091,198],"prompt_tokens":1024,"runtime":"llama.cpp","sampling_ms":4.128874,"warmup":false,"process_rss_bytes":1243348992,"source_matrix_case_model":"Qwen/Qwen3-0.6B-GGUF@Q8_0","engine_order":["ferrum-control","ferrum-candidate","llama.cpp"],"case_index":3,"engine_load_plus_first_warmup_ms":1459.0402909670956}
{"case":"1024","command_buffer_count":null,"decode_aggregate_tps":136.1986626380918,"decode_median_ms":7.380125,"decode_ms":[8.476833,6.781833,7.091375,7.042042,7.491125,7.162416,7.197125,7.641333,7.395125,7.478958,6.886166,7.253417,7.421625,7.380125,7.741333,7.034625],"decode_tps":135.49905997527142,"dispatch_count":null,"first_token_ms":167.534292,"generated_ids":[151667,198,32313,11,1077,594,1490,13,576,1196,3897,264,4013,315,11504,22870,911],"generated_tokens":17,"generation_ms":289.016459,"generation_tps":58.82017951095304,"kv_context_capacity_tokens":4096,"kv_type":"bf16","llama_version":"0.5.0-dev","model_format":"GGUF","pair":1,"pair_order":"llama.cpp>ferrum-candidate>ferrum-control","prefill_ms":167.15875,"prefill_tps":6125.913241155488,"process_max_rss_bytes":1243545600,"prompt_ids":[151644,8948,198,2610,525,264,10950,17847,13,151645,198,151644,872,198,785,3974,13876,38835,26005,916,279,15678,5562,13,576,3974,13876,38835,26005,916,279,15678,5562,13,576,3974,13876,38835,26005,916,279,15678,5562,13,576,3974,13876,38835,26005,916,279,15678,5562,13,576,3974,13876,38835,26005,916,279,15678,5562,13,576,3974,13876,38835,26005,916,279,15678,5562,13,576,3974,13876,38835,26005,916,279,15678,5562,13,576,3974,13876,38835,26005,916,279,15678,5562,13,576,3974,13876,38835,26005,916,279,15678,5562,13,576,3974,13876,38835,26005,916,279,15678,5562,13,576,3974,13876,38835,26005,916,279,15678,5562,13,576,3974,13876,38835,26005,916,279,15678,5562,13,576,3974,13876,38835,26005,916,279,15678,5562,13,576,3974,13876,38835,26005,916,279,15678,5562,13,576,3974,13876,38835,26005,916,279,15678,5562,13,576,3974,13876,38835,26005,916,279,15678,5562,13,576,3974,13876,38835,26005,916,279,15678,5562,13,576,3974,13876,38835,26005,916,279,15678,5562,13,576,3974,13876,38835,26005,916,279,15678,5562,13,576,3974,13876,38835,26005,916,279,15678,5562,13,576,3974,13876,38835,26005,916,279,15678,5562,13,576,3974,13876,38835,26005,916,279,15678,5562,13,576,3974,13876,38835,26005,916,279,15678,5562,13,576,3974,13876,38835,26005,916,279,15678,5562,13,576,3974,13876,38835,26005,916,279,15678,5562,13,576,3974,13876,38835,26005,916,279,15678,5562,13,576,3974,13876,38835,26005,916,279,15678,5562,13,576,3974,13876,38835,26005,916,279,15678,5562,13,576,3974,13876,38835,26005,916,279,15678,5562,13,576,3974,13876,38835,26005,916,279,15678,5562,13,576,3974,13876,38835,26005,916,279,15678,5562,13,576,3974,13876,38835,26005,916,279,15678,5562,13,576,3974,13876,38835,26005,916,279,15678,5562,13,576,3974,13876,38835,26005,916,279,15678,5562,13,576,3974,13876,38835,26005,916,279,15678,5562,13,576,3974,13876,38835,26005,916,279,15678,5562,13,576,3974,13876,38835,26005,916,279,15678,5562,13,576,3974,13876,38835,26005,916,279,15678,5562,13,576,3974,13876,38835,26005,916,279,15678,5562,13,576,3974,13876,38835,26005,916,279,15678,5562,13,576,3974,13876,38835,26005,916,279,15678,5562,13,576,3974,13876,38835,26005,916,279,15678,5562,13,576,3974,13876,38835,26005,916,279,15678,5562,13,576,3974,13876,38835,26005,916,279,15678,5562,13,576,3974,13876,38835,26005,916,279,15678,5562,13,576,3974,13876,38835,26005,916,279,15678,5562,13,576,3974,13876,38835,26005,916,279,15678,5562,13,576,3974,13876,38835,26005,916,279,15678,5562,13,576,3974,13876,38835,26005,916,279,15678,5562,13,576,3974,13876,38835,26005,916,279,15678,5562,13,576,3974,13876,38835,26005,916,279,15678,5562,13,576,3974,13876,38835,26005,916,279,15678,5562,13,576,3974,13876,38835,26005,916,279,15678,5562,13,576,3974,13876,38835,26005,916,279,15678,5562,13,576,3974,13876,38835,26005,916,279,15678,5562,13,576,3974,13876,38835,26005,916,279,15678,5562,13,576,3974,13876,38835,26005,916,279,15678,5562,13,576,3974,13876,38835,26005,916,279,15678,5562,13,576,3974,13876,38835,26005,916,279,15678,5562,13,576,3974,13876,38835,26005,916,279,15678,5562,13,576,3974,13876,38835,26005,916,279,15678,5562,13,576,3974,13876,38835,26005,916,279,15678,5562,13,576,3974,13876,38835,26005,916,279,15678,5562,13,576,3974,13876,38835,26005,916,279,15678,5562,13,576,3974,13876,38835,26005,916,279,15678,5562,13,576,3974,13876,38835,26005,916,279,15678,5562,13,576,3974,13876,38835,26005,916,279,15678,5562,13,576,3974,13876,38835,26005,916,279,15678,5562,13,576,3974,13876,38835,26005,916,279,15678,5562,13,576,3974,13876,38835,26005,916,279,15678,5562,13,576,3974,13876,38835,26005,916,279,15678,5562,13,576,3974,13876,38835,26005,916,279,15678,5562,13,576,3974,13876,38835,26005,916,279,15678,5562,13,576,3974,13876,38835,26005,916,279,15678,5562,13,576,3974,13876,38835,26005,916,279,15678,5562,13,576,3974,13876,38835,26005,916,279,15678,5562,13,576,3974,13876,38835,26005,916,279,15678,5562,13,576,3974,13876,38835,26005,916,279,15678,5562,13,576,3974,13876,38835,26005,916,279,15678,5562,13,576,3974,13876,38835,26005,916,279,15678,5562,13,576,3974,13876,38835,26005,916,279,15678,5562,13,576,3974,13876,38835,26005,916,279,15678,5562,13,576,3974,13876,38835,26005,916,279,15678,5562,13,576,3974,13876,38835,26005,916,279,15678,5562,13,576,3974,13876,38835,26005,916,279,15678,5562,13,576,3974,13876,38835,26005,916,279,15678,5562,13,576,3974,13876,38835,26005,916,279,15678,5562,13,576,3974,13876,38835,26005,916,279,15678,5562,13,576,3974,13876,38835,26005,916,279,15678,5562,13,576,3974,13876,38835,26005,916,279,15678,5562,13,576,3974,13876,38835,26005,916,279,15678,5562,13,576,3974,13876,38835,26005,916,279,15678,5562,13,576,3974,13876,38835,26005,916,279,15678,5562,13,576,3974,13876,38835,26005,916,279,15678,5562,13,576,3974,13876,38835,26005,916,279,15678,5562,13,576,3974,13876,38835,26005,916,279,15678,5562,13,576,3974,13876,38835,26005,916,279,15678,5562,13,576,3974,13876,38835,26005,916,279,15678,5562,13,576,3974,13876,38835,26005,916,279,15678,5562,13,576,3974,13876,38835,26005,916,279,15678,5562,13,576,3974,13876,38835,26005,151645,198,151644,77091,198],"prompt_tokens":1024,"runtime":"llama.cpp","sampling_ms":4.379211,"warmup":false,"process_rss_bytes":1243348992,"source_matrix_case_model":"Qwen/Qwen3-0.6B-GGUF@Q8_0","engine_order":["llama.cpp","ferrum-candidate","ferrum-control"],"case_index":3,"engine_load_plus_first_warmup_ms":1459.0402909670956}
{"case":"1024","decode_aggregate_tps":77.21479777007718,"decode_counters":[{"allocated_bytes":240275460,"allocation_time":{"nanos":10941674,"secs":0},"allocations":591,"arena_capacity":236605440,"arena_high_water":268435456,"command_buffers":1,"completion_waits":1,"dispatches":647,"encode":{"nanos":299108,"secs":0},"gpu":{"nanos":14309875,"secs":0},"reused_bytes":524288,"transient_live_bytes":524288,"transient_peak_bytes":5918720,"wait":{"nanos":15840000,"secs":0}},{"allocated_bytes":4,"allocation_time":{"nanos":5917,"secs":0},"allocations":1,"arena_capacity":236605440,"arena_high_water":268435456,"command_buffers":1,"completion_waits":1,"dispatches":591,"encode":{"nanos":208361,"secs":0},"gpu":{"nanos":11743375,"secs":0},"reused_bytes":5918720,"transient_live_bytes":524288,"transient_peak_bytes":5918720,"wait":{"nanos":11987250,"secs":0}},{"allocated_bytes":4,"allocation_time":{"nanos":3792,"secs":0},"allocations":1,"arena_capacity":236605440,"arena_high_water":268435456,"command_buffers":1,"completion_waits":1,"dispatches":591,"encode":{"nanos":195856,"secs":0},"gpu":{"nanos":10538625,"secs":0},"reused_bytes":5918720,"transient_live_bytes":524288,"transient_peak_bytes":5918720,"wait":{"nanos":10806792,"secs":0}},{"allocated_bytes":4,"allocation_time":{"nanos":3875,"secs":0},"allocations":1,"arena_capacity":236605440,"arena_high_water":268435456,"command_buffers":1,"completion_waits":1,"dispatches":591,"encode":{"nanos":197826,"secs":0},"gpu":{"nanos":11600625,"secs":0},"reused_bytes":5918720,"transient_live_bytes":524288,"transient_peak_bytes":5918720,"wait":{"nanos":11885083,"secs":0}},{"allocated_bytes":4,"allocation_time":{"nanos":4625,"secs":0},"allocations":1,"arena_capacity":236605440,"arena_high_water":268435456,"command_buffers":1,"completion_waits":1,"dispatches":591,"encode":{"nanos":200884,"secs":0},"gpu":{"nanos":10955250,"secs":0},"reused_bytes":5918720,"transient_live_bytes":524288,"transient_peak_bytes":5918720,"wait":{"nanos":11162667,"secs":0}},{"allocated_bytes":4,"allocation_time":{"nanos":5791,"secs":0},"allocations":1,"arena_capacity":236605440,"arena_high_water":268435456,"command_buffers":1,"completion_waits":1,"dispatches":591,"encode":{"nanos":200876,"secs":0},"gpu":{"nanos":10780625,"secs":0},"reused_bytes":5918720,"transient_live_bytes":524288,"transient_peak_bytes":5918720,"wait":{"nanos":11011666,"secs":0}},{"allocated_bytes":4,"allocation_time":{"nanos":3250,"secs":0},"allocations":1,"arena_capacity":236605440,"arena_high_water":268435456,"command_buffers":1,"completion_waits":1,"dispatches":591,"encode":{"nanos":208946,"secs":0},"gpu":{"nanos":11428375,"secs":0},"reused_bytes":5918720,"transient_live_bytes":524288,"transient_peak_bytes":5918720,"wait":{"nanos":11649750,"secs":0}},{"allocated_bytes":4,"allocation_time":{"nanos":2791,"secs":0},"allocations":1,"arena_capacity":236605440,"arena_high_water":268435456,"command_buffers":1,"completion_waits":1,"dispatches":591,"encode":{"nanos":190856,"secs":0},"gpu":{"nanos":10577500,"secs":0},"reused_bytes":5918720,"transient_live_bytes":524288,"transient_peak_bytes":5918720,"wait":{"nanos":10872208,"secs":0}},{"allocated_bytes":4,"allocation_time":{"nanos":2875,"secs":0},"allocations":1,"arena_capacity":236605440,"arena_high_water":268435456,"command_buffers":1,"completion_waits":1,"dispatches":591,"encode":{"nanos":192257,"secs":0},"gpu":{"nanos":11057125,"secs":0},"reused_bytes":5918720,"transient_live_bytes":524288,"transient_peak_bytes":5918720,"wait":{"nanos":11323875,"secs":0}},{"allocated_bytes":4,"allocation_time":{"nanos":2292,"secs":0},"allocations":1,"arena_capacity":236605440,"arena_high_water":268435456,"command_buffers":1,"completion_waits":1,"dispatches":591,"encode":{"nanos":189862,"secs":0},"gpu":{"nanos":11499500,"secs":0},"reused_bytes":5918720,"transient_live_bytes":524288,"transient_peak_bytes":5918720,"wait":{"nanos":11720542,"secs":0}},{"allocated_bytes":4,"allocation_time":{"nanos":8209,"secs":0},"allocations":1,"arena_capacity":236605440,"arena_high_water":268435456,"command_buffers":1,"completion_waits":1,"dispatches":591,"encode":{"nanos":210838,"secs":0},"gpu":{"nanos":12045500,"secs":0},"reused_bytes":5918720,"transient_live_bytes":524288,"transient_peak_bytes":5918720,"wait":{"nanos":12296958,"secs":0}},{"allocated_bytes":4,"allocation_time":{"nanos":5167,"secs":0},"allocations":1,"arena_capacity":236605440,"arena_high_water":268435456,"command_buffers":1,"completion_waits":1,"dispatches":591,"encode":{"nanos":208326,"secs":0},"gpu":{"nanos":11071167,"secs":0},"reused_bytes":5918720,"transient_live_bytes":524288,"transient_peak_bytes":5918720,"wait":{"nanos":11302292,"secs":0}},{"allocated_bytes":4,"allocation_time":{"nanos":9250,"secs":0},"allocations":1,"arena_capacity":236605440,"arena_high_water":268435456,"command_buffers":1,"completion_waits":1,"dispatches":591,"encode":{"nanos":230253,"secs":0},"gpu":{"nanos":10731667,"secs":0},"reused_bytes":5918720,"transient_live_bytes":524288,"transient_peak_bytes":5918720,"wait":{"nanos":10981958,"secs":0}},{"allocated_bytes":4,"allocation_time":{"nanos":6667,"secs":0},"allocations":1,"arena_capacity":236605440,"arena_high_water":268435456,"command_buffers":1,"completion_waits":1,"dispatches":591,"encode":{"nanos":211864,"secs":0},"gpu":{"nanos":11444500,"secs":0},"reused_bytes":5918720,"transient_live_bytes":524288,"transient_peak_bytes":5918720,"wait":{"nanos":11711875,"secs":0}},{"allocated_bytes":4,"allocation_time":{"nanos":8792,"secs":0},"allocations":1,"arena_capacity":236605440,"arena_high_water":268435456,"command_buffers":1,"completion_waits":1,"dispatches":591,"encode":{"nanos":209583,"secs":0},"gpu":{"nanos":11552250,"secs":0},"reused_bytes":5918720,"transient_live_bytes":524288,"transient_peak_bytes":5918720,"wait":{"nanos":11760000,"secs":0}},{"allocated_bytes":4,"allocation_time":{"nanos":5209,"secs":0},"allocations":1,"arena_capacity":236605440,"arena_high_water":268435456,"command_buffers":1,"completion_waits":1,"dispatches":591,"encode":{"nanos":195171,"secs":0},"gpu":{"nanos":11277375,"secs":0},"reused_bytes":5918720,"transient_live_bytes":524288,"transient_peak_bytes":5918720,"wait":{"nanos":11598917,"secs":0}}],"decode_median_ms":12.14475,"decode_ms":[27.780584,12.487416,11.285459,12.374042,11.618542000000001,11.4975,12.14475,11.339333,11.792083,12.236500000000001,12.803334,11.804958000000001,11.539541999999999,12.202625,12.231083,12.076416],"decode_profiles":[{},{},{},{},{},{},{},{},{},{},{},{},{},{},{},{}],"decode_tps":82.34010580703595,"first_token_ms":329.677459,"generated_ids":[151667,198,32313,11,1077,594,1490,13,576,1196,3897,264,4013,315,11504,22870,911],"generated_tokens":17,"generation_ms":541.1666670000001,"generation_tps":31.41361254609571,"kv_active_bytes":119275520,"kv_reserved_bytes":234881024,"model_format":"GGUF","model_repository":"Qwen/Qwen3-0.6B-GGUF","model_revision":"23749fefcc72300e3a2ad315e1317431b06b590a","moe_expert_tensorops":true,"moe_expert_tensorops_min_routes_per_expert":8,"packed_quantized_bytes":633233408,"pair":1,"pair_order":"llama.cpp>ferrum-candidate>ferrum-control","parameter_count":596049920,"prefill_counters":{"allocated_bytes":166203392,"allocation_time":{"nanos":8081087,"secs":0},"allocations":62,"arena_capacity":264765440,"arena_high_water":268435456,"command_buffers":14,"completion_waits":14,"dispatches":591,"encode":{"nanos":559538,"secs":0},"gpu":{"nanos":316247543,"secs":0},"reused_bytes":3596615680,"transient_live_bytes":0,"transient_peak_bytes":268435456,"wait":{"nanos":319718127,"secs":0}},"prefill_ms":329.34950000000003,"prefill_profile":{},"prefill_tps":3109.159115164893,"prompt_ids":[151644,8948,198,2610,525,264,10950,17847,13,151645,198,151644,872,198,785,3974,13876,38835,26005,916,279,15678,5562,13,576,3974,13876,38835,26005,916,279,15678,5562,13,576,3974,13876,38835,26005,916,279,15678,5562,13,576,3974,13876,38835,26005,916,279,15678,5562,13,576,3974,13876,38835,26005,916,279,15678,5562,13,576,3974,13876,38835,26005,916,279,15678,5562,13,576,3974,13876,38835,26005,916,279,15678,5562,13,576,3974,13876,38835,26005,916,279,15678,5562,13,576,3974,13876,38835,26005,916,279,15678,5562,13,576,3974,13876,38835,26005,916,279,15678,5562,13,576,3974,13876,38835,26005,916,279,15678,5562,13,576,3974,13876,38835,26005,916,279,15678,5562,13,576,3974,13876,38835,26005,916,279,15678,5562,13,576,3974,13876,38835,26005,916,279,15678,5562,13,576,3974,13876,38835,26005,916,279,15678,5562,13,576,3974,13876,38835,26005,916,279,15678,5562,13,576,3974,13876,38835,26005,916,279,15678,5562,13,576,3974,13876,38835,26005,916,279,15678,5562,13,576,3974,13876,38835,26005,916,279,15678,5562,13,576,3974,13876,38835,26005,916,279,15678,5562,13,576,3974,13876,38835,26005,916,279,15678,5562,13,576,3974,13876,38835,26005,916,279,15678,5562,13,576,3974,13876,38835,26005,916,279,15678,5562,13,576,3974,13876,38835,26005,916,279,15678,5562,13,576,3974,13876,38835,26005,916,279,15678,5562,13,576,3974,13876,38835,26005,916,279,15678,5562,13,576,3974,13876,38835,26005,916,279,15678,5562,13,576,3974,13876,38835,26005,916,279,15678,5562,13,576,3974,13876,38835,26005,916,279,15678,5562,13,576,3974,13876,38835,26005,916,279,15678,5562,13,576,3974,13876,38835,26005,916,279,15678,5562,13,576,3974,13876,38835,26005,916,279,15678,5562,13,576,3974,13876,38835,26005,916,279,15678,5562,13,576,3974,13876,38835,26005,916,279,15678,5562,13,576,3974,13876,38835,26005,916,279,15678,5562,13,576,3974,13876,38835,26005,916,279,15678,5562,13,576,3974,13876,38835,26005,916,279,15678,5562,13,576,3974,13876,38835,26005,916,279,15678,5562,13,576,3974,13876,38835,26005,916,279,15678,5562,13,576,3974,13876,38835,26005,916,279,15678,5562,13,576,3974,13876,38835,26005,916,279,15678,5562,13,576,3974,13876,38835,26005,916,279,15678,5562,13,576,3974,13876,38835,26005,916,279,15678,5562,13,576,3974,13876,38835,26005,916,279,15678,5562,13,576,3974,13876,38835,26005,916,279,15678,5562,13,576,3974,13876,38835,26005,916,279,15678,5562,13,576,3974,13876,38835,26005,916,279,15678,5562,13,576,3974,13876,38835,26005,916,279,15678,5562,13,576,3974,13876,38835,26005,916,279,15678,5562,13,576,3974,13876,38835,26005,916,279,15678,5562,13,576,3974,13876,38835,26005,916,279,15678,5562,13,576,3974,13876,38835,26005,916,279,15678,5562,13,576,3974,13876,38835,26005,916,279,15678,5562,13,576,3974,13876,38835,26005,916,279,15678,5562,13,576,3974,13876,38835,26005,916,279,15678,5562,13,576,3974,13876,38835,26005,916,279,15678,5562,13,576,3974,13876,38835,26005,916,279,15678,5562,13,576,3974,13876,38835,26005,916,279,15678,5562,13,576,3974,13876,38835,26005,916,279,15678,5562,13,576,3974,13876,38835,26005,916,279,15678,5562,13,576,3974,13876,38835,26005,916,279,15678,5562,13,576,3974,13876,38835,26005,916,279,15678,5562,13,576,3974,13876,38835,26005,916,279,15678,5562,13,576,3974,13876,38835,26005,916,279,15678,5562,13,576,3974,13876,38835,26005,916,279,15678,5562,13,576,3974,13876,38835,26005,916,279,15678,5562,13,576,3974,13876,38835,26005,916,279,15678,5562,13,576,3974,13876,38835,26005,916,279,15678,5562,13,576,3974,13876,38835,26005,916,279,15678,5562,13,576,3974,13876,38835,26005,916,279,15678,5562,13,576,3974,13876,38835,26005,916,279,15678,5562,13,576,3974,13876,38835,26005,916,279,15678,5562,13,576,3974,13876,38835,26005,916,279,15678,5562,13,576,3974,13876,38835,26005,916,279,15678,5562,13,576,3974,13876,38835,26005,916,279,15678,5562,13,576,3974,13876,38835,26005,916,279,15678,5562,13,576,3974,13876,38835,26005,916,279,15678,5562,13,576,3974,13876,38835,26005,916,279,15678,5562,13,576,3974,13876,38835,26005,916,279,15678,5562,13,576,3974,13876,38835,26005,916,279,15678,5562,13,576,3974,13876,38835,26005,916,279,15678,5562,13,576,3974,13876,38835,26005,916,279,15678,5562,13,576,3974,13876,38835,26005,916,279,15678,5562,13,576,3974,13876,38835,26005,916,279,15678,5562,13,576,3974,13876,38835,26005,916,279,15678,5562,13,576,3974,13876,38835,26005,916,279,15678,5562,13,576,3974,13876,38835,26005,916,279,15678,5562,13,576,3974,13876,38835,26005,916,279,15678,5562,13,576,3974,13876,38835,26005,916,279,15678,5562,13,576,3974,13876,38835,26005,916,279,15678,5562,13,576,3974,13876,38835,26005,916,279,15678,5562,13,576,3974,13876,38835,26005,916,279,15678,5562,13,576,3974,13876,38835,26005,916,279,15678,5562,13,576,3974,13876,38835,26005,916,279,15678,5562,13,576,3974,13876,38835,26005,916,279,15678,5562,13,576,3974,13876,38835,26005,916,279,15678,5562,13,576,3974,13876,38835,26005,916,279,15678,5562,13,576,3974,13876,38835,26005,916,279,15678,5562,13,576,3974,13876,38835,26005,916,279,15678,5562,13,576,3974,13876,38835,26005,916,279,15678,5562,13,576,3974,13876,38835,26005,151645,198,151644,77091,198],"prompt_tokens":1024,"q5_0_gemv_n4":false,"q8_0_mpp_tile_k64":true,"retained_weight_bytes":633364480,"runtime":"ferrum","sampling_ms":4.105626,"source_tensor_bytes":633495552,"tensor_count":310,"warmup":false,"process_rss_bytes":1229635584,"ferrum_variant":"candidate","source_matrix_case_model":"Qwen/Qwen3-0.6B-GGUF@Q8_0","engine_order":["llama.cpp","ferrum-candidate","ferrum-control"],"case_index":3,"engine_load_plus_first_warmup_ms":1321.5061250375584}
{"case":"1024","decode_aggregate_tps":80.79725071195003,"decode_counters":[{"allocated_bytes":240275460,"allocation_time":{"nanos":11449918,"secs":0},"allocations":591,"arena_capacity":236605440,"arena_high_water":268435456,"command_buffers":1,"completion_waits":1,"dispatches":647,"encode":{"nanos":309736,"secs":0},"gpu":{"nanos":13038375,"secs":0},"reused_bytes":524288,"transient_live_bytes":524288,"transient_peak_bytes":5918720,"wait":{"nanos":14603166,"secs":0}},{"allocated_bytes":4,"allocation_time":{"nanos":3875,"secs":0},"allocations":1,"arena_capacity":236605440,"arena_high_water":268435456,"command_buffers":1,"completion_waits":1,"dispatches":591,"encode":{"nanos":210172,"secs":0},"gpu":{"nanos":10541917,"secs":0},"reused_bytes":5918720,"transient_live_bytes":524288,"transient_peak_bytes":5918720,"wait":{"nanos":10833042,"secs":0}},{"allocated_bytes":4,"allocation_time":{"nanos":3167,"secs":0},"allocations":1,"arena_capacity":236605440,"arena_high_water":268435456,"command_buffers":1,"completion_waits":1,"dispatches":591,"encode":{"nanos":212967,"secs":0},"gpu":{"nanos":10468750,"secs":0},"reused_bytes":5918720,"transient_live_bytes":524288,"transient_peak_bytes":5918720,"wait":{"nanos":10745250,"secs":0}},{"allocated_bytes":4,"allocation_time":{"nanos":2375,"secs":0},"allocations":1,"arena_capacity":236605440,"arena_high_water":268435456,"command_buffers":1,"completion_waits":1,"dispatches":591,"encode":{"nanos":192523,"secs":0},"gpu":{"nanos":10798833,"secs":0},"reused_bytes":5918720,"transient_live_bytes":524288,"transient_peak_bytes":5918720,"wait":{"nanos":11051333,"secs":0}},{"allocated_bytes":4,"allocation_time":{"nanos":4417,"secs":0},"allocations":1,"arena_capacity":236605440,"arena_high_water":268435456,"command_buffers":1,"completion_waits":1,"dispatches":591,"encode":{"nanos":199462,"secs":0},"gpu":{"nanos":10267875,"secs":0},"reused_bytes":5918720,"transient_live_bytes":524288,"transient_peak_bytes":5918720,"wait":{"nanos":10507291,"secs":0}},{"allocated_bytes":4,"allocation_time":{"nanos":3917,"secs":0},"allocations":1,"arena_capacity":236605440,"arena_high_water":268435456,"command_buffers":1,"completion_waits":1,"dispatches":591,"encode":{"nanos":192117,"secs":0},"gpu":{"nanos":10690458,"secs":0},"reused_bytes":5918720,"transient_live_bytes":524288,"transient_peak_bytes":5918720,"wait":{"nanos":10945500,"secs":0}},{"allocated_bytes":4,"allocation_time":{"nanos":3583,"secs":0},"allocations":1,"arena_capacity":236605440,"arena_high_water":268435456,"command_buffers":1,"completion_waits":1,"dispatches":591,"encode":{"nanos":190552,"secs":0},"gpu":{"nanos":11284500,"secs":0},"reused_bytes":5918720,"transient_live_bytes":524288,"transient_peak_bytes":5918720,"wait":{"nanos":11542667,"secs":0}},{"allocated_bytes":4,"allocation_time":{"nanos":4500,"secs":0},"allocations":1,"arena_capacity":236605440,"arena_high_water":268435456,"command_buffers":1,"completion_waits":1,"dispatches":591,"encode":{"nanos":222413,"secs":0},"gpu":{"nanos":10559375,"secs":0},"reused_bytes":5918720,"transient_live_bytes":524288,"transient_peak_bytes":5918720,"wait":{"nanos":10804500,"secs":0}},{"allocated_bytes":4,"allocation_time":{"nanos":4958,"secs":0},"allocations":1,"arena_capacity":236605440,"arena_high_water":268435456,"command_buffers":1,"completion_waits":1,"dispatches":591,"encode":{"nanos":202623,"secs":0},"gpu":{"nanos":10931958,"secs":0},"reused_bytes":5918720,"transient_live_bytes":524288,"transient_peak_bytes":5918720,"wait":{"nanos":11169000,"secs":0}},{"allocated_bytes":4,"allocation_time":{"nanos":3666,"secs":0},"allocations":1,"arena_capacity":236605440,"arena_high_water":268435456,"command_buffers":1,"completion_waits":1,"dispatches":591,"encode":{"nanos":192726,"secs":0},"gpu":{"nanos":10403625,"secs":0},"reused_bytes":5918720,"transient_live_bytes":524288,"transient_peak_bytes":5918720,"wait":{"nanos":10666084,"secs":0}},{"allocated_bytes":4,"allocation_time":{"nanos":3334,"secs":0},"allocations":1,"arena_capacity":236605440,"arena_high_water":268435456,"command_buffers":1,"completion_waits":1,"dispatches":591,"encode":{"nanos":190677,"secs":0},"gpu":{"nanos":10594750,"secs":0},"reused_bytes":5918720,"transient_live_bytes":524288,"transient_peak_bytes":5918720,"wait":{"nanos":10834792,"secs":0}},{"allocated_bytes":4,"allocation_time":{"nanos":3083,"secs":0},"allocations":1,"arena_capacity":236605440,"arena_high_water":268435456,"command_buffers":1,"completion_waits":1,"dispatches":591,"encode":{"nanos":190138,"secs":0},"gpu":{"nanos":10408125,"secs":0},"reused_bytes":5918720,"transient_live_bytes":524288,"transient_peak_bytes":5918720,"wait":{"nanos":10673625,"secs":0}},{"allocated_bytes":4,"allocation_time":{"nanos":3459,"secs":0},"allocations":1,"arena_capacity":236605440,"arena_high_water":268435456,"command_buffers":1,"completion_waits":1,"dispatches":591,"encode":{"nanos":191087,"secs":0},"gpu":{"nanos":10629708,"secs":0},"reused_bytes":5918720,"transient_live_bytes":524288,"transient_peak_bytes":5918720,"wait":{"nanos":10893042,"secs":0}},{"allocated_bytes":4,"allocation_time":{"nanos":3542,"secs":0},"allocations":1,"arena_capacity":236605440,"arena_high_water":268435456,"command_buffers":1,"completion_waits":1,"dispatches":591,"encode":{"nanos":218553,"secs":0},"gpu":{"nanos":10794625,"secs":0},"reused_bytes":5918720,"transient_live_bytes":524288,"transient_peak_bytes":5918720,"wait":{"nanos":11042916,"secs":0}},{"allocated_bytes":4,"allocation_time":{"nanos":4916,"secs":0},"allocations":1,"arena_capacity":236605440,"arena_high_water":268435456,"command_buffers":1,"completion_waits":1,"dispatches":591,"encode":{"nanos":197970,"secs":0},"gpu":{"nanos":10930583,"secs":0},"reused_bytes":5918720,"transient_live_bytes":524288,"transient_peak_bytes":5918720,"wait":{"nanos":11221833,"secs":0}},{"allocated_bytes":4,"allocation_time":{"nanos":3958,"secs":0},"allocations":1,"arena_capacity":236605440,"arena_high_water":268435456,"command_buffers":1,"completion_waits":1,"dispatches":591,"encode":{"nanos":192928,"secs":0},"gpu":{"nanos":10576750,"secs":0},"reused_bytes":5918720,"transient_live_bytes":524288,"transient_peak_bytes":5918720,"wait":{"nanos":10841333,"secs":0}}],"decode_median_ms":11.356833,"decode_ms":[27.053459,11.331000000000001,11.268541,11.524833,10.9895,11.412417,12.012875,11.327333,11.65975,11.139792,11.263792,11.135875,11.356833,11.541041,11.702916,11.306583],"decode_profiles":[{},{},{},{},{},{},{},{},{},{},{},{},{},{},{},{}],"decode_tps":88.05271680934288,"first_token_ms":352.352042,"generated_ids":[151667,198,32313,11,1077,594,1490,13,576,1196,3897,264,4013,315,11504,22870,911],"generated_tokens":17,"generation_ms":554.5325,"generation_tps":30.65645385978279,"kv_active_bytes":119275520,"kv_reserved_bytes":234881024,"model_format":"GGUF","model_repository":"Qwen/Qwen3-0.6B-GGUF","model_revision":"23749fefcc72300e3a2ad315e1317431b06b590a","moe_expert_tensorops":true,"moe_expert_tensorops_min_routes_per_expert":8,"packed_quantized_bytes":633233408,"pair":1,"pair_order":"llama.cpp>ferrum-candidate>ferrum-control","parameter_count":596049920,"prefill_counters":{"allocated_bytes":166203392,"allocation_time":{"nanos":8046457,"secs":0},"allocations":62,"arena_capacity":264765440,"arena_high_water":268435456,"command_buffers":14,"completion_waits":14,"dispatches":591,"encode":{"nanos":555669,"secs":0},"gpu":{"nanos":338337125,"secs":0},"reused_bytes":3596615680,"transient_live_bytes":0,"transient_peak_bytes":268435456,"wait":{"nanos":342147292,"secs":0}},"prefill_ms":352.026208,"prefill_profile":{},"prefill_tps":2908.8743301748714,"prompt_ids":[151644,8948,198,2610,525,264,10950,17847,13,151645,198,151644,872,198,785,3974,13876,38835,26005,916,279,15678,5562,13,576,3974,13876,38835,26005,916,279,15678,5562,13,576,3974,13876,38835,26005,916,279,15678,5562,13,576,3974,13876,38835,26005,916,279,15678,5562,13,576,3974,13876,38835,26005,916,279,15678,5562,13,576,3974,13876,38835,26005,916,279,15678,5562,13,576,3974,13876,38835,26005,916,279,15678,5562,13,576,3974,13876,38835,26005,916,279,15678,5562,13,576,3974,13876,38835,26005,916,279,15678,5562,13,576,3974,13876,38835,26005,916,279,15678,5562,13,576,3974,13876,38835,26005,916,279,15678,5562,13,576,3974,13876,38835,26005,916,279,15678,5562,13,576,3974,13876,38835,26005,916,279,15678,5562,13,576,3974,13876,38835,26005,916,279,15678,5562,13,576,3974,13876,38835,26005,916,279,15678,5562,13,576,3974,13876,38835,26005,916,279,15678,5562,13,576,3974,13876,38835,26005,916,279,15678,5562,13,576,3974,13876,38835,26005,916,279,15678,5562,13,576,3974,13876,38835,26005,916,279,15678,5562,13,576,3974,13876,38835,26005,916,279,15678,5562,13,576,3974,13876,38835,26005,916,279,15678,5562,13,576,3974,13876,38835,26005,916,279,15678,5562,13,576,3974,13876,38835,26005,916,279,15678,5562,13,576,3974,13876,38835,26005,916,279,15678,5562,13,576,3974,13876,38835,26005,916,279,15678,5562,13,576,3974,13876,38835,26005,916,279,15678,5562,13,576,3974,13876,38835,26005,916,279,15678,5562,13,576,3974,13876,38835,26005,916,279,15678,5562,13,576,3974,13876,38835,26005,916,279,15678,5562,13,576,3974,13876,38835,26005,916,279,15678,5562,13,576,3974,13876,38835,26005,916,279,15678,5562,13,576,3974,13876,38835,26005,916,279,15678,5562,13,576,3974,13876,38835,26005,916,279,15678,5562,13,576,3974,13876,38835,26005,916,279,15678,5562,13,576,3974,13876,38835,26005,916,279,15678,5562,13,576,3974,13876,38835,26005,916,279,15678,5562,13,576,3974,13876,38835,26005,916,279,15678,5562,13,576,3974,13876,38835,26005,916,279,15678,5562,13,576,3974,13876,38835,26005,916,279,15678,5562,13,576,3974,13876,38835,26005,916,279,15678,5562,13,576,3974,13876,38835,26005,916,279,15678,5562,13,576,3974,13876,38835,26005,916,279,15678,5562,13,576,3974,13876,38835,26005,916,279,15678,5562,13,576,3974,13876,38835,26005,916,279,15678,5562,13,576,3974,13876,38835,26005,916,279,15678,5562,13,576,3974,13876,38835,26005,916,279,15678,5562,13,576,3974,13876,38835,26005,916,279,15678,5562,13,576,3974,13876,38835,26005,916,279,15678,5562,13,576,3974,13876,38835,26005,916,279,15678,5562,13,576,3974,13876,38835,26005,916,279,15678,5562,13,576,3974,13876,38835,26005,916,279,15678,5562,13,576,3974,13876,38835,26005,916,279,15678,5562,13,576,3974,13876,38835,26005,916,279,15678,5562,13,576,3974,13876,38835,26005,916,279,15678,5562,13,576,3974,13876,38835,26005,916,279,15678,5562,13,576,3974,13876,38835,26005,916,279,15678,5562,13,576,3974,13876,38835,26005,916,279,15678,5562,13,576,3974,13876,38835,26005,916,279,15678,5562,13,576,3974,13876,38835,26005,916,279,15678,5562,13,576,3974,13876,38835,26005,916,279,15678,5562,13,576,3974,13876,38835,26005,916,279,15678,5562,13,576,3974,13876,38835,26005,916,279,15678,5562,13,576,3974,13876,38835,26005,916,279,15678,5562,13,576,3974,13876,38835,26005,916,279,15678,5562,13,576,3974,13876,38835,26005,916,279,15678,5562,13,576,3974,13876,38835,26005,916,279,15678,5562,13,576,3974,13876,38835,26005,916,279,15678,5562,13,576,3974,13876,38835,26005,916,279,15678,5562,13,576,3974,13876,38835,26005,916,279,15678,5562,13,576,3974,13876,38835,26005,916,279,15678,5562,13,576,3974,13876,38835,26005,916,279,15678,5562,13,576,3974,13876,38835,26005,916,279,15678,5562,13,576,3974,13876,38835,26005,916,279,15678,5562,13,576,3974,13876,38835,26005,916,279,15678,5562,13,576,3974,13876,38835,26005,916,279,15678,5562,13,576,3974,13876,38835,26005,916,279,15678,5562,13,576,3974,13876,38835,26005,916,279,15678,5562,13,576,3974,13876,38835,26005,916,279,15678,5562,13,576,3974,13876,38835,26005,916,279,15678,5562,13,576,3974,13876,38835,26005,916,279,15678,5562,13,576,3974,13876,38835,26005,916,279,15678,5562,13,576,3974,13876,38835,26005,916,279,15678,5562,13,576,3974,13876,38835,26005,916,279,15678,5562,13,576,3974,13876,38835,26005,916,279,15678,5562,13,576,3974,13876,38835,26005,916,279,15678,5562,13,576,3974,13876,38835,26005,916,279,15678,5562,13,576,3974,13876,38835,26005,916,279,15678,5562,13,576,3974,13876,38835,26005,916,279,15678,5562,13,576,3974,13876,38835,26005,916,279,15678,5562,13,576,3974,13876,38835,26005,916,279,15678,5562,13,576,3974,13876,38835,26005,916,279,15678,5562,13,576,3974,13876,38835,26005,916,279,15678,5562,13,576,3974,13876,38835,26005,916,279,15678,5562,13,576,3974,13876,38835,26005,916,279,15678,5562,13,576,3974,13876,38835,26005,916,279,15678,5562,13,576,3974,13876,38835,26005,916,279,15678,5562,13,576,3974,13876,38835,26005,916,279,15678,5562,13,576,3974,13876,38835,26005,916,279,15678,5562,13,576,3974,13876,38835,26005,916,279,15678,5562,13,576,3974,13876,38835,26005,916,279,15678,5562,13,576,3974,13876,38835,26005,151645,198,151644,77091,198],"prompt_tokens":1024,"q5_0_gemv_n4":false,"q8_0_mpp_tile_k64":false,"retained_weight_bytes":633364480,"runtime":"ferrum","sampling_ms":4.045209,"source_tensor_bytes":633495552,"tensor_count":310,"warmup":false,"process_rss_bytes":1275772928,"ferrum_variant":"control","source_matrix_case_model":"Qwen/Qwen3-0.6B-GGUF@Q8_0","engine_order":["llama.cpp","ferrum-candidate","ferrum-control"],"case_index":3,"engine_load_plus_first_warmup_ms":1321.5061250375584}
{"case":"1024","decode_aggregate_tps":81.1394498133714,"decode_counters":[{"allocated_bytes":240275460,"allocation_time":{"nanos":10993259,"secs":0},"allocations":591,"arena_capacity":236605440,"arena_high_water":268435456,"command_buffers":1,"completion_waits":1,"dispatches":647,"encode":{"nanos":300594,"secs":0},"gpu":{"nanos":12808333,"secs":0},"reused_bytes":524288,"transient_live_bytes":524288,"transient_peak_bytes":5918720,"wait":{"nanos":14262667,"secs":0}},{"allocated_bytes":4,"allocation_time":{"nanos":4292,"secs":0},"allocations":1,"arena_capacity":236605440,"arena_high_water":268435456,"command_buffers":1,"completion_waits":1,"dispatches":591,"encode":{"nanos":202324,"secs":0},"gpu":{"nanos":10658500,"secs":0},"reused_bytes":5918720,"transient_live_bytes":524288,"transient_peak_bytes":5918720,"wait":{"nanos":10918292,"secs":0}},{"allocated_bytes":4,"allocation_time":{"nanos":3000,"secs":0},"allocations":1,"arena_capacity":236605440,"arena_high_water":268435456,"command_buffers":1,"completion_waits":1,"dispatches":591,"encode":{"nanos":195713,"secs":0},"gpu":{"nanos":10793833,"secs":0},"reused_bytes":5918720,"transient_live_bytes":524288,"transient_peak_bytes":5918720,"wait":{"nanos":11005250,"secs":0}},{"allocated_bytes":4,"allocation_time":{"nanos":2833,"secs":0},"allocations":1,"arena_capacity":236605440,"arena_high_water":268435456,"command_buffers":1,"completion_waits":1,"dispatches":591,"encode":{"nanos":194292,"secs":0},"gpu":{"nanos":10869500,"secs":0},"reused_bytes":5918720,"transient_live_bytes":524288,"transient_peak_bytes":5918720,"wait":{"nanos":11087958,"secs":0}},{"allocated_bytes":4,"allocation_time":{"nanos":6416,"secs":0},"allocations":1,"arena_capacity":236605440,"arena_high_water":268435456,"command_buffers":1,"completion_waits":1,"dispatches":591,"encode":{"nanos":223458,"secs":0},"gpu":{"nanos":10307375,"secs":0},"reused_bytes":5918720,"transient_live_bytes":524288,"transient_peak_bytes":5918720,"wait":{"nanos":10521000,"secs":0}},{"allocated_bytes":4,"allocation_time":{"nanos":4167,"secs":0},"allocations":1,"arena_capacity":236605440,"arena_high_water":268435456,"command_buffers":1,"completion_waits":1,"dispatches":591,"encode":{"nanos":194856,"secs":0},"gpu":{"nanos":10682250,"secs":0},"reused_bytes":5918720,"transient_live_bytes":524288,"transient_peak_bytes":5918720,"wait":{"nanos":10959209,"secs":0}},{"allocated_bytes":4,"allocation_time":{"nanos":3416,"secs":0},"allocations":1,"arena_capacity":236605440,"arena_high_water":268435456,"command_buffers":1,"completion_waits":1,"dispatches":591,"encode":{"nanos":191468,"secs":0},"gpu":{"nanos":10868333,"secs":0},"reused_bytes":5918720,"transient_live_bytes":524288,"transient_peak_bytes":5918720,"wait":{"nanos":11137333,"secs":0}},{"allocated_bytes":4,"allocation_time":{"nanos":4000,"secs":0},"allocations":1,"arena_capacity":236605440,"arena_high_water":268435456,"command_buffers":1,"completion_waits":1,"dispatches":591,"encode":{"nanos":195664,"secs":0},"gpu":{"nanos":10567625,"secs":0},"reused_bytes":5918720,"transient_live_bytes":524288,"transient_peak_bytes":5918720,"wait":{"nanos":10790625,"secs":0}},{"allocated_bytes":4,"allocation_time":{"nanos":3125,"secs":0},"allocations":1,"arena_capacity":236605440,"arena_high_water":268435456,"command_buffers":1,"completion_waits":1,"dispatches":591,"encode":{"nanos":191329,"secs":0},"gpu":{"nanos":11221625,"secs":0},"reused_bytes":5918720,"transient_live_bytes":524288,"transient_peak_bytes":5918720,"wait":{"nanos":11483000,"secs":0}},{"allocated_bytes":4,"allocation_time":{"nanos":2958,"secs":0},"allocations":1,"arena_capacity":236605440,"arena_high_water":268435456,"command_buffers":1,"completion_waits":1,"dispatches":591,"encode":{"nanos":214333,"secs":0},"gpu":{"nanos":10437833,"secs":0},"reused_bytes":5918720,"transient_live_bytes":524288,"transient_peak_bytes":5918720,"wait":{"nanos":10652917,"secs":0}},{"allocated_bytes":4,"allocation_time":{"nanos":3083,"secs":0},"allocations":1,"arena_capacity":236605440,"arena_high_water":268435456,"command_buffers":1,"completion_waits":1,"dispatches":591,"encode":{"nanos":194121,"secs":0},"gpu":{"nanos":10610000,"secs":0},"reused_bytes":5918720,"transient_live_bytes":524288,"transient_peak_bytes":5918720,"wait":{"nanos":10899416,"secs":0}},{"allocated_bytes":4,"allocation_time":{"nanos":3084,"secs":0},"allocations":1,"arena_capacity":236605440,"arena_high_water":268435456,"command_buffers":1,"completion_waits":1,"dispatches":591,"encode":{"nanos":191718,"secs":0},"gpu":{"nanos":10364292,"secs":0},"reused_bytes":5918720,"transient_live_bytes":524288,"transient_peak_bytes":5918720,"wait":{"nanos":10620625,"secs":0}},{"allocated_bytes":4,"allocation_time":{"nanos":3459,"secs":0},"allocations":1,"arena_capacity":236605440,"arena_high_water":268435456,"command_buffers":1,"completion_waits":1,"dispatches":591,"encode":{"nanos":195750,"secs":0},"gpu":{"nanos":10636875,"secs":0},"reused_bytes":5918720,"transient_live_bytes":524288,"transient_peak_bytes":5918720,"wait":{"nanos":10904334,"secs":0}},{"allocated_bytes":4,"allocation_time":{"nanos":3042,"secs":0},"allocations":1,"arena_capacity":236605440,"arena_high_water":268435456,"command_buffers":1,"completion_waits":1,"dispatches":591,"encode":{"nanos":193824,"secs":0},"gpu":{"nanos":10778250,"secs":0},"reused_bytes":5918720,"transient_live_bytes":524288,"transient_peak_bytes":5918720,"wait":{"nanos":11039916,"secs":0}},{"allocated_bytes":4,"allocation_time":{"nanos":3125,"secs":0},"allocations":1,"arena_capacity":236605440,"arena_high_water":268435456,"command_buffers":1,"completion_waits":1,"dispatches":591,"encode":{"nanos":190967,"secs":0},"gpu":{"nanos":11163333,"secs":0},"reused_bytes":5918720,"transient_live_bytes":524288,"transient_peak_bytes":5918720,"wait":{"nanos":11401250,"secs":0}},{"allocated_bytes":4,"allocation_time":{"nanos":3041,"secs":0},"allocations":1,"arena_capacity":236605440,"arena_high_water":268435456,"command_buffers":1,"completion_waits":1,"dispatches":591,"encode":{"nanos":190671,"secs":0},"gpu":{"nanos":10611542,"secs":0},"reused_bytes":5918720,"transient_live_bytes":524288,"transient_peak_bytes":5918720,"wait":{"nanos":10860625,"secs":0}}],"decode_median_ms":11.431583999999999,"decode_ms":[25.927334,11.397917,11.443667,11.53575,11.042584,11.431583999999999,11.605125000000001,11.2275,11.946874999999999,11.136,11.369584,11.08775,11.372625000000001,11.508,11.831249999999999,11.327834],"decode_profiles":[{},{},{},{},{},{},{},{},{},{},{},{},{},{},{},{}],"decode_tps":87.47694107833176,"first_token_ms":342.682375,"generated_ids":[151667,198,32313,11,1077,594,1490,13,576,1196,3897,264,4013,315,11504,22870,911],"generated_tokens":17,"generation_ms":544.33275,"generation_tps":31.230896910024242,"kv_active_bytes":119275520,"kv_reserved_bytes":234881024,"model_format":"GGUF","model_repository":"Qwen/Qwen3-0.6B-GGUF","model_revision":"23749fefcc72300e3a2ad315e1317431b06b590a","moe_expert_tensorops":true,"moe_expert_tensorops_min_routes_per_expert":8,"packed_quantized_bytes":633233408,"pair":2,"pair_order":"ferrum-control>ferrum-candidate>llama.cpp","parameter_count":596049920,"prefill_counters":{"allocated_bytes":166203392,"allocation_time":{"nanos":7801040,"secs":0},"allocations":62,"arena_capacity":264765440,"arena_high_water":268435456,"command_buffers":14,"completion_waits":14,"dispatches":591,"encode":{"nanos":530891,"secs":0},"gpu":{"nanos":329059542,"secs":0},"reused_bytes":3596615680,"transient_live_bytes":0,"transient_peak_bytes":268435456,"wait":{"nanos":332842209,"secs":0}},"prefill_ms":342.351291,"prefill_profile":{},"prefill_tps":2991.079709408778,"prompt_ids":[151644,8948,198,2610,525,264,10950,17847,13,151645,198,151644,872,198,785,3974,13876,38835,26005,916,279,15678,5562,13,576,3974,13876,38835,26005,916,279,15678,5562,13,576,3974,13876,38835,26005,916,279,15678,5562,13,576,3974,13876,38835,26005,916,279,15678,5562,13,576,3974,13876,38835,26005,916,279,15678,5562,13,576,3974,13876,38835,26005,916,279,15678,5562,13,576,3974,13876,38835,26005,916,279,15678,5562,13,576,3974,13876,38835,26005,916,279,15678,5562,13,576,3974,13876,38835,26005,916,279,15678,5562,13,576,3974,13876,38835,26005,916,279,15678,5562,13,576,3974,13876,38835,26005,916,279,15678,5562,13,576,3974,13876,38835,26005,916,279,15678,5562,13,576,3974,13876,38835,26005,916,279,15678,5562,13,576,3974,13876,38835,26005,916,279,15678,5562,13,576,3974,13876,38835,26005,916,279,15678,5562,13,576,3974,13876,38835,26005,916,279,15678,5562,13,576,3974,13876,38835,26005,916,279,15678,5562,13,576,3974,13876,38835,26005,916,279,15678,5562,13,576,3974,13876,38835,26005,916,279,15678,5562,13,576,3974,13876,38835,26005,916,279,15678,5562,13,576,3974,13876,38835,26005,916,279,15678,5562,13,576,3974,13876,38835,26005,916,279,15678,5562,13,576,3974,13876,38835,26005,916,279,15678,5562,13,576,3974,13876,38835,26005,916,279,15678,5562,13,576,3974,13876,38835,26005,916,279,15678,5562,13,576,3974,13876,38835,26005,916,279,15678,5562,13,576,3974,13876,38835,26005,916,279,15678,5562,13,576,3974,13876,38835,26005,916,279,15678,5562,13,576,3974,13876,38835,26005,916,279,15678,5562,13,576,3974,13876,38835,26005,916,279,15678,5562,13,576,3974,13876,38835,26005,916,279,15678,5562,13,576,3974,13876,38835,26005,916,279,15678,5562,13,576,3974,13876,38835,26005,916,279,15678,5562,13,576,3974,13876,38835,26005,916,279,15678,5562,13,576,3974,13876,38835,26005,916,279,15678,5562,13,576,3974,13876,38835,26005,916,279,15678,5562,13,576,3974,13876,38835,26005,916,279,15678,5562,13,576,3974,13876,38835,26005,916,279,15678,5562,13,576,3974,13876,38835,26005,916,279,15678,5562,13,576,3974,13876,38835,26005,916,279,15678,5562,13,576,3974,13876,38835,26005,916,279,15678,5562,13,576,3974,13876,38835,26005,916,279,15678,5562,13,576,3974,13876,38835,26005,916,279,15678,5562,13,576,3974,13876,38835,26005,916,279,15678,5562,13,576,3974,13876,38835,26005,916,279,15678,5562,13,576,3974,13876,38835,26005,916,279,15678,5562,13,576,3974,13876,38835,26005,916,279,15678,5562,13,576,3974,13876,38835,26005,916,279,15678,5562,13,576,3974,13876,38835,26005,916,279,15678,5562,13,576,3974,13876,38835,26005,916,279,15678,5562,13,576,3974,13876,38835,26005,916,279,15678,5562,13,576,3974,13876,38835,26005,916,279,15678,5562,13,576,3974,13876,38835,26005,916,279,15678,5562,13,576,3974,13876,38835,26005,916,279,15678,5562,13,576,3974,13876,38835,26005,916,279,15678,5562,13,576,3974,13876,38835,26005,916,279,15678,5562,13,576,3974,13876,38835,26005,916,279,15678,5562,13,576,3974,13876,38835,26005,916,279,15678,5562,13,576,3974,13876,38835,26005,916,279,15678,5562,13,576,3974,13876,38835,26005,916,279,15678,5562,13,576,3974,13876,38835,26005,916,279,15678,5562,13,576,3974,13876,38835,26005,916,279,15678,5562,13,576,3974,13876,38835,26005,916,279,15678,5562,13,576,3974,13876,38835,26005,916,279,15678,5562,13,576,3974,13876,38835,26005,916,279,15678,5562,13,576,3974,13876,38835,26005,916,279,15678,5562,13,576,3974,13876,38835,26005,916,279,15678,5562,13,576,3974,13876,38835,26005,916,279,15678,5562,13,576,3974,13876,38835,26005,916,279,15678,5562,13,576,3974,13876,38835,26005,916,279,15678,5562,13,576,3974,13876,38835,26005,916,279,15678,5562,13,576,3974,13876,38835,26005,916,279,15678,5562,13,576,3974,13876,38835,26005,916,279,15678,5562,13,576,3974,13876,38835,26005,916,279,15678,5562,13,576,3974,13876,38835,26005,916,279,15678,5562,13,576,3974,13876,38835,26005,916,279,15678,5562,13,576,3974,13876,38835,26005,916,279,15678,5562,13,576,3974,13876,38835,26005,916,279,15678,5562,13,576,3974,13876,38835,26005,916,279,15678,5562,13,576,3974,13876,38835,26005,916,279,15678,5562,13,576,3974,13876,38835,26005,916,279,15678,5562,13,576,3974,13876,38835,26005,916,279,15678,5562,13,576,3974,13876,38835,26005,916,279,15678,5562,13,576,3974,13876,38835,26005,916,279,15678,5562,13,576,3974,13876,38835,26005,916,279,15678,5562,13,576,3974,13876,38835,26005,916,279,15678,5562,13,576,3974,13876,38835,26005,916,279,15678,5562,13,576,3974,13876,38835,26005,916,279,15678,5562,13,576,3974,13876,38835,26005,916,279,15678,5562,13,576,3974,13876,38835,26005,916,279,15678,5562,13,576,3974,13876,38835,26005,916,279,15678,5562,13,576,3974,13876,38835,26005,916,279,15678,5562,13,576,3974,13876,38835,26005,916,279,15678,5562,13,576,3974,13876,38835,26005,916,279,15678,5562,13,576,3974,13876,38835,26005,916,279,15678,5562,13,576,3974,13876,38835,26005,916,279,15678,5562,13,576,3974,13876,38835,26005,916,279,15678,5562,13,576,3974,13876,38835,26005,916,279,15678,5562,13,576,3974,13876,38835,26005,916,279,15678,5562,13,576,3974,13876,38835,26005,916,279,15678,5562,13,576,3974,13876,38835,26005,151645,198,151644,77091,198],"prompt_tokens":1024,"q5_0_gemv_n4":false,"q8_0_mpp_tile_k64":false,"retained_weight_bytes":633364480,"runtime":"ferrum","sampling_ms":4.155749999999999,"source_tensor_bytes":633495552,"tensor_count":310,"warmup":false,"process_rss_bytes":1267384320,"ferrum_variant":"control","source_matrix_case_model":"Qwen/Qwen3-0.6B-GGUF@Q8_0","engine_order":["ferrum-control","ferrum-candidate","llama.cpp"],"case_index":3,"engine_load_plus_first_warmup_ms":1321.5061250375584}
{"case":"1024","decode_aggregate_tps":80.33528332170731,"decode_counters":[{"allocated_bytes":240275460,"allocation_time":{"nanos":11297040,"secs":0},"allocations":591,"arena_capacity":236605440,"arena_high_water":268435456,"command_buffers":1,"completion_waits":1,"dispatches":647,"encode":{"nanos":316199,"secs":0},"gpu":{"nanos":13127333,"secs":0},"reused_bytes":524288,"transient_live_bytes":524288,"transient_peak_bytes":5918720,"wait":{"nanos":14734583,"secs":0}},{"allocated_bytes":4,"allocation_time":{"nanos":8083,"secs":0},"allocations":1,"arena_capacity":236605440,"arena_high_water":268435456,"command_buffers":1,"completion_waits":1,"dispatches":591,"encode":{"nanos":227015,"secs":0},"gpu":{"nanos":10698000,"secs":0},"reused_bytes":5918720,"transient_live_bytes":524288,"transient_peak_bytes":5918720,"wait":{"nanos":10912416,"secs":0}},{"allocated_bytes":4,"allocation_time":{"nanos":3500,"secs":0},"allocations":1,"arena_capacity":236605440,"arena_high_water":268435456,"command_buffers":1,"completion_waits":1,"dispatches":591,"encode":{"nanos":197868,"secs":0},"gpu":{"nanos":10578167,"secs":0},"reused_bytes":5918720,"transient_live_bytes":524288,"transient_peak_bytes":5918720,"wait":{"nanos":10792500,"secs":0}},{"allocated_bytes":4,"allocation_time":{"nanos":11042,"secs":0},"allocations":1,"arena_capacity":236605440,"arena_high_water":268435456,"command_buffers":1,"completion_waits":1,"dispatches":591,"encode":{"nanos":260133,"secs":0},"gpu":{"nanos":10949083,"secs":0},"reused_bytes":5918720,"transient_live_bytes":524288,"transient_peak_bytes":5918720,"wait":{"nanos":11212500,"secs":0}},{"allocated_bytes":4,"allocation_time":{"nanos":9750,"secs":0},"allocations":1,"arena_capacity":236605440,"arena_high_water":268435456,"command_buffers":1,"completion_waits":1,"dispatches":591,"encode":{"nanos":220913,"secs":0},"gpu":{"nanos":10423375,"secs":0},"reused_bytes":5918720,"transient_live_bytes":524288,"transient_peak_bytes":5918720,"wait":{"nanos":10698209,"secs":0}},{"allocated_bytes":4,"allocation_time":{"nanos":9833,"secs":0},"allocations":1,"arena_capacity":236605440,"arena_high_water":268435456,"command_buffers":1,"completion_waits":1,"dispatches":591,"encode":{"nanos":227877,"secs":0},"gpu":{"nanos":10908833,"secs":0},"reused_bytes":5918720,"transient_live_bytes":524288,"transient_peak_bytes":5918720,"wait":{"nanos":11201584,"secs":0}},{"allocated_bytes":4,"allocation_time":{"nanos":8542,"secs":0},"allocations":1,"arena_capacity":236605440,"arena_high_water":268435456,"command_buffers":1,"completion_waits":1,"dispatches":591,"encode":{"nanos":212085,"secs":0},"gpu":{"nanos":11704042,"secs":0},"reused_bytes":5918720,"transient_live_bytes":524288,"transient_peak_bytes":5918720,"wait":{"nanos":11960708,"secs":0}},{"allocated_bytes":4,"allocation_time":{"nanos":4209,"secs":0},"allocations":1,"arena_capacity":236605440,"arena_high_water":268435456,"command_buffers":1,"completion_waits":1,"dispatches":591,"encode":{"nanos":206802,"secs":0},"gpu":{"nanos":10514875,"secs":0},"reused_bytes":5918720,"transient_live_bytes":524288,"transient_peak_bytes":5918720,"wait":{"nanos":10777333,"secs":0}},{"allocated_bytes":4,"allocation_time":{"nanos":4542,"secs":0},"allocations":1,"arena_capacity":236605440,"arena_high_water":268435456,"command_buffers":1,"completion_waits":1,"dispatches":591,"encode":{"nanos":240251,"secs":0},"gpu":{"nanos":10930792,"secs":0},"reused_bytes":5918720,"transient_live_bytes":524288,"transient_peak_bytes":5918720,"wait":{"nanos":11184625,"secs":0}},{"allocated_bytes":4,"allocation_time":{"nanos":5208,"secs":0},"allocations":1,"arena_capacity":236605440,"arena_high_water":268435456,"command_buffers":1,"completion_waits":1,"dispatches":591,"encode":{"nanos":201212,"secs":0},"gpu":{"nanos":10418250,"secs":0},"reused_bytes":5918720,"transient_live_bytes":524288,"transient_peak_bytes":5918720,"wait":{"nanos":10654000,"secs":0}},{"allocated_bytes":4,"allocation_time":{"nanos":3708,"secs":0},"allocations":1,"arena_capacity":236605440,"arena_high_water":268435456,"command_buffers":1,"completion_waits":1,"dispatches":591,"encode":{"nanos":208069,"secs":0},"gpu":{"nanos":10493208,"secs":0},"reused_bytes":5918720,"transient_live_bytes":524288,"transient_peak_bytes":5918720,"wait":{"nanos":10750125,"secs":0}},{"allocated_bytes":4,"allocation_time":{"nanos":3875,"secs":0},"allocations":1,"arena_capacity":236605440,"arena_high_water":268435456,"command_buffers":1,"completion_waits":1,"dispatches":591,"encode":{"nanos":194586,"secs":0},"gpu":{"nanos":10404250,"secs":0},"reused_bytes":5918720,"transient_live_bytes":524288,"transient_peak_bytes":5918720,"wait":{"nanos":10665541,"secs":0}},{"allocated_bytes":4,"allocation_time":{"nanos":4334,"secs":0},"allocations":1,"arena_capacity":236605440,"arena_high_water":268435456,"command_buffers":1,"completion_waits":1,"dispatches":591,"encode":{"nanos":197663,"secs":0},"gpu":{"nanos":10656250,"secs":0},"reused_bytes":5918720,"transient_live_bytes":524288,"transient_peak_bytes":5918720,"wait":{"nanos":10860459,"secs":0}},{"allocated_bytes":4,"allocation_time":{"nanos":9083,"secs":0},"allocations":1,"arena_capacity":236605440,"arena_high_water":268435456,"command_buffers":1,"completion_waits":1,"dispatches":591,"encode":{"nanos":228660,"secs":0},"gpu":{"nanos":10774333,"secs":0},"reused_bytes":5918720,"transient_live_bytes":524288,"transient_peak_bytes":5918720,"wait":{"nanos":11045334,"secs":0}},{"allocated_bytes":4,"allocation_time":{"nanos":7083,"secs":0},"allocations":1,"arena_capacity":236605440,"arena_high_water":268435456,"command_buffers":1,"completion_waits":1,"dispatches":591,"encode":{"nanos":208078,"secs":0},"gpu":{"nanos":10968125,"secs":0},"reused_bytes":5918720,"transient_live_bytes":524288,"transient_peak_bytes":5918720,"wait":{"nanos":11214000,"secs":0}},{"allocated_bytes":4,"allocation_time":{"nanos":4791,"secs":0},"allocations":1,"arena_capacity":236605440,"arena_high_water":268435456,"command_buffers":1,"completion_waits":1,"dispatches":591,"encode":{"nanos":198880,"secs":0},"gpu":{"nanos":10520667,"secs":0},"reused_bytes":5918720,"transient_live_bytes":524288,"transient_peak_bytes":5918720,"wait":{"nanos":10791375,"secs":0}}],"decode_median_ms":11.447624999999999,"decode_ms":[26.972083,11.447624999999999,11.259708,11.779791,11.201958999999999,11.741208,12.443083000000001,11.27225,11.706958,11.123917,11.248875,11.142000000000001,11.311,11.553917,11.686958,11.273958],"decode_profiles":[{},{},{},{},{},{},{},{},{},{},{},{},{},{},{},{}],"decode_tps":87.35436389644141,"first_token_ms":315.953625,"generated_ids":[151667,198,32313,11,1077,594,1490,13,576,1196,3897,264,4013,315,11504,22870,911],"generated_tokens":17,"generation_ms":519.5767089999999,"generation_tps":32.71894160290392,"kv_active_bytes":119275520,"kv_reserved_bytes":234881024,"model_format":"GGUF","model_repository":"Qwen/Qwen3-0.6B-GGUF","model_revision":"23749fefcc72300e3a2ad315e1317431b06b590a","moe_expert_tensorops":true,"moe_expert_tensorops_min_routes_per_expert":8,"packed_quantized_bytes":633233408,"pair":2,"pair_order":"ferrum-control>ferrum-candidate>llama.cpp","parameter_count":596049920,"prefill_counters":{"allocated_bytes":166203392,"allocation_time":{"nanos":7814748,"secs":0},"allocations":62,"arena_capacity":264765440,"arena_high_water":268435456,"command_buffers":14,"completion_waits":14,"dispatches":591,"encode":{"nanos":459258,"secs":0},"gpu":{"nanos":302959125,"secs":0},"reused_bytes":3596615680,"transient_live_bytes":0,"transient_peak_bytes":268435456,"wait":{"nanos":306441751,"secs":0}},"prefill_ms":315.642417,"prefill_profile":{},"prefill_tps":3244.177413582535,"prompt_ids":[151644,8948,198,2610,525,264,10950,17847,13,151645,198,151644,872,198,785,3974,13876,38835,26005,916,279,15678,5562,13,576,3974,13876,38835,26005,916,279,15678,5562,13,576,3974,13876,38835,26005,916,279,15678,5562,13,576,3974,13876,38835,26005,916,279,15678,5562,13,576,3974,13876,38835,26005,916,279,15678,5562,13,576,3974,13876,38835,26005,916,279,15678,5562,13,576,3974,13876,38835,26005,916,279,15678,5562,13,576,3974,13876,38835,26005,916,279,15678,5562,13,576,3974,13876,38835,26005,916,279,15678,5562,13,576,3974,13876,38835,26005,916,279,15678,5562,13,576,3974,13876,38835,26005,916,279,15678,5562,13,576,3974,13876,38835,26005,916,279,15678,5562,13,576,3974,13876,38835,26005,916,279,15678,5562,13,576,3974,13876,38835,26005,916,279,15678,5562,13,576,3974,13876,38835,26005,916,279,15678,5562,13,576,3974,13876,38835,26005,916,279,15678,5562,13,576,3974,13876,38835,26005,916,279,15678,5562,13,576,3974,13876,38835,26005,916,279,15678,5562,13,576,3974,13876,38835,26005,916,279,15678,5562,13,576,3974,13876,38835,26005,916,279,15678,5562,13,576,3974,13876,38835,26005,916,279,15678,5562,13,576,3974,13876,38835,26005,916,279,15678,5562,13,576,3974,13876,38835,26005,916,279,15678,5562,13,576,3974,13876,38835,26005,916,279,15678,5562,13,576,3974,13876,38835,26005,916,279,15678,5562,13,576,3974,13876,38835,26005,916,279,15678,5562,13,576,3974,13876,38835,26005,916,279,15678,5562,13,576,3974,13876,38835,26005,916,279,15678,5562,13,576,3974,13876,38835,26005,916,279,15678,5562,13,576,3974,13876,38835,26005,916,279,15678,5562,13,576,3974,13876,38835,26005,916,279,15678,5562,13,576,3974,13876,38835,26005,916,279,15678,5562,13,576,3974,13876,38835,26005,916,279,15678,5562,13,576,3974,13876,38835,26005,916,279,15678,5562,13,576,3974,13876,38835,26005,916,279,15678,5562,13,576,3974,13876,38835,26005,916,279,15678,5562,13,576,3974,13876,38835,26005,916,279,15678,5562,13,576,3974,13876,38835,26005,916,279,15678,5562,13,576,3974,13876,38835,26005,916,279,15678,5562,13,576,3974,13876,38835,26005,916,279,15678,5562,13,576,3974,13876,38835,26005,916,279,15678,5562,13,576,3974,13876,38835,26005,916,279,15678,5562,13,576,3974,13876,38835,26005,916,279,15678,5562,13,576,3974,13876,38835,26005,916,279,15678,5562,13,576,3974,13876,38835,26005,916,279,15678,5562,13,576,3974,13876,38835,26005,916,279,15678,5562,13,576,3974,13876,38835,26005,916,279,15678,5562,13,576,3974,13876,38835,26005,916,279,15678,5562,13,576,3974,13876,38835,26005,916,279,15678,5562,13,576,3974,13876,38835,26005,916,279,15678,5562,13,576,3974,13876,38835,26005,916,279,15678,5562,13,576,3974,13876,38835,26005,916,279,15678,5562,13,576,3974,13876,38835,26005,916,279,15678,5562,13,576,3974,13876,38835,26005,916,279,15678,5562,13,576,3974,13876,38835,26005,916,279,15678,5562,13,576,3974,13876,38835,26005,916,279,15678,5562,13,576,3974,13876,38835,26005,916,279,15678,5562,13,576,3974,13876,38835,26005,916,279,15678,5562,13,576,3974,13876,38835,26005,916,279,15678,5562,13,576,3974,13876,38835,26005,916,279,15678,5562,13,576,3974,13876,38835,26005,916,279,15678,5562,13,576,3974,13876,38835,26005,916,279,15678,5562,13,576,3974,13876,38835,26005,916,279,15678,5562,13,576,3974,13876,38835,26005,916,279,15678,5562,13,576,3974,13876,38835,26005,916,279,15678,5562,13,576,3974,13876,38835,26005,916,279,15678,5562,13,576,3974,13876,38835,26005,916,279,15678,5562,13,576,3974,13876,38835,26005,916,279,15678,5562,13,576,3974,13876,38835,26005,916,279,15678,5562,13,576,3974,13876,38835,26005,916,279,15678,5562,13,576,3974,13876,38835,26005,916,279,15678,5562,13,576,3974,13876,38835,26005,916,279,15678,5562,13,576,3974,13876,38835,26005,916,279,15678,5562,13,576,3974,13876,38835,26005,916,279,15678,5562,13,576,3974,13876,38835,26005,916,279,15678,5562,13,576,3974,13876,38835,26005,916,279,15678,5562,13,576,3974,13876,38835,26005,916,279,15678,5562,13,576,3974,13876,38835,26005,916,279,15678,5562,13,576,3974,13876,38835,26005,916,279,15678,5562,13,576,3974,13876,38835,26005,916,279,15678,5562,13,576,3974,13876,38835,26005,916,279,15678,5562,13,576,3974,13876,38835,26005,916,279,15678,5562,13,576,3974,13876,38835,26005,916,279,15678,5562,13,576,3974,13876,38835,26005,916,279,15678,5562,13,576,3974,13876,38835,26005,916,279,15678,5562,13,576,3974,13876,38835,26005,916,279,15678,5562,13,576,3974,13876,38835,26005,916,279,15678,5562,13,576,3974,13876,38835,26005,916,279,15678,5562,13,576,3974,13876,38835,26005,916,279,15678,5562,13,576,3974,13876,38835,26005,916,279,15678,5562,13,576,3974,13876,38835,26005,916,279,15678,5562,13,576,3974,13876,38835,26005,916,279,15678,5562,13,576,3974,13876,38835,26005,916,279,15678,5562,13,576,3974,13876,38835,26005,916,279,15678,5562,13,576,3974,13876,38835,26005,916,279,15678,5562,13,576,3974,13876,38835,26005,916,279,15678,5562,13,576,3974,13876,38835,26005,916,279,15678,5562,13,576,3974,13876,38835,26005,916,279,15678,5562,13,576,3974,13876,38835,26005,916,279,15678,5562,13,576,3974,13876,38835,26005,916,279,15678,5562,13,576,3974,13876,38835,26005,151645,198,151644,77091,198],"prompt_tokens":1024,"q5_0_gemv_n4":false,"q8_0_mpp_tile_k64":true,"retained_weight_bytes":633364480,"runtime":"ferrum","sampling_ms":4.138415,"source_tensor_bytes":633495552,"tensor_count":310,"warmup":false,"process_rss_bytes":1317715968,"ferrum_variant":"candidate","source_matrix_case_model":"Qwen/Qwen3-0.6B-GGUF@Q8_0","engine_order":["ferrum-control","ferrum-candidate","llama.cpp"],"case_index":3,"engine_load_plus_first_warmup_ms":1321.5061250375584}
{"case":"1024","command_buffer_count":null,"decode_aggregate_tps":142.4917977045729,"decode_median_ms":7.070875,"decode_ms":[7.505958,7.203875,7.362958,7.070875,7.100417,6.878333,7.112125,7.021208,6.631708,7.094333,6.941875,6.955875,6.604167,6.956958,7.168417,6.678083],"decode_tps":141.42521257977265,"dispatch_count":null,"first_token_ms":163.322083,"generated_ids":[151667,198,32313,11,1077,594,1490,13,576,1196,3897,264,4013,315,11504,22870,911],"generated_tokens":17,"generation_ms":279.565166,"generation_tps":60.8087203539514,"kv_context_capacity_tokens":4096,"kv_type":"bf16","llama_version":"0.5.0-dev","model_format":"GGUF","pair":2,"pair_order":"ferrum-control>ferrum-candidate>llama.cpp","prefill_ms":163.060833,"prefill_tps":6279.864889442825,"process_max_rss_bytes":1243545600,"prompt_ids":[151644,8948,198,2610,525,264,10950,17847,13,151645,198,151644,872,198,785,3974,13876,38835,26005,916,279,15678,5562,13,576,3974,13876,38835,26005,916,279,15678,5562,13,576,3974,13876,38835,26005,916,279,15678,5562,13,576,3974,13876,38835,26005,916,279,15678,5562,13,576,3974,13876,38835,26005,916,279,15678,5562,13,576,3974,13876,38835,26005,916,279,15678,5562,13,576,3974,13876,38835,26005,916,279,15678,5562,13,576,3974,13876,38835,26005,916,279,15678,5562,13,576,3974,13876,38835,26005,916,279,15678,5562,13,576,3974,13876,38835,26005,916,279,15678,5562,13,576,3974,13876,38835,26005,916,279,15678,5562,13,576,3974,13876,38835,26005,916,279,15678,5562,13,576,3974,13876,38835,26005,916,279,15678,5562,13,576,3974,13876,38835,26005,916,279,15678,5562,13,576,3974,13876,38835,26005,916,279,15678,5562,13,576,3974,13876,38835,26005,916,279,15678,5562,13,576,3974,13876,38835,26005,916,279,15678,5562,13,576,3974,13876,38835,26005,916,279,15678,5562,13,576,3974,13876,38835,26005,916,279,15678,5562,13,576,3974,13876,38835,26005,916,279,15678,5562,13,576,3974,13876,38835,26005,916,279,15678,5562,13,576,3974,13876,38835,26005,916,279,15678,5562,13,576,3974,13876,38835,26005,916,279,15678,5562,13,576,3974,13876,38835,26005,916,279,15678,5562,13,576,3974,13876,38835,26005,916,279,15678,5562,13,576,3974,13876,38835,26005,916,279,15678,5562,13,576,3974,13876,38835,26005,916,279,15678,5562,13,576,3974,13876,38835,26005,916,279,15678,5562,13,576,3974,13876,38835,26005,916,279,15678,5562,13,576,3974,13876,38835,26005,916,279,15678,5562,13,576,3974,13876,38835,26005,916,279,15678,5562,13,576,3974,13876,38835,26005,916,279,15678,5562,13,576,3974,13876,38835,26005,916,279,15678,5562,13,576,3974,13876,38835,26005,916,279,15678,5562,13,576,3974,13876,38835,26005,916,279,15678,5562,13,576,3974,13876,38835,26005,916,279,15678,5562,13,576,3974,13876,38835,26005,916,279,15678,5562,13,576,3974,13876,38835,26005,916,279,15678,5562,13,576,3974,13876,38835,26005,916,279,15678,5562,13,576,3974,13876,38835,26005,916,279,15678,5562,13,576,3974,13876,38835,26005,916,279,15678,5562,13,576,3974,13876,38835,26005,916,279,15678,5562,13,576,3974,13876,38835,26005,916,279,15678,5562,13,576,3974,13876,38835,26005,916,279,15678,5562,13,576,3974,13876,38835,26005,916,279,15678,5562,13,576,3974,13876,38835,26005,916,279,15678,5562,13,576,3974,13876,38835,26005,916,279,15678,5562,13,576,3974,13876,38835,26005,916,279,15678,5562,13,576,3974,13876,38835,26005,916,279,15678,5562,13,576,3974,13876,38835,26005,916,279,15678,5562,13,576,3974,13876,38835,26005,916,279,15678,5562,13,576,3974,13876,38835,26005,916,279,15678,5562,13,576,3974,13876,38835,26005,916,279,15678,5562,13,576,3974,13876,38835,26005,916,279,15678,5562,13,576,3974,13876,38835,26005,916,279,15678,5562,13,576,3974,13876,38835,26005,916,279,15678,5562,13,576,3974,13876,38835,26005,916,279,15678,5562,13,576,3974,13876,38835,26005,916,279,15678,5562,13,576,3974,13876,38835,26005,916,279,15678,5562,13,576,3974,13876,38835,26005,916,279,15678,5562,13,576,3974,13876,38835,26005,916,279,15678,5562,13,576,3974,13876,38835,26005,916,279,15678,5562,13,576,3974,13876,38835,26005,916,279,15678,5562,13,576,3974,13876,38835,26005,916,279,15678,5562,13,576,3974,13876,38835,26005,916,279,15678,5562,13,576,3974,13876,38835,26005,916,279,15678,5562,13,576,3974,13876,38835,26005,916,279,15678,5562,13,576,3974,13876,38835,26005,916,279,15678,5562,13,576,3974,13876,38835,26005,916,279,15678,5562,13,576,3974,13876,38835,26005,916,279,15678,5562,13,576,3974,13876,38835,26005,916,279,15678,5562,13,576,3974,13876,38835,26005,916,279,15678,5562,13,576,3974,13876,38835,26005,916,279,15678,5562,13,576,3974,13876,38835,26005,916,279,15678,5562,13,576,3974,13876,38835,26005,916,279,15678,5562,13,576,3974,13876,38835,26005,916,279,15678,5562,13,576,3974,13876,38835,26005,916,279,15678,5562,13,576,3974,13876,38835,26005,916,279,15678,5562,13,576,3974,13876,38835,26005,916,279,15678,5562,13,576,3974,13876,38835,26005,916,279,15678,5562,13,576,3974,13876,38835,26005,916,279,15678,5562,13,576,3974,13876,38835,26005,916,279,15678,5562,13,576,3974,13876,38835,26005,916,279,15678,5562,13,576,3974,13876,38835,26005,916,279,15678,5562,13,576,3974,13876,38835,26005,916,279,15678,5562,13,576,3974,13876,38835,26005,916,279,15678,5562,13,576,3974,13876,38835,26005,916,279,15678,5562,13,576,3974,13876,38835,26005,916,279,15678,5562,13,576,3974,13876,38835,26005,916,279,15678,5562,13,576,3974,13876,38835,26005,916,279,15678,5562,13,576,3974,13876,38835,26005,916,279,15678,5562,13,576,3974,13876,38835,26005,916,279,15678,5562,13,576,3974,13876,38835,26005,916,279,15678,5562,13,576,3974,13876,38835,26005,916,279,15678,5562,13,576,3974,13876,38835,26005,916,279,15678,5562,13,576,3974,13876,38835,26005,916,279,15678,5562,13,576,3974,13876,38835,26005,916,279,15678,5562,13,576,3974,13876,38835,26005,916,279,15678,5562,13,576,3974,13876,38835,26005,916,279,15678,5562,13,576,3974,13876,38835,26005,916,279,15678,5562,13,576,3974,13876,38835,26005,151645,198,151644,77091,198],"prompt_tokens":1024,"runtime":"llama.cpp","sampling_ms":4.214999,"warmup":false,"process_rss_bytes":1243348992,"source_matrix_case_model":"Qwen/Qwen3-0.6B-GGUF@Q8_0","engine_order":["ferrum-control","ferrum-candidate","llama.cpp"],"case_index":3,"engine_load_plus_first_warmup_ms":1459.0402909670956}
{"case":"sustained-128-decode","decode_aggregate_tps":103.5916949916575,"decode_counters":[{"allocated_bytes":57348,"allocation_time":{"nanos":79046,"secs":0},"allocations":57,"arena_capacity":244527104,"arena_high_water":268435456,"command_buffers":1,"completion_waits":1,"dispatches":591,"encode":{"nanos":235256,"secs":0},"gpu":{"nanos":8622708,"secs":0},"reused_bytes":2248704,"transient_live_bytes":524288,"transient_peak_bytes":2306048,"wait":{"nanos":8819167,"secs":0}},{"allocated_bytes":4,"allocation_time":{"nanos":3334,"secs":0},"allocations":1,"arena_capacity":244527104,"arena_high_water":268435456,"command_buffers":1,"completion_waits":1,"dispatches":591,"encode":{"nanos":207188,"secs":0},"gpu":{"nanos":8774250,"secs":0},"reused_bytes":2306048,"transient_live_bytes":524288,"transient_peak_bytes":2306048,"wait":{"nanos":9042167,"secs":0}},{"allocated_bytes":4,"allocation_time":{"nanos":8416,"secs":0},"allocations":1,"arena_capacity":244527104,"arena_high_water":268435456,"command_buffers":1,"completion_waits":1,"dispatches":591,"encode":{"nanos":230202,"secs":0},"gpu":{"nanos":8843375,"secs":0},"reused_bytes":2306048,"transient_live_bytes":524288,"transient_peak_bytes":2306048,"wait":{"nanos":9085333,"secs":0}},{"allocated_bytes":4,"allocation_time":{"nanos":5250,"secs":0},"allocations":1,"arena_capacity":244527104,"arena_high_water":268435456,"command_buffers":1,"completion_waits":1,"dispatches":591,"encode":{"nanos":218325,"secs":0},"gpu":{"nanos":8573792,"secs":0},"reused_bytes":2306048,"transient_live_bytes":524288,"transient_peak_bytes":2306048,"wait":{"nanos":8814041,"secs":0}},{"allocated_bytes":4,"allocation_time":{"nanos":7667,"secs":0},"allocations":1,"arena_capacity":244527104,"arena_high_water":268435456,"command_buffers":1,"completion_waits":1,"dispatches":591,"encode":{"nanos":241185,"secs":0},"gpu":{"nanos":9127875,"secs":0},"reused_bytes":2306048,"transient_live_bytes":524288,"transient_peak_bytes":2306048,"wait":{"nanos":9408875,"secs":0}},{"allocated_bytes":4,"allocation_time":{"nanos":5125,"secs":0},"allocations":1,"arena_capacity":244527104,"arena_high_water":268435456,"command_buffers":1,"completion_waits":1,"dispatches":591,"encode":{"nanos":230501,"secs":0},"gpu":{"nanos":8466000,"secs":0},"reused_bytes":2306048,"transient_live_bytes":524288,"transient_peak_bytes":2306048,"wait":{"nanos":8704542,"secs":0}},{"allocated_bytes":4,"allocation_time":{"nanos":15500,"secs":0},"allocations":1,"arena_capacity":244527104,"arena_high_water":268435456,"command_buffers":1,"completion_waits":1,"dispatches":591,"encode":{"nanos":261371,"secs":0},"gpu":{"nanos":8957792,"secs":0},"reused_bytes":2306048,"transient_live_bytes":524288,"transient_peak_bytes":2306048,"wait":{"nanos":9217708,"secs":0}},{"allocated_bytes":4,"allocation_time":{"nanos":8334,"secs":0},"allocations":1,"arena_capacity":244527104,"arena_high_water":268435456,"command_buffers":1,"completion_waits":1,"dispatches":591,"encode":{"nanos":234902,"secs":0},"gpu":{"nanos":9192000,"secs":0},"reused_bytes":2306048,"transient_live_bytes":524288,"transient_peak_bytes":2306048,"wait":{"nanos":9422833,"secs":0}},{"allocated_bytes":4,"allocation_time":{"nanos":4166,"secs":0},"allocations":1,"arena_capacity":244527104,"arena_high_water":268435456,"command_buffers":1,"completion_waits":1,"dispatches":591,"encode":{"nanos":199665,"secs":0},"gpu":{"nanos":8577708,"secs":0},"reused_bytes":2306048,"transient_live_bytes":524288,"transient_peak_bytes":2306048,"wait":{"nanos":8810334,"secs":0}},{"allocated_bytes":4,"allocation_time":{"nanos":6959,"secs":0},"allocations":1,"arena_capacity":244527104,"arena_high_water":268435456,"command_buffers":1,"completion_waits":1,"dispatches":591,"encode":{"nanos":225658,"secs":0},"gpu":{"nanos":8598042,"secs":0},"reused_bytes":2306048,"transient_live_bytes":524288,"transient_peak_bytes":2306048,"wait":{"nanos":8808208,"secs":0}},{"allocated_bytes":4,"allocation_time":{"nanos":9333,"secs":0},"allocations":1,"arena_capacity":244527104,"arena_high_water":268435456,"command_buffers":1,"completion_waits":1,"dispatches":591,"encode":{"nanos":212626,"secs":0},"gpu":{"nanos":8564167,"secs":0},"reused_bytes":2306048,"transient_live_bytes":524288,"transient_peak_bytes":2306048,"wait":{"nanos":8787500,"secs":0}},{"allocated_bytes":114692,"allocation_time":{"nanos":117339,"secs":0},"allocations":57,"arena_capacity":244641792,"arena_high_water":268435456,"command_buffers":1,"completion_waits":1,"dispatches":591,"encode":{"nanos":211639,"secs":0},"gpu":{"nanos":8587625,"secs":0},"reused_bytes":2248704,"transient_live_bytes":524288,"transient_peak_bytes":2363392,"wait":{"nanos":8845291,"secs":0}},{"allocated_bytes":4,"allocation_time":{"nanos":4875,"secs":0},"allocations":1,"arena_capacity":244641792,"arena_high_water":268435456,"command_buffers":1,"completion_waits":1,"dispatches":591,"encode":{"nanos":201836,"secs":0},"gpu":{"nanos":8802375,"secs":0},"reused_bytes":2363392,"transient_live_bytes":524288,"transient_peak_bytes":2363392,"wait":{"nanos":9057042,"secs":0}},{"allocated_bytes":4,"allocation_time":{"nanos":3666,"secs":0},"allocations":1,"arena_capacity":244641792,"arena_high_water":268435456,"command_buffers":1,"completion_waits":1,"dispatches":591,"encode":{"nanos":197339,"secs":0},"gpu":{"nanos":8889000,"secs":0},"reused_bytes":2363392,"transient_live_bytes":524288,"transient_peak_bytes":2363392,"wait":{"nanos":9115792,"secs":0}},{"allocated_bytes":4,"allocation_time":{"nanos":4834,"secs":0},"allocations":1,"arena_capacity":244641792,"arena_high_water":268435456,"command_buffers":1,"completion_waits":1,"dispatches":591,"encode":{"nanos":197756,"secs":0},"gpu":{"nanos":8768125,"secs":0},"reused_bytes":2363392,"transient_live_bytes":524288,"transient_peak_bytes":2363392,"wait":{"nanos":9018208,"secs":0}},{"allocated_bytes":4,"allocation_time":{"nanos":3166,"secs":0},"allocations":1,"arena_capacity":244641792,"arena_high_water":268435456,"command_buffers":1,"completion_waits":1,"dispatches":591,"encode":{"nanos":200473,"secs":0},"gpu":{"nanos":8890875,"secs":0},"reused_bytes":2363392,"transient_live_bytes":524288,"transient_peak_bytes":2363392,"wait":{"nanos":9161500,"secs":0}},{"allocated_bytes":4,"allocation_time":{"nanos":6666,"secs":0},"allocations":1,"arena_capacity":244641792,"arena_high_water":268435456,"command_buffers":1,"completion_waits":1,"dispatches":591,"encode":{"nanos":204254,"secs":0},"gpu":{"nanos":8260792,"secs":0},"reused_bytes":2363392,"transient_live_bytes":524288,"transient_peak_bytes":2363392,"wait":{"nanos":8545583,"secs":0}},{"allocated_bytes":4,"allocation_time":{"nanos":6834,"secs":0},"allocations":1,"arena_capacity":244641792,"arena_high_water":268435456,"command_buffers":1,"completion_waits":1,"dispatches":591,"encode":{"nanos":207030,"secs":0},"gpu":{"nanos":8189458,"secs":0},"reused_bytes":2363392,"transient_live_bytes":524288,"transient_peak_bytes":2363392,"wait":{"nanos":8439958,"secs":0}},{"allocated_bytes":4,"allocation_time":{"nanos":4458,"secs":0},"allocations":1,"arena_capacity":244641792,"arena_high_water":268435456,"command_buffers":1,"completion_waits":1,"dispatches":591,"encode":{"nanos":196785,"secs":0},"gpu":{"nanos":8517292,"secs":0},"reused_bytes":2363392,"transient_live_bytes":524288,"transient_peak_bytes":2363392,"wait":{"nanos":8774375,"secs":0}},{"allocated_bytes":4,"allocation_time":{"nanos":4125,"secs":0},"allocations":1,"arena_capacity":244641792,"arena_high_water":268435456,"command_buffers":1,"completion_waits":1,"dispatches":591,"encode":{"nanos":197732,"secs":0},"gpu":{"nanos":8736917,"secs":0},"reused_bytes":2363392,"transient_live_bytes":524288,"transient_peak_bytes":2363392,"wait":{"nanos":8968584,"secs":0}},{"allocated_bytes":4,"allocation_time":{"nanos":4500,"secs":0},"allocations":1,"arena_capacity":244641792,"arena_high_water":268435456,"command_buffers":1,"completion_waits":1,"dispatches":591,"encode":{"nanos":198665,"secs":0},"gpu":{"nanos":8703750,"secs":0},"reused_bytes":2363392,"transient_live_bytes":524288,"transient_peak_bytes":2363392,"wait":{"nanos":8964292,"secs":0}},{"allocated_bytes":4,"allocation_time":{"nanos":3708,"secs":0},"allocations":1,"arena_capacity":244641792,"arena_high_water":268435456,"command_buffers":1,"completion_waits":1,"dispatches":591,"encode":{"nanos":216164,"secs":0},"gpu":{"nanos":8638875,"secs":0},"reused_bytes":2363392,"transient_live_bytes":524288,"transient_peak_bytes":2363392,"wait":{"nanos":8934375,"secs":0}},{"allocated_bytes":4,"allocation_time":{"nanos":2958,"secs":0},"allocations":1,"arena_capacity":244641792,"arena_high_water":268435456,"command_buffers":1,"completion_waits":1,"dispatches":591,"encode":{"nanos":192587,"secs":0},"gpu":{"nanos":8812375,"secs":0},"reused_bytes":2363392,"transient_live_bytes":524288,"transient_peak_bytes":2363392,"wait":{"nanos":9055792,"secs":0}},{"allocated_bytes":4,"allocation_time":{"nanos":2750,"secs":0},"allocations":1,"arena_capacity":244641792,"arena_high_water":268435456,"command_buffers":1,"completion_waits":1,"dispatches":591,"encode":{"nanos":191827,"secs":0},"gpu":{"nanos":8708125,"secs":0},"reused_bytes":2363392,"transient_live_bytes":524288,"transient_peak_bytes":2363392,"wait":{"nanos":8967000,"secs":0}},{"allocated_bytes":4,"allocation_time":{"nanos":3250,"secs":0},"allocations":1,"arena_capacity":244641792,"arena_high_water":268435456,"command_buffers":1,"completion_waits":1,"dispatches":591,"encode":{"nanos":195369,"secs":0},"gpu":{"nanos":8800500,"secs":0},"reused_bytes":2363392,"transient_live_bytes":524288,"transient_peak_bytes":2363392,"wait":{"nanos":9064542,"secs":0}},{"allocated_bytes":4,"allocation_time":{"nanos":3416,"secs":0},"allocations":1,"arena_capacity":244641792,"arena_high_water":268435456,"command_buffers":1,"completion_waits":1,"dispatches":591,"encode":{"nanos":190460,"secs":0},"gpu":{"nanos":8817083,"secs":0},"reused_bytes":2363392,"transient_live_bytes":524288,"transient_peak_bytes":2363392,"wait":{"nanos":9060458,"secs":0}},{"allocated_bytes":4,"allocation_time":{"nanos":5000,"secs":0},"allocations":1,"arena_capacity":244641792,"arena_high_water":268435456,"command_buffers":1,"completion_waits":1,"dispatches":591,"encode":{"nanos":202697,"secs":0},"gpu":{"nanos":8700250,"secs":0},"reused_bytes":2363392,"transient_live_bytes":524288,"transient_peak_bytes":2363392,"wait":{"nanos":8970417,"secs":0}},{"allocated_bytes":4,"allocation_time":{"nanos":3584,"secs":0},"allocations":1,"arena_capacity":244641792,"arena_high_water":268435456,"command_buffers":1,"completion_waits":1,"dispatches":591,"encode":{"nanos":198949,"secs":0},"gpu":{"nanos":9010000,"secs":0},"reused_bytes":2363392,"transient_live_bytes":524288,"transient_peak_bytes":2363392,"wait":{"nanos":9281791,"secs":0}},{"allocated_bytes":4,"allocation_time":{"nanos":2875,"secs":0},"allocations":1,"arena_capacity":244641792,"arena_high_water":268435456,"command_buffers":1,"completion_waits":1,"dispatches":591,"encode":{"nanos":196766,"secs":0},"gpu":{"nanos":8951375,"secs":0},"reused_bytes":2363392,"transient_live_bytes":524288,"transient_peak_bytes":2363392,"wait":{"nanos":9263542,"secs":0}},{"allocated_bytes":4,"allocation_time":{"nanos":2750,"secs":0},"allocations":1,"arena_capacity":244641792,"arena_high_water":268435456,"command_buffers":1,"completion_waits":1,"dispatches":591,"encode":{"nanos":192127,"secs":0},"gpu":{"nanos":8853708,"secs":0},"reused_bytes":2363392,"transient_live_bytes":524288,"transient_peak_bytes":2363392,"wait":{"nanos":9125000,"secs":0}},{"allocated_bytes":4,"allocation_time":{"nanos":3292,"secs":0},"allocations":1,"arena_capacity":244641792,"arena_high_water":268435456,"command_buffers":1,"completion_waits":1,"dispatches":591,"encode":{"nanos":192458,"secs":0},"gpu":{"nanos":8815875,"secs":0},"reused_bytes":2363392,"transient_live_bytes":524288,"transient_peak_bytes":2363392,"wait":{"nanos":9061792,"secs":0}},{"allocated_bytes":4,"allocation_time":{"nanos":2541,"secs":0},"allocations":1,"arena_capacity":244641792,"arena_high_water":268435456,"command_buffers":1,"completion_waits":1,"dispatches":591,"encode":{"nanos":189632,"secs":0},"gpu":{"nanos":8395417,"secs":0},"reused_bytes":2363392,"transient_live_bytes":524288,"transient_peak_bytes":2363392,"wait":{"nanos":8627750,"secs":0}},{"allocated_bytes":4,"allocation_time":{"nanos":2625,"secs":0},"allocations":1,"arena_capacity":244641792,"arena_high_water":268435456,"command_buffers":1,"completion_waits":1,"dispatches":591,"encode":{"nanos":190656,"secs":0},"gpu":{"nanos":9010333,"secs":0},"reused_bytes":2363392,"transient_live_bytes":524288,"transient_peak_bytes":2363392,"wait":{"nanos":9280584,"secs":0}},{"allocated_bytes":4,"allocation_time":{"nanos":3083,"secs":0},"allocations":1,"arena_capacity":244641792,"arena_high_water":268435456,"command_buffers":1,"completion_waits":1,"dispatches":591,"encode":{"nanos":193321,"secs":0},"gpu":{"nanos":8531792,"secs":0},"reused_bytes":2363392,"transient_live_bytes":524288,"transient_peak_bytes":2363392,"wait":{"nanos":8805125,"secs":0}},{"allocated_bytes":4,"allocation_time":{"nanos":3042,"secs":0},"allocations":1,"arena_capacity":244641792,"arena_high_water":268435456,"command_buffers":1,"completion_waits":1,"dispatches":591,"encode":{"nanos":190904,"secs":0},"gpu":{"nanos":8856458,"secs":0},"reused_bytes":2363392,"transient_live_bytes":524288,"transient_peak_bytes":2363392,"wait":{"nanos":9144458,"secs":0}},{"allocated_bytes":4,"allocation_time":{"nanos":2625,"secs":0},"allocations":1,"arena_capacity":244641792,"arena_high_water":268435456,"command_buffers":1,"completion_waits":1,"dispatches":591,"encode":{"nanos":190250,"secs":0},"gpu":{"nanos":8841167,"secs":0},"reused_bytes":2363392,"transient_live_bytes":524288,"transient_peak_bytes":2363392,"wait":{"nanos":9138750,"secs":0}},{"allocated_bytes":4,"allocation_time":{"nanos":2750,"secs":0},"allocations":1,"arena_capacity":244641792,"arena_high_water":268435456,"command_buffers":1,"completion_waits":1,"dispatches":591,"encode":{"nanos":192113,"secs":0},"gpu":{"nanos":9088125,"secs":0},"reused_bytes":2363392,"transient_live_bytes":524288,"transient_peak_bytes":2363392,"wait":{"nanos":9283875,"secs":0}},{"allocated_bytes":4,"allocation_time":{"nanos":2917,"secs":0},"allocations":1,"arena_capacity":244641792,"arena_high_water":268435456,"command_buffers":1,"completion_waits":1,"dispatches":591,"encode":{"nanos":198420,"secs":0},"gpu":{"nanos":8680833,"secs":0},"reused_bytes":2363392,"transient_live_bytes":524288,"transient_peak_bytes":2363392,"wait":{"nanos":8927375,"secs":0}},{"allocated_bytes":4,"allocation_time":{"nanos":3292,"secs":0},"allocations":1,"arena_capacity":244641792,"arena_high_water":268435456,"command_buffers":1,"completion_waits":1,"dispatches":591,"encode":{"nanos":189024,"secs":0},"gpu":{"nanos":8794000,"secs":0},"reused_bytes":2363392,"transient_live_bytes":524288,"transient_peak_bytes":2363392,"wait":{"nanos":9039042,"secs":0}},{"allocated_bytes":4,"allocation_time":{"nanos":2791,"secs":0},"allocations":1,"arena_capacity":244641792,"arena_high_water":268435456,"command_buffers":1,"completion_waits":1,"dispatches":591,"encode":{"nanos":188013,"secs":0},"gpu":{"nanos":9282542,"secs":0},"reused_bytes":2363392,"transient_live_bytes":524288,"transient_peak_bytes":2363392,"wait":{"nanos":9502208,"secs":0}},{"allocated_bytes":4,"allocation_time":{"nanos":2750,"secs":0},"allocations":1,"arena_capacity":244641792,"arena_high_water":268435456,"command_buffers":1,"completion_waits":1,"dispatches":591,"encode":{"nanos":189839,"secs":0},"gpu":{"nanos":8590458,"secs":0},"reused_bytes":2363392,"transient_live_bytes":524288,"transient_peak_bytes":2363392,"wait":{"nanos":8820542,"secs":0}},{"allocated_bytes":4,"allocation_time":{"nanos":3083,"secs":0},"allocations":1,"arena_capacity":244641792,"arena_high_water":268435456,"command_buffers":1,"completion_waits":1,"dispatches":591,"encode":{"nanos":205307,"secs":0},"gpu":{"nanos":9166500,"secs":0},"reused_bytes":2363392,"transient_live_bytes":524288,"transient_peak_bytes":2363392,"wait":{"nanos":9385833,"secs":0}},{"allocated_bytes":4,"allocation_time":{"nanos":2791,"secs":0},"allocations":1,"arena_capacity":244641792,"arena_high_water":268435456,"command_buffers":1,"completion_waits":1,"dispatches":591,"encode":{"nanos":190742,"secs":0},"gpu":{"nanos":9140875,"secs":0},"reused_bytes":2363392,"transient_live_bytes":524288,"transient_peak_bytes":2363392,"wait":{"nanos":9388459,"secs":0}},{"allocated_bytes":229380,"allocation_time":{"nanos":107829,"secs":0},"allocations":57,"arena_capacity":244871168,"arena_high_water":268435456,"command_buffers":1,"completion_waits":1,"dispatches":591,"encode":{"nanos":195617,"secs":0},"gpu":{"nanos":9421083,"secs":0},"reused_bytes":2248704,"transient_live_bytes":524288,"transient_peak_bytes":2478080,"wait":{"nanos":9729125,"secs":0}},{"allocated_bytes":4,"allocation_time":{"nanos":3709,"secs":0},"allocations":1,"arena_capacity":244871168,"arena_high_water":268435456,"command_buffers":1,"completion_waits":1,"dispatches":591,"encode":{"nanos":194221,"secs":0},"gpu":{"nanos":8889542,"secs":0},"reused_bytes":2478080,"transient_live_bytes":524288,"transient_peak_bytes":2478080,"wait":{"nanos":9172042,"secs":0}},{"allocated_bytes":4,"allocation_time":{"nanos":2083,"secs":0},"allocations":1,"arena_capacity":244871168,"arena_high_water":268435456,"command_buffers":1,"completion_waits":1,"dispatches":591,"encode":{"nanos":195602,"secs":0},"gpu":{"nanos":9232417,"secs":0},"reused_bytes":2478080,"transient_live_bytes":524288,"transient_peak_bytes":2478080,"wait":{"nanos":9459833,"secs":0}},{"allocated_bytes":4,"allocation_time":{"nanos":3000,"secs":0},"allocations":1,"arena_capacity":244871168,"arena_high_water":268435456,"command_buffers":1,"completion_waits":1,"dispatches":591,"encode":{"nanos":192710,"secs":0},"gpu":{"nanos":8762750,"secs":0},"reused_bytes":2478080,"transient_live_bytes":524288,"transient_peak_bytes":2478080,"wait":{"nanos":9006583,"secs":0}},{"allocated_bytes":4,"allocation_time":{"nanos":2459,"secs":0},"allocations":1,"arena_capacity":244871168,"arena_high_water":268435456,"command_buffers":1,"completion_waits":1,"dispatches":591,"encode":{"nanos":191010,"secs":0},"gpu":{"nanos":8755792,"secs":0},"reused_bytes":2478080,"transient_live_bytes":524288,"transient_peak_bytes":2478080,"wait":{"nanos":8990459,"secs":0}},{"allocated_bytes":4,"allocation_time":{"nanos":3000,"secs":0},"allocations":1,"arena_capacity":244871168,"arena_high_water":268435456,"command_buffers":1,"completion_waits":1,"dispatches":591,"encode":{"nanos":193846,"secs":0},"gpu":{"nanos":9297375,"secs":0},"reused_bytes":2478080,"transient_live_bytes":524288,"transient_peak_bytes":2478080,"wait":{"nanos":9458541,"secs":0}},{"allocated_bytes":4,"allocation_time":{"nanos":2750,"secs":0},"allocations":1,"arena_capacity":244871168,"arena_high_water":268435456,"command_buffers":1,"completion_waits":1,"dispatches":591,"encode":{"nanos":198794,"secs":0},"gpu":{"nanos":9535667,"secs":0},"reused_bytes":2478080,"transient_live_bytes":524288,"transient_peak_bytes":2478080,"wait":{"nanos":9765208,"secs":0}},{"allocated_bytes":4,"allocation_time":{"nanos":3042,"secs":0},"allocations":1,"arena_capacity":244871168,"arena_high_water":268435456,"command_buffers":1,"completion_waits":1,"dispatches":591,"encode":{"nanos":192281,"secs":0},"gpu":{"nanos":8832875,"secs":0},"reused_bytes":2478080,"transient_live_bytes":524288,"transient_peak_bytes":2478080,"wait":{"nanos":9128208,"secs":0}},{"allocated_bytes":4,"allocation_time":{"nanos":2208,"secs":0},"allocations":1,"arena_capacity":244871168,"arena_high_water":268435456,"command_buffers":1,"completion_waits":1,"dispatches":591,"encode":{"nanos":190007,"secs":0},"gpu":{"nanos":8941000,"secs":0},"reused_bytes":2478080,"transient_live_bytes":524288,"transient_peak_bytes":2478080,"wait":{"nanos":9182041,"secs":0}},{"allocated_bytes":4,"allocation_time":{"nanos":2541,"secs":0},"allocations":1,"arena_capacity":244871168,"arena_high_water":268435456,"command_buffers":1,"completion_waits":1,"dispatches":591,"encode":{"nanos":194819,"secs":0},"gpu":{"nanos":9070625,"secs":0},"reused_bytes":2478080,"transient_live_bytes":524288,"transient_peak_bytes":2478080,"wait":{"nanos":9295500,"secs":0}},{"allocated_bytes":4,"allocation_time":{"nanos":2750,"secs":0},"allocations":1,"arena_capacity":244871168,"arena_high_water":268435456,"command_buffers":1,"completion_waits":1,"dispatches":591,"encode":{"nanos":192874,"secs":0},"gpu":{"nanos":8950125,"secs":0},"reused_bytes":2478080,"transient_live_bytes":524288,"transient_peak_bytes":2478080,"wait":{"nanos":9203584,"secs":0}},{"allocated_bytes":4,"allocation_time":{"nanos":2459,"secs":0},"allocations":1,"arena_capacity":244871168,"arena_high_water":268435456,"command_buffers":1,"completion_waits":1,"dispatches":591,"encode":{"nanos":197594,"secs":0},"gpu":{"nanos":8880250,"secs":0},"reused_bytes":2478080,"transient_live_bytes":524288,"transient_peak_bytes":2478080,"wait":{"nanos":9122125,"secs":0}},{"allocated_bytes":4,"allocation_time":{"nanos":2166,"secs":0},"allocations":1,"arena_capacity":244871168,"arena_high_water":268435456,"command_buffers":1,"completion_waits":1,"dispatches":591,"encode":{"nanos":191734,"secs":0},"gpu":{"nanos":8887042,"secs":0},"reused_bytes":2478080,"transient_live_bytes":524288,"transient_peak_bytes":2478080,"wait":{"nanos":9131750,"secs":0}},{"allocated_bytes":4,"allocation_time":{"nanos":5000,"secs":0},"allocations":1,"arena_capacity":244871168,"arena_high_water":268435456,"command_buffers":1,"completion_waits":1,"dispatches":591,"encode":{"nanos":201338,"secs":0},"gpu":{"nanos":8891542,"secs":0},"reused_bytes":2478080,"transient_live_bytes":524288,"transient_peak_bytes":2478080,"wait":{"nanos":9122583,"secs":0}},{"allocated_bytes":4,"allocation_time":{"nanos":2917,"secs":0},"allocations":1,"arena_capacity":244871168,"arena_high_water":268435456,"command_buffers":1,"completion_waits":1,"dispatches":591,"encode":{"nanos":192707,"secs":0},"gpu":{"nanos":8793375,"secs":0},"reused_bytes":2478080,"transient_live_bytes":524288,"transient_peak_bytes":2478080,"wait":{"nanos":9006792,"secs":0}},{"allocated_bytes":4,"allocation_time":{"nanos":4167,"secs":0},"allocations":1,"arena_capacity":244871168,"arena_high_water":268435456,"command_buffers":1,"completion_waits":1,"dispatches":591,"encode":{"nanos":215125,"secs":0},"gpu":{"nanos":9192875,"secs":0},"reused_bytes":2478080,"transient_live_bytes":524288,"transient_peak_bytes":2478080,"wait":{"nanos":9426166,"secs":0}},{"allocated_bytes":4,"allocation_time":{"nanos":4042,"secs":0},"allocations":1,"arena_capacity":244871168,"arena_high_water":268435456,"command_buffers":1,"completion_waits":1,"dispatches":591,"encode":{"nanos":194787,"secs":0},"gpu":{"nanos":8854292,"secs":0},"reused_bytes":2478080,"transient_live_bytes":524288,"transient_peak_bytes":2478080,"wait":{"nanos":9064250,"secs":0}},{"allocated_bytes":4,"allocation_time":{"nanos":3791,"secs":0},"allocations":1,"arena_capacity":244871168,"arena_high_water":268435456,"command_buffers":1,"completion_waits":1,"dispatches":591,"encode":{"nanos":204783,"secs":0},"gpu":{"nanos":8987292,"secs":0},"reused_bytes":2478080,"transient_live_bytes":524288,"transient_peak_bytes":2478080,"wait":{"nanos":9217208,"secs":0}},{"allocated_bytes":4,"allocation_time":{"nanos":3667,"secs":0},"allocations":1,"arena_capacity":244871168,"arena_high_water":268435456,"command_buffers":1,"completion_waits":1,"dispatches":591,"encode":{"nanos":215230,"secs":0},"gpu":{"nanos":8841250,"secs":0},"reused_bytes":2478080,"transient_live_bytes":524288,"transient_peak_bytes":2478080,"wait":{"nanos":9056083,"secs":0}},{"allocated_bytes":4,"allocation_time":{"nanos":3500,"secs":0},"allocations":1,"arena_capacity":244871168,"arena_high_water":268435456,"command_buffers":1,"completion_waits":1,"dispatches":591,"encode":{"nanos":229108,"secs":0},"gpu":{"nanos":8923125,"secs":0},"reused_bytes":2478080,"transient_live_bytes":524288,"transient_peak_bytes":2478080,"wait":{"nanos":9177083,"secs":0}},{"allocated_bytes":4,"allocation_time":{"nanos":3000,"secs":0},"allocations":1,"arena_capacity":244871168,"arena_high_water":268435456,"command_buffers":1,"completion_waits":1,"dispatches":591,"encode":{"nanos":228172,"secs":0},"gpu":{"nanos":8898625,"secs":0},"reused_bytes":2478080,"transient_live_bytes":524288,"transient_peak_bytes":2478080,"wait":{"nanos":9223500,"secs":0}},{"allocated_bytes":4,"allocation_time":{"nanos":3250,"secs":0},"allocations":1,"arena_capacity":244871168,"arena_high_water":268435456,"command_buffers":1,"completion_waits":1,"dispatches":591,"encode":{"nanos":213214,"secs":0},"gpu":{"nanos":9002000,"secs":0},"reused_bytes":2478080,"transient_live_bytes":524288,"transient_peak_bytes":2478080,"wait":{"nanos":9243084,"secs":0}},{"allocated_bytes":4,"allocation_time":{"nanos":3208,"secs":0},"allocations":1,"arena_capacity":244871168,"arena_high_water":268435456,"command_buffers":1,"completion_waits":1,"dispatches":591,"encode":{"nanos":222919,"secs":0},"gpu":{"nanos":9136625,"secs":0},"reused_bytes":2478080,"transient_live_bytes":524288,"transient_peak_bytes":2478080,"wait":{"nanos":9361042,"secs":0}},{"allocated_bytes":4,"allocation_time":{"nanos":3375,"secs":0},"allocations":1,"arena_capacity":244871168,"arena_high_water":268435456,"command_buffers":1,"completion_waits":1,"dispatches":591,"encode":{"nanos":224865,"secs":0},"gpu":{"nanos":9389125,"secs":0},"reused_bytes":2478080,"transient_live_bytes":524288,"transient_peak_bytes":2478080,"wait":{"nanos":9650250,"secs":0}},{"allocated_bytes":4,"allocation_time":{"nanos":2792,"secs":0},"allocations":1,"arena_capacity":244871168,"arena_high_water":268435456,"command_buffers":1,"completion_waits":1,"dispatches":591,"encode":{"nanos":208071,"secs":0},"gpu":{"nanos":9216750,"secs":0},"reused_bytes":2478080,"transient_live_bytes":524288,"transient_peak_bytes":2478080,"wait":{"nanos":9435833,"secs":0}},{"allocated_bytes":4,"allocation_time":{"nanos":3334,"secs":0},"allocations":1,"arena_capacity":244871168,"arena_high_water":268435456,"command_buffers":1,"completion_waits":1,"dispatches":591,"encode":{"nanos":193353,"secs":0},"gpu":{"nanos":9528792,"secs":0},"reused_bytes":2478080,"transient_live_bytes":524288,"transient_peak_bytes":2478080,"wait":{"nanos":9756250,"secs":0}},{"allocated_bytes":4,"allocation_time":{"nanos":3125,"secs":0},"allocations":1,"arena_capacity":244871168,"arena_high_water":268435456,"command_buffers":1,"completion_waits":1,"dispatches":591,"encode":{"nanos":193053,"secs":0},"gpu":{"nanos":9390958,"secs":0},"reused_bytes":2478080,"transient_live_bytes":524288,"transient_peak_bytes":2478080,"wait":{"nanos":9654375,"secs":0}},{"allocated_bytes":4,"allocation_time":{"nanos":3083,"secs":0},"allocations":1,"arena_capacity":244871168,"arena_high_water":268435456,"command_buffers":1,"completion_waits":1,"dispatches":591,"encode":{"nanos":191912,"secs":0},"gpu":{"nanos":9011333,"secs":0},"reused_bytes":2478080,"transient_live_bytes":524288,"transient_peak_bytes":2478080,"wait":{"nanos":9316125,"secs":0}},{"allocated_bytes":4,"allocation_time":{"nanos":2250,"secs":0},"allocations":1,"arena_capacity":244871168,"arena_high_water":268435456,"command_buffers":1,"completion_waits":1,"dispatches":591,"encode":{"nanos":197414,"secs":0},"gpu":{"nanos":9033542,"secs":0},"reused_bytes":2478080,"transient_live_bytes":524288,"transient_peak_bytes":2478080,"wait":{"nanos":9316750,"secs":0}},{"allocated_bytes":4,"allocation_time":{"nanos":2958,"secs":0},"allocations":1,"arena_capacity":244871168,"arena_high_water":268435456,"command_buffers":1,"completion_waits":1,"dispatches":591,"encode":{"nanos":205971,"secs":0},"gpu":{"nanos":9335250,"secs":0},"reused_bytes":2478080,"transient_live_bytes":524288,"transient_peak_bytes":2478080,"wait":{"nanos":9552750,"secs":0}},{"allocated_bytes":4,"allocation_time":{"nanos":3292,"secs":0},"allocations":1,"arena_capacity":244871168,"arena_high_water":268435456,"command_buffers":1,"completion_waits":1,"dispatches":591,"encode":{"nanos":192342,"secs":0},"gpu":{"nanos":8883750,"secs":0},"reused_bytes":2478080,"transient_live_bytes":524288,"transient_peak_bytes":2478080,"wait":{"nanos":9174959,"secs":0}},{"allocated_bytes":4,"allocation_time":{"nanos":2500,"secs":0},"allocations":1,"arena_capacity":244871168,"arena_high_water":268435456,"command_buffers":1,"completion_waits":1,"dispatches":591,"encode":{"nanos":191075,"secs":0},"gpu":{"nanos":9117750,"secs":0},"reused_bytes":2478080,"transient_live_bytes":524288,"transient_peak_bytes":2478080,"wait":{"nanos":9332833,"secs":0}},{"allocated_bytes":4,"allocation_time":{"nanos":3042,"secs":0},"allocations":1,"arena_capacity":244871168,"arena_high_water":268435456,"command_buffers":1,"completion_waits":1,"dispatches":591,"encode":{"nanos":191970,"secs":0},"gpu":{"nanos":8984833,"secs":0},"reused_bytes":2478080,"transient_live_bytes":524288,"transient_peak_bytes":2478080,"wait":{"nanos":9253625,"secs":0}},{"allocated_bytes":4,"allocation_time":{"nanos":2500,"secs":0},"allocations":1,"arena_capacity":244871168,"arena_high_water":268435456,"command_buffers":1,"completion_waits":1,"dispatches":591,"encode":{"nanos":196958,"secs":0},"gpu":{"nanos":9147292,"secs":0},"reused_bytes":2478080,"transient_live_bytes":524288,"transient_peak_bytes":2478080,"wait":{"nanos":9364417,"secs":0}},{"allocated_bytes":4,"allocation_time":{"nanos":3125,"secs":0},"allocations":1,"arena_capacity":244871168,"arena_high_water":268435456,"command_buffers":1,"completion_waits":1,"dispatches":591,"encode":{"nanos":191289,"secs":0},"gpu":{"nanos":9374250,"secs":0},"reused_bytes":2478080,"transient_live_bytes":524288,"transient_peak_bytes":2478080,"wait":{"nanos":9628167,"secs":0}},{"allocated_bytes":4,"allocation_time":{"nanos":2709,"secs":0},"allocations":1,"arena_capacity":244871168,"arena_high_water":268435456,"command_buffers":1,"completion_waits":1,"dispatches":591,"encode":{"nanos":190029,"secs":0},"gpu":{"nanos":9468292,"secs":0},"reused_bytes":2478080,"transient_live_bytes":524288,"transient_peak_bytes":2478080,"wait":{"nanos":9692334,"secs":0}},{"allocated_bytes":4,"allocation_time":{"nanos":2875,"secs":0},"allocations":1,"arena_capacity":244871168,"arena_high_water":268435456,"command_buffers":1,"completion_waits":1,"dispatches":591,"encode":{"nanos":189702,"secs":0},"gpu":{"nanos":9090833,"secs":0},"reused_bytes":2478080,"transient_live_bytes":524288,"transient_peak_bytes":2478080,"wait":{"nanos":9335000,"secs":0}},{"allocated_bytes":4,"allocation_time":{"nanos":2833,"secs":0},"allocations":1,"arena_capacity":244871168,"arena_high_water":268435456,"command_buffers":1,"completion_waits":1,"dispatches":591,"encode":{"nanos":197329,"secs":0},"gpu":{"nanos":9186750,"secs":0},"reused_bytes":2478080,"transient_live_bytes":524288,"transient_peak_bytes":2478080,"wait":{"nanos":9444958,"secs":0}},{"allocated_bytes":4,"allocation_time":{"nanos":3000,"secs":0},"allocations":1,"arena_capacity":244871168,"arena_high_water":268435456,"command_buffers":1,"completion_waits":1,"dispatches":591,"encode":{"nanos":191948,"secs":0},"gpu":{"nanos":9299250,"secs":0},"reused_bytes":2478080,"transient_live_bytes":524288,"transient_peak_bytes":2478080,"wait":{"nanos":9538000,"secs":0}},{"allocated_bytes":4,"allocation_time":{"nanos":3208,"secs":0},"allocations":1,"arena_capacity":244871168,"arena_high_water":268435456,"command_buffers":1,"completion_waits":1,"dispatches":591,"encode":{"nanos":190797,"secs":0},"gpu":{"nanos":9085250,"secs":0},"reused_bytes":2478080,"transient_live_bytes":524288,"transient_peak_bytes":2478080,"wait":{"nanos":9347500,"secs":0}},{"allocated_bytes":4,"allocation_time":{"nanos":2792,"secs":0},"allocations":1,"arena_capacity":244871168,"arena_high_water":268435456,"command_buffers":1,"completion_waits":1,"dispatches":591,"encode":{"nanos":191487,"secs":0},"gpu":{"nanos":9265500,"secs":0},"reused_bytes":2478080,"transient_live_bytes":524288,"transient_peak_bytes":2478080,"wait":{"nanos":9529792,"secs":0}},{"allocated_bytes":4,"allocation_time":{"nanos":4834,"secs":0},"allocations":1,"arena_capacity":244871168,"arena_high_water":268435456,"command_buffers":1,"completion_waits":1,"dispatches":591,"encode":{"nanos":194995,"secs":0},"gpu":{"nanos":9434042,"secs":0},"reused_bytes":2478080,"transient_live_bytes":524288,"transient_peak_bytes":2478080,"wait":{"nanos":9625792,"secs":0}},{"allocated_bytes":4,"allocation_time":{"nanos":5417,"secs":0},"allocations":1,"arena_capacity":244871168,"arena_high_water":268435456,"command_buffers":1,"completion_waits":1,"dispatches":591,"encode":{"nanos":206842,"secs":0},"gpu":{"nanos":9826375,"secs":0},"reused_bytes":2478080,"transient_live_bytes":524288,"transient_peak_bytes":2478080,"wait":{"nanos":10086417,"secs":0}},{"allocated_bytes":4,"allocation_time":{"nanos":4333,"secs":0},"allocations":1,"arena_capacity":244871168,"arena_high_water":268435456,"command_buffers":1,"completion_waits":1,"dispatches":591,"encode":{"nanos":198988,"secs":0},"gpu":{"nanos":9619417,"secs":0},"reused_bytes":2478080,"transient_live_bytes":524288,"transient_peak_bytes":2478080,"wait":{"nanos":9888042,"secs":0}},{"allocated_bytes":4,"allocation_time":{"nanos":3625,"secs":0},"allocations":1,"arena_capacity":244871168,"arena_high_water":268435456,"command_buffers":1,"completion_waits":1,"dispatches":591,"encode":{"nanos":194568,"secs":0},"gpu":{"nanos":8907708,"secs":0},"reused_bytes":2478080,"transient_live_bytes":524288,"transient_peak_bytes":2478080,"wait":{"nanos":9141250,"secs":0}},{"allocated_bytes":4,"allocation_time":{"nanos":2959,"secs":0},"allocations":1,"arena_capacity":244871168,"arena_high_water":268435456,"command_buffers":1,"completion_waits":1,"dispatches":591,"encode":{"nanos":193379,"secs":0},"gpu":{"nanos":9315250,"secs":0},"reused_bytes":2478080,"transient_live_bytes":524288,"transient_peak_bytes":2478080,"wait":{"nanos":9581333,"secs":0}},{"allocated_bytes":4,"allocation_time":{"nanos":5291,"secs":0},"allocations":1,"arena_capacity":244871168,"arena_high_water":268435456,"command_buffers":1,"completion_waits":1,"dispatches":591,"encode":{"nanos":199583,"secs":0},"gpu":{"nanos":8965250,"secs":0},"reused_bytes":2478080,"transient_live_bytes":524288,"transient_peak_bytes":2478080,"wait":{"nanos":9220958,"secs":0}},{"allocated_bytes":4,"allocation_time":{"nanos":3917,"secs":0},"allocations":1,"arena_capacity":244871168,"arena_high_water":268435456,"command_buffers":1,"completion_waits":1,"dispatches":591,"encode":{"nanos":194756,"secs":0},"gpu":{"nanos":9197083,"secs":0},"reused_bytes":2478080,"transient_live_bytes":524288,"transient_peak_bytes":2478080,"wait":{"nanos":9438541,"secs":0}},{"allocated_bytes":4,"allocation_time":{"nanos":4167,"secs":0},"allocations":1,"arena_capacity":244871168,"arena_high_water":268435456,"command_buffers":1,"completion_waits":1,"dispatches":591,"encode":{"nanos":192374,"secs":0},"gpu":{"nanos":9019750,"secs":0},"reused_bytes":2478080,"transient_live_bytes":524288,"transient_peak_bytes":2478080,"wait":{"nanos":9281417,"secs":0}},{"allocated_bytes":4,"allocation_time":{"nanos":3291,"secs":0},"allocations":1,"arena_capacity":244871168,"arena_high_water":268435456,"command_buffers":1,"completion_waits":1,"dispatches":591,"encode":{"nanos":193966,"secs":0},"gpu":{"nanos":9395167,"secs":0},"reused_bytes":2478080,"transient_live_bytes":524288,"transient_peak_bytes":2478080,"wait":{"nanos":9664750,"secs":0}},{"allocated_bytes":4,"allocation_time":{"nanos":4292,"secs":0},"allocations":1,"arena_capacity":244871168,"arena_high_water":268435456,"command_buffers":1,"completion_waits":1,"dispatches":591,"encode":{"nanos":195398,"secs":0},"gpu":{"nanos":9413500,"secs":0},"reused_bytes":2478080,"transient_live_bytes":524288,"transient_peak_bytes":2478080,"wait":{"nanos":9676625,"secs":0}},{"allocated_bytes":4,"allocation_time":{"nanos":3041,"secs":0},"allocations":1,"arena_capacity":244871168,"arena_high_water":268435456,"command_buffers":1,"completion_waits":1,"dispatches":591,"encode":{"nanos":195798,"secs":0},"gpu":{"nanos":9094125,"secs":0},"reused_bytes":2478080,"transient_live_bytes":524288,"transient_peak_bytes":2478080,"wait":{"nanos":9356750,"secs":0}},{"allocated_bytes":4,"allocation_time":{"nanos":3125,"secs":0},"allocations":1,"arena_capacity":244871168,"arena_high_water":268435456,"command_buffers":1,"completion_waits":1,"dispatches":591,"encode":{"nanos":190600,"secs":0},"gpu":{"nanos":9268875,"secs":0},"reused_bytes":2478080,"transient_live_bytes":524288,"transient_peak_bytes":2478080,"wait":{"nanos":9532708,"secs":0}},{"allocated_bytes":4,"allocation_time":{"nanos":3166,"secs":0},"allocations":1,"arena_capacity":244871168,"arena_high_water":268435456,"command_buffers":1,"completion_waits":1,"dispatches":591,"encode":{"nanos":193045,"secs":0},"gpu":{"nanos":9196417,"secs":0},"reused_bytes":2478080,"transient_live_bytes":524288,"transient_peak_bytes":2478080,"wait":{"nanos":9422250,"secs":0}},{"allocated_bytes":4,"allocation_time":{"nanos":3125,"secs":0},"allocations":1,"arena_capacity":244871168,"arena_high_water":268435456,"command_buffers":1,"completion_waits":1,"dispatches":591,"encode":{"nanos":192966,"secs":0},"gpu":{"nanos":9465667,"secs":0},"reused_bytes":2478080,"transient_live_bytes":524288,"transient_peak_bytes":2478080,"wait":{"nanos":9667708,"secs":0}},{"allocated_bytes":4,"allocation_time":{"nanos":3250,"secs":0},"allocations":1,"arena_capacity":244871168,"arena_high_water":268435456,"command_buffers":1,"completion_waits":1,"dispatches":591,"encode":{"nanos":194612,"secs":0},"gpu":{"nanos":9369750,"secs":0},"reused_bytes":2478080,"transient_live_bytes":524288,"transient_peak_bytes":2478080,"wait":{"nanos":9605541,"secs":0}},{"allocated_bytes":4,"allocation_time":{"nanos":3208,"secs":0},"allocations":1,"arena_capacity":244871168,"arena_high_water":268435456,"command_buffers":1,"completion_waits":1,"dispatches":591,"encode":{"nanos":191236,"secs":0},"gpu":{"nanos":9354208,"secs":0},"reused_bytes":2478080,"transient_live_bytes":524288,"transient_peak_bytes":2478080,"wait":{"nanos":9611542,"secs":0}},{"allocated_bytes":4,"allocation_time":{"nanos":3333,"secs":0},"allocations":1,"arena_capacity":244871168,"arena_high_water":268435456,"command_buffers":1,"completion_waits":1,"dispatches":591,"encode":{"nanos":194576,"secs":0},"gpu":{"nanos":8966292,"secs":0},"reused_bytes":2478080,"transient_live_bytes":524288,"transient_peak_bytes":2478080,"wait":{"nanos":9213708,"secs":0}},{"allocated_bytes":4,"allocation_time":{"nanos":3541,"secs":0},"allocations":1,"arena_capacity":244871168,"arena_high_water":268435456,"command_buffers":1,"completion_waits":1,"dispatches":591,"encode":{"nanos":193282,"secs":0},"gpu":{"nanos":9194000,"secs":0},"reused_bytes":2478080,"transient_live_bytes":524288,"transient_peak_bytes":2478080,"wait":{"nanos":9445250,"secs":0}},{"allocated_bytes":4,"allocation_time":{"nanos":3583,"secs":0},"allocations":1,"arena_capacity":244871168,"arena_high_water":268435456,"command_buffers":1,"completion_waits":1,"dispatches":591,"encode":{"nanos":193327,"secs":0},"gpu":{"nanos":9523625,"secs":0},"reused_bytes":2478080,"transient_live_bytes":524288,"transient_peak_bytes":2478080,"wait":{"nanos":9795208,"secs":0}},{"allocated_bytes":4,"allocation_time":{"nanos":3792,"secs":0},"allocations":1,"arena_capacity":244871168,"arena_high_water":268435456,"command_buffers":1,"completion_waits":1,"dispatches":591,"encode":{"nanos":194310,"secs":0},"gpu":{"nanos":9322750,"secs":0},"reused_bytes":2478080,"transient_live_bytes":524288,"transient_peak_bytes":2478080,"wait":{"nanos":9564917,"secs":0}},{"allocated_bytes":4,"allocation_time":{"nanos":4500,"secs":0},"allocations":1,"arena_capacity":244871168,"arena_high_water":268435456,"command_buffers":1,"completion_waits":1,"dispatches":591,"encode":{"nanos":215339,"secs":0},"gpu":{"nanos":9205542,"secs":0},"reused_bytes":2478080,"transient_live_bytes":524288,"transient_peak_bytes":2478080,"wait":{"nanos":9533125,"secs":0}},{"allocated_bytes":4,"allocation_time":{"nanos":3792,"secs":0},"allocations":1,"arena_capacity":244871168,"arena_high_water":268435456,"command_buffers":1,"completion_waits":1,"dispatches":591,"encode":{"nanos":198970,"secs":0},"gpu":{"nanos":9208333,"secs":0},"reused_bytes":2478080,"transient_live_bytes":524288,"transient_peak_bytes":2478080,"wait":{"nanos":9459375,"secs":0}},{"allocated_bytes":4,"allocation_time":{"nanos":3958,"secs":0},"allocations":1,"arena_capacity":244871168,"arena_high_water":268435456,"command_buffers":1,"completion_waits":1,"dispatches":591,"encode":{"nanos":197864,"secs":0},"gpu":{"nanos":8314750,"secs":0},"reused_bytes":2478080,"transient_live_bytes":524288,"transient_peak_bytes":2478080,"wait":{"nanos":8532375,"secs":0}},{"allocated_bytes":458756,"allocation_time":{"nanos":148915,"secs":0},"allocations":57,"arena_capacity":245329920,"arena_high_water":268435456,"command_buffers":1,"completion_waits":1,"dispatches":591,"encode":{"nanos":202424,"secs":0},"gpu":{"nanos":8232250,"secs":0},"reused_bytes":2248704,"transient_live_bytes":524288,"transient_peak_bytes":2707456,"wait":{"nanos":8580084,"secs":0}},{"allocated_bytes":4,"allocation_time":{"nanos":3250,"secs":0},"allocations":1,"arena_capacity":245329920,"arena_high_water":268435456,"command_buffers":1,"completion_waits":1,"dispatches":591,"encode":{"nanos":193533,"secs":0},"gpu":{"nanos":8523250,"secs":0},"reused_bytes":2707456,"transient_live_bytes":524288,"transient_peak_bytes":2707456,"wait":{"nanos":8770292,"secs":0}},{"allocated_bytes":4,"allocation_time":{"nanos":3250,"secs":0},"allocations":1,"arena_capacity":245329920,"arena_high_water":268435456,"command_buffers":1,"completion_waits":1,"dispatches":591,"encode":{"nanos":193002,"secs":0},"gpu":{"nanos":8519167,"secs":0},"reused_bytes":2707456,"transient_live_bytes":524288,"transient_peak_bytes":2707456,"wait":{"nanos":8775000,"secs":0}},{"allocated_bytes":4,"allocation_time":{"nanos":2958,"secs":0},"allocations":1,"arena_capacity":245329920,"arena_high_water":268435456,"command_buffers":1,"completion_waits":1,"dispatches":591,"encode":{"nanos":195584,"secs":0},"gpu":{"nanos":8445625,"secs":0},"reused_bytes":2707456,"transient_live_bytes":524288,"transient_peak_bytes":2707456,"wait":{"nanos":8714583,"secs":0}},{"allocated_bytes":4,"allocation_time":{"nanos":2959,"secs":0},"allocations":1,"arena_capacity":245329920,"arena_high_water":268435456,"command_buffers":1,"completion_waits":1,"dispatches":591,"encode":{"nanos":191845,"secs":0},"gpu":{"nanos":8535750,"secs":0},"reused_bytes":2707456,"transient_live_bytes":524288,"transient_peak_bytes":2707456,"wait":{"nanos":8803917,"secs":0}},{"allocated_bytes":4,"allocation_time":{"nanos":2791,"secs":0},"allocations":1,"arena_capacity":245329920,"arena_high_water":268435456,"command_buffers":1,"completion_waits":1,"dispatches":591,"encode":{"nanos":193074,"secs":0},"gpu":{"nanos":8835917,"secs":0},"reused_bytes":2707456,"transient_live_bytes":524288,"transient_peak_bytes":2707456,"wait":{"nanos":9120416,"secs":0}},{"allocated_bytes":4,"allocation_time":{"nanos":2667,"secs":0},"allocations":1,"arena_capacity":245329920,"arena_high_water":268435456,"command_buffers":1,"completion_waits":1,"dispatches":591,"encode":{"nanos":196199,"secs":0},"gpu":{"nanos":8804000,"secs":0},"reused_bytes":2707456,"transient_live_bytes":524288,"transient_peak_bytes":2707456,"wait":{"nanos":9054292,"secs":0}},{"allocated_bytes":4,"allocation_time":{"nanos":4625,"secs":0},"allocations":1,"arena_capacity":245329920,"arena_high_water":268435456,"command_buffers":1,"completion_waits":1,"dispatches":591,"encode":{"nanos":203839,"secs":0},"gpu":{"nanos":8764167,"secs":0},"reused_bytes":2707456,"transient_live_bytes":524288,"transient_peak_bytes":2707456,"wait":{"nanos":9029583,"secs":0}},{"allocated_bytes":4,"allocation_time":{"nanos":3417,"secs":0},"allocations":1,"arena_capacity":245329920,"arena_high_water":268435456,"command_buffers":1,"completion_waits":1,"dispatches":591,"encode":{"nanos":194017,"secs":0},"gpu":{"nanos":8397875,"secs":0},"reused_bytes":2707456,"transient_live_bytes":524288,"transient_peak_bytes":2707456,"wait":{"nanos":8646041,"secs":0}},{"allocated_bytes":4,"allocation_time":{"nanos":3542,"secs":0},"allocations":1,"arena_capacity":245329920,"arena_high_water":268435456,"command_buffers":1,"completion_waits":1,"dispatches":591,"encode":{"nanos":195830,"secs":0},"gpu":{"nanos":8744000,"secs":0},"reused_bytes":2707456,"transient_live_bytes":524288,"transient_peak_bytes":2707456,"wait":{"nanos":9071042,"secs":0}},{"allocated_bytes":4,"allocation_time":{"nanos":2667,"secs":0},"allocations":1,"arena_capacity":245329920,"arena_high_water":268435456,"command_buffers":1,"completion_waits":1,"dispatches":591,"encode":{"nanos":194469,"secs":0},"gpu":{"nanos":8706292,"secs":0},"reused_bytes":2707456,"transient_live_bytes":524288,"transient_peak_bytes":2707456,"wait":{"nanos":8977000,"secs":0}},{"allocated_bytes":4,"allocation_time":{"nanos":3708,"secs":0},"allocations":1,"arena_capacity":245329920,"arena_high_water":268435456,"command_buffers":1,"completion_waits":1,"dispatches":591,"encode":{"nanos":193901,"secs":0},"gpu":{"nanos":8215667,"secs":0},"reused_bytes":2707456,"transient_live_bytes":524288,"transient_peak_bytes":2707456,"wait":{"nanos":8525292,"secs":0}},{"allocated_bytes":4,"allocation_time":{"nanos":3125,"secs":0},"allocations":1,"arena_capacity":245329920,"arena_high_water":268435456,"command_buffers":1,"completion_waits":1,"dispatches":591,"encode":{"nanos":193672,"secs":0},"gpu":{"nanos":8587500,"secs":0},"reused_bytes":2707456,"transient_live_bytes":524288,"transient_peak_bytes":2707456,"wait":{"nanos":8918583,"secs":0}},{"allocated_bytes":4,"allocation_time":{"nanos":2459,"secs":0},"allocations":1,"arena_capacity":245329920,"arena_high_water":268435456,"command_buffers":1,"completion_waits":1,"dispatches":591,"encode":{"nanos":193302,"secs":0},"gpu":{"nanos":8625875,"secs":0},"reused_bytes":2707456,"transient_live_bytes":524288,"transient_peak_bytes":2707456,"wait":{"nanos":8865917,"secs":0}},{"allocated_bytes":4,"allocation_time":{"nanos":2834,"secs":0},"allocations":1,"arena_capacity":245329920,"arena_high_water":268435456,"command_buffers":1,"completion_waits":1,"dispatches":591,"encode":{"nanos":194008,"secs":0},"gpu":{"nanos":8689292,"secs":0},"reused_bytes":2707456,"transient_live_bytes":524288,"transient_peak_bytes":2707456,"wait":{"nanos":8927417,"secs":0}},{"allocated_bytes":4,"allocation_time":{"nanos":2459,"secs":0},"allocations":1,"arena_capacity":245329920,"arena_high_water":268435456,"command_buffers":1,"completion_waits":1,"dispatches":591,"encode":{"nanos":191822,"secs":0},"gpu":{"nanos":8650042,"secs":0},"reused_bytes":2707456,"transient_live_bytes":524288,"transient_peak_bytes":2707456,"wait":{"nanos":8865458,"secs":0}},{"allocated_bytes":4,"allocation_time":{"nanos":2917,"secs":0},"allocations":1,"arena_capacity":245329920,"arena_high_water":268435456,"command_buffers":1,"completion_waits":1,"dispatches":591,"encode":{"nanos":220164,"secs":0},"gpu":{"nanos":8959208,"secs":0},"reused_bytes":2707456,"transient_live_bytes":524288,"transient_peak_bytes":2707456,"wait":{"nanos":9144708,"secs":0}},{"allocated_bytes":4,"allocation_time":{"nanos":3083,"secs":0},"allocations":1,"arena_capacity":245329920,"arena_high_water":268435456,"command_buffers":1,"completion_waits":1,"dispatches":591,"encode":{"nanos":201334,"secs":0},"gpu":{"nanos":8748375,"secs":0},"reused_bytes":2707456,"transient_live_bytes":524288,"transient_peak_bytes":2707456,"wait":{"nanos":8930167,"secs":0}},{"allocated_bytes":4,"allocation_time":{"nanos":2750,"secs":0},"allocations":1,"arena_capacity":245329920,"arena_high_water":268435456,"command_buffers":1,"completion_waits":1,"dispatches":591,"encode":{"nanos":191464,"secs":0},"gpu":{"nanos":8451875,"secs":0},"reused_bytes":2707456,"transient_live_bytes":524288,"transient_peak_bytes":2707456,"wait":{"nanos":8700292,"secs":0}},{"allocated_bytes":4,"allocation_time":{"nanos":2625,"secs":0},"allocations":1,"arena_capacity":245329920,"arena_high_water":268435456,"command_buffers":1,"completion_waits":1,"dispatches":591,"encode":{"nanos":193564,"secs":0},"gpu":{"nanos":8986625,"secs":0},"reused_bytes":2707456,"transient_live_bytes":524288,"transient_peak_bytes":2707456,"wait":{"nanos":9192042,"secs":0}},{"allocated_bytes":4,"allocation_time":{"nanos":3334,"secs":0},"allocations":1,"arena_capacity":245329920,"arena_high_water":268435456,"command_buffers":1,"completion_waits":1,"dispatches":591,"encode":{"nanos":193533,"secs":0},"gpu":{"nanos":8050792,"secs":0},"reused_bytes":2707456,"transient_live_bytes":524288,"transient_peak_bytes":2707456,"wait":{"nanos":8295959,"secs":0}}],"decode_median_ms":9.619542,"decode_ms":[9.38425,9.514583,9.613375,9.339042000000001,9.93075,9.243208,9.837708000000001,9.931375,9.296542,9.331582999999998,9.299167,9.480959,9.546000000000001,9.590791,9.504875,9.628458,9.044666999999999,8.943042,9.256541,9.444875,9.449000000000002,9.441041,9.53075,9.440333,9.53875,9.523583,9.452709,9.765041,9.727125,9.601792,9.533916999999999,9.102334,9.746417000000001,9.275749999999999,9.598041,9.602375,9.717082999999999,9.396125,9.484542000000001,9.9315,9.255208,9.846291,9.822583,10.318249999999999,9.619542,9.912625,9.433499999999999,9.413333,9.888916,10.248209,9.586541,9.613167,9.742291,9.640041,9.575040999999999,9.558208,9.589417,9.472125,9.941458,9.496208000000001,9.699665999999999,9.55575,9.702499999999999,9.749374999999999,9.746833,9.847125,10.184000000000001,9.90975,10.193084,10.094375,9.775583,9.789124999999999,9.999583,9.634791,9.754624999999999,9.708667,9.798417,10.087625,10.130042000000001,9.758,9.929125,9.99625,9.812292,9.990584,10.077167,10.588042000000002,10.359208,9.573333,10.060041,9.691125,9.906375,9.744,10.127084,10.145583,9.823625000000002,9.997584,9.850667,10.133083,10.071250000000001,10.073834,9.673292,9.917083,10.273249999999999,10.028958,10.03875,9.937375,9.01025,9.211375,9.226625,9.236042,9.193625,9.263208,9.581084,9.492666,9.517916,9.07675,9.537291999999999,9.44025,8.993457999999999,9.352083,9.300209,9.377833,9.326292,9.647124999999999,9.369334,9.159875,9.618917,8.757249999999999],"decode_profiles":[{},{},{},{},{},{},{},{},{},{},{},{},{},{},{},{},{},{},{},{},{},{},{},{},{},{},{},{},{},{},{},{},{},{},{},{},{},{},{},{},{},{},{},{},{},{},{},{},{},{},{},{},{},{},{},{},{},{},{},{},{},{},{},{},{},{},{},{},{},{},{},{},{},{},{},{},{},{},{},{},{},{},{},{},{},{},{},{},{},{},{},{},{},{},{},{},{},{},{},{},{},{},{},{},{},{},{},{},{},{},{},{},{},{},{},{},{},{},{},{},{},{},{},{},{},{},{},{}],"decode_tps":103.95505316157464,"first_token_ms":52.029125,"generated_ids":[151667,198,32313,11,279,1196,1101,1053,330,9707,8958,773,358,1184,311,5889,34901,13,6771,752,1744,911,279,1850,1616,311,40786,1105,13,8704,807,2299,1667,279,21927,0,1943,11,7196,358,1265,24645,432,323,3010,12994,13,358,1265,2506,432,11657,323,1787,83075,13,6771,752,1281,2704,311,1779,421,1052,594,894,3151,1681,807,2578,614,11,714,2474,807,3207,944,6286,4113,11,1101,264,4285,42113,1265,975,13,97593,11,882,311,2182,429,1119,264,2033,624,151668,271,9707,0,2585,646,358,7789,498,3351,30,26525,232,151645,198,151643,33975,25,3555,374,279,1850,1616,311,40786,4325,1939,71703,25,320,3563,7979],"generated_tokens":129,"generation_ms":1318.5312920000001,"generation_tps":97.83613083943403,"kv_active_bytes":17088512,"kv_reserved_bytes":29360128,"model_format":"GGUF","model_repository":"Qwen/Qwen3-0.6B-GGUF","model_revision":"23749fefcc72300e3a2ad315e1317431b06b590a","moe_expert_tensorops":true,"moe_expert_tensorops_min_routes_per_expert":8,"packed_quantized_bytes":633233408,"pair":0,"pair_order":"ferrum-candidate>llama.cpp>ferrum-control","parameter_count":596049920,"prefill_counters":{"allocated_bytes":70778964,"allocation_time":{"nanos":4852548,"secs":0},"allocations":535,"arena_capacity":244469760,"arena_high_water":268435456,"command_buffers":1,"completion_waits":1,"dispatches":591,"encode":{"nanos":333614,"secs":0},"gpu":{"nanos":45161625,"secs":0},"reused_bytes":4194304,"transient_live_bytes":0,"transient_peak_bytes":45613056,"wait":{"nanos":46218042,"secs":0}},"prefill_ms":51.704292,"prefill_profile":{},"prefill_tps":406.1558371208332,"prompt_ids":[151644,8948,198,2610,525,264,10950,17847,13,151645,198,151644,872,198,9707,0,151645,198,151644,77091,198],"prompt_tokens":21,"q5_0_gemv_n4":false,"q8_0_mpp_tile_k64":true,"retained_weight_bytes":633364480,"runtime":"ferrum","sampling_ms":30.885256,"source_tensor_bytes":633495552,"tensor_count":310,"warmup":false,"process_rss_bytes":1150861312,"ferrum_variant":"candidate","source_matrix_case_model":"Qwen/Qwen3-0.6B-GGUF@Q8_0","engine_order":["ferrum-candidate","llama.cpp","ferrum-control"],"case_index":4,"engine_load_plus_first_warmup_ms":1321.5061250375584}
{"case":"sustained-128-decode","command_buffer_count":null,"decode_aggregate_tps":166.01772865710927,"decode_median_ms":6.0855,"decode_ms":[6.359166,5.841125,6.125333,5.779291,6.067791,6.090417,5.731833,6.0075,6.037667,6.035833,6.122708,5.75975,6.151334,6.249458,5.748667,6.153166,5.7575,6.091666,6.246167,5.717875,6.163125,6.04425,5.764125,6.106417,5.8075,6.188917,6.076541,5.806875,6.210208,6.126542,5.684541,6.123833,5.834958,6.113708,6.104166,5.778542,6.104375,5.814958,5.987792,6.209875,5.746667,6.075459,6.13875,5.81,6.137,6.219292,5.763,6.1245,5.835917,6.227458,6.09725,5.821792,6.137125,6.156958,5.837,6.114708,5.782459,6.058166,6.128083,5.819625,6.127459,5.832208,5.785875,6.1035,5.75,6.076291,6.194292,5.67725,6.096625,5.782459,6.060208,6.122375,5.858458,6.061292,6.069417,5.727792,6.1345,5.863417,6.193209,6.221333,6.006208,6.095,6.3925,6.079583,6.090417,6.221458,5.802,6.141083,6.292292,6.576708,6.237291,6.049917,6.135959,6.123875,5.977917,6.093416,6.106834,5.791417,6.078833,5.760083,6.149333,6.180959,5.841333,6.08325,6.152459,5.778209,6.127667,5.841458,6.331666,6.187375,6.016,6.188125,6.17025,5.865708,6.086417,6.123083,5.721083,6.115584,5.962958,6.050917,6.270583,5.7675,6.149583,5.936333,5.944458,6.146958,5.779791,6.0855],"decode_tps":164.32503491906994,"dispatch_count":null,"first_token_ms":17.237208,"generated_ids":[151667,198,32313,11,279,1196,1101,1053,330,9707,8958,773,358,1184,311,5889,34901,13,6771,752,1744,911,279,1850,1616,311,40786,1105,13,8704,807,2299,1667,279,21927,0,1943,11,7196,358,1265,24645,432,323,3010,12994,13,358,1265,2506,432,11657,323,1787,83075,13,6771,752,1281,2704,311,1779,421,1052,594,894,3151,1681,807,2578,614,11,714,2474,807,3207,944,6286,4113,11,1101,264,4285,42113,1265,975,13,97593,11,882,311,2182,429,1119,264,2033,624,151668,271,9707,0,2585,646,358,7789,498,3351,30,26525,232,151645,198,151643,33975,25,3555,374,279,1850,1616,311,40786,4325,5267,2121,458,15235,11,358],"generated_tokens":129,"generation_ms":820.043208,"generation_tps":157.30878414884694,"kv_context_capacity_tokens":4096,"kv_type":"bf16","llama_version":"0.5.0-dev","model_format":"GGUF","pair":0,"pair_order":"ferrum-candidate>llama.cpp>ferrum-control","prefill_ms":16.939792,"prefill_tps":1239.6846431172237,"process_max_rss_bytes":1243545600,"prompt_ids":[151644,8948,198,2610,525,264,10950,17847,13,151645,198,151644,872,198,9707,0,151645,198,151644,77091,198],"prompt_tokens":21,"runtime":"llama.cpp","sampling_ms":32.09233199999999,"warmup":false,"process_rss_bytes":1243348992,"source_matrix_case_model":"Qwen/Qwen3-0.6B-GGUF@Q8_0","engine_order":["ferrum-candidate","llama.cpp","ferrum-control"],"case_index":4,"engine_load_plus_first_warmup_ms":1459.0402909670956}
{"case":"sustained-128-decode","decode_aggregate_tps":103.30309257701546,"decode_counters":[{"allocated_bytes":4,"allocation_time":{"nanos":7708,"secs":0},"allocations":1,"arena_capacity":245329920,"arena_high_water":268435456,"command_buffers":1,"completion_waits":1,"dispatches":591,"encode":{"nanos":216206,"secs":0},"gpu":{"nanos":8527375,"secs":0},"reused_bytes":2306048,"transient_live_bytes":524288,"transient_peak_bytes":2306048,"wait":{"nanos":8772125,"secs":0}},{"allocated_bytes":4,"allocation_time":{"nanos":4417,"secs":0},"allocations":1,"arena_capacity":245329920,"arena_high_water":268435456,"command_buffers":1,"completion_waits":1,"dispatches":591,"encode":{"nanos":195751,"secs":0},"gpu":{"nanos":8631125,"secs":0},"reused_bytes":2306048,"transient_live_bytes":524288,"transient_peak_bytes":2306048,"wait":{"nanos":8869709,"secs":0}},{"allocated_bytes":4,"allocation_time":{"nanos":3917,"secs":0},"allocations":1,"arena_capacity":245329920,"arena_high_water":268435456,"command_buffers":1,"completion_waits":1,"dispatches":591,"encode":{"nanos":192622,"secs":0},"gpu":{"nanos":8670083,"secs":0},"reused_bytes":2306048,"transient_live_bytes":524288,"transient_peak_bytes":2306048,"wait":{"nanos":8881917,"secs":0}},{"allocated_bytes":4,"allocation_time":{"nanos":4583,"secs":0},"allocations":1,"arena_capacity":245329920,"arena_high_water":268435456,"command_buffers":1,"completion_waits":1,"dispatches":591,"encode":{"nanos":200468,"secs":0},"gpu":{"nanos":8436000,"secs":0},"reused_bytes":2306048,"transient_live_bytes":524288,"transient_peak_bytes":2306048,"wait":{"nanos":8653375,"secs":0}},{"allocated_bytes":4,"allocation_time":{"nanos":3958,"secs":0},"allocations":1,"arena_capacity":245329920,"arena_high_water":268435456,"command_buffers":1,"completion_waits":1,"dispatches":591,"encode":{"nanos":197913,"secs":0},"gpu":{"nanos":10072750,"secs":0},"reused_bytes":2306048,"transient_live_bytes":524288,"transient_peak_bytes":2306048,"wait":{"nanos":10319333,"secs":0}},{"allocated_bytes":4,"allocation_time":{"nanos":3209,"secs":0},"allocations":1,"arena_capacity":245329920,"arena_high_water":268435456,"command_buffers":1,"completion_waits":1,"dispatches":591,"encode":{"nanos":228102,"secs":0},"gpu":{"nanos":8077750,"secs":0},"reused_bytes":2306048,"transient_live_bytes":524288,"transient_peak_bytes":2306048,"wait":{"nanos":8668250,"secs":0}},{"allocated_bytes":4,"allocation_time":{"nanos":4958,"secs":0},"allocations":1,"arena_capacity":245329920,"arena_high_water":268435456,"command_buffers":1,"completion_waits":1,"dispatches":591,"encode":{"nanos":208385,"secs":0},"gpu":{"nanos":8886000,"secs":0},"reused_bytes":2306048,"transient_live_bytes":524288,"transient_peak_bytes":2306048,"wait":{"nanos":9125250,"secs":0}},{"allocated_bytes":4,"allocation_time":{"nanos":4084,"secs":0},"allocations":1,"arena_capacity":245329920,"arena_high_water":268435456,"command_buffers":1,"completion_waits":1,"dispatches":591,"encode":{"nanos":201933,"secs":0},"gpu":{"nanos":8851792,"secs":0},"reused_bytes":2306048,"transient_live_bytes":524288,"transient_peak_bytes":2306048,"wait":{"nanos":9093041,"secs":0}},{"allocated_bytes":4,"allocation_time":{"nanos":5125,"secs":0},"allocations":1,"arena_capacity":245329920,"arena_high_water":268435456,"command_buffers":1,"completion_waits":1,"dispatches":591,"encode":{"nanos":200935,"secs":0},"gpu":{"nanos":8667875,"secs":0},"reused_bytes":2306048,"transient_live_bytes":524288,"transient_peak_bytes":2306048,"wait":{"nanos":8936791,"secs":0}},{"allocated_bytes":4,"allocation_time":{"nanos":3083,"secs":0},"allocations":1,"arena_capacity":245329920,"arena_high_water":268435456,"command_buffers":1,"completion_waits":1,"dispatches":591,"encode":{"nanos":195996,"secs":0},"gpu":{"nanos":8688250,"secs":0},"reused_bytes":2306048,"transient_live_bytes":524288,"transient_peak_bytes":2306048,"wait":{"nanos":8960375,"secs":0}},{"allocated_bytes":4,"allocation_time":{"nanos":3375,"secs":0},"allocations":1,"arena_capacity":245329920,"arena_high_water":268435456,"command_buffers":1,"completion_waits":1,"dispatches":591,"encode":{"nanos":192936,"secs":0},"gpu":{"nanos":8621875,"secs":0},"reused_bytes":2306048,"transient_live_bytes":524288,"transient_peak_bytes":2306048,"wait":{"nanos":8869417,"secs":0}},{"allocated_bytes":4,"allocation_time":{"nanos":2750,"secs":0},"allocations":1,"arena_capacity":245329920,"arena_high_water":268435456,"command_buffers":1,"completion_waits":1,"dispatches":591,"encode":{"nanos":193879,"secs":0},"gpu":{"nanos":8694125,"secs":0},"reused_bytes":2363392,"transient_live_bytes":524288,"transient_peak_bytes":2363392,"wait":{"nanos":8979333,"secs":0}},{"allocated_bytes":4,"allocation_time":{"nanos":2375,"secs":0},"allocations":1,"arena_capacity":245329920,"arena_high_water":268435456,"command_buffers":1,"completion_waits":1,"dispatches":591,"encode":{"nanos":195508,"secs":0},"gpu":{"nanos":9110542,"secs":0},"reused_bytes":2363392,"transient_live_bytes":524288,"transient_peak_bytes":2363392,"wait":{"nanos":9373375,"secs":0}},{"allocated_bytes":4,"allocation_time":{"nanos":4667,"secs":0},"allocations":1,"arena_capacity":245329920,"arena_high_water":268435456,"command_buffers":1,"completion_waits":1,"dispatches":591,"encode":{"nanos":205829,"secs":0},"gpu":{"nanos":8961625,"secs":0},"reused_bytes":2363392,"transient_live_bytes":524288,"transient_peak_bytes":2363392,"wait":{"nanos":9222333,"secs":0}},{"allocated_bytes":4,"allocation_time":{"nanos":2875,"secs":0},"allocations":1,"arena_capacity":245329920,"arena_high_water":268435456,"command_buffers":1,"completion_waits":1,"dispatches":591,"encode":{"nanos":198159,"secs":0},"gpu":{"nanos":8877625,"secs":0},"reused_bytes":2363392,"transient_live_bytes":524288,"transient_peak_bytes":2363392,"wait":{"nanos":9134834,"secs":0}},{"allocated_bytes":4,"allocation_time":{"nanos":3750,"secs":0},"allocations":1,"arena_capacity":245329920,"arena_high_water":268435456,"command_buffers":1,"completion_waits":1,"dispatches":591,"encode":{"nanos":198420,"secs":0},"gpu":{"nanos":8936375,"secs":0},"reused_bytes":2363392,"transient_live_bytes":524288,"transient_peak_bytes":2363392,"wait":{"nanos":9170292,"secs":0}},{"allocated_bytes":4,"allocation_time":{"nanos":5042,"secs":0},"allocations":1,"arena_capacity":245329920,"arena_high_water":268435456,"command_buffers":1,"completion_waits":1,"dispatches":591,"encode":{"nanos":202783,"secs":0},"gpu":{"nanos":8589208,"secs":0},"reused_bytes":2363392,"transient_live_bytes":524288,"transient_peak_bytes":2363392,"wait":{"nanos":8865667,"secs":0}},{"allocated_bytes":4,"allocation_time":{"nanos":2834,"secs":0},"allocations":1,"arena_capacity":245329920,"arena_high_water":268435456,"command_buffers":1,"completion_waits":1,"dispatches":591,"encode":{"nanos":197317,"secs":0},"gpu":{"nanos":8532500,"secs":0},"reused_bytes":2363392,"transient_live_bytes":524288,"transient_peak_bytes":2363392,"wait":{"nanos":8754916,"secs":0}},{"allocated_bytes":4,"allocation_time":{"nanos":2667,"secs":0},"allocations":1,"arena_capacity":245329920,"arena_high_water":268435456,"command_buffers":1,"completion_waits":1,"dispatches":591,"encode":{"nanos":201432,"secs":0},"gpu":{"nanos":8626375,"secs":0},"reused_bytes":2363392,"transient_live_bytes":524288,"transient_peak_bytes":2363392,"wait":{"nanos":8835875,"secs":0}},{"allocated_bytes":4,"allocation_time":{"nanos":2667,"secs":0},"allocations":1,"arena_capacity":245329920,"arena_high_water":268435456,"command_buffers":1,"completion_waits":1,"dispatches":591,"encode":{"nanos":198236,"secs":0},"gpu":{"nanos":8813375,"secs":0},"reused_bytes":2363392,"transient_live_bytes":524288,"transient_peak_bytes":2363392,"wait":{"nanos":9021709,"secs":0}},{"allocated_bytes":4,"allocation_time":{"nanos":2875,"secs":0},"allocations":1,"arena_capacity":245329920,"arena_high_water":268435456,"command_buffers":1,"completion_waits":1,"dispatches":591,"encode":{"nanos":197949,"secs":0},"gpu":{"nanos":8755375,"secs":0},"reused_bytes":2363392,"transient_live_bytes":524288,"transient_peak_bytes":2363392,"wait":{"nanos":8971625,"secs":0}},{"allocated_bytes":4,"allocation_time":{"nanos":3333,"secs":0},"allocations":1,"arena_capacity":245329920,"arena_high_water":268435456,"command_buffers":1,"completion_waits":1,"dispatches":591,"encode":{"nanos":224086,"secs":0},"gpu":{"nanos":8779500,"secs":0},"reused_bytes":2363392,"transient_live_bytes":524288,"transient_peak_bytes":2363392,"wait":{"nanos":8973125,"secs":0}},{"allocated_bytes":4,"allocation_time":{"nanos":3541,"secs":0},"allocations":1,"arena_capacity":245329920,"arena_high_water":268435456,"command_buffers":1,"completion_waits":1,"dispatches":591,"encode":{"nanos":227406,"secs":0},"gpu":{"nanos":9361958,"secs":0},"reused_bytes":2363392,"transient_live_bytes":524288,"transient_peak_bytes":2363392,"wait":{"nanos":9618417,"secs":0}},{"allocated_bytes":4,"allocation_time":{"nanos":4291,"secs":0},"allocations":1,"arena_capacity":245329920,"arena_high_water":268435456,"command_buffers":1,"completion_waits":1,"dispatches":591,"encode":{"nanos":216953,"secs":0},"gpu":{"nanos":8858083,"secs":0},"reused_bytes":2363392,"transient_live_bytes":524288,"transient_peak_bytes":2363392,"wait":{"nanos":9062459,"secs":0}},{"allocated_bytes":4,"allocation_time":{"nanos":2417,"secs":0},"allocations":1,"arena_capacity":245329920,"arena_high_water":268435456,"command_buffers":1,"completion_waits":1,"dispatches":591,"encode":{"nanos":219916,"secs":0},"gpu":{"nanos":8872500,"secs":0},"reused_bytes":2363392,"transient_live_bytes":524288,"transient_peak_bytes":2363392,"wait":{"nanos":9143750,"secs":0}},{"allocated_bytes":4,"allocation_time":{"nanos":3291,"secs":0},"allocations":1,"arena_capacity":245329920,"arena_high_water":268435456,"command_buffers":1,"completion_waits":1,"dispatches":591,"encode":{"nanos":212086,"secs":0},"gpu":{"nanos":8964958,"secs":0},"reused_bytes":2363392,"transient_live_bytes":524288,"transient_peak_bytes":2363392,"wait":{"nanos":9149167,"secs":0}},{"allocated_bytes":4,"allocation_time":{"nanos":2500,"secs":0},"allocations":1,"arena_capacity":245329920,"arena_high_water":268435456,"command_buffers":1,"completion_waits":1,"dispatches":591,"encode":{"nanos":202144,"secs":0},"gpu":{"nanos":8777125,"secs":0},"reused_bytes":2363392,"transient_live_bytes":524288,"transient_peak_bytes":2363392,"wait":{"nanos":9071083,"secs":0}},{"allocated_bytes":4,"allocation_time":{"nanos":2708,"secs":0},"allocations":1,"arena_capacity":245329920,"arena_high_water":268435456,"command_buffers":1,"completion_waits":1,"dispatches":591,"encode":{"nanos":192524,"secs":0},"gpu":{"nanos":9108292,"secs":0},"reused_bytes":2363392,"transient_live_bytes":524288,"transient_peak_bytes":2363392,"wait":{"nanos":9357000,"secs":0}},{"allocated_bytes":4,"allocation_time":{"nanos":2917,"secs":0},"allocations":1,"arena_capacity":245329920,"arena_high_water":268435456,"command_buffers":1,"completion_waits":1,"dispatches":591,"encode":{"nanos":190256,"secs":0},"gpu":{"nanos":9048833,"secs":0},"reused_bytes":2363392,"transient_live_bytes":524288,"transient_peak_bytes":2363392,"wait":{"nanos":9276167,"secs":0}},{"allocated_bytes":4,"allocation_time":{"nanos":2333,"secs":0},"allocations":1,"arena_capacity":245329920,"arena_high_water":268435456,"command_buffers":1,"completion_waits":1,"dispatches":591,"encode":{"nanos":194082,"secs":0},"gpu":{"nanos":8965625,"secs":0},"reused_bytes":2363392,"transient_live_bytes":524288,"transient_peak_bytes":2363392,"wait":{"nanos":9155292,"secs":0}},{"allocated_bytes":4,"allocation_time":{"nanos":2750,"secs":0},"allocations":1,"arena_capacity":245329920,"arena_high_water":268435456,"command_buffers":1,"completion_waits":1,"dispatches":591,"encode":{"nanos":191285,"secs":0},"gpu":{"nanos":8931208,"secs":0},"reused_bytes":2363392,"transient_live_bytes":524288,"transient_peak_bytes":2363392,"wait":{"nanos":9169250,"secs":0}},{"allocated_bytes":4,"allocation_time":{"nanos":2333,"secs":0},"allocations":1,"arena_capacity":245329920,"arena_high_water":268435456,"command_buffers":1,"completion_waits":1,"dispatches":591,"encode":{"nanos":194500,"secs":0},"gpu":{"nanos":8555375,"secs":0},"reused_bytes":2363392,"transient_live_bytes":524288,"transient_peak_bytes":2363392,"wait":{"nanos":8781875,"secs":0}},{"allocated_bytes":4,"allocation_time":{"nanos":3416,"secs":0},"allocations":1,"arena_capacity":245329920,"arena_high_water":268435456,"command_buffers":1,"completion_waits":1,"dispatches":591,"encode":{"nanos":194729,"secs":0},"gpu":{"nanos":9048375,"secs":0},"reused_bytes":2363392,"transient_live_bytes":524288,"transient_peak_bytes":2363392,"wait":{"nanos":9274083,"secs":0}},{"allocated_bytes":4,"allocation_time":{"nanos":2584,"secs":0},"allocations":1,"arena_capacity":245329920,"arena_high_water":268435456,"command_buffers":1,"completion_waits":1,"dispatches":591,"encode":{"nanos":193657,"secs":0},"gpu":{"nanos":8563125,"secs":0},"reused_bytes":2363392,"transient_live_bytes":524288,"transient_peak_bytes":2363392,"wait":{"nanos":8785584,"secs":0}},{"allocated_bytes":4,"allocation_time":{"nanos":2750,"secs":0},"allocations":1,"arena_capacity":245329920,"arena_high_water":268435456,"command_buffers":1,"completion_waits":1,"dispatches":591,"encode":{"nanos":193679,"secs":0},"gpu":{"nanos":9111750,"secs":0},"reused_bytes":2363392,"transient_live_bytes":524288,"transient_peak_bytes":2363392,"wait":{"nanos":9329709,"secs":0}},{"allocated_bytes":4,"allocation_time":{"nanos":4041,"secs":0},"allocations":1,"arena_capacity":245329920,"arena_high_water":268435456,"command_buffers":1,"completion_waits":1,"dispatches":591,"encode":{"nanos":219667,"secs":0},"gpu":{"nanos":8645125,"secs":0},"reused_bytes":2363392,"transient_live_bytes":524288,"transient_peak_bytes":2363392,"wait":{"nanos":8839500,"secs":0}},{"allocated_bytes":4,"allocation_time":{"nanos":3792,"secs":0},"allocations":1,"arena_capacity":245329920,"arena_high_water":268435456,"command_buffers":1,"completion_waits":1,"dispatches":591,"encode":{"nanos":211001,"secs":0},"gpu":{"nanos":9202125,"secs":0},"reused_bytes":2363392,"transient_live_bytes":524288,"transient_peak_bytes":2363392,"wait":{"nanos":9390583,"secs":0}},{"allocated_bytes":4,"allocation_time":{"nanos":3459,"secs":0},"allocations":1,"arena_capacity":245329920,"arena_high_water":268435456,"command_buffers":1,"completion_waits":1,"dispatches":591,"encode":{"nanos":196642,"secs":0},"gpu":{"nanos":8708875,"secs":0},"reused_bytes":2363392,"transient_live_bytes":524288,"transient_peak_bytes":2363392,"wait":{"nanos":8956500,"secs":0}},{"allocated_bytes":4,"allocation_time":{"nanos":3000,"secs":0},"allocations":1,"arena_capacity":245329920,"arena_high_water":268435456,"command_buffers":1,"completion_waits":1,"dispatches":591,"encode":{"nanos":197895,"secs":0},"gpu":{"nanos":8880500,"secs":0},"reused_bytes":2363392,"transient_live_bytes":524288,"transient_peak_bytes":2363392,"wait":{"nanos":9119917,"secs":0}},{"allocated_bytes":4,"allocation_time":{"nanos":3083,"secs":0},"allocations":1,"arena_capacity":245329920,"arena_high_water":268435456,"command_buffers":1,"completion_waits":1,"dispatches":591,"encode":{"nanos":194173,"secs":0},"gpu":{"nanos":9258500,"secs":0},"reused_bytes":2363392,"transient_live_bytes":524288,"transient_peak_bytes":2363392,"wait":{"nanos":9483750,"secs":0}},{"allocated_bytes":4,"allocation_time":{"nanos":2416,"secs":0},"allocations":1,"arena_capacity":245329920,"arena_high_water":268435456,"command_buffers":1,"completion_waits":1,"dispatches":591,"encode":{"nanos":198584,"secs":0},"gpu":{"nanos":8366583,"secs":0},"reused_bytes":2363392,"transient_live_bytes":524288,"transient_peak_bytes":2363392,"wait":{"nanos":8590000,"secs":0}},{"allocated_bytes":4,"allocation_time":{"nanos":3958,"secs":0},"allocations":1,"arena_capacity":245329920,"arena_high_water":268435456,"command_buffers":1,"completion_waits":1,"dispatches":591,"encode":{"nanos":197202,"secs":0},"gpu":{"nanos":9469375,"secs":0},"reused_bytes":2363392,"transient_live_bytes":524288,"transient_peak_bytes":2363392,"wait":{"nanos":9698375,"secs":0}},{"allocated_bytes":4,"allocation_time":{"nanos":3333,"secs":0},"allocations":1,"arena_capacity":245329920,"arena_high_water":268435456,"command_buffers":1,"completion_waits":1,"dispatches":591,"encode":{"nanos":202091,"secs":0},"gpu":{"nanos":9229625,"secs":0},"reused_bytes":2363392,"transient_live_bytes":524288,"transient_peak_bytes":2363392,"wait":{"nanos":9429458,"secs":0}},{"allocated_bytes":4,"allocation_time":{"nanos":2583,"secs":0},"allocations":1,"arena_capacity":245329920,"arena_high_water":268435456,"command_buffers":1,"completion_waits":1,"dispatches":591,"encode":{"nanos":199829,"secs":0},"gpu":{"nanos":9495917,"secs":0},"reused_bytes":2478080,"transient_live_bytes":524288,"transient_peak_bytes":2478080,"wait":{"nanos":9736084,"secs":0}},{"allocated_bytes":4,"allocation_time":{"nanos":2500,"secs":0},"allocations":1,"arena_capacity":245329920,"arena_high_water":268435456,"command_buffers":1,"completion_waits":1,"dispatches":591,"encode":{"nanos":193707,"secs":0},"gpu":{"nanos":8964625,"secs":0},"reused_bytes":2478080,"transient_live_bytes":524288,"transient_peak_bytes":2478080,"wait":{"nanos":9193000,"secs":0}},{"allocated_bytes":4,"allocation_time":{"nanos":2417,"secs":0},"allocations":1,"arena_capacity":245329920,"arena_high_water":268435456,"command_buffers":1,"completion_waits":1,"dispatches":591,"encode":{"nanos":201159,"secs":0},"gpu":{"nanos":9282125,"secs":0},"reused_bytes":2478080,"transient_live_bytes":524288,"transient_peak_bytes":2478080,"wait":{"nanos":9526875,"secs":0}},{"allocated_bytes":4,"allocation_time":{"nanos":3084,"secs":0},"allocations":1,"arena_capacity":245329920,"arena_high_water":268435456,"command_buffers":1,"completion_waits":1,"dispatches":591,"encode":{"nanos":194932,"secs":0},"gpu":{"nanos":8531792,"secs":0},"reused_bytes":2478080,"transient_live_bytes":524288,"transient_peak_bytes":2478080,"wait":{"nanos":8788125,"secs":0}},{"allocated_bytes":4,"allocation_time":{"nanos":3500,"secs":0},"allocations":1,"arena_capacity":245329920,"arena_high_water":268435456,"command_buffers":1,"completion_waits":1,"dispatches":591,"encode":{"nanos":199160,"secs":0},"gpu":{"nanos":8501375,"secs":0},"reused_bytes":2478080,"transient_live_bytes":524288,"transient_peak_bytes":2478080,"wait":{"nanos":8725875,"secs":0}},{"allocated_bytes":4,"allocation_time":{"nanos":2834,"secs":0},"allocations":1,"arena_capacity":245329920,"arena_high_water":268435456,"command_buffers":1,"completion_waits":1,"dispatches":591,"encode":{"nanos":197855,"secs":0},"gpu":{"nanos":8932125,"secs":0},"reused_bytes":2478080,"transient_live_bytes":524288,"transient_peak_bytes":2478080,"wait":{"nanos":9147125,"secs":0}},{"allocated_bytes":4,"allocation_time":{"nanos":3917,"secs":0},"allocations":1,"arena_capacity":245329920,"arena_high_water":268435456,"command_buffers":1,"completion_waits":1,"dispatches":591,"encode":{"nanos":201998,"secs":0},"gpu":{"nanos":8993667,"secs":0},"reused_bytes":2478080,"transient_live_bytes":524288,"transient_peak_bytes":2478080,"wait":{"nanos":9224667,"secs":0}},{"allocated_bytes":4,"allocation_time":{"nanos":3750,"secs":0},"allocations":1,"arena_capacity":245329920,"arena_high_water":268435456,"command_buffers":1,"completion_waits":1,"dispatches":591,"encode":{"nanos":197121,"secs":0},"gpu":{"nanos":8556917,"secs":0},"reused_bytes":2478080,"transient_live_bytes":524288,"transient_peak_bytes":2478080,"wait":{"nanos":8793417,"secs":0}},{"allocated_bytes":4,"allocation_time":{"nanos":3000,"secs":0},"allocations":1,"arena_capacity":245329920,"arena_high_water":268435456,"command_buffers":1,"completion_waits":1,"dispatches":591,"encode":{"nanos":207722,"secs":0},"gpu":{"nanos":8680167,"secs":0},"reused_bytes":2478080,"transient_live_bytes":524288,"transient_peak_bytes":2478080,"wait":{"nanos":8939667,"secs":0}},{"allocated_bytes":4,"allocation_time":{"nanos":2917,"secs":0},"allocations":1,"arena_capacity":245329920,"arena_high_water":268435456,"command_buffers":1,"completion_waits":1,"dispatches":591,"encode":{"nanos":191541,"secs":0},"gpu":{"nanos":9060750,"secs":0},"reused_bytes":2478080,"transient_live_bytes":524288,"transient_peak_bytes":2478080,"wait":{"nanos":9294167,"secs":0}},{"allocated_bytes":4,"allocation_time":{"nanos":3208,"secs":0},"allocations":1,"arena_capacity":245329920,"arena_high_water":268435456,"command_buffers":1,"completion_waits":1,"dispatches":591,"encode":{"nanos":191677,"secs":0},"gpu":{"nanos":8982000,"secs":0},"reused_bytes":2478080,"transient_live_bytes":524288,"transient_peak_bytes":2478080,"wait":{"nanos":9195042,"secs":0}},{"allocated_bytes":4,"allocation_time":{"nanos":3041,"secs":0},"allocations":1,"arena_capacity":245329920,"arena_high_water":268435456,"command_buffers":1,"completion_waits":1,"dispatches":591,"encode":{"nanos":194542,"secs":0},"gpu":{"nanos":8878625,"secs":0},"reused_bytes":2478080,"transient_live_bytes":524288,"transient_peak_bytes":2478080,"wait":{"nanos":9092584,"secs":0}},{"allocated_bytes":4,"allocation_time":{"nanos":2750,"secs":0},"allocations":1,"arena_capacity":245329920,"arena_high_water":268435456,"command_buffers":1,"completion_waits":1,"dispatches":591,"encode":{"nanos":197815,"secs":0},"gpu":{"nanos":8972458,"secs":0},"reused_bytes":2478080,"transient_live_bytes":524288,"transient_peak_bytes":2478080,"wait":{"nanos":9180166,"secs":0}},{"allocated_bytes":4,"allocation_time":{"nanos":3000,"secs":0},"allocations":1,"arena_capacity":245329920,"arena_high_water":268435456,"command_buffers":1,"completion_waits":1,"dispatches":591,"encode":{"nanos":192877,"secs":0},"gpu":{"nanos":8905750,"secs":0},"reused_bytes":2478080,"transient_live_bytes":524288,"transient_peak_bytes":2478080,"wait":{"nanos":9126125,"secs":0}},{"allocated_bytes":4,"allocation_time":{"nanos":3292,"secs":0},"allocations":1,"arena_capacity":245329920,"arena_high_water":268435456,"command_buffers":1,"completion_waits":1,"dispatches":591,"encode":{"nanos":193928,"secs":0},"gpu":{"nanos":8803125,"secs":0},"reused_bytes":2478080,"transient_live_bytes":524288,"transient_peak_bytes":2478080,"wait":{"nanos":9043292,"secs":0}},{"allocated_bytes":4,"allocation_time":{"nanos":2958,"secs":0},"allocations":1,"arena_capacity":245329920,"arena_high_water":268435456,"command_buffers":1,"completion_waits":1,"dispatches":591,"encode":{"nanos":190418,"secs":0},"gpu":{"nanos":9058250,"secs":0},"reused_bytes":2478080,"transient_live_bytes":524288,"transient_peak_bytes":2478080,"wait":{"nanos":9317334,"secs":0}},{"allocated_bytes":4,"allocation_time":{"nanos":3125,"secs":0},"allocations":1,"arena_capacity":245329920,"arena_high_water":268435456,"command_buffers":1,"completion_waits":1,"dispatches":591,"encode":{"nanos":207637,"secs":0},"gpu":{"nanos":8834458,"secs":0},"reused_bytes":2478080,"transient_live_bytes":524288,"transient_peak_bytes":2478080,"wait":{"nanos":9098750,"secs":0}},{"allocated_bytes":4,"allocation_time":{"nanos":3250,"secs":0},"allocations":1,"arena_capacity":245329920,"arena_high_water":268435456,"command_buffers":1,"completion_waits":1,"dispatches":591,"encode":{"nanos":191407,"secs":0},"gpu":{"nanos":8971667,"secs":0},"reused_bytes":2478080,"transient_live_bytes":524288,"transient_peak_bytes":2478080,"wait":{"nanos":9219292,"secs":0}},{"allocated_bytes":4,"allocation_time":{"nanos":3291,"secs":0},"allocations":1,"arena_capacity":245329920,"arena_high_water":268435456,"command_buffers":1,"completion_waits":1,"dispatches":591,"encode":{"nanos":197747,"secs":0},"gpu":{"nanos":8899000,"secs":0},"reused_bytes":2478080,"transient_live_bytes":524288,"transient_peak_bytes":2478080,"wait":{"nanos":9170833,"secs":0}},{"allocated_bytes":4,"allocation_time":{"nanos":3375,"secs":0},"allocations":1,"arena_capacity":245329920,"arena_high_water":268435456,"command_buffers":1,"completion_waits":1,"dispatches":591,"encode":{"nanos":203236,"secs":0},"gpu":{"nanos":8951750,"secs":0},"reused_bytes":2478080,"transient_live_bytes":524288,"transient_peak_bytes":2478080,"wait":{"nanos":9220542,"secs":0}},{"allocated_bytes":4,"allocation_time":{"nanos":2958,"secs":0},"allocations":1,"arena_capacity":245329920,"arena_high_water":268435456,"command_buffers":1,"completion_waits":1,"dispatches":591,"encode":{"nanos":195905,"secs":0},"gpu":{"nanos":8913542,"secs":0},"reused_bytes":2478080,"transient_live_bytes":524288,"transient_peak_bytes":2478080,"wait":{"nanos":9190292,"secs":0}},{"allocated_bytes":4,"allocation_time":{"nanos":3042,"secs":0},"allocations":1,"arena_capacity":245329920,"arena_high_water":268435456,"command_buffers":1,"completion_waits":1,"dispatches":591,"encode":{"nanos":199518,"secs":0},"gpu":{"nanos":9010958,"secs":0},"reused_bytes":2478080,"transient_live_bytes":524288,"transient_peak_bytes":2478080,"wait":{"nanos":9280000,"secs":0}},{"allocated_bytes":4,"allocation_time":{"nanos":3708,"secs":0},"allocations":1,"arena_capacity":245329920,"arena_high_water":268435456,"command_buffers":1,"completion_waits":1,"dispatches":591,"encode":{"nanos":190308,"secs":0},"gpu":{"nanos":9085375,"secs":0},"reused_bytes":2478080,"transient_live_bytes":524288,"transient_peak_bytes":2478080,"wait":{"nanos":9330792,"secs":0}},{"allocated_bytes":4,"allocation_time":{"nanos":3250,"secs":0},"allocations":1,"arena_capacity":245329920,"arena_high_water":268435456,"command_buffers":1,"completion_waits":1,"dispatches":591,"encode":{"nanos":190136,"secs":0},"gpu":{"nanos":9234542,"secs":0},"reused_bytes":2478080,"transient_live_bytes":524288,"transient_peak_bytes":2478080,"wait":{"nanos":9496083,"secs":0}},{"allocated_bytes":4,"allocation_time":{"nanos":3250,"secs":0},"allocations":1,"arena_capacity":245329920,"arena_high_water":268435456,"command_buffers":1,"completion_waits":1,"dispatches":591,"encode":{"nanos":194616,"secs":0},"gpu":{"nanos":9185625,"secs":0},"reused_bytes":2478080,"transient_live_bytes":524288,"transient_peak_bytes":2478080,"wait":{"nanos":9467625,"secs":0}},{"allocated_bytes":4,"allocation_time":{"nanos":2958,"secs":0},"allocations":1,"arena_capacity":245329920,"arena_high_water":268435456,"command_buffers":1,"completion_waits":1,"dispatches":591,"encode":{"nanos":192605,"secs":0},"gpu":{"nanos":9568042,"secs":0},"reused_bytes":2478080,"transient_live_bytes":524288,"transient_peak_bytes":2478080,"wait":{"nanos":9832083,"secs":0}},{"allocated_bytes":4,"allocation_time":{"nanos":2959,"secs":0},"allocations":1,"arena_capacity":245329920,"arena_high_water":268435456,"command_buffers":1,"completion_waits":1,"dispatches":591,"encode":{"nanos":193461,"secs":0},"gpu":{"nanos":9395458,"secs":0},"reused_bytes":2478080,"transient_live_bytes":524288,"transient_peak_bytes":2478080,"wait":{"nanos":9644417,"secs":0}},{"allocated_bytes":4,"allocation_time":{"nanos":3250,"secs":0},"allocations":1,"arena_capacity":245329920,"arena_high_water":268435456,"command_buffers":1,"completion_waits":1,"dispatches":591,"encode":{"nanos":197769,"secs":0},"gpu":{"nanos":9312875,"secs":0},"reused_bytes":2478080,"transient_live_bytes":524288,"transient_peak_bytes":2478080,"wait":{"nanos":9563666,"secs":0}},{"allocated_bytes":4,"allocation_time":{"nanos":4375,"secs":0},"allocations":1,"arena_capacity":245329920,"arena_high_water":268435456,"command_buffers":1,"completion_waits":1,"dispatches":591,"encode":{"nanos":199736,"secs":0},"gpu":{"nanos":9281500,"secs":0},"reused_bytes":2478080,"transient_live_bytes":524288,"transient_peak_bytes":2478080,"wait":{"nanos":9526167,"secs":0}},{"allocated_bytes":4,"allocation_time":{"nanos":3958,"secs":0},"allocations":1,"arena_capacity":245329920,"arena_high_water":268435456,"command_buffers":1,"completion_waits":1,"dispatches":591,"encode":{"nanos":199527,"secs":0},"gpu":{"nanos":9570000,"secs":0},"reused_bytes":2478080,"transient_live_bytes":524288,"transient_peak_bytes":2478080,"wait":{"nanos":9836958,"secs":0}},{"allocated_bytes":4,"allocation_time":{"nanos":4000,"secs":0},"allocations":1,"arena_capacity":245329920,"arena_high_water":268435456,"command_buffers":1,"completion_waits":1,"dispatches":591,"encode":{"nanos":208458,"secs":0},"gpu":{"nanos":8927042,"secs":0},"reused_bytes":2478080,"transient_live_bytes":524288,"transient_peak_bytes":2478080,"wait":{"nanos":9176500,"secs":0}},{"allocated_bytes":4,"allocation_time":{"nanos":3292,"secs":0},"allocations":1,"arena_capacity":245329920,"arena_high_water":268435456,"command_buffers":1,"completion_waits":1,"dispatches":591,"encode":{"nanos":194163,"secs":0},"gpu":{"nanos":9167875,"secs":0},"reused_bytes":2478080,"transient_live_bytes":524288,"transient_peak_bytes":2478080,"wait":{"nanos":9435500,"secs":0}},{"allocated_bytes":4,"allocation_time":{"nanos":4667,"secs":0},"allocations":1,"arena_capacity":245329920,"arena_high_water":268435456,"command_buffers":1,"completion_waits":1,"dispatches":591,"encode":{"nanos":204767,"secs":0},"gpu":{"nanos":9016750,"secs":0},"reused_bytes":2478080,"transient_live_bytes":524288,"transient_peak_bytes":2478080,"wait":{"nanos":9286917,"secs":0}},{"allocated_bytes":4,"allocation_time":{"nanos":3666,"secs":0},"allocations":1,"arena_capacity":245329920,"arena_high_water":268435456,"command_buffers":1,"completion_waits":1,"dispatches":591,"encode":{"nanos":198185,"secs":0},"gpu":{"nanos":9171750,"secs":0},"reused_bytes":2478080,"transient_live_bytes":524288,"transient_peak_bytes":2478080,"wait":{"nanos":9444166,"secs":0}},{"allocated_bytes":4,"allocation_time":{"nanos":3208,"secs":0},"allocations":1,"arena_capacity":245329920,"arena_high_water":268435456,"command_buffers":1,"completion_waits":1,"dispatches":591,"encode":{"nanos":196406,"secs":0},"gpu":{"nanos":9252958,"secs":0},"reused_bytes":2478080,"transient_live_bytes":524288,"transient_peak_bytes":2478080,"wait":{"nanos":9519458,"secs":0}},{"allocated_bytes":4,"allocation_time":{"nanos":3250,"secs":0},"allocations":1,"arena_capacity":245329920,"arena_high_water":268435456,"command_buffers":1,"completion_waits":1,"dispatches":591,"encode":{"nanos":197564,"secs":0},"gpu":{"nanos":9850000,"secs":0},"reused_bytes":2478080,"transient_live_bytes":524288,"transient_peak_bytes":2478080,"wait":{"nanos":10106083,"secs":0}},{"allocated_bytes":4,"allocation_time":{"nanos":2916,"secs":0},"allocations":1,"arena_capacity":245329920,"arena_high_water":268435456,"command_buffers":1,"completion_waits":1,"dispatches":591,"encode":{"nanos":196512,"secs":0},"gpu":{"nanos":9578625,"secs":0},"reused_bytes":2478080,"transient_live_bytes":524288,"transient_peak_bytes":2478080,"wait":{"nanos":9826667,"secs":0}},{"allocated_bytes":4,"allocation_time":{"nanos":2875,"secs":0},"allocations":1,"arena_capacity":245329920,"arena_high_water":268435456,"command_buffers":1,"completion_waits":1,"dispatches":591,"encode":{"nanos":194217,"secs":0},"gpu":{"nanos":9296708,"secs":0},"reused_bytes":2478080,"transient_live_bytes":524288,"transient_peak_bytes":2478080,"wait":{"nanos":9543958,"secs":0}},{"allocated_bytes":4,"allocation_time":{"nanos":2333,"secs":0},"allocations":1,"arena_capacity":245329920,"arena_high_water":268435456,"command_buffers":1,"completion_waits":1,"dispatches":591,"encode":{"nanos":198032,"secs":0},"gpu":{"nanos":9357125,"secs":0},"reused_bytes":2478080,"transient_live_bytes":524288,"transient_peak_bytes":2478080,"wait":{"nanos":9569416,"secs":0}},{"allocated_bytes":4,"allocation_time":{"nanos":3125,"secs":0},"allocations":1,"arena_capacity":245329920,"arena_high_water":268435456,"command_buffers":1,"completion_waits":1,"dispatches":591,"encode":{"nanos":194665,"secs":0},"gpu":{"nanos":9110250,"secs":0},"reused_bytes":2478080,"transient_live_bytes":524288,"transient_peak_bytes":2478080,"wait":{"nanos":9378833,"secs":0}},{"allocated_bytes":4,"allocation_time":{"nanos":2875,"secs":0},"allocations":1,"arena_capacity":245329920,"arena_high_water":268435456,"command_buffers":1,"completion_waits":1,"dispatches":591,"encode":{"nanos":194939,"secs":0},"gpu":{"nanos":9295417,"secs":0},"reused_bytes":2478080,"transient_live_bytes":524288,"transient_peak_bytes":2478080,"wait":{"nanos":9530917,"secs":0}},{"allocated_bytes":4,"allocation_time":{"nanos":4667,"secs":0},"allocations":1,"arena_capacity":245329920,"arena_high_water":268435456,"command_buffers":1,"completion_waits":1,"dispatches":591,"encode":{"nanos":200351,"secs":0},"gpu":{"nanos":9244542,"secs":0},"reused_bytes":2478080,"transient_live_bytes":524288,"transient_peak_bytes":2478080,"wait":{"nanos":9496083,"secs":0}},{"allocated_bytes":4,"allocation_time":{"nanos":3084,"secs":0},"allocations":1,"arena_capacity":245329920,"arena_high_water":268435456,"command_buffers":1,"completion_waits":1,"dispatches":591,"encode":{"nanos":203662,"secs":0},"gpu":{"nanos":9609625,"secs":0},"reused_bytes":2478080,"transient_live_bytes":524288,"transient_peak_bytes":2478080,"wait":{"nanos":9868833,"secs":0}},{"allocated_bytes":4,"allocation_time":{"nanos":3792,"secs":0},"allocations":1,"arena_capacity":245329920,"arena_high_water":268435456,"command_buffers":1,"completion_waits":1,"dispatches":591,"encode":{"nanos":222615,"secs":0},"gpu":{"nanos":9492083,"secs":0},"reused_bytes":2478080,"transient_live_bytes":524288,"transient_peak_bytes":2478080,"wait":{"nanos":9743792,"secs":0}},{"allocated_bytes":4,"allocation_time":{"nanos":7042,"secs":0},"allocations":1,"arena_capacity":245329920,"arena_high_water":268435456,"command_buffers":1,"completion_waits":1,"dispatches":591,"encode":{"nanos":236101,"secs":0},"gpu":{"nanos":8887167,"secs":0},"reused_bytes":2478080,"transient_live_bytes":524288,"transient_peak_bytes":2478080,"wait":{"nanos":9114875,"secs":0}},{"allocated_bytes":4,"allocation_time":{"nanos":5292,"secs":0},"allocations":1,"arena_capacity":245329920,"arena_high_water":268435456,"command_buffers":1,"completion_waits":1,"dispatches":591,"encode":{"nanos":228919,"secs":0},"gpu":{"nanos":9174125,"secs":0},"reused_bytes":2478080,"transient_live_bytes":524288,"transient_peak_bytes":2478080,"wait":{"nanos":9378209,"secs":0}},{"allocated_bytes":4,"allocation_time":{"nanos":4875,"secs":0},"allocations":1,"arena_capacity":245329920,"arena_high_water":268435456,"command_buffers":1,"completion_waits":1,"dispatches":591,"encode":{"nanos":219045,"secs":0},"gpu":{"nanos":8970167,"secs":0},"reused_bytes":2478080,"transient_live_bytes":524288,"transient_peak_bytes":2478080,"wait":{"nanos":9201667,"secs":0}},{"allocated_bytes":4,"allocation_time":{"nanos":3334,"secs":0},"allocations":1,"arena_capacity":245329920,"arena_high_water":268435456,"command_buffers":1,"completion_waits":1,"dispatches":591,"encode":{"nanos":199619,"secs":0},"gpu":{"nanos":9177500,"secs":0},"reused_bytes":2478080,"transient_live_bytes":524288,"transient_peak_bytes":2478080,"wait":{"nanos":9388875,"secs":0}},{"allocated_bytes":4,"allocation_time":{"nanos":3625,"secs":0},"allocations":1,"arena_capacity":245329920,"arena_high_water":268435456,"command_buffers":1,"completion_waits":1,"dispatches":591,"encode":{"nanos":196090,"secs":0},"gpu":{"nanos":9036125,"secs":0},"reused_bytes":2478080,"transient_live_bytes":524288,"transient_peak_bytes":2478080,"wait":{"nanos":9255750,"secs":0}},{"allocated_bytes":4,"allocation_time":{"nanos":2709,"secs":0},"allocations":1,"arena_capacity":245329920,"arena_high_water":268435456,"command_buffers":1,"completion_waits":1,"dispatches":591,"encode":{"nanos":194325,"secs":0},"gpu":{"nanos":9504042,"secs":0},"reused_bytes":2478080,"transient_live_bytes":524288,"transient_peak_bytes":2478080,"wait":{"nanos":9758500,"secs":0}},{"allocated_bytes":4,"allocation_time":{"nanos":3792,"secs":0},"allocations":1,"arena_capacity":245329920,"arena_high_water":268435456,"command_buffers":1,"completion_waits":1,"dispatches":591,"encode":{"nanos":195657,"secs":0},"gpu":{"nanos":9408833,"secs":0},"reused_bytes":2478080,"transient_live_bytes":524288,"transient_peak_bytes":2478080,"wait":{"nanos":9649916,"secs":0}},{"allocated_bytes":4,"allocation_time":{"nanos":3375,"secs":0},"allocations":1,"arena_capacity":245329920,"arena_high_water":268435456,"command_buffers":1,"completion_waits":1,"dispatches":591,"encode":{"nanos":191263,"secs":0},"gpu":{"nanos":9108625,"secs":0},"reused_bytes":2478080,"transient_live_bytes":524288,"transient_peak_bytes":2478080,"wait":{"nanos":9369084,"secs":0}},{"allocated_bytes":4,"allocation_time":{"nanos":3250,"secs":0},"allocations":1,"arena_capacity":245329920,"arena_high_water":268435456,"command_buffers":1,"completion_waits":1,"dispatches":591,"encode":{"nanos":193218,"secs":0},"gpu":{"nanos":9282292,"secs":0},"reused_bytes":2478080,"transient_live_bytes":524288,"transient_peak_bytes":2478080,"wait":{"nanos":9543542,"secs":0}},{"allocated_bytes":4,"allocation_time":{"nanos":4042,"secs":0},"allocations":1,"arena_capacity":245329920,"arena_high_water":268435456,"command_buffers":1,"completion_waits":1,"dispatches":591,"encode":{"nanos":197932,"secs":0},"gpu":{"nanos":9171333,"secs":0},"reused_bytes":2478080,"transient_live_bytes":524288,"transient_peak_bytes":2478080,"wait":{"nanos":9509291,"secs":0}},{"allocated_bytes":4,"allocation_time":{"nanos":3167,"secs":0},"allocations":1,"arena_capacity":245329920,"arena_high_water":268435456,"command_buffers":1,"completion_waits":1,"dispatches":591,"encode":{"nanos":202420,"secs":0},"gpu":{"nanos":9407250,"secs":0},"reused_bytes":2478080,"transient_live_bytes":524288,"transient_peak_bytes":2478080,"wait":{"nanos":9673917,"secs":0}},{"allocated_bytes":4,"allocation_time":{"nanos":2667,"secs":0},"allocations":1,"arena_capacity":245329920,"arena_high_water":268435456,"command_buffers":1,"completion_waits":1,"dispatches":591,"encode":{"nanos":195405,"secs":0},"gpu":{"nanos":9374625,"secs":0},"reused_bytes":2478080,"transient_live_bytes":524288,"transient_peak_bytes":2478080,"wait":{"nanos":9646291,"secs":0}},{"allocated_bytes":4,"allocation_time":{"nanos":3708,"secs":0},"allocations":1,"arena_capacity":245329920,"arena_high_water":268435456,"command_buffers":1,"completion_waits":1,"dispatches":591,"encode":{"nanos":197626,"secs":0},"gpu":{"nanos":9427750,"secs":0},"reused_bytes":2478080,"transient_live_bytes":524288,"transient_peak_bytes":2478080,"wait":{"nanos":9698583,"secs":0}},{"allocated_bytes":4,"allocation_time":{"nanos":3541,"secs":0},"allocations":1,"arena_capacity":245329920,"arena_high_water":268435456,"command_buffers":1,"completion_waits":1,"dispatches":591,"encode":{"nanos":195934,"secs":0},"gpu":{"nanos":9016208,"secs":0},"reused_bytes":2478080,"transient_live_bytes":524288,"transient_peak_bytes":2478080,"wait":{"nanos":9288916,"secs":0}},{"allocated_bytes":4,"allocation_time":{"nanos":3500,"secs":0},"allocations":1,"arena_capacity":245329920,"arena_high_water":268435456,"command_buffers":1,"completion_waits":1,"dispatches":591,"encode":{"nanos":196330,"secs":0},"gpu":{"nanos":9229375,"secs":0},"reused_bytes":2478080,"transient_live_bytes":524288,"transient_peak_bytes":2478080,"wait":{"nanos":9501542,"secs":0}},{"allocated_bytes":4,"allocation_time":{"nanos":3083,"secs":0},"allocations":1,"arena_capacity":245329920,"arena_high_water":268435456,"command_buffers":1,"completion_waits":1,"dispatches":591,"encode":{"nanos":196262,"secs":0},"gpu":{"nanos":9560333,"secs":0},"reused_bytes":2478080,"transient_live_bytes":524288,"transient_peak_bytes":2478080,"wait":{"nanos":9805875,"secs":0}},{"allocated_bytes":4,"allocation_time":{"nanos":3541,"secs":0},"allocations":1,"arena_capacity":245329920,"arena_high_water":268435456,"command_buffers":1,"completion_waits":1,"dispatches":591,"encode":{"nanos":200513,"secs":0},"gpu":{"nanos":9328583,"secs":0},"reused_bytes":2478080,"transient_live_bytes":524288,"transient_peak_bytes":2478080,"wait":{"nanos":9590333,"secs":0}},{"allocated_bytes":4,"allocation_time":{"nanos":3167,"secs":0},"allocations":1,"arena_capacity":245329920,"arena_high_water":268435456,"command_buffers":1,"completion_waits":1,"dispatches":591,"encode":{"nanos":194096,"secs":0},"gpu":{"nanos":9516875,"secs":0},"reused_bytes":2478080,"transient_live_bytes":524288,"transient_peak_bytes":2478080,"wait":{"nanos":9784167,"secs":0}},{"allocated_bytes":4,"allocation_time":{"nanos":2792,"secs":0},"allocations":1,"arena_capacity":245329920,"arena_high_water":268435456,"command_buffers":1,"completion_waits":1,"dispatches":591,"encode":{"nanos":194370,"secs":0},"gpu":{"nanos":9618125,"secs":0},"reused_bytes":2478080,"transient_live_bytes":524288,"transient_peak_bytes":2478080,"wait":{"nanos":9943500,"secs":0}},{"allocated_bytes":4,"allocation_time":{"nanos":3125,"secs":0},"allocations":1,"arena_capacity":245329920,"arena_high_water":268435456,"command_buffers":1,"completion_waits":1,"dispatches":591,"encode":{"nanos":196088,"secs":0},"gpu":{"nanos":8625917,"secs":0},"reused_bytes":2478080,"transient_live_bytes":524288,"transient_peak_bytes":2478080,"wait":{"nanos":8890417,"secs":0}},{"allocated_bytes":4,"allocation_time":{"nanos":3208,"secs":0},"allocations":1,"arena_capacity":245329920,"arena_high_water":268435456,"command_buffers":1,"completion_waits":1,"dispatches":591,"encode":{"nanos":200297,"secs":0},"gpu":{"nanos":8512833,"secs":0},"reused_bytes":2707456,"transient_live_bytes":524288,"transient_peak_bytes":2707456,"wait":{"nanos":8751750,"secs":0}},{"allocated_bytes":4,"allocation_time":{"nanos":2834,"secs":0},"allocations":1,"arena_capacity":245329920,"arena_high_water":268435456,"command_buffers":1,"completion_waits":1,"dispatches":591,"encode":{"nanos":202546,"secs":0},"gpu":{"nanos":8561417,"secs":0},"reused_bytes":2707456,"transient_live_bytes":524288,"transient_peak_bytes":2707456,"wait":{"nanos":8829292,"secs":0}},{"allocated_bytes":4,"allocation_time":{"nanos":3375,"secs":0},"allocations":1,"arena_capacity":245329920,"arena_high_water":268435456,"command_buffers":1,"completion_waits":1,"dispatches":591,"encode":{"nanos":195461,"secs":0},"gpu":{"nanos":8442625,"secs":0},"reused_bytes":2707456,"transient_live_bytes":524288,"transient_peak_bytes":2707456,"wait":{"nanos":8713083,"secs":0}},{"allocated_bytes":4,"allocation_time":{"nanos":2916,"secs":0},"allocations":1,"arena_capacity":245329920,"arena_high_water":268435456,"command_buffers":1,"completion_waits":1,"dispatches":591,"encode":{"nanos":195485,"secs":0},"gpu":{"nanos":8469875,"secs":0},"reused_bytes":2707456,"transient_live_bytes":524288,"transient_peak_bytes":2707456,"wait":{"nanos":8729959,"secs":0}},{"allocated_bytes":4,"allocation_time":{"nanos":3042,"secs":0},"allocations":1,"arena_capacity":245329920,"arena_high_water":268435456,"command_buffers":1,"completion_waits":1,"dispatches":591,"encode":{"nanos":192835,"secs":0},"gpu":{"nanos":8624167,"secs":0},"reused_bytes":2707456,"transient_live_bytes":524288,"transient_peak_bytes":2707456,"wait":{"nanos":8914667,"secs":0}},{"allocated_bytes":4,"allocation_time":{"nanos":4292,"secs":0},"allocations":1,"arena_capacity":245329920,"arena_high_water":268435456,"command_buffers":1,"completion_waits":1,"dispatches":591,"encode":{"nanos":200412,"secs":0},"gpu":{"nanos":8863375,"secs":0},"reused_bytes":2707456,"transient_live_bytes":524288,"transient_peak_bytes":2707456,"wait":{"nanos":9144708,"secs":0}},{"allocated_bytes":4,"allocation_time":{"nanos":2917,"secs":0},"allocations":1,"arena_capacity":245329920,"arena_high_water":268435456,"command_buffers":1,"completion_waits":1,"dispatches":591,"encode":{"nanos":197822,"secs":0},"gpu":{"nanos":8873292,"secs":0},"reused_bytes":2707456,"transient_live_bytes":524288,"transient_peak_bytes":2707456,"wait":{"nanos":9135125,"secs":0}},{"allocated_bytes":4,"allocation_time":{"nanos":2459,"secs":0},"allocations":1,"arena_capacity":245329920,"arena_high_water":268435456,"command_buffers":1,"completion_waits":1,"dispatches":591,"encode":{"nanos":194093,"secs":0},"gpu":{"nanos":8792875,"secs":0},"reused_bytes":2707456,"transient_live_bytes":524288,"transient_peak_bytes":2707456,"wait":{"nanos":9036791,"secs":0}},{"allocated_bytes":4,"allocation_time":{"nanos":3250,"secs":0},"allocations":1,"arena_capacity":245329920,"arena_high_water":268435456,"command_buffers":1,"completion_waits":1,"dispatches":591,"encode":{"nanos":198151,"secs":0},"gpu":{"nanos":8417625,"secs":0},"reused_bytes":2707456,"transient_live_bytes":524288,"transient_peak_bytes":2707456,"wait":{"nanos":8676334,"secs":0}},{"allocated_bytes":4,"allocation_time":{"nanos":2791,"secs":0},"allocations":1,"arena_capacity":245329920,"arena_high_water":268435456,"command_buffers":1,"completion_waits":1,"dispatches":591,"encode":{"nanos":197001,"secs":0},"gpu":{"nanos":8727417,"secs":0},"reused_bytes":2707456,"transient_live_bytes":524288,"transient_peak_bytes":2707456,"wait":{"nanos":8972833,"secs":0}},{"allocated_bytes":4,"allocation_time":{"nanos":2334,"secs":0},"allocations":1,"arena_capacity":245329920,"arena_high_water":268435456,"command_buffers":1,"completion_waits":1,"dispatches":591,"encode":{"nanos":196182,"secs":0},"gpu":{"nanos":8569625,"secs":0},"reused_bytes":2707456,"transient_live_bytes":524288,"transient_peak_bytes":2707456,"wait":{"nanos":8803708,"secs":0}},{"allocated_bytes":4,"allocation_time":{"nanos":3167,"secs":0},"allocations":1,"arena_capacity":245329920,"arena_high_water":268435456,"command_buffers":1,"completion_waits":1,"dispatches":591,"encode":{"nanos":230344,"secs":0},"gpu":{"nanos":8229375,"secs":0},"reused_bytes":2707456,"transient_live_bytes":524288,"transient_peak_bytes":2707456,"wait":{"nanos":8456416,"secs":0}},{"allocated_bytes":4,"allocation_time":{"nanos":3334,"secs":0},"allocations":1,"arena_capacity":245329920,"arena_high_water":268435456,"command_buffers":1,"completion_waits":1,"dispatches":591,"encode":{"nanos":199175,"secs":0},"gpu":{"nanos":8603375,"secs":0},"reused_bytes":2707456,"transient_live_bytes":524288,"transient_peak_bytes":2707456,"wait":{"nanos":8850791,"secs":0}},{"allocated_bytes":4,"allocation_time":{"nanos":3083,"secs":0},"allocations":1,"arena_capacity":245329920,"arena_high_water":268435456,"command_buffers":1,"completion_waits":1,"dispatches":591,"encode":{"nanos":195028,"secs":0},"gpu":{"nanos":8584542,"secs":0},"reused_bytes":2707456,"transient_live_bytes":524288,"transient_peak_bytes":2707456,"wait":{"nanos":8850208,"secs":0}},{"allocated_bytes":4,"allocation_time":{"nanos":3375,"secs":0},"allocations":1,"arena_capacity":245329920,"arena_high_water":268435456,"command_buffers":1,"completion_waits":1,"dispatches":591,"encode":{"nanos":194834,"secs":0},"gpu":{"nanos":8413083,"secs":0},"reused_bytes":2707456,"transient_live_bytes":524288,"transient_peak_bytes":2707456,"wait":{"nanos":8743166,"secs":0}},{"allocated_bytes":4,"allocation_time":{"nanos":4083,"secs":0},"allocations":1,"arena_capacity":245329920,"arena_high_water":268435456,"command_buffers":1,"completion_waits":1,"dispatches":591,"encode":{"nanos":197439,"secs":0},"gpu":{"nanos":8331042,"secs":0},"reused_bytes":2707456,"transient_live_bytes":524288,"transient_peak_bytes":2707456,"wait":{"nanos":8603000,"secs":0}},{"allocated_bytes":4,"allocation_time":{"nanos":2833,"secs":0},"allocations":1,"arena_capacity":245329920,"arena_high_water":268435456,"command_buffers":1,"completion_waits":1,"dispatches":591,"encode":{"nanos":193864,"secs":0},"gpu":{"nanos":8428000,"secs":0},"reused_bytes":2707456,"transient_live_bytes":524288,"transient_peak_bytes":2707456,"wait":{"nanos":8663583,"secs":0}},{"allocated_bytes":4,"allocation_time":{"nanos":2792,"secs":0},"allocations":1,"arena_capacity":245329920,"arena_high_water":268435456,"command_buffers":1,"completion_waits":1,"dispatches":591,"encode":{"nanos":196545,"secs":0},"gpu":{"nanos":8667042,"secs":0},"reused_bytes":2707456,"transient_live_bytes":524288,"transient_peak_bytes":2707456,"wait":{"nanos":8925167,"secs":0}},{"allocated_bytes":4,"allocation_time":{"nanos":2625,"secs":0},"allocations":1,"arena_capacity":245329920,"arena_high_water":268435456,"command_buffers":1,"completion_waits":1,"dispatches":591,"encode":{"nanos":193342,"secs":0},"gpu":{"nanos":8478583,"secs":0},"reused_bytes":2707456,"transient_live_bytes":524288,"transient_peak_bytes":2707456,"wait":{"nanos":8759291,"secs":0}},{"allocated_bytes":4,"allocation_time":{"nanos":3500,"secs":0},"allocations":1,"arena_capacity":245329920,"arena_high_water":268435456,"command_buffers":1,"completion_waits":1,"dispatches":591,"encode":{"nanos":193386,"secs":0},"gpu":{"nanos":8991500,"secs":0},"reused_bytes":2707456,"transient_live_bytes":524288,"transient_peak_bytes":2707456,"wait":{"nanos":9245750,"secs":0}},{"allocated_bytes":4,"allocation_time":{"nanos":3125,"secs":0},"allocations":1,"arena_capacity":245329920,"arena_high_water":268435456,"command_buffers":1,"completion_waits":1,"dispatches":591,"encode":{"nanos":195965,"secs":0},"gpu":{"nanos":8339458,"secs":0},"reused_bytes":2707456,"transient_live_bytes":524288,"transient_peak_bytes":2707456,"wait":{"nanos":8610833,"secs":0}}],"decode_median_ms":9.653125000000001,"decode_ms":[9.277083000000001,9.340041000000001,9.339083,9.130167,10.791666,9.200458,9.621625,9.56075,9.412666999999999,9.438875,9.295459000000001,9.444125,9.844417,9.713875,9.610375000000001,9.638417,9.355125000000001,9.19875,9.305416000000001,9.517958,9.415958,9.495792,10.134458,9.574667,9.655834,9.648959,9.557084,9.810708,9.744124999999999,9.585333,9.629083,9.265417,9.744625,9.243834,9.806833,9.353959,9.898792,9.431667,9.598042,9.951375,9.075541,10.177875,9.911292,10.205166,9.658999999999999,10.001083,9.255042,9.187584000000001,9.614125,9.699917000000001,9.27225,9.422958,9.756915999999999,9.646999999999998,9.566375,9.653125000000001,9.556000000000001,9.507042,9.779582999999999,9.58575,9.642458,9.640875,9.702499999999999,9.6565,9.754916000000001,9.755082999999999,9.957459,9.933333000000001,10.258708,10.106042,10.027375,9.971708,10.312999999999999,9.637667,9.903333,9.769625000000001,9.916334,9.985292,10.543125,10.301207999999999,10.008375,10.007541999999999,9.844209,9.99525,9.974416999999999,10.349292,10.28825,9.696083,9.890209,9.682792000000001,9.848542,9.713666,10.199958,10.134167,9.849916,10.000583,9.954374999999999,10.116042,10.127458,10.170541,9.756084,9.968417,10.24025,10.065125,10.251332999999999,10.424209,9.359209,9.229792,9.302292,9.180125,9.200084,9.36425,9.614166,9.611542,9.491708,9.120667000000001,9.435374999999999,9.281625,8.980709,9.3255,9.324084,9.201791,9.074166,9.126624999999999,9.398625000000001,9.221083,9.704334,9.074416],"decode_profiles":[{},{},{},{},{},{},{},{},{},{},{},{},{},{},{},{},{},{},{},{},{},{},{},{},{},{},{},{},{},{},{},{},{},{},{},{},{},{},{},{},{},{},{},{},{},{},{},{},{},{},{},{},{},{},{},{},{},{},{},{},{},{},{},{},{},{},{},{},{},{},{},{},{},{},{},{},{},{},{},{},{},{},{},{},{},{},{},{},{},{},{},{},{},{},{},{},{},{},{},{},{},{},{},{},{},{},{},{},{},{},{},{},{},{},{},{},{},{},{},{},{},{},{},{},{},{},{},{}],"decode_tps":103.59339592101003,"first_token_ms":49.274583,"generated_ids":[151667,198,32313,11,279,1196,1101,1053,330,9707,8958,773,358,1184,311,5889,34901,13,6771,752,1744,911,279,1850,1616,311,40786,1105,13,8704,807,2299,1667,279,21927,0,1943,11,7196,358,1265,24645,432,323,3010,12994,13,358,1265,2506,432,11657,323,1787,83075,13,6771,752,1281,2704,311,1779,421,1052,594,894,3151,1681,807,2578,614,11,714,2474,807,3207,944,6286,4113,11,1101,264,4285,42113,1265,975,13,97593,11,882,311,2182,429,1119,264,2033,624,151668,271,9707,0,2585,646,358,7789,498,3351,30,26525,232,151645,198,151643,33975,25,3555,374,279,1850,1616,311,40786,4325,1939,71703,25,320,3563,7979],"generated_tokens":129,"generation_ms":1319.101042,"generation_tps":97.7938731701798,"kv_active_bytes":17088512,"kv_reserved_bytes":29360128,"model_format":"GGUF","model_repository":"Qwen/Qwen3-0.6B-GGUF","model_revision":"23749fefcc72300e3a2ad315e1317431b06b590a","moe_expert_tensorops":true,"moe_expert_tensorops_min_routes_per_expert":8,"packed_quantized_bytes":633233408,"pair":0,"pair_order":"ferrum-candidate>llama.cpp>ferrum-control","parameter_count":596049920,"prefill_counters":{"allocated_bytes":29360212,"allocation_time":{"nanos":1871587,"secs":0},"allocations":57,"arena_capacity":245329920,"arena_high_water":268435456,"command_buffers":1,"completion_waits":1,"dispatches":591,"encode":{"nanos":264918,"secs":0},"gpu":{"nanos":45341417,"secs":0},"reused_bytes":45613056,"transient_live_bytes":0,"transient_peak_bytes":45613056,"wait":{"nanos":46580959,"secs":0}},"prefill_ms":48.973042,"prefill_profile":{},"prefill_tps":428.8073426192312,"prompt_ids":[151644,8948,198,2610,525,264,10950,17847,13,151645,198,151644,872,198,9707,0,151645,198,151644,77091,198],"prompt_tokens":21,"q5_0_gemv_n4":false,"q8_0_mpp_tile_k64":false,"retained_weight_bytes":633364480,"runtime":"ferrum","sampling_ms":30.794506,"source_tensor_bytes":633495552,"tensor_count":310,"warmup":false,"process_rss_bytes":1150861312,"ferrum_variant":"control","source_matrix_case_model":"Qwen/Qwen3-0.6B-GGUF@Q8_0","engine_order":["ferrum-candidate","llama.cpp","ferrum-control"],"case_index":4,"engine_load_plus_first_warmup_ms":1321.5061250375584}
{"case":"sustained-128-decode","decode_aggregate_tps":104.09562783887279,"decode_counters":[{"allocated_bytes":4,"allocation_time":{"nanos":5750,"secs":0},"allocations":1,"arena_capacity":245329920,"arena_high_water":268435456,"command_buffers":1,"completion_waits":1,"dispatches":591,"encode":{"nanos":216025,"secs":0},"gpu":{"nanos":8223250,"secs":0},"reused_bytes":2306048,"transient_live_bytes":524288,"transient_peak_bytes":2306048,"wait":{"nanos":8522666,"secs":0}},{"allocated_bytes":4,"allocation_time":{"nanos":4584,"secs":0},"allocations":1,"arena_capacity":245329920,"arena_high_water":268435456,"command_buffers":1,"completion_waits":1,"dispatches":591,"encode":{"nanos":212950,"secs":0},"gpu":{"nanos":8570625,"secs":0},"reused_bytes":2306048,"transient_live_bytes":524288,"transient_peak_bytes":2306048,"wait":{"nanos":8847459,"secs":0}},{"allocated_bytes":4,"allocation_time":{"nanos":4500,"secs":0},"allocations":1,"arena_capacity":245329920,"arena_high_water":268435456,"command_buffers":1,"completion_waits":1,"dispatches":591,"encode":{"nanos":213609,"secs":0},"gpu":{"nanos":8378625,"secs":0},"reused_bytes":2306048,"transient_live_bytes":524288,"transient_peak_bytes":2306048,"wait":{"nanos":8613166,"secs":0}},{"allocated_bytes":4,"allocation_time":{"nanos":4083,"secs":0},"allocations":1,"arena_capacity":245329920,"arena_high_water":268435456,"command_buffers":1,"completion_waits":1,"dispatches":591,"encode":{"nanos":198290,"secs":0},"gpu":{"nanos":9670875,"secs":0},"reused_bytes":2306048,"transient_live_bytes":524288,"transient_peak_bytes":2306048,"wait":{"nanos":9919792,"secs":0}},{"allocated_bytes":4,"allocation_time":{"nanos":3208,"secs":0},"allocations":1,"arena_capacity":245329920,"arena_high_water":268435456,"command_buffers":1,"completion_waits":1,"dispatches":591,"encode":{"nanos":198159,"secs":0},"gpu":{"nanos":8613625,"secs":0},"reused_bytes":2306048,"transient_live_bytes":524288,"transient_peak_bytes":2306048,"wait":{"nanos":8874541,"secs":0}},{"allocated_bytes":4,"allocation_time":{"nanos":3708,"secs":0},"allocations":1,"arena_capacity":245329920,"arena_high_water":268435456,"command_buffers":1,"completion_waits":1,"dispatches":591,"encode":{"nanos":206137,"secs":0},"gpu":{"nanos":8008958,"secs":0},"reused_bytes":2306048,"transient_live_bytes":524288,"transient_peak_bytes":2306048,"wait":{"nanos":8232375,"secs":0}},{"allocated_bytes":4,"allocation_time":{"nanos":3916,"secs":0},"allocations":1,"arena_capacity":245329920,"arena_high_water":268435456,"command_buffers":1,"completion_waits":1,"dispatches":591,"encode":{"nanos":202990,"secs":0},"gpu":{"nanos":8579708,"secs":0},"reused_bytes":2306048,"transient_live_bytes":524288,"transient_peak_bytes":2306048,"wait":{"nanos":8793542,"secs":0}},{"allocated_bytes":4,"allocation_time":{"nanos":3417,"secs":0},"allocations":1,"arena_capacity":245329920,"arena_high_water":268435456,"command_buffers":1,"completion_waits":1,"dispatches":591,"encode":{"nanos":194469,"secs":0},"gpu":{"nanos":8772250,"secs":0},"reused_bytes":2306048,"transient_live_bytes":524288,"transient_peak_bytes":2306048,"wait":{"nanos":9015250,"secs":0}},{"allocated_bytes":4,"allocation_time":{"nanos":3375,"secs":0},"allocations":1,"arena_capacity":245329920,"arena_high_water":268435456,"command_buffers":1,"completion_waits":1,"dispatches":591,"encode":{"nanos":194027,"secs":0},"gpu":{"nanos":8592708,"secs":0},"reused_bytes":2306048,"transient_live_bytes":524288,"transient_peak_bytes":2306048,"wait":{"nanos":8846834,"secs":0}},{"allocated_bytes":4,"allocation_time":{"nanos":4750,"secs":0},"allocations":1,"arena_capacity":245329920,"arena_high_water":268435456,"command_buffers":1,"completion_waits":1,"dispatches":591,"encode":{"nanos":196799,"secs":0},"gpu":{"nanos":8586500,"secs":0},"reused_bytes":2306048,"transient_live_bytes":524288,"transient_peak_bytes":2306048,"wait":{"nanos":8848167,"secs":0}},{"allocated_bytes":4,"allocation_time":{"nanos":3417,"secs":0},"allocations":1,"arena_capacity":245329920,"arena_high_water":268435456,"command_buffers":1,"completion_waits":1,"dispatches":591,"encode":{"nanos":199362,"secs":0},"gpu":{"nanos":8573542,"secs":0},"reused_bytes":2306048,"transient_live_bytes":524288,"transient_peak_bytes":2306048,"wait":{"nanos":8842875,"secs":0}},{"allocated_bytes":4,"allocation_time":{"nanos":2709,"secs":0},"allocations":1,"arena_capacity":245329920,"arena_high_water":268435456,"command_buffers":1,"completion_waits":1,"dispatches":591,"encode":{"nanos":194003,"secs":0},"gpu":{"nanos":8614417,"secs":0},"reused_bytes":2363392,"transient_live_bytes":524288,"transient_peak_bytes":2363392,"wait":{"nanos":8866250,"secs":0}},{"allocated_bytes":4,"allocation_time":{"nanos":3167,"secs":0},"allocations":1,"arena_capacity":245329920,"arena_high_water":268435456,"command_buffers":1,"completion_waits":1,"dispatches":591,"encode":{"nanos":195113,"secs":0},"gpu":{"nanos":8787875,"secs":0},"reused_bytes":2363392,"transient_live_bytes":524288,"transient_peak_bytes":2363392,"wait":{"nanos":9052125,"secs":0}},{"allocated_bytes":4,"allocation_time":{"nanos":2875,"secs":0},"allocations":1,"arena_capacity":245329920,"arena_high_water":268435456,"command_buffers":1,"completion_waits":1,"dispatches":591,"encode":{"nanos":194332,"secs":0},"gpu":{"nanos":8870875,"secs":0},"reused_bytes":2363392,"transient_live_bytes":524288,"transient_peak_bytes":2363392,"wait":{"nanos":9124583,"secs":0}},{"allocated_bytes":4,"allocation_time":{"nanos":3625,"secs":0},"allocations":1,"arena_capacity":245329920,"arena_high_water":268435456,"command_buffers":1,"completion_waits":1,"dispatches":591,"encode":{"nanos":195423,"secs":0},"gpu":{"nanos":8756125,"secs":0},"reused_bytes":2363392,"transient_live_bytes":524288,"transient_peak_bytes":2363392,"wait":{"nanos":9011042,"secs":0}},{"allocated_bytes":4,"allocation_time":{"nanos":2250,"secs":0},"allocations":1,"arena_capacity":245329920,"arena_high_water":268435456,"command_buffers":1,"completion_waits":1,"dispatches":591,"encode":{"nanos":193721,"secs":0},"gpu":{"nanos":8817750,"secs":0},"reused_bytes":2363392,"transient_live_bytes":524288,"transient_peak_bytes":2363392,"wait":{"nanos":9069584,"secs":0}},{"allocated_bytes":4,"allocation_time":{"nanos":3333,"secs":0},"allocations":1,"arena_capacity":245329920,"arena_high_water":268435456,"command_buffers":1,"completion_waits":1,"dispatches":591,"encode":{"nanos":196289,"secs":0},"gpu":{"nanos":8554750,"secs":0},"reused_bytes":2363392,"transient_live_bytes":524288,"transient_peak_bytes":2363392,"wait":{"nanos":8787958,"secs":0}},{"allocated_bytes":4,"allocation_time":{"nanos":2833,"secs":0},"allocations":1,"arena_capacity":245329920,"arena_high_water":268435456,"command_buffers":1,"completion_waits":1,"dispatches":591,"encode":{"nanos":193735,"secs":0},"gpu":{"nanos":8483000,"secs":0},"reused_bytes":2363392,"transient_live_bytes":524288,"transient_peak_bytes":2363392,"wait":{"nanos":8706417,"secs":0}},{"allocated_bytes":4,"allocation_time":{"nanos":2542,"secs":0},"allocations":1,"arena_capacity":245329920,"arena_high_water":268435456,"command_buffers":1,"completion_waits":1,"dispatches":591,"encode":{"nanos":193625,"secs":0},"gpu":{"nanos":8619625,"secs":0},"reused_bytes":2363392,"transient_live_bytes":524288,"transient_peak_bytes":2363392,"wait":{"nanos":8880041,"secs":0}},{"allocated_bytes":4,"allocation_time":{"nanos":2167,"secs":0},"allocations":1,"arena_capacity":245329920,"arena_high_water":268435456,"command_buffers":1,"completion_waits":1,"dispatches":591,"encode":{"nanos":193874,"secs":0},"gpu":{"nanos":8733250,"secs":0},"reused_bytes":2363392,"transient_live_bytes":524288,"transient_peak_bytes":2363392,"wait":{"nanos":8955750,"secs":0}},{"allocated_bytes":4,"allocation_time":{"nanos":5333,"secs":0},"allocations":1,"arena_capacity":245329920,"arena_high_water":268435456,"command_buffers":1,"completion_waits":1,"dispatches":591,"encode":{"nanos":205630,"secs":0},"gpu":{"nanos":8682750,"secs":0},"reused_bytes":2363392,"transient_live_bytes":524288,"transient_peak_bytes":2363392,"wait":{"nanos":8924625,"secs":0}},{"allocated_bytes":4,"allocation_time":{"nanos":3250,"secs":0},"allocations":1,"arena_capacity":245329920,"arena_high_water":268435456,"command_buffers":1,"completion_waits":1,"dispatches":591,"encode":{"nanos":220852,"secs":0},"gpu":{"nanos":8650375,"secs":0},"reused_bytes":2363392,"transient_live_bytes":524288,"transient_peak_bytes":2363392,"wait":{"nanos":8881041,"secs":0}},{"allocated_bytes":4,"allocation_time":{"nanos":4375,"secs":0},"allocations":1,"arena_capacity":245329920,"arena_high_water":268435456,"command_buffers":1,"completion_waits":1,"dispatches":591,"encode":{"nanos":220571,"secs":0},"gpu":{"nanos":8786375,"secs":0},"reused_bytes":2363392,"transient_live_bytes":524288,"transient_peak_bytes":2363392,"wait":{"nanos":9105625,"secs":0}},{"allocated_bytes":4,"allocation_time":{"nanos":3250,"secs":0},"allocations":1,"arena_capacity":245329920,"arena_high_water":268435456,"command_buffers":1,"completion_waits":1,"dispatches":591,"encode":{"nanos":205077,"secs":0},"gpu":{"nanos":8721250,"secs":0},"reused_bytes":2363392,"transient_live_bytes":524288,"transient_peak_bytes":2363392,"wait":{"nanos":8970292,"secs":0}},{"allocated_bytes":4,"allocation_time":{"nanos":3041,"secs":0},"allocations":1,"arena_capacity":245329920,"arena_high_water":268435456,"command_buffers":1,"completion_waits":1,"dispatches":591,"encode":{"nanos":189839,"secs":0},"gpu":{"nanos":8806000,"secs":0},"reused_bytes":2363392,"transient_live_bytes":524288,"transient_peak_bytes":2363392,"wait":{"nanos":9073667,"secs":0}},{"allocated_bytes":4,"allocation_time":{"nanos":3708,"secs":0},"allocations":1,"arena_capacity":245329920,"arena_high_water":268435456,"command_buffers":1,"completion_waits":1,"dispatches":591,"encode":{"nanos":201290,"secs":0},"gpu":{"nanos":8864000,"secs":0},"reused_bytes":2363392,"transient_live_bytes":524288,"transient_peak_bytes":2363392,"wait":{"nanos":9123750,"secs":0}},{"allocated_bytes":4,"allocation_time":{"nanos":3584,"secs":0},"allocations":1,"arena_capacity":245329920,"arena_high_water":268435456,"command_buffers":1,"completion_waits":1,"dispatches":591,"encode":{"nanos":194523,"secs":0},"gpu":{"nanos":8653875,"secs":0},"reused_bytes":2363392,"transient_live_bytes":524288,"transient_peak_bytes":2363392,"wait":{"nanos":8912000,"secs":0}},{"allocated_bytes":4,"allocation_time":{"nanos":3375,"secs":0},"allocations":1,"arena_capacity":245329920,"arena_high_water":268435456,"command_buffers":1,"completion_waits":1,"dispatches":591,"encode":{"nanos":201365,"secs":0},"gpu":{"nanos":9002500,"secs":0},"reused_bytes":2363392,"transient_live_bytes":524288,"transient_peak_bytes":2363392,"wait":{"nanos":9272959,"secs":0}},{"allocated_bytes":4,"allocation_time":{"nanos":3583,"secs":0},"allocations":1,"arena_capacity":245329920,"arena_high_water":268435456,"command_buffers":1,"completion_waits":1,"dispatches":591,"encode":{"nanos":202283,"secs":0},"gpu":{"nanos":8674292,"secs":0},"reused_bytes":2363392,"transient_live_bytes":524288,"transient_peak_bytes":2363392,"wait":{"nanos":8941584,"secs":0}},{"allocated_bytes":4,"allocation_time":{"nanos":3042,"secs":0},"allocations":1,"arena_capacity":245329920,"arena_high_water":268435456,"command_buffers":1,"completion_waits":1,"dispatches":591,"encode":{"nanos":197371,"secs":0},"gpu":{"nanos":8589208,"secs":0},"reused_bytes":2363392,"transient_live_bytes":524288,"transient_peak_bytes":2363392,"wait":{"nanos":8840083,"secs":0}},{"allocated_bytes":4,"allocation_time":{"nanos":3625,"secs":0},"allocations":1,"arena_capacity":245329920,"arena_high_water":268435456,"command_buffers":1,"completion_waits":1,"dispatches":591,"encode":{"nanos":198347,"secs":0},"gpu":{"nanos":8546583,"secs":0},"reused_bytes":2363392,"transient_live_bytes":524288,"transient_peak_bytes":2363392,"wait":{"nanos":8819750,"secs":0}},{"allocated_bytes":4,"allocation_time":{"nanos":3167,"secs":0},"allocations":1,"arena_capacity":245329920,"arena_high_water":268435456,"command_buffers":1,"completion_waits":1,"dispatches":591,"encode":{"nanos":198763,"secs":0},"gpu":{"nanos":8187000,"secs":0},"reused_bytes":2363392,"transient_live_bytes":524288,"transient_peak_bytes":2363392,"wait":{"nanos":8411833,"secs":0}},{"allocated_bytes":4,"allocation_time":{"nanos":3500,"secs":0},"allocations":1,"arena_capacity":245329920,"arena_high_water":268435456,"command_buffers":1,"completion_waits":1,"dispatches":591,"encode":{"nanos":197163,"secs":0},"gpu":{"nanos":8967042,"secs":0},"reused_bytes":2363392,"transient_live_bytes":524288,"transient_peak_bytes":2363392,"wait":{"nanos":9206333,"secs":0}},{"allocated_bytes":4,"allocation_time":{"nanos":3333,"secs":0},"allocations":1,"arena_capacity":245329920,"arena_high_water":268435456,"command_buffers":1,"completion_waits":1,"dispatches":591,"encode":{"nanos":195083,"secs":0},"gpu":{"nanos":8546125,"secs":0},"reused_bytes":2363392,"transient_live_bytes":524288,"transient_peak_bytes":2363392,"wait":{"nanos":8818875,"secs":0}},{"allocated_bytes":4,"allocation_time":{"nanos":2958,"secs":0},"allocations":1,"arena_capacity":245329920,"arena_high_water":268435456,"command_buffers":1,"completion_waits":1,"dispatches":591,"encode":{"nanos":191363,"secs":0},"gpu":{"nanos":8798750,"secs":0},"reused_bytes":2363392,"transient_live_bytes":524288,"transient_peak_bytes":2363392,"wait":{"nanos":9062417,"secs":0}},{"allocated_bytes":4,"allocation_time":{"nanos":2666,"secs":0},"allocations":1,"arena_capacity":245329920,"arena_high_water":268435456,"command_buffers":1,"completion_waits":1,"dispatches":591,"encode":{"nanos":195394,"secs":0},"gpu":{"nanos":8796167,"secs":0},"reused_bytes":2363392,"transient_live_bytes":524288,"transient_peak_bytes":2363392,"wait":{"nanos":9061334,"secs":0}},{"allocated_bytes":4,"allocation_time":{"nanos":3208,"secs":0},"allocations":1,"arena_capacity":245329920,"arena_high_water":268435456,"command_buffers":1,"completion_waits":1,"dispatches":591,"encode":{"nanos":197244,"secs":0},"gpu":{"nanos":9063500,"secs":0},"reused_bytes":2363392,"transient_live_bytes":524288,"transient_peak_bytes":2363392,"wait":{"nanos":9297917,"secs":0}},{"allocated_bytes":4,"allocation_time":{"nanos":2583,"secs":0},"allocations":1,"arena_capacity":245329920,"arena_high_water":268435456,"command_buffers":1,"completion_waits":1,"dispatches":591,"encode":{"nanos":193460,"secs":0},"gpu":{"nanos":8619333,"secs":0},"reused_bytes":2363392,"transient_live_bytes":524288,"transient_peak_bytes":2363392,"wait":{"nanos":8862500,"secs":0}},{"allocated_bytes":4,"allocation_time":{"nanos":3958,"secs":0},"allocations":1,"arena_capacity":245329920,"arena_high_water":268435456,"command_buffers":1,"completion_waits":1,"dispatches":591,"encode":{"nanos":194703,"secs":0},"gpu":{"nanos":9176875,"secs":0},"reused_bytes":2363392,"transient_live_bytes":524288,"transient_peak_bytes":2363392,"wait":{"nanos":9451167,"secs":0}},{"allocated_bytes":4,"allocation_time":{"nanos":5666,"secs":0},"allocations":1,"arena_capacity":245329920,"arena_high_water":268435456,"command_buffers":1,"completion_waits":1,"dispatches":591,"encode":{"nanos":207220,"secs":0},"gpu":{"nanos":9437875,"secs":0},"reused_bytes":2363392,"transient_live_bytes":524288,"transient_peak_bytes":2363392,"wait":{"nanos":9710167,"secs":0}},{"allocated_bytes":4,"allocation_time":{"nanos":4000,"secs":0},"allocations":1,"arena_capacity":245329920,"arena_high_water":268435456,"command_buffers":1,"completion_waits":1,"dispatches":591,"encode":{"nanos":198304,"secs":0},"gpu":{"nanos":8887167,"secs":0},"reused_bytes":2363392,"transient_live_bytes":524288,"transient_peak_bytes":2363392,"wait":{"nanos":9132167,"secs":0}},{"allocated_bytes":4,"allocation_time":{"nanos":3333,"secs":0},"allocations":1,"arena_capacity":245329920,"arena_high_water":268435456,"command_buffers":1,"completion_waits":1,"dispatches":591,"encode":{"nanos":196630,"secs":0},"gpu":{"nanos":9132875,"secs":0},"reused_bytes":2363392,"transient_live_bytes":524288,"transient_peak_bytes":2363392,"wait":{"nanos":9367208,"secs":0}},{"allocated_bytes":4,"allocation_time":{"nanos":3291,"secs":0},"allocations":1,"arena_capacity":245329920,"arena_high_water":268435456,"command_buffers":1,"completion_waits":1,"dispatches":591,"encode":{"nanos":196065,"secs":0},"gpu":{"nanos":9259417,"secs":0},"reused_bytes":2363392,"transient_live_bytes":524288,"transient_peak_bytes":2363392,"wait":{"nanos":9495333,"secs":0}},{"allocated_bytes":4,"allocation_time":{"nanos":7500,"secs":0},"allocations":1,"arena_capacity":245329920,"arena_high_water":268435456,"command_buffers":1,"completion_waits":1,"dispatches":591,"encode":{"nanos":213437,"secs":0},"gpu":{"nanos":9493833,"secs":0},"reused_bytes":2478080,"transient_live_bytes":524288,"transient_peak_bytes":2478080,"wait":{"nanos":9729958,"secs":0}},{"allocated_bytes":4,"allocation_time":{"nanos":4083,"secs":0},"allocations":1,"arena_capacity":245329920,"arena_high_water":268435456,"command_buffers":1,"completion_waits":1,"dispatches":591,"encode":{"nanos":201375,"secs":0},"gpu":{"nanos":8991250,"secs":0},"reused_bytes":2478080,"transient_live_bytes":524288,"transient_peak_bytes":2478080,"wait":{"nanos":9248500,"secs":0}},{"allocated_bytes":4,"allocation_time":{"nanos":3917,"secs":0},"allocations":1,"arena_capacity":245329920,"arena_high_water":268435456,"command_buffers":1,"completion_waits":1,"dispatches":591,"encode":{"nanos":204008,"secs":0},"gpu":{"nanos":9213833,"secs":0},"reused_bytes":2478080,"transient_live_bytes":524288,"transient_peak_bytes":2478080,"wait":{"nanos":9426584,"secs":0}},{"allocated_bytes":4,"allocation_time":{"nanos":3166,"secs":0},"allocations":1,"arena_capacity":245329920,"arena_high_water":268435456,"command_buffers":1,"completion_waits":1,"dispatches":591,"encode":{"nanos":196257,"secs":0},"gpu":{"nanos":8770000,"secs":0},"reused_bytes":2478080,"transient_live_bytes":524288,"transient_peak_bytes":2478080,"wait":{"nanos":9035584,"secs":0}},{"allocated_bytes":4,"allocation_time":{"nanos":2667,"secs":0},"allocations":1,"arena_capacity":245329920,"arena_high_water":268435456,"command_buffers":1,"completion_waits":1,"dispatches":591,"encode":{"nanos":194974,"secs":0},"gpu":{"nanos":8750500,"secs":0},"reused_bytes":2478080,"transient_live_bytes":524288,"transient_peak_bytes":2478080,"wait":{"nanos":8969166,"secs":0}},{"allocated_bytes":4,"allocation_time":{"nanos":2208,"secs":0},"allocations":1,"arena_capacity":245329920,"arena_high_water":268435456,"command_buffers":1,"completion_waits":1,"dispatches":591,"encode":{"nanos":208460,"secs":0},"gpu":{"nanos":9203125,"secs":0},"reused_bytes":2478080,"transient_live_bytes":524288,"transient_peak_bytes":2478080,"wait":{"nanos":9488333,"secs":0}},{"allocated_bytes":4,"allocation_time":{"nanos":3167,"secs":0},"allocations":1,"arena_capacity":245329920,"arena_high_water":268435456,"command_buffers":1,"completion_waits":1,"dispatches":591,"encode":{"nanos":195836,"secs":0},"gpu":{"nanos":9240250,"secs":0},"reused_bytes":2478080,"transient_live_bytes":524288,"transient_peak_bytes":2478080,"wait":{"nanos":9505000,"secs":0}},{"allocated_bytes":4,"allocation_time":{"nanos":3333,"secs":0},"allocations":1,"arena_capacity":245329920,"arena_high_water":268435456,"command_buffers":1,"completion_waits":1,"dispatches":591,"encode":{"nanos":195914,"secs":0},"gpu":{"nanos":8843125,"secs":0},"reused_bytes":2478080,"transient_live_bytes":524288,"transient_peak_bytes":2478080,"wait":{"nanos":9106750,"secs":0}},{"allocated_bytes":4,"allocation_time":{"nanos":4333,"secs":0},"allocations":1,"arena_capacity":245329920,"arena_high_water":268435456,"command_buffers":1,"completion_waits":1,"dispatches":591,"encode":{"nanos":200753,"secs":0},"gpu":{"nanos":9004708,"secs":0},"reused_bytes":2478080,"transient_live_bytes":524288,"transient_peak_bytes":2478080,"wait":{"nanos":9197875,"secs":0}},{"allocated_bytes":4,"allocation_time":{"nanos":3333,"secs":0},"allocations":1,"arena_capacity":245329920,"arena_high_water":268435456,"command_buffers":1,"completion_waits":1,"dispatches":591,"encode":{"nanos":205313,"secs":0},"gpu":{"nanos":9052833,"secs":0},"reused_bytes":2478080,"transient_live_bytes":524288,"transient_peak_bytes":2478080,"wait":{"nanos":9313042,"secs":0}},{"allocated_bytes":4,"allocation_time":{"nanos":3208,"secs":0},"allocations":1,"arena_capacity":245329920,"arena_high_water":268435456,"command_buffers":1,"completion_waits":1,"dispatches":591,"encode":{"nanos":196886,"secs":0},"gpu":{"nanos":8939750,"secs":0},"reused_bytes":2478080,"transient_live_bytes":524288,"transient_peak_bytes":2478080,"wait":{"nanos":9196625,"secs":0}},{"allocated_bytes":4,"allocation_time":{"nanos":3292,"secs":0},"allocations":1,"arena_capacity":245329920,"arena_high_water":268435456,"command_buffers":1,"completion_waits":1,"dispatches":591,"encode":{"nanos":196993,"secs":0},"gpu":{"nanos":8816083,"secs":0},"reused_bytes":2478080,"transient_live_bytes":524288,"transient_peak_bytes":2478080,"wait":{"nanos":9047250,"secs":0}},{"allocated_bytes":4,"allocation_time":{"nanos":3083,"secs":0},"allocations":1,"arena_capacity":245329920,"arena_high_water":268435456,"command_buffers":1,"completion_waits":1,"dispatches":591,"encode":{"nanos":190164,"secs":0},"gpu":{"nanos":8860250,"secs":0},"reused_bytes":2478080,"transient_live_bytes":524288,"transient_peak_bytes":2478080,"wait":{"nanos":9128125,"secs":0}},{"allocated_bytes":4,"allocation_time":{"nanos":2875,"secs":0},"allocations":1,"arena_capacity":245329920,"arena_high_water":268435456,"command_buffers":1,"completion_waits":1,"dispatches":591,"encode":{"nanos":194796,"secs":0},"gpu":{"nanos":8875000,"secs":0},"reused_bytes":2478080,"transient_live_bytes":524288,"transient_peak_bytes":2478080,"wait":{"nanos":9139292,"secs":0}},{"allocated_bytes":4,"allocation_time":{"nanos":3167,"secs":0},"allocations":1,"arena_capacity":245329920,"arena_high_water":268435456,"command_buffers":1,"completion_waits":1,"dispatches":591,"encode":{"nanos":197503,"secs":0},"gpu":{"nanos":8806500,"secs":0},"reused_bytes":2478080,"transient_live_bytes":524288,"transient_peak_bytes":2478080,"wait":{"nanos":9088250,"secs":0}},{"allocated_bytes":4,"allocation_time":{"nanos":2958,"secs":0},"allocations":1,"arena_capacity":245329920,"arena_high_water":268435456,"command_buffers":1,"completion_waits":1,"dispatches":591,"encode":{"nanos":193711,"secs":0},"gpu":{"nanos":9078375,"secs":0},"reused_bytes":2478080,"transient_live_bytes":524288,"transient_peak_bytes":2478080,"wait":{"nanos":9399875,"secs":0}},{"allocated_bytes":4,"allocation_time":{"nanos":2709,"secs":0},"allocations":1,"arena_capacity":245329920,"arena_high_water":268435456,"command_buffers":1,"completion_waits":1,"dispatches":591,"encode":{"nanos":202627,"secs":0},"gpu":{"nanos":8850375,"secs":0},"reused_bytes":2478080,"transient_live_bytes":524288,"transient_peak_bytes":2478080,"wait":{"nanos":9116000,"secs":0}},{"allocated_bytes":4,"allocation_time":{"nanos":2875,"secs":0},"allocations":1,"arena_capacity":245329920,"arena_high_water":268435456,"command_buffers":1,"completion_waits":1,"dispatches":591,"encode":{"nanos":194768,"secs":0},"gpu":{"nanos":9001500,"secs":0},"reused_bytes":2478080,"transient_live_bytes":524288,"transient_peak_bytes":2478080,"wait":{"nanos":9264750,"secs":0}},{"allocated_bytes":4,"allocation_time":{"nanos":3625,"secs":0},"allocations":1,"arena_capacity":245329920,"arena_high_water":268435456,"command_buffers":1,"completion_waits":1,"dispatches":591,"encode":{"nanos":192910,"secs":0},"gpu":{"nanos":9417375,"secs":0},"reused_bytes":2478080,"transient_live_bytes":524288,"transient_peak_bytes":2478080,"wait":{"nanos":9645917,"secs":0}},{"allocated_bytes":4,"allocation_time":{"nanos":3000,"secs":0},"allocations":1,"arena_capacity":245329920,"arena_high_water":268435456,"command_buffers":1,"completion_waits":1,"dispatches":591,"encode":{"nanos":194361,"secs":0},"gpu":{"nanos":8880500,"secs":0},"reused_bytes":2478080,"transient_live_bytes":524288,"transient_peak_bytes":2478080,"wait":{"nanos":9132458,"secs":0}},{"allocated_bytes":4,"allocation_time":{"nanos":3042,"secs":0},"allocations":1,"arena_capacity":245329920,"arena_high_water":268435456,"command_buffers":1,"completion_waits":1,"dispatches":591,"encode":{"nanos":193130,"secs":0},"gpu":{"nanos":8937250,"secs":0},"reused_bytes":2478080,"transient_live_bytes":524288,"transient_peak_bytes":2478080,"wait":{"nanos":9184958,"secs":0}},{"allocated_bytes":4,"allocation_time":{"nanos":3167,"secs":0},"allocations":1,"arena_capacity":245329920,"arena_high_water":268435456,"command_buffers":1,"completion_waits":1,"dispatches":591,"encode":{"nanos":193464,"secs":0},"gpu":{"nanos":8979542,"secs":0},"reused_bytes":2478080,"transient_live_bytes":524288,"transient_peak_bytes":2478080,"wait":{"nanos":9215042,"secs":0}},{"allocated_bytes":4,"allocation_time":{"nanos":3208,"secs":0},"allocations":1,"arena_capacity":245329920,"arena_high_water":268435456,"command_buffers":1,"completion_waits":1,"dispatches":591,"encode":{"nanos":196337,"secs":0},"gpu":{"nanos":9096250,"secs":0},"reused_bytes":2478080,"transient_live_bytes":524288,"transient_peak_bytes":2478080,"wait":{"nanos":9348167,"secs":0}},{"allocated_bytes":4,"allocation_time":{"nanos":2875,"secs":0},"allocations":1,"arena_capacity":245329920,"arena_high_water":268435456,"command_buffers":1,"completion_waits":1,"dispatches":591,"encode":{"nanos":195505,"secs":0},"gpu":{"nanos":9147667,"secs":0},"reused_bytes":2478080,"transient_live_bytes":524288,"transient_peak_bytes":2478080,"wait":{"nanos":9398833,"secs":0}},{"allocated_bytes":4,"allocation_time":{"nanos":3000,"secs":0},"allocations":1,"arena_capacity":245329920,"arena_high_water":268435456,"command_buffers":1,"completion_waits":1,"dispatches":591,"encode":{"nanos":205208,"secs":0},"gpu":{"nanos":9152083,"secs":0},"reused_bytes":2478080,"transient_live_bytes":524288,"transient_peak_bytes":2478080,"wait":{"nanos":9403459,"secs":0}},{"allocated_bytes":4,"allocation_time":{"nanos":3333,"secs":0},"allocations":1,"arena_capacity":245329920,"arena_high_water":268435456,"command_buffers":1,"completion_waits":1,"dispatches":591,"encode":{"nanos":195381,"secs":0},"gpu":{"nanos":9533125,"secs":0},"reused_bytes":2478080,"transient_live_bytes":524288,"transient_peak_bytes":2478080,"wait":{"nanos":9788667,"secs":0}},{"allocated_bytes":4,"allocation_time":{"nanos":3834,"secs":0},"allocations":1,"arena_capacity":245329920,"arena_high_water":268435456,"command_buffers":1,"completion_waits":1,"dispatches":591,"encode":{"nanos":196319,"secs":0},"gpu":{"nanos":9346458,"secs":0},"reused_bytes":2478080,"transient_live_bytes":524288,"transient_peak_bytes":2478080,"wait":{"nanos":9549666,"secs":0}},{"allocated_bytes":4,"allocation_time":{"nanos":3625,"secs":0},"allocations":1,"arena_capacity":245329920,"arena_high_water":268435456,"command_buffers":1,"completion_waits":1,"dispatches":591,"encode":{"nanos":196704,"secs":0},"gpu":{"nanos":9050292,"secs":0},"reused_bytes":2478080,"transient_live_bytes":524288,"transient_peak_bytes":2478080,"wait":{"nanos":9302375,"secs":0}},{"allocated_bytes":4,"allocation_time":{"nanos":3375,"secs":0},"allocations":1,"arena_capacity":245329920,"arena_high_water":268435456,"command_buffers":1,"completion_waits":1,"dispatches":591,"encode":{"nanos":197961,"secs":0},"gpu":{"nanos":9016875,"secs":0},"reused_bytes":2478080,"transient_live_bytes":524288,"transient_peak_bytes":2478080,"wait":{"nanos":9247625,"secs":0}},{"allocated_bytes":4,"allocation_time":{"nanos":3417,"secs":0},"allocations":1,"arena_capacity":245329920,"arena_high_water":268435456,"command_buffers":1,"completion_waits":1,"dispatches":591,"encode":{"nanos":199284,"secs":0},"gpu":{"nanos":9292000,"secs":0},"reused_bytes":2478080,"transient_live_bytes":524288,"transient_peak_bytes":2478080,"wait":{"nanos":9517084,"secs":0}},{"allocated_bytes":4,"allocation_time":{"nanos":3166,"secs":0},"allocations":1,"arena_capacity":245329920,"arena_high_water":268435456,"command_buffers":1,"completion_waits":1,"dispatches":591,"encode":{"nanos":191883,"secs":0},"gpu":{"nanos":8860375,"secs":0},"reused_bytes":2478080,"transient_live_bytes":524288,"transient_peak_bytes":2478080,"wait":{"nanos":9141000,"secs":0}},{"allocated_bytes":4,"allocation_time":{"nanos":3125,"secs":0},"allocations":1,"arena_capacity":245329920,"arena_high_water":268435456,"command_buffers":1,"completion_waits":1,"dispatches":591,"encode":{"nanos":194545,"secs":0},"gpu":{"nanos":9079250,"secs":0},"reused_bytes":2478080,"transient_live_bytes":524288,"transient_peak_bytes":2478080,"wait":{"nanos":9318417,"secs":0}},{"allocated_bytes":4,"allocation_time":{"nanos":4208,"secs":0},"allocations":1,"arena_capacity":245329920,"arena_high_water":268435456,"command_buffers":1,"completion_waits":1,"dispatches":591,"encode":{"nanos":199674,"secs":0},"gpu":{"nanos":8971000,"secs":0},"reused_bytes":2478080,"transient_live_bytes":524288,"transient_peak_bytes":2478080,"wait":{"nanos":9204375,"secs":0}},{"allocated_bytes":4,"allocation_time":{"nanos":3167,"secs":0},"allocations":1,"arena_capacity":245329920,"arena_high_water":268435456,"command_buffers":1,"completion_waits":1,"dispatches":591,"encode":{"nanos":203459,"secs":0},"gpu":{"nanos":9202000,"secs":0},"reused_bytes":2478080,"transient_live_bytes":524288,"transient_peak_bytes":2478080,"wait":{"nanos":9453334,"secs":0}},{"allocated_bytes":4,"allocation_time":{"nanos":3250,"secs":0},"allocations":1,"arena_capacity":245329920,"arena_high_water":268435456,"command_buffers":1,"completion_waits":1,"dispatches":591,"encode":{"nanos":194491,"secs":0},"gpu":{"nanos":9271000,"secs":0},"reused_bytes":2478080,"transient_live_bytes":524288,"transient_peak_bytes":2478080,"wait":{"nanos":9533042,"secs":0}},{"allocated_bytes":4,"allocation_time":{"nanos":3333,"secs":0},"allocations":1,"arena_capacity":245329920,"arena_high_water":268435456,"command_buffers":1,"completion_waits":1,"dispatches":591,"encode":{"nanos":193793,"secs":0},"gpu":{"nanos":9500125,"secs":0},"reused_bytes":2478080,"transient_live_bytes":524288,"transient_peak_bytes":2478080,"wait":{"nanos":9771333,"secs":0}},{"allocated_bytes":4,"allocation_time":{"nanos":3125,"secs":0},"allocations":1,"arena_capacity":245329920,"arena_high_water":268435456,"command_buffers":1,"completion_waits":1,"dispatches":591,"encode":{"nanos":192597,"secs":0},"gpu":{"nanos":9090875,"secs":0},"reused_bytes":2478080,"transient_live_bytes":524288,"transient_peak_bytes":2478080,"wait":{"nanos":9347458,"secs":0}},{"allocated_bytes":4,"allocation_time":{"nanos":2459,"secs":0},"allocations":1,"arena_capacity":245329920,"arena_high_water":268435456,"command_buffers":1,"completion_waits":1,"dispatches":591,"encode":{"nanos":194222,"secs":0},"gpu":{"nanos":9194417,"secs":0},"reused_bytes":2478080,"transient_live_bytes":524288,"transient_peak_bytes":2478080,"wait":{"nanos":9464458,"secs":0}},{"allocated_bytes":4,"allocation_time":{"nanos":2917,"secs":0},"allocations":1,"arena_capacity":245329920,"arena_high_water":268435456,"command_buffers":1,"completion_waits":1,"dispatches":591,"encode":{"nanos":194093,"secs":0},"gpu":{"nanos":9261250,"secs":0},"reused_bytes":2478080,"transient_live_bytes":524288,"transient_peak_bytes":2478080,"wait":{"nanos":9498083,"secs":0}},{"allocated_bytes":4,"allocation_time":{"nanos":3208,"secs":0},"allocations":1,"arena_capacity":245329920,"arena_high_water":268435456,"command_buffers":1,"completion_waits":1,"dispatches":591,"encode":{"nanos":192000,"secs":0},"gpu":{"nanos":9120750,"secs":0},"reused_bytes":2478080,"transient_live_bytes":524288,"transient_peak_bytes":2478080,"wait":{"nanos":9387250,"secs":0}},{"allocated_bytes":4,"allocation_time":{"nanos":2792,"secs":0},"allocations":1,"arena_capacity":245329920,"arena_high_water":268435456,"command_buffers":1,"completion_waits":1,"dispatches":591,"encode":{"nanos":193976,"secs":0},"gpu":{"nanos":9242667,"secs":0},"reused_bytes":2478080,"transient_live_bytes":524288,"transient_peak_bytes":2478080,"wait":{"nanos":9527958,"secs":0}},{"allocated_bytes":4,"allocation_time":{"nanos":2917,"secs":0},"allocations":1,"arena_capacity":245329920,"arena_high_water":268435456,"command_buffers":1,"completion_waits":1,"dispatches":591,"encode":{"nanos":196598,"secs":0},"gpu":{"nanos":9215958,"secs":0},"reused_bytes":2478080,"transient_live_bytes":524288,"transient_peak_bytes":2478080,"wait":{"nanos":9467916,"secs":0}},{"allocated_bytes":4,"allocation_time":{"nanos":3458,"secs":0},"allocations":1,"arena_capacity":245329920,"arena_high_water":268435456,"command_buffers":1,"completion_waits":1,"dispatches":591,"encode":{"nanos":192654,"secs":0},"gpu":{"nanos":9468708,"secs":0},"reused_bytes":2478080,"transient_live_bytes":524288,"transient_peak_bytes":2478080,"wait":{"nanos":9669042,"secs":0}},{"allocated_bytes":4,"allocation_time":{"nanos":4083,"secs":0},"allocations":1,"arena_capacity":245329920,"arena_high_water":268435456,"command_buffers":1,"completion_waits":1,"dispatches":591,"encode":{"nanos":213125,"secs":0},"gpu":{"nanos":9096875,"secs":0},"reused_bytes":2478080,"transient_live_bytes":524288,"transient_peak_bytes":2478080,"wait":{"nanos":9413750,"secs":0}},{"allocated_bytes":4,"allocation_time":{"nanos":3458,"secs":0},"allocations":1,"arena_capacity":245329920,"arena_high_water":268435456,"command_buffers":1,"completion_waits":1,"dispatches":591,"encode":{"nanos":205338,"secs":0},"gpu":{"nanos":8635083,"secs":0},"reused_bytes":2478080,"transient_live_bytes":524288,"transient_peak_bytes":2478080,"wait":{"nanos":8843417,"secs":0}},{"allocated_bytes":4,"allocation_time":{"nanos":3542,"secs":0},"allocations":1,"arena_capacity":245329920,"arena_high_water":268435456,"command_buffers":1,"completion_waits":1,"dispatches":591,"encode":{"nanos":201803,"secs":0},"gpu":{"nanos":8960167,"secs":0},"reused_bytes":2478080,"transient_live_bytes":524288,"transient_peak_bytes":2478080,"wait":{"nanos":9186667,"secs":0}},{"allocated_bytes":4,"allocation_time":{"nanos":2958,"secs":0},"allocations":1,"arena_capacity":245329920,"arena_high_water":268435456,"command_buffers":1,"completion_waits":1,"dispatches":591,"encode":{"nanos":196007,"secs":0},"gpu":{"nanos":8968500,"secs":0},"reused_bytes":2478080,"transient_live_bytes":524288,"transient_peak_bytes":2478080,"wait":{"nanos":9231541,"secs":0}},{"allocated_bytes":4,"allocation_time":{"nanos":5625,"secs":0},"allocations":1,"arena_capacity":245329920,"arena_high_water":268435456,"command_buffers":1,"completion_waits":1,"dispatches":591,"encode":{"nanos":208695,"secs":0},"gpu":{"nanos":9204542,"secs":0},"reused_bytes":2478080,"transient_live_bytes":524288,"transient_peak_bytes":2478080,"wait":{"nanos":9478917,"secs":0}},{"allocated_bytes":4,"allocation_time":{"nanos":3125,"secs":0},"allocations":1,"arena_capacity":245329920,"arena_high_water":268435456,"command_buffers":1,"completion_waits":1,"dispatches":591,"encode":{"nanos":194121,"secs":0},"gpu":{"nanos":8855250,"secs":0},"reused_bytes":2478080,"transient_live_bytes":524288,"transient_peak_bytes":2478080,"wait":{"nanos":9083083,"secs":0}},{"allocated_bytes":4,"allocation_time":{"nanos":2917,"secs":0},"allocations":1,"arena_capacity":245329920,"arena_high_water":268435456,"command_buffers":1,"completion_waits":1,"dispatches":591,"encode":{"nanos":193649,"secs":0},"gpu":{"nanos":9472875,"secs":0},"reused_bytes":2478080,"transient_live_bytes":524288,"transient_peak_bytes":2478080,"wait":{"nanos":9744834,"secs":0}},{"allocated_bytes":4,"allocation_time":{"nanos":3666,"secs":0},"allocations":1,"arena_capacity":245329920,"arena_high_water":268435456,"command_buffers":1,"completion_waits":1,"dispatches":591,"encode":{"nanos":211030,"secs":0},"gpu":{"nanos":9123083,"secs":0},"reused_bytes":2478080,"transient_live_bytes":524288,"transient_peak_bytes":2478080,"wait":{"nanos":9352292,"secs":0}},{"allocated_bytes":4,"allocation_time":{"nanos":4083,"secs":0},"allocations":1,"arena_capacity":245329920,"arena_high_water":268435456,"command_buffers":1,"completion_waits":1,"dispatches":591,"encode":{"nanos":204110,"secs":0},"gpu":{"nanos":8843000,"secs":0},"reused_bytes":2478080,"transient_live_bytes":524288,"transient_peak_bytes":2478080,"wait":{"nanos":9105334,"secs":0}},{"allocated_bytes":4,"allocation_time":{"nanos":4375,"secs":0},"allocations":1,"arena_capacity":245329920,"arena_high_water":268435456,"command_buffers":1,"completion_waits":1,"dispatches":591,"encode":{"nanos":203036,"secs":0},"gpu":{"nanos":9101667,"secs":0},"reused_bytes":2478080,"transient_live_bytes":524288,"transient_peak_bytes":2478080,"wait":{"nanos":9325292,"secs":0}},{"allocated_bytes":4,"allocation_time":{"nanos":3291,"secs":0},"allocations":1,"arena_capacity":245329920,"arena_high_water":268435456,"command_buffers":1,"completion_waits":1,"dispatches":591,"encode":{"nanos":197989,"secs":0},"gpu":{"nanos":9004875,"secs":0},"reused_bytes":2478080,"transient_live_bytes":524288,"transient_peak_bytes":2478080,"wait":{"nanos":9225875,"secs":0}},{"allocated_bytes":4,"allocation_time":{"nanos":4000,"secs":0},"allocations":1,"arena_capacity":245329920,"arena_high_water":268435456,"command_buffers":1,"completion_waits":1,"dispatches":591,"encode":{"nanos":200218,"secs":0},"gpu":{"nanos":9147167,"secs":0},"reused_bytes":2478080,"transient_live_bytes":524288,"transient_peak_bytes":2478080,"wait":{"nanos":9390417,"secs":0}},{"allocated_bytes":4,"allocation_time":{"nanos":3041,"secs":0},"allocations":1,"arena_capacity":245329920,"arena_high_water":268435456,"command_buffers":1,"completion_waits":1,"dispatches":591,"encode":{"nanos":201959,"secs":0},"gpu":{"nanos":9120125,"secs":0},"reused_bytes":2478080,"transient_live_bytes":524288,"transient_peak_bytes":2478080,"wait":{"nanos":9409416,"secs":0}},{"allocated_bytes":4,"allocation_time":{"nanos":3042,"secs":0},"allocations":1,"arena_capacity":245329920,"arena_high_water":268435456,"command_buffers":1,"completion_waits":1,"dispatches":591,"encode":{"nanos":204213,"secs":0},"gpu":{"nanos":9329542,"secs":0},"reused_bytes":2478080,"transient_live_bytes":524288,"transient_peak_bytes":2478080,"wait":{"nanos":9553750,"secs":0}},{"allocated_bytes":4,"allocation_time":{"nanos":3291,"secs":0},"allocations":1,"arena_capacity":245329920,"arena_high_water":268435456,"command_buffers":1,"completion_waits":1,"dispatches":591,"encode":{"nanos":201534,"secs":0},"gpu":{"nanos":8751708,"secs":0},"reused_bytes":2478080,"transient_live_bytes":524288,"transient_peak_bytes":2478080,"wait":{"nanos":9017583,"secs":0}},{"allocated_bytes":4,"allocation_time":{"nanos":3167,"secs":0},"allocations":1,"arena_capacity":245329920,"arena_high_water":268435456,"command_buffers":1,"completion_waits":1,"dispatches":591,"encode":{"nanos":196076,"secs":0},"gpu":{"nanos":9148083,"secs":0},"reused_bytes":2478080,"transient_live_bytes":524288,"transient_peak_bytes":2478080,"wait":{"nanos":9360708,"secs":0}},{"allocated_bytes":4,"allocation_time":{"nanos":3250,"secs":0},"allocations":1,"arena_capacity":245329920,"arena_high_water":268435456,"command_buffers":1,"completion_waits":1,"dispatches":591,"encode":{"nanos":206832,"secs":0},"gpu":{"nanos":9251833,"secs":0},"reused_bytes":2478080,"transient_live_bytes":524288,"transient_peak_bytes":2478080,"wait":{"nanos":9491208,"secs":0}},{"allocated_bytes":4,"allocation_time":{"nanos":3500,"secs":0},"allocations":1,"arena_capacity":245329920,"arena_high_water":268435456,"command_buffers":1,"completion_waits":1,"dispatches":591,"encode":{"nanos":200074,"secs":0},"gpu":{"nanos":9035958,"secs":0},"reused_bytes":2478080,"transient_live_bytes":524288,"transient_peak_bytes":2478080,"wait":{"nanos":9289708,"secs":0}},{"allocated_bytes":4,"allocation_time":{"nanos":2833,"secs":0},"allocations":1,"arena_capacity":245329920,"arena_high_water":268435456,"command_buffers":1,"completion_waits":1,"dispatches":591,"encode":{"nanos":193438,"secs":0},"gpu":{"nanos":9253500,"secs":0},"reused_bytes":2478080,"transient_live_bytes":524288,"transient_peak_bytes":2478080,"wait":{"nanos":9483208,"secs":0}},{"allocated_bytes":4,"allocation_time":{"nanos":3416,"secs":0},"allocations":1,"arena_capacity":245329920,"arena_high_water":268435456,"command_buffers":1,"completion_waits":1,"dispatches":591,"encode":{"nanos":197364,"secs":0},"gpu":{"nanos":9463583,"secs":0},"reused_bytes":2478080,"transient_live_bytes":524288,"transient_peak_bytes":2478080,"wait":{"nanos":9707958,"secs":0}},{"allocated_bytes":4,"allocation_time":{"nanos":3000,"secs":0},"allocations":1,"arena_capacity":245329920,"arena_high_water":268435456,"command_buffers":1,"completion_waits":1,"dispatches":591,"encode":{"nanos":193497,"secs":0},"gpu":{"nanos":8301417,"secs":0},"reused_bytes":2478080,"transient_live_bytes":524288,"transient_peak_bytes":2478080,"wait":{"nanos":8565042,"secs":0}},{"allocated_bytes":4,"allocation_time":{"nanos":2833,"secs":0},"allocations":1,"arena_capacity":245329920,"arena_high_water":268435456,"command_buffers":1,"completion_waits":1,"dispatches":591,"encode":{"nanos":199395,"secs":0},"gpu":{"nanos":8322083,"secs":0},"reused_bytes":2707456,"transient_live_bytes":524288,"transient_peak_bytes":2707456,"wait":{"nanos":8535000,"secs":0}},{"allocated_bytes":4,"allocation_time":{"nanos":2750,"secs":0},"allocations":1,"arena_capacity":245329920,"arena_high_water":268435456,"command_buffers":1,"completion_waits":1,"dispatches":591,"encode":{"nanos":200423,"secs":0},"gpu":{"nanos":8303208,"secs":0},"reused_bytes":2707456,"transient_live_bytes":524288,"transient_peak_bytes":2707456,"wait":{"nanos":8574583,"secs":0}},{"allocated_bytes":4,"allocation_time":{"nanos":3375,"secs":0},"allocations":1,"arena_capacity":245329920,"arena_high_water":268435456,"command_buffers":1,"completion_waits":1,"dispatches":591,"encode":{"nanos":208416,"secs":0},"gpu":{"nanos":8484250,"secs":0},"reused_bytes":2707456,"transient_live_bytes":524288,"transient_peak_bytes":2707456,"wait":{"nanos":8739417,"secs":0}},{"allocated_bytes":4,"allocation_time":{"nanos":3250,"secs":0},"allocations":1,"arena_capacity":245329920,"arena_high_water":268435456,"command_buffers":1,"completion_waits":1,"dispatches":591,"encode":{"nanos":194528,"secs":0},"gpu":{"nanos":8433000,"secs":0},"reused_bytes":2707456,"transient_live_bytes":524288,"transient_peak_bytes":2707456,"wait":{"nanos":8691500,"secs":0}},{"allocated_bytes":4,"allocation_time":{"nanos":3167,"secs":0},"allocations":1,"arena_capacity":245329920,"arena_high_water":268435456,"command_buffers":1,"completion_waits":1,"dispatches":591,"encode":{"nanos":199676,"secs":0},"gpu":{"nanos":8586292,"secs":0},"reused_bytes":2707456,"transient_live_bytes":524288,"transient_peak_bytes":2707456,"wait":{"nanos":8840417,"secs":0}},{"allocated_bytes":4,"allocation_time":{"nanos":3000,"secs":0},"allocations":1,"arena_capacity":245329920,"arena_high_water":268435456,"command_buffers":1,"completion_waits":1,"dispatches":591,"encode":{"nanos":194614,"secs":0},"gpu":{"nanos":8863708,"secs":0},"reused_bytes":2707456,"transient_live_bytes":524288,"transient_peak_bytes":2707456,"wait":{"nanos":9087583,"secs":0}},{"allocated_bytes":4,"allocation_time":{"nanos":2792,"secs":0},"allocations":1,"arena_capacity":245329920,"arena_high_water":268435456,"command_buffers":1,"completion_waits":1,"dispatches":591,"encode":{"nanos":194134,"secs":0},"gpu":{"nanos":8822792,"secs":0},"reused_bytes":2707456,"transient_live_bytes":524288,"transient_peak_bytes":2707456,"wait":{"nanos":9064959,"secs":0}},{"allocated_bytes":4,"allocation_time":{"nanos":2500,"secs":0},"allocations":1,"arena_capacity":245329920,"arena_high_water":268435456,"command_buffers":1,"completion_waits":1,"dispatches":591,"encode":{"nanos":203652,"secs":0},"gpu":{"nanos":8741000,"secs":0},"reused_bytes":2707456,"transient_live_bytes":524288,"transient_peak_bytes":2707456,"wait":{"nanos":9072542,"secs":0}},{"allocated_bytes":4,"allocation_time":{"nanos":2875,"secs":0},"allocations":1,"arena_capacity":245329920,"arena_high_water":268435456,"command_buffers":1,"completion_waits":1,"dispatches":591,"encode":{"nanos":197910,"secs":0},"gpu":{"nanos":8416875,"secs":0},"reused_bytes":2707456,"transient_live_bytes":524288,"transient_peak_bytes":2707456,"wait":{"nanos":8683042,"secs":0}},{"allocated_bytes":4,"allocation_time":{"nanos":2959,"secs":0},"allocations":1,"arena_capacity":245329920,"arena_high_water":268435456,"command_buffers":1,"completion_waits":1,"dispatches":591,"encode":{"nanos":192254,"secs":0},"gpu":{"nanos":8742250,"secs":0},"reused_bytes":2707456,"transient_live_bytes":524288,"transient_peak_bytes":2707456,"wait":{"nanos":9073750,"secs":0}},{"allocated_bytes":4,"allocation_time":{"nanos":2292,"secs":0},"allocations":1,"arena_capacity":245329920,"arena_high_water":268435456,"command_buffers":1,"completion_waits":1,"dispatches":591,"encode":{"nanos":197455,"secs":0},"gpu":{"nanos":8724042,"secs":0},"reused_bytes":2707456,"transient_live_bytes":524288,"transient_peak_bytes":2707456,"wait":{"nanos":8962041,"secs":0}},{"allocated_bytes":4,"allocation_time":{"nanos":3083,"secs":0},"allocations":1,"arena_capacity":245329920,"arena_high_water":268435456,"command_buffers":1,"completion_waits":1,"dispatches":591,"encode":{"nanos":191715,"secs":0},"gpu":{"nanos":8767083,"secs":0},"reused_bytes":2707456,"transient_live_bytes":524288,"transient_peak_bytes":2707456,"wait":{"nanos":8969125,"secs":0}},{"allocated_bytes":4,"allocation_time":{"nanos":2833,"secs":0},"allocations":1,"arena_capacity":245329920,"arena_high_water":268435456,"command_buffers":1,"completion_waits":1,"dispatches":591,"encode":{"nanos":208093,"secs":0},"gpu":{"nanos":8573708,"secs":0},"reused_bytes":2707456,"transient_live_bytes":524288,"transient_peak_bytes":2707456,"wait":{"nanos":8804708,"secs":0}},{"allocated_bytes":4,"allocation_time":{"nanos":2792,"secs":0},"allocations":1,"arena_capacity":245329920,"arena_high_water":268435456,"command_buffers":1,"completion_waits":1,"dispatches":591,"encode":{"nanos":192366,"secs":0},"gpu":{"nanos":8616125,"secs":0},"reused_bytes":2707456,"transient_live_bytes":524288,"transient_peak_bytes":2707456,"wait":{"nanos":8921125,"secs":0}},{"allocated_bytes":4,"allocation_time":{"nanos":3250,"secs":0},"allocations":1,"arena_capacity":245329920,"arena_high_water":268435456,"command_buffers":1,"completion_waits":1,"dispatches":591,"encode":{"nanos":197383,"secs":0},"gpu":{"nanos":8660708,"secs":0},"reused_bytes":2707456,"transient_live_bytes":524288,"transient_peak_bytes":2707456,"wait":{"nanos":8903708,"secs":0}},{"allocated_bytes":4,"allocation_time":{"nanos":2958,"secs":0},"allocations":1,"arena_capacity":245329920,"arena_high_water":268435456,"command_buffers":1,"completion_waits":1,"dispatches":591,"encode":{"nanos":198802,"secs":0},"gpu":{"nanos":8555083,"secs":0},"reused_bytes":2707456,"transient_live_bytes":524288,"transient_peak_bytes":2707456,"wait":{"nanos":8777709,"secs":0}},{"allocated_bytes":4,"allocation_time":{"nanos":2958,"secs":0},"allocations":1,"arena_capacity":245329920,"arena_high_water":268435456,"command_buffers":1,"completion_waits":1,"dispatches":591,"encode":{"nanos":196128,"secs":0},"gpu":{"nanos":8462000,"secs":0},"reused_bytes":2707456,"transient_live_bytes":524288,"transient_peak_bytes":2707456,"wait":{"nanos":8692500,"secs":0}},{"allocated_bytes":4,"allocation_time":{"nanos":3334,"secs":0},"allocations":1,"arena_capacity":245329920,"arena_high_water":268435456,"command_buffers":1,"completion_waits":1,"dispatches":591,"encode":{"nanos":226511,"secs":0},"gpu":{"nanos":8660708,"secs":0},"reused_bytes":2707456,"transient_live_bytes":524288,"transient_peak_bytes":2707456,"wait":{"nanos":8892000,"secs":0}},{"allocated_bytes":4,"allocation_time":{"nanos":2750,"secs":0},"allocations":1,"arena_capacity":245329920,"arena_high_water":268435456,"command_buffers":1,"completion_waits":1,"dispatches":591,"encode":{"nanos":194635,"secs":0},"gpu":{"nanos":8479083,"secs":0},"reused_bytes":2707456,"transient_live_bytes":524288,"transient_peak_bytes":2707456,"wait":{"nanos":8720167,"secs":0}},{"allocated_bytes":4,"allocation_time":{"nanos":2875,"secs":0},"allocations":1,"arena_capacity":245329920,"arena_high_water":268435456,"command_buffers":1,"completion_waits":1,"dispatches":591,"encode":{"nanos":197524,"secs":0},"gpu":{"nanos":9007500,"secs":0},"reused_bytes":2707456,"transient_live_bytes":524288,"transient_peak_bytes":2707456,"wait":{"nanos":9254542,"secs":0}},{"allocated_bytes":4,"allocation_time":{"nanos":3125,"secs":0},"allocations":1,"arena_capacity":245329920,"arena_high_water":268435456,"command_buffers":1,"completion_waits":1,"dispatches":591,"encode":{"nanos":199217,"secs":0},"gpu":{"nanos":8291250,"secs":0},"reused_bytes":2707456,"transient_live_bytes":524288,"transient_peak_bytes":2707456,"wait":{"nanos":8527292,"secs":0}}],"decode_median_ms":9.604375,"decode_ms":[9.027417,9.340833,9.10225,10.381667,9.346250000000001,8.7215,9.272959,9.482834,9.318458999999999,9.317708,9.311042,9.332916,9.521708,9.587167,9.494667,9.534875,9.224708,9.139667000000001,9.317208,9.402541000000001,9.418125,9.3995,9.620583,9.420583,9.536833,9.607332999999999,9.379083,9.757333,9.4205,9.275875,9.299958,8.886750000000001,9.642583,9.287666,9.544417,9.536125,9.772875,9.329875,9.924834,10.206916,9.606959,9.83225,9.96025,10.248042,9.731750000000002,9.906959,9.50425,9.43675,9.976375,9.975125,9.574042,9.639042,9.79875,9.665958,9.522333,9.589417,9.604750000000001,9.550832999999999,9.863333,9.593417,9.73,10.07425,9.5955,9.647541,9.67075,9.830791999999999,9.868375,9.881084,10.255291,9.983832999999999,9.774,9.71825,9.983834,9.604375,9.750292,9.679209,9.937375,10.00375,10.238999999999999,9.808875,9.931208,9.962208,9.853292,9.990416999999999,9.938167,10.105915999999999,9.915708,9.327292,9.659667,9.69575,9.979750000000001,9.546041,10.212541,9.837375,9.605542,9.812667000000001,9.698458,9.870666,9.887208,9.998541,9.479958,9.823167000000002,9.979125,9.759749999999999,9.91825,10.189542,9.032583,9.004958,9.060417,9.230541,9.159209,9.314625,9.517709,9.532333000000001,9.5535,9.153292,9.535958,9.426667,9.394,9.251458000000001,9.4005,9.358041,9.232292,9.157458,9.405458,9.151125,9.726083,8.999083],"decode_profiles":[{},{},{},{},{},{},{},{},{},{},{},{},{},{},{},{},{},{},{},{},{},{},{},{},{},{},{},{},{},{},{},{},{},{},{},{},{},{},{},{},{},{},{},{},{},{},{},{},{},{},{},{},{},{},{},{},{},{},{},{},{},{},{},{},{},{},{},{},{},{},{},{},{},{},{},{},{},{},{},{},{},{},{},{},{},{},{},{},{},{},{},{},{},{},{},{},{},{},{},{},{},{},{},{},{},{},{},{},{},{},{},{},{},{},{},{},{},{},{},{},{},{},{},{},{},{},{},{}],"decode_tps":104.11921650289582,"first_token_ms":49.350541,"generated_ids":[151667,198,32313,11,279,1196,1101,1053,330,9707,8958,773,358,1184,311,5889,34901,13,6771,752,1744,911,279,1850,1616,311,40786,1105,13,8704,807,2299,1667,279,21927,0,1943,11,7196,358,1265,24645,432,323,3010,12994,13,358,1265,2506,432,11657,323,1787,83075,13,6771,752,1281,2704,311,1779,421,1052,594,894,3151,1681,807,2578,614,11,714,2474,807,3207,944,6286,4113,11,1101,264,4285,42113,1265,975,13,97593,11,882,311,2182,429,1119,264,2033,624,151668,271,9707,0,2585,646,358,7789,498,3351,30,26525,232,151645,198,151643,33975,25,3555,374,279,1850,1616,311,40786,4325,1939,71703,25,320,3563,7979],"generated_tokens":129,"generation_ms":1309.203166,"generation_tps":98.53321726537895,"kv_active_bytes":17088512,"kv_reserved_bytes":29360128,"model_format":"GGUF","model_repository":"Qwen/Qwen3-0.6B-GGUF","model_revision":"23749fefcc72300e3a2ad315e1317431b06b590a","moe_expert_tensorops":true,"moe_expert_tensorops_min_routes_per_expert":8,"packed_quantized_bytes":633233408,"pair":1,"pair_order":"ferrum-control>llama.cpp>ferrum-candidate","parameter_count":596049920,"prefill_counters":{"allocated_bytes":29360212,"allocation_time":{"nanos":1738003,"secs":0},"allocations":57,"arena_capacity":245329920,"arena_high_water":268435456,"command_buffers":1,"completion_waits":1,"dispatches":591,"encode":{"nanos":250967,"secs":0},"gpu":{"nanos":45475875,"secs":0},"reused_bytes":45613056,"transient_live_bytes":0,"transient_peak_bytes":45613056,"wait":{"nanos":46804541,"secs":0}},"prefill_ms":49.037208,"prefill_profile":{},"prefill_tps":428.2462410992078,"prompt_ids":[151644,8948,198,2610,525,264,10950,17847,13,151645,198,151644,872,198,9707,0,151645,198,151644,77091,198],"prompt_tokens":21,"q5_0_gemv_n4":false,"q8_0_mpp_tile_k64":false,"retained_weight_bytes":633364480,"runtime":"ferrum","sampling_ms":30.258289,"source_tensor_bytes":633495552,"tensor_count":310,"warmup":false,"process_rss_bytes":1150861312,"ferrum_variant":"control","source_matrix_case_model":"Qwen/Qwen3-0.6B-GGUF@Q8_0","engine_order":["ferrum-control","llama.cpp","ferrum-candidate"],"case_index":4,"engine_load_plus_first_warmup_ms":1321.5061250375584}
{"case":"sustained-128-decode","command_buffer_count":null,"decode_aggregate_tps":164.56465511373327,"decode_median_ms":6.122791,"decode_ms":[6.388833,6.078,6.125667,5.716375,6.266208,5.847792,5.776459,6.315958,5.765166,6.089333,6.06025,5.741958,6.124125,5.757834,6.601917,6.17325,6.145959,6.504167,6.235292,5.761542,6.253083,6.135875,5.733,6.172708,6.105959,5.745791,6.070416,5.857083,6.165084,6.11925,5.778125,6.096042,6.207042,5.700167,6.065208,5.893791,6.18425,6.122791,5.867417,6.205292,6.252458,5.791916,6.103583,5.769458,5.998375,6.057042,5.727833,6.167333,6.249125,5.780625,6.149709,5.801208,6.150125,6.074417,5.803375,6.123042,5.78075,5.890667,6.177792,5.777292,6.212375,6.132791,5.8045,6.146417,6.152042,5.815583,6.163541,5.759333,6.164375,6.180375,5.762917,6.253083,6.218084,6.372,6.13625,5.755708,6.042209,6.112166,5.867166,6.14975,6.144958,5.813166,6.162917,5.763625,5.8655,6.107166,5.752959,6.160958,6.121667,6.036583,6.55925,6.431167,6.040583,6.315417,6.242583,6.452125,6.885875,6.95225,6.802375,6.685917,6.650209,6.109875,6.275834,6.207625,5.771167,6.191041,5.944375,6.014167,6.306791,5.832083,6.139959,6.153583,5.797917,6.176083,6.124542,5.781375,6.097916,5.832458,6.153583,6.150542,5.764583,6.156667,6.186958,5.781042,6.12625,5.765917,6.11425,6.124709],"decode_tps":163.3242094985767,"dispatch_count":null,"first_token_ms":17.402958,"generated_ids":[151667,198,32313,11,279,1196,1101,1053,330,9707,8958,773,358,1184,311,5889,34901,13,6771,752,1744,911,279,1850,1616,311,40786,1105,13,8704,807,2299,1667,279,21927,0,1943,11,7196,358,1265,24645,432,323,3010,12994,13,358,1265,2506,432,11657,323,1787,83075,13,6771,752,1281,2704,311,1779,421,1052,594,894,3151,1681,807,2578,614,11,714,2474,807,3207,944,6286,4113,11,1101,264,4285,42113,1265,975,13,97593,11,882,311,2182,429,1119,264,2033,624,151668,271,9707,0,2585,646,358,7789,498,3351,30,26525,232,151645,198,151643,33975,25,3555,374,279,1850,1616,311,40786,4325,5267,2121,458,15235,11,358],"generated_tokens":129,"generation_ms":827.5495,"generation_tps":155.88191401239442,"kv_context_capacity_tokens":4096,"kv_type":"bf16","llama_version":"0.5.0-dev","model_format":"GGUF","pair":1,"pair_order":"ferrum-control>llama.cpp>ferrum-candidate","prefill_ms":17.139458,"prefill_tps":1225.2429452553283,"process_max_rss_bytes":1243545600,"prompt_ids":[151644,8948,198,2610,525,264,10950,17847,13,151645,198,151644,872,198,9707,0,151645,198,151644,77091,198],"prompt_tokens":21,"runtime":"llama.cpp","sampling_ms":32.589751,"warmup":false,"process_rss_bytes":1243348992,"source_matrix_case_model":"Qwen/Qwen3-0.6B-GGUF@Q8_0","engine_order":["ferrum-control","llama.cpp","ferrum-candidate"],"case_index":4,"engine_load_plus_first_warmup_ms":1459.0402909670956}
{"case":"sustained-128-decode","decode_aggregate_tps":103.29883047751517,"decode_counters":[{"allocated_bytes":4,"allocation_time":{"nanos":6916,"secs":0},"allocations":1,"arena_capacity":245329920,"arena_high_water":268435456,"command_buffers":1,"completion_waits":1,"dispatches":591,"encode":{"nanos":222181,"secs":0},"gpu":{"nanos":8487625,"secs":0},"reused_bytes":2306048,"transient_live_bytes":524288,"transient_peak_bytes":2306048,"wait":{"nanos":8788292,"secs":0}},{"allocated_bytes":4,"allocation_time":{"nanos":3458,"secs":0},"allocations":1,"arena_capacity":245329920,"arena_high_water":268435456,"command_buffers":1,"completion_waits":1,"dispatches":591,"encode":{"nanos":198608,"secs":0},"gpu":{"nanos":8586167,"secs":0},"reused_bytes":2306048,"transient_live_bytes":524288,"transient_peak_bytes":2306048,"wait":{"nanos":8818625,"secs":0}},{"allocated_bytes":4,"allocation_time":{"nanos":3167,"secs":0},"allocations":1,"arena_capacity":245329920,"arena_high_water":268435456,"command_buffers":1,"completion_waits":1,"dispatches":591,"encode":{"nanos":197697,"secs":0},"gpu":{"nanos":8576917,"secs":0},"reused_bytes":2306048,"transient_live_bytes":524288,"transient_peak_bytes":2306048,"wait":{"nanos":8785417,"secs":0}},{"allocated_bytes":4,"allocation_time":{"nanos":3875,"secs":0},"allocations":1,"arena_capacity":245329920,"arena_high_water":268435456,"command_buffers":1,"completion_waits":1,"dispatches":591,"encode":{"nanos":203288,"secs":0},"gpu":{"nanos":8360125,"secs":0},"reused_bytes":2306048,"transient_live_bytes":524288,"transient_peak_bytes":2306048,"wait":{"nanos":8605458,"secs":0}},{"allocated_bytes":4,"allocation_time":{"nanos":3333,"secs":0},"allocations":1,"arena_capacity":245329920,"arena_high_water":268435456,"command_buffers":1,"completion_waits":1,"dispatches":591,"encode":{"nanos":242290,"secs":0},"gpu":{"nanos":8861000,"secs":0},"reused_bytes":2306048,"transient_live_bytes":524288,"transient_peak_bytes":2306048,"wait":{"nanos":9041541,"secs":0}},{"allocated_bytes":4,"allocation_time":{"nanos":3250,"secs":0},"allocations":1,"arena_capacity":245329920,"arena_high_water":268435456,"command_buffers":1,"completion_waits":1,"dispatches":591,"encode":{"nanos":204179,"secs":0},"gpu":{"nanos":8271542,"secs":0},"reused_bytes":2306048,"transient_live_bytes":524288,"transient_peak_bytes":2306048,"wait":{"nanos":8517208,"secs":0}},{"allocated_bytes":4,"allocation_time":{"nanos":2875,"secs":0},"allocations":1,"arena_capacity":245329920,"arena_high_water":268435456,"command_buffers":1,"completion_waits":1,"dispatches":591,"encode":{"nanos":196166,"secs":0},"gpu":{"nanos":8668667,"secs":0},"reused_bytes":2306048,"transient_live_bytes":524288,"transient_peak_bytes":2306048,"wait":{"nanos":8922417,"secs":0}},{"allocated_bytes":4,"allocation_time":{"nanos":2625,"secs":0},"allocations":1,"arena_capacity":245329920,"arena_high_water":268435456,"command_buffers":1,"completion_waits":1,"dispatches":591,"encode":{"nanos":201903,"secs":0},"gpu":{"nanos":8496625,"secs":0},"reused_bytes":2306048,"transient_live_bytes":524288,"transient_peak_bytes":2306048,"wait":{"nanos":8761958,"secs":0}},{"allocated_bytes":4,"allocation_time":{"nanos":3167,"secs":0},"allocations":1,"arena_capacity":245329920,"arena_high_water":268435456,"command_buffers":1,"completion_waits":1,"dispatches":591,"encode":{"nanos":192586,"secs":0},"gpu":{"nanos":8373000,"secs":0},"reused_bytes":2306048,"transient_live_bytes":524288,"transient_peak_bytes":2306048,"wait":{"nanos":8645375,"secs":0}},{"allocated_bytes":4,"allocation_time":{"nanos":2916,"secs":0},"allocations":1,"arena_capacity":245329920,"arena_high_water":268435456,"command_buffers":1,"completion_waits":1,"dispatches":591,"encode":{"nanos":194657,"secs":0},"gpu":{"nanos":8626125,"secs":0},"reused_bytes":2306048,"transient_live_bytes":524288,"transient_peak_bytes":2306048,"wait":{"nanos":8911208,"secs":0}},{"allocated_bytes":4,"allocation_time":{"nanos":3125,"secs":0},"allocations":1,"arena_capacity":245329920,"arena_high_water":268435456,"command_buffers":1,"completion_waits":1,"dispatches":591,"encode":{"nanos":193567,"secs":0},"gpu":{"nanos":8626542,"secs":0},"reused_bytes":2306048,"transient_live_bytes":524288,"transient_peak_bytes":2306048,"wait":{"nanos":8866125,"secs":0}},{"allocated_bytes":4,"allocation_time":{"nanos":2917,"secs":0},"allocations":1,"arena_capacity":245329920,"arena_high_water":268435456,"command_buffers":1,"completion_waits":1,"dispatches":591,"encode":{"nanos":194025,"secs":0},"gpu":{"nanos":8575375,"secs":0},"reused_bytes":2363392,"transient_live_bytes":524288,"transient_peak_bytes":2363392,"wait":{"nanos":8854542,"secs":0}},{"allocated_bytes":4,"allocation_time":{"nanos":2625,"secs":0},"allocations":1,"arena_capacity":245329920,"arena_high_water":268435456,"command_buffers":1,"completion_waits":1,"dispatches":591,"encode":{"nanos":195280,"secs":0},"gpu":{"nanos":8772750,"secs":0},"reused_bytes":2363392,"transient_live_bytes":524288,"transient_peak_bytes":2363392,"wait":{"nanos":9032667,"secs":0}},{"allocated_bytes":4,"allocation_time":{"nanos":4750,"secs":0},"allocations":1,"arena_capacity":245329920,"arena_high_water":268435456,"command_buffers":1,"completion_waits":1,"dispatches":591,"encode":{"nanos":206662,"secs":0},"gpu":{"nanos":8856750,"secs":0},"reused_bytes":2363392,"transient_live_bytes":524288,"transient_peak_bytes":2363392,"wait":{"nanos":9130041,"secs":0}},{"allocated_bytes":4,"allocation_time":{"nanos":3417,"secs":0},"allocations":1,"arena_capacity":245329920,"arena_high_water":268435456,"command_buffers":1,"completion_waits":1,"dispatches":591,"encode":{"nanos":200237,"secs":0},"gpu":{"nanos":8771458,"secs":0},"reused_bytes":2363392,"transient_live_bytes":524288,"transient_peak_bytes":2363392,"wait":{"nanos":9106833,"secs":0}},{"allocated_bytes":4,"allocation_time":{"nanos":2917,"secs":0},"allocations":1,"arena_capacity":245329920,"arena_high_water":268435456,"command_buffers":1,"completion_waits":1,"dispatches":591,"encode":{"nanos":202352,"secs":0},"gpu":{"nanos":8840375,"secs":0},"reused_bytes":2363392,"transient_live_bytes":524288,"transient_peak_bytes":2363392,"wait":{"nanos":9084208,"secs":0}},{"allocated_bytes":4,"allocation_time":{"nanos":3042,"secs":0},"allocations":1,"arena_capacity":245329920,"arena_high_water":268435456,"command_buffers":1,"completion_waits":1,"dispatches":591,"encode":{"nanos":199551,"secs":0},"gpu":{"nanos":8520750,"secs":0},"reused_bytes":2363392,"transient_live_bytes":524288,"transient_peak_bytes":2363392,"wait":{"nanos":8774333,"secs":0}},{"allocated_bytes":4,"allocation_time":{"nanos":3083,"secs":0},"allocations":1,"arena_capacity":245329920,"arena_high_water":268435456,"command_buffers":1,"completion_waits":1,"dispatches":591,"encode":{"nanos":199295,"secs":0},"gpu":{"nanos":8442208,"secs":0},"reused_bytes":2363392,"transient_live_bytes":524288,"transient_peak_bytes":2363392,"wait":{"nanos":8703625,"secs":0}},{"allocated_bytes":4,"allocation_time":{"nanos":2958,"secs":0},"allocations":1,"arena_capacity":245329920,"arena_high_water":268435456,"command_buffers":1,"completion_waits":1,"dispatches":591,"encode":{"nanos":198653,"secs":0},"gpu":{"nanos":8544083,"secs":0},"reused_bytes":2363392,"transient_live_bytes":524288,"transient_peak_bytes":2363392,"wait":{"nanos":8814167,"secs":0}},{"allocated_bytes":4,"allocation_time":{"nanos":2833,"secs":0},"allocations":1,"arena_capacity":245329920,"arena_high_water":268435456,"command_buffers":1,"completion_waits":1,"dispatches":591,"encode":{"nanos":204489,"secs":0},"gpu":{"nanos":8744375,"secs":0},"reused_bytes":2363392,"transient_live_bytes":524288,"transient_peak_bytes":2363392,"wait":{"nanos":9018916,"secs":0}},{"allocated_bytes":4,"allocation_time":{"nanos":2791,"secs":0},"allocations":1,"arena_capacity":245329920,"arena_high_water":268435456,"command_buffers":1,"completion_waits":1,"dispatches":591,"encode":{"nanos":200839,"secs":0},"gpu":{"nanos":8767167,"secs":0},"reused_bytes":2363392,"transient_live_bytes":524288,"transient_peak_bytes":2363392,"wait":{"nanos":9006916,"secs":0}},{"allocated_bytes":4,"allocation_time":{"nanos":2584,"secs":0},"allocations":1,"arena_capacity":245329920,"arena_high_water":268435456,"command_buffers":1,"completion_waits":1,"dispatches":591,"encode":{"nanos":197697,"secs":0},"gpu":{"nanos":9270000,"secs":0},"reused_bytes":2363392,"transient_live_bytes":524288,"transient_peak_bytes":2363392,"wait":{"nanos":9522083,"secs":0}},{"allocated_bytes":4,"allocation_time":{"nanos":4916,"secs":0},"allocations":1,"arena_capacity":245329920,"arena_high_water":268435456,"command_buffers":1,"completion_waits":1,"dispatches":591,"encode":{"nanos":220267,"secs":0},"gpu":{"nanos":8859875,"secs":0},"reused_bytes":2363392,"transient_live_bytes":524288,"transient_peak_bytes":2363392,"wait":{"nanos":9094167,"secs":0}},{"allocated_bytes":4,"allocation_time":{"nanos":3708,"secs":0},"allocations":1,"arena_capacity":245329920,"arena_high_water":268435456,"command_buffers":1,"completion_waits":1,"dispatches":591,"encode":{"nanos":203107,"secs":0},"gpu":{"nanos":8878042,"secs":0},"reused_bytes":2363392,"transient_live_bytes":524288,"transient_peak_bytes":2363392,"wait":{"nanos":9140083,"secs":0}},{"allocated_bytes":4,"allocation_time":{"nanos":5375,"secs":0},"allocations":1,"arena_capacity":245329920,"arena_high_water":268435456,"command_buffers":1,"completion_waits":1,"dispatches":591,"encode":{"nanos":221785,"secs":0},"gpu":{"nanos":9055375,"secs":0},"reused_bytes":2363392,"transient_live_bytes":524288,"transient_peak_bytes":2363392,"wait":{"nanos":9326334,"secs":0}},{"allocated_bytes":4,"allocation_time":{"nanos":3791,"secs":0},"allocations":1,"arena_capacity":245329920,"arena_high_water":268435456,"command_buffers":1,"completion_waits":1,"dispatches":591,"encode":{"nanos":201357,"secs":0},"gpu":{"nanos":9186625,"secs":0},"reused_bytes":2363392,"transient_live_bytes":524288,"transient_peak_bytes":2363392,"wait":{"nanos":9451792,"secs":0}},{"allocated_bytes":4,"allocation_time":{"nanos":3625,"secs":0},"allocations":1,"arena_capacity":245329920,"arena_high_water":268435456,"command_buffers":1,"completion_waits":1,"dispatches":591,"encode":{"nanos":209796,"secs":0},"gpu":{"nanos":8737958,"secs":0},"reused_bytes":2363392,"transient_live_bytes":524288,"transient_peak_bytes":2363392,"wait":{"nanos":9005500,"secs":0}},{"allocated_bytes":4,"allocation_time":{"nanos":2833,"secs":0},"allocations":1,"arena_capacity":245329920,"arena_high_water":268435456,"command_buffers":1,"completion_waits":1,"dispatches":591,"encode":{"nanos":204830,"secs":0},"gpu":{"nanos":9166875,"secs":0},"reused_bytes":2363392,"transient_live_bytes":524288,"transient_peak_bytes":2363392,"wait":{"nanos":9440500,"secs":0}},{"allocated_bytes":4,"allocation_time":{"nanos":6500,"secs":0},"allocations":1,"arena_capacity":245329920,"arena_high_water":268435456,"command_buffers":1,"completion_waits":1,"dispatches":591,"encode":{"nanos":209692,"secs":0},"gpu":{"nanos":9041167,"secs":0},"reused_bytes":2363392,"transient_live_bytes":524288,"transient_peak_bytes":2363392,"wait":{"nanos":9287958,"secs":0}},{"allocated_bytes":4,"allocation_time":{"nanos":3958,"secs":0},"allocations":1,"arena_capacity":245329920,"arena_high_water":268435456,"command_buffers":1,"completion_waits":1,"dispatches":591,"encode":{"nanos":201302,"secs":0},"gpu":{"nanos":8889917,"secs":0},"reused_bytes":2363392,"transient_live_bytes":524288,"transient_peak_bytes":2363392,"wait":{"nanos":9143750,"secs":0}},{"allocated_bytes":4,"allocation_time":{"nanos":3208,"secs":0},"allocations":1,"arena_capacity":245329920,"arena_high_water":268435456,"command_buffers":1,"completion_waits":1,"dispatches":591,"encode":{"nanos":195555,"secs":0},"gpu":{"nanos":8820708,"secs":0},"reused_bytes":2363392,"transient_live_bytes":524288,"transient_peak_bytes":2363392,"wait":{"nanos":9057833,"secs":0}},{"allocated_bytes":4,"allocation_time":{"nanos":2500,"secs":0},"allocations":1,"arena_capacity":245329920,"arena_high_water":268435456,"command_buffers":1,"completion_waits":1,"dispatches":591,"encode":{"nanos":198122,"secs":0},"gpu":{"nanos":8461417,"secs":0},"reused_bytes":2363392,"transient_live_bytes":524288,"transient_peak_bytes":2363392,"wait":{"nanos":8727416,"secs":0}},{"allocated_bytes":4,"allocation_time":{"nanos":3250,"secs":0},"allocations":1,"arena_capacity":245329920,"arena_high_water":268435456,"command_buffers":1,"completion_waits":1,"dispatches":591,"encode":{"nanos":200412,"secs":0},"gpu":{"nanos":9004750,"secs":0},"reused_bytes":2363392,"transient_live_bytes":524288,"transient_peak_bytes":2363392,"wait":{"nanos":9265792,"secs":0}},{"allocated_bytes":4,"allocation_time":{"nanos":4209,"secs":0},"allocations":1,"arena_capacity":245329920,"arena_high_water":268435456,"command_buffers":1,"completion_waits":1,"dispatches":591,"encode":{"nanos":200835,"secs":0},"gpu":{"nanos":8647958,"secs":0},"reused_bytes":2363392,"transient_live_bytes":524288,"transient_peak_bytes":2363392,"wait":{"nanos":8878334,"secs":0}},{"allocated_bytes":4,"allocation_time":{"nanos":3042,"secs":0},"allocations":1,"arena_capacity":245329920,"arena_high_water":268435456,"command_buffers":1,"completion_waits":1,"dispatches":591,"encode":{"nanos":196239,"secs":0},"gpu":{"nanos":8927667,"secs":0},"reused_bytes":2363392,"transient_live_bytes":524288,"transient_peak_bytes":2363392,"wait":{"nanos":9147250,"secs":0}},{"allocated_bytes":4,"allocation_time":{"nanos":2750,"secs":0},"allocations":1,"arena_capacity":245329920,"arena_high_water":268435456,"command_buffers":1,"completion_waits":1,"dispatches":591,"encode":{"nanos":204058,"secs":0},"gpu":{"nanos":10211667,"secs":0},"reused_bytes":2363392,"transient_live_bytes":524288,"transient_peak_bytes":2363392,"wait":{"nanos":10452333,"secs":0}},{"allocated_bytes":4,"allocation_time":{"nanos":3292,"secs":0},"allocations":1,"arena_capacity":245329920,"arena_high_water":268435456,"command_buffers":1,"completion_waits":1,"dispatches":591,"encode":{"nanos":204897,"secs":0},"gpu":{"nanos":9073250,"secs":0},"reused_bytes":2363392,"transient_live_bytes":524288,"transient_peak_bytes":2363392,"wait":{"nanos":9321958,"secs":0}},{"allocated_bytes":4,"allocation_time":{"nanos":3958,"secs":0},"allocations":1,"arena_capacity":245329920,"arena_high_water":268435456,"command_buffers":1,"completion_waits":1,"dispatches":591,"encode":{"nanos":205920,"secs":0},"gpu":{"nanos":8726000,"secs":0},"reused_bytes":2363392,"transient_live_bytes":524288,"transient_peak_bytes":2363392,"wait":{"nanos":8931959,"secs":0}},{"allocated_bytes":4,"allocation_time":{"nanos":3750,"secs":0},"allocations":1,"arena_capacity":245329920,"arena_high_water":268435456,"command_buffers":1,"completion_waits":1,"dispatches":591,"encode":{"nanos":200212,"secs":0},"gpu":{"nanos":8865750,"secs":0},"reused_bytes":2363392,"transient_live_bytes":524288,"transient_peak_bytes":2363392,"wait":{"nanos":9080125,"secs":0}},{"allocated_bytes":4,"allocation_time":{"nanos":2917,"secs":0},"allocations":1,"arena_capacity":245329920,"arena_high_water":268435456,"command_buffers":1,"completion_waits":1,"dispatches":591,"encode":{"nanos":201474,"secs":0},"gpu":{"nanos":9278500,"secs":0},"reused_bytes":2363392,"transient_live_bytes":524288,"transient_peak_bytes":2363392,"wait":{"nanos":9491042,"secs":0}},{"allocated_bytes":4,"allocation_time":{"nanos":2750,"secs":0},"allocations":1,"arena_capacity":245329920,"arena_high_water":268435456,"command_buffers":1,"completion_waits":1,"dispatches":591,"encode":{"nanos":203334,"secs":0},"gpu":{"nanos":8736125,"secs":0},"reused_bytes":2363392,"transient_live_bytes":524288,"transient_peak_bytes":2363392,"wait":{"nanos":8997958,"secs":0}},{"allocated_bytes":4,"allocation_time":{"nanos":2542,"secs":0},"allocations":1,"arena_capacity":245329920,"arena_high_water":268435456,"command_buffers":1,"completion_waits":1,"dispatches":591,"encode":{"nanos":199631,"secs":0},"gpu":{"nanos":9233750,"secs":0},"reused_bytes":2363392,"transient_live_bytes":524288,"transient_peak_bytes":2363392,"wait":{"nanos":9474875,"secs":0}},{"allocated_bytes":4,"allocation_time":{"nanos":2709,"secs":0},"allocations":1,"arena_capacity":245329920,"arena_high_water":268435456,"command_buffers":1,"completion_waits":1,"dispatches":591,"encode":{"nanos":203491,"secs":0},"gpu":{"nanos":9242083,"secs":0},"reused_bytes":2363392,"transient_live_bytes":524288,"transient_peak_bytes":2363392,"wait":{"nanos":9442750,"secs":0}},{"allocated_bytes":4,"allocation_time":{"nanos":3000,"secs":0},"allocations":1,"arena_capacity":245329920,"arena_high_water":268435456,"command_buffers":1,"completion_waits":1,"dispatches":591,"encode":{"nanos":202376,"secs":0},"gpu":{"nanos":9740167,"secs":0},"reused_bytes":2478080,"transient_live_bytes":524288,"transient_peak_bytes":2478080,"wait":{"nanos":9938125,"secs":0}},{"allocated_bytes":4,"allocation_time":{"nanos":2333,"secs":0},"allocations":1,"arena_capacity":245329920,"arena_high_water":268435456,"command_buffers":1,"completion_waits":1,"dispatches":591,"encode":{"nanos":193070,"secs":0},"gpu":{"nanos":9008875,"secs":0},"reused_bytes":2478080,"transient_live_bytes":524288,"transient_peak_bytes":2478080,"wait":{"nanos":9240375,"secs":0}},{"allocated_bytes":4,"allocation_time":{"nanos":2583,"secs":0},"allocations":1,"arena_capacity":245329920,"arena_high_water":268435456,"command_buffers":1,"completion_waits":1,"dispatches":591,"encode":{"nanos":193066,"secs":0},"gpu":{"nanos":10510458,"secs":0},"reused_bytes":2478080,"transient_live_bytes":524288,"transient_peak_bytes":2478080,"wait":{"nanos":10753083,"secs":0}},{"allocated_bytes":4,"allocation_time":{"nanos":2875,"secs":0},"allocations":1,"arena_capacity":245329920,"arena_high_water":268435456,"command_buffers":1,"completion_waits":1,"dispatches":591,"encode":{"nanos":194677,"secs":0},"gpu":{"nanos":8857625,"secs":0},"reused_bytes":2478080,"transient_live_bytes":524288,"transient_peak_bytes":2478080,"wait":{"nanos":9080791,"secs":0}},{"allocated_bytes":4,"allocation_time":{"nanos":2500,"secs":0},"allocations":1,"arena_capacity":245329920,"arena_high_water":268435456,"command_buffers":1,"completion_waits":1,"dispatches":591,"encode":{"nanos":200923,"secs":0},"gpu":{"nanos":8906750,"secs":0},"reused_bytes":2478080,"transient_live_bytes":524288,"transient_peak_bytes":2478080,"wait":{"nanos":9136542,"secs":0}},{"allocated_bytes":4,"allocation_time":{"nanos":3166,"secs":0},"allocations":1,"arena_capacity":245329920,"arena_high_water":268435456,"command_buffers":1,"completion_waits":1,"dispatches":591,"encode":{"nanos":204625,"secs":0},"gpu":{"nanos":9150333,"secs":0},"reused_bytes":2478080,"transient_live_bytes":524288,"transient_peak_bytes":2478080,"wait":{"nanos":9383584,"secs":0}},{"allocated_bytes":4,"allocation_time":{"nanos":2416,"secs":0},"allocations":1,"arena_capacity":245329920,"arena_high_water":268435456,"command_buffers":1,"completion_waits":1,"dispatches":591,"encode":{"nanos":204289,"secs":0},"gpu":{"nanos":9274500,"secs":0},"reused_bytes":2478080,"transient_live_bytes":524288,"transient_peak_bytes":2478080,"wait":{"nanos":9499958,"secs":0}},{"allocated_bytes":4,"allocation_time":{"nanos":2333,"secs":0},"allocations":1,"arena_capacity":245329920,"arena_high_water":268435456,"command_buffers":1,"completion_waits":1,"dispatches":591,"encode":{"nanos":196720,"secs":0},"gpu":{"nanos":8880250,"secs":0},"reused_bytes":2478080,"transient_live_bytes":524288,"transient_peak_bytes":2478080,"wait":{"nanos":9108666,"secs":0}},{"allocated_bytes":4,"allocation_time":{"nanos":3166,"secs":0},"allocations":1,"arena_capacity":245329920,"arena_high_water":268435456,"command_buffers":1,"completion_waits":1,"dispatches":591,"encode":{"nanos":203490,"secs":0},"gpu":{"nanos":8993875,"secs":0},"reused_bytes":2478080,"transient_live_bytes":524288,"transient_peak_bytes":2478080,"wait":{"nanos":9194584,"secs":0}},{"allocated_bytes":4,"allocation_time":{"nanos":2916,"secs":0},"allocations":1,"arena_capacity":245329920,"arena_high_water":268435456,"command_buffers":1,"completion_waits":1,"dispatches":591,"encode":{"nanos":201842,"secs":0},"gpu":{"nanos":9153458,"secs":0},"reused_bytes":2478080,"transient_live_bytes":524288,"transient_peak_bytes":2478080,"wait":{"nanos":9412167,"secs":0}},{"allocated_bytes":4,"allocation_time":{"nanos":3416,"secs":0},"allocations":1,"arena_capacity":245329920,"arena_high_water":268435456,"command_buffers":1,"completion_waits":1,"dispatches":591,"encode":{"nanos":201998,"secs":0},"gpu":{"nanos":9144042,"secs":0},"reused_bytes":2478080,"transient_live_bytes":524288,"transient_peak_bytes":2478080,"wait":{"nanos":9384542,"secs":0}},{"allocated_bytes":4,"allocation_time":{"nanos":2875,"secs":0},"allocations":1,"arena_capacity":245329920,"arena_high_water":268435456,"command_buffers":1,"completion_waits":1,"dispatches":591,"encode":{"nanos":199840,"secs":0},"gpu":{"nanos":8960000,"secs":0},"reused_bytes":2478080,"transient_live_bytes":524288,"transient_peak_bytes":2478080,"wait":{"nanos":9187666,"secs":0}},{"allocated_bytes":4,"allocation_time":{"nanos":3666,"secs":0},"allocations":1,"arena_capacity":245329920,"arena_high_water":268435456,"command_buffers":1,"completion_waits":1,"dispatches":591,"encode":{"nanos":199091,"secs":0},"gpu":{"nanos":8954500,"secs":0},"reused_bytes":2478080,"transient_live_bytes":524288,"transient_peak_bytes":2478080,"wait":{"nanos":9179791,"secs":0}},{"allocated_bytes":4,"allocation_time":{"nanos":3417,"secs":0},"allocations":1,"arena_capacity":245329920,"arena_high_water":268435456,"command_buffers":1,"completion_waits":1,"dispatches":591,"encode":{"nanos":207037,"secs":0},"gpu":{"nanos":9029750,"secs":0},"reused_bytes":2478080,"transient_live_bytes":524288,"transient_peak_bytes":2478080,"wait":{"nanos":9252458,"secs":0}},{"allocated_bytes":4,"allocation_time":{"nanos":3458,"secs":0},"allocations":1,"arena_capacity":245329920,"arena_high_water":268435456,"command_buffers":1,"completion_waits":1,"dispatches":591,"encode":{"nanos":205173,"secs":0},"gpu":{"nanos":8863750,"secs":0},"reused_bytes":2478080,"transient_live_bytes":524288,"transient_peak_bytes":2478080,"wait":{"nanos":9088583,"secs":0}},{"allocated_bytes":4,"allocation_time":{"nanos":3625,"secs":0},"allocations":1,"arena_capacity":245329920,"arena_high_water":268435456,"command_buffers":1,"completion_waits":1,"dispatches":591,"encode":{"nanos":202555,"secs":0},"gpu":{"nanos":9147208,"secs":0},"reused_bytes":2478080,"transient_live_bytes":524288,"transient_peak_bytes":2478080,"wait":{"nanos":9383916,"secs":0}},{"allocated_bytes":4,"allocation_time":{"nanos":2292,"secs":0},"allocations":1,"arena_capacity":245329920,"arena_high_water":268435456,"command_buffers":1,"completion_waits":1,"dispatches":591,"encode":{"nanos":196722,"secs":0},"gpu":{"nanos":8935667,"secs":0},"reused_bytes":2478080,"transient_live_bytes":524288,"transient_peak_bytes":2478080,"wait":{"nanos":9154167,"secs":0}},{"allocated_bytes":4,"allocation_time":{"nanos":2708,"secs":0},"allocations":1,"arena_capacity":245329920,"arena_high_water":268435456,"command_buffers":1,"completion_waits":1,"dispatches":591,"encode":{"nanos":201826,"secs":0},"gpu":{"nanos":9069417,"secs":0},"reused_bytes":2478080,"transient_live_bytes":524288,"transient_peak_bytes":2478080,"wait":{"nanos":9302208,"secs":0}},{"allocated_bytes":4,"allocation_time":{"nanos":2542,"secs":0},"allocations":1,"arena_capacity":245329920,"arena_high_water":268435456,"command_buffers":1,"completion_waits":1,"dispatches":591,"encode":{"nanos":198000,"secs":0},"gpu":{"nanos":8948708,"secs":0},"reused_bytes":2478080,"transient_live_bytes":524288,"transient_peak_bytes":2478080,"wait":{"nanos":9179000,"secs":0}},{"allocated_bytes":4,"allocation_time":{"nanos":2209,"secs":0},"allocations":1,"arena_capacity":245329920,"arena_high_water":268435456,"command_buffers":1,"completion_waits":1,"dispatches":591,"encode":{"nanos":197589,"secs":0},"gpu":{"nanos":9007708,"secs":0},"reused_bytes":2478080,"transient_live_bytes":524288,"transient_peak_bytes":2478080,"wait":{"nanos":9225916,"secs":0}},{"allocated_bytes":4,"allocation_time":{"nanos":2791,"secs":0},"allocations":1,"arena_capacity":245329920,"arena_high_water":268435456,"command_buffers":1,"completion_waits":1,"dispatches":591,"encode":{"nanos":199776,"secs":0},"gpu":{"nanos":8966625,"secs":0},"reused_bytes":2478080,"transient_live_bytes":524288,"transient_peak_bytes":2478080,"wait":{"nanos":9206833,"secs":0}},{"allocated_bytes":4,"allocation_time":{"nanos":2542,"secs":0},"allocations":1,"arena_capacity":245329920,"arena_high_water":268435456,"command_buffers":1,"completion_waits":1,"dispatches":591,"encode":{"nanos":199346,"secs":0},"gpu":{"nanos":9033833,"secs":0},"reused_bytes":2478080,"transient_live_bytes":524288,"transient_peak_bytes":2478080,"wait":{"nanos":9272458,"secs":0}},{"allocated_bytes":4,"allocation_time":{"nanos":2583,"secs":0},"allocations":1,"arena_capacity":245329920,"arena_high_water":268435456,"command_buffers":1,"completion_waits":1,"dispatches":591,"encode":{"nanos":198171,"secs":0},"gpu":{"nanos":9173375,"secs":0},"reused_bytes":2478080,"transient_live_bytes":524288,"transient_peak_bytes":2478080,"wait":{"nanos":9405792,"secs":0}},{"allocated_bytes":4,"allocation_time":{"nanos":3917,"secs":0},"allocations":1,"arena_capacity":245329920,"arena_high_water":268435456,"command_buffers":1,"completion_waits":1,"dispatches":591,"encode":{"nanos":204737,"secs":0},"gpu":{"nanos":9335625,"secs":0},"reused_bytes":2478080,"transient_live_bytes":524288,"transient_peak_bytes":2478080,"wait":{"nanos":9576959,"secs":0}},{"allocated_bytes":4,"allocation_time":{"nanos":3083,"secs":0},"allocations":1,"arena_capacity":245329920,"arena_high_water":268435456,"command_buffers":1,"completion_waits":1,"dispatches":591,"encode":{"nanos":200624,"secs":0},"gpu":{"nanos":9274500,"secs":0},"reused_bytes":2478080,"transient_live_bytes":524288,"transient_peak_bytes":2478080,"wait":{"nanos":9499500,"secs":0}},{"allocated_bytes":4,"allocation_time":{"nanos":2833,"secs":0},"allocations":1,"arena_capacity":245329920,"arena_high_water":268435456,"command_buffers":1,"completion_waits":1,"dispatches":591,"encode":{"nanos":206037,"secs":0},"gpu":{"nanos":9633667,"secs":0},"reused_bytes":2478080,"transient_live_bytes":524288,"transient_peak_bytes":2478080,"wait":{"nanos":9862542,"secs":0}},{"allocated_bytes":4,"allocation_time":{"nanos":2667,"secs":0},"allocations":1,"arena_capacity":245329920,"arena_high_water":268435456,"command_buffers":1,"completion_waits":1,"dispatches":591,"encode":{"nanos":203209,"secs":0},"gpu":{"nanos":9431292,"secs":0},"reused_bytes":2478080,"transient_live_bytes":524288,"transient_peak_bytes":2478080,"wait":{"nanos":9664542,"secs":0}},{"allocated_bytes":4,"allocation_time":{"nanos":2833,"secs":0},"allocations":1,"arena_capacity":245329920,"arena_high_water":268435456,"command_buffers":1,"completion_waits":1,"dispatches":591,"encode":{"nanos":201139,"secs":0},"gpu":{"nanos":9060125,"secs":0},"reused_bytes":2478080,"transient_live_bytes":524288,"transient_peak_bytes":2478080,"wait":{"nanos":9261916,"secs":0}},{"allocated_bytes":4,"allocation_time":{"nanos":2834,"secs":0},"allocations":1,"arena_capacity":245329920,"arena_high_water":268435456,"command_buffers":1,"completion_waits":1,"dispatches":591,"encode":{"nanos":197586,"secs":0},"gpu":{"nanos":9160458,"secs":0},"reused_bytes":2478080,"transient_live_bytes":524288,"transient_peak_bytes":2478080,"wait":{"nanos":9360792,"secs":0}},{"allocated_bytes":4,"allocation_time":{"nanos":2334,"secs":0},"allocations":1,"arena_capacity":245329920,"arena_high_water":268435456,"command_buffers":1,"completion_waits":1,"dispatches":591,"encode":{"nanos":198796,"secs":0},"gpu":{"nanos":9414292,"secs":0},"reused_bytes":2478080,"transient_live_bytes":524288,"transient_peak_bytes":2478080,"wait":{"nanos":9644334,"secs":0}},{"allocated_bytes":4,"allocation_time":{"nanos":3375,"secs":0},"allocations":1,"arena_capacity":245329920,"arena_high_water":268435456,"command_buffers":1,"completion_waits":1,"dispatches":591,"encode":{"nanos":198552,"secs":0},"gpu":{"nanos":8962958,"secs":0},"reused_bytes":2478080,"transient_live_bytes":524288,"transient_peak_bytes":2478080,"wait":{"nanos":9156625,"secs":0}},{"allocated_bytes":4,"allocation_time":{"nanos":3083,"secs":0},"allocations":1,"arena_capacity":245329920,"arena_high_water":268435456,"command_buffers":1,"completion_waits":1,"dispatches":591,"encode":{"nanos":194626,"secs":0},"gpu":{"nanos":9129500,"secs":0},"reused_bytes":2478080,"transient_live_bytes":524288,"transient_peak_bytes":2478080,"wait":{"nanos":9376334,"secs":0}},{"allocated_bytes":4,"allocation_time":{"nanos":2917,"secs":0},"allocations":1,"arena_capacity":245329920,"arena_high_water":268435456,"command_buffers":1,"completion_waits":1,"dispatches":591,"encode":{"nanos":194971,"secs":0},"gpu":{"nanos":9060167,"secs":0},"reused_bytes":2478080,"transient_live_bytes":524288,"transient_peak_bytes":2478080,"wait":{"nanos":9289208,"secs":0}},{"allocated_bytes":4,"allocation_time":{"nanos":2459,"secs":0},"allocations":1,"arena_capacity":245329920,"arena_high_water":268435456,"command_buffers":1,"completion_waits":1,"dispatches":591,"encode":{"nanos":197779,"secs":0},"gpu":{"nanos":9215083,"secs":0},"reused_bytes":2478080,"transient_live_bytes":524288,"transient_peak_bytes":2478080,"wait":{"nanos":9420834,"secs":0}},{"allocated_bytes":4,"allocation_time":{"nanos":4041,"secs":0},"allocations":1,"arena_capacity":245329920,"arena_high_water":268435456,"command_buffers":1,"completion_waits":1,"dispatches":591,"encode":{"nanos":200551,"secs":0},"gpu":{"nanos":9482125,"secs":0},"reused_bytes":2478080,"transient_live_bytes":524288,"transient_peak_bytes":2478080,"wait":{"nanos":9685541,"secs":0}},{"allocated_bytes":4,"allocation_time":{"nanos":2708,"secs":0},"allocations":1,"arena_capacity":245329920,"arena_high_water":268435456,"command_buffers":1,"completion_waits":1,"dispatches":591,"encode":{"nanos":195726,"secs":0},"gpu":{"nanos":9522875,"secs":0},"reused_bytes":2478080,"transient_live_bytes":524288,"transient_peak_bytes":2478080,"wait":{"nanos":9770042,"secs":0}},{"allocated_bytes":4,"allocation_time":{"nanos":2916,"secs":0},"allocations":1,"arena_capacity":245329920,"arena_high_water":268435456,"command_buffers":1,"completion_waits":1,"dispatches":591,"encode":{"nanos":213077,"secs":0},"gpu":{"nanos":9321958,"secs":0},"reused_bytes":2478080,"transient_live_bytes":524288,"transient_peak_bytes":2478080,"wait":{"nanos":9557458,"secs":0}},{"allocated_bytes":4,"allocation_time":{"nanos":2959,"secs":0},"allocations":1,"arena_capacity":245329920,"arena_high_water":268435456,"command_buffers":1,"completion_waits":1,"dispatches":591,"encode":{"nanos":215430,"secs":0},"gpu":{"nanos":8905792,"secs":0},"reused_bytes":2478080,"transient_live_bytes":524288,"transient_peak_bytes":2478080,"wait":{"nanos":9150209,"secs":0}},{"allocated_bytes":4,"allocation_time":{"nanos":2958,"secs":0},"allocations":1,"arena_capacity":245329920,"arena_high_water":268435456,"command_buffers":1,"completion_waits":1,"dispatches":591,"encode":{"nanos":197252,"secs":0},"gpu":{"nanos":9350042,"secs":0},"reused_bytes":2478080,"transient_live_bytes":524288,"transient_peak_bytes":2478080,"wait":{"nanos":9580375,"secs":0}},{"allocated_bytes":4,"allocation_time":{"nanos":3041,"secs":0},"allocations":1,"arena_capacity":245329920,"arena_high_water":268435456,"command_buffers":1,"completion_waits":1,"dispatches":591,"encode":{"nanos":207748,"secs":0},"gpu":{"nanos":8828083,"secs":0},"reused_bytes":2478080,"transient_live_bytes":524288,"transient_peak_bytes":2478080,"wait":{"nanos":9065417,"secs":0}},{"allocated_bytes":4,"allocation_time":{"nanos":2875,"secs":0},"allocations":1,"arena_capacity":245329920,"arena_high_water":268435456,"command_buffers":1,"completion_waits":1,"dispatches":591,"encode":{"nanos":201870,"secs":0},"gpu":{"nanos":9006167,"secs":0},"reused_bytes":2478080,"transient_live_bytes":524288,"transient_peak_bytes":2478080,"wait":{"nanos":9224000,"secs":0}},{"allocated_bytes":4,"allocation_time":{"nanos":3208,"secs":0},"allocations":1,"arena_capacity":245329920,"arena_high_water":268435456,"command_buffers":1,"completion_waits":1,"dispatches":591,"encode":{"nanos":196370,"secs":0},"gpu":{"nanos":9253125,"secs":0},"reused_bytes":2478080,"transient_live_bytes":524288,"transient_peak_bytes":2478080,"wait":{"nanos":9492750,"secs":0}},{"allocated_bytes":4,"allocation_time":{"nanos":3084,"secs":0},"allocations":1,"arena_capacity":245329920,"arena_high_water":268435456,"command_buffers":1,"completion_waits":1,"dispatches":591,"encode":{"nanos":197998,"secs":0},"gpu":{"nanos":9606625,"secs":0},"reused_bytes":2478080,"transient_live_bytes":524288,"transient_peak_bytes":2478080,"wait":{"nanos":9826292,"secs":0}},{"allocated_bytes":4,"allocation_time":{"nanos":3042,"secs":0},"allocations":1,"arena_capacity":245329920,"arena_high_water":268435456,"command_buffers":1,"completion_waits":1,"dispatches":591,"encode":{"nanos":197416,"secs":0},"gpu":{"nanos":9096875,"secs":0},"reused_bytes":2478080,"transient_live_bytes":524288,"transient_peak_bytes":2478080,"wait":{"nanos":9331583,"secs":0}},{"allocated_bytes":4,"allocation_time":{"nanos":3125,"secs":0},"allocations":1,"arena_capacity":245329920,"arena_high_water":268435456,"command_buffers":1,"completion_waits":1,"dispatches":591,"encode":{"nanos":199542,"secs":0},"gpu":{"nanos":9130000,"secs":0},"reused_bytes":2478080,"transient_live_bytes":524288,"transient_peak_bytes":2478080,"wait":{"nanos":9355375,"secs":0}},{"allocated_bytes":4,"allocation_time":{"nanos":5167,"secs":0},"allocations":1,"arena_capacity":245329920,"arena_high_water":268435456,"command_buffers":1,"completion_waits":1,"dispatches":591,"encode":{"nanos":208748,"secs":0},"gpu":{"nanos":8946333,"secs":0},"reused_bytes":2478080,"transient_live_bytes":524288,"transient_peak_bytes":2478080,"wait":{"nanos":9195209,"secs":0}},{"allocated_bytes":4,"allocation_time":{"nanos":4916,"secs":0},"allocations":1,"arena_capacity":245329920,"arena_high_water":268435456,"command_buffers":1,"completion_waits":1,"dispatches":591,"encode":{"nanos":211121,"secs":0},"gpu":{"nanos":8737375,"secs":0},"reused_bytes":2478080,"transient_live_bytes":524288,"transient_peak_bytes":2478080,"wait":{"nanos":9065542,"secs":0}},{"allocated_bytes":4,"allocation_time":{"nanos":3167,"secs":0},"allocations":1,"arena_capacity":245329920,"arena_high_water":268435456,"command_buffers":1,"completion_waits":1,"dispatches":591,"encode":{"nanos":202754,"secs":0},"gpu":{"nanos":9209250,"secs":0},"reused_bytes":2478080,"transient_live_bytes":524288,"transient_peak_bytes":2478080,"wait":{"nanos":9467958,"secs":0}},{"allocated_bytes":4,"allocation_time":{"nanos":3292,"secs":0},"allocations":1,"arena_capacity":245329920,"arena_high_water":268435456,"command_buffers":1,"completion_waits":1,"dispatches":591,"encode":{"nanos":201664,"secs":0},"gpu":{"nanos":8806792,"secs":0},"reused_bytes":2478080,"transient_live_bytes":524288,"transient_peak_bytes":2478080,"wait":{"nanos":9024375,"secs":0}},{"allocated_bytes":4,"allocation_time":{"nanos":3833,"secs":0},"allocations":1,"arena_capacity":245329920,"arena_high_water":268435456,"command_buffers":1,"completion_waits":1,"dispatches":591,"encode":{"nanos":198345,"secs":0},"gpu":{"nanos":9489792,"secs":0},"reused_bytes":2478080,"transient_live_bytes":524288,"transient_peak_bytes":2478080,"wait":{"nanos":9736791,"secs":0}},{"allocated_bytes":4,"allocation_time":{"nanos":3375,"secs":0},"allocations":1,"arena_capacity":245329920,"arena_high_water":268435456,"command_buffers":1,"completion_waits":1,"dispatches":591,"encode":{"nanos":199559,"secs":0},"gpu":{"nanos":9153375,"secs":0},"reused_bytes":2478080,"transient_live_bytes":524288,"transient_peak_bytes":2478080,"wait":{"nanos":9385750,"secs":0}},{"allocated_bytes":4,"allocation_time":{"nanos":3625,"secs":0},"allocations":1,"arena_capacity":245329920,"arena_high_water":268435456,"command_buffers":1,"completion_waits":1,"dispatches":591,"encode":{"nanos":202583,"secs":0},"gpu":{"nanos":9129000,"secs":0},"reused_bytes":2478080,"transient_live_bytes":524288,"transient_peak_bytes":2478080,"wait":{"nanos":9372250,"secs":0}},{"allocated_bytes":4,"allocation_time":{"nanos":3333,"secs":0},"allocations":1,"arena_capacity":245329920,"arena_high_water":268435456,"command_buffers":1,"completion_waits":1,"dispatches":591,"encode":{"nanos":201261,"secs":0},"gpu":{"nanos":9346875,"secs":0},"reused_bytes":2478080,"transient_live_bytes":524288,"transient_peak_bytes":2478080,"wait":{"nanos":9591834,"secs":0}},{"allocated_bytes":4,"allocation_time":{"nanos":2750,"secs":0},"allocations":1,"arena_capacity":245329920,"arena_high_water":268435456,"command_buffers":1,"completion_waits":1,"dispatches":591,"encode":{"nanos":194411,"secs":0},"gpu":{"nanos":8922750,"secs":0},"reused_bytes":2478080,"transient_live_bytes":524288,"transient_peak_bytes":2478080,"wait":{"nanos":9147875,"secs":0}},{"allocated_bytes":4,"allocation_time":{"nanos":3250,"secs":0},"allocations":1,"arena_capacity":245329920,"arena_high_water":268435456,"command_buffers":1,"completion_waits":1,"dispatches":591,"encode":{"nanos":222195,"secs":0},"gpu":{"nanos":9459042,"secs":0},"reused_bytes":2478080,"transient_live_bytes":524288,"transient_peak_bytes":2478080,"wait":{"nanos":9680959,"secs":0}},{"allocated_bytes":4,"allocation_time":{"nanos":3167,"secs":0},"allocations":1,"arena_capacity":245329920,"arena_high_water":268435456,"command_buffers":1,"completion_waits":1,"dispatches":591,"encode":{"nanos":207029,"secs":0},"gpu":{"nanos":9398250,"secs":0},"reused_bytes":2478080,"transient_live_bytes":524288,"transient_peak_bytes":2478080,"wait":{"nanos":9695167,"secs":0}},{"allocated_bytes":4,"allocation_time":{"nanos":2750,"secs":0},"allocations":1,"arena_capacity":245329920,"arena_high_water":268435456,"command_buffers":1,"completion_waits":1,"dispatches":591,"encode":{"nanos":199970,"secs":0},"gpu":{"nanos":9348958,"secs":0},"reused_bytes":2478080,"transient_live_bytes":524288,"transient_peak_bytes":2478080,"wait":{"nanos":9607333,"secs":0}},{"allocated_bytes":4,"allocation_time":{"nanos":3333,"secs":0},"allocations":1,"arena_capacity":245329920,"arena_high_water":268435456,"command_buffers":1,"completion_waits":1,"dispatches":591,"encode":{"nanos":201207,"secs":0},"gpu":{"nanos":9002125,"secs":0},"reused_bytes":2478080,"transient_live_bytes":524288,"transient_peak_bytes":2478080,"wait":{"nanos":9265334,"secs":0}},{"allocated_bytes":4,"allocation_time":{"nanos":3167,"secs":0},"allocations":1,"arena_capacity":245329920,"arena_high_water":268435456,"command_buffers":1,"completion_waits":1,"dispatches":591,"encode":{"nanos":199617,"secs":0},"gpu":{"nanos":9217208,"secs":0},"reused_bytes":2478080,"transient_live_bytes":524288,"transient_peak_bytes":2478080,"wait":{"nanos":9482750,"secs":0}},{"allocated_bytes":4,"allocation_time":{"nanos":2959,"secs":0},"allocations":1,"arena_capacity":245329920,"arena_high_water":268435456,"command_buffers":1,"completion_waits":1,"dispatches":591,"encode":{"nanos":198570,"secs":0},"gpu":{"nanos":9525500,"secs":0},"reused_bytes":2478080,"transient_live_bytes":524288,"transient_peak_bytes":2478080,"wait":{"nanos":9798625,"secs":0}},{"allocated_bytes":4,"allocation_time":{"nanos":3208,"secs":0},"allocations":1,"arena_capacity":245329920,"arena_high_water":268435456,"command_buffers":1,"completion_waits":1,"dispatches":591,"encode":{"nanos":203356,"secs":0},"gpu":{"nanos":9313625,"secs":0},"reused_bytes":2478080,"transient_live_bytes":524288,"transient_peak_bytes":2478080,"wait":{"nanos":9593792,"secs":0}},{"allocated_bytes":4,"allocation_time":{"nanos":3167,"secs":0},"allocations":1,"arena_capacity":245329920,"arena_high_water":268435456,"command_buffers":1,"completion_waits":1,"dispatches":591,"encode":{"nanos":230614,"secs":0},"gpu":{"nanos":9582542,"secs":0},"reused_bytes":2478080,"transient_live_bytes":524288,"transient_peak_bytes":2478080,"wait":{"nanos":9828125,"secs":0}},{"allocated_bytes":4,"allocation_time":{"nanos":5333,"secs":0},"allocations":1,"arena_capacity":245329920,"arena_high_water":268435456,"command_buffers":1,"completion_waits":1,"dispatches":591,"encode":{"nanos":207235,"secs":0},"gpu":{"nanos":9542208,"secs":0},"reused_bytes":2478080,"transient_live_bytes":524288,"transient_peak_bytes":2478080,"wait":{"nanos":9770541,"secs":0}},{"allocated_bytes":4,"allocation_time":{"nanos":3875,"secs":0},"allocations":1,"arena_capacity":245329920,"arena_high_water":268435456,"command_buffers":1,"completion_waits":1,"dispatches":591,"encode":{"nanos":201698,"secs":0},"gpu":{"nanos":8582208,"secs":0},"reused_bytes":2478080,"transient_live_bytes":524288,"transient_peak_bytes":2478080,"wait":{"nanos":8834292,"secs":0}},{"allocated_bytes":4,"allocation_time":{"nanos":6042,"secs":0},"allocations":1,"arena_capacity":245329920,"arena_high_water":268435456,"command_buffers":1,"completion_waits":1,"dispatches":591,"encode":{"nanos":210131,"secs":0},"gpu":{"nanos":8511958,"secs":0},"reused_bytes":2707456,"transient_live_bytes":524288,"transient_peak_bytes":2707456,"wait":{"nanos":8750750,"secs":0}},{"allocated_bytes":4,"allocation_time":{"nanos":4041,"secs":0},"allocations":1,"arena_capacity":245329920,"arena_high_water":268435456,"command_buffers":1,"completion_waits":1,"dispatches":591,"encode":{"nanos":240747,"secs":0},"gpu":{"nanos":8557250,"secs":0},"reused_bytes":2707456,"transient_live_bytes":524288,"transient_peak_bytes":2707456,"wait":{"nanos":8791917,"secs":0}},{"allocated_bytes":4,"allocation_time":{"nanos":3041,"secs":0},"allocations":1,"arena_capacity":245329920,"arena_high_water":268435456,"command_buffers":1,"completion_waits":1,"dispatches":591,"encode":{"nanos":208422,"secs":0},"gpu":{"nanos":8472875,"secs":0},"reused_bytes":2707456,"transient_live_bytes":524288,"transient_peak_bytes":2707456,"wait":{"nanos":8734125,"secs":0}},{"allocated_bytes":4,"allocation_time":{"nanos":3625,"secs":0},"allocations":1,"arena_capacity":245329920,"arena_high_water":268435456,"command_buffers":1,"completion_waits":1,"dispatches":591,"encode":{"nanos":201864,"secs":0},"gpu":{"nanos":8522042,"secs":0},"reused_bytes":2707456,"transient_live_bytes":524288,"transient_peak_bytes":2707456,"wait":{"nanos":8797458,"secs":0}},{"allocated_bytes":4,"allocation_time":{"nanos":3500,"secs":0},"allocations":1,"arena_capacity":245329920,"arena_high_water":268435456,"command_buffers":1,"completion_waits":1,"dispatches":591,"encode":{"nanos":207222,"secs":0},"gpu":{"nanos":8356250,"secs":0},"reused_bytes":2707456,"transient_live_bytes":524288,"transient_peak_bytes":2707456,"wait":{"nanos":8690625,"secs":0}},{"allocated_bytes":4,"allocation_time":{"nanos":4083,"secs":0},"allocations":1,"arena_capacity":245329920,"arena_high_water":268435456,"command_buffers":1,"completion_waits":1,"dispatches":591,"encode":{"nanos":202087,"secs":0},"gpu":{"nanos":8571167,"secs":0},"reused_bytes":2707456,"transient_live_bytes":524288,"transient_peak_bytes":2707456,"wait":{"nanos":8838833,"secs":0}},{"allocated_bytes":4,"allocation_time":{"nanos":3333,"secs":0},"allocations":1,"arena_capacity":245329920,"arena_high_water":268435456,"command_buffers":1,"completion_waits":1,"dispatches":591,"encode":{"nanos":209300,"secs":0},"gpu":{"nanos":8571500,"secs":0},"reused_bytes":2707456,"transient_live_bytes":524288,"transient_peak_bytes":2707456,"wait":{"nanos":8829417,"secs":0}},{"allocated_bytes":4,"allocation_time":{"nanos":3291,"secs":0},"allocations":1,"arena_capacity":245329920,"arena_high_water":268435456,"command_buffers":1,"completion_waits":1,"dispatches":591,"encode":{"nanos":201167,"secs":0},"gpu":{"nanos":8578042,"secs":0},"reused_bytes":2707456,"transient_live_bytes":524288,"transient_peak_bytes":2707456,"wait":{"nanos":8790375,"secs":0}},{"allocated_bytes":4,"allocation_time":{"nanos":3625,"secs":0},"allocations":1,"arena_capacity":245329920,"arena_high_water":268435456,"command_buffers":1,"completion_waits":1,"dispatches":591,"encode":{"nanos":203262,"secs":0},"gpu":{"nanos":8406208,"secs":0},"reused_bytes":2707456,"transient_live_bytes":524288,"transient_peak_bytes":2707456,"wait":{"nanos":8653416,"secs":0}},{"allocated_bytes":4,"allocation_time":{"nanos":3542,"secs":0},"allocations":1,"arena_capacity":245329920,"arena_high_water":268435456,"command_buffers":1,"completion_waits":1,"dispatches":591,"encode":{"nanos":200645,"secs":0},"gpu":{"nanos":8798000,"secs":0},"reused_bytes":2707456,"transient_live_bytes":524288,"transient_peak_bytes":2707456,"wait":{"nanos":9034583,"secs":0}},{"allocated_bytes":4,"allocation_time":{"nanos":3000,"secs":0},"allocations":1,"arena_capacity":245329920,"arena_high_water":268435456,"command_buffers":1,"completion_waits":1,"dispatches":591,"encode":{"nanos":198415,"secs":0},"gpu":{"nanos":8707458,"secs":0},"reused_bytes":2707456,"transient_live_bytes":524288,"transient_peak_bytes":2707456,"wait":{"nanos":8973333,"secs":0}},{"allocated_bytes":4,"allocation_time":{"nanos":3084,"secs":0},"allocations":1,"arena_capacity":245329920,"arena_high_water":268435456,"command_buffers":1,"completion_waits":1,"dispatches":591,"encode":{"nanos":200334,"secs":0},"gpu":{"nanos":8192833,"secs":0},"reused_bytes":2707456,"transient_live_bytes":524288,"transient_peak_bytes":2707456,"wait":{"nanos":8463042,"secs":0}},{"allocated_bytes":4,"allocation_time":{"nanos":3041,"secs":0},"allocations":1,"arena_capacity":245329920,"arena_high_water":268435456,"command_buffers":1,"completion_waits":1,"dispatches":591,"encode":{"nanos":199169,"secs":0},"gpu":{"nanos":8627125,"secs":0},"reused_bytes":2707456,"transient_live_bytes":524288,"transient_peak_bytes":2707456,"wait":{"nanos":8881792,"secs":0}},{"allocated_bytes":4,"allocation_time":{"nanos":3208,"secs":0},"allocations":1,"arena_capacity":245329920,"arena_high_water":268435456,"command_buffers":1,"completion_waits":1,"dispatches":591,"encode":{"nanos":206614,"secs":0},"gpu":{"nanos":8574583,"secs":0},"reused_bytes":2707456,"transient_live_bytes":524288,"transient_peak_bytes":2707456,"wait":{"nanos":8848250,"secs":0}},{"allocated_bytes":4,"allocation_time":{"nanos":2792,"secs":0},"allocations":1,"arena_capacity":245329920,"arena_high_water":268435456,"command_buffers":1,"completion_waits":1,"dispatches":591,"encode":{"nanos":198959,"secs":0},"gpu":{"nanos":8708875,"secs":0},"reused_bytes":2707456,"transient_live_bytes":524288,"transient_peak_bytes":2707456,"wait":{"nanos":8951500,"secs":0}},{"allocated_bytes":4,"allocation_time":{"nanos":2917,"secs":0},"allocations":1,"arena_capacity":245329920,"arena_high_water":268435456,"command_buffers":1,"completion_waits":1,"dispatches":591,"encode":{"nanos":194834,"secs":0},"gpu":{"nanos":8705750,"secs":0},"reused_bytes":2707456,"transient_live_bytes":524288,"transient_peak_bytes":2707456,"wait":{"nanos":8955958,"secs":0}},{"allocated_bytes":4,"allocation_time":{"nanos":5666,"secs":0},"allocations":1,"arena_capacity":245329920,"arena_high_water":268435456,"command_buffers":1,"completion_waits":1,"dispatches":591,"encode":{"nanos":212724,"secs":0},"gpu":{"nanos":8488250,"secs":0},"reused_bytes":2707456,"transient_live_bytes":524288,"transient_peak_bytes":2707456,"wait":{"nanos":8809791,"secs":0}},{"allocated_bytes":4,"allocation_time":{"nanos":4458,"secs":0},"allocations":1,"arena_capacity":245329920,"arena_high_water":268435456,"command_buffers":1,"completion_waits":1,"dispatches":591,"encode":{"nanos":216788,"secs":0},"gpu":{"nanos":8752375,"secs":0},"reused_bytes":2707456,"transient_live_bytes":524288,"transient_peak_bytes":2707456,"wait":{"nanos":9028542,"secs":0}},{"allocated_bytes":4,"allocation_time":{"nanos":3708,"secs":0},"allocations":1,"arena_capacity":245329920,"arena_high_water":268435456,"command_buffers":1,"completion_waits":1,"dispatches":591,"encode":{"nanos":210714,"secs":0},"gpu":{"nanos":8466250,"secs":0},"reused_bytes":2707456,"transient_live_bytes":524288,"transient_peak_bytes":2707456,"wait":{"nanos":8771791,"secs":0}},{"allocated_bytes":4,"allocation_time":{"nanos":3000,"secs":0},"allocations":1,"arena_capacity":245329920,"arena_high_water":268435456,"command_buffers":1,"completion_waits":1,"dispatches":591,"encode":{"nanos":201596,"secs":0},"gpu":{"nanos":9068500,"secs":0},"reused_bytes":2707456,"transient_live_bytes":524288,"transient_peak_bytes":2707456,"wait":{"nanos":9366125,"secs":0}},{"allocated_bytes":4,"allocation_time":{"nanos":2750,"secs":0},"allocations":1,"arena_capacity":245329920,"arena_high_water":268435456,"command_buffers":1,"completion_waits":1,"dispatches":591,"encode":{"nanos":200842,"secs":0},"gpu":{"nanos":8370542,"secs":0},"reused_bytes":2707456,"transient_live_bytes":524288,"transient_peak_bytes":2707456,"wait":{"nanos":8597208,"secs":0}}],"decode_median_ms":9.651250000000001,"decode_ms":[9.29875,9.258083000000001,9.241624999999999,9.082917,9.54975,9.000124999999999,9.395375,9.230625,9.108458,9.383958,9.332375,9.327208,9.497667,9.617666999999999,9.590667,9.529584,9.247667,9.17425,9.294666999999999,9.503,9.45,9.99525,9.575125,9.60225,9.861959,9.934,9.500417,9.927999999999999,9.753582999999999,9.628209,9.534542,9.212290999999999,9.711875,9.323917,9.608749999999999,10.942625,9.814416,9.389833,9.559041,9.966917,9.47775,9.953291,9.928625,10.416542000000002,9.707624999999998,11.221625000000001,9.557875000000001,9.616167,9.866833999999999,9.983416,9.59975,9.659457999999999,9.893541,9.86825,9.664417,9.657208,9.73925,9.562542,9.863958,9.625083,9.78025,9.651250000000001,9.702291,9.687625,9.750083,9.8675,10.056667000000001,9.936708000000001,10.346709,10.142833,9.738959,9.831958,10.1175,9.627875,9.846167,9.748167,9.903458,10.163791999999999,10.238624999999999,10.068083999999999,9.642125,10.018832999999999,9.54875,9.704915999999999,9.928583,10.301667,9.768832999999999,9.84,9.690792,9.568750000000001,9.956375,9.505834,10.212917000000001,9.868042,9.844375000000001,10.038041,9.621958999999999,10.190375,10.183166,10.083875,9.750791999999999,9.95825,10.278708,10.079292,10.35325,10.235792,9.283083,9.260542000000001,9.329417,9.227083,9.280792,9.169958000000001,9.320749999999999,9.322833000000001,9.275625,9.101042,9.501209,9.414541999999999,8.940959,9.322333,9.332583,9.39425,9.412375,9.347041,9.533875,9.265209,9.836208000000001,9.050291999999999],"decode_profiles":[{},{},{},{},{},{},{},{},{},{},{},{},{},{},{},{},{},{},{},{},{},{},{},{},{},{},{},{},{},{},{},{},{},{},{},{},{},{},{},{},{},{},{},{},{},{},{},{},{},{},{},{},{},{},{},{},{},{},{},{},{},{},{},{},{},{},{},{},{},{},{},{},{},{},{},{},{},{},{},{},{},{},{},{},{},{},{},{},{},{},{},{},{},{},{},{},{},{},{},{},{},{},{},{},{},{},{},{},{},{},{},{},{},{},{},{},{},{},{},{},{},{},{},{},{},{},{},{}],"decode_tps":103.61352156456417,"first_token_ms":49.422917,"generated_ids":[151667,198,32313,11,279,1196,1101,1053,330,9707,8958,773,358,1184,311,5889,34901,13,6771,752,1744,911,279,1850,1616,311,40786,1105,13,8704,807,2299,1667,279,21927,0,1943,11,7196,358,1265,24645,432,323,3010,12994,13,358,1265,2506,432,11657,323,1787,83075,13,6771,752,1281,2704,311,1779,421,1052,594,894,3151,1681,807,2578,614,11,714,2474,807,3207,944,6286,4113,11,1101,264,4285,42113,1265,975,13,97593,11,882,311,2182,429,1119,264,2033,624,151668,271,9707,0,2585,646,358,7789,498,3351,30,26525,232,151645,198,151643,33975,25,3555,374,279,1850,1616,311,40786,4325,1939,71703,25,320,3563,7979],"generated_tokens":129,"generation_ms":1318.974209,"generation_tps":97.80327706165177,"kv_active_bytes":17088512,"kv_reserved_bytes":29360128,"model_format":"GGUF","model_repository":"Qwen/Qwen3-0.6B-GGUF","model_revision":"23749fefcc72300e3a2ad315e1317431b06b590a","moe_expert_tensorops":true,"moe_expert_tensorops_min_routes_per_expert":8,"packed_quantized_bytes":633233408,"pair":1,"pair_order":"ferrum-control>llama.cpp>ferrum-candidate","parameter_count":596049920,"prefill_counters":{"allocated_bytes":29360212,"allocation_time":{"nanos":2271292,"secs":0},"allocations":57,"arena_capacity":245329920,"arena_high_water":268435456,"command_buffers":1,"completion_waits":1,"dispatches":591,"encode":{"nanos":264084,"secs":0},"gpu":{"nanos":45057208,"secs":0},"reused_bytes":45613056,"transient_live_bytes":0,"transient_peak_bytes":45613056,"wait":{"nanos":46375375,"secs":0}},"prefill_ms":49.1215,"prefill_profile":{},"prefill_tps":427.5113748562239,"prompt_ids":[151644,8948,198,2610,525,264,10950,17847,13,151645,198,151644,872,198,9707,0,151645,198,151644,77091,198],"prompt_tokens":21,"q5_0_gemv_n4":false,"q8_0_mpp_tile_k64":true,"retained_weight_bytes":633364480,"runtime":"ferrum","sampling_ms":30.454704,"source_tensor_bytes":633495552,"tensor_count":310,"warmup":false,"process_rss_bytes":1150861312,"ferrum_variant":"candidate","source_matrix_case_model":"Qwen/Qwen3-0.6B-GGUF@Q8_0","engine_order":["ferrum-control","llama.cpp","ferrum-candidate"],"case_index":4,"engine_load_plus_first_warmup_ms":1321.5061250375584}
{"case":"sustained-128-decode","decode_aggregate_tps":103.35750066137294,"decode_counters":[{"allocated_bytes":4,"allocation_time":{"nanos":7166,"secs":0},"allocations":1,"arena_capacity":245329920,"arena_high_water":268435456,"command_buffers":1,"completion_waits":1,"dispatches":591,"encode":{"nanos":230452,"secs":0},"gpu":{"nanos":8513792,"secs":0},"reused_bytes":2306048,"transient_live_bytes":524288,"transient_peak_bytes":2306048,"wait":{"nanos":8778583,"secs":0}},{"allocated_bytes":4,"allocation_time":{"nanos":3625,"secs":0},"allocations":1,"arena_capacity":245329920,"arena_high_water":268435456,"command_buffers":1,"completion_waits":1,"dispatches":591,"encode":{"nanos":200411,"secs":0},"gpu":{"nanos":8649750,"secs":0},"reused_bytes":2306048,"transient_live_bytes":524288,"transient_peak_bytes":2306048,"wait":{"nanos":8891541,"secs":0}},{"allocated_bytes":4,"allocation_time":{"nanos":3125,"secs":0},"allocations":1,"arena_capacity":245329920,"arena_high_water":268435456,"command_buffers":1,"completion_waits":1,"dispatches":591,"encode":{"nanos":210277,"secs":0},"gpu":{"nanos":8656208,"secs":0},"reused_bytes":2306048,"transient_live_bytes":524288,"transient_peak_bytes":2306048,"wait":{"nanos":8916625,"secs":0}},{"allocated_bytes":4,"allocation_time":{"nanos":2750,"secs":0},"allocations":1,"arena_capacity":245329920,"arena_high_water":268435456,"command_buffers":1,"completion_waits":1,"dispatches":591,"encode":{"nanos":198211,"secs":0},"gpu":{"nanos":8615500,"secs":0},"reused_bytes":2306048,"transient_live_bytes":524288,"transient_peak_bytes":2306048,"wait":{"nanos":8978459,"secs":0}},{"allocated_bytes":4,"allocation_time":{"nanos":2667,"secs":0},"allocations":1,"arena_capacity":245329920,"arena_high_water":268435456,"command_buffers":1,"completion_waits":1,"dispatches":591,"encode":{"nanos":207624,"secs":0},"gpu":{"nanos":8951375,"secs":0},"reused_bytes":2306048,"transient_live_bytes":524288,"transient_peak_bytes":2306048,"wait":{"nanos":9186208,"secs":0}},{"allocated_bytes":4,"allocation_time":{"nanos":4292,"secs":0},"allocations":1,"arena_capacity":245329920,"arena_high_water":268435456,"command_buffers":1,"completion_waits":1,"dispatches":591,"encode":{"nanos":197839,"secs":0},"gpu":{"nanos":8277000,"secs":0},"reused_bytes":2306048,"transient_live_bytes":524288,"transient_peak_bytes":2306048,"wait":{"nanos":8549833,"secs":0}},{"allocated_bytes":4,"allocation_time":{"nanos":4625,"secs":0},"allocations":1,"arena_capacity":245329920,"arena_high_water":268435456,"command_buffers":1,"completion_waits":1,"dispatches":591,"encode":{"nanos":200746,"secs":0},"gpu":{"nanos":8687458,"secs":0},"reused_bytes":2306048,"transient_live_bytes":524288,"transient_peak_bytes":2306048,"wait":{"nanos":8994458,"secs":0}},{"allocated_bytes":4,"allocation_time":{"nanos":2833,"secs":0},"allocations":1,"arena_capacity":245329920,"arena_high_water":268435456,"command_buffers":1,"completion_waits":1,"dispatches":591,"encode":{"nanos":202410,"secs":0},"gpu":{"nanos":8786917,"secs":0},"reused_bytes":2306048,"transient_live_bytes":524288,"transient_peak_bytes":2306048,"wait":{"nanos":9046542,"secs":0}},{"allocated_bytes":4,"allocation_time":{"nanos":3333,"secs":0},"allocations":1,"arena_capacity":245329920,"arena_high_water":268435456,"command_buffers":1,"completion_waits":1,"dispatches":591,"encode":{"nanos":199108,"secs":0},"gpu":{"nanos":8583292,"secs":0},"reused_bytes":2306048,"transient_live_bytes":524288,"transient_peak_bytes":2306048,"wait":{"nanos":8820416,"secs":0}},{"allocated_bytes":4,"allocation_time":{"nanos":5917,"secs":0},"allocations":1,"arena_capacity":245329920,"arena_high_water":268435456,"command_buffers":1,"completion_waits":1,"dispatches":591,"encode":{"nanos":217258,"secs":0},"gpu":{"nanos":8585000,"secs":0},"reused_bytes":2306048,"transient_live_bytes":524288,"transient_peak_bytes":2306048,"wait":{"nanos":8824625,"secs":0}},{"allocated_bytes":4,"allocation_time":{"nanos":4167,"secs":0},"allocations":1,"arena_capacity":245329920,"arena_high_water":268435456,"command_buffers":1,"completion_waits":1,"dispatches":591,"encode":{"nanos":214001,"secs":0},"gpu":{"nanos":8643375,"secs":0},"reused_bytes":2306048,"transient_live_bytes":524288,"transient_peak_bytes":2306048,"wait":{"nanos":8900958,"secs":0}},{"allocated_bytes":4,"allocation_time":{"nanos":3625,"secs":0},"allocations":1,"arena_capacity":245329920,"arena_high_water":268435456,"command_buffers":1,"completion_waits":1,"dispatches":591,"encode":{"nanos":227938,"secs":0},"gpu":{"nanos":8575333,"secs":0},"reused_bytes":2363392,"transient_live_bytes":524288,"transient_peak_bytes":2363392,"wait":{"nanos":8772750,"secs":0}},{"allocated_bytes":4,"allocation_time":{"nanos":3458,"secs":0},"allocations":1,"arena_capacity":245329920,"arena_high_water":268435456,"command_buffers":1,"completion_waits":1,"dispatches":591,"encode":{"nanos":200587,"secs":0},"gpu":{"nanos":8809625,"secs":0},"reused_bytes":2363392,"transient_live_bytes":524288,"transient_peak_bytes":2363392,"wait":{"nanos":9078291,"secs":0}},{"allocated_bytes":4,"allocation_time":{"nanos":3667,"secs":0},"allocations":1,"arena_capacity":245329920,"arena_high_water":268435456,"command_buffers":1,"completion_waits":1,"dispatches":591,"encode":{"nanos":204236,"secs":0},"gpu":{"nanos":8873458,"secs":0},"reused_bytes":2363392,"transient_live_bytes":524288,"transient_peak_bytes":2363392,"wait":{"nanos":9124416,"secs":0}},{"allocated_bytes":4,"allocation_time":{"nanos":3334,"secs":0},"allocations":1,"arena_capacity":245329920,"arena_high_water":268435456,"command_buffers":1,"completion_waits":1,"dispatches":591,"encode":{"nanos":206750,"secs":0},"gpu":{"nanos":8814875,"secs":0},"reused_bytes":2363392,"transient_live_bytes":524288,"transient_peak_bytes":2363392,"wait":{"nanos":9155459,"secs":0}},{"allocated_bytes":4,"allocation_time":{"nanos":2583,"secs":0},"allocations":1,"arena_capacity":245329920,"arena_high_water":268435456,"command_buffers":1,"completion_waits":1,"dispatches":591,"encode":{"nanos":212201,"secs":0},"gpu":{"nanos":8782542,"secs":0},"reused_bytes":2363392,"transient_live_bytes":524288,"transient_peak_bytes":2363392,"wait":{"nanos":9047875,"secs":0}},{"allocated_bytes":4,"allocation_time":{"nanos":3125,"secs":0},"allocations":1,"arena_capacity":245329920,"arena_high_water":268435456,"command_buffers":1,"completion_waits":1,"dispatches":591,"encode":{"nanos":199923,"secs":0},"gpu":{"nanos":8235750,"secs":0},"reused_bytes":2363392,"transient_live_bytes":524288,"transient_peak_bytes":2363392,"wait":{"nanos":8509417,"secs":0}},{"allocated_bytes":4,"allocation_time":{"nanos":3584,"secs":0},"allocations":1,"arena_capacity":245329920,"arena_high_water":268435456,"command_buffers":1,"completion_waits":1,"dispatches":591,"encode":{"nanos":200179,"secs":0},"gpu":{"nanos":8232167,"secs":0},"reused_bytes":2363392,"transient_live_bytes":524288,"transient_peak_bytes":2363392,"wait":{"nanos":8504584,"secs":0}},{"allocated_bytes":4,"allocation_time":{"nanos":3709,"secs":0},"allocations":1,"arena_capacity":245329920,"arena_high_water":268435456,"command_buffers":1,"completion_waits":1,"dispatches":591,"encode":{"nanos":198612,"secs":0},"gpu":{"nanos":8607208,"secs":0},"reused_bytes":2363392,"transient_live_bytes":524288,"transient_peak_bytes":2363392,"wait":{"nanos":8872291,"secs":0}},{"allocated_bytes":4,"allocation_time":{"nanos":2959,"secs":0},"allocations":1,"arena_capacity":245329920,"arena_high_water":268435456,"command_buffers":1,"completion_waits":1,"dispatches":591,"encode":{"nanos":200155,"secs":0},"gpu":{"nanos":8733667,"secs":0},"reused_bytes":2363392,"transient_live_bytes":524288,"transient_peak_bytes":2363392,"wait":{"nanos":8996250,"secs":0}},{"allocated_bytes":4,"allocation_time":{"nanos":3500,"secs":0},"allocations":1,"arena_capacity":245329920,"arena_high_water":268435456,"command_buffers":1,"completion_waits":1,"dispatches":591,"encode":{"nanos":198534,"secs":0},"gpu":{"nanos":8739250,"secs":0},"reused_bytes":2363392,"transient_live_bytes":524288,"transient_peak_bytes":2363392,"wait":{"nanos":9000542,"secs":0}},{"allocated_bytes":4,"allocation_time":{"nanos":4000,"secs":0},"allocations":1,"arena_capacity":245329920,"arena_high_water":268435456,"command_buffers":1,"completion_waits":1,"dispatches":591,"encode":{"nanos":203168,"secs":0},"gpu":{"nanos":8686875,"secs":0},"reused_bytes":2363392,"transient_live_bytes":524288,"transient_peak_bytes":2363392,"wait":{"nanos":8949917,"secs":0}},{"allocated_bytes":4,"allocation_time":{"nanos":3583,"secs":0},"allocations":1,"arena_capacity":245329920,"arena_high_water":268435456,"command_buffers":1,"completion_waits":1,"dispatches":591,"encode":{"nanos":203423,"secs":0},"gpu":{"nanos":8860792,"secs":0},"reused_bytes":2363392,"transient_live_bytes":524288,"transient_peak_bytes":2363392,"wait":{"nanos":9123875,"secs":0}},{"allocated_bytes":4,"allocation_time":{"nanos":3708,"secs":0},"allocations":1,"arena_capacity":245329920,"arena_high_water":268435456,"command_buffers":1,"completion_waits":1,"dispatches":591,"encode":{"nanos":202036,"secs":0},"gpu":{"nanos":8773542,"secs":0},"reused_bytes":2363392,"transient_live_bytes":524288,"transient_peak_bytes":2363392,"wait":{"nanos":9035250,"secs":0}},{"allocated_bytes":4,"allocation_time":{"nanos":3958,"secs":0},"allocations":1,"arena_capacity":245329920,"arena_high_water":268435456,"command_buffers":1,"completion_waits":1,"dispatches":591,"encode":{"nanos":198616,"secs":0},"gpu":{"nanos":8877292,"secs":0},"reused_bytes":2363392,"transient_live_bytes":524288,"transient_peak_bytes":2363392,"wait":{"nanos":9114208,"secs":0}},{"allocated_bytes":4,"allocation_time":{"nanos":3750,"secs":0},"allocations":1,"arena_capacity":245329920,"arena_high_water":268435456,"command_buffers":1,"completion_waits":1,"dispatches":591,"encode":{"nanos":201872,"secs":0},"gpu":{"nanos":8861125,"secs":0},"reused_bytes":2363392,"transient_live_bytes":524288,"transient_peak_bytes":2363392,"wait":{"nanos":9145750,"secs":0}},{"allocated_bytes":4,"allocation_time":{"nanos":2792,"secs":0},"allocations":1,"arena_capacity":245329920,"arena_high_water":268435456,"command_buffers":1,"completion_waits":1,"dispatches":591,"encode":{"nanos":199257,"secs":0},"gpu":{"nanos":8706250,"secs":0},"reused_bytes":2363392,"transient_live_bytes":524288,"transient_peak_bytes":2363392,"wait":{"nanos":8966750,"secs":0}},{"allocated_bytes":4,"allocation_time":{"nanos":3542,"secs":0},"allocations":1,"arena_capacity":245329920,"arena_high_water":268435456,"command_buffers":1,"completion_waits":1,"dispatches":591,"encode":{"nanos":198662,"secs":0},"gpu":{"nanos":9129167,"secs":0},"reused_bytes":2363392,"transient_live_bytes":524288,"transient_peak_bytes":2363392,"wait":{"nanos":9402417,"secs":0}},{"allocated_bytes":4,"allocation_time":{"nanos":3125,"secs":0},"allocations":1,"arena_capacity":245329920,"arena_high_water":268435456,"command_buffers":1,"completion_waits":1,"dispatches":591,"encode":{"nanos":198298,"secs":0},"gpu":{"nanos":8989667,"secs":0},"reused_bytes":2363392,"transient_live_bytes":524288,"transient_peak_bytes":2363392,"wait":{"nanos":9239584,"secs":0}},{"allocated_bytes":4,"allocation_time":{"nanos":2958,"secs":0},"allocations":1,"arena_capacity":245329920,"arena_high_water":268435456,"command_buffers":1,"completion_waits":1,"dispatches":591,"encode":{"nanos":198896,"secs":0},"gpu":{"nanos":8841375,"secs":0},"reused_bytes":2363392,"transient_live_bytes":524288,"transient_peak_bytes":2363392,"wait":{"nanos":9058750,"secs":0}},{"allocated_bytes":4,"allocation_time":{"nanos":2334,"secs":0},"allocations":1,"arena_capacity":245329920,"arena_high_water":268435456,"command_buffers":1,"completion_waits":1,"dispatches":591,"encode":{"nanos":197825,"secs":0},"gpu":{"nanos":8907750,"secs":0},"reused_bytes":2363392,"transient_live_bytes":524288,"transient_peak_bytes":2363392,"wait":{"nanos":9181916,"secs":0}},{"allocated_bytes":4,"allocation_time":{"nanos":3875,"secs":0},"allocations":1,"arena_capacity":245329920,"arena_high_water":268435456,"command_buffers":1,"completion_waits":1,"dispatches":591,"encode":{"nanos":200888,"secs":0},"gpu":{"nanos":8431042,"secs":0},"reused_bytes":2363392,"transient_live_bytes":524288,"transient_peak_bytes":2363392,"wait":{"nanos":8693417,"secs":0}},{"allocated_bytes":4,"allocation_time":{"nanos":2917,"secs":0},"allocations":1,"arena_capacity":245329920,"arena_high_water":268435456,"command_buffers":1,"completion_waits":1,"dispatches":591,"encode":{"nanos":198632,"secs":0},"gpu":{"nanos":8967083,"secs":0},"reused_bytes":2363392,"transient_live_bytes":524288,"transient_peak_bytes":2363392,"wait":{"nanos":9300833,"secs":0}},{"allocated_bytes":4,"allocation_time":{"nanos":2417,"secs":0},"allocations":1,"arena_capacity":245329920,"arena_high_water":268435456,"command_buffers":1,"completion_waits":1,"dispatches":591,"encode":{"nanos":195371,"secs":0},"gpu":{"nanos":8570167,"secs":0},"reused_bytes":2363392,"transient_live_bytes":524288,"transient_peak_bytes":2363392,"wait":{"nanos":8831417,"secs":0}},{"allocated_bytes":4,"allocation_time":{"nanos":2750,"secs":0},"allocations":1,"arena_capacity":245329920,"arena_high_water":268435456,"command_buffers":1,"completion_waits":1,"dispatches":591,"encode":{"nanos":196068,"secs":0},"gpu":{"nanos":8883625,"secs":0},"reused_bytes":2363392,"transient_live_bytes":524288,"transient_peak_bytes":2363392,"wait":{"nanos":9134250,"secs":0}},{"allocated_bytes":4,"allocation_time":{"nanos":2250,"secs":0},"allocations":1,"arena_capacity":245329920,"arena_high_water":268435456,"command_buffers":1,"completion_waits":1,"dispatches":591,"encode":{"nanos":196800,"secs":0},"gpu":{"nanos":8853333,"secs":0},"reused_bytes":2363392,"transient_live_bytes":524288,"transient_peak_bytes":2363392,"wait":{"nanos":9099875,"secs":0}},{"allocated_bytes":4,"allocation_time":{"nanos":3625,"secs":0},"allocations":1,"arena_capacity":245329920,"arena_high_water":268435456,"command_buffers":1,"completion_waits":1,"dispatches":591,"encode":{"nanos":198663,"secs":0},"gpu":{"nanos":9049083,"secs":0},"reused_bytes":2363392,"transient_live_bytes":524288,"transient_peak_bytes":2363392,"wait":{"nanos":9301292,"secs":0}},{"allocated_bytes":4,"allocation_time":{"nanos":2750,"secs":0},"allocations":1,"arena_capacity":245329920,"arena_high_water":268435456,"command_buffers":1,"completion_waits":1,"dispatches":591,"encode":{"nanos":195952,"secs":0},"gpu":{"nanos":8671292,"secs":0},"reused_bytes":2363392,"transient_live_bytes":524288,"transient_peak_bytes":2363392,"wait":{"nanos":8934125,"secs":0}},{"allocated_bytes":4,"allocation_time":{"nanos":2958,"secs":0},"allocations":1,"arena_capacity":245329920,"arena_high_water":268435456,"command_buffers":1,"completion_waits":1,"dispatches":591,"encode":{"nanos":210963,"secs":0},"gpu":{"nanos":8832417,"secs":0},"reused_bytes":2363392,"transient_live_bytes":524288,"transient_peak_bytes":2363392,"wait":{"nanos":9104375,"secs":0}},{"allocated_bytes":4,"allocation_time":{"nanos":3209,"secs":0},"allocations":1,"arena_capacity":245329920,"arena_high_water":268435456,"command_buffers":1,"completion_waits":1,"dispatches":591,"encode":{"nanos":198251,"secs":0},"gpu":{"nanos":9152375,"secs":0},"reused_bytes":2363392,"transient_live_bytes":524288,"transient_peak_bytes":2363392,"wait":{"nanos":9470250,"secs":0}},{"allocated_bytes":4,"allocation_time":{"nanos":2833,"secs":0},"allocations":1,"arena_capacity":245329920,"arena_high_water":268435456,"command_buffers":1,"completion_waits":1,"dispatches":591,"encode":{"nanos":198882,"secs":0},"gpu":{"nanos":8591875,"secs":0},"reused_bytes":2363392,"transient_live_bytes":524288,"transient_peak_bytes":2363392,"wait":{"nanos":8849500,"secs":0}},{"allocated_bytes":4,"allocation_time":{"nanos":3083,"secs":0},"allocations":1,"arena_capacity":245329920,"arena_high_water":268435456,"command_buffers":1,"completion_waits":1,"dispatches":591,"encode":{"nanos":197605,"secs":0},"gpu":{"nanos":9162875,"secs":0},"reused_bytes":2363392,"transient_live_bytes":524288,"transient_peak_bytes":2363392,"wait":{"nanos":9432416,"secs":0}},{"allocated_bytes":4,"allocation_time":{"nanos":3000,"secs":0},"allocations":1,"arena_capacity":245329920,"arena_high_water":268435456,"command_buffers":1,"completion_waits":1,"dispatches":591,"encode":{"nanos":196025,"secs":0},"gpu":{"nanos":9156458,"secs":0},"reused_bytes":2363392,"transient_live_bytes":524288,"transient_peak_bytes":2363392,"wait":{"nanos":9420333,"secs":0}},{"allocated_bytes":4,"allocation_time":{"nanos":2791,"secs":0},"allocations":1,"arena_capacity":245329920,"arena_high_water":268435456,"command_buffers":1,"completion_waits":1,"dispatches":591,"encode":{"nanos":201463,"secs":0},"gpu":{"nanos":9461250,"secs":0},"reused_bytes":2478080,"transient_live_bytes":524288,"transient_peak_bytes":2478080,"wait":{"nanos":9744584,"secs":0}},{"allocated_bytes":4,"allocation_time":{"nanos":3042,"secs":0},"allocations":1,"arena_capacity":245329920,"arena_high_water":268435456,"command_buffers":1,"completion_waits":1,"dispatches":591,"encode":{"nanos":198381,"secs":0},"gpu":{"nanos":8922000,"secs":0},"reused_bytes":2478080,"transient_live_bytes":524288,"transient_peak_bytes":2478080,"wait":{"nanos":9182459,"secs":0}},{"allocated_bytes":4,"allocation_time":{"nanos":4167,"secs":0},"allocations":1,"arena_capacity":245329920,"arena_high_water":268435456,"command_buffers":1,"completion_waits":1,"dispatches":591,"encode":{"nanos":200825,"secs":0},"gpu":{"nanos":9239625,"secs":0},"reused_bytes":2478080,"transient_live_bytes":524288,"transient_peak_bytes":2478080,"wait":{"nanos":9509250,"secs":0}},{"allocated_bytes":4,"allocation_time":{"nanos":3250,"secs":0},"allocations":1,"arena_capacity":245329920,"arena_high_water":268435456,"command_buffers":1,"completion_waits":1,"dispatches":591,"encode":{"nanos":206458,"secs":0},"gpu":{"nanos":8763208,"secs":0},"reused_bytes":2478080,"transient_live_bytes":524288,"transient_peak_bytes":2478080,"wait":{"nanos":9035375,"secs":0}},{"allocated_bytes":4,"allocation_time":{"nanos":2625,"secs":0},"allocations":1,"arena_capacity":245329920,"arena_high_water":268435456,"command_buffers":1,"completion_waits":1,"dispatches":591,"encode":{"nanos":198728,"secs":0},"gpu":{"nanos":8734167,"secs":0},"reused_bytes":2478080,"transient_live_bytes":524288,"transient_peak_bytes":2478080,"wait":{"nanos":9002958,"secs":0}},{"allocated_bytes":4,"allocation_time":{"nanos":2917,"secs":0},"allocations":1,"arena_capacity":245329920,"arena_high_water":268435456,"command_buffers":1,"completion_waits":1,"dispatches":591,"encode":{"nanos":199307,"secs":0},"gpu":{"nanos":9100000,"secs":0},"reused_bytes":2478080,"transient_live_bytes":524288,"transient_peak_bytes":2478080,"wait":{"nanos":9369584,"secs":0}},{"allocated_bytes":4,"allocation_time":{"nanos":3584,"secs":0},"allocations":1,"arena_capacity":245329920,"arena_high_water":268435456,"command_buffers":1,"completion_waits":1,"dispatches":591,"encode":{"nanos":200347,"secs":0},"gpu":{"nanos":9259542,"secs":0},"reused_bytes":2478080,"transient_live_bytes":524288,"transient_peak_bytes":2478080,"wait":{"nanos":9531167,"secs":0}},{"allocated_bytes":4,"allocation_time":{"nanos":2875,"secs":0},"allocations":1,"arena_capacity":245329920,"arena_high_water":268435456,"command_buffers":1,"completion_waits":1,"dispatches":591,"encode":{"nanos":197897,"secs":0},"gpu":{"nanos":8854625,"secs":0},"reused_bytes":2478080,"transient_live_bytes":524288,"transient_peak_bytes":2478080,"wait":{"nanos":9125500,"secs":0}},{"allocated_bytes":4,"allocation_time":{"nanos":2917,"secs":0},"allocations":1,"arena_capacity":245329920,"arena_high_water":268435456,"command_buffers":1,"completion_waits":1,"dispatches":591,"encode":{"nanos":200672,"secs":0},"gpu":{"nanos":8926625,"secs":0},"reused_bytes":2478080,"transient_live_bytes":524288,"transient_peak_bytes":2478080,"wait":{"nanos":9177125,"secs":0}},{"allocated_bytes":4,"allocation_time":{"nanos":2959,"secs":0},"allocations":1,"arena_capacity":245329920,"arena_high_water":268435456,"command_buffers":1,"completion_waits":1,"dispatches":591,"encode":{"nanos":196823,"secs":0},"gpu":{"nanos":9127875,"secs":0},"reused_bytes":2478080,"transient_live_bytes":524288,"transient_peak_bytes":2478080,"wait":{"nanos":9359250,"secs":0}},{"allocated_bytes":4,"allocation_time":{"nanos":3542,"secs":0},"allocations":1,"arena_capacity":245329920,"arena_high_water":268435456,"command_buffers":1,"completion_waits":1,"dispatches":591,"encode":{"nanos":200746,"secs":0},"gpu":{"nanos":8978125,"secs":0},"reused_bytes":2478080,"transient_live_bytes":524288,"transient_peak_bytes":2478080,"wait":{"nanos":9239958,"secs":0}},{"allocated_bytes":4,"allocation_time":{"nanos":4250,"secs":0},"allocations":1,"arena_capacity":245329920,"arena_high_water":268435456,"command_buffers":1,"completion_waits":1,"dispatches":591,"encode":{"nanos":205458,"secs":0},"gpu":{"nanos":8979250,"secs":0},"reused_bytes":2478080,"transient_live_bytes":524288,"transient_peak_bytes":2478080,"wait":{"nanos":9294375,"secs":0}},{"allocated_bytes":4,"allocation_time":{"nanos":2834,"secs":0},"allocations":1,"arena_capacity":245329920,"arena_high_water":268435456,"command_buffers":1,"completion_waits":1,"dispatches":591,"encode":{"nanos":202759,"secs":0},"gpu":{"nanos":8661000,"secs":0},"reused_bytes":2478080,"transient_live_bytes":524288,"transient_peak_bytes":2478080,"wait":{"nanos":8924666,"secs":0}},{"allocated_bytes":4,"allocation_time":{"nanos":8292,"secs":0},"allocations":1,"arena_capacity":245329920,"arena_high_water":268435456,"command_buffers":1,"completion_waits":1,"dispatches":591,"encode":{"nanos":256797,"secs":0},"gpu":{"nanos":9017292,"secs":0},"reused_bytes":2478080,"transient_live_bytes":524288,"transient_peak_bytes":2478080,"wait":{"nanos":9256584,"secs":0}},{"allocated_bytes":4,"allocation_time":{"nanos":4208,"secs":0},"allocations":1,"arena_capacity":245329920,"arena_high_water":268435456,"command_buffers":1,"completion_waits":1,"dispatches":591,"encode":{"nanos":205002,"secs":0},"gpu":{"nanos":8787250,"secs":0},"reused_bytes":2478080,"transient_live_bytes":524288,"transient_peak_bytes":2478080,"wait":{"nanos":9066250,"secs":0}},{"allocated_bytes":4,"allocation_time":{"nanos":3333,"secs":0},"allocations":1,"arena_capacity":245329920,"arena_high_water":268435456,"command_buffers":1,"completion_waits":1,"dispatches":591,"encode":{"nanos":202200,"secs":0},"gpu":{"nanos":9131125,"secs":0},"reused_bytes":2478080,"transient_live_bytes":524288,"transient_peak_bytes":2478080,"wait":{"nanos":9383958,"secs":0}},{"allocated_bytes":4,"allocation_time":{"nanos":3584,"secs":0},"allocations":1,"arena_capacity":245329920,"arena_high_water":268435456,"command_buffers":1,"completion_waits":1,"dispatches":591,"encode":{"nanos":199664,"secs":0},"gpu":{"nanos":8844792,"secs":0},"reused_bytes":2478080,"transient_live_bytes":524288,"transient_peak_bytes":2478080,"wait":{"nanos":9119500,"secs":0}},{"allocated_bytes":4,"allocation_time":{"nanos":3125,"secs":0},"allocations":1,"arena_capacity":245329920,"arena_high_water":268435456,"command_buffers":1,"completion_waits":1,"dispatches":591,"encode":{"nanos":201633,"secs":0},"gpu":{"nanos":9000625,"secs":0},"reused_bytes":2478080,"transient_live_bytes":524288,"transient_peak_bytes":2478080,"wait":{"nanos":9266000,"secs":0}},{"allocated_bytes":4,"allocation_time":{"nanos":4042,"secs":0},"allocations":1,"arena_capacity":245329920,"arena_high_water":268435456,"command_buffers":1,"completion_waits":1,"dispatches":591,"encode":{"nanos":202955,"secs":0},"gpu":{"nanos":8910500,"secs":0},"reused_bytes":2478080,"transient_live_bytes":524288,"transient_peak_bytes":2478080,"wait":{"nanos":9179958,"secs":0}},{"allocated_bytes":4,"allocation_time":{"nanos":2708,"secs":0},"allocations":1,"arena_capacity":245329920,"arena_high_water":268435456,"command_buffers":1,"completion_waits":1,"dispatches":591,"encode":{"nanos":197802,"secs":0},"gpu":{"nanos":9469500,"secs":0},"reused_bytes":2478080,"transient_live_bytes":524288,"transient_peak_bytes":2478080,"wait":{"nanos":9741834,"secs":0}},{"allocated_bytes":4,"allocation_time":{"nanos":2416,"secs":0},"allocations":1,"arena_capacity":245329920,"arena_high_water":268435456,"command_buffers":1,"completion_waits":1,"dispatches":591,"encode":{"nanos":197432,"secs":0},"gpu":{"nanos":8922125,"secs":0},"reused_bytes":2478080,"transient_live_bytes":524288,"transient_peak_bytes":2478080,"wait":{"nanos":9133958,"secs":0}},{"allocated_bytes":4,"allocation_time":{"nanos":3167,"secs":0},"allocations":1,"arena_capacity":245329920,"arena_high_water":268435456,"command_buffers":1,"completion_waits":1,"dispatches":591,"encode":{"nanos":211535,"secs":0},"gpu":{"nanos":9067375,"secs":0},"reused_bytes":2478080,"transient_live_bytes":524288,"transient_peak_bytes":2478080,"wait":{"nanos":9293000,"secs":0}},{"allocated_bytes":4,"allocation_time":{"nanos":3917,"secs":0},"allocations":1,"arena_capacity":245329920,"arena_high_water":268435456,"command_buffers":1,"completion_waits":1,"dispatches":591,"encode":{"nanos":200148,"secs":0},"gpu":{"nanos":9182792,"secs":0},"reused_bytes":2478080,"transient_live_bytes":524288,"transient_peak_bytes":2478080,"wait":{"nanos":9422250,"secs":0}},{"allocated_bytes":4,"allocation_time":{"nanos":2625,"secs":0},"allocations":1,"arena_capacity":245329920,"arena_high_water":268435456,"command_buffers":1,"completion_waits":1,"dispatches":591,"encode":{"nanos":198754,"secs":0},"gpu":{"nanos":10306875,"secs":0},"reused_bytes":2478080,"transient_live_bytes":524288,"transient_peak_bytes":2478080,"wait":{"nanos":11634250,"secs":0}},{"allocated_bytes":4,"allocation_time":{"nanos":4417,"secs":0},"allocations":1,"arena_capacity":245329920,"arena_high_water":268435456,"command_buffers":1,"completion_waits":1,"dispatches":591,"encode":{"nanos":209509,"secs":0},"gpu":{"nanos":9060250,"secs":0},"reused_bytes":2478080,"transient_live_bytes":524288,"transient_peak_bytes":2478080,"wait":{"nanos":9295625,"secs":0}},{"allocated_bytes":4,"allocation_time":{"nanos":3084,"secs":0},"allocations":1,"arena_capacity":245329920,"arena_high_water":268435456,"command_buffers":1,"completion_waits":1,"dispatches":591,"encode":{"nanos":203793,"secs":0},"gpu":{"nanos":9593292,"secs":0},"reused_bytes":2478080,"transient_live_bytes":524288,"transient_peak_bytes":2478080,"wait":{"nanos":9821083,"secs":0}},{"allocated_bytes":4,"allocation_time":{"nanos":3208,"secs":0},"allocations":1,"arena_capacity":245329920,"arena_high_water":268435456,"command_buffers":1,"completion_waits":1,"dispatches":591,"encode":{"nanos":200488,"secs":0},"gpu":{"nanos":9380500,"secs":0},"reused_bytes":2478080,"transient_live_bytes":524288,"transient_peak_bytes":2478080,"wait":{"nanos":9598083,"secs":0}},{"allocated_bytes":4,"allocation_time":{"nanos":2917,"secs":0},"allocations":1,"arena_capacity":245329920,"arena_high_water":268435456,"command_buffers":1,"completion_waits":1,"dispatches":591,"encode":{"nanos":199578,"secs":0},"gpu":{"nanos":8998292,"secs":0},"reused_bytes":2478080,"transient_live_bytes":524288,"transient_peak_bytes":2478080,"wait":{"nanos":9212458,"secs":0}},{"allocated_bytes":4,"allocation_time":{"nanos":3167,"secs":0},"allocations":1,"arena_capacity":245329920,"arena_high_water":268435456,"command_buffers":1,"completion_waits":1,"dispatches":591,"encode":{"nanos":196527,"secs":0},"gpu":{"nanos":9031750,"secs":0},"reused_bytes":2478080,"transient_live_bytes":524288,"transient_peak_bytes":2478080,"wait":{"nanos":9270833,"secs":0}},{"allocated_bytes":4,"allocation_time":{"nanos":2667,"secs":0},"allocations":1,"arena_capacity":245329920,"arena_high_water":268435456,"command_buffers":1,"completion_waits":1,"dispatches":591,"encode":{"nanos":195553,"secs":0},"gpu":{"nanos":9304917,"secs":0},"reused_bytes":2478080,"transient_live_bytes":524288,"transient_peak_bytes":2478080,"wait":{"nanos":9536125,"secs":0}},{"allocated_bytes":4,"allocation_time":{"nanos":3083,"secs":0},"allocations":1,"arena_capacity":245329920,"arena_high_water":268435456,"command_buffers":1,"completion_waits":1,"dispatches":591,"encode":{"nanos":200175,"secs":0},"gpu":{"nanos":8907583,"secs":0},"reused_bytes":2478080,"transient_live_bytes":524288,"transient_peak_bytes":2478080,"wait":{"nanos":9126542,"secs":0}},{"allocated_bytes":4,"allocation_time":{"nanos":2625,"secs":0},"allocations":1,"arena_capacity":245329920,"arena_high_water":268435456,"command_buffers":1,"completion_waits":1,"dispatches":591,"encode":{"nanos":217813,"secs":0},"gpu":{"nanos":9085958,"secs":0},"reused_bytes":2478080,"transient_live_bytes":524288,"transient_peak_bytes":2478080,"wait":{"nanos":9312084,"secs":0}},{"allocated_bytes":4,"allocation_time":{"nanos":3166,"secs":0},"allocations":1,"arena_capacity":245329920,"arena_high_water":268435456,"command_buffers":1,"completion_waits":1,"dispatches":591,"encode":{"nanos":198260,"secs":0},"gpu":{"nanos":9027000,"secs":0},"reused_bytes":2478080,"transient_live_bytes":524288,"transient_peak_bytes":2478080,"wait":{"nanos":9279208,"secs":0}},{"allocated_bytes":4,"allocation_time":{"nanos":2500,"secs":0},"allocations":1,"arena_capacity":245329920,"arena_high_water":268435456,"command_buffers":1,"completion_waits":1,"dispatches":591,"encode":{"nanos":196797,"secs":0},"gpu":{"nanos":9110083,"secs":0},"reused_bytes":2478080,"transient_live_bytes":524288,"transient_peak_bytes":2478080,"wait":{"nanos":9356625,"secs":0}},{"allocated_bytes":4,"allocation_time":{"nanos":2917,"secs":0},"allocations":1,"arena_capacity":245329920,"arena_high_water":268435456,"command_buffers":1,"completion_waits":1,"dispatches":591,"encode":{"nanos":197961,"secs":0},"gpu":{"nanos":9243875,"secs":0},"reused_bytes":2478080,"transient_live_bytes":524288,"transient_peak_bytes":2478080,"wait":{"nanos":9494958,"secs":0}},{"allocated_bytes":4,"allocation_time":{"nanos":3042,"secs":0},"allocations":1,"arena_capacity":245329920,"arena_high_water":268435456,"command_buffers":1,"completion_waits":1,"dispatches":591,"encode":{"nanos":199344,"secs":0},"gpu":{"nanos":9468958,"secs":0},"reused_bytes":2478080,"transient_live_bytes":524288,"transient_peak_bytes":2478080,"wait":{"nanos":9726166,"secs":0}},{"allocated_bytes":4,"allocation_time":{"nanos":3375,"secs":0},"allocations":1,"arena_capacity":245329920,"arena_high_water":268435456,"command_buffers":1,"completion_waits":1,"dispatches":591,"encode":{"nanos":201238,"secs":0},"gpu":{"nanos":9072042,"secs":0},"reused_bytes":2478080,"transient_live_bytes":524288,"transient_peak_bytes":2478080,"wait":{"nanos":9327167,"secs":0}},{"allocated_bytes":4,"allocation_time":{"nanos":3334,"secs":0},"allocations":1,"arena_capacity":245329920,"arena_high_water":268435456,"command_buffers":1,"completion_waits":1,"dispatches":591,"encode":{"nanos":200881,"secs":0},"gpu":{"nanos":9153375,"secs":0},"reused_bytes":2478080,"transient_live_bytes":524288,"transient_peak_bytes":2478080,"wait":{"nanos":9378542,"secs":0}},{"allocated_bytes":4,"allocation_time":{"nanos":2875,"secs":0},"allocations":1,"arena_capacity":245329920,"arena_high_water":268435456,"command_buffers":1,"completion_waits":1,"dispatches":591,"encode":{"nanos":199330,"secs":0},"gpu":{"nanos":9339375,"secs":0},"reused_bytes":2478080,"transient_live_bytes":524288,"transient_peak_bytes":2478080,"wait":{"nanos":9596750,"secs":0}},{"allocated_bytes":4,"allocation_time":{"nanos":2833,"secs":0},"allocations":1,"arena_capacity":245329920,"arena_high_water":268435456,"command_buffers":1,"completion_waits":1,"dispatches":591,"encode":{"nanos":200223,"secs":0},"gpu":{"nanos":9077083,"secs":0},"reused_bytes":2478080,"transient_live_bytes":524288,"transient_peak_bytes":2478080,"wait":{"nanos":9312584,"secs":0}},{"allocated_bytes":4,"allocation_time":{"nanos":3667,"secs":0},"allocations":1,"arena_capacity":245329920,"arena_high_water":268435456,"command_buffers":1,"completion_waits":1,"dispatches":591,"encode":{"nanos":198832,"secs":0},"gpu":{"nanos":9263167,"secs":0},"reused_bytes":2478080,"transient_live_bytes":524288,"transient_peak_bytes":2478080,"wait":{"nanos":9481000,"secs":0}},{"allocated_bytes":4,"allocation_time":{"nanos":2750,"secs":0},"allocations":1,"arena_capacity":245329920,"arena_high_water":268435456,"command_buffers":1,"completion_waits":1,"dispatches":591,"encode":{"nanos":207996,"secs":0},"gpu":{"nanos":9248083,"secs":0},"reused_bytes":2478080,"transient_live_bytes":524288,"transient_peak_bytes":2478080,"wait":{"nanos":9495250,"secs":0}},{"allocated_bytes":4,"allocation_time":{"nanos":3042,"secs":0},"allocations":1,"arena_capacity":245329920,"arena_high_water":268435456,"command_buffers":1,"completion_waits":1,"dispatches":591,"encode":{"nanos":196131,"secs":0},"gpu":{"nanos":9314208,"secs":0},"reused_bytes":2478080,"transient_live_bytes":524288,"transient_peak_bytes":2478080,"wait":{"nanos":9526459,"secs":0}},{"allocated_bytes":4,"allocation_time":{"nanos":3292,"secs":0},"allocations":1,"arena_capacity":245329920,"arena_high_water":268435456,"command_buffers":1,"completion_waits":1,"dispatches":591,"encode":{"nanos":201342,"secs":0},"gpu":{"nanos":9110750,"secs":0},"reused_bytes":2478080,"transient_live_bytes":524288,"transient_peak_bytes":2478080,"wait":{"nanos":9366458,"secs":0}},{"allocated_bytes":4,"allocation_time":{"nanos":3208,"secs":0},"allocations":1,"arena_capacity":245329920,"arena_high_water":268435456,"command_buffers":1,"completion_waits":1,"dispatches":591,"encode":{"nanos":208436,"secs":0},"gpu":{"nanos":8692042,"secs":0},"reused_bytes":2478080,"transient_live_bytes":524288,"transient_peak_bytes":2478080,"wait":{"nanos":8955084,"secs":0}},{"allocated_bytes":4,"allocation_time":{"nanos":3666,"secs":0},"allocations":1,"arena_capacity":245329920,"arena_high_water":268435456,"command_buffers":1,"completion_waits":1,"dispatches":591,"encode":{"nanos":199588,"secs":0},"gpu":{"nanos":9152250,"secs":0},"reused_bytes":2478080,"transient_live_bytes":524288,"transient_peak_bytes":2478080,"wait":{"nanos":9346416,"secs":0}},{"allocated_bytes":4,"allocation_time":{"nanos":2709,"secs":0},"allocations":1,"arena_capacity":245329920,"arena_high_water":268435456,"command_buffers":1,"completion_waits":1,"dispatches":591,"encode":{"nanos":196786,"secs":0},"gpu":{"nanos":8934750,"secs":0},"reused_bytes":2478080,"transient_live_bytes":524288,"transient_peak_bytes":2478080,"wait":{"nanos":9184875,"secs":0}},{"allocated_bytes":4,"allocation_time":{"nanos":2833,"secs":0},"allocations":1,"arena_capacity":245329920,"arena_high_water":268435456,"command_buffers":1,"completion_waits":1,"dispatches":591,"encode":{"nanos":197530,"secs":0},"gpu":{"nanos":9581000,"secs":0},"reused_bytes":2478080,"transient_live_bytes":524288,"transient_peak_bytes":2478080,"wait":{"nanos":9846500,"secs":0}},{"allocated_bytes":4,"allocation_time":{"nanos":4667,"secs":0},"allocations":1,"arena_capacity":245329920,"arena_high_water":268435456,"command_buffers":1,"completion_waits":1,"dispatches":591,"encode":{"nanos":206038,"secs":0},"gpu":{"nanos":9603583,"secs":0},"reused_bytes":2478080,"transient_live_bytes":524288,"transient_peak_bytes":2478080,"wait":{"nanos":9838542,"secs":0}},{"allocated_bytes":4,"allocation_time":{"nanos":3334,"secs":0},"allocations":1,"arena_capacity":245329920,"arena_high_water":268435456,"command_buffers":1,"completion_waits":1,"dispatches":591,"encode":{"nanos":200374,"secs":0},"gpu":{"nanos":9439083,"secs":0},"reused_bytes":2478080,"transient_live_bytes":524288,"transient_peak_bytes":2478080,"wait":{"nanos":9712333,"secs":0}},{"allocated_bytes":4,"allocation_time":{"nanos":4125,"secs":0},"allocations":1,"arena_capacity":245329920,"arena_high_water":268435456,"command_buffers":1,"completion_waits":1,"dispatches":591,"encode":{"nanos":198877,"secs":0},"gpu":{"nanos":9418625,"secs":0},"reused_bytes":2478080,"transient_live_bytes":524288,"transient_peak_bytes":2478080,"wait":{"nanos":9673792,"secs":0}},{"allocated_bytes":4,"allocation_time":{"nanos":3250,"secs":0},"allocations":1,"arena_capacity":245329920,"arena_high_water":268435456,"command_buffers":1,"completion_waits":1,"dispatches":591,"encode":{"nanos":196815,"secs":0},"gpu":{"nanos":9160875,"secs":0},"reused_bytes":2478080,"transient_live_bytes":524288,"transient_peak_bytes":2478080,"wait":{"nanos":9399416,"secs":0}},{"allocated_bytes":4,"allocation_time":{"nanos":3292,"secs":0},"allocations":1,"arena_capacity":245329920,"arena_high_water":268435456,"command_buffers":1,"completion_waits":1,"dispatches":591,"encode":{"nanos":222638,"secs":0},"gpu":{"nanos":9396458,"secs":0},"reused_bytes":2478080,"transient_live_bytes":524288,"transient_peak_bytes":2478080,"wait":{"nanos":9645833,"secs":0}},{"allocated_bytes":4,"allocation_time":{"nanos":4833,"secs":0},"allocations":1,"arena_capacity":245329920,"arena_high_water":268435456,"command_buffers":1,"completion_waits":1,"dispatches":591,"encode":{"nanos":204411,"secs":0},"gpu":{"nanos":9177125,"secs":0},"reused_bytes":2478080,"transient_live_bytes":524288,"transient_peak_bytes":2478080,"wait":{"nanos":9443542,"secs":0}},{"allocated_bytes":4,"allocation_time":{"nanos":3792,"secs":0},"allocations":1,"arena_capacity":245329920,"arena_high_water":268435456,"command_buffers":1,"completion_waits":1,"dispatches":591,"encode":{"nanos":202356,"secs":0},"gpu":{"nanos":9413000,"secs":0},"reused_bytes":2478080,"transient_live_bytes":524288,"transient_peak_bytes":2478080,"wait":{"nanos":9672166,"secs":0}},{"allocated_bytes":4,"allocation_time":{"nanos":2791,"secs":0},"allocations":1,"arena_capacity":245329920,"arena_high_water":268435456,"command_buffers":1,"completion_waits":1,"dispatches":591,"encode":{"nanos":222332,"secs":0},"gpu":{"nanos":9353250,"secs":0},"reused_bytes":2478080,"transient_live_bytes":524288,"transient_peak_bytes":2478080,"wait":{"nanos":9580042,"secs":0}},{"allocated_bytes":4,"allocation_time":{"nanos":4375,"secs":0},"allocations":1,"arena_capacity":245329920,"arena_high_water":268435456,"command_buffers":1,"completion_waits":1,"dispatches":591,"encode":{"nanos":229094,"secs":0},"gpu":{"nanos":9337208,"secs":0},"reused_bytes":2478080,"transient_live_bytes":524288,"transient_peak_bytes":2478080,"wait":{"nanos":9557584,"secs":0}},{"allocated_bytes":4,"allocation_time":{"nanos":7292,"secs":0},"allocations":1,"arena_capacity":245329920,"arena_high_water":268435456,"command_buffers":1,"completion_waits":1,"dispatches":591,"encode":{"nanos":208262,"secs":0},"gpu":{"nanos":9042958,"secs":0},"reused_bytes":2478080,"transient_live_bytes":524288,"transient_peak_bytes":2478080,"wait":{"nanos":9268417,"secs":0}},{"allocated_bytes":4,"allocation_time":{"nanos":3125,"secs":0},"allocations":1,"arena_capacity":245329920,"arena_high_water":268435456,"command_buffers":1,"completion_waits":1,"dispatches":591,"encode":{"nanos":199585,"secs":0},"gpu":{"nanos":9187125,"secs":0},"reused_bytes":2478080,"transient_live_bytes":524288,"transient_peak_bytes":2478080,"wait":{"nanos":9398000,"secs":0}},{"allocated_bytes":4,"allocation_time":{"nanos":2958,"secs":0},"allocations":1,"arena_capacity":245329920,"arena_high_water":268435456,"command_buffers":1,"completion_waits":1,"dispatches":591,"encode":{"nanos":199881,"secs":0},"gpu":{"nanos":9522875,"secs":0},"reused_bytes":2478080,"transient_live_bytes":524288,"transient_peak_bytes":2478080,"wait":{"nanos":9740584,"secs":0}},{"allocated_bytes":4,"allocation_time":{"nanos":2709,"secs":0},"allocations":1,"arena_capacity":245329920,"arena_high_water":268435456,"command_buffers":1,"completion_waits":1,"dispatches":591,"encode":{"nanos":198962,"secs":0},"gpu":{"nanos":9318500,"secs":0},"reused_bytes":2478080,"transient_live_bytes":524288,"transient_peak_bytes":2478080,"wait":{"nanos":9576584,"secs":0}},{"allocated_bytes":4,"allocation_time":{"nanos":3333,"secs":0},"allocations":1,"arena_capacity":245329920,"arena_high_water":268435456,"command_buffers":1,"completion_waits":1,"dispatches":591,"encode":{"nanos":197122,"secs":0},"gpu":{"nanos":9453333,"secs":0},"reused_bytes":2478080,"transient_live_bytes":524288,"transient_peak_bytes":2478080,"wait":{"nanos":9754958,"secs":0}},{"allocated_bytes":4,"allocation_time":{"nanos":2791,"secs":0},"allocations":1,"arena_capacity":245329920,"arena_high_water":268435456,"command_buffers":1,"completion_waits":1,"dispatches":591,"encode":{"nanos":197751,"secs":0},"gpu":{"nanos":9496458,"secs":0},"reused_bytes":2478080,"transient_live_bytes":524288,"transient_peak_bytes":2478080,"wait":{"nanos":9734792,"secs":0}},{"allocated_bytes":4,"allocation_time":{"nanos":3458,"secs":0},"allocations":1,"arena_capacity":245329920,"arena_high_water":268435456,"command_buffers":1,"completion_waits":1,"dispatches":591,"encode":{"nanos":199079,"secs":0},"gpu":{"nanos":8673458,"secs":0},"reused_bytes":2478080,"transient_live_bytes":524288,"transient_peak_bytes":2478080,"wait":{"nanos":8956709,"secs":0}},{"allocated_bytes":4,"allocation_time":{"nanos":4000,"secs":0},"allocations":1,"arena_capacity":245329920,"arena_high_water":268435456,"command_buffers":1,"completion_waits":1,"dispatches":591,"encode":{"nanos":201677,"secs":0},"gpu":{"nanos":8497000,"secs":0},"reused_bytes":2707456,"transient_live_bytes":524288,"transient_peak_bytes":2707456,"wait":{"nanos":8811750,"secs":0}},{"allocated_bytes":4,"allocation_time":{"nanos":2833,"secs":0},"allocations":1,"arena_capacity":245329920,"arena_high_water":268435456,"command_buffers":1,"completion_waits":1,"dispatches":591,"encode":{"nanos":201652,"secs":0},"gpu":{"nanos":8537750,"secs":0},"reused_bytes":2707456,"transient_live_bytes":524288,"transient_peak_bytes":2707456,"wait":{"nanos":8808167,"secs":0}},{"allocated_bytes":4,"allocation_time":{"nanos":3250,"secs":0},"allocations":1,"arena_capacity":245329920,"arena_high_water":268435456,"command_buffers":1,"completion_waits":1,"dispatches":591,"encode":{"nanos":200326,"secs":0},"gpu":{"nanos":8475875,"secs":0},"reused_bytes":2707456,"transient_live_bytes":524288,"transient_peak_bytes":2707456,"wait":{"nanos":8749250,"secs":0}},{"allocated_bytes":4,"allocation_time":{"nanos":2541,"secs":0},"allocations":1,"arena_capacity":245329920,"arena_high_water":268435456,"command_buffers":1,"completion_waits":1,"dispatches":591,"encode":{"nanos":204113,"secs":0},"gpu":{"nanos":8452875,"secs":0},"reused_bytes":2707456,"transient_live_bytes":524288,"transient_peak_bytes":2707456,"wait":{"nanos":8675416,"secs":0}},{"allocated_bytes":4,"allocation_time":{"nanos":3000,"secs":0},"allocations":1,"arena_capacity":245329920,"arena_high_water":268435456,"command_buffers":1,"completion_waits":1,"dispatches":591,"encode":{"nanos":204087,"secs":0},"gpu":{"nanos":8575125,"secs":0},"reused_bytes":2707456,"transient_live_bytes":524288,"transient_peak_bytes":2707456,"wait":{"nanos":8856333,"secs":0}},{"allocated_bytes":4,"allocation_time":{"nanos":3458,"secs":0},"allocations":1,"arena_capacity":245329920,"arena_high_water":268435456,"command_buffers":1,"completion_waits":1,"dispatches":591,"encode":{"nanos":204961,"secs":0},"gpu":{"nanos":8844500,"secs":0},"reused_bytes":2707456,"transient_live_bytes":524288,"transient_peak_bytes":2707456,"wait":{"nanos":9133292,"secs":0}},{"allocated_bytes":4,"allocation_time":{"nanos":3584,"secs":0},"allocations":1,"arena_capacity":245329920,"arena_high_water":268435456,"command_buffers":1,"completion_waits":1,"dispatches":591,"encode":{"nanos":200089,"secs":0},"gpu":{"nanos":8837333,"secs":0},"reused_bytes":2707456,"transient_live_bytes":524288,"transient_peak_bytes":2707456,"wait":{"nanos":9080583,"secs":0}},{"allocated_bytes":4,"allocation_time":{"nanos":2541,"secs":0},"allocations":1,"arena_capacity":245329920,"arena_high_water":268435456,"command_buffers":1,"completion_waits":1,"dispatches":591,"encode":{"nanos":197661,"secs":0},"gpu":{"nanos":8751667,"secs":0},"reused_bytes":2707456,"transient_live_bytes":524288,"transient_peak_bytes":2707456,"wait":{"nanos":9073000,"secs":0}},{"allocated_bytes":4,"allocation_time":{"nanos":2708,"secs":0},"allocations":1,"arena_capacity":245329920,"arena_high_water":268435456,"command_buffers":1,"completion_waits":1,"dispatches":591,"encode":{"nanos":201366,"secs":0},"gpu":{"nanos":8397333,"secs":0},"reused_bytes":2707456,"transient_live_bytes":524288,"transient_peak_bytes":2707456,"wait":{"nanos":8663084,"secs":0}},{"allocated_bytes":4,"allocation_time":{"nanos":2792,"secs":0},"allocations":1,"arena_capacity":245329920,"arena_high_water":268435456,"command_buffers":1,"completion_waits":1,"dispatches":591,"encode":{"nanos":201077,"secs":0},"gpu":{"nanos":8459417,"secs":0},"reused_bytes":2707456,"transient_live_bytes":524288,"transient_peak_bytes":2707456,"wait":{"nanos":8725125,"secs":0}},{"allocated_bytes":4,"allocation_time":{"nanos":3417,"secs":0},"allocations":1,"arena_capacity":245329920,"arena_high_water":268435456,"command_buffers":1,"completion_waits":1,"dispatches":591,"encode":{"nanos":204687,"secs":0},"gpu":{"nanos":8404333,"secs":0},"reused_bytes":2707456,"transient_live_bytes":524288,"transient_peak_bytes":2707456,"wait":{"nanos":8716792,"secs":0}},{"allocated_bytes":4,"allocation_time":{"nanos":2917,"secs":0},"allocations":1,"arena_capacity":245329920,"arena_high_water":268435456,"command_buffers":1,"completion_waits":1,"dispatches":591,"encode":{"nanos":198670,"secs":0},"gpu":{"nanos":8763792,"secs":0},"reused_bytes":2707456,"transient_live_bytes":524288,"transient_peak_bytes":2707456,"wait":{"nanos":9006292,"secs":0}},{"allocated_bytes":4,"allocation_time":{"nanos":3208,"secs":0},"allocations":1,"arena_capacity":245329920,"arena_high_water":268435456,"command_buffers":1,"completion_waits":1,"dispatches":591,"encode":{"nanos":200229,"secs":0},"gpu":{"nanos":8327875,"secs":0},"reused_bytes":2707456,"transient_live_bytes":524288,"transient_peak_bytes":2707456,"wait":{"nanos":8557208,"secs":0}},{"allocated_bytes":4,"allocation_time":{"nanos":3291,"secs":0},"allocations":1,"arena_capacity":245329920,"arena_high_water":268435456,"command_buffers":1,"completion_waits":1,"dispatches":591,"encode":{"nanos":198427,"secs":0},"gpu":{"nanos":8683708,"secs":0},"reused_bytes":2707456,"transient_live_bytes":524288,"transient_peak_bytes":2707456,"wait":{"nanos":8896500,"secs":0}},{"allocated_bytes":4,"allocation_time":{"nanos":3250,"secs":0},"allocations":1,"arena_capacity":245329920,"arena_high_water":268435456,"command_buffers":1,"completion_waits":1,"dispatches":591,"encode":{"nanos":202680,"secs":0},"gpu":{"nanos":8699000,"secs":0},"reused_bytes":2707456,"transient_live_bytes":524288,"transient_peak_bytes":2707456,"wait":{"nanos":8928250,"secs":0}},{"allocated_bytes":4,"allocation_time":{"nanos":3791,"secs":0},"allocations":1,"arena_capacity":245329920,"arena_high_water":268435456,"command_buffers":1,"completion_waits":1,"dispatches":591,"encode":{"nanos":204001,"secs":0},"gpu":{"nanos":8544167,"secs":0},"reused_bytes":2707456,"transient_live_bytes":524288,"transient_peak_bytes":2707456,"wait":{"nanos":8789375,"secs":0}},{"allocated_bytes":4,"allocation_time":{"nanos":3292,"secs":0},"allocations":1,"arena_capacity":245329920,"arena_high_water":268435456,"command_buffers":1,"completion_waits":1,"dispatches":591,"encode":{"nanos":202114,"secs":0},"gpu":{"nanos":8439417,"secs":0},"reused_bytes":2707456,"transient_live_bytes":524288,"transient_peak_bytes":2707456,"wait":{"nanos":8697542,"secs":0}},{"allocated_bytes":4,"allocation_time":{"nanos":3125,"secs":0},"allocations":1,"arena_capacity":245329920,"arena_high_water":268435456,"command_buffers":1,"completion_waits":1,"dispatches":591,"encode":{"nanos":202716,"secs":0},"gpu":{"nanos":8702125,"secs":0},"reused_bytes":2707456,"transient_live_bytes":524288,"transient_peak_bytes":2707456,"wait":{"nanos":9009542,"secs":0}},{"allocated_bytes":4,"allocation_time":{"nanos":2709,"secs":0},"allocations":1,"arena_capacity":245329920,"arena_high_water":268435456,"command_buffers":1,"completion_waits":1,"dispatches":591,"encode":{"nanos":203392,"secs":0},"gpu":{"nanos":8483500,"secs":0},"reused_bytes":2707456,"transient_live_bytes":524288,"transient_peak_bytes":2707456,"wait":{"nanos":8755917,"secs":0}},{"allocated_bytes":4,"allocation_time":{"nanos":3792,"secs":0},"allocations":1,"arena_capacity":245329920,"arena_high_water":268435456,"command_buffers":1,"completion_waits":1,"dispatches":591,"encode":{"nanos":205336,"secs":0},"gpu":{"nanos":9025167,"secs":0},"reused_bytes":2707456,"transient_live_bytes":524288,"transient_peak_bytes":2707456,"wait":{"nanos":9298042,"secs":0}},{"allocated_bytes":4,"allocation_time":{"nanos":3083,"secs":0},"allocations":1,"arena_capacity":245329920,"arena_high_water":268435456,"command_buffers":1,"completion_waits":1,"dispatches":591,"encode":{"nanos":205871,"secs":0},"gpu":{"nanos":8332542,"secs":0},"reused_bytes":2707456,"transient_live_bytes":524288,"transient_peak_bytes":2707456,"wait":{"nanos":8597958,"secs":0}}],"decode_median_ms":9.639625,"decode_ms":[9.295875,9.334,9.3915,9.429208999999998,9.702292,9.022,9.473167,9.514625,9.267458,9.328584,9.397915999999999,9.307666,9.559292000000001,9.60425,9.639625,9.555084,8.994167000000001,8.981916,9.365416999999999,9.476625,9.482208,9.437208,9.606625000000001,9.514916999999999,9.594833000000001,9.631583000000001,9.452208,9.880167,9.717500000000001,9.539499999999999,9.626125,9.177249999999999,9.781042,9.303833,9.610624999999999,9.569458,9.778458,9.409749999999999,9.605583,9.950666,9.328332999999999,9.915042000000001,9.89625,10.223333,9.649334000000001,9.984042,9.518917,9.473542,9.842334,10.01525,9.600249999999999,9.648042,9.818166,9.718458,9.781291,9.392249999999999,9.805958,9.547833,9.874875,9.590375,9.72625,9.667959,10.216332999999999,9.5705,9.74675,9.9025,12.092709,9.790583,10.305041,10.076540999999999,9.685958,9.733917,9.999917,9.605208000000001,9.813042,9.718458,9.827041,9.967791,10.198709000000001,9.809042,9.856209,10.063208000000001,9.80075,9.922417,9.952792,9.998458,9.850708,9.445,9.788417,9.651666,10.315375,10.324083,10.186792,10.154083,9.882583,10.155958,9.933458,10.153374999999999,10.088667000000001,10.071333,9.741208,9.847,10.180542,10.023209,10.226959,10.172125000000001,9.426666,9.291083,9.253333000000001,9.23425,9.153625,9.336209,9.620459,9.556917,9.550832999999999,9.141917,9.203291,9.208875,9.480083,9.041208000000001,9.345584,9.410625000000001,9.235999999999999,9.176458,9.498375,9.223333,9.774334000000001,9.081875],"decode_profiles":[{},{},{},{},{},{},{},{},{},{},{},{},{},{},{},{},{},{},{},{},{},{},{},{},{},{},{},{},{},{},{},{},{},{},{},{},{},{},{},{},{},{},{},{},{},{},{},{},{},{},{},{},{},{},{},{},{},{},{},{},{},{},{},{},{},{},{},{},{},{},{},{},{},{},{},{},{},{},{},{},{},{},{},{},{},{},{},{},{},{},{},{},{},{},{},{},{},{},{},{},{},{},{},{},{},{},{},{},{},{},{},{},{},{},{},{},{},{},{},{},{},{},{},{},{},{},{},{}],"decode_tps":103.73847530375922,"first_token_ms":48.899542,"generated_ids":[151667,198,32313,11,279,1196,1101,1053,330,9707,8958,773,358,1184,311,5889,34901,13,6771,752,1744,911,279,1850,1616,311,40786,1105,13,8704,807,2299,1667,279,21927,0,1943,11,7196,358,1265,24645,432,323,3010,12994,13,358,1265,2506,432,11657,323,1787,83075,13,6771,752,1281,2704,311,1779,421,1052,594,894,3151,1681,807,2578,614,11,714,2474,807,3207,944,6286,4113,11,1101,264,4285,42113,1265,975,13,97593,11,882,311,2182,429,1119,264,2033,624,151668,271,9707,0,2585,646,358,7789,498,3351,30,26525,232,151645,198,151643,33975,25,3555,374,279,1850,1616,311,40786,4325,1939,71703,25,320,3563,7979],"generated_tokens":129,"generation_ms":1317.840166,"generation_tps":97.88743986423617,"kv_active_bytes":17088512,"kv_reserved_bytes":29360128,"model_format":"GGUF","model_repository":"Qwen/Qwen3-0.6B-GGUF","model_revision":"23749fefcc72300e3a2ad315e1317431b06b590a","moe_expert_tensorops":true,"moe_expert_tensorops_min_routes_per_expert":8,"packed_quantized_bytes":633233408,"pair":2,"pair_order":"ferrum-candidate>llama.cpp>ferrum-control","parameter_count":596049920,"prefill_counters":{"allocated_bytes":29360212,"allocation_time":{"nanos":1727912,"secs":0},"allocations":57,"arena_capacity":245329920,"arena_high_water":268435456,"command_buffers":1,"completion_waits":1,"dispatches":591,"encode":{"nanos":245038,"secs":0},"gpu":{"nanos":45028500,"secs":0},"reused_bytes":45613056,"transient_live_bytes":0,"transient_peak_bytes":45613056,"wait":{"nanos":46367166,"secs":0}},"prefill_ms":48.585792000000005,"prefill_profile":{},"prefill_tps":432.2251245796302,"prompt_ids":[151644,8948,198,2610,525,264,10950,17847,13,151645,198,151644,872,198,9707,0,151645,198,151644,77091,198],"prompt_tokens":21,"q5_0_gemv_n4":false,"q8_0_mpp_tile_k64":true,"retained_weight_bytes":633364480,"runtime":"ferrum","sampling_ms":30.567543999999998,"source_tensor_bytes":633495552,"tensor_count":310,"warmup":false,"process_rss_bytes":1150861312,"ferrum_variant":"candidate","source_matrix_case_model":"Qwen/Qwen3-0.6B-GGUF@Q8_0","engine_order":["ferrum-candidate","llama.cpp","ferrum-control"],"case_index":4,"engine_load_plus_first_warmup_ms":1321.5061250375584}
{"case":"sustained-128-decode","command_buffer_count":null,"decode_aggregate_tps":165.595765963623,"decode_median_ms":6.111,"decode_ms":[6.622875,5.78675,6.116916,6.063666,5.824167,6.139959,6.088459,5.693959,6.070916,5.913,5.972584,6.141,5.78175,6.161125,6.20975,5.781,6.074291,5.793666,6.07875,6.128,5.707583,6.174667,5.846167,5.751416,6.209042,5.9105,6.17475,6.135208,5.752666,6.110209,6.075709,5.758291,6.068292,5.760916,6.078875,6.180875,5.754084,6.16025,5.82675,5.85075,6.084667,5.765625,6.142292,6.257167,5.769416,6.222416,5.838334,5.978917,6.090708,5.86575,6.154125,6.135166,5.780417,6.16175,6.192125,5.836958,6.3305,5.855,6.188958,6.129375,5.789542,6.143,6.117,5.694708,6.083459,5.857083,6.204167,6.115041,5.728125,6.111,6.13025,5.806959,6.251,5.74975,6.72275,6.180041,5.947417,6.250875,6.194,5.912708,6.1685,6.165791,5.742875,6.101791,5.755917,6.132875,6.338417,5.783834,6.098333,6.124375,5.721375,6.167667,5.780958,6.180834,6.113042,5.747541,6.587416,6.230167,6.227209,6.434708,6.26175,5.770208,6.179375,6.294834,5.962375,6.151416,5.906542,6.229083,6.116125,5.854875,6.15125,6.148833,5.830917,6.133334,5.909541,6.141583,6.258416,5.883833,6.121125,6.174625,5.819834,6.177875,5.812959,6.163791,6.232708,5.80975,6.250458,6.117459],"decode_tps":163.63933889707087,"dispatch_count":null,"first_token_ms":17.235959,"generated_ids":[151667,198,32313,11,279,1196,1101,1053,330,9707,8958,773,358,1184,311,5889,34901,13,6771,752,1744,911,279,1850,1616,311,40786,1105,13,8704,807,2299,1667,279,21927,0,1943,11,7196,358,1265,24645,432,323,3010,12994,13,358,1265,2506,432,11657,323,1787,83075,13,6771,752,1281,2704,311,1779,421,1052,594,894,3151,1681,807,2578,614,11,714,2474,807,3207,944,6286,4113,11,1101,264,4285,42113,1265,975,13,97593,11,882,311,2182,429,1119,264,2033,624,151668,271,9707,0,2585,646,358,7789,498,3351,30,26525,232,151645,198,151643,33975,25,3555,374,279,1850,1616,311,40786,4325,5267,2121,458,15235,11,358],"generated_tokens":129,"generation_ms":822.34875,"generation_tps":156.86775227663446,"kv_context_capacity_tokens":4096,"kv_type":"bf16","llama_version":"0.5.0-dev","model_format":"GGUF","pair":2,"pair_order":"ferrum-candidate>llama.cpp>ferrum-control","prefill_ms":16.985792,"prefill_tps":1236.3273964499272,"process_max_rss_bytes":1243545600,"prompt_ids":[151644,8948,198,2610,525,264,10950,17847,13,151645,198,151644,872,198,9707,0,151645,198,151644,77091,198],"prompt_tokens":21,"runtime":"llama.cpp","sampling_ms":32.38604200000001,"warmup":false,"process_rss_bytes":1243348992,"source_matrix_case_model":"Qwen/Qwen3-0.6B-GGUF@Q8_0","engine_order":["ferrum-candidate","llama.cpp","ferrum-control"],"case_index":4,"engine_load_plus_first_warmup_ms":1459.0402909670956}
{"case":"sustained-128-decode","decode_aggregate_tps":103.54560789664691,"decode_counters":[{"allocated_bytes":4,"allocation_time":{"nanos":5750,"secs":0},"allocations":1,"arena_capacity":245329920,"arena_high_water":268435456,"command_buffers":1,"completion_waits":1,"dispatches":591,"encode":{"nanos":221040,"secs":0},"gpu":{"nanos":8546000,"secs":0},"reused_bytes":2306048,"transient_live_bytes":524288,"transient_peak_bytes":2306048,"wait":{"nanos":8774000,"secs":0}},{"allocated_bytes":4,"allocation_time":{"nanos":3541,"secs":0},"allocations":1,"arena_capacity":245329920,"arena_high_water":268435456,"command_buffers":1,"completion_waits":1,"dispatches":591,"encode":{"nanos":201779,"secs":0},"gpu":{"nanos":8645792,"secs":0},"reused_bytes":2306048,"transient_live_bytes":524288,"transient_peak_bytes":2306048,"wait":{"nanos":8891250,"secs":0}},{"allocated_bytes":4,"allocation_time":{"nanos":4458,"secs":0},"allocations":1,"arena_capacity":245329920,"arena_high_water":268435456,"command_buffers":1,"completion_waits":1,"dispatches":591,"encode":{"nanos":207549,"secs":0},"gpu":{"nanos":8561250,"secs":0},"reused_bytes":2306048,"transient_live_bytes":524288,"transient_peak_bytes":2306048,"wait":{"nanos":8795583,"secs":0}},{"allocated_bytes":4,"allocation_time":{"nanos":4292,"secs":0},"allocations":1,"arena_capacity":245329920,"arena_high_water":268435456,"command_buffers":1,"completion_waits":1,"dispatches":591,"encode":{"nanos":219289,"secs":0},"gpu":{"nanos":8347333,"secs":0},"reused_bytes":2306048,"transient_live_bytes":524288,"transient_peak_bytes":2306048,"wait":{"nanos":8577375,"secs":0}},{"allocated_bytes":4,"allocation_time":{"nanos":3250,"secs":0},"allocations":1,"arena_capacity":245329920,"arena_high_water":268435456,"command_buffers":1,"completion_waits":1,"dispatches":591,"encode":{"nanos":199639,"secs":0},"gpu":{"nanos":8872250,"secs":0},"reused_bytes":2306048,"transient_live_bytes":524288,"transient_peak_bytes":2306048,"wait":{"nanos":9145708,"secs":0}},{"allocated_bytes":4,"allocation_time":{"nanos":3583,"secs":0},"allocations":1,"arena_capacity":245329920,"arena_high_water":268435456,"command_buffers":1,"completion_waits":1,"dispatches":591,"encode":{"nanos":200246,"secs":0},"gpu":{"nanos":8258083,"secs":0},"reused_bytes":2306048,"transient_live_bytes":524288,"transient_peak_bytes":2306048,"wait":{"nanos":8514417,"secs":0}},{"allocated_bytes":4,"allocation_time":{"nanos":3584,"secs":0},"allocations":1,"arena_capacity":245329920,"arena_high_water":268435456,"command_buffers":1,"completion_waits":1,"dispatches":591,"encode":{"nanos":202185,"secs":0},"gpu":{"nanos":8407500,"secs":0},"reused_bytes":2306048,"transient_live_bytes":524288,"transient_peak_bytes":2306048,"wait":{"nanos":8677708,"secs":0}},{"allocated_bytes":4,"allocation_time":{"nanos":3542,"secs":0},"allocations":1,"arena_capacity":245329920,"arena_high_water":268435456,"command_buffers":1,"completion_waits":1,"dispatches":591,"encode":{"nanos":209080,"secs":0},"gpu":{"nanos":8557000,"secs":0},"reused_bytes":2306048,"transient_live_bytes":524288,"transient_peak_bytes":2306048,"wait":{"nanos":8804042,"secs":0}},{"allocated_bytes":4,"allocation_time":{"nanos":3542,"secs":0},"allocations":1,"arena_capacity":245329920,"arena_high_water":268435456,"command_buffers":1,"completion_waits":1,"dispatches":591,"encode":{"nanos":208860,"secs":0},"gpu":{"nanos":8347750,"secs":0},"reused_bytes":2306048,"transient_live_bytes":524288,"transient_peak_bytes":2306048,"wait":{"nanos":8609833,"secs":0}},{"allocated_bytes":4,"allocation_time":{"nanos":3625,"secs":0},"allocations":1,"arena_capacity":245329920,"arena_high_water":268435456,"command_buffers":1,"completion_waits":1,"dispatches":591,"encode":{"nanos":200810,"secs":0},"gpu":{"nanos":8603750,"secs":0},"reused_bytes":2306048,"transient_live_bytes":524288,"transient_peak_bytes":2306048,"wait":{"nanos":8840083,"secs":0}},{"allocated_bytes":4,"allocation_time":{"nanos":3250,"secs":0},"allocations":1,"arena_capacity":245329920,"arena_high_water":268435456,"command_buffers":1,"completion_waits":1,"dispatches":591,"encode":{"nanos":201623,"secs":0},"gpu":{"nanos":8592000,"secs":0},"reused_bytes":2306048,"transient_live_bytes":524288,"transient_peak_bytes":2306048,"wait":{"nanos":8850583,"secs":0}},{"allocated_bytes":4,"allocation_time":{"nanos":4667,"secs":0},"allocations":1,"arena_capacity":245329920,"arena_high_water":268435456,"command_buffers":1,"completion_waits":1,"dispatches":591,"encode":{"nanos":210164,"secs":0},"gpu":{"nanos":8602000,"secs":0},"reused_bytes":2363392,"transient_live_bytes":524288,"transient_peak_bytes":2363392,"wait":{"nanos":8858667,"secs":0}},{"allocated_bytes":4,"allocation_time":{"nanos":3333,"secs":0},"allocations":1,"arena_capacity":245329920,"arena_high_water":268435456,"command_buffers":1,"completion_waits":1,"dispatches":591,"encode":{"nanos":205712,"secs":0},"gpu":{"nanos":8785667,"secs":0},"reused_bytes":2363392,"transient_live_bytes":524288,"transient_peak_bytes":2363392,"wait":{"nanos":9027625,"secs":0}},{"allocated_bytes":4,"allocation_time":{"nanos":3083,"secs":0},"allocations":1,"arena_capacity":245329920,"arena_high_water":268435456,"command_buffers":1,"completion_waits":1,"dispatches":591,"encode":{"nanos":198708,"secs":0},"gpu":{"nanos":8936625,"secs":0},"reused_bytes":2363392,"transient_live_bytes":524288,"transient_peak_bytes":2363392,"wait":{"nanos":9205959,"secs":0}},{"allocated_bytes":4,"allocation_time":{"nanos":5208,"secs":0},"allocations":1,"arena_capacity":245329920,"arena_high_water":268435456,"command_buffers":1,"completion_waits":1,"dispatches":591,"encode":{"nanos":208661,"secs":0},"gpu":{"nanos":8778625,"secs":0},"reused_bytes":2363392,"transient_live_bytes":524288,"transient_peak_bytes":2363392,"wait":{"nanos":9012458,"secs":0}},{"allocated_bytes":4,"allocation_time":{"nanos":3417,"secs":0},"allocations":1,"arena_capacity":245329920,"arena_high_water":268435456,"command_buffers":1,"completion_waits":1,"dispatches":591,"encode":{"nanos":203160,"secs":0},"gpu":{"nanos":8814958,"secs":0},"reused_bytes":2363392,"transient_live_bytes":524288,"transient_peak_bytes":2363392,"wait":{"nanos":9090833,"secs":0}},{"allocated_bytes":4,"allocation_time":{"nanos":3708,"secs":0},"allocations":1,"arena_capacity":245329920,"arena_high_water":268435456,"command_buffers":1,"completion_waits":1,"dispatches":591,"encode":{"nanos":199483,"secs":0},"gpu":{"nanos":8500792,"secs":0},"reused_bytes":2363392,"transient_live_bytes":524288,"transient_peak_bytes":2363392,"wait":{"nanos":8769417,"secs":0}},{"allocated_bytes":4,"allocation_time":{"nanos":3917,"secs":0},"allocations":1,"arena_capacity":245329920,"arena_high_water":268435456,"command_buffers":1,"completion_waits":1,"dispatches":591,"encode":{"nanos":197798,"secs":0},"gpu":{"nanos":8551250,"secs":0},"reused_bytes":2363392,"transient_live_bytes":524288,"transient_peak_bytes":2363392,"wait":{"nanos":8806625,"secs":0}},{"allocated_bytes":4,"allocation_time":{"nanos":2625,"secs":0},"allocations":1,"arena_capacity":245329920,"arena_high_water":268435456,"command_buffers":1,"completion_waits":1,"dispatches":591,"encode":{"nanos":198840,"secs":0},"gpu":{"nanos":9030583,"secs":0},"reused_bytes":2363392,"transient_live_bytes":524288,"transient_peak_bytes":2363392,"wait":{"nanos":9297417,"secs":0}},{"allocated_bytes":4,"allocation_time":{"nanos":2791,"secs":0},"allocations":1,"arena_capacity":245329920,"arena_high_water":268435456,"command_buffers":1,"completion_waits":1,"dispatches":591,"encode":{"nanos":205101,"secs":0},"gpu":{"nanos":8736542,"secs":0},"reused_bytes":2363392,"transient_live_bytes":524288,"transient_peak_bytes":2363392,"wait":{"nanos":8988583,"secs":0}},{"allocated_bytes":4,"allocation_time":{"nanos":3083,"secs":0},"allocations":1,"arena_capacity":245329920,"arena_high_water":268435456,"command_buffers":1,"completion_waits":1,"dispatches":591,"encode":{"nanos":197531,"secs":0},"gpu":{"nanos":8757958,"secs":0},"reused_bytes":2363392,"transient_live_bytes":524288,"transient_peak_bytes":2363392,"wait":{"nanos":9008625,"secs":0}},{"allocated_bytes":4,"allocation_time":{"nanos":2709,"secs":0},"allocations":1,"arena_capacity":245329920,"arena_high_water":268435456,"command_buffers":1,"completion_waits":1,"dispatches":591,"encode":{"nanos":199956,"secs":0},"gpu":{"nanos":8695875,"secs":0},"reused_bytes":2363392,"transient_live_bytes":524288,"transient_peak_bytes":2363392,"wait":{"nanos":8953917,"secs":0}},{"allocated_bytes":4,"allocation_time":{"nanos":2959,"secs":0},"allocations":1,"arena_capacity":245329920,"arena_high_water":268435456,"command_buffers":1,"completion_waits":1,"dispatches":591,"encode":{"nanos":199089,"secs":0},"gpu":{"nanos":8803750,"secs":0},"reused_bytes":2363392,"transient_live_bytes":524288,"transient_peak_bytes":2363392,"wait":{"nanos":9121875,"secs":0}},{"allocated_bytes":4,"allocation_time":{"nanos":2292,"secs":0},"allocations":1,"arena_capacity":245329920,"arena_high_water":268435456,"command_buffers":1,"completion_waits":1,"dispatches":591,"encode":{"nanos":202301,"secs":0},"gpu":{"nanos":8746917,"secs":0},"reused_bytes":2363392,"transient_live_bytes":524288,"transient_peak_bytes":2363392,"wait":{"nanos":8972334,"secs":0}},{"allocated_bytes":4,"allocation_time":{"nanos":2458,"secs":0},"allocations":1,"arena_capacity":245329920,"arena_high_water":268435456,"command_buffers":1,"completion_waits":1,"dispatches":591,"encode":{"nanos":197918,"secs":0},"gpu":{"nanos":8840417,"secs":0},"reused_bytes":2363392,"transient_live_bytes":524288,"transient_peak_bytes":2363392,"wait":{"nanos":9104000,"secs":0}},{"allocated_bytes":4,"allocation_time":{"nanos":3541,"secs":0},"allocations":1,"arena_capacity":245329920,"arena_high_water":268435456,"command_buffers":1,"completion_waits":1,"dispatches":591,"encode":{"nanos":202016,"secs":0},"gpu":{"nanos":8868250,"secs":0},"reused_bytes":2363392,"transient_live_bytes":524288,"transient_peak_bytes":2363392,"wait":{"nanos":9184250,"secs":0}},{"allocated_bytes":4,"allocation_time":{"nanos":2458,"secs":0},"allocations":1,"arena_capacity":245329920,"arena_high_water":268435456,"command_buffers":1,"completion_waits":1,"dispatches":591,"encode":{"nanos":197906,"secs":0},"gpu":{"nanos":8707375,"secs":0},"reused_bytes":2363392,"transient_live_bytes":524288,"transient_peak_bytes":2363392,"wait":{"nanos":8998083,"secs":0}},{"allocated_bytes":4,"allocation_time":{"nanos":3542,"secs":0},"allocations":1,"arena_capacity":245329920,"arena_high_water":268435456,"command_buffers":1,"completion_waits":1,"dispatches":591,"encode":{"nanos":202254,"secs":0},"gpu":{"nanos":9027458,"secs":0},"reused_bytes":2363392,"transient_live_bytes":524288,"transient_peak_bytes":2363392,"wait":{"nanos":9299000,"secs":0}},{"allocated_bytes":4,"allocation_time":{"nanos":3167,"secs":0},"allocations":1,"arena_capacity":245329920,"arena_high_water":268435456,"command_buffers":1,"completion_waits":1,"dispatches":591,"encode":{"nanos":202350,"secs":0},"gpu":{"nanos":8969375,"secs":0},"reused_bytes":2363392,"transient_live_bytes":524288,"transient_peak_bytes":2363392,"wait":{"nanos":9230167,"secs":0}},{"allocated_bytes":4,"allocation_time":{"nanos":3000,"secs":0},"allocations":1,"arena_capacity":245329920,"arena_high_water":268435456,"command_buffers":1,"completion_waits":1,"dispatches":591,"encode":{"nanos":199171,"secs":0},"gpu":{"nanos":8889583,"secs":0},"reused_bytes":2363392,"transient_live_bytes":524288,"transient_peak_bytes":2363392,"wait":{"nanos":9204000,"secs":0}},{"allocated_bytes":4,"allocation_time":{"nanos":2500,"secs":0},"allocations":1,"arena_capacity":245329920,"arena_high_water":268435456,"command_buffers":1,"completion_waits":1,"dispatches":591,"encode":{"nanos":215505,"secs":0},"gpu":{"nanos":8817333,"secs":0},"reused_bytes":2363392,"transient_live_bytes":524288,"transient_peak_bytes":2363392,"wait":{"nanos":9097875,"secs":0}},{"allocated_bytes":4,"allocation_time":{"nanos":2667,"secs":0},"allocations":1,"arena_capacity":245329920,"arena_high_water":268435456,"command_buffers":1,"completion_waits":1,"dispatches":591,"encode":{"nanos":204544,"secs":0},"gpu":{"nanos":8429792,"secs":0},"reused_bytes":2363392,"transient_live_bytes":524288,"transient_peak_bytes":2363392,"wait":{"nanos":8667750,"secs":0}},{"allocated_bytes":4,"allocation_time":{"nanos":2708,"secs":0},"allocations":1,"arena_capacity":245329920,"arena_high_water":268435456,"command_buffers":1,"completion_waits":1,"dispatches":591,"encode":{"nanos":201675,"secs":0},"gpu":{"nanos":8962583,"secs":0},"reused_bytes":2363392,"transient_live_bytes":524288,"transient_peak_bytes":2363392,"wait":{"nanos":9193500,"secs":0}},{"allocated_bytes":4,"allocation_time":{"nanos":2375,"secs":0},"allocations":1,"arena_capacity":245329920,"arena_high_water":268435456,"command_buffers":1,"completion_waits":1,"dispatches":591,"encode":{"nanos":199583,"secs":0},"gpu":{"nanos":8609875,"secs":0},"reused_bytes":2363392,"transient_live_bytes":524288,"transient_peak_bytes":2363392,"wait":{"nanos":8861083,"secs":0}},{"allocated_bytes":4,"allocation_time":{"nanos":3166,"secs":0},"allocations":1,"arena_capacity":245329920,"arena_high_water":268435456,"command_buffers":1,"completion_waits":1,"dispatches":591,"encode":{"nanos":203077,"secs":0},"gpu":{"nanos":8799125,"secs":0},"reused_bytes":2363392,"transient_live_bytes":524288,"transient_peak_bytes":2363392,"wait":{"nanos":9035917,"secs":0}},{"allocated_bytes":4,"allocation_time":{"nanos":3208,"secs":0},"allocations":1,"arena_capacity":245329920,"arena_high_water":268435456,"command_buffers":1,"completion_waits":1,"dispatches":591,"encode":{"nanos":208014,"secs":0},"gpu":{"nanos":8815875,"secs":0},"reused_bytes":2363392,"transient_live_bytes":524288,"transient_peak_bytes":2363392,"wait":{"nanos":9055417,"secs":0}},{"allocated_bytes":4,"allocation_time":{"nanos":2833,"secs":0},"allocations":1,"arena_capacity":245329920,"arena_high_water":268435456,"command_buffers":1,"completion_waits":1,"dispatches":591,"encode":{"nanos":232867,"secs":0},"gpu":{"nanos":9040917,"secs":0},"reused_bytes":2363392,"transient_live_bytes":524288,"transient_peak_bytes":2363392,"wait":{"nanos":9276708,"secs":0}},{"allocated_bytes":4,"allocation_time":{"nanos":3083,"secs":0},"allocations":1,"arena_capacity":245329920,"arena_high_water":268435456,"command_buffers":1,"completion_waits":1,"dispatches":591,"encode":{"nanos":213399,"secs":0},"gpu":{"nanos":8707667,"secs":0},"reused_bytes":2363392,"transient_live_bytes":524288,"transient_peak_bytes":2363392,"wait":{"nanos":8945541,"secs":0}},{"allocated_bytes":4,"allocation_time":{"nanos":2792,"secs":0},"allocations":1,"arena_capacity":245329920,"arena_high_water":268435456,"command_buffers":1,"completion_waits":1,"dispatches":591,"encode":{"nanos":203786,"secs":0},"gpu":{"nanos":8812417,"secs":0},"reused_bytes":2363392,"transient_live_bytes":524288,"transient_peak_bytes":2363392,"wait":{"nanos":9114042,"secs":0}},{"allocated_bytes":4,"allocation_time":{"nanos":3666,"secs":0},"allocations":1,"arena_capacity":245329920,"arena_high_water":268435456,"command_buffers":1,"completion_waits":1,"dispatches":591,"encode":{"nanos":204034,"secs":0},"gpu":{"nanos":9209375,"secs":0},"reused_bytes":2363392,"transient_live_bytes":524288,"transient_peak_bytes":2363392,"wait":{"nanos":9539208,"secs":0}},{"allocated_bytes":4,"allocation_time":{"nanos":2417,"secs":0},"allocations":1,"arena_capacity":245329920,"arena_high_water":268435456,"command_buffers":1,"completion_waits":1,"dispatches":591,"encode":{"nanos":227589,"secs":0},"gpu":{"nanos":8579125,"secs":0},"reused_bytes":2363392,"transient_live_bytes":524288,"transient_peak_bytes":2363392,"wait":{"nanos":8737666,"secs":0}},{"allocated_bytes":4,"allocation_time":{"nanos":3291,"secs":0},"allocations":1,"arena_capacity":245329920,"arena_high_water":268435456,"command_buffers":1,"completion_waits":1,"dispatches":591,"encode":{"nanos":197795,"secs":0},"gpu":{"nanos":9139458,"secs":0},"reused_bytes":2363392,"transient_live_bytes":524288,"transient_peak_bytes":2363392,"wait":{"nanos":9407125,"secs":0}},{"allocated_bytes":4,"allocation_time":{"nanos":3292,"secs":0},"allocations":1,"arena_capacity":245329920,"arena_high_water":268435456,"command_buffers":1,"completion_waits":1,"dispatches":591,"encode":{"nanos":196391,"secs":0},"gpu":{"nanos":9154125,"secs":0},"reused_bytes":2363392,"transient_live_bytes":524288,"transient_peak_bytes":2363392,"wait":{"nanos":9435542,"secs":0}},{"allocated_bytes":4,"allocation_time":{"nanos":3042,"secs":0},"allocations":1,"arena_capacity":245329920,"arena_high_water":268435456,"command_buffers":1,"completion_waits":1,"dispatches":591,"encode":{"nanos":211469,"secs":0},"gpu":{"nanos":9401833,"secs":0},"reused_bytes":2478080,"transient_live_bytes":524288,"transient_peak_bytes":2478080,"wait":{"nanos":9682958,"secs":0}},{"allocated_bytes":4,"allocation_time":{"nanos":3125,"secs":0},"allocations":1,"arena_capacity":245329920,"arena_high_water":268435456,"command_buffers":1,"completion_waits":1,"dispatches":591,"encode":{"nanos":233218,"secs":0},"gpu":{"nanos":8961500,"secs":0},"reused_bytes":2478080,"transient_live_bytes":524288,"transient_peak_bytes":2478080,"wait":{"nanos":9187625,"secs":0}},{"allocated_bytes":4,"allocation_time":{"nanos":2834,"secs":0},"allocations":1,"arena_capacity":245329920,"arena_high_water":268435456,"command_buffers":1,"completion_waits":1,"dispatches":591,"encode":{"nanos":215378,"secs":0},"gpu":{"nanos":9207125,"secs":0},"reused_bytes":2478080,"transient_live_bytes":524288,"transient_peak_bytes":2478080,"wait":{"nanos":9426875,"secs":0}},{"allocated_bytes":4,"allocation_time":{"nanos":2834,"secs":0},"allocations":1,"arena_capacity":245329920,"arena_high_water":268435456,"command_buffers":1,"completion_waits":1,"dispatches":591,"encode":{"nanos":201363,"secs":0},"gpu":{"nanos":8827167,"secs":0},"reused_bytes":2478080,"transient_live_bytes":524288,"transient_peak_bytes":2478080,"wait":{"nanos":9039167,"secs":0}},{"allocated_bytes":4,"allocation_time":{"nanos":4416,"secs":0},"allocations":1,"arena_capacity":245329920,"arena_high_water":268435456,"command_buffers":1,"completion_waits":1,"dispatches":591,"encode":{"nanos":217206,"secs":0},"gpu":{"nanos":8726917,"secs":0},"reused_bytes":2478080,"transient_live_bytes":524288,"transient_peak_bytes":2478080,"wait":{"nanos":8953875,"secs":0}},{"allocated_bytes":4,"allocation_time":{"nanos":3167,"secs":0},"allocations":1,"arena_capacity":245329920,"arena_high_water":268435456,"command_buffers":1,"completion_waits":1,"dispatches":591,"encode":{"nanos":211577,"secs":0},"gpu":{"nanos":9135875,"secs":0},"reused_bytes":2478080,"transient_live_bytes":524288,"transient_peak_bytes":2478080,"wait":{"nanos":9406417,"secs":0}},{"allocated_bytes":4,"allocation_time":{"nanos":3375,"secs":0},"allocations":1,"arena_capacity":245329920,"arena_high_water":268435456,"command_buffers":1,"completion_waits":1,"dispatches":591,"encode":{"nanos":224878,"secs":0},"gpu":{"nanos":9240458,"secs":0},"reused_bytes":2478080,"transient_live_bytes":524288,"transient_peak_bytes":2478080,"wait":{"nanos":9541125,"secs":0}},{"allocated_bytes":4,"allocation_time":{"nanos":2792,"secs":0},"allocations":1,"arena_capacity":245329920,"arena_high_water":268435456,"command_buffers":1,"completion_waits":1,"dispatches":591,"encode":{"nanos":205985,"secs":0},"gpu":{"nanos":8962000,"secs":0},"reused_bytes":2478080,"transient_live_bytes":524288,"transient_peak_bytes":2478080,"wait":{"nanos":9153292,"secs":0}},{"allocated_bytes":4,"allocation_time":{"nanos":4375,"secs":0},"allocations":1,"arena_capacity":245329920,"arena_high_water":268435456,"command_buffers":1,"completion_waits":1,"dispatches":591,"encode":{"nanos":214712,"secs":0},"gpu":{"nanos":8962750,"secs":0},"reused_bytes":2478080,"transient_live_bytes":524288,"transient_peak_bytes":2478080,"wait":{"nanos":9204875,"secs":0}},{"allocated_bytes":4,"allocation_time":{"nanos":3292,"secs":0},"allocations":1,"arena_capacity":245329920,"arena_high_water":268435456,"command_buffers":1,"completion_waits":1,"dispatches":591,"encode":{"nanos":219718,"secs":0},"gpu":{"nanos":9118458,"secs":0},"reused_bytes":2478080,"transient_live_bytes":524288,"transient_peak_bytes":2478080,"wait":{"nanos":9363708,"secs":0}},{"allocated_bytes":4,"allocation_time":{"nanos":8375,"secs":0},"allocations":1,"arena_capacity":245329920,"arena_high_water":268435456,"command_buffers":1,"completion_waits":1,"dispatches":591,"encode":{"nanos":204513,"secs":0},"gpu":{"nanos":8974875,"secs":0},"reused_bytes":2478080,"transient_live_bytes":524288,"transient_peak_bytes":2478080,"wait":{"nanos":9218542,"secs":0}},{"allocated_bytes":4,"allocation_time":{"nanos":2625,"secs":0},"allocations":1,"arena_capacity":245329920,"arena_high_water":268435456,"command_buffers":1,"completion_waits":1,"dispatches":591,"encode":{"nanos":204384,"secs":0},"gpu":{"nanos":8884250,"secs":0},"reused_bytes":2478080,"transient_live_bytes":524288,"transient_peak_bytes":2478080,"wait":{"nanos":9137958,"secs":0}},{"allocated_bytes":4,"allocation_time":{"nanos":2375,"secs":0},"allocations":1,"arena_capacity":245329920,"arena_high_water":268435456,"command_buffers":1,"completion_waits":1,"dispatches":591,"encode":{"nanos":207908,"secs":0},"gpu":{"nanos":8882333,"secs":0},"reused_bytes":2478080,"transient_live_bytes":524288,"transient_peak_bytes":2478080,"wait":{"nanos":9107125,"secs":0}},{"allocated_bytes":4,"allocation_time":{"nanos":3583,"secs":0},"allocations":1,"arena_capacity":245329920,"arena_high_water":268435456,"command_buffers":1,"completion_waits":1,"dispatches":591,"encode":{"nanos":222543,"secs":0},"gpu":{"nanos":8910250,"secs":0},"reused_bytes":2478080,"transient_live_bytes":524288,"transient_peak_bytes":2478080,"wait":{"nanos":9148000,"secs":0}},{"allocated_bytes":4,"allocation_time":{"nanos":3167,"secs":0},"allocations":1,"arena_capacity":245329920,"arena_high_water":268435456,"command_buffers":1,"completion_waits":1,"dispatches":591,"encode":{"nanos":221810,"secs":0},"gpu":{"nanos":8766375,"secs":0},"reused_bytes":2478080,"transient_live_bytes":524288,"transient_peak_bytes":2478080,"wait":{"nanos":8993458,"secs":0}},{"allocated_bytes":4,"allocation_time":{"nanos":2875,"secs":0},"allocations":1,"arena_capacity":245329920,"arena_high_water":268435456,"command_buffers":1,"completion_waits":1,"dispatches":591,"encode":{"nanos":206526,"secs":0},"gpu":{"nanos":9107458,"secs":0},"reused_bytes":2478080,"transient_live_bytes":524288,"transient_peak_bytes":2478080,"wait":{"nanos":9335750,"secs":0}},{"allocated_bytes":4,"allocation_time":{"nanos":2833,"secs":0},"allocations":1,"arena_capacity":245329920,"arena_high_water":268435456,"command_buffers":1,"completion_waits":1,"dispatches":591,"encode":{"nanos":213949,"secs":0},"gpu":{"nanos":8892625,"secs":0},"reused_bytes":2478080,"transient_live_bytes":524288,"transient_peak_bytes":2478080,"wait":{"nanos":9252500,"secs":0}},{"allocated_bytes":4,"allocation_time":{"nanos":3042,"secs":0},"allocations":1,"arena_capacity":245329920,"arena_high_water":268435456,"command_buffers":1,"completion_waits":1,"dispatches":591,"encode":{"nanos":220535,"secs":0},"gpu":{"nanos":8947375,"secs":0},"reused_bytes":2478080,"transient_live_bytes":524288,"transient_peak_bytes":2478080,"wait":{"nanos":9188792,"secs":0}},{"allocated_bytes":4,"allocation_time":{"nanos":3166,"secs":0},"allocations":1,"arena_capacity":245329920,"arena_high_water":268435456,"command_buffers":1,"completion_waits":1,"dispatches":591,"encode":{"nanos":224289,"secs":0},"gpu":{"nanos":8852125,"secs":0},"reused_bytes":2478080,"transient_live_bytes":524288,"transient_peak_bytes":2478080,"wait":{"nanos":9126417,"secs":0}},{"allocated_bytes":4,"allocation_time":{"nanos":3917,"secs":0},"allocations":1,"arena_capacity":245329920,"arena_high_water":268435456,"command_buffers":1,"completion_waits":1,"dispatches":591,"encode":{"nanos":206154,"secs":0},"gpu":{"nanos":8968292,"secs":0},"reused_bytes":2478080,"transient_live_bytes":524288,"transient_peak_bytes":2478080,"wait":{"nanos":9267375,"secs":0}},{"allocated_bytes":4,"allocation_time":{"nanos":3042,"secs":0},"allocations":1,"arena_capacity":245329920,"arena_high_water":268435456,"command_buffers":1,"completion_waits":1,"dispatches":591,"encode":{"nanos":206877,"secs":0},"gpu":{"nanos":8874333,"secs":0},"reused_bytes":2478080,"transient_live_bytes":524288,"transient_peak_bytes":2478080,"wait":{"nanos":9170000,"secs":0}},{"allocated_bytes":4,"allocation_time":{"nanos":3417,"secs":0},"allocations":1,"arena_capacity":245329920,"arena_high_water":268435456,"command_buffers":1,"completion_waits":1,"dispatches":591,"encode":{"nanos":201419,"secs":0},"gpu":{"nanos":8990500,"secs":0},"reused_bytes":2478080,"transient_live_bytes":524288,"transient_peak_bytes":2478080,"wait":{"nanos":9221458,"secs":0}},{"allocated_bytes":4,"allocation_time":{"nanos":2833,"secs":0},"allocations":1,"arena_capacity":245329920,"arena_high_water":268435456,"command_buffers":1,"completion_waits":1,"dispatches":591,"encode":{"nanos":198443,"secs":0},"gpu":{"nanos":9162750,"secs":0},"reused_bytes":2478080,"transient_live_bytes":524288,"transient_peak_bytes":2478080,"wait":{"nanos":9428667,"secs":0}},{"allocated_bytes":4,"allocation_time":{"nanos":2958,"secs":0},"allocations":1,"arena_capacity":245329920,"arena_high_water":268435456,"command_buffers":1,"completion_waits":1,"dispatches":591,"encode":{"nanos":203577,"secs":0},"gpu":{"nanos":9192125,"secs":0},"reused_bytes":2478080,"transient_live_bytes":524288,"transient_peak_bytes":2478080,"wait":{"nanos":9468959,"secs":0}},{"allocated_bytes":4,"allocation_time":{"nanos":3250,"secs":0},"allocations":1,"arena_capacity":245329920,"arena_high_water":268435456,"command_buffers":1,"completion_waits":1,"dispatches":591,"encode":{"nanos":222144,"secs":0},"gpu":{"nanos":9162250,"secs":0},"reused_bytes":2478080,"transient_live_bytes":524288,"transient_peak_bytes":2478080,"wait":{"nanos":9380417,"secs":0}},{"allocated_bytes":4,"allocation_time":{"nanos":5541,"secs":0},"allocations":1,"arena_capacity":245329920,"arena_high_water":268435456,"command_buffers":1,"completion_waits":1,"dispatches":591,"encode":{"nanos":234011,"secs":0},"gpu":{"nanos":9542250,"secs":0},"reused_bytes":2478080,"transient_live_bytes":524288,"transient_peak_bytes":2478080,"wait":{"nanos":9760375,"secs":0}},{"allocated_bytes":4,"allocation_time":{"nanos":2792,"secs":0},"allocations":1,"arena_capacity":245329920,"arena_high_water":268435456,"command_buffers":1,"completion_waits":1,"dispatches":591,"encode":{"nanos":197663,"secs":0},"gpu":{"nanos":9360917,"secs":0},"reused_bytes":2478080,"transient_live_bytes":524288,"transient_peak_bytes":2478080,"wait":{"nanos":9587542,"secs":0}},{"allocated_bytes":4,"allocation_time":{"nanos":2584,"secs":0},"allocations":1,"arena_capacity":245329920,"arena_high_water":268435456,"command_buffers":1,"completion_waits":1,"dispatches":591,"encode":{"nanos":198789,"secs":0},"gpu":{"nanos":9111000,"secs":0},"reused_bytes":2478080,"transient_live_bytes":524288,"transient_peak_bytes":2478080,"wait":{"nanos":9314500,"secs":0}},{"allocated_bytes":4,"allocation_time":{"nanos":2584,"secs":0},"allocations":1,"arena_capacity":245329920,"arena_high_water":268435456,"command_buffers":1,"completion_waits":1,"dispatches":591,"encode":{"nanos":196367,"secs":0},"gpu":{"nanos":9052292,"secs":0},"reused_bytes":2478080,"transient_live_bytes":524288,"transient_peak_bytes":2478080,"wait":{"nanos":9304667,"secs":0}},{"allocated_bytes":4,"allocation_time":{"nanos":3042,"secs":0},"allocations":1,"arena_capacity":245329920,"arena_high_water":268435456,"command_buffers":1,"completion_waits":1,"dispatches":591,"encode":{"nanos":201310,"secs":0},"gpu":{"nanos":9316792,"secs":0},"reused_bytes":2478080,"transient_live_bytes":524288,"transient_peak_bytes":2478080,"wait":{"nanos":9558459,"secs":0}},{"allocated_bytes":4,"allocation_time":{"nanos":2584,"secs":0},"allocations":1,"arena_capacity":245329920,"arena_high_water":268435456,"command_buffers":1,"completion_waits":1,"dispatches":591,"encode":{"nanos":202502,"secs":0},"gpu":{"nanos":8904250,"secs":0},"reused_bytes":2478080,"transient_live_bytes":524288,"transient_peak_bytes":2478080,"wait":{"nanos":9149375,"secs":0}},{"allocated_bytes":4,"allocation_time":{"nanos":2750,"secs":0},"allocations":1,"arena_capacity":245329920,"arena_high_water":268435456,"command_buffers":1,"completion_waits":1,"dispatches":591,"encode":{"nanos":202058,"secs":0},"gpu":{"nanos":9219792,"secs":0},"reused_bytes":2478080,"transient_live_bytes":524288,"transient_peak_bytes":2478080,"wait":{"nanos":9487792,"secs":0}},{"allocated_bytes":4,"allocation_time":{"nanos":3334,"secs":0},"allocations":1,"arena_capacity":245329920,"arena_high_water":268435456,"command_buffers":1,"completion_waits":1,"dispatches":591,"encode":{"nanos":203357,"secs":0},"gpu":{"nanos":9062625,"secs":0},"reused_bytes":2478080,"transient_live_bytes":524288,"transient_peak_bytes":2478080,"wait":{"nanos":9314417,"secs":0}},{"allocated_bytes":4,"allocation_time":{"nanos":5000,"secs":0},"allocations":1,"arena_capacity":245329920,"arena_high_water":268435456,"command_buffers":1,"completion_waits":1,"dispatches":591,"encode":{"nanos":261276,"secs":0},"gpu":{"nanos":10111958,"secs":0},"reused_bytes":2478080,"transient_live_bytes":524288,"transient_peak_bytes":2478080,"wait":{"nanos":10368791,"secs":0}},{"allocated_bytes":4,"allocation_time":{"nanos":5041,"secs":0},"allocations":1,"arena_capacity":245329920,"arena_high_water":268435456,"command_buffers":1,"completion_waits":1,"dispatches":591,"encode":{"nanos":206613,"secs":0},"gpu":{"nanos":9609500,"secs":0},"reused_bytes":2478080,"transient_live_bytes":524288,"transient_peak_bytes":2478080,"wait":{"nanos":9858042,"secs":0}},{"allocated_bytes":4,"allocation_time":{"nanos":3583,"secs":0},"allocations":1,"arena_capacity":245329920,"arena_high_water":268435456,"command_buffers":1,"completion_waits":1,"dispatches":591,"encode":{"nanos":204293,"secs":0},"gpu":{"nanos":9549000,"secs":0},"reused_bytes":2478080,"transient_live_bytes":524288,"transient_peak_bytes":2478080,"wait":{"nanos":9732250,"secs":0}},{"allocated_bytes":4,"allocation_time":{"nanos":2833,"secs":0},"allocations":1,"arena_capacity":245329920,"arena_high_water":268435456,"command_buffers":1,"completion_waits":1,"dispatches":591,"encode":{"nanos":199588,"secs":0},"gpu":{"nanos":9117000,"secs":0},"reused_bytes":2478080,"transient_live_bytes":524288,"transient_peak_bytes":2478080,"wait":{"nanos":9372875,"secs":0}},{"allocated_bytes":4,"allocation_time":{"nanos":2917,"secs":0},"allocations":1,"arena_capacity":245329920,"arena_high_water":268435456,"command_buffers":1,"completion_waits":1,"dispatches":591,"encode":{"nanos":201998,"secs":0},"gpu":{"nanos":9253750,"secs":0},"reused_bytes":2478080,"transient_live_bytes":524288,"transient_peak_bytes":2478080,"wait":{"nanos":9521208,"secs":0}},{"allocated_bytes":4,"allocation_time":{"nanos":6333,"secs":0},"allocations":1,"arena_capacity":245329920,"arena_high_water":268435456,"command_buffers":1,"completion_waits":1,"dispatches":591,"encode":{"nanos":213914,"secs":0},"gpu":{"nanos":9335958,"secs":0},"reused_bytes":2478080,"transient_live_bytes":524288,"transient_peak_bytes":2478080,"wait":{"nanos":9616291,"secs":0}},{"allocated_bytes":4,"allocation_time":{"nanos":4250,"secs":0},"allocations":1,"arena_capacity":245329920,"arena_high_water":268435456,"command_buffers":1,"completion_waits":1,"dispatches":591,"encode":{"nanos":212091,"secs":0},"gpu":{"nanos":9084083,"secs":0},"reused_bytes":2478080,"transient_live_bytes":524288,"transient_peak_bytes":2478080,"wait":{"nanos":9354666,"secs":0}},{"allocated_bytes":4,"allocation_time":{"nanos":3250,"secs":0},"allocations":1,"arena_capacity":245329920,"arena_high_water":268435456,"command_buffers":1,"completion_waits":1,"dispatches":591,"encode":{"nanos":207959,"secs":0},"gpu":{"nanos":9253875,"secs":0},"reused_bytes":2478080,"transient_live_bytes":524288,"transient_peak_bytes":2478080,"wait":{"nanos":9521000,"secs":0}},{"allocated_bytes":4,"allocation_time":{"nanos":2833,"secs":0},"allocations":1,"arena_capacity":245329920,"arena_high_water":268435456,"command_buffers":1,"completion_waits":1,"dispatches":591,"encode":{"nanos":200113,"secs":0},"gpu":{"nanos":9289625,"secs":0},"reused_bytes":2478080,"transient_live_bytes":524288,"transient_peak_bytes":2478080,"wait":{"nanos":9557125,"secs":0}},{"allocated_bytes":4,"allocation_time":{"nanos":3291,"secs":0},"allocations":1,"arena_capacity":245329920,"arena_high_water":268435456,"command_buffers":1,"completion_waits":1,"dispatches":591,"encode":{"nanos":198252,"secs":0},"gpu":{"nanos":9620167,"secs":0},"reused_bytes":2478080,"transient_live_bytes":524288,"transient_peak_bytes":2478080,"wait":{"nanos":9888959,"secs":0}},{"allocated_bytes":4,"allocation_time":{"nanos":2834,"secs":0},"allocations":1,"arena_capacity":245329920,"arena_high_water":268435456,"command_buffers":1,"completion_waits":1,"dispatches":591,"encode":{"nanos":198542,"secs":0},"gpu":{"nanos":9369750,"secs":0},"reused_bytes":2478080,"transient_live_bytes":524288,"transient_peak_bytes":2478080,"wait":{"nanos":9618250,"secs":0}},{"allocated_bytes":4,"allocation_time":{"nanos":3625,"secs":0},"allocations":1,"arena_capacity":245329920,"arena_high_water":268435456,"command_buffers":1,"completion_waits":1,"dispatches":591,"encode":{"nanos":200366,"secs":0},"gpu":{"nanos":8908833,"secs":0},"reused_bytes":2478080,"transient_live_bytes":524288,"transient_peak_bytes":2478080,"wait":{"nanos":9178166,"secs":0}},{"allocated_bytes":4,"allocation_time":{"nanos":2792,"secs":0},"allocations":1,"arena_capacity":245329920,"arena_high_water":268435456,"command_buffers":1,"completion_waits":1,"dispatches":591,"encode":{"nanos":200211,"secs":0},"gpu":{"nanos":9179875,"secs":0},"reused_bytes":2478080,"transient_live_bytes":524288,"transient_peak_bytes":2478080,"wait":{"nanos":9442334,"secs":0}},{"allocated_bytes":4,"allocation_time":{"nanos":2916,"secs":0},"allocations":1,"arena_capacity":245329920,"arena_high_water":268435456,"command_buffers":1,"completion_waits":1,"dispatches":591,"encode":{"nanos":201272,"secs":0},"gpu":{"nanos":8991333,"secs":0},"reused_bytes":2478080,"transient_live_bytes":524288,"transient_peak_bytes":2478080,"wait":{"nanos":9224958,"secs":0}},{"allocated_bytes":4,"allocation_time":{"nanos":3125,"secs":0},"allocations":1,"arena_capacity":245329920,"arena_high_water":268435456,"command_buffers":1,"completion_waits":1,"dispatches":591,"encode":{"nanos":199363,"secs":0},"gpu":{"nanos":9300750,"secs":0},"reused_bytes":2478080,"transient_live_bytes":524288,"transient_peak_bytes":2478080,"wait":{"nanos":9559542,"secs":0}},{"allocated_bytes":4,"allocation_time":{"nanos":3917,"secs":0},"allocations":1,"arena_capacity":245329920,"arena_high_water":268435456,"command_buffers":1,"completion_waits":1,"dispatches":591,"encode":{"nanos":203131,"secs":0},"gpu":{"nanos":9058417,"secs":0},"reused_bytes":2478080,"transient_live_bytes":524288,"transient_peak_bytes":2478080,"wait":{"nanos":9331000,"secs":0}},{"allocated_bytes":4,"allocation_time":{"nanos":3417,"secs":0},"allocations":1,"arena_capacity":245329920,"arena_high_water":268435456,"command_buffers":1,"completion_waits":1,"dispatches":591,"encode":{"nanos":209719,"secs":0},"gpu":{"nanos":9463792,"secs":0},"reused_bytes":2478080,"transient_live_bytes":524288,"transient_peak_bytes":2478080,"wait":{"nanos":9735125,"secs":0}},{"allocated_bytes":4,"allocation_time":{"nanos":3083,"secs":0},"allocations":1,"arena_capacity":245329920,"arena_high_water":268435456,"command_buffers":1,"completion_waits":1,"dispatches":591,"encode":{"nanos":209339,"secs":0},"gpu":{"nanos":9421125,"secs":0},"reused_bytes":2478080,"transient_live_bytes":524288,"transient_peak_bytes":2478080,"wait":{"nanos":9692000,"secs":0}},{"allocated_bytes":4,"allocation_time":{"nanos":3041,"secs":0},"allocations":1,"arena_capacity":245329920,"arena_high_water":268435456,"command_buffers":1,"completion_waits":1,"dispatches":591,"encode":{"nanos":199554,"secs":0},"gpu":{"nanos":9111375,"secs":0},"reused_bytes":2478080,"transient_live_bytes":524288,"transient_peak_bytes":2478080,"wait":{"nanos":9387583,"secs":0}},{"allocated_bytes":4,"allocation_time":{"nanos":3334,"secs":0},"allocations":1,"arena_capacity":245329920,"arena_high_water":268435456,"command_buffers":1,"completion_waits":1,"dispatches":591,"encode":{"nanos":199827,"secs":0},"gpu":{"nanos":9287000,"secs":0},"reused_bytes":2478080,"transient_live_bytes":524288,"transient_peak_bytes":2478080,"wait":{"nanos":9595209,"secs":0}},{"allocated_bytes":4,"allocation_time":{"nanos":3125,"secs":0},"allocations":1,"arena_capacity":245329920,"arena_high_water":268435456,"command_buffers":1,"completion_waits":1,"dispatches":591,"encode":{"nanos":199896,"secs":0},"gpu":{"nanos":8929250,"secs":0},"reused_bytes":2478080,"transient_live_bytes":524288,"transient_peak_bytes":2478080,"wait":{"nanos":9176084,"secs":0}},{"allocated_bytes":4,"allocation_time":{"nanos":3209,"secs":0},"allocations":1,"arena_capacity":245329920,"arena_high_water":268435456,"command_buffers":1,"completion_waits":1,"dispatches":591,"encode":{"nanos":201675,"secs":0},"gpu":{"nanos":9444083,"secs":0},"reused_bytes":2478080,"transient_live_bytes":524288,"transient_peak_bytes":2478080,"wait":{"nanos":9763916,"secs":0}},{"allocated_bytes":4,"allocation_time":{"nanos":3208,"secs":0},"allocations":1,"arena_capacity":245329920,"arena_high_water":268435456,"command_buffers":1,"completion_waits":1,"dispatches":591,"encode":{"nanos":207710,"secs":0},"gpu":{"nanos":9156333,"secs":0},"reused_bytes":2478080,"transient_live_bytes":524288,"transient_peak_bytes":2478080,"wait":{"nanos":9378000,"secs":0}},{"allocated_bytes":4,"allocation_time":{"nanos":3792,"secs":0},"allocations":1,"arena_capacity":245329920,"arena_high_water":268435456,"command_buffers":1,"completion_waits":1,"dispatches":591,"encode":{"nanos":208876,"secs":0},"gpu":{"nanos":9079333,"secs":0},"reused_bytes":2478080,"transient_live_bytes":524288,"transient_peak_bytes":2478080,"wait":{"nanos":9349750,"secs":0}},{"allocated_bytes":4,"allocation_time":{"nanos":3709,"secs":0},"allocations":1,"arena_capacity":245329920,"arena_high_water":268435456,"command_buffers":1,"completion_waits":1,"dispatches":591,"encode":{"nanos":199375,"secs":0},"gpu":{"nanos":8732000,"secs":0},"reused_bytes":2478080,"transient_live_bytes":524288,"transient_peak_bytes":2478080,"wait":{"nanos":8985833,"secs":0}},{"allocated_bytes":4,"allocation_time":{"nanos":2667,"secs":0},"allocations":1,"arena_capacity":245329920,"arena_high_water":268435456,"command_buffers":1,"completion_waits":1,"dispatches":591,"encode":{"nanos":202474,"secs":0},"gpu":{"nanos":8938000,"secs":0},"reused_bytes":2478080,"transient_live_bytes":524288,"transient_peak_bytes":2478080,"wait":{"nanos":9189292,"secs":0}},{"allocated_bytes":4,"allocation_time":{"nanos":4083,"secs":0},"allocations":1,"arena_capacity":245329920,"arena_high_water":268435456,"command_buffers":1,"completion_waits":1,"dispatches":591,"encode":{"nanos":202597,"secs":0},"gpu":{"nanos":9262250,"secs":0},"reused_bytes":2478080,"transient_live_bytes":524288,"transient_peak_bytes":2478080,"wait":{"nanos":9588000,"secs":0}},{"allocated_bytes":4,"allocation_time":{"nanos":4125,"secs":0},"allocations":1,"arena_capacity":245329920,"arena_high_water":268435456,"command_buffers":1,"completion_waits":1,"dispatches":591,"encode":{"nanos":213015,"secs":0},"gpu":{"nanos":9089458,"secs":0},"reused_bytes":2478080,"transient_live_bytes":524288,"transient_peak_bytes":2478080,"wait":{"nanos":9345417,"secs":0}},{"allocated_bytes":4,"allocation_time":{"nanos":3375,"secs":0},"allocations":1,"arena_capacity":245329920,"arena_high_water":268435456,"command_buffers":1,"completion_waits":1,"dispatches":591,"encode":{"nanos":207120,"secs":0},"gpu":{"nanos":9532500,"secs":0},"reused_bytes":2478080,"transient_live_bytes":524288,"transient_peak_bytes":2478080,"wait":{"nanos":9792083,"secs":0}},{"allocated_bytes":4,"allocation_time":{"nanos":3500,"secs":0},"allocations":1,"arena_capacity":245329920,"arena_high_water":268435456,"command_buffers":1,"completion_waits":1,"dispatches":591,"encode":{"nanos":200709,"secs":0},"gpu":{"nanos":9529750,"secs":0},"reused_bytes":2478080,"transient_live_bytes":524288,"transient_peak_bytes":2478080,"wait":{"nanos":9793458,"secs":0}},{"allocated_bytes":4,"allocation_time":{"nanos":3000,"secs":0},"allocations":1,"arena_capacity":245329920,"arena_high_water":268435456,"command_buffers":1,"completion_waits":1,"dispatches":591,"encode":{"nanos":204452,"secs":0},"gpu":{"nanos":8360375,"secs":0},"reused_bytes":2478080,"transient_live_bytes":524288,"transient_peak_bytes":2478080,"wait":{"nanos":8615083,"secs":0}},{"allocated_bytes":4,"allocation_time":{"nanos":3250,"secs":0},"allocations":1,"arena_capacity":245329920,"arena_high_water":268435456,"command_buffers":1,"completion_waits":1,"dispatches":591,"encode":{"nanos":213187,"secs":0},"gpu":{"nanos":8241417,"secs":0},"reused_bytes":2707456,"transient_live_bytes":524288,"transient_peak_bytes":2707456,"wait":{"nanos":8562417,"secs":0}},{"allocated_bytes":4,"allocation_time":{"nanos":3750,"secs":0},"allocations":1,"arena_capacity":245329920,"arena_high_water":268435456,"command_buffers":1,"completion_waits":1,"dispatches":591,"encode":{"nanos":213534,"secs":0},"gpu":{"nanos":8282417,"secs":0},"reused_bytes":2707456,"transient_live_bytes":524288,"transient_peak_bytes":2707456,"wait":{"nanos":8552125,"secs":0}},{"allocated_bytes":4,"allocation_time":{"nanos":2958,"secs":0},"allocations":1,"arena_capacity":245329920,"arena_high_water":268435456,"command_buffers":1,"completion_waits":1,"dispatches":591,"encode":{"nanos":200648,"secs":0},"gpu":{"nanos":8505333,"secs":0},"reused_bytes":2707456,"transient_live_bytes":524288,"transient_peak_bytes":2707456,"wait":{"nanos":8796000,"secs":0}},{"allocated_bytes":4,"allocation_time":{"nanos":3584,"secs":0},"allocations":1,"arena_capacity":245329920,"arena_high_water":268435456,"command_buffers":1,"completion_waits":1,"dispatches":591,"encode":{"nanos":203174,"secs":0},"gpu":{"nanos":8502750,"secs":0},"reused_bytes":2707456,"transient_live_bytes":524288,"transient_peak_bytes":2707456,"wait":{"nanos":8754166,"secs":0}},{"allocated_bytes":4,"allocation_time":{"nanos":3083,"secs":0},"allocations":1,"arena_capacity":245329920,"arena_high_water":268435456,"command_buffers":1,"completion_waits":1,"dispatches":591,"encode":{"nanos":202868,"secs":0},"gpu":{"nanos":8587542,"secs":0},"reused_bytes":2707456,"transient_live_bytes":524288,"transient_peak_bytes":2707456,"wait":{"nanos":8841666,"secs":0}},{"allocated_bytes":4,"allocation_time":{"nanos":3292,"secs":0},"allocations":1,"arena_capacity":245329920,"arena_high_water":268435456,"command_buffers":1,"completion_waits":1,"dispatches":591,"encode":{"nanos":201715,"secs":0},"gpu":{"nanos":8886375,"secs":0},"reused_bytes":2707456,"transient_live_bytes":524288,"transient_peak_bytes":2707456,"wait":{"nanos":9142916,"secs":0}},{"allocated_bytes":4,"allocation_time":{"nanos":3625,"secs":0},"allocations":1,"arena_capacity":245329920,"arena_high_water":268435456,"command_buffers":1,"completion_waits":1,"dispatches":591,"encode":{"nanos":198737,"secs":0},"gpu":{"nanos":8834667,"secs":0},"reused_bytes":2707456,"transient_live_bytes":524288,"transient_peak_bytes":2707456,"wait":{"nanos":9099292,"secs":0}},{"allocated_bytes":4,"allocation_time":{"nanos":3875,"secs":0},"allocations":1,"arena_capacity":245329920,"arena_high_water":268435456,"command_buffers":1,"completion_waits":1,"dispatches":591,"encode":{"nanos":205260,"secs":0},"gpu":{"nanos":8750500,"secs":0},"reused_bytes":2707456,"transient_live_bytes":524288,"transient_peak_bytes":2707456,"wait":{"nanos":9025959,"secs":0}},{"allocated_bytes":4,"allocation_time":{"nanos":3042,"secs":0},"allocations":1,"arena_capacity":245329920,"arena_high_water":268435456,"command_buffers":1,"completion_waits":1,"dispatches":591,"encode":{"nanos":204288,"secs":0},"gpu":{"nanos":8379125,"secs":0},"reused_bytes":2707456,"transient_live_bytes":524288,"transient_peak_bytes":2707456,"wait":{"nanos":8656167,"secs":0}},{"allocated_bytes":4,"allocation_time":{"nanos":2916,"secs":0},"allocations":1,"arena_capacity":245329920,"arena_high_water":268435456,"command_buffers":1,"completion_waits":1,"dispatches":591,"encode":{"nanos":208114,"secs":0},"gpu":{"nanos":8796667,"secs":0},"reused_bytes":2707456,"transient_live_bytes":524288,"transient_peak_bytes":2707456,"wait":{"nanos":9116875,"secs":0}},{"allocated_bytes":4,"allocation_time":{"nanos":2333,"secs":0},"allocations":1,"arena_capacity":245329920,"arena_high_water":268435456,"command_buffers":1,"completion_waits":1,"dispatches":591,"encode":{"nanos":210448,"secs":0},"gpu":{"nanos":8645625,"secs":0},"reused_bytes":2707456,"transient_live_bytes":524288,"transient_peak_bytes":2707456,"wait":{"nanos":8920417,"secs":0}},{"allocated_bytes":4,"allocation_time":{"nanos":3708,"secs":0},"allocations":1,"arena_capacity":245329920,"arena_high_water":268435456,"command_buffers":1,"completion_waits":1,"dispatches":591,"encode":{"nanos":199677,"secs":0},"gpu":{"nanos":8211125,"secs":0},"reused_bytes":2707456,"transient_live_bytes":524288,"transient_peak_bytes":2707456,"wait":{"nanos":8514875,"secs":0}},{"allocated_bytes":4,"allocation_time":{"nanos":4417,"secs":0},"allocations":1,"arena_capacity":245329920,"arena_high_water":268435456,"command_buffers":1,"completion_waits":1,"dispatches":591,"encode":{"nanos":206947,"secs":0},"gpu":{"nanos":8585542,"secs":0},"reused_bytes":2707456,"transient_live_bytes":524288,"transient_peak_bytes":2707456,"wait":{"nanos":8846500,"secs":0}},{"allocated_bytes":4,"allocation_time":{"nanos":2875,"secs":0},"allocations":1,"arena_capacity":245329920,"arena_high_water":268435456,"command_buffers":1,"completion_waits":1,"dispatches":591,"encode":{"nanos":208386,"secs":0},"gpu":{"nanos":8610458,"secs":0},"reused_bytes":2707456,"transient_live_bytes":524288,"transient_peak_bytes":2707456,"wait":{"nanos":8890333,"secs":0}},{"allocated_bytes":4,"allocation_time":{"nanos":2625,"secs":0},"allocations":1,"arena_capacity":245329920,"arena_high_water":268435456,"command_buffers":1,"completion_waits":1,"dispatches":591,"encode":{"nanos":201174,"secs":0},"gpu":{"nanos":8679750,"secs":0},"reused_bytes":2707456,"transient_live_bytes":524288,"transient_peak_bytes":2707456,"wait":{"nanos":8953250,"secs":0}},{"allocated_bytes":4,"allocation_time":{"nanos":3541,"secs":0},"allocations":1,"arena_capacity":245329920,"arena_high_water":268435456,"command_buffers":1,"completion_waits":1,"dispatches":591,"encode":{"nanos":201260,"secs":0},"gpu":{"nanos":8593250,"secs":0},"reused_bytes":2707456,"transient_live_bytes":524288,"transient_peak_bytes":2707456,"wait":{"nanos":8909333,"secs":0}},{"allocated_bytes":4,"allocation_time":{"nanos":2959,"secs":0},"allocations":1,"arena_capacity":245329920,"arena_high_water":268435456,"command_buffers":1,"completion_waits":1,"dispatches":591,"encode":{"nanos":206115,"secs":0},"gpu":{"nanos":8461875,"secs":0},"reused_bytes":2707456,"transient_live_bytes":524288,"transient_peak_bytes":2707456,"wait":{"nanos":8718250,"secs":0}},{"allocated_bytes":4,"allocation_time":{"nanos":3709,"secs":0},"allocations":1,"arena_capacity":245329920,"arena_high_water":268435456,"command_buffers":1,"completion_waits":1,"dispatches":591,"encode":{"nanos":202913,"secs":0},"gpu":{"nanos":8658833,"secs":0},"reused_bytes":2707456,"transient_live_bytes":524288,"transient_peak_bytes":2707456,"wait":{"nanos":8899542,"secs":0}},{"allocated_bytes":4,"allocation_time":{"nanos":4375,"secs":0},"allocations":1,"arena_capacity":245329920,"arena_high_water":268435456,"command_buffers":1,"completion_waits":1,"dispatches":591,"encode":{"nanos":198830,"secs":0},"gpu":{"nanos":8474625,"secs":0},"reused_bytes":2707456,"transient_live_bytes":524288,"transient_peak_bytes":2707456,"wait":{"nanos":8707959,"secs":0}},{"allocated_bytes":4,"allocation_time":{"nanos":2666,"secs":0},"allocations":1,"arena_capacity":245329920,"arena_high_water":268435456,"command_buffers":1,"completion_waits":1,"dispatches":591,"encode":{"nanos":216013,"secs":0},"gpu":{"nanos":9033292,"secs":0},"reused_bytes":2707456,"transient_live_bytes":524288,"transient_peak_bytes":2707456,"wait":{"nanos":9234166,"secs":0}},{"allocated_bytes":4,"allocation_time":{"nanos":3458,"secs":0},"allocations":1,"arena_capacity":245329920,"arena_high_water":268435456,"command_buffers":1,"completion_waits":1,"dispatches":591,"encode":{"nanos":218446,"secs":0},"gpu":{"nanos":8315500,"secs":0},"reused_bytes":2707456,"transient_live_bytes":524288,"transient_peak_bytes":2707456,"wait":{"nanos":8578334,"secs":0}}],"decode_median_ms":9.655583,"decode_ms":[9.253041,9.355084,9.286792,9.081209,9.620833000000001,8.986208000000001,9.159042,9.29575,9.103666,9.3185,9.325667,9.353292,9.523167,9.652792,9.508125,9.576041,9.257333,9.285375,9.7805,9.474458,9.450292000000001,9.423208,9.605583,9.421291,9.5865,9.66675,9.47925,9.745042,9.696833,9.675375,9.579832999999999,9.127791,9.636042,9.341083999999999,9.520583,9.558208,9.808334,9.45675,9.603542,10.037958,9.265792,9.889166,9.90975,10.180333999999998,9.71525,9.947417,9.521292,9.459125,9.90625,10.077916,9.60925,9.707500000000001,9.883542,9.728833,9.63625,9.601541,9.660042,9.513458,9.830292,9.758542,9.706875,9.63825,9.756124999999999,9.655583,9.669374999999999,9.915416,9.952209,9.905542,10.283333,10.034125,9.754999999999999,9.747458,10.014959000000001,9.606541,9.938708,9.773292,10.923874999999999,10.340333,10.182165999999999,9.85,10.00625,10.119416,9.84475,10.007959,10.034209,10.364,10.094000000000001,9.658167,9.927167,9.670458,10.02975,9.808542,10.224917,10.18275,9.860624999999999,10.073625,9.662125000000001,10.248291,9.869041000000001,9.837874999999999,9.466125,9.677791,10.07,9.86325,10.288959,10.274625,9.100624999999999,9.058625000000001,9.061209,9.274042,9.239,9.335125,9.62325,9.567584,9.506333,9.13725,9.598291999999999,9.403542000000002,8.9975,9.336,9.358875,9.425584,9.393833,9.172292,9.371541,9.184166000000001,9.705292,9.087792],"decode_profiles":[{},{},{},{},{},{},{},{},{},{},{},{},{},{},{},{},{},{},{},{},{},{},{},{},{},{},{},{},{},{},{},{},{},{},{},{},{},{},{},{},{},{},{},{},{},{},{},{},{},{},{},{},{},{},{},{},{},{},{},{},{},{},{},{},{},{},{},{},{},{},{},{},{},{},{},{},{},{},{},{},{},{},{},{},{},{},{},{},{},{},{},{},{},{},{},{},{},{},{},{},{},{},{},{},{},{},{},{},{},{},{},{},{},{},{},{},{},{},{},{},{},{},{},{},{},{},{},{}],"decode_tps":103.56702438371666,"first_token_ms":49.285542,"generated_ids":[151667,198,32313,11,279,1196,1101,1053,330,9707,8958,773,358,1184,311,5889,34901,13,6771,752,1744,911,279,1850,1616,311,40786,1105,13,8704,807,2299,1667,279,21927,0,1943,11,7196,358,1265,24645,432,323,3010,12994,13,358,1265,2506,432,11657,323,1787,83075,13,6771,752,1281,2704,311,1779,421,1052,594,894,3151,1681,807,2578,614,11,714,2474,807,3207,944,6286,4113,11,1101,264,4285,42113,1265,975,13,97593,11,882,311,2182,429,1119,264,2033,624,151668,271,9707,0,2585,646,358,7789,498,3351,30,26525,232,151645,198,151643,33975,25,3555,374,279,1850,1616,311,40786,4325,1939,71703,25,320,3563,7979],"generated_tokens":129,"generation_ms":1317.272416,"generation_tps":97.92962976611817,"kv_active_bytes":17088512,"kv_reserved_bytes":29360128,"model_format":"GGUF","model_repository":"Qwen/Qwen3-0.6B-GGUF","model_revision":"23749fefcc72300e3a2ad315e1317431b06b590a","moe_expert_tensorops":true,"moe_expert_tensorops_min_routes_per_expert":8,"packed_quantized_bytes":633233408,"pair":2,"pair_order":"ferrum-candidate>llama.cpp>ferrum-control","parameter_count":596049920,"prefill_counters":{"allocated_bytes":29360212,"allocation_time":{"nanos":1654209,"secs":0},"allocations":57,"arena_capacity":245329920,"arena_high_water":268435456,"command_buffers":1,"completion_waits":1,"dispatches":591,"encode":{"nanos":245597,"secs":0},"gpu":{"nanos":45570250,"secs":0},"reused_bytes":45613056,"transient_live_bytes":0,"transient_peak_bytes":45613056,"wait":{"nanos":46834584,"secs":0}},"prefill_ms":48.977,"prefill_profile":{},"prefill_tps":428.7726892214713,"prompt_ids":[151644,8948,198,2610,525,264,10950,17847,13,151645,198,151644,872,198,9707,0,151645,198,151644,77091,198],"prompt_tokens":21,"q5_0_gemv_n4":false,"q8_0_mpp_tile_k64":false,"retained_weight_bytes":633364480,"runtime":"ferrum","sampling_ms":31.83942,"source_tensor_bytes":633495552,"tensor_count":310,"warmup":false,"process_rss_bytes":1150861312,"ferrum_variant":"control","source_matrix_case_model":"Qwen/Qwen3-0.6B-GGUF@Q8_0","engine_order":["ferrum-candidate","llama.cpp","ferrum-control"],"case_index":4,"engine_load_plus_first_warmup_ms":1321.5061250375584}
~llama_context:       MTL0 compute buffer size is 300.7500 MiB, matches expectation of 300.7500 MiB
~llama_context:        CPU compute buffer size is   8.0137 MiB, matches expectation of   8.0137 MiB
~llama_context:        CPU compute buffer size is   0.0000 MiB, matches expectation of   0.0000 MiB
ggml_metal_free: deallocating
