ggml_metal_device_init: testing tensor API for f16 support
ggml_metal_library_compile_pipeline: compiling pipeline: base = 'dummy_kernel', name = 'dummy_kernel'
ggml_metal_library_compile_pipeline: loaded dummy_kernel                                  0x1056dfd70 | th_max = 1024 | th_width =   32
ggml_metal_device_init: testing tensor API for bfloat support
ggml_metal_library_compile_pipeline: compiling pipeline: base = 'dummy_kernel', name = 'dummy_kernel'
ggml_metal_library_compile_pipeline: loaded dummy_kernel                                  0x1056e0270 | th_max = 1024 | th_width =   32
ggml_metal_library_init: using embedded metal library
ggml_metal_library_compile_all: compiled 'fa' library in 0.008 sec
ggml_metal_library_compile_all: compiled 'mul_mv' library in 0.010 sec
ggml_metal_library_compile_all: compiled 'mul_mm' library in 0.009 sec
ggml_metal_library_compile_all: compiled 'quantize' library in 0.010 sec
ggml_metal_library_compile_all: compiled 'softmax' library in 0.000 sec
ggml_metal_library_compile_all: compiled 'norm' library in 0.000 sec
ggml_metal_library_compile_all: compiled 'unary' library in 0.000 sec
ggml_metal_library_compile_all: compiled 'binbcast' library in 0.000 sec
ggml_metal_library_compile_all: compiled 'reduce' library in 0.008 sec
ggml_metal_library_compile_all: compiled 'tri' library in 0.010 sec
ggml_metal_library_compile_all: compiled 'ssm' library in 0.000 sec
ggml_metal_library_compile_all: compiled 'wkv' library in 0.000 sec
ggml_metal_library_compile_all: compiled 'gated_delta_net' library in 0.000 sec
ggml_metal_library_compile_all: compiled 'solve_tri' library in 0.000 sec
ggml_metal_library_compile_all: compiled 'rope' library in 0.010 sec
ggml_metal_library_compile_all: compiled 'conv' library in 0.010 sec
ggml_metal_library_compile_all: compiled 'upscale' library in 0.000 sec
ggml_metal_library_compile_all: compiled 'argsort' library in 0.000 sec
ggml_metal_library_compile_all: compiled 'pool' library in 0.000 sec
ggml_metal_library_compile_all: compiled 'misc' library in 0.000 sec
ggml_metal_library_compile_all: loaded 20 libraries from embedded data in 0.011 sec (max single = 0.010 sec)
ggml_metal_rsets_init: creating a residency set collection (keep_alive = 180 s)
ggml_metal_device_init: GPU name:   MTL0 (Apple M5)
ggml_metal_device_init: GPU family: MTLGPUFamilyApple10  (1010)
ggml_metal_device_init: GPU family: MTLGPUFamilyMetal4  (5002)
ggml_metal_device_init: simdgroup reduction   = true
ggml_metal_device_init: simdgroup matrix mul. = true
ggml_metal_device_init: has unified memory    = true
ggml_metal_device_init: has bfloat            = true
ggml_metal_device_init: has tensor            = true
ggml_metal_device_init: use residency sets    = true
ggml_metal_device_init: use shared buffers    = true
ggml_metal_device_init: recommendedMaxWorkingSetSize  = 25769.80 MB
llama_model_loader: loaded meta data with 26 key-value pairs and 291 tensors from /private/tmp/ferrum-phase5-qwen-gguf-lower/qwen2.5-0.5b-instruct-q4_0.gguf (version GGUF V3 (latest))
llama_model_loader: Dumping metadata keys/values. Note: KV overrides do not apply in this output.
llama_model_loader: - kv   0:                       general.architecture str              = qwen2
llama_model_loader: - kv   1:                               general.type str              = model
llama_model_loader: - kv   2:                               general.name str              = qwen2.5-0.5b-instruct
llama_model_loader: - kv   3:                            general.version str              = v0.1
llama_model_loader: - kv   4:                           general.finetune str              = qwen2.5-0.5b-instruct
llama_model_loader: - kv   5:                         general.size_label str              = 630M
llama_model_loader: - kv   6:                          qwen2.block_count u32              = 24
llama_model_loader: - kv   7:                       qwen2.context_length u32              = 32768
llama_model_loader: - kv   8:                     qwen2.embedding_length u32              = 896
llama_model_loader: - kv   9:                  qwen2.feed_forward_length u32              = 4864
llama_model_loader: - kv  10:                 qwen2.attention.head_count u32              = 14
llama_model_loader: - kv  11:              qwen2.attention.head_count_kv u32              = 2
llama_model_loader: - kv  12:                       qwen2.rope.freq_base f32              = 1000000.000000
llama_model_loader: - kv  13:     qwen2.attention.layer_norm_rms_epsilon f32              = 0.000001
llama_model_loader: - kv  14:                          general.file_type u32              = 2
llama_model_loader: - kv  15:                       tokenizer.ggml.model str              = gpt2
llama_model_loader: - kv  16:                         tokenizer.ggml.pre str              = qwen2
llama_model_loader: - kv  17:                      tokenizer.ggml.tokens arr[str,151936]  = ["!", "\"", "#", "$", "%", "&", "'", ...
llama_model_loader: - kv  18:                  tokenizer.ggml.token_type arr[i32,151936]  = [1, 1, 1, 1, 1, 1, 1, 1, 1, 1, 1, 1, ...
llama_model_loader: - kv  19:                      tokenizer.ggml.merges arr[str,151387]  = ["Ġ Ġ", "ĠĠ ĠĠ", "i n", "Ġ t",...
llama_model_loader: - kv  20:                tokenizer.ggml.eos_token_id u32              = 151645
llama_model_loader: - kv  21:            tokenizer.ggml.padding_token_id u32              = 151643
llama_model_loader: - kv  22:                tokenizer.ggml.bos_token_id u32              = 151643
llama_model_loader: - kv  23:               tokenizer.ggml.add_bos_token bool             = false
llama_model_loader: - kv  24:                    tokenizer.chat_template str              = {%- if tools %}\n    {{- '<|im_start|>...
llama_model_loader: - kv  25:               general.quantization_version u32              = 2
llama_model_loader: - type  f32:  121 tensors
llama_model_loader: - type q4_0:  169 tensors
llama_model_loader: - type q8_0:    1 tensors
print_info: file format = GGUF V3 (latest)
print_info: file type   = Q4_0
print_info: file size   = 403.20 MiB (5.37 BPW) 
llama_prepare_model_devices: using device MTL0 (Apple M5) (unknown id) - 24575 MiB free
init_tokenizer: initializing tokenizer for type 2
load: 0 unused tokens
load: control token: 151659 '<|fim_prefix|>' is not marked as EOG
load: control token: 151656 '<|video_pad|>' is not marked as EOG
load: control token: 151655 '<|image_pad|>' is not marked as EOG
load: control token: 151653 '<|vision_end|>' is not marked as EOG
load: control token: 151652 '<|vision_start|>' is not marked as EOG
load: control token: 151651 '<|quad_end|>' is not marked as EOG
load: control token: 151649 '<|box_end|>' is not marked as EOG
load: control token: 151648 '<|box_start|>' is not marked as EOG
load: control token: 151646 '<|object_ref_start|>' is not marked as EOG
load: control token: 151644 '<|im_start|>' is not marked as EOG
load: control token: 151661 '<|fim_suffix|>' is not marked as EOG
load: control token: 151647 '<|object_ref_end|>' is not marked as EOG
load: control-looking token: 128247 '</s>' was not control-type; this is probably a bug in the model. its type will be overridden
load: control token: 151660 '<|fim_middle|>' is not marked as EOG
load: control token: 151654 '<|vision_pad|>' is not marked as EOG
load: control token: 151650 '<|quad_start|>' is not marked as EOG
load: printing all EOG tokens:
load:   - 128247 ('</s>')
load:   - 151643 ('<|endoftext|>')
load:   - 151645 ('<|im_end|>')
load:   - 151662 ('<|fim_pad|>')
load:   - 151663 ('<|repo_name|>')
load:   - 151664 ('<|file_sep|>')
load: special tokens cache size = 23
load: token to piece cache size = 0.9310 MB
print_info: arch                  = qwen2
print_info: vocab_only            = 0
print_info: no_alloc              = 0
print_info: n_ctx_train           = 32768
print_info: n_embd_inp            = 896
print_info: n_embd                = 896
print_info: n_embd_out            = 896
print_info: n_layer               = 24
print_info: n_layer_all           = 24
print_info: n_head                = 14
print_info: n_head_kv             = 2
print_info: n_rot                 = 64
print_info: n_swa                 = 0
print_info: is_swa_any            = 0
print_info: non_causal_type       = 0
print_info: n_embd_head_k         = 64
print_info: n_embd_head_v         = 64
print_info: n_gqa                 = 7
print_info: n_embd_k_gqa          = 128
print_info: n_embd_v_gqa          = 128
print_info: f_norm_eps            = 0.0e+00
print_info: f_norm_rms_eps        = 1.0e-06
print_info: f_clamp_kqv           = 0.0e+00
print_info: f_max_alibi_bias      = 0.0e+00
print_info: f_logit_scale         = 0.0e+00
print_info: f_attn_scale          = 0.0e+00
print_info: f_attn_value_scale    = 0.0000
print_info: n_ff                  = 4864
print_info: n_expert              = 0
print_info: n_expert_used         = 0
print_info: n_expert_groups       = 0
print_info: n_group_used          = 0
print_info: causal attn           = 1
print_info: pooling type          = -1
print_info: rope type             = 2
print_info: rope scaling          = linear
print_info: freq_base_train       = 1000000.0
print_info: freq_scale_train      = 1
print_info: n_ctx_orig_yarn       = 32768
print_info: rope_yarn_log_mul     = 0.0000
print_info: rope_finetuned        = unknown
print_info: model type            = 1B
print_info: model params          = 630.17 M
print_info: general.name          = qwen2.5-0.5b-instruct
print_info: vocab type            = BPE
print_info: n_vocab               = 151936
print_info: n_merges              = 151387
print_info: BOS token             = 151643 '<|endoftext|>'
print_info: EOS token             = 151645 '<|im_end|>'
print_info: EOT token             = 151645 '<|im_end|>'
print_info: PAD token             = 151643 '<|endoftext|>'
print_info: LF token              = 198 'Ċ'
print_info: FIM PRE token         = 151659 '<|fim_prefix|>'
print_info: FIM SUF token         = 151661 '<|fim_suffix|>'
print_info: FIM MID token         = 151660 '<|fim_middle|>'
print_info: FIM PAD token         = 151662 '<|fim_pad|>'
print_info: FIM REP token         = 151663 '<|repo_name|>'
print_info: FIM SEP token         = 151664 '<|file_sep|>'
print_info: EOG token             = 128247 '</s>'
print_info: EOG token             = 151643 '<|endoftext|>'
print_info: EOG token             = 151645 '<|im_end|>'
print_info: EOG token             = 151662 '<|fim_pad|>'
print_info: EOG token             = 151663 '<|repo_name|>'
print_info: EOG token             = 151664 '<|file_sep|>'
print_info: max token length      = 256
load_tensors: loading model tensors, this can take a while... (load_mode = mmap)
load_tensors: layer   0 assigned to device MTL0, is_swa = 0
load_tensors: layer   1 assigned to device MTL0, is_swa = 0
load_tensors: layer   2 assigned to device MTL0, is_swa = 0
load_tensors: layer   3 assigned to device MTL0, is_swa = 0
load_tensors: layer   4 assigned to device MTL0, is_swa = 0
load_tensors: layer   5 assigned to device MTL0, is_swa = 0
load_tensors: layer   6 assigned to device MTL0, is_swa = 0
load_tensors: layer   7 assigned to device MTL0, is_swa = 0
load_tensors: layer   8 assigned to device MTL0, is_swa = 0
load_tensors: layer   9 assigned to device MTL0, is_swa = 0
load_tensors: layer  10 assigned to device MTL0, is_swa = 0
load_tensors: layer  11 assigned to device MTL0, is_swa = 0
load_tensors: layer  12 assigned to device MTL0, is_swa = 0
load_tensors: layer  13 assigned to device MTL0, is_swa = 0
load_tensors: layer  14 assigned to device MTL0, is_swa = 0
load_tensors: layer  15 assigned to device MTL0, is_swa = 0
load_tensors: layer  16 assigned to device MTL0, is_swa = 0
load_tensors: layer  17 assigned to device MTL0, is_swa = 0
load_tensors: layer  18 assigned to device MTL0, is_swa = 0
load_tensors: layer  19 assigned to device MTL0, is_swa = 0
load_tensors: layer  20 assigned to device MTL0, is_swa = 0
load_tensors: layer  21 assigned to device MTL0, is_swa = 0
load_tensors: layer  22 assigned to device MTL0, is_swa = 0
load_tensors: layer  23 assigned to device MTL0, is_swa = 0
load_tensors: layer  24 assigned to device MTL0, is_swa = 0
create_tensor: loading tensor token_embd.weight
create_tensor: loading tensor output_norm.weight
create_tensor: loading tensor output.weight
create_tensor: loading tensor output.bias
create_tensor: loading tensor blk.0.attn_norm.weight
create_tensor: loading tensor blk.0.attn_qkv.weight
create_tensor: loading tensor blk.0.attn_q.weight
create_tensor: loading tensor blk.0.attn_k.weight
create_tensor: loading tensor blk.0.attn_v.weight
create_tensor: loading tensor blk.0.attn_q.bias
create_tensor: loading tensor blk.0.attn_k.bias
create_tensor: loading tensor blk.0.attn_v.bias
create_tensor: loading tensor blk.0.attn_output.weight
create_tensor: loading tensor blk.0.ffn_norm.weight
create_tensor: loading tensor blk.0.ffn_gate.weight
create_tensor: loading tensor blk.0.ffn_down.weight
create_tensor: loading tensor blk.0.ffn_up.weight
create_tensor: loading tensor blk.1.attn_norm.weight
create_tensor: loading tensor blk.1.attn_qkv.weight
create_tensor: loading tensor blk.1.attn_q.weight
create_tensor: loading tensor blk.1.attn_k.weight
create_tensor: loading tensor blk.1.attn_v.weight
create_tensor: loading tensor blk.1.attn_q.bias
create_tensor: loading tensor blk.1.attn_k.bias
create_tensor: loading tensor blk.1.attn_v.bias
create_tensor: loading tensor blk.1.attn_output.weight
create_tensor: loading tensor blk.1.ffn_norm.weight
create_tensor: loading tensor blk.1.ffn_gate.weight
create_tensor: loading tensor blk.1.ffn_down.weight
create_tensor: loading tensor blk.1.ffn_up.weight
create_tensor: loading tensor blk.2.attn_norm.weight
create_tensor: loading tensor blk.2.attn_qkv.weight
create_tensor: loading tensor blk.2.attn_q.weight
create_tensor: loading tensor blk.2.attn_k.weight
create_tensor: loading tensor blk.2.attn_v.weight
create_tensor: loading tensor blk.2.attn_q.bias
create_tensor: loading tensor blk.2.attn_k.bias
create_tensor: loading tensor blk.2.attn_v.bias
create_tensor: loading tensor blk.2.attn_output.weight
create_tensor: loading tensor blk.2.ffn_norm.weight
create_tensor: loading tensor blk.2.ffn_gate.weight
create_tensor: loading tensor blk.2.ffn_down.weight
create_tensor: loading tensor blk.2.ffn_up.weight
create_tensor: loading tensor blk.3.attn_norm.weight
create_tensor: loading tensor blk.3.attn_qkv.weight
create_tensor: loading tensor blk.3.attn_q.weight
create_tensor: loading tensor blk.3.attn_k.weight
create_tensor: loading tensor blk.3.attn_v.weight
create_tensor: loading tensor blk.3.attn_q.bias
create_tensor: loading tensor blk.3.attn_k.bias
create_tensor: loading tensor blk.3.attn_v.bias
create_tensor: loading tensor blk.3.attn_output.weight
create_tensor: loading tensor blk.3.ffn_norm.weight
create_tensor: loading tensor blk.3.ffn_gate.weight
create_tensor: loading tensor blk.3.ffn_down.weight
create_tensor: loading tensor blk.3.ffn_up.weight
create_tensor: loading tensor blk.4.attn_norm.weight
create_tensor: loading tensor blk.4.attn_qkv.weight
create_tensor: loading tensor blk.4.attn_q.weight
create_tensor: loading tensor blk.4.attn_k.weight
create_tensor: loading tensor blk.4.attn_v.weight
create_tensor: loading tensor blk.4.attn_q.bias
create_tensor: loading tensor blk.4.attn_k.bias
create_tensor: loading tensor blk.4.attn_v.bias
create_tensor: loading tensor blk.4.attn_output.weight
create_tensor: loading tensor blk.4.ffn_norm.weight
create_tensor: loading tensor blk.4.ffn_gate.weight
create_tensor: loading tensor blk.4.ffn_down.weight
create_tensor: loading tensor blk.4.ffn_up.weight
create_tensor: loading tensor blk.5.attn_norm.weight
create_tensor: loading tensor blk.5.attn_qkv.weight
create_tensor: loading tensor blk.5.attn_q.weight
create_tensor: loading tensor blk.5.attn_k.weight
create_tensor: loading tensor blk.5.attn_v.weight
create_tensor: loading tensor blk.5.attn_q.bias
create_tensor: loading tensor blk.5.attn_k.bias
create_tensor: loading tensor blk.5.attn_v.bias
create_tensor: loading tensor blk.5.attn_output.weight
create_tensor: loading tensor blk.5.ffn_norm.weight
create_tensor: loading tensor blk.5.ffn_gate.weight
create_tensor: loading tensor blk.5.ffn_down.weight
create_tensor: loading tensor blk.5.ffn_up.weight
create_tensor: loading tensor blk.6.attn_norm.weight
create_tensor: loading tensor blk.6.attn_qkv.weight
create_tensor: loading tensor blk.6.attn_q.weight
create_tensor: loading tensor blk.6.attn_k.weight
create_tensor: loading tensor blk.6.attn_v.weight
create_tensor: loading tensor blk.6.attn_q.bias
create_tensor: loading tensor blk.6.attn_k.bias
create_tensor: loading tensor blk.6.attn_v.bias
create_tensor: loading tensor blk.6.attn_output.weight
create_tensor: loading tensor blk.6.ffn_norm.weight
create_tensor: loading tensor blk.6.ffn_gate.weight
create_tensor: loading tensor blk.6.ffn_down.weight
create_tensor: loading tensor blk.6.ffn_up.weight
create_tensor: loading tensor blk.7.attn_norm.weight
create_tensor: loading tensor blk.7.attn_qkv.weight
create_tensor: loading tensor blk.7.attn_q.weight
create_tensor: loading tensor blk.7.attn_k.weight
create_tensor: loading tensor blk.7.attn_v.weight
create_tensor: loading tensor blk.7.attn_q.bias
create_tensor: loading tensor blk.7.attn_k.bias
create_tensor: loading tensor blk.7.attn_v.bias
create_tensor: loading tensor blk.7.attn_output.weight
create_tensor: loading tensor blk.7.ffn_norm.weight
create_tensor: loading tensor blk.7.ffn_gate.weight
create_tensor: loading tensor blk.7.ffn_down.weight
create_tensor: loading tensor blk.7.ffn_up.weight
create_tensor: loading tensor blk.8.attn_norm.weight
create_tensor: loading tensor blk.8.attn_qkv.weight
create_tensor: loading tensor blk.8.attn_q.weight
create_tensor: loading tensor blk.8.attn_k.weight
create_tensor: loading tensor blk.8.attn_v.weight
create_tensor: loading tensor blk.8.attn_q.bias
create_tensor: loading tensor blk.8.attn_k.bias
create_tensor: loading tensor blk.8.attn_v.bias
create_tensor: loading tensor blk.8.attn_output.weight
create_tensor: loading tensor blk.8.ffn_norm.weight
create_tensor: loading tensor blk.8.ffn_gate.weight
create_tensor: loading tensor blk.8.ffn_down.weight
create_tensor: loading tensor blk.8.ffn_up.weight
create_tensor: loading tensor blk.9.attn_norm.weight
create_tensor: loading tensor blk.9.attn_qkv.weight
create_tensor: loading tensor blk.9.attn_q.weight
create_tensor: loading tensor blk.9.attn_k.weight
create_tensor: loading tensor blk.9.attn_v.weight
create_tensor: loading tensor blk.9.attn_q.bias
create_tensor: loading tensor blk.9.attn_k.bias
create_tensor: loading tensor blk.9.attn_v.bias
create_tensor: loading tensor blk.9.attn_output.weight
create_tensor: loading tensor blk.9.ffn_norm.weight
create_tensor: loading tensor blk.9.ffn_gate.weight
create_tensor: loading tensor blk.9.ffn_down.weight
create_tensor: loading tensor blk.9.ffn_up.weight
create_tensor: loading tensor blk.10.attn_norm.weight
create_tensor: loading tensor blk.10.attn_qkv.weight
create_tensor: loading tensor blk.10.attn_q.weight
create_tensor: loading tensor blk.10.attn_k.weight
create_tensor: loading tensor blk.10.attn_v.weight
create_tensor: loading tensor blk.10.attn_q.bias
create_tensor: loading tensor blk.10.attn_k.bias
create_tensor: loading tensor blk.10.attn_v.bias
create_tensor: loading tensor blk.10.attn_output.weight
create_tensor: loading tensor blk.10.ffn_norm.weight
create_tensor: loading tensor blk.10.ffn_gate.weight
create_tensor: loading tensor blk.10.ffn_down.weight
create_tensor: loading tensor blk.10.ffn_up.weight
create_tensor: loading tensor blk.11.attn_norm.weight
create_tensor: loading tensor blk.11.attn_qkv.weight
create_tensor: loading tensor blk.11.attn_q.weight
create_tensor: loading tensor blk.11.attn_k.weight
create_tensor: loading tensor blk.11.attn_v.weight
create_tensor: loading tensor blk.11.attn_q.bias
create_tensor: loading tensor blk.11.attn_k.bias
create_tensor: loading tensor blk.11.attn_v.bias
create_tensor: loading tensor blk.11.attn_output.weight
create_tensor: loading tensor blk.11.ffn_norm.weight
create_tensor: loading tensor blk.11.ffn_gate.weight
create_tensor: loading tensor blk.11.ffn_down.weight
create_tensor: loading tensor blk.11.ffn_up.weight
create_tensor: loading tensor blk.12.attn_norm.weight
create_tensor: loading tensor blk.12.attn_qkv.weight
create_tensor: loading tensor blk.12.attn_q.weight
create_tensor: loading tensor blk.12.attn_k.weight
create_tensor: loading tensor blk.12.attn_v.weight
create_tensor: loading tensor blk.12.attn_q.bias
create_tensor: loading tensor blk.12.attn_k.bias
create_tensor: loading tensor blk.12.attn_v.bias
create_tensor: loading tensor blk.12.attn_output.weight
create_tensor: loading tensor blk.12.ffn_norm.weight
create_tensor: loading tensor blk.12.ffn_gate.weight
create_tensor: loading tensor blk.12.ffn_down.weight
create_tensor: loading tensor blk.12.ffn_up.weight
create_tensor: loading tensor blk.13.attn_norm.weight
create_tensor: loading tensor blk.13.attn_qkv.weight
create_tensor: loading tensor blk.13.attn_q.weight
create_tensor: loading tensor blk.13.attn_k.weight
create_tensor: loading tensor blk.13.attn_v.weight
create_tensor: loading tensor blk.13.attn_q.bias
create_tensor: loading tensor blk.13.attn_k.bias
create_tensor: loading tensor blk.13.attn_v.bias
create_tensor: loading tensor blk.13.attn_output.weight
create_tensor: loading tensor blk.13.ffn_norm.weight
create_tensor: loading tensor blk.13.ffn_gate.weight
create_tensor: loading tensor blk.13.ffn_down.weight
create_tensor: loading tensor blk.13.ffn_up.weight
create_tensor: loading tensor blk.14.attn_norm.weight
create_tensor: loading tensor blk.14.attn_qkv.weight
create_tensor: loading tensor blk.14.attn_q.weight
create_tensor: loading tensor blk.14.attn_k.weight
create_tensor: loading tensor blk.14.attn_v.weight
create_tensor: loading tensor blk.14.attn_q.bias
create_tensor: loading tensor blk.14.attn_k.bias
create_tensor: loading tensor blk.14.attn_v.bias
create_tensor: loading tensor blk.14.attn_output.weight
create_tensor: loading tensor blk.14.ffn_norm.weight
create_tensor: loading tensor blk.14.ffn_gate.weight
create_tensor: loading tensor blk.14.ffn_down.weight
create_tensor: loading tensor blk.14.ffn_up.weight
create_tensor: loading tensor blk.15.attn_norm.weight
create_tensor: loading tensor blk.15.attn_qkv.weight
create_tensor: loading tensor blk.15.attn_q.weight
create_tensor: loading tensor blk.15.attn_k.weight
create_tensor: loading tensor blk.15.attn_v.weight
create_tensor: loading tensor blk.15.attn_q.bias
create_tensor: loading tensor blk.15.attn_k.bias
create_tensor: loading tensor blk.15.attn_v.bias
create_tensor: loading tensor blk.15.attn_output.weight
create_tensor: loading tensor blk.15.ffn_norm.weight
create_tensor: loading tensor blk.15.ffn_gate.weight
create_tensor: loading tensor blk.15.ffn_down.weight
create_tensor: loading tensor blk.15.ffn_up.weight
create_tensor: loading tensor blk.16.attn_norm.weight
create_tensor: loading tensor blk.16.attn_qkv.weight
create_tensor: loading tensor blk.16.attn_q.weight
create_tensor: loading tensor blk.16.attn_k.weight
create_tensor: loading tensor blk.16.attn_v.weight
create_tensor: loading tensor blk.16.attn_q.bias
create_tensor: loading tensor blk.16.attn_k.bias
create_tensor: loading tensor blk.16.attn_v.bias
create_tensor: loading tensor blk.16.attn_output.weight
create_tensor: loading tensor blk.16.ffn_norm.weight
create_tensor: loading tensor blk.16.ffn_gate.weight
create_tensor: loading tensor blk.16.ffn_down.weight
create_tensor: loading tensor blk.16.ffn_up.weight
create_tensor: loading tensor blk.17.attn_norm.weight
create_tensor: loading tensor blk.17.attn_qkv.weight
create_tensor: loading tensor blk.17.attn_q.weight
create_tensor: loading tensor blk.17.attn_k.weight
create_tensor: loading tensor blk.17.attn_v.weight
create_tensor: loading tensor blk.17.attn_q.bias
create_tensor: loading tensor blk.17.attn_k.bias
create_tensor: loading tensor blk.17.attn_v.bias
create_tensor: loading tensor blk.17.attn_output.weight
create_tensor: loading tensor blk.17.ffn_norm.weight
create_tensor: loading tensor blk.17.ffn_gate.weight
create_tensor: loading tensor blk.17.ffn_down.weight
create_tensor: loading tensor blk.17.ffn_up.weight
create_tensor: loading tensor blk.18.attn_norm.weight
create_tensor: loading tensor blk.18.attn_qkv.weight
create_tensor: loading tensor blk.18.attn_q.weight
create_tensor: loading tensor blk.18.attn_k.weight
create_tensor: loading tensor blk.18.attn_v.weight
create_tensor: loading tensor blk.18.attn_q.bias
create_tensor: loading tensor blk.18.attn_k.bias
create_tensor: loading tensor blk.18.attn_v.bias
create_tensor: loading tensor blk.18.attn_output.weight
create_tensor: loading tensor blk.18.ffn_norm.weight
create_tensor: loading tensor blk.18.ffn_gate.weight
create_tensor: loading tensor blk.18.ffn_down.weight
create_tensor: loading tensor blk.18.ffn_up.weight
create_tensor: loading tensor blk.19.attn_norm.weight
create_tensor: loading tensor blk.19.attn_qkv.weight
create_tensor: loading tensor blk.19.attn_q.weight
create_tensor: loading tensor blk.19.attn_k.weight
create_tensor: loading tensor blk.19.attn_v.weight
create_tensor: loading tensor blk.19.attn_q.bias
create_tensor: loading tensor blk.19.attn_k.bias
create_tensor: loading tensor blk.19.attn_v.bias
create_tensor: loading tensor blk.19.attn_output.weight
create_tensor: loading tensor blk.19.ffn_norm.weight
create_tensor: loading tensor blk.19.ffn_gate.weight
create_tensor: loading tensor blk.19.ffn_down.weight
create_tensor: loading tensor blk.19.ffn_up.weight
create_tensor: loading tensor blk.20.attn_norm.weight
create_tensor: loading tensor blk.20.attn_qkv.weight
create_tensor: loading tensor blk.20.attn_q.weight
create_tensor: loading tensor blk.20.attn_k.weight
create_tensor: loading tensor blk.20.attn_v.weight
create_tensor: loading tensor blk.20.attn_q.bias
create_tensor: loading tensor blk.20.attn_k.bias
create_tensor: loading tensor blk.20.attn_v.bias
create_tensor: loading tensor blk.20.attn_output.weight
create_tensor: loading tensor blk.20.ffn_norm.weight
create_tensor: loading tensor blk.20.ffn_gate.weight
create_tensor: loading tensor blk.20.ffn_down.weight
create_tensor: loading tensor blk.20.ffn_up.weight
create_tensor: loading tensor blk.21.attn_norm.weight
create_tensor: loading tensor blk.21.attn_qkv.weight
create_tensor: loading tensor blk.21.attn_q.weight
create_tensor: loading tensor blk.21.attn_k.weight
create_tensor: loading tensor blk.21.attn_v.weight
create_tensor: loading tensor blk.21.attn_q.bias
create_tensor: loading tensor blk.21.attn_k.bias
create_tensor: loading tensor blk.21.attn_v.bias
create_tensor: loading tensor blk.21.attn_output.weight
create_tensor: loading tensor blk.21.ffn_norm.weight
create_tensor: loading tensor blk.21.ffn_gate.weight
create_tensor: loading tensor blk.21.ffn_down.weight
create_tensor: loading tensor blk.21.ffn_up.weight
create_tensor: loading tensor blk.22.attn_norm.weight
create_tensor: loading tensor blk.22.attn_qkv.weight
create_tensor: loading tensor blk.22.attn_q.weight
create_tensor: loading tensor blk.22.attn_k.weight
create_tensor: loading tensor blk.22.attn_v.weight
create_tensor: loading tensor blk.22.attn_q.bias
create_tensor: loading tensor blk.22.attn_k.bias
create_tensor: loading tensor blk.22.attn_v.bias
create_tensor: loading tensor blk.22.attn_output.weight
create_tensor: loading tensor blk.22.ffn_norm.weight
create_tensor: loading tensor blk.22.ffn_gate.weight
create_tensor: loading tensor blk.22.ffn_down.weight
create_tensor: loading tensor blk.22.ffn_up.weight
create_tensor: loading tensor blk.23.attn_norm.weight
create_tensor: loading tensor blk.23.attn_qkv.weight
create_tensor: loading tensor blk.23.attn_q.weight
create_tensor: loading tensor blk.23.attn_k.weight
create_tensor: loading tensor blk.23.attn_v.weight
create_tensor: loading tensor blk.23.attn_q.bias
create_tensor: loading tensor blk.23.attn_k.bias
create_tensor: loading tensor blk.23.attn_v.bias
create_tensor: loading tensor blk.23.attn_output.weight
create_tensor: loading tensor blk.23.ffn_norm.weight
create_tensor: loading tensor blk.23.ffn_gate.weight
create_tensor: loading tensor blk.23.ffn_down.weight
create_tensor: loading tensor blk.23.ffn_up.weight
create_tensor: loading tensor blk.0.attn_q.scale
create_tensor: loading tensor blk.0.attn_k.scale
create_tensor: loading tensor blk.0.attn_v.scale
create_tensor: loading tensor blk.0.attn_output.scale
create_tensor: loading tensor blk.0.ffn_gate.scale
create_tensor: loading tensor blk.0.ffn_down.scale
create_tensor: loading tensor blk.0.ffn_up.scale
create_tensor: loading tensor blk.0.attn_q.input_scale
create_tensor: loading tensor blk.0.attn_k.input_scale
create_tensor: loading tensor blk.0.attn_v.input_scale
create_tensor: loading tensor blk.0.attn_output.input_scale
create_tensor: loading tensor blk.0.ffn_gate.input_scale
create_tensor: loading tensor blk.0.ffn_down.input_scale
create_tensor: loading tensor blk.0.ffn_up.input_scale
create_tensor: loading tensor blk.1.attn_q.scale
create_tensor: loading tensor blk.1.attn_k.scale
create_tensor: loading tensor blk.1.attn_v.scale
create_tensor: loading tensor blk.1.attn_output.scale
create_tensor: loading tensor blk.1.ffn_gate.scale
create_tensor: loading tensor blk.1.ffn_down.scale
create_tensor: loading tensor blk.1.ffn_up.scale
create_tensor: loading tensor blk.1.attn_q.input_scale
create_tensor: loading tensor blk.1.attn_k.input_scale
create_tensor: loading tensor blk.1.attn_v.input_scale
create_tensor: loading tensor blk.1.attn_output.input_scale
create_tensor: loading tensor blk.1.ffn_gate.input_scale
create_tensor: loading tensor blk.1.ffn_down.input_scale
create_tensor: loading tensor blk.1.ffn_up.input_scale
create_tensor: loading tensor blk.2.attn_q.scale
create_tensor: loading tensor blk.2.attn_k.scale
create_tensor: loading tensor blk.2.attn_v.scale
create_tensor: loading tensor blk.2.attn_output.scale
create_tensor: loading tensor blk.2.ffn_gate.scale
create_tensor: loading tensor blk.2.ffn_down.scale
create_tensor: loading tensor blk.2.ffn_up.scale
create_tensor: loading tensor blk.2.attn_q.input_scale
create_tensor: loading tensor blk.2.attn_k.input_scale
create_tensor: loading tensor blk.2.attn_v.input_scale
create_tensor: loading tensor blk.2.attn_output.input_scale
create_tensor: loading tensor blk.2.ffn_gate.input_scale
create_tensor: loading tensor blk.2.ffn_down.input_scale
create_tensor: loading tensor blk.2.ffn_up.input_scale
create_tensor: loading tensor blk.3.attn_q.scale
create_tensor: loading tensor blk.3.attn_k.scale
create_tensor: loading tensor blk.3.attn_v.scale
create_tensor: loading tensor blk.3.attn_output.scale
create_tensor: loading tensor blk.3.ffn_gate.scale
create_tensor: loading tensor blk.3.ffn_down.scale
create_tensor: loading tensor blk.3.ffn_up.scale
create_tensor: loading tensor blk.3.attn_q.input_scale
create_tensor: loading tensor blk.3.attn_k.input_scale
create_tensor: loading tensor blk.3.attn_v.input_scale
create_tensor: loading tensor blk.3.attn_output.input_scale
create_tensor: loading tensor blk.3.ffn_gate.input_scale
create_tensor: loading tensor blk.3.ffn_down.input_scale
create_tensor: loading tensor blk.3.ffn_up.input_scale
create_tensor: loading tensor blk.4.attn_q.scale
create_tensor: loading tensor blk.4.attn_k.scale
create_tensor: loading tensor blk.4.attn_v.scale
create_tensor: loading tensor blk.4.attn_output.scale
create_tensor: loading tensor blk.4.ffn_gate.scale
create_tensor: loading tensor blk.4.ffn_down.scale
create_tensor: loading tensor blk.4.ffn_up.scale
create_tensor: loading tensor blk.4.attn_q.input_scale
create_tensor: loading tensor blk.4.attn_k.input_scale
create_tensor: loading tensor blk.4.attn_v.input_scale
create_tensor: loading tensor blk.4.attn_output.input_scale
create_tensor: loading tensor blk.4.ffn_gate.input_scale
create_tensor: loading tensor blk.4.ffn_down.input_scale
create_tensor: loading tensor blk.4.ffn_up.input_scale
create_tensor: loading tensor blk.5.attn_q.scale
create_tensor: loading tensor blk.5.attn_k.scale
create_tensor: loading tensor blk.5.attn_v.scale
create_tensor: loading tensor blk.5.attn_output.scale
create_tensor: loading tensor blk.5.ffn_gate.scale
create_tensor: loading tensor blk.5.ffn_down.scale
create_tensor: loading tensor blk.5.ffn_up.scale
create_tensor: loading tensor blk.5.attn_q.input_scale
create_tensor: loading tensor blk.5.attn_k.input_scale
create_tensor: loading tensor blk.5.attn_v.input_scale
create_tensor: loading tensor blk.5.attn_output.input_scale
create_tensor: loading tensor blk.5.ffn_gate.input_scale
create_tensor: loading tensor blk.5.ffn_down.input_scale
create_tensor: loading tensor blk.5.ffn_up.input_scale
create_tensor: loading tensor blk.6.attn_q.scale
create_tensor: loading tensor blk.6.attn_k.scale
create_tensor: loading tensor blk.6.attn_v.scale
create_tensor: loading tensor blk.6.attn_output.scale
create_tensor: loading tensor blk.6.ffn_gate.scale
create_tensor: loading tensor blk.6.ffn_down.scale
create_tensor: loading tensor blk.6.ffn_up.scale
create_tensor: loading tensor blk.6.attn_q.input_scale
create_tensor: loading tensor blk.6.attn_k.input_scale
create_tensor: loading tensor blk.6.attn_v.input_scale
create_tensor: loading tensor blk.6.attn_output.input_scale
create_tensor: loading tensor blk.6.ffn_gate.input_scale
create_tensor: loading tensor blk.6.ffn_down.input_scale
create_tensor: loading tensor blk.6.ffn_up.input_scale
create_tensor: loading tensor blk.7.attn_q.scale
create_tensor: loading tensor blk.7.attn_k.scale
create_tensor: loading tensor blk.7.attn_v.scale
create_tensor: loading tensor blk.7.attn_output.scale
create_tensor: loading tensor blk.7.ffn_gate.scale
create_tensor: loading tensor blk.7.ffn_down.scale
create_tensor: loading tensor blk.7.ffn_up.scale
create_tensor: loading tensor blk.7.attn_q.input_scale
create_tensor: loading tensor blk.7.attn_k.input_scale
create_tensor: loading tensor blk.7.attn_v.input_scale
create_tensor: loading tensor blk.7.attn_output.input_scale
create_tensor: loading tensor blk.7.ffn_gate.input_scale
create_tensor: loading tensor blk.7.ffn_down.input_scale
create_tensor: loading tensor blk.7.ffn_up.input_scale
create_tensor: loading tensor blk.8.attn_q.scale
create_tensor: loading tensor blk.8.attn_k.scale
create_tensor: loading tensor blk.8.attn_v.scale
create_tensor: loading tensor blk.8.attn_output.scale
create_tensor: loading tensor blk.8.ffn_gate.scale
create_tensor: loading tensor blk.8.ffn_down.scale
create_tensor: loading tensor blk.8.ffn_up.scale
create_tensor: loading tensor blk.8.attn_q.input_scale
create_tensor: loading tensor blk.8.attn_k.input_scale
create_tensor: loading tensor blk.8.attn_v.input_scale
create_tensor: loading tensor blk.8.attn_output.input_scale
create_tensor: loading tensor blk.8.ffn_gate.input_scale
create_tensor: loading tensor blk.8.ffn_down.input_scale
create_tensor: loading tensor blk.8.ffn_up.input_scale
create_tensor: loading tensor blk.9.attn_q.scale
create_tensor: loading tensor blk.9.attn_k.scale
create_tensor: loading tensor blk.9.attn_v.scale
create_tensor: loading tensor blk.9.attn_output.scale
create_tensor: loading tensor blk.9.ffn_gate.scale
create_tensor: loading tensor blk.9.ffn_down.scale
create_tensor: loading tensor blk.9.ffn_up.scale
create_tensor: loading tensor blk.9.attn_q.input_scale
create_tensor: loading tensor blk.9.attn_k.input_scale
create_tensor: loading tensor blk.9.attn_v.input_scale
create_tensor: loading tensor blk.9.attn_output.input_scale
create_tensor: loading tensor blk.9.ffn_gate.input_scale
create_tensor: loading tensor blk.9.ffn_down.input_scale
create_tensor: loading tensor blk.9.ffn_up.input_scale
create_tensor: loading tensor blk.10.attn_q.scale
create_tensor: loading tensor blk.10.attn_k.scale
create_tensor: loading tensor blk.10.attn_v.scale
create_tensor: loading tensor blk.10.attn_output.scale
create_tensor: loading tensor blk.10.ffn_gate.scale
create_tensor: loading tensor blk.10.ffn_down.scale
create_tensor: loading tensor blk.10.ffn_up.scale
create_tensor: loading tensor blk.10.attn_q.input_scale
create_tensor: loading tensor blk.10.attn_k.input_scale
create_tensor: loading tensor blk.10.attn_v.input_scale
create_tensor: loading tensor blk.10.attn_output.input_scale
create_tensor: loading tensor blk.10.ffn_gate.input_scale
create_tensor: loading tensor blk.10.ffn_down.input_scale
create_tensor: loading tensor blk.10.ffn_up.input_scale
create_tensor: loading tensor blk.11.attn_q.scale
create_tensor: loading tensor blk.11.attn_k.scale
create_tensor: loading tensor blk.11.attn_v.scale
create_tensor: loading tensor blk.11.attn_output.scale
create_tensor: loading tensor blk.11.ffn_gate.scale
create_tensor: loading tensor blk.11.ffn_down.scale
create_tensor: loading tensor blk.11.ffn_up.scale
create_tensor: loading tensor blk.11.attn_q.input_scale
create_tensor: loading tensor blk.11.attn_k.input_scale
create_tensor: loading tensor blk.11.attn_v.input_scale
create_tensor: loading tensor blk.11.attn_output.input_scale
create_tensor: loading tensor blk.11.ffn_gate.input_scale
create_tensor: loading tensor blk.11.ffn_down.input_scale
create_tensor: loading tensor blk.11.ffn_up.input_scale
create_tensor: loading tensor blk.12.attn_q.scale
create_tensor: loading tensor blk.12.attn_k.scale
create_tensor: loading tensor blk.12.attn_v.scale
create_tensor: loading tensor blk.12.attn_output.scale
create_tensor: loading tensor blk.12.ffn_gate.scale
create_tensor: loading tensor blk.12.ffn_down.scale
create_tensor: loading tensor blk.12.ffn_up.scale
create_tensor: loading tensor blk.12.attn_q.input_scale
create_tensor: loading tensor blk.12.attn_k.input_scale
create_tensor: loading tensor blk.12.attn_v.input_scale
create_tensor: loading tensor blk.12.attn_output.input_scale
create_tensor: loading tensor blk.12.ffn_gate.input_scale
create_tensor: loading tensor blk.12.ffn_down.input_scale
create_tensor: loading tensor blk.12.ffn_up.input_scale
create_tensor: loading tensor blk.13.attn_q.scale
create_tensor: loading tensor blk.13.attn_k.scale
create_tensor: loading tensor blk.13.attn_v.scale
create_tensor: loading tensor blk.13.attn_output.scale
create_tensor: loading tensor blk.13.ffn_gate.scale
create_tensor: loading tensor blk.13.ffn_down.scale
create_tensor: loading tensor blk.13.ffn_up.scale
create_tensor: loading tensor blk.13.attn_q.input_scale
create_tensor: loading tensor blk.13.attn_k.input_scale
create_tensor: loading tensor blk.13.attn_v.input_scale
create_tensor: loading tensor blk.13.attn_output.input_scale
create_tensor: loading tensor blk.13.ffn_gate.input_scale
create_tensor: loading tensor blk.13.ffn_down.input_scale
create_tensor: loading tensor blk.13.ffn_up.input_scale
create_tensor: loading tensor blk.14.attn_q.scale
create_tensor: loading tensor blk.14.attn_k.scale
create_tensor: loading tensor blk.14.attn_v.scale
create_tensor: loading tensor blk.14.attn_output.scale
create_tensor: loading tensor blk.14.ffn_gate.scale
create_tensor: loading tensor blk.14.ffn_down.scale
create_tensor: loading tensor blk.14.ffn_up.scale
create_tensor: loading tensor blk.14.attn_q.input_scale
create_tensor: loading tensor blk.14.attn_k.input_scale
create_tensor: loading tensor blk.14.attn_v.input_scale
create_tensor: loading tensor blk.14.attn_output.input_scale
create_tensor: loading tensor blk.14.ffn_gate.input_scale
create_tensor: loading tensor blk.14.ffn_down.input_scale
create_tensor: loading tensor blk.14.ffn_up.input_scale
create_tensor: loading tensor blk.15.attn_q.scale
create_tensor: loading tensor blk.15.attn_k.scale
create_tensor: loading tensor blk.15.attn_v.scale
create_tensor: loading tensor blk.15.attn_output.scale
create_tensor: loading tensor blk.15.ffn_gate.scale
create_tensor: loading tensor blk.15.ffn_down.scale
create_tensor: loading tensor blk.15.ffn_up.scale
create_tensor: loading tensor blk.15.attn_q.input_scale
create_tensor: loading tensor blk.15.attn_k.input_scale
create_tensor: loading tensor blk.15.attn_v.input_scale
create_tensor: loading tensor blk.15.attn_output.input_scale
create_tensor: loading tensor blk.15.ffn_gate.input_scale
create_tensor: loading tensor blk.15.ffn_down.input_scale
create_tensor: loading tensor blk.15.ffn_up.input_scale
create_tensor: loading tensor blk.16.attn_q.scale
create_tensor: loading tensor blk.16.attn_k.scale
create_tensor: loading tensor blk.16.attn_v.scale
create_tensor: loading tensor blk.16.attn_output.scale
create_tensor: loading tensor blk.16.ffn_gate.scale
create_tensor: loading tensor blk.16.ffn_down.scale
create_tensor: loading tensor blk.16.ffn_up.scale
create_tensor: loading tensor blk.16.attn_q.input_scale
create_tensor: loading tensor blk.16.attn_k.input_scale
create_tensor: loading tensor blk.16.attn_v.input_scale
create_tensor: loading tensor blk.16.attn_output.input_scale
create_tensor: loading tensor blk.16.ffn_gate.input_scale
create_tensor: loading tensor blk.16.ffn_down.input_scale
create_tensor: loading tensor blk.16.ffn_up.input_scale
create_tensor: loading tensor blk.17.attn_q.scale
create_tensor: loading tensor blk.17.attn_k.scale
create_tensor: loading tensor blk.17.attn_v.scale
create_tensor: loading tensor blk.17.attn_output.scale
create_tensor: loading tensor blk.17.ffn_gate.scale
create_tensor: loading tensor blk.17.ffn_down.scale
create_tensor: loading tensor blk.17.ffn_up.scale
create_tensor: loading tensor blk.17.attn_q.input_scale
create_tensor: loading tensor blk.17.attn_k.input_scale
create_tensor: loading tensor blk.17.attn_v.input_scale
create_tensor: loading tensor blk.17.attn_output.input_scale
create_tensor: loading tensor blk.17.ffn_gate.input_scale
create_tensor: loading tensor blk.17.ffn_down.input_scale
create_tensor: loading tensor blk.17.ffn_up.input_scale
create_tensor: loading tensor blk.18.attn_q.scale
create_tensor: loading tensor blk.18.attn_k.scale
create_tensor: loading tensor blk.18.attn_v.scale
create_tensor: loading tensor blk.18.attn_output.scale
create_tensor: loading tensor blk.18.ffn_gate.scale
create_tensor: loading tensor blk.18.ffn_down.scale
create_tensor: loading tensor blk.18.ffn_up.scale
create_tensor: loading tensor blk.18.attn_q.input_scale
create_tensor: loading tensor blk.18.attn_k.input_scale
create_tensor: loading tensor blk.18.attn_v.input_scale
create_tensor: loading tensor blk.18.attn_output.input_scale
create_tensor: loading tensor blk.18.ffn_gate.input_scale
create_tensor: loading tensor blk.18.ffn_down.input_scale
create_tensor: loading tensor blk.18.ffn_up.input_scale
create_tensor: loading tensor blk.19.attn_q.scale
create_tensor: loading tensor blk.19.attn_k.scale
create_tensor: loading tensor blk.19.attn_v.scale
create_tensor: loading tensor blk.19.attn_output.scale
create_tensor: loading tensor blk.19.ffn_gate.scale
create_tensor: loading tensor blk.19.ffn_down.scale
create_tensor: loading tensor blk.19.ffn_up.scale
create_tensor: loading tensor blk.19.attn_q.input_scale
create_tensor: loading tensor blk.19.attn_k.input_scale
create_tensor: loading tensor blk.19.attn_v.input_scale
create_tensor: loading tensor blk.19.attn_output.input_scale
create_tensor: loading tensor blk.19.ffn_gate.input_scale
create_tensor: loading tensor blk.19.ffn_down.input_scale
create_tensor: loading tensor blk.19.ffn_up.input_scale
create_tensor: loading tensor blk.20.attn_q.scale
create_tensor: loading tensor blk.20.attn_k.scale
create_tensor: loading tensor blk.20.attn_v.scale
create_tensor: loading tensor blk.20.attn_output.scale
create_tensor: loading tensor blk.20.ffn_gate.scale
create_tensor: loading tensor blk.20.ffn_down.scale
create_tensor: loading tensor blk.20.ffn_up.scale
create_tensor: loading tensor blk.20.attn_q.input_scale
create_tensor: loading tensor blk.20.attn_k.input_scale
create_tensor: loading tensor blk.20.attn_v.input_scale
create_tensor: loading tensor blk.20.attn_output.input_scale
create_tensor: loading tensor blk.20.ffn_gate.input_scale
create_tensor: loading tensor blk.20.ffn_down.input_scale
create_tensor: loading tensor blk.20.ffn_up.input_scale
create_tensor: loading tensor blk.21.attn_q.scale
create_tensor: loading tensor blk.21.attn_k.scale
create_tensor: loading tensor blk.21.attn_v.scale
create_tensor: loading tensor blk.21.attn_output.scale
create_tensor: loading tensor blk.21.ffn_gate.scale
create_tensor: loading tensor blk.21.ffn_down.scale
create_tensor: loading tensor blk.21.ffn_up.scale
create_tensor: loading tensor blk.21.attn_q.input_scale
create_tensor: loading tensor blk.21.attn_k.input_scale
create_tensor: loading tensor blk.21.attn_v.input_scale
create_tensor: loading tensor blk.21.attn_output.input_scale
create_tensor: loading tensor blk.21.ffn_gate.input_scale
create_tensor: loading tensor blk.21.ffn_down.input_scale
create_tensor: loading tensor blk.21.ffn_up.input_scale
create_tensor: loading tensor blk.22.attn_q.scale
create_tensor: loading tensor blk.22.attn_k.scale
create_tensor: loading tensor blk.22.attn_v.scale
create_tensor: loading tensor blk.22.attn_output.scale
create_tensor: loading tensor blk.22.ffn_gate.scale
create_tensor: loading tensor blk.22.ffn_down.scale
create_tensor: loading tensor blk.22.ffn_up.scale
create_tensor: loading tensor blk.22.attn_q.input_scale
create_tensor: loading tensor blk.22.attn_k.input_scale
create_tensor: loading tensor blk.22.attn_v.input_scale
create_tensor: loading tensor blk.22.attn_output.input_scale
create_tensor: loading tensor blk.22.ffn_gate.input_scale
create_tensor: loading tensor blk.22.ffn_down.input_scale
create_tensor: loading tensor blk.22.ffn_up.input_scale
create_tensor: loading tensor blk.23.attn_q.scale
create_tensor: loading tensor blk.23.attn_k.scale
create_tensor: loading tensor blk.23.attn_v.scale
create_tensor: loading tensor blk.23.attn_output.scale
create_tensor: loading tensor blk.23.ffn_gate.scale
create_tensor: loading tensor blk.23.ffn_down.scale
create_tensor: loading tensor blk.23.ffn_up.scale
create_tensor: loading tensor blk.23.attn_q.input_scale
create_tensor: loading tensor blk.23.attn_k.input_scale
create_tensor: loading tensor blk.23.attn_v.input_scale
create_tensor: loading tensor blk.23.attn_output.input_scale
create_tensor: loading tensor blk.23.ffn_gate.input_scale
create_tensor: loading tensor blk.23.ffn_down.input_scale
create_tensor: loading tensor blk.23.ffn_up.input_scale
done_getting_tensors: tensor 'token_embd.weight' (q4_0) (and 0 others) cannot be used with preferred buffer type CPU_REPACK, using CPU instead
ggml_metal_log_allocated_size: allocated buffer, size =   403.20 MiB, (  403.64 / 24576.00)
load_tensors: offloading output layer to GPU
load_tensors: offloading 23 repeating layers to GPU
load_tensors: offloaded 25/25 layers to GPU
load_tensors:   CPU_Mapped model buffer size =    73.03 MiB
load_tensors:  MTL0_Mapped model buffer size =   403.20 MiB
..................................................
llama_context: constructing llama_context
llama_context: n_seq_max             = 1
llama_context: n_ctx                 = 4096
llama_context: n_ctx_seq             = 4096
llama_context: n_batch               = 2048
llama_context: n_ubatch              = 512
llama_context: causal_attn           = 1
llama_context: flash_attn            = enabled
llama_context: kv_unified            = false
llama_context: freq_base             = 1000000.0
llama_context: freq_scale            = 1
llama_context: n_rs_seq              = 0
llama_context: n_outputs_max         = 2048
llama_context: n_outputs_max_per_seq = 1
llama_context: n_ctx_seq (4096) < n_ctx_train (32768) -- the full capacity of the model will not be utilized
ggml_metal_init: allocating
ggml_metal_init: found device: Apple M5
ggml_metal_init: picking default device: Apple M5
ggml_metal_init: use fusion         = true
ggml_metal_init: use concurrency    = true
ggml_metal_init: use graph optimize = true
set_abort_callback: call
llama_context:        CPU  output buffer size =     0.58 MiB
llama_kv_cache: layer   0: dev = MTL0
llama_kv_cache: layer   1: dev = MTL0
llama_kv_cache: layer   2: dev = MTL0
llama_kv_cache: layer   3: dev = MTL0
llama_kv_cache: layer   4: dev = MTL0
llama_kv_cache: layer   5: dev = MTL0
llama_kv_cache: layer   6: dev = MTL0
llama_kv_cache: layer   7: dev = MTL0
llama_kv_cache: layer   8: dev = MTL0
llama_kv_cache: layer   9: dev = MTL0
llama_kv_cache: layer  10: dev = MTL0
llama_kv_cache: layer  11: dev = MTL0
llama_kv_cache: layer  12: dev = MTL0
llama_kv_cache: layer  13: dev = MTL0
llama_kv_cache: layer  14: dev = MTL0
llama_kv_cache: layer  15: dev = MTL0
llama_kv_cache: layer  16: dev = MTL0
llama_kv_cache: layer  17: dev = MTL0
llama_kv_cache: layer  18: dev = MTL0
llama_kv_cache: layer  19: dev = MTL0
llama_kv_cache: layer  20: dev = MTL0
llama_kv_cache: layer  21: dev = MTL0
llama_kv_cache: layer  22: dev = MTL0
llama_kv_cache: layer  23: dev = MTL0
llama_kv_cache:       MTL0 KV buffer size =    48.00 MiB
llama_kv_cache: size =   48.00 MiB (  4096 cells,  24 layers,  1/1 seqs), K (bf16):   24.00 MiB, V (bf16):   24.00 MiB
llama_kv_cache: attn_rot_k = 0, n_embd_head_k_all = 64
llama_kv_cache: attn_rot_v = 0, n_embd_head_k_all = 64
llama_context: enumerating backends
llama_context: backend_ptrs.size() = 3
sched_reserve: reserving ...
sched_reserve: max_nodes = 2328
sched_reserve: reserving full memory module
sched_reserve: worst-case: n_tokens = 512, n_seqs = 1, n_outputs = 1
resolve_fused_ops: resolving fused DeepSeek V4 HC support:
graph_reserve: reserving a graph for ubatch with n_tokens =    1, n_seqs =  1, n_outputs =    1
llama_graph_n_input_tensors: input tensor '                         out_ids' [i32, ne = {     1,     1,     1,     1 }] is used by node 'node_809' (GET_ROWS)
llama_graph_n_input_tensors: input tensor '                         out_ids' [i32, ne = {     1,     1,     1,     1 }] is used by node 'node_810' (GET_ROWS)
llama_graph_n_input_tensors: input tensor '                attn_inp_kq_mask' [f16, ne = {  4096,     1,     1,     1 }] is used by node 'node_24' (FLASH_ATTN_EXT)
llama_graph_n_input_tensors: input tensor '                attn_inp_kq_mask' [f16, ne = {  4096,     1,     1,     1 }] is used by node 'node_58' (FLASH_ATTN_EXT)
llama_graph_n_input_tensors: input tensor '                attn_inp_kq_mask' [f16, ne = {  4096,     1,     1,     1 }] is used by node 'node_92' (FLASH_ATTN_EXT)
llama_graph_n_input_tensors: input tensor '                attn_inp_kq_mask' [f16, ne = {  4096,     1,     1,     1 }] is used by node 'node_126' (FLASH_ATTN_EXT)
llama_graph_n_input_tensors: input tensor '                attn_inp_kq_mask' [f16, ne = {  4096,     1,     1,     1 }] is used by node 'node_160' (FLASH_ATTN_EXT)
llama_graph_n_input_tensors: input tensor '                attn_inp_kq_mask' [f16, ne = {  4096,     1,     1,     1 }] is used by node 'node_194' (FLASH_ATTN_EXT)
llama_graph_n_input_tensors: input tensor '                attn_inp_kq_mask' [f16, ne = {  4096,     1,     1,     1 }] is used by node 'node_228' (FLASH_ATTN_EXT)
llama_graph_n_input_tensors: input tensor '                attn_inp_kq_mask' [f16, ne = {  4096,     1,     1,     1 }] is used by node 'node_262' (FLASH_ATTN_EXT)
llama_graph_n_input_tensors: input tensor '                attn_inp_kq_mask' [f16, ne = {  4096,     1,     1,     1 }] is used by node 'node_296' (FLASH_ATTN_EXT)
llama_graph_n_input_tensors: input tensor '                attn_inp_kq_mask' [f16, ne = {  4096,     1,     1,     1 }] is used by node 'node_330' (FLASH_ATTN_EXT)
llama_graph_n_input_tensors: input tensor '                attn_inp_kq_mask' [f16, ne = {  4096,     1,     1,     1 }] is used by node 'node_364' (FLASH_ATTN_EXT)
llama_graph_n_input_tensors: input tensor '                attn_inp_kq_mask' [f16, ne = {  4096,     1,     1,     1 }] is used by node 'node_398' (FLASH_ATTN_EXT)
llama_graph_n_input_tensors: input tensor '                attn_inp_kq_mask' [f16, ne = {  4096,     1,     1,     1 }] is used by node 'node_432' (FLASH_ATTN_EXT)
llama_graph_n_input_tensors: input tensor '                attn_inp_kq_mask' [f16, ne = {  4096,     1,     1,     1 }] is used by node 'node_466' (FLASH_ATTN_EXT)
llama_graph_n_input_tensors: input tensor '                attn_inp_kq_mask' [f16, ne = {  4096,     1,     1,     1 }] is used by node 'node_500' (FLASH_ATTN_EXT)
llama_graph_n_input_tensors: input tensor '                attn_inp_kq_mask' [f16, ne = {  4096,     1,     1,     1 }] is used by node 'node_534' (FLASH_ATTN_EXT)
llama_graph_n_input_tensors: input tensor '                attn_inp_kq_mask' [f16, ne = {  4096,     1,     1,     1 }] is used by node 'node_568' (FLASH_ATTN_EXT)
llama_graph_n_input_tensors: input tensor '                attn_inp_kq_mask' [f16, ne = {  4096,     1,     1,     1 }] is used by node 'node_602' (FLASH_ATTN_EXT)
llama_graph_n_input_tensors: input tensor '                attn_inp_kq_mask' [f16, ne = {  4096,     1,     1,     1 }] is used by node 'node_636' (FLASH_ATTN_EXT)
llama_graph_n_input_tensors: input tensor '                attn_inp_kq_mask' [f16, ne = {  4096,     1,     1,     1 }] is used by node 'node_670' (FLASH_ATTN_EXT)
llama_graph_n_input_tensors: input tensor '                attn_inp_kq_mask' [f16, ne = {  4096,     1,     1,     1 }] is used by node 'node_704' (FLASH_ATTN_EXT)
llama_graph_n_input_tensors: input tensor '                attn_inp_kq_mask' [f16, ne = {  4096,     1,     1,     1 }] is used by node 'node_738' (FLASH_ATTN_EXT)
llama_graph_n_input_tensors: input tensor '                attn_inp_kq_mask' [f16, ne = {  4096,     1,     1,     1 }] is used by node 'node_772' (FLASH_ATTN_EXT)
llama_graph_n_input_tensors: input tensor '                attn_inp_kq_mask' [f16, ne = {  4096,     1,     1,     1 }] is used by node 'node_806' (FLASH_ATTN_EXT)
llama_graph_n_input_tensors: input tensor '                 attn_inp_v_idxs' [i64, ne = {     1,     1,     1,     1 }] is used by node 'cache_v_l0 (view)' (SET_ROWS)
llama_graph_n_input_tensors: input tensor '                 attn_inp_v_idxs' [i64, ne = {     1,     1,     1,     1 }] is used by node 'cache_v_l1 (view)' (SET_ROWS)
llama_graph_n_input_tensors: input tensor '                 attn_inp_v_idxs' [i64, ne = {     1,     1,     1,     1 }] is used by node 'cache_v_l2 (view)' (SET_ROWS)
llama_graph_n_input_tensors: input tensor '                 attn_inp_v_idxs' [i64, ne = {     1,     1,     1,     1 }] is used by node 'cache_v_l3 (view)' (SET_ROWS)
llama_graph_n_input_tensors: input tensor '                 attn_inp_v_idxs' [i64, ne = {     1,     1,     1,     1 }] is used by node 'cache_v_l4 (view)' (SET_ROWS)
llama_graph_n_input_tensors: input tensor '                 attn_inp_v_idxs' [i64, ne = {     1,     1,     1,     1 }] is used by node 'cache_v_l5 (view)' (SET_ROWS)
llama_graph_n_input_tensors: input tensor '                 attn_inp_v_idxs' [i64, ne = {     1,     1,     1,     1 }] is used by node 'cache_v_l6 (view)' (SET_ROWS)
llama_graph_n_input_tensors: input tensor '                 attn_inp_v_idxs' [i64, ne = {     1,     1,     1,     1 }] is used by node 'cache_v_l7 (view)' (SET_ROWS)
llama_graph_n_input_tensors: input tensor '                 attn_inp_v_idxs' [i64, ne = {     1,     1,     1,     1 }] is used by node 'cache_v_l8 (view)' (SET_ROWS)
llama_graph_n_input_tensors: input tensor '                 attn_inp_v_idxs' [i64, ne = {     1,     1,     1,     1 }] is used by node 'cache_v_l9 (view)' (SET_ROWS)
llama_graph_n_input_tensors: input tensor '                 attn_inp_v_idxs' [i64, ne = {     1,     1,     1,     1 }] is used by node 'cache_v_l10 (view)' (SET_ROWS)
llama_graph_n_input_tensors: input tensor '                 attn_inp_v_idxs' [i64, ne = {     1,     1,     1,     1 }] is used by node 'cache_v_l11 (view)' (SET_ROWS)
llama_graph_n_input_tensors: input tensor '                 attn_inp_v_idxs' [i64, ne = {     1,     1,     1,     1 }] is used by node 'cache_v_l12 (view)' (SET_ROWS)
llama_graph_n_input_tensors: input tensor '                 attn_inp_v_idxs' [i64, ne = {     1,     1,     1,     1 }] is used by node 'cache_v_l13 (view)' (SET_ROWS)
llama_graph_n_input_tensors: input tensor '                 attn_inp_v_idxs' [i64, ne = {     1,     1,     1,     1 }] is used by node 'cache_v_l14 (view)' (SET_ROWS)
llama_graph_n_input_tensors: input tensor '                 attn_inp_v_idxs' [i64, ne = {     1,     1,     1,     1 }] is used by node 'cache_v_l15 (view)' (SET_ROWS)
llama_graph_n_input_tensors: input tensor '                 attn_inp_v_idxs' [i64, ne = {     1,     1,     1,     1 }] is used by node 'cache_v_l16 (view)' (SET_ROWS)
llama_graph_n_input_tensors: input tensor '                 attn_inp_v_idxs' [i64, ne = {     1,     1,     1,     1 }] is used by node 'cache_v_l17 (view)' (SET_ROWS)
llama_graph_n_input_tensors: input tensor '                 attn_inp_v_idxs' [i64, ne = {     1,     1,     1,     1 }] is used by node 'cache_v_l18 (view)' (SET_ROWS)
llama_graph_n_input_tensors: input tensor '                 attn_inp_v_idxs' [i64, ne = {     1,     1,     1,     1 }] is used by node 'cache_v_l19 (view)' (SET_ROWS)
llama_graph_n_input_tensors: input tensor '                 attn_inp_v_idxs' [i64, ne = {     1,     1,     1,     1 }] is used by node 'cache_v_l20 (view)' (SET_ROWS)
llama_graph_n_input_tensors: input tensor '                 attn_inp_v_idxs' [i64, ne = {     1,     1,     1,     1 }] is used by node 'cache_v_l21 (view)' (SET_ROWS)
llama_graph_n_input_tensors: input tensor '                 attn_inp_v_idxs' [i64, ne = {     1,     1,     1,     1 }] is used by node 'cache_v_l22 (view)' (SET_ROWS)
llama_graph_n_input_tensors: input tensor '                 attn_inp_v_idxs' [i64, ne = {     1,     1,     1,     1 }] is used by node 'cache_v_l23 (view)' (SET_ROWS)
llama_graph_n_input_tensors: input tensor '                      inp_tokens' [i32, ne = {     1,     1,     1,     1 }] is used by node 'embd' (GET_ROWS)
llama_graph_n_input_tensors: input tensor '                 attn_inp_k_idxs' [i64, ne = {     1,     1,     1,     1 }] is used by node 'cache_k_l0 (view)' (SET_ROWS)
llama_graph_n_input_tensors: input tensor '                 attn_inp_k_idxs' [i64, ne = {     1,     1,     1,     1 }] is used by node 'cache_k_l1 (view)' (SET_ROWS)
llama_graph_n_input_tensors: input tensor '                 attn_inp_k_idxs' [i64, ne = {     1,     1,     1,     1 }] is used by node 'cache_k_l2 (view)' (SET_ROWS)
llama_graph_n_input_tensors: input tensor '                 attn_inp_k_idxs' [i64, ne = {     1,     1,     1,     1 }] is used by node 'cache_k_l3 (view)' (SET_ROWS)
llama_graph_n_input_tensors: input tensor '                 attn_inp_k_idxs' [i64, ne = {     1,     1,     1,     1 }] is used by node 'cache_k_l4 (view)' (SET_ROWS)
llama_graph_n_input_tensors: input tensor '                 attn_inp_k_idxs' [i64, ne = {     1,     1,     1,     1 }] is used by node 'cache_k_l5 (view)' (SET_ROWS)
llama_graph_n_input_tensors: input tensor '                 attn_inp_k_idxs' [i64, ne = {     1,     1,     1,     1 }] is used by node 'cache_k_l6 (view)' (SET_ROWS)
llama_graph_n_input_tensors: input tensor '                 attn_inp_k_idxs' [i64, ne = {     1,     1,     1,     1 }] is used by node 'cache_k_l7 (view)' (SET_ROWS)
llama_graph_n_input_tensors: input tensor '                 attn_inp_k_idxs' [i64, ne = {     1,     1,     1,     1 }] is used by node 'cache_k_l8 (view)' (SET_ROWS)
llama_graph_n_input_tensors: input tensor '                 attn_inp_k_idxs' [i64, ne = {     1,     1,     1,     1 }] is used by node 'cache_k_l9 (view)' (SET_ROWS)
llama_graph_n_input_tensors: input tensor '                 attn_inp_k_idxs' [i64, ne = {     1,     1,     1,     1 }] is used by node 'cache_k_l10 (view)' (SET_ROWS)
llama_graph_n_input_tensors: input tensor '                 attn_inp_k_idxs' [i64, ne = {     1,     1,     1,     1 }] is used by node 'cache_k_l11 (view)' (SET_ROWS)
llama_graph_n_input_tensors: input tensor '                 attn_inp_k_idxs' [i64, ne = {     1,     1,     1,     1 }] is used by node 'cache_k_l12 (view)' (SET_ROWS)
llama_graph_n_input_tensors: input tensor '                 attn_inp_k_idxs' [i64, ne = {     1,     1,     1,     1 }] is used by node 'cache_k_l13 (view)' (SET_ROWS)
llama_graph_n_input_tensors: input tensor '                 attn_inp_k_idxs' [i64, ne = {     1,     1,     1,     1 }] is used by node 'cache_k_l14 (view)' (SET_ROWS)
llama_graph_n_input_tensors: input tensor '                 attn_inp_k_idxs' [i64, ne = {     1,     1,     1,     1 }] is used by node 'cache_k_l15 (view)' (SET_ROWS)
llama_graph_n_input_tensors: input tensor '                 attn_inp_k_idxs' [i64, ne = {     1,     1,     1,     1 }] is used by node 'cache_k_l16 (view)' (SET_ROWS)
llama_graph_n_input_tensors: input tensor '                 attn_inp_k_idxs' [i64, ne = {     1,     1,     1,     1 }] is used by node 'cache_k_l17 (view)' (SET_ROWS)
llama_graph_n_input_tensors: input tensor '                 attn_inp_k_idxs' [i64, ne = {     1,     1,     1,     1 }] is used by node 'cache_k_l18 (view)' (SET_ROWS)
llama_graph_n_input_tensors: input tensor '                 attn_inp_k_idxs' [i64, ne = {     1,     1,     1,     1 }] is used by node 'cache_k_l19 (view)' (SET_ROWS)
llama_graph_n_input_tensors: input tensor '                 attn_inp_k_idxs' [i64, ne = {     1,     1,     1,     1 }] is used by node 'cache_k_l20 (view)' (SET_ROWS)
llama_graph_n_input_tensors: input tensor '                 attn_inp_k_idxs' [i64, ne = {     1,     1,     1,     1 }] is used by node 'cache_k_l21 (view)' (SET_ROWS)
llama_graph_n_input_tensors: input tensor '                 attn_inp_k_idxs' [i64, ne = {     1,     1,     1,     1 }] is used by node 'cache_k_l22 (view)' (SET_ROWS)
llama_graph_n_input_tensors: input tensor '                 attn_inp_k_idxs' [i64, ne = {     1,     1,     1,     1 }] is used by node 'cache_k_l23 (view)' (SET_ROWS)
llama_graph_n_input_tensors: input tensor '                         inp_pos' [i32, ne = {     1,     1,     1,     1 }] is used by node 'Qcur-0' (ROPE)
llama_graph_n_input_tensors: input tensor '                         inp_pos' [i32, ne = {     1,     1,     1,     1 }] is used by node 'Kcur-0' (ROPE)
llama_graph_n_input_tensors: input tensor '                         inp_pos' [i32, ne = {     1,     1,     1,     1 }] is used by node 'Qcur-1' (ROPE)
llama_graph_n_input_tensors: input tensor '                         inp_pos' [i32, ne = {     1,     1,     1,     1 }] is used by node 'Kcur-1' (ROPE)
llama_graph_n_input_tensors: input tensor '                         inp_pos' [i32, ne = {     1,     1,     1,     1 }] is used by node 'Qcur-2' (ROPE)
llama_graph_n_input_tensors: input tensor '                         inp_pos' [i32, ne = {     1,     1,     1,     1 }] is used by node 'Kcur-2' (ROPE)
llama_graph_n_input_tensors: input tensor '                         inp_pos' [i32, ne = {     1,     1,     1,     1 }] is used by node 'Qcur-3' (ROPE)
llama_graph_n_input_tensors: input tensor '                         inp_pos' [i32, ne = {     1,     1,     1,     1 }] is used by node 'Kcur-3' (ROPE)
llama_graph_n_input_tensors: input tensor '                         inp_pos' [i32, ne = {     1,     1,     1,     1 }] is used by node 'Qcur-4' (ROPE)
llama_graph_n_input_tensors: input tensor '                         inp_pos' [i32, ne = {     1,     1,     1,     1 }] is used by node 'Kcur-4' (ROPE)
llama_graph_n_input_tensors: input tensor '                         inp_pos' [i32, ne = {     1,     1,     1,     1 }] is used by node 'Qcur-5' (ROPE)
llama_graph_n_input_tensors: input tensor '                         inp_pos' [i32, ne = {     1,     1,     1,     1 }] is used by node 'Kcur-5' (ROPE)
llama_graph_n_input_tensors: input tensor '                         inp_pos' [i32, ne = {     1,     1,     1,     1 }] is used by node 'Qcur-6' (ROPE)
llama_graph_n_input_tensors: input tensor '                         inp_pos' [i32, ne = {     1,     1,     1,     1 }] is used by node 'Kcur-6' (ROPE)
llama_graph_n_input_tensors: input tensor '                         inp_pos' [i32, ne = {     1,     1,     1,     1 }] is used by node 'Qcur-7' (ROPE)
llama_graph_n_input_tensors: input tensor '                         inp_pos' [i32, ne = {     1,     1,     1,     1 }] is used by node 'Kcur-7' (ROPE)
llama_graph_n_input_tensors: input tensor '                         inp_pos' [i32, ne = {     1,     1,     1,     1 }] is used by node 'Qcur-8' (ROPE)
llama_graph_n_input_tensors: input tensor '                         inp_pos' [i32, ne = {     1,     1,     1,     1 }] is used by node 'Kcur-8' (ROPE)
llama_graph_n_input_tensors: input tensor '                         inp_pos' [i32, ne = {     1,     1,     1,     1 }] is used by node 'Qcur-9' (ROPE)
llama_graph_n_input_tensors: input tensor '                         inp_pos' [i32, ne = {     1,     1,     1,     1 }] is used by node 'Kcur-9' (ROPE)
llama_graph_n_input_tensors: input tensor '                         inp_pos' [i32, ne = {     1,     1,     1,     1 }] is used by node 'Qcur-10' (ROPE)
llama_graph_n_input_tensors: input tensor '                         inp_pos' [i32, ne = {     1,     1,     1,     1 }] is used by node 'Kcur-10' (ROPE)
llama_graph_n_input_tensors: input tensor '                         inp_pos' [i32, ne = {     1,     1,     1,     1 }] is used by node 'Qcur-11' (ROPE)
llama_graph_n_input_tensors: input tensor '                         inp_pos' [i32, ne = {     1,     1,     1,     1 }] is used by node 'Kcur-11' (ROPE)
llama_graph_n_input_tensors: input tensor '                         inp_pos' [i32, ne = {     1,     1,     1,     1 }] is used by node 'Qcur-12' (ROPE)
llama_graph_n_input_tensors: input tensor '                         inp_pos' [i32, ne = {     1,     1,     1,     1 }] is used by node 'Kcur-12' (ROPE)
llama_graph_n_input_tensors: input tensor '                         inp_pos' [i32, ne = {     1,     1,     1,     1 }] is used by node 'Qcur-13' (ROPE)
llama_graph_n_input_tensors: input tensor '                         inp_pos' [i32, ne = {     1,     1,     1,     1 }] is used by node 'Kcur-13' (ROPE)
llama_graph_n_input_tensors: input tensor '                         inp_pos' [i32, ne = {     1,     1,     1,     1 }] is used by node 'Qcur-14' (ROPE)
llama_graph_n_input_tensors: input tensor '                         inp_pos' [i32, ne = {     1,     1,     1,     1 }] is used by node 'Kcur-14' (ROPE)
llama_graph_n_input_tensors: input tensor '                         inp_pos' [i32, ne = {     1,     1,     1,     1 }] is used by node 'Qcur-15' (ROPE)
llama_graph_n_input_tensors: input tensor '                         inp_pos' [i32, ne = {     1,     1,     1,     1 }] is used by node 'Kcur-15' (ROPE)
llama_graph_n_input_tensors: input tensor '                         inp_pos' [i32, ne = {     1,     1,     1,     1 }] is used by node 'Qcur-16' (ROPE)
llama_graph_n_input_tensors: input tensor '                         inp_pos' [i32, ne = {     1,     1,     1,     1 }] is used by node 'Kcur-16' (ROPE)
llama_graph_n_input_tensors: input tensor '                         inp_pos' [i32, ne = {     1,     1,     1,     1 }] is used by node 'Qcur-17' (ROPE)
llama_graph_n_input_tensors: input tensor '                         inp_pos' [i32, ne = {     1,     1,     1,     1 }] is used by node 'Kcur-17' (ROPE)
llama_graph_n_input_tensors: input tensor '                         inp_pos' [i32, ne = {     1,     1,     1,     1 }] is used by node 'Qcur-18' (ROPE)
llama_graph_n_input_tensors: input tensor '                         inp_pos' [i32, ne = {     1,     1,     1,     1 }] is used by node 'Kcur-18' (ROPE)
llama_graph_n_input_tensors: input tensor '                         inp_pos' [i32, ne = {     1,     1,     1,     1 }] is used by node 'Qcur-19' (ROPE)
llama_graph_n_input_tensors: input tensor '                         inp_pos' [i32, ne = {     1,     1,     1,     1 }] is used by node 'Kcur-19' (ROPE)
llama_graph_n_input_tensors: input tensor '                         inp_pos' [i32, ne = {     1,     1,     1,     1 }] is used by node 'Qcur-20' (ROPE)
llama_graph_n_input_tensors: input tensor '                         inp_pos' [i32, ne = {     1,     1,     1,     1 }] is used by node 'Kcur-20' (ROPE)
llama_graph_n_input_tensors: input tensor '                         inp_pos' [i32, ne = {     1,     1,     1,     1 }] is used by node 'Qcur-21' (ROPE)
llama_graph_n_input_tensors: input tensor '                         inp_pos' [i32, ne = {     1,     1,     1,     1 }] is used by node 'Kcur-21' (ROPE)
llama_graph_n_input_tensors: input tensor '                         inp_pos' [i32, ne = {     1,     1,     1,     1 }] is used by node 'Qcur-22' (ROPE)
llama_graph_n_input_tensors: input tensor '                         inp_pos' [i32, ne = {     1,     1,     1,     1 }] is used by node 'Kcur-22' (ROPE)
llama_graph_n_input_tensors: input tensor '                         inp_pos' [i32, ne = {     1,     1,     1,     1 }] is used by node 'Qcur-23' (ROPE)
llama_graph_n_input_tensors: input tensor '                         inp_pos' [i32, ne = {     1,     1,     1,     1 }] is used by node 'Kcur-23' (ROPE)
resolve_fused_ops: fused DeepSeek V4 HC pre enabled
graph_reserve: reserving a graph for ubatch with n_tokens =    1, n_seqs =  1, n_outputs =    1
llama_graph_n_input_tensors: input tensor '                         out_ids' [i32, ne = {     1,     1,     1,     1 }] is used by node 'node_809' (GET_ROWS)
llama_graph_n_input_tensors: input tensor '                         out_ids' [i32, ne = {     1,     1,     1,     1 }] is used by node 'node_810' (GET_ROWS)
llama_graph_n_input_tensors: input tensor '                attn_inp_kq_mask' [f16, ne = {  4096,     1,     1,     1 }] is used by node 'node_24' (FLASH_ATTN_EXT)
llama_graph_n_input_tensors: input tensor '                attn_inp_kq_mask' [f16, ne = {  4096,     1,     1,     1 }] is used by node 'node_58' (FLASH_ATTN_EXT)
llama_graph_n_input_tensors: input tensor '                attn_inp_kq_mask' [f16, ne = {  4096,     1,     1,     1 }] is used by node 'node_92' (FLASH_ATTN_EXT)
llama_graph_n_input_tensors: input tensor '                attn_inp_kq_mask' [f16, ne = {  4096,     1,     1,     1 }] is used by node 'node_126' (FLASH_ATTN_EXT)
llama_graph_n_input_tensors: input tensor '                attn_inp_kq_mask' [f16, ne = {  4096,     1,     1,     1 }] is used by node 'node_160' (FLASH_ATTN_EXT)
llama_graph_n_input_tensors: input tensor '                attn_inp_kq_mask' [f16, ne = {  4096,     1,     1,     1 }] is used by node 'node_194' (FLASH_ATTN_EXT)
llama_graph_n_input_tensors: input tensor '                attn_inp_kq_mask' [f16, ne = {  4096,     1,     1,     1 }] is used by node 'node_228' (FLASH_ATTN_EXT)
llama_graph_n_input_tensors: input tensor '                attn_inp_kq_mask' [f16, ne = {  4096,     1,     1,     1 }] is used by node 'node_262' (FLASH_ATTN_EXT)
llama_graph_n_input_tensors: input tensor '                attn_inp_kq_mask' [f16, ne = {  4096,     1,     1,     1 }] is used by node 'node_296' (FLASH_ATTN_EXT)
llama_graph_n_input_tensors: input tensor '                attn_inp_kq_mask' [f16, ne = {  4096,     1,     1,     1 }] is used by node 'node_330' (FLASH_ATTN_EXT)
llama_graph_n_input_tensors: input tensor '                attn_inp_kq_mask' [f16, ne = {  4096,     1,     1,     1 }] is used by node 'node_364' (FLASH_ATTN_EXT)
llama_graph_n_input_tensors: input tensor '                attn_inp_kq_mask' [f16, ne = {  4096,     1,     1,     1 }] is used by node 'node_398' (FLASH_ATTN_EXT)
llama_graph_n_input_tensors: input tensor '                attn_inp_kq_mask' [f16, ne = {  4096,     1,     1,     1 }] is used by node 'node_432' (FLASH_ATTN_EXT)
llama_graph_n_input_tensors: input tensor '                attn_inp_kq_mask' [f16, ne = {  4096,     1,     1,     1 }] is used by node 'node_466' (FLASH_ATTN_EXT)
llama_graph_n_input_tensors: input tensor '                attn_inp_kq_mask' [f16, ne = {  4096,     1,     1,     1 }] is used by node 'node_500' (FLASH_ATTN_EXT)
llama_graph_n_input_tensors: input tensor '                attn_inp_kq_mask' [f16, ne = {  4096,     1,     1,     1 }] is used by node 'node_534' (FLASH_ATTN_EXT)
llama_graph_n_input_tensors: input tensor '                attn_inp_kq_mask' [f16, ne = {  4096,     1,     1,     1 }] is used by node 'node_568' (FLASH_ATTN_EXT)
llama_graph_n_input_tensors: input tensor '                attn_inp_kq_mask' [f16, ne = {  4096,     1,     1,     1 }] is used by node 'node_602' (FLASH_ATTN_EXT)
llama_graph_n_input_tensors: input tensor '                attn_inp_kq_mask' [f16, ne = {  4096,     1,     1,     1 }] is used by node 'node_636' (FLASH_ATTN_EXT)
llama_graph_n_input_tensors: input tensor '                attn_inp_kq_mask' [f16, ne = {  4096,     1,     1,     1 }] is used by node 'node_670' (FLASH_ATTN_EXT)
llama_graph_n_input_tensors: input tensor '                attn_inp_kq_mask' [f16, ne = {  4096,     1,     1,     1 }] is used by node 'node_704' (FLASH_ATTN_EXT)
llama_graph_n_input_tensors: input tensor '                attn_inp_kq_mask' [f16, ne = {  4096,     1,     1,     1 }] is used by node 'node_738' (FLASH_ATTN_EXT)
llama_graph_n_input_tensors: input tensor '                attn_inp_kq_mask' [f16, ne = {  4096,     1,     1,     1 }] is used by node 'node_772' (FLASH_ATTN_EXT)
llama_graph_n_input_tensors: input tensor '                attn_inp_kq_mask' [f16, ne = {  4096,     1,     1,     1 }] is used by node 'node_806' (FLASH_ATTN_EXT)
llama_graph_n_input_tensors: input tensor '                 attn_inp_v_idxs' [i64, ne = {     1,     1,     1,     1 }] is used by node 'cache_v_l0 (view)' (SET_ROWS)
llama_graph_n_input_tensors: input tensor '                 attn_inp_v_idxs' [i64, ne = {     1,     1,     1,     1 }] is used by node 'cache_v_l1 (view)' (SET_ROWS)
llama_graph_n_input_tensors: input tensor '                 attn_inp_v_idxs' [i64, ne = {     1,     1,     1,     1 }] is used by node 'cache_v_l2 (view)' (SET_ROWS)
llama_graph_n_input_tensors: input tensor '                 attn_inp_v_idxs' [i64, ne = {     1,     1,     1,     1 }] is used by node 'cache_v_l3 (view)' (SET_ROWS)
llama_graph_n_input_tensors: input tensor '                 attn_inp_v_idxs' [i64, ne = {     1,     1,     1,     1 }] is used by node 'cache_v_l4 (view)' (SET_ROWS)
llama_graph_n_input_tensors: input tensor '                 attn_inp_v_idxs' [i64, ne = {     1,     1,     1,     1 }] is used by node 'cache_v_l5 (view)' (SET_ROWS)
llama_graph_n_input_tensors: input tensor '                 attn_inp_v_idxs' [i64, ne = {     1,     1,     1,     1 }] is used by node 'cache_v_l6 (view)' (SET_ROWS)
llama_graph_n_input_tensors: input tensor '                 attn_inp_v_idxs' [i64, ne = {     1,     1,     1,     1 }] is used by node 'cache_v_l7 (view)' (SET_ROWS)
llama_graph_n_input_tensors: input tensor '                 attn_inp_v_idxs' [i64, ne = {     1,     1,     1,     1 }] is used by node 'cache_v_l8 (view)' (SET_ROWS)
llama_graph_n_input_tensors: input tensor '                 attn_inp_v_idxs' [i64, ne = {     1,     1,     1,     1 }] is used by node 'cache_v_l9 (view)' (SET_ROWS)
llama_graph_n_input_tensors: input tensor '                 attn_inp_v_idxs' [i64, ne = {     1,     1,     1,     1 }] is used by node 'cache_v_l10 (view)' (SET_ROWS)
llama_graph_n_input_tensors: input tensor '                 attn_inp_v_idxs' [i64, ne = {     1,     1,     1,     1 }] is used by node 'cache_v_l11 (view)' (SET_ROWS)
llama_graph_n_input_tensors: input tensor '                 attn_inp_v_idxs' [i64, ne = {     1,     1,     1,     1 }] is used by node 'cache_v_l12 (view)' (SET_ROWS)
llama_graph_n_input_tensors: input tensor '                 attn_inp_v_idxs' [i64, ne = {     1,     1,     1,     1 }] is used by node 'cache_v_l13 (view)' (SET_ROWS)
llama_graph_n_input_tensors: input tensor '                 attn_inp_v_idxs' [i64, ne = {     1,     1,     1,     1 }] is used by node 'cache_v_l14 (view)' (SET_ROWS)
llama_graph_n_input_tensors: input tensor '                 attn_inp_v_idxs' [i64, ne = {     1,     1,     1,     1 }] is used by node 'cache_v_l15 (view)' (SET_ROWS)
llama_graph_n_input_tensors: input tensor '                 attn_inp_v_idxs' [i64, ne = {     1,     1,     1,     1 }] is used by node 'cache_v_l16 (view)' (SET_ROWS)
llama_graph_n_input_tensors: input tensor '                 attn_inp_v_idxs' [i64, ne = {     1,     1,     1,     1 }] is used by node 'cache_v_l17 (view)' (SET_ROWS)
llama_graph_n_input_tensors: input tensor '                 attn_inp_v_idxs' [i64, ne = {     1,     1,     1,     1 }] is used by node 'cache_v_l18 (view)' (SET_ROWS)
llama_graph_n_input_tensors: input tensor '                 attn_inp_v_idxs' [i64, ne = {     1,     1,     1,     1 }] is used by node 'cache_v_l19 (view)' (SET_ROWS)
llama_graph_n_input_tensors: input tensor '                 attn_inp_v_idxs' [i64, ne = {     1,     1,     1,     1 }] is used by node 'cache_v_l20 (view)' (SET_ROWS)
llama_graph_n_input_tensors: input tensor '                 attn_inp_v_idxs' [i64, ne = {     1,     1,     1,     1 }] is used by node 'cache_v_l21 (view)' (SET_ROWS)
llama_graph_n_input_tensors: input tensor '                 attn_inp_v_idxs' [i64, ne = {     1,     1,     1,     1 }] is used by node 'cache_v_l22 (view)' (SET_ROWS)
llama_graph_n_input_tensors: input tensor '                 attn_inp_v_idxs' [i64, ne = {     1,     1,     1,     1 }] is used by node 'cache_v_l23 (view)' (SET_ROWS)
llama_graph_n_input_tensors: input tensor '                      inp_tokens' [i32, ne = {     1,     1,     1,     1 }] is used by node 'embd' (GET_ROWS)
llama_graph_n_input_tensors: input tensor '                 attn_inp_k_idxs' [i64, ne = {     1,     1,     1,     1 }] is used by node 'cache_k_l0 (view)' (SET_ROWS)
llama_graph_n_input_tensors: input tensor '                 attn_inp_k_idxs' [i64, ne = {     1,     1,     1,     1 }] is used by node 'cache_k_l1 (view)' (SET_ROWS)
llama_graph_n_input_tensors: input tensor '                 attn_inp_k_idxs' [i64, ne = {     1,     1,     1,     1 }] is used by node 'cache_k_l2 (view)' (SET_ROWS)
llama_graph_n_input_tensors: input tensor '                 attn_inp_k_idxs' [i64, ne = {     1,     1,     1,     1 }] is used by node 'cache_k_l3 (view)' (SET_ROWS)
llama_graph_n_input_tensors: input tensor '                 attn_inp_k_idxs' [i64, ne = {     1,     1,     1,     1 }] is used by node 'cache_k_l4 (view)' (SET_ROWS)
llama_graph_n_input_tensors: input tensor '                 attn_inp_k_idxs' [i64, ne = {     1,     1,     1,     1 }] is used by node 'cache_k_l5 (view)' (SET_ROWS)
llama_graph_n_input_tensors: input tensor '                 attn_inp_k_idxs' [i64, ne = {     1,     1,     1,     1 }] is used by node 'cache_k_l6 (view)' (SET_ROWS)
llama_graph_n_input_tensors: input tensor '                 attn_inp_k_idxs' [i64, ne = {     1,     1,     1,     1 }] is used by node 'cache_k_l7 (view)' (SET_ROWS)
llama_graph_n_input_tensors: input tensor '                 attn_inp_k_idxs' [i64, ne = {     1,     1,     1,     1 }] is used by node 'cache_k_l8 (view)' (SET_ROWS)
llama_graph_n_input_tensors: input tensor '                 attn_inp_k_idxs' [i64, ne = {     1,     1,     1,     1 }] is used by node 'cache_k_l9 (view)' (SET_ROWS)
llama_graph_n_input_tensors: input tensor '                 attn_inp_k_idxs' [i64, ne = {     1,     1,     1,     1 }] is used by node 'cache_k_l10 (view)' (SET_ROWS)
llama_graph_n_input_tensors: input tensor '                 attn_inp_k_idxs' [i64, ne = {     1,     1,     1,     1 }] is used by node 'cache_k_l11 (view)' (SET_ROWS)
llama_graph_n_input_tensors: input tensor '                 attn_inp_k_idxs' [i64, ne = {     1,     1,     1,     1 }] is used by node 'cache_k_l12 (view)' (SET_ROWS)
llama_graph_n_input_tensors: input tensor '                 attn_inp_k_idxs' [i64, ne = {     1,     1,     1,     1 }] is used by node 'cache_k_l13 (view)' (SET_ROWS)
llama_graph_n_input_tensors: input tensor '                 attn_inp_k_idxs' [i64, ne = {     1,     1,     1,     1 }] is used by node 'cache_k_l14 (view)' (SET_ROWS)
llama_graph_n_input_tensors: input tensor '                 attn_inp_k_idxs' [i64, ne = {     1,     1,     1,     1 }] is used by node 'cache_k_l15 (view)' (SET_ROWS)
llama_graph_n_input_tensors: input tensor '                 attn_inp_k_idxs' [i64, ne = {     1,     1,     1,     1 }] is used by node 'cache_k_l16 (view)' (SET_ROWS)
llama_graph_n_input_tensors: input tensor '                 attn_inp_k_idxs' [i64, ne = {     1,     1,     1,     1 }] is used by node 'cache_k_l17 (view)' (SET_ROWS)
llama_graph_n_input_tensors: input tensor '                 attn_inp_k_idxs' [i64, ne = {     1,     1,     1,     1 }] is used by node 'cache_k_l18 (view)' (SET_ROWS)
llama_graph_n_input_tensors: input tensor '                 attn_inp_k_idxs' [i64, ne = {     1,     1,     1,     1 }] is used by node 'cache_k_l19 (view)' (SET_ROWS)
llama_graph_n_input_tensors: input tensor '                 attn_inp_k_idxs' [i64, ne = {     1,     1,     1,     1 }] is used by node 'cache_k_l20 (view)' (SET_ROWS)
llama_graph_n_input_tensors: input tensor '                 attn_inp_k_idxs' [i64, ne = {     1,     1,     1,     1 }] is used by node 'cache_k_l21 (view)' (SET_ROWS)
llama_graph_n_input_tensors: input tensor '                 attn_inp_k_idxs' [i64, ne = {     1,     1,     1,     1 }] is used by node 'cache_k_l22 (view)' (SET_ROWS)
llama_graph_n_input_tensors: input tensor '                 attn_inp_k_idxs' [i64, ne = {     1,     1,     1,     1 }] is used by node 'cache_k_l23 (view)' (SET_ROWS)
llama_graph_n_input_tensors: input tensor '                         inp_pos' [i32, ne = {     1,     1,     1,     1 }] is used by node 'Qcur-0' (ROPE)
llama_graph_n_input_tensors: input tensor '                         inp_pos' [i32, ne = {     1,     1,     1,     1 }] is used by node 'Kcur-0' (ROPE)
llama_graph_n_input_tensors: input tensor '                         inp_pos' [i32, ne = {     1,     1,     1,     1 }] is used by node 'Qcur-1' (ROPE)
llama_graph_n_input_tensors: input tensor '                         inp_pos' [i32, ne = {     1,     1,     1,     1 }] is used by node 'Kcur-1' (ROPE)
llama_graph_n_input_tensors: input tensor '                         inp_pos' [i32, ne = {     1,     1,     1,     1 }] is used by node 'Qcur-2' (ROPE)
llama_graph_n_input_tensors: input tensor '                         inp_pos' [i32, ne = {     1,     1,     1,     1 }] is used by node 'Kcur-2' (ROPE)
llama_graph_n_input_tensors: input tensor '                         inp_pos' [i32, ne = {     1,     1,     1,     1 }] is used by node 'Qcur-3' (ROPE)
llama_graph_n_input_tensors: input tensor '                         inp_pos' [i32, ne = {     1,     1,     1,     1 }] is used by node 'Kcur-3' (ROPE)
llama_graph_n_input_tensors: input tensor '                         inp_pos' [i32, ne = {     1,     1,     1,     1 }] is used by node 'Qcur-4' (ROPE)
llama_graph_n_input_tensors: input tensor '                         inp_pos' [i32, ne = {     1,     1,     1,     1 }] is used by node 'Kcur-4' (ROPE)
llama_graph_n_input_tensors: input tensor '                         inp_pos' [i32, ne = {     1,     1,     1,     1 }] is used by node 'Qcur-5' (ROPE)
llama_graph_n_input_tensors: input tensor '                         inp_pos' [i32, ne = {     1,     1,     1,     1 }] is used by node 'Kcur-5' (ROPE)
llama_graph_n_input_tensors: input tensor '                         inp_pos' [i32, ne = {     1,     1,     1,     1 }] is used by node 'Qcur-6' (ROPE)
llama_graph_n_input_tensors: input tensor '                         inp_pos' [i32, ne = {     1,     1,     1,     1 }] is used by node 'Kcur-6' (ROPE)
llama_graph_n_input_tensors: input tensor '                         inp_pos' [i32, ne = {     1,     1,     1,     1 }] is used by node 'Qcur-7' (ROPE)
llama_graph_n_input_tensors: input tensor '                         inp_pos' [i32, ne = {     1,     1,     1,     1 }] is used by node 'Kcur-7' (ROPE)
llama_graph_n_input_tensors: input tensor '                         inp_pos' [i32, ne = {     1,     1,     1,     1 }] is used by node 'Qcur-8' (ROPE)
llama_graph_n_input_tensors: input tensor '                         inp_pos' [i32, ne = {     1,     1,     1,     1 }] is used by node 'Kcur-8' (ROPE)
llama_graph_n_input_tensors: input tensor '                         inp_pos' [i32, ne = {     1,     1,     1,     1 }] is used by node 'Qcur-9' (ROPE)
llama_graph_n_input_tensors: input tensor '                         inp_pos' [i32, ne = {     1,     1,     1,     1 }] is used by node 'Kcur-9' (ROPE)
llama_graph_n_input_tensors: input tensor '                         inp_pos' [i32, ne = {     1,     1,     1,     1 }] is used by node 'Qcur-10' (ROPE)
llama_graph_n_input_tensors: input tensor '                         inp_pos' [i32, ne = {     1,     1,     1,     1 }] is used by node 'Kcur-10' (ROPE)
llama_graph_n_input_tensors: input tensor '                         inp_pos' [i32, ne = {     1,     1,     1,     1 }] is used by node 'Qcur-11' (ROPE)
llama_graph_n_input_tensors: input tensor '                         inp_pos' [i32, ne = {     1,     1,     1,     1 }] is used by node 'Kcur-11' (ROPE)
llama_graph_n_input_tensors: input tensor '                         inp_pos' [i32, ne = {     1,     1,     1,     1 }] is used by node 'Qcur-12' (ROPE)
llama_graph_n_input_tensors: input tensor '                         inp_pos' [i32, ne = {     1,     1,     1,     1 }] is used by node 'Kcur-12' (ROPE)
llama_graph_n_input_tensors: input tensor '                         inp_pos' [i32, ne = {     1,     1,     1,     1 }] is used by node 'Qcur-13' (ROPE)
llama_graph_n_input_tensors: input tensor '                         inp_pos' [i32, ne = {     1,     1,     1,     1 }] is used by node 'Kcur-13' (ROPE)
llama_graph_n_input_tensors: input tensor '                         inp_pos' [i32, ne = {     1,     1,     1,     1 }] is used by node 'Qcur-14' (ROPE)
llama_graph_n_input_tensors: input tensor '                         inp_pos' [i32, ne = {     1,     1,     1,     1 }] is used by node 'Kcur-14' (ROPE)
llama_graph_n_input_tensors: input tensor '                         inp_pos' [i32, ne = {     1,     1,     1,     1 }] is used by node 'Qcur-15' (ROPE)
llama_graph_n_input_tensors: input tensor '                         inp_pos' [i32, ne = {     1,     1,     1,     1 }] is used by node 'Kcur-15' (ROPE)
llama_graph_n_input_tensors: input tensor '                         inp_pos' [i32, ne = {     1,     1,     1,     1 }] is used by node 'Qcur-16' (ROPE)
llama_graph_n_input_tensors: input tensor '                         inp_pos' [i32, ne = {     1,     1,     1,     1 }] is used by node 'Kcur-16' (ROPE)
llama_graph_n_input_tensors: input tensor '                         inp_pos' [i32, ne = {     1,     1,     1,     1 }] is used by node 'Qcur-17' (ROPE)
llama_graph_n_input_tensors: input tensor '                         inp_pos' [i32, ne = {     1,     1,     1,     1 }] is used by node 'Kcur-17' (ROPE)
llama_graph_n_input_tensors: input tensor '                         inp_pos' [i32, ne = {     1,     1,     1,     1 }] is used by node 'Qcur-18' (ROPE)
llama_graph_n_input_tensors: input tensor '                         inp_pos' [i32, ne = {     1,     1,     1,     1 }] is used by node 'Kcur-18' (ROPE)
llama_graph_n_input_tensors: input tensor '                         inp_pos' [i32, ne = {     1,     1,     1,     1 }] is used by node 'Qcur-19' (ROPE)
llama_graph_n_input_tensors: input tensor '                         inp_pos' [i32, ne = {     1,     1,     1,     1 }] is used by node 'Kcur-19' (ROPE)
llama_graph_n_input_tensors: input tensor '                         inp_pos' [i32, ne = {     1,     1,     1,     1 }] is used by node 'Qcur-20' (ROPE)
llama_graph_n_input_tensors: input tensor '                         inp_pos' [i32, ne = {     1,     1,     1,     1 }] is used by node 'Kcur-20' (ROPE)
llama_graph_n_input_tensors: input tensor '                         inp_pos' [i32, ne = {     1,     1,     1,     1 }] is used by node 'Qcur-21' (ROPE)
llama_graph_n_input_tensors: input tensor '                         inp_pos' [i32, ne = {     1,     1,     1,     1 }] is used by node 'Kcur-21' (ROPE)
llama_graph_n_input_tensors: input tensor '                         inp_pos' [i32, ne = {     1,     1,     1,     1 }] is used by node 'Qcur-22' (ROPE)
llama_graph_n_input_tensors: input tensor '                         inp_pos' [i32, ne = {     1,     1,     1,     1 }] is used by node 'Kcur-22' (ROPE)
llama_graph_n_input_tensors: input tensor '                         inp_pos' [i32, ne = {     1,     1,     1,     1 }] is used by node 'Qcur-23' (ROPE)
llama_graph_n_input_tensors: input tensor '                         inp_pos' [i32, ne = {     1,     1,     1,     1 }] is used by node 'Kcur-23' (ROPE)
resolve_fused_ops: fused DeepSeek V4 HC comb enabled
graph_reserve: reserving a graph for ubatch with n_tokens =    1, n_seqs =  1, n_outputs =    1
llama_graph_n_input_tensors: input tensor '                         out_ids' [i32, ne = {     1,     1,     1,     1 }] is used by node 'node_809' (GET_ROWS)
llama_graph_n_input_tensors: input tensor '                         out_ids' [i32, ne = {     1,     1,     1,     1 }] is used by node 'node_810' (GET_ROWS)
llama_graph_n_input_tensors: input tensor '                attn_inp_kq_mask' [f16, ne = {  4096,     1,     1,     1 }] is used by node 'node_24' (FLASH_ATTN_EXT)
llama_graph_n_input_tensors: input tensor '                attn_inp_kq_mask' [f16, ne = {  4096,     1,     1,     1 }] is used by node 'node_58' (FLASH_ATTN_EXT)
llama_graph_n_input_tensors: input tensor '                attn_inp_kq_mask' [f16, ne = {  4096,     1,     1,     1 }] is used by node 'node_92' (FLASH_ATTN_EXT)
llama_graph_n_input_tensors: input tensor '                attn_inp_kq_mask' [f16, ne = {  4096,     1,     1,     1 }] is used by node 'node_126' (FLASH_ATTN_EXT)
llama_graph_n_input_tensors: input tensor '                attn_inp_kq_mask' [f16, ne = {  4096,     1,     1,     1 }] is used by node 'node_160' (FLASH_ATTN_EXT)
llama_graph_n_input_tensors: input tensor '                attn_inp_kq_mask' [f16, ne = {  4096,     1,     1,     1 }] is used by node 'node_194' (FLASH_ATTN_EXT)
llama_graph_n_input_tensors: input tensor '                attn_inp_kq_mask' [f16, ne = {  4096,     1,     1,     1 }] is used by node 'node_228' (FLASH_ATTN_EXT)
llama_graph_n_input_tensors: input tensor '                attn_inp_kq_mask' [f16, ne = {  4096,     1,     1,     1 }] is used by node 'node_262' (FLASH_ATTN_EXT)
llama_graph_n_input_tensors: input tensor '                attn_inp_kq_mask' [f16, ne = {  4096,     1,     1,     1 }] is used by node 'node_296' (FLASH_ATTN_EXT)
llama_graph_n_input_tensors: input tensor '                attn_inp_kq_mask' [f16, ne = {  4096,     1,     1,     1 }] is used by node 'node_330' (FLASH_ATTN_EXT)
llama_graph_n_input_tensors: input tensor '                attn_inp_kq_mask' [f16, ne = {  4096,     1,     1,     1 }] is used by node 'node_364' (FLASH_ATTN_EXT)
llama_graph_n_input_tensors: input tensor '                attn_inp_kq_mask' [f16, ne = {  4096,     1,     1,     1 }] is used by node 'node_398' (FLASH_ATTN_EXT)
llama_graph_n_input_tensors: input tensor '                attn_inp_kq_mask' [f16, ne = {  4096,     1,     1,     1 }] is used by node 'node_432' (FLASH_ATTN_EXT)
llama_graph_n_input_tensors: input tensor '                attn_inp_kq_mask' [f16, ne = {  4096,     1,     1,     1 }] is used by node 'node_466' (FLASH_ATTN_EXT)
llama_graph_n_input_tensors: input tensor '                attn_inp_kq_mask' [f16, ne = {  4096,     1,     1,     1 }] is used by node 'node_500' (FLASH_ATTN_EXT)
llama_graph_n_input_tensors: input tensor '                attn_inp_kq_mask' [f16, ne = {  4096,     1,     1,     1 }] is used by node 'node_534' (FLASH_ATTN_EXT)
llama_graph_n_input_tensors: input tensor '                attn_inp_kq_mask' [f16, ne = {  4096,     1,     1,     1 }] is used by node 'node_568' (FLASH_ATTN_EXT)
llama_graph_n_input_tensors: input tensor '                attn_inp_kq_mask' [f16, ne = {  4096,     1,     1,     1 }] is used by node 'node_602' (FLASH_ATTN_EXT)
llama_graph_n_input_tensors: input tensor '                attn_inp_kq_mask' [f16, ne = {  4096,     1,     1,     1 }] is used by node 'node_636' (FLASH_ATTN_EXT)
llama_graph_n_input_tensors: input tensor '                attn_inp_kq_mask' [f16, ne = {  4096,     1,     1,     1 }] is used by node 'node_670' (FLASH_ATTN_EXT)
llama_graph_n_input_tensors: input tensor '                attn_inp_kq_mask' [f16, ne = {  4096,     1,     1,     1 }] is used by node 'node_704' (FLASH_ATTN_EXT)
llama_graph_n_input_tensors: input tensor '                attn_inp_kq_mask' [f16, ne = {  4096,     1,     1,     1 }] is used by node 'node_738' (FLASH_ATTN_EXT)
llama_graph_n_input_tensors: input tensor '                attn_inp_kq_mask' [f16, ne = {  4096,     1,     1,     1 }] is used by node 'node_772' (FLASH_ATTN_EXT)
llama_graph_n_input_tensors: input tensor '                attn_inp_kq_mask' [f16, ne = {  4096,     1,     1,     1 }] is used by node 'node_806' (FLASH_ATTN_EXT)
llama_graph_n_input_tensors: input tensor '                 attn_inp_v_idxs' [i64, ne = {     1,     1,     1,     1 }] is used by node 'cache_v_l0 (view)' (SET_ROWS)
llama_graph_n_input_tensors: input tensor '                 attn_inp_v_idxs' [i64, ne = {     1,     1,     1,     1 }] is used by node 'cache_v_l1 (view)' (SET_ROWS)
llama_graph_n_input_tensors: input tensor '                 attn_inp_v_idxs' [i64, ne = {     1,     1,     1,     1 }] is used by node 'cache_v_l2 (view)' (SET_ROWS)
llama_graph_n_input_tensors: input tensor '                 attn_inp_v_idxs' [i64, ne = {     1,     1,     1,     1 }] is used by node 'cache_v_l3 (view)' (SET_ROWS)
llama_graph_n_input_tensors: input tensor '                 attn_inp_v_idxs' [i64, ne = {     1,     1,     1,     1 }] is used by node 'cache_v_l4 (view)' (SET_ROWS)
llama_graph_n_input_tensors: input tensor '                 attn_inp_v_idxs' [i64, ne = {     1,     1,     1,     1 }] is used by node 'cache_v_l5 (view)' (SET_ROWS)
llama_graph_n_input_tensors: input tensor '                 attn_inp_v_idxs' [i64, ne = {     1,     1,     1,     1 }] is used by node 'cache_v_l6 (view)' (SET_ROWS)
llama_graph_n_input_tensors: input tensor '                 attn_inp_v_idxs' [i64, ne = {     1,     1,     1,     1 }] is used by node 'cache_v_l7 (view)' (SET_ROWS)
llama_graph_n_input_tensors: input tensor '                 attn_inp_v_idxs' [i64, ne = {     1,     1,     1,     1 }] is used by node 'cache_v_l8 (view)' (SET_ROWS)
llama_graph_n_input_tensors: input tensor '                 attn_inp_v_idxs' [i64, ne = {     1,     1,     1,     1 }] is used by node 'cache_v_l9 (view)' (SET_ROWS)
llama_graph_n_input_tensors: input tensor '                 attn_inp_v_idxs' [i64, ne = {     1,     1,     1,     1 }] is used by node 'cache_v_l10 (view)' (SET_ROWS)
llama_graph_n_input_tensors: input tensor '                 attn_inp_v_idxs' [i64, ne = {     1,     1,     1,     1 }] is used by node 'cache_v_l11 (view)' (SET_ROWS)
llama_graph_n_input_tensors: input tensor '                 attn_inp_v_idxs' [i64, ne = {     1,     1,     1,     1 }] is used by node 'cache_v_l12 (view)' (SET_ROWS)
llama_graph_n_input_tensors: input tensor '                 attn_inp_v_idxs' [i64, ne = {     1,     1,     1,     1 }] is used by node 'cache_v_l13 (view)' (SET_ROWS)
llama_graph_n_input_tensors: input tensor '                 attn_inp_v_idxs' [i64, ne = {     1,     1,     1,     1 }] is used by node 'cache_v_l14 (view)' (SET_ROWS)
llama_graph_n_input_tensors: input tensor '                 attn_inp_v_idxs' [i64, ne = {     1,     1,     1,     1 }] is used by node 'cache_v_l15 (view)' (SET_ROWS)
llama_graph_n_input_tensors: input tensor '                 attn_inp_v_idxs' [i64, ne = {     1,     1,     1,     1 }] is used by node 'cache_v_l16 (view)' (SET_ROWS)
llama_graph_n_input_tensors: input tensor '                 attn_inp_v_idxs' [i64, ne = {     1,     1,     1,     1 }] is used by node 'cache_v_l17 (view)' (SET_ROWS)
llama_graph_n_input_tensors: input tensor '                 attn_inp_v_idxs' [i64, ne = {     1,     1,     1,     1 }] is used by node 'cache_v_l18 (view)' (SET_ROWS)
llama_graph_n_input_tensors: input tensor '                 attn_inp_v_idxs' [i64, ne = {     1,     1,     1,     1 }] is used by node 'cache_v_l19 (view)' (SET_ROWS)
llama_graph_n_input_tensors: input tensor '                 attn_inp_v_idxs' [i64, ne = {     1,     1,     1,     1 }] is used by node 'cache_v_l20 (view)' (SET_ROWS)
llama_graph_n_input_tensors: input tensor '                 attn_inp_v_idxs' [i64, ne = {     1,     1,     1,     1 }] is used by node 'cache_v_l21 (view)' (SET_ROWS)
llama_graph_n_input_tensors: input tensor '                 attn_inp_v_idxs' [i64, ne = {     1,     1,     1,     1 }] is used by node 'cache_v_l22 (view)' (SET_ROWS)
llama_graph_n_input_tensors: input tensor '                 attn_inp_v_idxs' [i64, ne = {     1,     1,     1,     1 }] is used by node 'cache_v_l23 (view)' (SET_ROWS)
llama_graph_n_input_tensors: input tensor '                      inp_tokens' [i32, ne = {     1,     1,     1,     1 }] is used by node 'embd' (GET_ROWS)
llama_graph_n_input_tensors: input tensor '                 attn_inp_k_idxs' [i64, ne = {     1,     1,     1,     1 }] is used by node 'cache_k_l0 (view)' (SET_ROWS)
llama_graph_n_input_tensors: input tensor '                 attn_inp_k_idxs' [i64, ne = {     1,     1,     1,     1 }] is used by node 'cache_k_l1 (view)' (SET_ROWS)
llama_graph_n_input_tensors: input tensor '                 attn_inp_k_idxs' [i64, ne = {     1,     1,     1,     1 }] is used by node 'cache_k_l2 (view)' (SET_ROWS)
llama_graph_n_input_tensors: input tensor '                 attn_inp_k_idxs' [i64, ne = {     1,     1,     1,     1 }] is used by node 'cache_k_l3 (view)' (SET_ROWS)
llama_graph_n_input_tensors: input tensor '                 attn_inp_k_idxs' [i64, ne = {     1,     1,     1,     1 }] is used by node 'cache_k_l4 (view)' (SET_ROWS)
llama_graph_n_input_tensors: input tensor '                 attn_inp_k_idxs' [i64, ne = {     1,     1,     1,     1 }] is used by node 'cache_k_l5 (view)' (SET_ROWS)
llama_graph_n_input_tensors: input tensor '                 attn_inp_k_idxs' [i64, ne = {     1,     1,     1,     1 }] is used by node 'cache_k_l6 (view)' (SET_ROWS)
llama_graph_n_input_tensors: input tensor '                 attn_inp_k_idxs' [i64, ne = {     1,     1,     1,     1 }] is used by node 'cache_k_l7 (view)' (SET_ROWS)
llama_graph_n_input_tensors: input tensor '                 attn_inp_k_idxs' [i64, ne = {     1,     1,     1,     1 }] is used by node 'cache_k_l8 (view)' (SET_ROWS)
llama_graph_n_input_tensors: input tensor '                 attn_inp_k_idxs' [i64, ne = {     1,     1,     1,     1 }] is used by node 'cache_k_l9 (view)' (SET_ROWS)
llama_graph_n_input_tensors: input tensor '                 attn_inp_k_idxs' [i64, ne = {     1,     1,     1,     1 }] is used by node 'cache_k_l10 (view)' (SET_ROWS)
llama_graph_n_input_tensors: input tensor '                 attn_inp_k_idxs' [i64, ne = {     1,     1,     1,     1 }] is used by node 'cache_k_l11 (view)' (SET_ROWS)
llama_graph_n_input_tensors: input tensor '                 attn_inp_k_idxs' [i64, ne = {     1,     1,     1,     1 }] is used by node 'cache_k_l12 (view)' (SET_ROWS)
llama_graph_n_input_tensors: input tensor '                 attn_inp_k_idxs' [i64, ne = {     1,     1,     1,     1 }] is used by node 'cache_k_l13 (view)' (SET_ROWS)
llama_graph_n_input_tensors: input tensor '                 attn_inp_k_idxs' [i64, ne = {     1,     1,     1,     1 }] is used by node 'cache_k_l14 (view)' (SET_ROWS)
llama_graph_n_input_tensors: input tensor '                 attn_inp_k_idxs' [i64, ne = {     1,     1,     1,     1 }] is used by node 'cache_k_l15 (view)' (SET_ROWS)
llama_graph_n_input_tensors: input tensor '                 attn_inp_k_idxs' [i64, ne = {     1,     1,     1,     1 }] is used by node 'cache_k_l16 (view)' (SET_ROWS)
llama_graph_n_input_tensors: input tensor '                 attn_inp_k_idxs' [i64, ne = {     1,     1,     1,     1 }] is used by node 'cache_k_l17 (view)' (SET_ROWS)
llama_graph_n_input_tensors: input tensor '                 attn_inp_k_idxs' [i64, ne = {     1,     1,     1,     1 }] is used by node 'cache_k_l18 (view)' (SET_ROWS)
llama_graph_n_input_tensors: input tensor '                 attn_inp_k_idxs' [i64, ne = {     1,     1,     1,     1 }] is used by node 'cache_k_l19 (view)' (SET_ROWS)
llama_graph_n_input_tensors: input tensor '                 attn_inp_k_idxs' [i64, ne = {     1,     1,     1,     1 }] is used by node 'cache_k_l20 (view)' (SET_ROWS)
llama_graph_n_input_tensors: input tensor '                 attn_inp_k_idxs' [i64, ne = {     1,     1,     1,     1 }] is used by node 'cache_k_l21 (view)' (SET_ROWS)
llama_graph_n_input_tensors: input tensor '                 attn_inp_k_idxs' [i64, ne = {     1,     1,     1,     1 }] is used by node 'cache_k_l22 (view)' (SET_ROWS)
llama_graph_n_input_tensors: input tensor '                 attn_inp_k_idxs' [i64, ne = {     1,     1,     1,     1 }] is used by node 'cache_k_l23 (view)' (SET_ROWS)
llama_graph_n_input_tensors: input tensor '                         inp_pos' [i32, ne = {     1,     1,     1,     1 }] is used by node 'Qcur-0' (ROPE)
llama_graph_n_input_tensors: input tensor '                         inp_pos' [i32, ne = {     1,     1,     1,     1 }] is used by node 'Kcur-0' (ROPE)
llama_graph_n_input_tensors: input tensor '                         inp_pos' [i32, ne = {     1,     1,     1,     1 }] is used by node 'Qcur-1' (ROPE)
llama_graph_n_input_tensors: input tensor '                         inp_pos' [i32, ne = {     1,     1,     1,     1 }] is used by node 'Kcur-1' (ROPE)
llama_graph_n_input_tensors: input tensor '                         inp_pos' [i32, ne = {     1,     1,     1,     1 }] is used by node 'Qcur-2' (ROPE)
llama_graph_n_input_tensors: input tensor '                         inp_pos' [i32, ne = {     1,     1,     1,     1 }] is used by node 'Kcur-2' (ROPE)
llama_graph_n_input_tensors: input tensor '                         inp_pos' [i32, ne = {     1,     1,     1,     1 }] is used by node 'Qcur-3' (ROPE)
llama_graph_n_input_tensors: input tensor '                         inp_pos' [i32, ne = {     1,     1,     1,     1 }] is used by node 'Kcur-3' (ROPE)
llama_graph_n_input_tensors: input tensor '                         inp_pos' [i32, ne = {     1,     1,     1,     1 }] is used by node 'Qcur-4' (ROPE)
llama_graph_n_input_tensors: input tensor '                         inp_pos' [i32, ne = {     1,     1,     1,     1 }] is used by node 'Kcur-4' (ROPE)
llama_graph_n_input_tensors: input tensor '                         inp_pos' [i32, ne = {     1,     1,     1,     1 }] is used by node 'Qcur-5' (ROPE)
llama_graph_n_input_tensors: input tensor '                         inp_pos' [i32, ne = {     1,     1,     1,     1 }] is used by node 'Kcur-5' (ROPE)
llama_graph_n_input_tensors: input tensor '                         inp_pos' [i32, ne = {     1,     1,     1,     1 }] is used by node 'Qcur-6' (ROPE)
llama_graph_n_input_tensors: input tensor '                         inp_pos' [i32, ne = {     1,     1,     1,     1 }] is used by node 'Kcur-6' (ROPE)
llama_graph_n_input_tensors: input tensor '                         inp_pos' [i32, ne = {     1,     1,     1,     1 }] is used by node 'Qcur-7' (ROPE)
llama_graph_n_input_tensors: input tensor '                         inp_pos' [i32, ne = {     1,     1,     1,     1 }] is used by node 'Kcur-7' (ROPE)
llama_graph_n_input_tensors: input tensor '                         inp_pos' [i32, ne = {     1,     1,     1,     1 }] is used by node 'Qcur-8' (ROPE)
llama_graph_n_input_tensors: input tensor '                         inp_pos' [i32, ne = {     1,     1,     1,     1 }] is used by node 'Kcur-8' (ROPE)
llama_graph_n_input_tensors: input tensor '                         inp_pos' [i32, ne = {     1,     1,     1,     1 }] is used by node 'Qcur-9' (ROPE)
llama_graph_n_input_tensors: input tensor '                         inp_pos' [i32, ne = {     1,     1,     1,     1 }] is used by node 'Kcur-9' (ROPE)
llama_graph_n_input_tensors: input tensor '                         inp_pos' [i32, ne = {     1,     1,     1,     1 }] is used by node 'Qcur-10' (ROPE)
llama_graph_n_input_tensors: input tensor '                         inp_pos' [i32, ne = {     1,     1,     1,     1 }] is used by node 'Kcur-10' (ROPE)
llama_graph_n_input_tensors: input tensor '                         inp_pos' [i32, ne = {     1,     1,     1,     1 }] is used by node 'Qcur-11' (ROPE)
llama_graph_n_input_tensors: input tensor '                         inp_pos' [i32, ne = {     1,     1,     1,     1 }] is used by node 'Kcur-11' (ROPE)
llama_graph_n_input_tensors: input tensor '                         inp_pos' [i32, ne = {     1,     1,     1,     1 }] is used by node 'Qcur-12' (ROPE)
llama_graph_n_input_tensors: input tensor '                         inp_pos' [i32, ne = {     1,     1,     1,     1 }] is used by node 'Kcur-12' (ROPE)
llama_graph_n_input_tensors: input tensor '                         inp_pos' [i32, ne = {     1,     1,     1,     1 }] is used by node 'Qcur-13' (ROPE)
llama_graph_n_input_tensors: input tensor '                         inp_pos' [i32, ne = {     1,     1,     1,     1 }] is used by node 'Kcur-13' (ROPE)
llama_graph_n_input_tensors: input tensor '                         inp_pos' [i32, ne = {     1,     1,     1,     1 }] is used by node 'Qcur-14' (ROPE)
llama_graph_n_input_tensors: input tensor '                         inp_pos' [i32, ne = {     1,     1,     1,     1 }] is used by node 'Kcur-14' (ROPE)
llama_graph_n_input_tensors: input tensor '                         inp_pos' [i32, ne = {     1,     1,     1,     1 }] is used by node 'Qcur-15' (ROPE)
llama_graph_n_input_tensors: input tensor '                         inp_pos' [i32, ne = {     1,     1,     1,     1 }] is used by node 'Kcur-15' (ROPE)
llama_graph_n_input_tensors: input tensor '                         inp_pos' [i32, ne = {     1,     1,     1,     1 }] is used by node 'Qcur-16' (ROPE)
llama_graph_n_input_tensors: input tensor '                         inp_pos' [i32, ne = {     1,     1,     1,     1 }] is used by node 'Kcur-16' (ROPE)
llama_graph_n_input_tensors: input tensor '                         inp_pos' [i32, ne = {     1,     1,     1,     1 }] is used by node 'Qcur-17' (ROPE)
llama_graph_n_input_tensors: input tensor '                         inp_pos' [i32, ne = {     1,     1,     1,     1 }] is used by node 'Kcur-17' (ROPE)
llama_graph_n_input_tensors: input tensor '                         inp_pos' [i32, ne = {     1,     1,     1,     1 }] is used by node 'Qcur-18' (ROPE)
llama_graph_n_input_tensors: input tensor '                         inp_pos' [i32, ne = {     1,     1,     1,     1 }] is used by node 'Kcur-18' (ROPE)
llama_graph_n_input_tensors: input tensor '                         inp_pos' [i32, ne = {     1,     1,     1,     1 }] is used by node 'Qcur-19' (ROPE)
llama_graph_n_input_tensors: input tensor '                         inp_pos' [i32, ne = {     1,     1,     1,     1 }] is used by node 'Kcur-19' (ROPE)
llama_graph_n_input_tensors: input tensor '                         inp_pos' [i32, ne = {     1,     1,     1,     1 }] is used by node 'Qcur-20' (ROPE)
llama_graph_n_input_tensors: input tensor '                         inp_pos' [i32, ne = {     1,     1,     1,     1 }] is used by node 'Kcur-20' (ROPE)
llama_graph_n_input_tensors: input tensor '                         inp_pos' [i32, ne = {     1,     1,     1,     1 }] is used by node 'Qcur-21' (ROPE)
llama_graph_n_input_tensors: input tensor '                         inp_pos' [i32, ne = {     1,     1,     1,     1 }] is used by node 'Kcur-21' (ROPE)
llama_graph_n_input_tensors: input tensor '                         inp_pos' [i32, ne = {     1,     1,     1,     1 }] is used by node 'Qcur-22' (ROPE)
llama_graph_n_input_tensors: input tensor '                         inp_pos' [i32, ne = {     1,     1,     1,     1 }] is used by node 'Kcur-22' (ROPE)
llama_graph_n_input_tensors: input tensor '                         inp_pos' [i32, ne = {     1,     1,     1,     1 }] is used by node 'Qcur-23' (ROPE)
llama_graph_n_input_tensors: input tensor '                         inp_pos' [i32, ne = {     1,     1,     1,     1 }] is used by node 'Kcur-23' (ROPE)
resolve_fused_ops: fused DeepSeek V4 HC post enabled
graph_reserve: reserving a graph for ubatch with n_tokens =  512, n_seqs =  1, n_outputs =  512
llama_graph_n_input_tensors: input tensor '                         out_ids' [i32, ne = {   512,     1,     1,     1 }] is used by node 'node_809' (GET_ROWS)
llama_graph_n_input_tensors: input tensor '                         out_ids' [i32, ne = {   512,     1,     1,     1 }] is used by node 'node_810' (GET_ROWS)
llama_graph_n_input_tensors: input tensor '                attn_inp_kq_mask' [f16, ne = {  4096,   512,     1,     1 }] is used by node 'node_24' (FLASH_ATTN_EXT)
llama_graph_n_input_tensors: input tensor '                attn_inp_kq_mask' [f16, ne = {  4096,   512,     1,     1 }] is used by node 'node_58' (FLASH_ATTN_EXT)
llama_graph_n_input_tensors: input tensor '                attn_inp_kq_mask' [f16, ne = {  4096,   512,     1,     1 }] is used by node 'node_92' (FLASH_ATTN_EXT)
llama_graph_n_input_tensors: input tensor '                attn_inp_kq_mask' [f16, ne = {  4096,   512,     1,     1 }] is used by node 'node_126' (FLASH_ATTN_EXT)
llama_graph_n_input_tensors: input tensor '                attn_inp_kq_mask' [f16, ne = {  4096,   512,     1,     1 }] is used by node 'node_160' (FLASH_ATTN_EXT)
llama_graph_n_input_tensors: input tensor '                attn_inp_kq_mask' [f16, ne = {  4096,   512,     1,     1 }] is used by node 'node_194' (FLASH_ATTN_EXT)
llama_graph_n_input_tensors: input tensor '                attn_inp_kq_mask' [f16, ne = {  4096,   512,     1,     1 }] is used by node 'node_228' (FLASH_ATTN_EXT)
llama_graph_n_input_tensors: input tensor '                attn_inp_kq_mask' [f16, ne = {  4096,   512,     1,     1 }] is used by node 'node_262' (FLASH_ATTN_EXT)
llama_graph_n_input_tensors: input tensor '                attn_inp_kq_mask' [f16, ne = {  4096,   512,     1,     1 }] is used by node 'node_296' (FLASH_ATTN_EXT)
llama_graph_n_input_tensors: input tensor '                attn_inp_kq_mask' [f16, ne = {  4096,   512,     1,     1 }] is used by node 'node_330' (FLASH_ATTN_EXT)
llama_graph_n_input_tensors: input tensor '                attn_inp_kq_mask' [f16, ne = {  4096,   512,     1,     1 }] is used by node 'node_364' (FLASH_ATTN_EXT)
llama_graph_n_input_tensors: input tensor '                attn_inp_kq_mask' [f16, ne = {  4096,   512,     1,     1 }] is used by node 'node_398' (FLASH_ATTN_EXT)
llama_graph_n_input_tensors: input tensor '                attn_inp_kq_mask' [f16, ne = {  4096,   512,     1,     1 }] is used by node 'node_432' (FLASH_ATTN_EXT)
llama_graph_n_input_tensors: input tensor '                attn_inp_kq_mask' [f16, ne = {  4096,   512,     1,     1 }] is used by node 'node_466' (FLASH_ATTN_EXT)
llama_graph_n_input_tensors: input tensor '                attn_inp_kq_mask' [f16, ne = {  4096,   512,     1,     1 }] is used by node 'node_500' (FLASH_ATTN_EXT)
llama_graph_n_input_tensors: input tensor '                attn_inp_kq_mask' [f16, ne = {  4096,   512,     1,     1 }] is used by node 'node_534' (FLASH_ATTN_EXT)
llama_graph_n_input_tensors: input tensor '                attn_inp_kq_mask' [f16, ne = {  4096,   512,     1,     1 }] is used by node 'node_568' (FLASH_ATTN_EXT)
llama_graph_n_input_tensors: input tensor '                attn_inp_kq_mask' [f16, ne = {  4096,   512,     1,     1 }] is used by node 'node_602' (FLASH_ATTN_EXT)
llama_graph_n_input_tensors: input tensor '                attn_inp_kq_mask' [f16, ne = {  4096,   512,     1,     1 }] is used by node 'node_636' (FLASH_ATTN_EXT)
llama_graph_n_input_tensors: input tensor '                attn_inp_kq_mask' [f16, ne = {  4096,   512,     1,     1 }] is used by node 'node_670' (FLASH_ATTN_EXT)
llama_graph_n_input_tensors: input tensor '                attn_inp_kq_mask' [f16, ne = {  4096,   512,     1,     1 }] is used by node 'node_704' (FLASH_ATTN_EXT)
llama_graph_n_input_tensors: input tensor '                attn_inp_kq_mask' [f16, ne = {  4096,   512,     1,     1 }] is used by node 'node_738' (FLASH_ATTN_EXT)
llama_graph_n_input_tensors: input tensor '                attn_inp_kq_mask' [f16, ne = {  4096,   512,     1,     1 }] is used by node 'node_772' (FLASH_ATTN_EXT)
llama_graph_n_input_tensors: input tensor '                attn_inp_kq_mask' [f16, ne = {  4096,   512,     1,     1 }] is used by node 'node_806' (FLASH_ATTN_EXT)
llama_graph_n_input_tensors: input tensor '                 attn_inp_v_idxs' [i64, ne = {   512,     1,     1,     1 }] is used by node 'cache_v_l0 (view)' (SET_ROWS)
llama_graph_n_input_tensors: input tensor '                 attn_inp_v_idxs' [i64, ne = {   512,     1,     1,     1 }] is used by node 'cache_v_l1 (view)' (SET_ROWS)
llama_graph_n_input_tensors: input tensor '                 attn_inp_v_idxs' [i64, ne = {   512,     1,     1,     1 }] is used by node 'cache_v_l2 (view)' (SET_ROWS)
llama_graph_n_input_tensors: input tensor '                 attn_inp_v_idxs' [i64, ne = {   512,     1,     1,     1 }] is used by node 'cache_v_l3 (view)' (SET_ROWS)
llama_graph_n_input_tensors: input tensor '                 attn_inp_v_idxs' [i64, ne = {   512,     1,     1,     1 }] is used by node 'cache_v_l4 (view)' (SET_ROWS)
llama_graph_n_input_tensors: input tensor '                 attn_inp_v_idxs' [i64, ne = {   512,     1,     1,     1 }] is used by node 'cache_v_l5 (view)' (SET_ROWS)
llama_graph_n_input_tensors: input tensor '                 attn_inp_v_idxs' [i64, ne = {   512,     1,     1,     1 }] is used by node 'cache_v_l6 (view)' (SET_ROWS)
llama_graph_n_input_tensors: input tensor '                 attn_inp_v_idxs' [i64, ne = {   512,     1,     1,     1 }] is used by node 'cache_v_l7 (view)' (SET_ROWS)
llama_graph_n_input_tensors: input tensor '                 attn_inp_v_idxs' [i64, ne = {   512,     1,     1,     1 }] is used by node 'cache_v_l8 (view)' (SET_ROWS)
llama_graph_n_input_tensors: input tensor '                 attn_inp_v_idxs' [i64, ne = {   512,     1,     1,     1 }] is used by node 'cache_v_l9 (view)' (SET_ROWS)
llama_graph_n_input_tensors: input tensor '                 attn_inp_v_idxs' [i64, ne = {   512,     1,     1,     1 }] is used by node 'cache_v_l10 (view)' (SET_ROWS)
llama_graph_n_input_tensors: input tensor '                 attn_inp_v_idxs' [i64, ne = {   512,     1,     1,     1 }] is used by node 'cache_v_l11 (view)' (SET_ROWS)
llama_graph_n_input_tensors: input tensor '                 attn_inp_v_idxs' [i64, ne = {   512,     1,     1,     1 }] is used by node 'cache_v_l12 (view)' (SET_ROWS)
llama_graph_n_input_tensors: input tensor '                 attn_inp_v_idxs' [i64, ne = {   512,     1,     1,     1 }] is used by node 'cache_v_l13 (view)' (SET_ROWS)
llama_graph_n_input_tensors: input tensor '                 attn_inp_v_idxs' [i64, ne = {   512,     1,     1,     1 }] is used by node 'cache_v_l14 (view)' (SET_ROWS)
llama_graph_n_input_tensors: input tensor '                 attn_inp_v_idxs' [i64, ne = {   512,     1,     1,     1 }] is used by node 'cache_v_l15 (view)' (SET_ROWS)
llama_graph_n_input_tensors: input tensor '                 attn_inp_v_idxs' [i64, ne = {   512,     1,     1,     1 }] is used by node 'cache_v_l16 (view)' (SET_ROWS)
llama_graph_n_input_tensors: input tensor '                 attn_inp_v_idxs' [i64, ne = {   512,     1,     1,     1 }] is used by node 'cache_v_l17 (view)' (SET_ROWS)
llama_graph_n_input_tensors: input tensor '                 attn_inp_v_idxs' [i64, ne = {   512,     1,     1,     1 }] is used by node 'cache_v_l18 (view)' (SET_ROWS)
llama_graph_n_input_tensors: input tensor '                 attn_inp_v_idxs' [i64, ne = {   512,     1,     1,     1 }] is used by node 'cache_v_l19 (view)' (SET_ROWS)
llama_graph_n_input_tensors: input tensor '                 attn_inp_v_idxs' [i64, ne = {   512,     1,     1,     1 }] is used by node 'cache_v_l20 (view)' (SET_ROWS)
llama_graph_n_input_tensors: input tensor '                 attn_inp_v_idxs' [i64, ne = {   512,     1,     1,     1 }] is used by node 'cache_v_l21 (view)' (SET_ROWS)
llama_graph_n_input_tensors: input tensor '                 attn_inp_v_idxs' [i64, ne = {   512,     1,     1,     1 }] is used by node 'cache_v_l22 (view)' (SET_ROWS)
llama_graph_n_input_tensors: input tensor '                 attn_inp_v_idxs' [i64, ne = {   512,     1,     1,     1 }] is used by node 'cache_v_l23 (view)' (SET_ROWS)
llama_graph_n_input_tensors: input tensor '                      inp_tokens' [i32, ne = {   512,     1,     1,     1 }] is used by node 'embd' (GET_ROWS)
llama_graph_n_input_tensors: input tensor '                 attn_inp_k_idxs' [i64, ne = {   512,     1,     1,     1 }] is used by node 'cache_k_l0 (view)' (SET_ROWS)
llama_graph_n_input_tensors: input tensor '                 attn_inp_k_idxs' [i64, ne = {   512,     1,     1,     1 }] is used by node 'cache_k_l1 (view)' (SET_ROWS)
llama_graph_n_input_tensors: input tensor '                 attn_inp_k_idxs' [i64, ne = {   512,     1,     1,     1 }] is used by node 'cache_k_l2 (view)' (SET_ROWS)
llama_graph_n_input_tensors: input tensor '                 attn_inp_k_idxs' [i64, ne = {   512,     1,     1,     1 }] is used by node 'cache_k_l3 (view)' (SET_ROWS)
llama_graph_n_input_tensors: input tensor '                 attn_inp_k_idxs' [i64, ne = {   512,     1,     1,     1 }] is used by node 'cache_k_l4 (view)' (SET_ROWS)
llama_graph_n_input_tensors: input tensor '                 attn_inp_k_idxs' [i64, ne = {   512,     1,     1,     1 }] is used by node 'cache_k_l5 (view)' (SET_ROWS)
llama_graph_n_input_tensors: input tensor '                 attn_inp_k_idxs' [i64, ne = {   512,     1,     1,     1 }] is used by node 'cache_k_l6 (view)' (SET_ROWS)
llama_graph_n_input_tensors: input tensor '                 attn_inp_k_idxs' [i64, ne = {   512,     1,     1,     1 }] is used by node 'cache_k_l7 (view)' (SET_ROWS)
llama_graph_n_input_tensors: input tensor '                 attn_inp_k_idxs' [i64, ne = {   512,     1,     1,     1 }] is used by node 'cache_k_l8 (view)' (SET_ROWS)
llama_graph_n_input_tensors: input tensor '                 attn_inp_k_idxs' [i64, ne = {   512,     1,     1,     1 }] is used by node 'cache_k_l9 (view)' (SET_ROWS)
llama_graph_n_input_tensors: input tensor '                 attn_inp_k_idxs' [i64, ne = {   512,     1,     1,     1 }] is used by node 'cache_k_l10 (view)' (SET_ROWS)
llama_graph_n_input_tensors: input tensor '                 attn_inp_k_idxs' [i64, ne = {   512,     1,     1,     1 }] is used by node 'cache_k_l11 (view)' (SET_ROWS)
llama_graph_n_input_tensors: input tensor '                 attn_inp_k_idxs' [i64, ne = {   512,     1,     1,     1 }] is used by node 'cache_k_l12 (view)' (SET_ROWS)
llama_graph_n_input_tensors: input tensor '                 attn_inp_k_idxs' [i64, ne = {   512,     1,     1,     1 }] is used by node 'cache_k_l13 (view)' (SET_ROWS)
llama_graph_n_input_tensors: input tensor '                 attn_inp_k_idxs' [i64, ne = {   512,     1,     1,     1 }] is used by node 'cache_k_l14 (view)' (SET_ROWS)
llama_graph_n_input_tensors: input tensor '                 attn_inp_k_idxs' [i64, ne = {   512,     1,     1,     1 }] is used by node 'cache_k_l15 (view)' (SET_ROWS)
llama_graph_n_input_tensors: input tensor '                 attn_inp_k_idxs' [i64, ne = {   512,     1,     1,     1 }] is used by node 'cache_k_l16 (view)' (SET_ROWS)
llama_graph_n_input_tensors: input tensor '                 attn_inp_k_idxs' [i64, ne = {   512,     1,     1,     1 }] is used by node 'cache_k_l17 (view)' (SET_ROWS)
llama_graph_n_input_tensors: input tensor '                 attn_inp_k_idxs' [i64, ne = {   512,     1,     1,     1 }] is used by node 'cache_k_l18 (view)' (SET_ROWS)
llama_graph_n_input_tensors: input tensor '                 attn_inp_k_idxs' [i64, ne = {   512,     1,     1,     1 }] is used by node 'cache_k_l19 (view)' (SET_ROWS)
llama_graph_n_input_tensors: input tensor '                 attn_inp_k_idxs' [i64, ne = {   512,     1,     1,     1 }] is used by node 'cache_k_l20 (view)' (SET_ROWS)
llama_graph_n_input_tensors: input tensor '                 attn_inp_k_idxs' [i64, ne = {   512,     1,     1,     1 }] is used by node 'cache_k_l21 (view)' (SET_ROWS)
llama_graph_n_input_tensors: input tensor '                 attn_inp_k_idxs' [i64, ne = {   512,     1,     1,     1 }] is used by node 'cache_k_l22 (view)' (SET_ROWS)
llama_graph_n_input_tensors: input tensor '                 attn_inp_k_idxs' [i64, ne = {   512,     1,     1,     1 }] is used by node 'cache_k_l23 (view)' (SET_ROWS)
llama_graph_n_input_tensors: input tensor '                         inp_pos' [i32, ne = {   512,     1,     1,     1 }] is used by node 'Qcur-0' (ROPE)
llama_graph_n_input_tensors: input tensor '                         inp_pos' [i32, ne = {   512,     1,     1,     1 }] is used by node 'Kcur-0' (ROPE)
llama_graph_n_input_tensors: input tensor '                         inp_pos' [i32, ne = {   512,     1,     1,     1 }] is used by node 'Qcur-1' (ROPE)
llama_graph_n_input_tensors: input tensor '                         inp_pos' [i32, ne = {   512,     1,     1,     1 }] is used by node 'Kcur-1' (ROPE)
llama_graph_n_input_tensors: input tensor '                         inp_pos' [i32, ne = {   512,     1,     1,     1 }] is used by node 'Qcur-2' (ROPE)
llama_graph_n_input_tensors: input tensor '                         inp_pos' [i32, ne = {   512,     1,     1,     1 }] is used by node 'Kcur-2' (ROPE)
llama_graph_n_input_tensors: input tensor '                         inp_pos' [i32, ne = {   512,     1,     1,     1 }] is used by node 'Qcur-3' (ROPE)
llama_graph_n_input_tensors: input tensor '                         inp_pos' [i32, ne = {   512,     1,     1,     1 }] is used by node 'Kcur-3' (ROPE)
llama_graph_n_input_tensors: input tensor '                         inp_pos' [i32, ne = {   512,     1,     1,     1 }] is used by node 'Qcur-4' (ROPE)
llama_graph_n_input_tensors: input tensor '                         inp_pos' [i32, ne = {   512,     1,     1,     1 }] is used by node 'Kcur-4' (ROPE)
llama_graph_n_input_tensors: input tensor '                         inp_pos' [i32, ne = {   512,     1,     1,     1 }] is used by node 'Qcur-5' (ROPE)
llama_graph_n_input_tensors: input tensor '                         inp_pos' [i32, ne = {   512,     1,     1,     1 }] is used by node 'Kcur-5' (ROPE)
llama_graph_n_input_tensors: input tensor '                         inp_pos' [i32, ne = {   512,     1,     1,     1 }] is used by node 'Qcur-6' (ROPE)
llama_graph_n_input_tensors: input tensor '                         inp_pos' [i32, ne = {   512,     1,     1,     1 }] is used by node 'Kcur-6' (ROPE)
llama_graph_n_input_tensors: input tensor '                         inp_pos' [i32, ne = {   512,     1,     1,     1 }] is used by node 'Qcur-7' (ROPE)
llama_graph_n_input_tensors: input tensor '                         inp_pos' [i32, ne = {   512,     1,     1,     1 }] is used by node 'Kcur-7' (ROPE)
llama_graph_n_input_tensors: input tensor '                         inp_pos' [i32, ne = {   512,     1,     1,     1 }] is used by node 'Qcur-8' (ROPE)
llama_graph_n_input_tensors: input tensor '                         inp_pos' [i32, ne = {   512,     1,     1,     1 }] is used by node 'Kcur-8' (ROPE)
llama_graph_n_input_tensors: input tensor '                         inp_pos' [i32, ne = {   512,     1,     1,     1 }] is used by node 'Qcur-9' (ROPE)
llama_graph_n_input_tensors: input tensor '                         inp_pos' [i32, ne = {   512,     1,     1,     1 }] is used by node 'Kcur-9' (ROPE)
llama_graph_n_input_tensors: input tensor '                         inp_pos' [i32, ne = {   512,     1,     1,     1 }] is used by node 'Qcur-10' (ROPE)
llama_graph_n_input_tensors: input tensor '                         inp_pos' [i32, ne = {   512,     1,     1,     1 }] is used by node 'Kcur-10' (ROPE)
llama_graph_n_input_tensors: input tensor '                         inp_pos' [i32, ne = {   512,     1,     1,     1 }] is used by node 'Qcur-11' (ROPE)
llama_graph_n_input_tensors: input tensor '                         inp_pos' [i32, ne = {   512,     1,     1,     1 }] is used by node 'Kcur-11' (ROPE)
llama_graph_n_input_tensors: input tensor '                         inp_pos' [i32, ne = {   512,     1,     1,     1 }] is used by node 'Qcur-12' (ROPE)
llama_graph_n_input_tensors: input tensor '                         inp_pos' [i32, ne = {   512,     1,     1,     1 }] is used by node 'Kcur-12' (ROPE)
llama_graph_n_input_tensors: input tensor '                         inp_pos' [i32, ne = {   512,     1,     1,     1 }] is used by node 'Qcur-13' (ROPE)
llama_graph_n_input_tensors: input tensor '                         inp_pos' [i32, ne = {   512,     1,     1,     1 }] is used by node 'Kcur-13' (ROPE)
llama_graph_n_input_tensors: input tensor '                         inp_pos' [i32, ne = {   512,     1,     1,     1 }] is used by node 'Qcur-14' (ROPE)
llama_graph_n_input_tensors: input tensor '                         inp_pos' [i32, ne = {   512,     1,     1,     1 }] is used by node 'Kcur-14' (ROPE)
llama_graph_n_input_tensors: input tensor '                         inp_pos' [i32, ne = {   512,     1,     1,     1 }] is used by node 'Qcur-15' (ROPE)
llama_graph_n_input_tensors: input tensor '                         inp_pos' [i32, ne = {   512,     1,     1,     1 }] is used by node 'Kcur-15' (ROPE)
llama_graph_n_input_tensors: input tensor '                         inp_pos' [i32, ne = {   512,     1,     1,     1 }] is used by node 'Qcur-16' (ROPE)
llama_graph_n_input_tensors: input tensor '                         inp_pos' [i32, ne = {   512,     1,     1,     1 }] is used by node 'Kcur-16' (ROPE)
llama_graph_n_input_tensors: input tensor '                         inp_pos' [i32, ne = {   512,     1,     1,     1 }] is used by node 'Qcur-17' (ROPE)
llama_graph_n_input_tensors: input tensor '                         inp_pos' [i32, ne = {   512,     1,     1,     1 }] is used by node 'Kcur-17' (ROPE)
llama_graph_n_input_tensors: input tensor '                         inp_pos' [i32, ne = {   512,     1,     1,     1 }] is used by node 'Qcur-18' (ROPE)
llama_graph_n_input_tensors: input tensor '                         inp_pos' [i32, ne = {   512,     1,     1,     1 }] is used by node 'Kcur-18' (ROPE)
llama_graph_n_input_tensors: input tensor '                         inp_pos' [i32, ne = {   512,     1,     1,     1 }] is used by node 'Qcur-19' (ROPE)
llama_graph_n_input_tensors: input tensor '                         inp_pos' [i32, ne = {   512,     1,     1,     1 }] is used by node 'Kcur-19' (ROPE)
llama_graph_n_input_tensors: input tensor '                         inp_pos' [i32, ne = {   512,     1,     1,     1 }] is used by node 'Qcur-20' (ROPE)
llama_graph_n_input_tensors: input tensor '                         inp_pos' [i32, ne = {   512,     1,     1,     1 }] is used by node 'Kcur-20' (ROPE)
llama_graph_n_input_tensors: input tensor '                         inp_pos' [i32, ne = {   512,     1,     1,     1 }] is used by node 'Qcur-21' (ROPE)
llama_graph_n_input_tensors: input tensor '                         inp_pos' [i32, ne = {   512,     1,     1,     1 }] is used by node 'Kcur-21' (ROPE)
llama_graph_n_input_tensors: input tensor '                         inp_pos' [i32, ne = {   512,     1,     1,     1 }] is used by node 'Qcur-22' (ROPE)
llama_graph_n_input_tensors: input tensor '                         inp_pos' [i32, ne = {   512,     1,     1,     1 }] is used by node 'Kcur-22' (ROPE)
llama_graph_n_input_tensors: input tensor '                         inp_pos' [i32, ne = {   512,     1,     1,     1 }] is used by node 'Qcur-23' (ROPE)
llama_graph_n_input_tensors: input tensor '                         inp_pos' [i32, ne = {   512,     1,     1,     1 }] is used by node 'Kcur-23' (ROPE)
graph_reserve: reserving a graph for ubatch with n_tokens =    1, n_seqs =  1, n_outputs =    1
llama_graph_n_input_tensors: input tensor '                         out_ids' [i32, ne = {     1,     1,     1,     1 }] is used by node 'node_809' (GET_ROWS)
llama_graph_n_input_tensors: input tensor '                         out_ids' [i32, ne = {     1,     1,     1,     1 }] is used by node 'node_810' (GET_ROWS)
llama_graph_n_input_tensors: input tensor '                attn_inp_kq_mask' [f16, ne = {  4096,     1,     1,     1 }] is used by node 'node_24' (FLASH_ATTN_EXT)
llama_graph_n_input_tensors: input tensor '                attn_inp_kq_mask' [f16, ne = {  4096,     1,     1,     1 }] is used by node 'node_58' (FLASH_ATTN_EXT)
llama_graph_n_input_tensors: input tensor '                attn_inp_kq_mask' [f16, ne = {  4096,     1,     1,     1 }] is used by node 'node_92' (FLASH_ATTN_EXT)
llama_graph_n_input_tensors: input tensor '                attn_inp_kq_mask' [f16, ne = {  4096,     1,     1,     1 }] is used by node 'node_126' (FLASH_ATTN_EXT)
llama_graph_n_input_tensors: input tensor '                attn_inp_kq_mask' [f16, ne = {  4096,     1,     1,     1 }] is used by node 'node_160' (FLASH_ATTN_EXT)
llama_graph_n_input_tensors: input tensor '                attn_inp_kq_mask' [f16, ne = {  4096,     1,     1,     1 }] is used by node 'node_194' (FLASH_ATTN_EXT)
llama_graph_n_input_tensors: input tensor '                attn_inp_kq_mask' [f16, ne = {  4096,     1,     1,     1 }] is used by node 'node_228' (FLASH_ATTN_EXT)
llama_graph_n_input_tensors: input tensor '                attn_inp_kq_mask' [f16, ne = {  4096,     1,     1,     1 }] is used by node 'node_262' (FLASH_ATTN_EXT)
llama_graph_n_input_tensors: input tensor '                attn_inp_kq_mask' [f16, ne = {  4096,     1,     1,     1 }] is used by node 'node_296' (FLASH_ATTN_EXT)
llama_graph_n_input_tensors: input tensor '                attn_inp_kq_mask' [f16, ne = {  4096,     1,     1,     1 }] is used by node 'node_330' (FLASH_ATTN_EXT)
llama_graph_n_input_tensors: input tensor '                attn_inp_kq_mask' [f16, ne = {  4096,     1,     1,     1 }] is used by node 'node_364' (FLASH_ATTN_EXT)
llama_graph_n_input_tensors: input tensor '                attn_inp_kq_mask' [f16, ne = {  4096,     1,     1,     1 }] is used by node 'node_398' (FLASH_ATTN_EXT)
llama_graph_n_input_tensors: input tensor '                attn_inp_kq_mask' [f16, ne = {  4096,     1,     1,     1 }] is used by node 'node_432' (FLASH_ATTN_EXT)
llama_graph_n_input_tensors: input tensor '                attn_inp_kq_mask' [f16, ne = {  4096,     1,     1,     1 }] is used by node 'node_466' (FLASH_ATTN_EXT)
llama_graph_n_input_tensors: input tensor '                attn_inp_kq_mask' [f16, ne = {  4096,     1,     1,     1 }] is used by node 'node_500' (FLASH_ATTN_EXT)
llama_graph_n_input_tensors: input tensor '                attn_inp_kq_mask' [f16, ne = {  4096,     1,     1,     1 }] is used by node 'node_534' (FLASH_ATTN_EXT)
llama_graph_n_input_tensors: input tensor '                attn_inp_kq_mask' [f16, ne = {  4096,     1,     1,     1 }] is used by node 'node_568' (FLASH_ATTN_EXT)
llama_graph_n_input_tensors: input tensor '                attn_inp_kq_mask' [f16, ne = {  4096,     1,     1,     1 }] is used by node 'node_602' (FLASH_ATTN_EXT)
llama_graph_n_input_tensors: input tensor '                attn_inp_kq_mask' [f16, ne = {  4096,     1,     1,     1 }] is used by node 'node_636' (FLASH_ATTN_EXT)
llama_graph_n_input_tensors: input tensor '                attn_inp_kq_mask' [f16, ne = {  4096,     1,     1,     1 }] is used by node 'node_670' (FLASH_ATTN_EXT)
llama_graph_n_input_tensors: input tensor '                attn_inp_kq_mask' [f16, ne = {  4096,     1,     1,     1 }] is used by node 'node_704' (FLASH_ATTN_EXT)
llama_graph_n_input_tensors: input tensor '                attn_inp_kq_mask' [f16, ne = {  4096,     1,     1,     1 }] is used by node 'node_738' (FLASH_ATTN_EXT)
llama_graph_n_input_tensors: input tensor '                attn_inp_kq_mask' [f16, ne = {  4096,     1,     1,     1 }] is used by node 'node_772' (FLASH_ATTN_EXT)
llama_graph_n_input_tensors: input tensor '                attn_inp_kq_mask' [f16, ne = {  4096,     1,     1,     1 }] is used by node 'node_806' (FLASH_ATTN_EXT)
llama_graph_n_input_tensors: input tensor '                 attn_inp_v_idxs' [i64, ne = {     1,     1,     1,     1 }] is used by node 'cache_v_l0 (view)' (SET_ROWS)
llama_graph_n_input_tensors: input tensor '                 attn_inp_v_idxs' [i64, ne = {     1,     1,     1,     1 }] is used by node 'cache_v_l1 (view)' (SET_ROWS)
llama_graph_n_input_tensors: input tensor '                 attn_inp_v_idxs' [i64, ne = {     1,     1,     1,     1 }] is used by node 'cache_v_l2 (view)' (SET_ROWS)
llama_graph_n_input_tensors: input tensor '                 attn_inp_v_idxs' [i64, ne = {     1,     1,     1,     1 }] is used by node 'cache_v_l3 (view)' (SET_ROWS)
llama_graph_n_input_tensors: input tensor '                 attn_inp_v_idxs' [i64, ne = {     1,     1,     1,     1 }] is used by node 'cache_v_l4 (view)' (SET_ROWS)
llama_graph_n_input_tensors: input tensor '                 attn_inp_v_idxs' [i64, ne = {     1,     1,     1,     1 }] is used by node 'cache_v_l5 (view)' (SET_ROWS)
llama_graph_n_input_tensors: input tensor '                 attn_inp_v_idxs' [i64, ne = {     1,     1,     1,     1 }] is used by node 'cache_v_l6 (view)' (SET_ROWS)
llama_graph_n_input_tensors: input tensor '                 attn_inp_v_idxs' [i64, ne = {     1,     1,     1,     1 }] is used by node 'cache_v_l7 (view)' (SET_ROWS)
llama_graph_n_input_tensors: input tensor '                 attn_inp_v_idxs' [i64, ne = {     1,     1,     1,     1 }] is used by node 'cache_v_l8 (view)' (SET_ROWS)
llama_graph_n_input_tensors: input tensor '                 attn_inp_v_idxs' [i64, ne = {     1,     1,     1,     1 }] is used by node 'cache_v_l9 (view)' (SET_ROWS)
llama_graph_n_input_tensors: input tensor '                 attn_inp_v_idxs' [i64, ne = {     1,     1,     1,     1 }] is used by node 'cache_v_l10 (view)' (SET_ROWS)
llama_graph_n_input_tensors: input tensor '                 attn_inp_v_idxs' [i64, ne = {     1,     1,     1,     1 }] is used by node 'cache_v_l11 (view)' (SET_ROWS)
llama_graph_n_input_tensors: input tensor '                 attn_inp_v_idxs' [i64, ne = {     1,     1,     1,     1 }] is used by node 'cache_v_l12 (view)' (SET_ROWS)
llama_graph_n_input_tensors: input tensor '                 attn_inp_v_idxs' [i64, ne = {     1,     1,     1,     1 }] is used by node 'cache_v_l13 (view)' (SET_ROWS)
llama_graph_n_input_tensors: input tensor '                 attn_inp_v_idxs' [i64, ne = {     1,     1,     1,     1 }] is used by node 'cache_v_l14 (view)' (SET_ROWS)
llama_graph_n_input_tensors: input tensor '                 attn_inp_v_idxs' [i64, ne = {     1,     1,     1,     1 }] is used by node 'cache_v_l15 (view)' (SET_ROWS)
llama_graph_n_input_tensors: input tensor '                 attn_inp_v_idxs' [i64, ne = {     1,     1,     1,     1 }] is used by node 'cache_v_l16 (view)' (SET_ROWS)
llama_graph_n_input_tensors: input tensor '                 attn_inp_v_idxs' [i64, ne = {     1,     1,     1,     1 }] is used by node 'cache_v_l17 (view)' (SET_ROWS)
llama_graph_n_input_tensors: input tensor '                 attn_inp_v_idxs' [i64, ne = {     1,     1,     1,     1 }] is used by node 'cache_v_l18 (view)' (SET_ROWS)
llama_graph_n_input_tensors: input tensor '                 attn_inp_v_idxs' [i64, ne = {     1,     1,     1,     1 }] is used by node 'cache_v_l19 (view)' (SET_ROWS)
llama_graph_n_input_tensors: input tensor '                 attn_inp_v_idxs' [i64, ne = {     1,     1,     1,     1 }] is used by node 'cache_v_l20 (view)' (SET_ROWS)
llama_graph_n_input_tensors: input tensor '                 attn_inp_v_idxs' [i64, ne = {     1,     1,     1,     1 }] is used by node 'cache_v_l21 (view)' (SET_ROWS)
llama_graph_n_input_tensors: input tensor '                 attn_inp_v_idxs' [i64, ne = {     1,     1,     1,     1 }] is used by node 'cache_v_l22 (view)' (SET_ROWS)
llama_graph_n_input_tensors: input tensor '                 attn_inp_v_idxs' [i64, ne = {     1,     1,     1,     1 }] is used by node 'cache_v_l23 (view)' (SET_ROWS)
llama_graph_n_input_tensors: input tensor '                      inp_tokens' [i32, ne = {     1,     1,     1,     1 }] is used by node 'embd' (GET_ROWS)
llama_graph_n_input_tensors: input tensor '                 attn_inp_k_idxs' [i64, ne = {     1,     1,     1,     1 }] is used by node 'cache_k_l0 (view)' (SET_ROWS)
llama_graph_n_input_tensors: input tensor '                 attn_inp_k_idxs' [i64, ne = {     1,     1,     1,     1 }] is used by node 'cache_k_l1 (view)' (SET_ROWS)
llama_graph_n_input_tensors: input tensor '                 attn_inp_k_idxs' [i64, ne = {     1,     1,     1,     1 }] is used by node 'cache_k_l2 (view)' (SET_ROWS)
llama_graph_n_input_tensors: input tensor '                 attn_inp_k_idxs' [i64, ne = {     1,     1,     1,     1 }] is used by node 'cache_k_l3 (view)' (SET_ROWS)
llama_graph_n_input_tensors: input tensor '                 attn_inp_k_idxs' [i64, ne = {     1,     1,     1,     1 }] is used by node 'cache_k_l4 (view)' (SET_ROWS)
llama_graph_n_input_tensors: input tensor '                 attn_inp_k_idxs' [i64, ne = {     1,     1,     1,     1 }] is used by node 'cache_k_l5 (view)' (SET_ROWS)
llama_graph_n_input_tensors: input tensor '                 attn_inp_k_idxs' [i64, ne = {     1,     1,     1,     1 }] is used by node 'cache_k_l6 (view)' (SET_ROWS)
llama_graph_n_input_tensors: input tensor '                 attn_inp_k_idxs' [i64, ne = {     1,     1,     1,     1 }] is used by node 'cache_k_l7 (view)' (SET_ROWS)
llama_graph_n_input_tensors: input tensor '                 attn_inp_k_idxs' [i64, ne = {     1,     1,     1,     1 }] is used by node 'cache_k_l8 (view)' (SET_ROWS)
llama_graph_n_input_tensors: input tensor '                 attn_inp_k_idxs' [i64, ne = {     1,     1,     1,     1 }] is used by node 'cache_k_l9 (view)' (SET_ROWS)
llama_graph_n_input_tensors: input tensor '                 attn_inp_k_idxs' [i64, ne = {     1,     1,     1,     1 }] is used by node 'cache_k_l10 (view)' (SET_ROWS)
llama_graph_n_input_tensors: input tensor '                 attn_inp_k_idxs' [i64, ne = {     1,     1,     1,     1 }] is used by node 'cache_k_l11 (view)' (SET_ROWS)
llama_graph_n_input_tensors: input tensor '                 attn_inp_k_idxs' [i64, ne = {     1,     1,     1,     1 }] is used by node 'cache_k_l12 (view)' (SET_ROWS)
llama_graph_n_input_tensors: input tensor '                 attn_inp_k_idxs' [i64, ne = {     1,     1,     1,     1 }] is used by node 'cache_k_l13 (view)' (SET_ROWS)
llama_graph_n_input_tensors: input tensor '                 attn_inp_k_idxs' [i64, ne = {     1,     1,     1,     1 }] is used by node 'cache_k_l14 (view)' (SET_ROWS)
llama_graph_n_input_tensors: input tensor '                 attn_inp_k_idxs' [i64, ne = {     1,     1,     1,     1 }] is used by node 'cache_k_l15 (view)' (SET_ROWS)
llama_graph_n_input_tensors: input tensor '                 attn_inp_k_idxs' [i64, ne = {     1,     1,     1,     1 }] is used by node 'cache_k_l16 (view)' (SET_ROWS)
llama_graph_n_input_tensors: input tensor '                 attn_inp_k_idxs' [i64, ne = {     1,     1,     1,     1 }] is used by node 'cache_k_l17 (view)' (SET_ROWS)
llama_graph_n_input_tensors: input tensor '                 attn_inp_k_idxs' [i64, ne = {     1,     1,     1,     1 }] is used by node 'cache_k_l18 (view)' (SET_ROWS)
llama_graph_n_input_tensors: input tensor '                 attn_inp_k_idxs' [i64, ne = {     1,     1,     1,     1 }] is used by node 'cache_k_l19 (view)' (SET_ROWS)
llama_graph_n_input_tensors: input tensor '                 attn_inp_k_idxs' [i64, ne = {     1,     1,     1,     1 }] is used by node 'cache_k_l20 (view)' (SET_ROWS)
llama_graph_n_input_tensors: input tensor '                 attn_inp_k_idxs' [i64, ne = {     1,     1,     1,     1 }] is used by node 'cache_k_l21 (view)' (SET_ROWS)
llama_graph_n_input_tensors: input tensor '                 attn_inp_k_idxs' [i64, ne = {     1,     1,     1,     1 }] is used by node 'cache_k_l22 (view)' (SET_ROWS)
llama_graph_n_input_tensors: input tensor '                 attn_inp_k_idxs' [i64, ne = {     1,     1,     1,     1 }] is used by node 'cache_k_l23 (view)' (SET_ROWS)
llama_graph_n_input_tensors: input tensor '                         inp_pos' [i32, ne = {     1,     1,     1,     1 }] is used by node 'Qcur-0' (ROPE)
llama_graph_n_input_tensors: input tensor '                         inp_pos' [i32, ne = {     1,     1,     1,     1 }] is used by node 'Kcur-0' (ROPE)
llama_graph_n_input_tensors: input tensor '                         inp_pos' [i32, ne = {     1,     1,     1,     1 }] is used by node 'Qcur-1' (ROPE)
llama_graph_n_input_tensors: input tensor '                         inp_pos' [i32, ne = {     1,     1,     1,     1 }] is used by node 'Kcur-1' (ROPE)
llama_graph_n_input_tensors: input tensor '                         inp_pos' [i32, ne = {     1,     1,     1,     1 }] is used by node 'Qcur-2' (ROPE)
llama_graph_n_input_tensors: input tensor '                         inp_pos' [i32, ne = {     1,     1,     1,     1 }] is used by node 'Kcur-2' (ROPE)
llama_graph_n_input_tensors: input tensor '                         inp_pos' [i32, ne = {     1,     1,     1,     1 }] is used by node 'Qcur-3' (ROPE)
llama_graph_n_input_tensors: input tensor '                         inp_pos' [i32, ne = {     1,     1,     1,     1 }] is used by node 'Kcur-3' (ROPE)
llama_graph_n_input_tensors: input tensor '                         inp_pos' [i32, ne = {     1,     1,     1,     1 }] is used by node 'Qcur-4' (ROPE)
llama_graph_n_input_tensors: input tensor '                         inp_pos' [i32, ne = {     1,     1,     1,     1 }] is used by node 'Kcur-4' (ROPE)
llama_graph_n_input_tensors: input tensor '                         inp_pos' [i32, ne = {     1,     1,     1,     1 }] is used by node 'Qcur-5' (ROPE)
llama_graph_n_input_tensors: input tensor '                         inp_pos' [i32, ne = {     1,     1,     1,     1 }] is used by node 'Kcur-5' (ROPE)
llama_graph_n_input_tensors: input tensor '                         inp_pos' [i32, ne = {     1,     1,     1,     1 }] is used by node 'Qcur-6' (ROPE)
llama_graph_n_input_tensors: input tensor '                         inp_pos' [i32, ne = {     1,     1,     1,     1 }] is used by node 'Kcur-6' (ROPE)
llama_graph_n_input_tensors: input tensor '                         inp_pos' [i32, ne = {     1,     1,     1,     1 }] is used by node 'Qcur-7' (ROPE)
llama_graph_n_input_tensors: input tensor '                         inp_pos' [i32, ne = {     1,     1,     1,     1 }] is used by node 'Kcur-7' (ROPE)
llama_graph_n_input_tensors: input tensor '                         inp_pos' [i32, ne = {     1,     1,     1,     1 }] is used by node 'Qcur-8' (ROPE)
llama_graph_n_input_tensors: input tensor '                         inp_pos' [i32, ne = {     1,     1,     1,     1 }] is used by node 'Kcur-8' (ROPE)
llama_graph_n_input_tensors: input tensor '                         inp_pos' [i32, ne = {     1,     1,     1,     1 }] is used by node 'Qcur-9' (ROPE)
llama_graph_n_input_tensors: input tensor '                         inp_pos' [i32, ne = {     1,     1,     1,     1 }] is used by node 'Kcur-9' (ROPE)
llama_graph_n_input_tensors: input tensor '                         inp_pos' [i32, ne = {     1,     1,     1,     1 }] is used by node 'Qcur-10' (ROPE)
llama_graph_n_input_tensors: input tensor '                         inp_pos' [i32, ne = {     1,     1,     1,     1 }] is used by node 'Kcur-10' (ROPE)
llama_graph_n_input_tensors: input tensor '                         inp_pos' [i32, ne = {     1,     1,     1,     1 }] is used by node 'Qcur-11' (ROPE)
llama_graph_n_input_tensors: input tensor '                         inp_pos' [i32, ne = {     1,     1,     1,     1 }] is used by node 'Kcur-11' (ROPE)
llama_graph_n_input_tensors: input tensor '                         inp_pos' [i32, ne = {     1,     1,     1,     1 }] is used by node 'Qcur-12' (ROPE)
llama_graph_n_input_tensors: input tensor '                         inp_pos' [i32, ne = {     1,     1,     1,     1 }] is used by node 'Kcur-12' (ROPE)
llama_graph_n_input_tensors: input tensor '                         inp_pos' [i32, ne = {     1,     1,     1,     1 }] is used by node 'Qcur-13' (ROPE)
llama_graph_n_input_tensors: input tensor '                         inp_pos' [i32, ne = {     1,     1,     1,     1 }] is used by node 'Kcur-13' (ROPE)
llama_graph_n_input_tensors: input tensor '                         inp_pos' [i32, ne = {     1,     1,     1,     1 }] is used by node 'Qcur-14' (ROPE)
llama_graph_n_input_tensors: input tensor '                         inp_pos' [i32, ne = {     1,     1,     1,     1 }] is used by node 'Kcur-14' (ROPE)
llama_graph_n_input_tensors: input tensor '                         inp_pos' [i32, ne = {     1,     1,     1,     1 }] is used by node 'Qcur-15' (ROPE)
llama_graph_n_input_tensors: input tensor '                         inp_pos' [i32, ne = {     1,     1,     1,     1 }] is used by node 'Kcur-15' (ROPE)
llama_graph_n_input_tensors: input tensor '                         inp_pos' [i32, ne = {     1,     1,     1,     1 }] is used by node 'Qcur-16' (ROPE)
llama_graph_n_input_tensors: input tensor '                         inp_pos' [i32, ne = {     1,     1,     1,     1 }] is used by node 'Kcur-16' (ROPE)
llama_graph_n_input_tensors: input tensor '                         inp_pos' [i32, ne = {     1,     1,     1,     1 }] is used by node 'Qcur-17' (ROPE)
llama_graph_n_input_tensors: input tensor '                         inp_pos' [i32, ne = {     1,     1,     1,     1 }] is used by node 'Kcur-17' (ROPE)
llama_graph_n_input_tensors: input tensor '                         inp_pos' [i32, ne = {     1,     1,     1,     1 }] is used by node 'Qcur-18' (ROPE)
llama_graph_n_input_tensors: input tensor '                         inp_pos' [i32, ne = {     1,     1,     1,     1 }] is used by node 'Kcur-18' (ROPE)
llama_graph_n_input_tensors: input tensor '                         inp_pos' [i32, ne = {     1,     1,     1,     1 }] is used by node 'Qcur-19' (ROPE)
llama_graph_n_input_tensors: input tensor '                         inp_pos' [i32, ne = {     1,     1,     1,     1 }] is used by node 'Kcur-19' (ROPE)
llama_graph_n_input_tensors: input tensor '                         inp_pos' [i32, ne = {     1,     1,     1,     1 }] is used by node 'Qcur-20' (ROPE)
llama_graph_n_input_tensors: input tensor '                         inp_pos' [i32, ne = {     1,     1,     1,     1 }] is used by node 'Kcur-20' (ROPE)
llama_graph_n_input_tensors: input tensor '                         inp_pos' [i32, ne = {     1,     1,     1,     1 }] is used by node 'Qcur-21' (ROPE)
llama_graph_n_input_tensors: input tensor '                         inp_pos' [i32, ne = {     1,     1,     1,     1 }] is used by node 'Kcur-21' (ROPE)
llama_graph_n_input_tensors: input tensor '                         inp_pos' [i32, ne = {     1,     1,     1,     1 }] is used by node 'Qcur-22' (ROPE)
llama_graph_n_input_tensors: input tensor '                         inp_pos' [i32, ne = {     1,     1,     1,     1 }] is used by node 'Kcur-22' (ROPE)
llama_graph_n_input_tensors: input tensor '                         inp_pos' [i32, ne = {     1,     1,     1,     1 }] is used by node 'Qcur-23' (ROPE)
llama_graph_n_input_tensors: input tensor '                         inp_pos' [i32, ne = {     1,     1,     1,     1 }] is used by node 'Kcur-23' (ROPE)
graph_reserve: reserving a graph for ubatch with n_tokens =  512, n_seqs =  1, n_outputs =  512
llama_graph_n_input_tensors: input tensor '                         out_ids' [i32, ne = {   512,     1,     1,     1 }] is used by node 'node_809' (GET_ROWS)
llama_graph_n_input_tensors: input tensor '                         out_ids' [i32, ne = {   512,     1,     1,     1 }] is used by node 'node_810' (GET_ROWS)
llama_graph_n_input_tensors: input tensor '                attn_inp_kq_mask' [f16, ne = {  4096,   512,     1,     1 }] is used by node 'node_24' (FLASH_ATTN_EXT)
llama_graph_n_input_tensors: input tensor '                attn_inp_kq_mask' [f16, ne = {  4096,   512,     1,     1 }] is used by node 'node_58' (FLASH_ATTN_EXT)
llama_graph_n_input_tensors: input tensor '                attn_inp_kq_mask' [f16, ne = {  4096,   512,     1,     1 }] is used by node 'node_92' (FLASH_ATTN_EXT)
llama_graph_n_input_tensors: input tensor '                attn_inp_kq_mask' [f16, ne = {  4096,   512,     1,     1 }] is used by node 'node_126' (FLASH_ATTN_EXT)
llama_graph_n_input_tensors: input tensor '                attn_inp_kq_mask' [f16, ne = {  4096,   512,     1,     1 }] is used by node 'node_160' (FLASH_ATTN_EXT)
llama_graph_n_input_tensors: input tensor '                attn_inp_kq_mask' [f16, ne = {  4096,   512,     1,     1 }] is used by node 'node_194' (FLASH_ATTN_EXT)
llama_graph_n_input_tensors: input tensor '                attn_inp_kq_mask' [f16, ne = {  4096,   512,     1,     1 }] is used by node 'node_228' (FLASH_ATTN_EXT)
llama_graph_n_input_tensors: input tensor '                attn_inp_kq_mask' [f16, ne = {  4096,   512,     1,     1 }] is used by node 'node_262' (FLASH_ATTN_EXT)
llama_graph_n_input_tensors: input tensor '                attn_inp_kq_mask' [f16, ne = {  4096,   512,     1,     1 }] is used by node 'node_296' (FLASH_ATTN_EXT)
llama_graph_n_input_tensors: input tensor '                attn_inp_kq_mask' [f16, ne = {  4096,   512,     1,     1 }] is used by node 'node_330' (FLASH_ATTN_EXT)
llama_graph_n_input_tensors: input tensor '                attn_inp_kq_mask' [f16, ne = {  4096,   512,     1,     1 }] is used by node 'node_364' (FLASH_ATTN_EXT)
llama_graph_n_input_tensors: input tensor '                attn_inp_kq_mask' [f16, ne = {  4096,   512,     1,     1 }] is used by node 'node_398' (FLASH_ATTN_EXT)
llama_graph_n_input_tensors: input tensor '                attn_inp_kq_mask' [f16, ne = {  4096,   512,     1,     1 }] is used by node 'node_432' (FLASH_ATTN_EXT)
llama_graph_n_input_tensors: input tensor '                attn_inp_kq_mask' [f16, ne = {  4096,   512,     1,     1 }] is used by node 'node_466' (FLASH_ATTN_EXT)
llama_graph_n_input_tensors: input tensor '                attn_inp_kq_mask' [f16, ne = {  4096,   512,     1,     1 }] is used by node 'node_500' (FLASH_ATTN_EXT)
llama_graph_n_input_tensors: input tensor '                attn_inp_kq_mask' [f16, ne = {  4096,   512,     1,     1 }] is used by node 'node_534' (FLASH_ATTN_EXT)
llama_graph_n_input_tensors: input tensor '                attn_inp_kq_mask' [f16, ne = {  4096,   512,     1,     1 }] is used by node 'node_568' (FLASH_ATTN_EXT)
llama_graph_n_input_tensors: input tensor '                attn_inp_kq_mask' [f16, ne = {  4096,   512,     1,     1 }] is used by node 'node_602' (FLASH_ATTN_EXT)
llama_graph_n_input_tensors: input tensor '                attn_inp_kq_mask' [f16, ne = {  4096,   512,     1,     1 }] is used by node 'node_636' (FLASH_ATTN_EXT)
llama_graph_n_input_tensors: input tensor '                attn_inp_kq_mask' [f16, ne = {  4096,   512,     1,     1 }] is used by node 'node_670' (FLASH_ATTN_EXT)
llama_graph_n_input_tensors: input tensor '                attn_inp_kq_mask' [f16, ne = {  4096,   512,     1,     1 }] is used by node 'node_704' (FLASH_ATTN_EXT)
llama_graph_n_input_tensors: input tensor '                attn_inp_kq_mask' [f16, ne = {  4096,   512,     1,     1 }] is used by node 'node_738' (FLASH_ATTN_EXT)
llama_graph_n_input_tensors: input tensor '                attn_inp_kq_mask' [f16, ne = {  4096,   512,     1,     1 }] is used by node 'node_772' (FLASH_ATTN_EXT)
llama_graph_n_input_tensors: input tensor '                attn_inp_kq_mask' [f16, ne = {  4096,   512,     1,     1 }] is used by node 'node_806' (FLASH_ATTN_EXT)
llama_graph_n_input_tensors: input tensor '                 attn_inp_v_idxs' [i64, ne = {   512,     1,     1,     1 }] is used by node 'cache_v_l0 (view)' (SET_ROWS)
llama_graph_n_input_tensors: input tensor '                 attn_inp_v_idxs' [i64, ne = {   512,     1,     1,     1 }] is used by node 'cache_v_l1 (view)' (SET_ROWS)
llama_graph_n_input_tensors: input tensor '                 attn_inp_v_idxs' [i64, ne = {   512,     1,     1,     1 }] is used by node 'cache_v_l2 (view)' (SET_ROWS)
llama_graph_n_input_tensors: input tensor '                 attn_inp_v_idxs' [i64, ne = {   512,     1,     1,     1 }] is used by node 'cache_v_l3 (view)' (SET_ROWS)
llama_graph_n_input_tensors: input tensor '                 attn_inp_v_idxs' [i64, ne = {   512,     1,     1,     1 }] is used by node 'cache_v_l4 (view)' (SET_ROWS)
llama_graph_n_input_tensors: input tensor '                 attn_inp_v_idxs' [i64, ne = {   512,     1,     1,     1 }] is used by node 'cache_v_l5 (view)' (SET_ROWS)
llama_graph_n_input_tensors: input tensor '                 attn_inp_v_idxs' [i64, ne = {   512,     1,     1,     1 }] is used by node 'cache_v_l6 (view)' (SET_ROWS)
llama_graph_n_input_tensors: input tensor '                 attn_inp_v_idxs' [i64, ne = {   512,     1,     1,     1 }] is used by node 'cache_v_l7 (view)' (SET_ROWS)
llama_graph_n_input_tensors: input tensor '                 attn_inp_v_idxs' [i64, ne = {   512,     1,     1,     1 }] is used by node 'cache_v_l8 (view)' (SET_ROWS)
llama_graph_n_input_tensors: input tensor '                 attn_inp_v_idxs' [i64, ne = {   512,     1,     1,     1 }] is used by node 'cache_v_l9 (view)' (SET_ROWS)
llama_graph_n_input_tensors: input tensor '                 attn_inp_v_idxs' [i64, ne = {   512,     1,     1,     1 }] is used by node 'cache_v_l10 (view)' (SET_ROWS)
llama_graph_n_input_tensors: input tensor '                 attn_inp_v_idxs' [i64, ne = {   512,     1,     1,     1 }] is used by node 'cache_v_l11 (view)' (SET_ROWS)
llama_graph_n_input_tensors: input tensor '                 attn_inp_v_idxs' [i64, ne = {   512,     1,     1,     1 }] is used by node 'cache_v_l12 (view)' (SET_ROWS)
llama_graph_n_input_tensors: input tensor '                 attn_inp_v_idxs' [i64, ne = {   512,     1,     1,     1 }] is used by node 'cache_v_l13 (view)' (SET_ROWS)
llama_graph_n_input_tensors: input tensor '                 attn_inp_v_idxs' [i64, ne = {   512,     1,     1,     1 }] is used by node 'cache_v_l14 (view)' (SET_ROWS)
llama_graph_n_input_tensors: input tensor '                 attn_inp_v_idxs' [i64, ne = {   512,     1,     1,     1 }] is used by node 'cache_v_l15 (view)' (SET_ROWS)
llama_graph_n_input_tensors: input tensor '                 attn_inp_v_idxs' [i64, ne = {   512,     1,     1,     1 }] is used by node 'cache_v_l16 (view)' (SET_ROWS)
llama_graph_n_input_tensors: input tensor '                 attn_inp_v_idxs' [i64, ne = {   512,     1,     1,     1 }] is used by node 'cache_v_l17 (view)' (SET_ROWS)
llama_graph_n_input_tensors: input tensor '                 attn_inp_v_idxs' [i64, ne = {   512,     1,     1,     1 }] is used by node 'cache_v_l18 (view)' (SET_ROWS)
llama_graph_n_input_tensors: input tensor '                 attn_inp_v_idxs' [i64, ne = {   512,     1,     1,     1 }] is used by node 'cache_v_l19 (view)' (SET_ROWS)
llama_graph_n_input_tensors: input tensor '                 attn_inp_v_idxs' [i64, ne = {   512,     1,     1,     1 }] is used by node 'cache_v_l20 (view)' (SET_ROWS)
llama_graph_n_input_tensors: input tensor '                 attn_inp_v_idxs' [i64, ne = {   512,     1,     1,     1 }] is used by node 'cache_v_l21 (view)' (SET_ROWS)
llama_graph_n_input_tensors: input tensor '                 attn_inp_v_idxs' [i64, ne = {   512,     1,     1,     1 }] is used by node 'cache_v_l22 (view)' (SET_ROWS)
llama_graph_n_input_tensors: input tensor '                 attn_inp_v_idxs' [i64, ne = {   512,     1,     1,     1 }] is used by node 'cache_v_l23 (view)' (SET_ROWS)
llama_graph_n_input_tensors: input tensor '                      inp_tokens' [i32, ne = {   512,     1,     1,     1 }] is used by node 'embd' (GET_ROWS)
llama_graph_n_input_tensors: input tensor '                 attn_inp_k_idxs' [i64, ne = {   512,     1,     1,     1 }] is used by node 'cache_k_l0 (view)' (SET_ROWS)
llama_graph_n_input_tensors: input tensor '                 attn_inp_k_idxs' [i64, ne = {   512,     1,     1,     1 }] is used by node 'cache_k_l1 (view)' (SET_ROWS)
llama_graph_n_input_tensors: input tensor '                 attn_inp_k_idxs' [i64, ne = {   512,     1,     1,     1 }] is used by node 'cache_k_l2 (view)' (SET_ROWS)
llama_graph_n_input_tensors: input tensor '                 attn_inp_k_idxs' [i64, ne = {   512,     1,     1,     1 }] is used by node 'cache_k_l3 (view)' (SET_ROWS)
llama_graph_n_input_tensors: input tensor '                 attn_inp_k_idxs' [i64, ne = {   512,     1,     1,     1 }] is used by node 'cache_k_l4 (view)' (SET_ROWS)
llama_graph_n_input_tensors: input tensor '                 attn_inp_k_idxs' [i64, ne = {   512,     1,     1,     1 }] is used by node 'cache_k_l5 (view)' (SET_ROWS)
llama_graph_n_input_tensors: input tensor '                 attn_inp_k_idxs' [i64, ne = {   512,     1,     1,     1 }] is used by node 'cache_k_l6 (view)' (SET_ROWS)
llama_graph_n_input_tensors: input tensor '                 attn_inp_k_idxs' [i64, ne = {   512,     1,     1,     1 }] is used by node 'cache_k_l7 (view)' (SET_ROWS)
llama_graph_n_input_tensors: input tensor '                 attn_inp_k_idxs' [i64, ne = {   512,     1,     1,     1 }] is used by node 'cache_k_l8 (view)' (SET_ROWS)
llama_graph_n_input_tensors: input tensor '                 attn_inp_k_idxs' [i64, ne = {   512,     1,     1,     1 }] is used by node 'cache_k_l9 (view)' (SET_ROWS)
llama_graph_n_input_tensors: input tensor '                 attn_inp_k_idxs' [i64, ne = {   512,     1,     1,     1 }] is used by node 'cache_k_l10 (view)' (SET_ROWS)
llama_graph_n_input_tensors: input tensor '                 attn_inp_k_idxs' [i64, ne = {   512,     1,     1,     1 }] is used by node 'cache_k_l11 (view)' (SET_ROWS)
llama_graph_n_input_tensors: input tensor '                 attn_inp_k_idxs' [i64, ne = {   512,     1,     1,     1 }] is used by node 'cache_k_l12 (view)' (SET_ROWS)
llama_graph_n_input_tensors: input tensor '                 attn_inp_k_idxs' [i64, ne = {   512,     1,     1,     1 }] is used by node 'cache_k_l13 (view)' (SET_ROWS)
llama_graph_n_input_tensors: input tensor '                 attn_inp_k_idxs' [i64, ne = {   512,     1,     1,     1 }] is used by node 'cache_k_l14 (view)' (SET_ROWS)
llama_graph_n_input_tensors: input tensor '                 attn_inp_k_idxs' [i64, ne = {   512,     1,     1,     1 }] is used by node 'cache_k_l15 (view)' (SET_ROWS)
llama_graph_n_input_tensors: input tensor '                 attn_inp_k_idxs' [i64, ne = {   512,     1,     1,     1 }] is used by node 'cache_k_l16 (view)' (SET_ROWS)
llama_graph_n_input_tensors: input tensor '                 attn_inp_k_idxs' [i64, ne = {   512,     1,     1,     1 }] is used by node 'cache_k_l17 (view)' (SET_ROWS)
llama_graph_n_input_tensors: input tensor '                 attn_inp_k_idxs' [i64, ne = {   512,     1,     1,     1 }] is used by node 'cache_k_l18 (view)' (SET_ROWS)
llama_graph_n_input_tensors: input tensor '                 attn_inp_k_idxs' [i64, ne = {   512,     1,     1,     1 }] is used by node 'cache_k_l19 (view)' (SET_ROWS)
llama_graph_n_input_tensors: input tensor '                 attn_inp_k_idxs' [i64, ne = {   512,     1,     1,     1 }] is used by node 'cache_k_l20 (view)' (SET_ROWS)
llama_graph_n_input_tensors: input tensor '                 attn_inp_k_idxs' [i64, ne = {   512,     1,     1,     1 }] is used by node 'cache_k_l21 (view)' (SET_ROWS)
llama_graph_n_input_tensors: input tensor '                 attn_inp_k_idxs' [i64, ne = {   512,     1,     1,     1 }] is used by node 'cache_k_l22 (view)' (SET_ROWS)
llama_graph_n_input_tensors: input tensor '                 attn_inp_k_idxs' [i64, ne = {   512,     1,     1,     1 }] is used by node 'cache_k_l23 (view)' (SET_ROWS)
llama_graph_n_input_tensors: input tensor '                         inp_pos' [i32, ne = {   512,     1,     1,     1 }] is used by node 'Qcur-0' (ROPE)
llama_graph_n_input_tensors: input tensor '                         inp_pos' [i32, ne = {   512,     1,     1,     1 }] is used by node 'Kcur-0' (ROPE)
llama_graph_n_input_tensors: input tensor '                         inp_pos' [i32, ne = {   512,     1,     1,     1 }] is used by node 'Qcur-1' (ROPE)
llama_graph_n_input_tensors: input tensor '                         inp_pos' [i32, ne = {   512,     1,     1,     1 }] is used by node 'Kcur-1' (ROPE)
llama_graph_n_input_tensors: input tensor '                         inp_pos' [i32, ne = {   512,     1,     1,     1 }] is used by node 'Qcur-2' (ROPE)
llama_graph_n_input_tensors: input tensor '                         inp_pos' [i32, ne = {   512,     1,     1,     1 }] is used by node 'Kcur-2' (ROPE)
llama_graph_n_input_tensors: input tensor '                         inp_pos' [i32, ne = {   512,     1,     1,     1 }] is used by node 'Qcur-3' (ROPE)
llama_graph_n_input_tensors: input tensor '                         inp_pos' [i32, ne = {   512,     1,     1,     1 }] is used by node 'Kcur-3' (ROPE)
llama_graph_n_input_tensors: input tensor '                         inp_pos' [i32, ne = {   512,     1,     1,     1 }] is used by node 'Qcur-4' (ROPE)
llama_graph_n_input_tensors: input tensor '                         inp_pos' [i32, ne = {   512,     1,     1,     1 }] is used by node 'Kcur-4' (ROPE)
llama_graph_n_input_tensors: input tensor '                         inp_pos' [i32, ne = {   512,     1,     1,     1 }] is used by node 'Qcur-5' (ROPE)
llama_graph_n_input_tensors: input tensor '                         inp_pos' [i32, ne = {   512,     1,     1,     1 }] is used by node 'Kcur-5' (ROPE)
llama_graph_n_input_tensors: input tensor '                         inp_pos' [i32, ne = {   512,     1,     1,     1 }] is used by node 'Qcur-6' (ROPE)
llama_graph_n_input_tensors: input tensor '                         inp_pos' [i32, ne = {   512,     1,     1,     1 }] is used by node 'Kcur-6' (ROPE)
llama_graph_n_input_tensors: input tensor '                         inp_pos' [i32, ne = {   512,     1,     1,     1 }] is used by node 'Qcur-7' (ROPE)
llama_graph_n_input_tensors: input tensor '                         inp_pos' [i32, ne = {   512,     1,     1,     1 }] is used by node 'Kcur-7' (ROPE)
llama_graph_n_input_tensors: input tensor '                         inp_pos' [i32, ne = {   512,     1,     1,     1 }] is used by node 'Qcur-8' (ROPE)
llama_graph_n_input_tensors: input tensor '                         inp_pos' [i32, ne = {   512,     1,     1,     1 }] is used by node 'Kcur-8' (ROPE)
llama_graph_n_input_tensors: input tensor '                         inp_pos' [i32, ne = {   512,     1,     1,     1 }] is used by node 'Qcur-9' (ROPE)
llama_graph_n_input_tensors: input tensor '                         inp_pos' [i32, ne = {   512,     1,     1,     1 }] is used by node 'Kcur-9' (ROPE)
llama_graph_n_input_tensors: input tensor '                         inp_pos' [i32, ne = {   512,     1,     1,     1 }] is used by node 'Qcur-10' (ROPE)
llama_graph_n_input_tensors: input tensor '                         inp_pos' [i32, ne = {   512,     1,     1,     1 }] is used by node 'Kcur-10' (ROPE)
llama_graph_n_input_tensors: input tensor '                         inp_pos' [i32, ne = {   512,     1,     1,     1 }] is used by node 'Qcur-11' (ROPE)
llama_graph_n_input_tensors: input tensor '                         inp_pos' [i32, ne = {   512,     1,     1,     1 }] is used by node 'Kcur-11' (ROPE)
llama_graph_n_input_tensors: input tensor '                         inp_pos' [i32, ne = {   512,     1,     1,     1 }] is used by node 'Qcur-12' (ROPE)
llama_graph_n_input_tensors: input tensor '                         inp_pos' [i32, ne = {   512,     1,     1,     1 }] is used by node 'Kcur-12' (ROPE)
llama_graph_n_input_tensors: input tensor '                         inp_pos' [i32, ne = {   512,     1,     1,     1 }] is used by node 'Qcur-13' (ROPE)
llama_graph_n_input_tensors: input tensor '                         inp_pos' [i32, ne = {   512,     1,     1,     1 }] is used by node 'Kcur-13' (ROPE)
llama_graph_n_input_tensors: input tensor '                         inp_pos' [i32, ne = {   512,     1,     1,     1 }] is used by node 'Qcur-14' (ROPE)
llama_graph_n_input_tensors: input tensor '                         inp_pos' [i32, ne = {   512,     1,     1,     1 }] is used by node 'Kcur-14' (ROPE)
llama_graph_n_input_tensors: input tensor '                         inp_pos' [i32, ne = {   512,     1,     1,     1 }] is used by node 'Qcur-15' (ROPE)
llama_graph_n_input_tensors: input tensor '                         inp_pos' [i32, ne = {   512,     1,     1,     1 }] is used by node 'Kcur-15' (ROPE)
llama_graph_n_input_tensors: input tensor '                         inp_pos' [i32, ne = {   512,     1,     1,     1 }] is used by node 'Qcur-16' (ROPE)
llama_graph_n_input_tensors: input tensor '                         inp_pos' [i32, ne = {   512,     1,     1,     1 }] is used by node 'Kcur-16' (ROPE)
llama_graph_n_input_tensors: input tensor '                         inp_pos' [i32, ne = {   512,     1,     1,     1 }] is used by node 'Qcur-17' (ROPE)
llama_graph_n_input_tensors: input tensor '                         inp_pos' [i32, ne = {   512,     1,     1,     1 }] is used by node 'Kcur-17' (ROPE)
llama_graph_n_input_tensors: input tensor '                         inp_pos' [i32, ne = {   512,     1,     1,     1 }] is used by node 'Qcur-18' (ROPE)
llama_graph_n_input_tensors: input tensor '                         inp_pos' [i32, ne = {   512,     1,     1,     1 }] is used by node 'Kcur-18' (ROPE)
llama_graph_n_input_tensors: input tensor '                         inp_pos' [i32, ne = {   512,     1,     1,     1 }] is used by node 'Qcur-19' (ROPE)
llama_graph_n_input_tensors: input tensor '                         inp_pos' [i32, ne = {   512,     1,     1,     1 }] is used by node 'Kcur-19' (ROPE)
llama_graph_n_input_tensors: input tensor '                         inp_pos' [i32, ne = {   512,     1,     1,     1 }] is used by node 'Qcur-20' (ROPE)
llama_graph_n_input_tensors: input tensor '                         inp_pos' [i32, ne = {   512,     1,     1,     1 }] is used by node 'Kcur-20' (ROPE)
llama_graph_n_input_tensors: input tensor '                         inp_pos' [i32, ne = {   512,     1,     1,     1 }] is used by node 'Qcur-21' (ROPE)
llama_graph_n_input_tensors: input tensor '                         inp_pos' [i32, ne = {   512,     1,     1,     1 }] is used by node 'Kcur-21' (ROPE)
llama_graph_n_input_tensors: input tensor '                         inp_pos' [i32, ne = {   512,     1,     1,     1 }] is used by node 'Qcur-22' (ROPE)
llama_graph_n_input_tensors: input tensor '                         inp_pos' [i32, ne = {   512,     1,     1,     1 }] is used by node 'Kcur-22' (ROPE)
llama_graph_n_input_tensors: input tensor '                         inp_pos' [i32, ne = {   512,     1,     1,     1 }] is used by node 'Qcur-23' (ROPE)
llama_graph_n_input_tensors: input tensor '                         inp_pos' [i32, ne = {   512,     1,     1,     1 }] is used by node 'Kcur-23' (ROPE)
sched_reserve:       MTL0 compute buffer size =   298.50 MiB
sched_reserve:        CPU compute buffer size =     7.51 MiB
sched_reserve: graph: nodes = 822, splits = 2, input objects = 4, input tensors = 6
sched_reserve: reserve took 16.32 ms, sched copies = 1
phase55_llama_matrix ready: version=0.5.0-dev n_ctx=4096 n_batch=2048 n_ubatch=512 kv=bf16 flash_attention=enabled gpu_layers=99
phase55_bench ready: format=GGUF weights=422639360 packed=422496256 tensors=291
ggml_metal_library_compile_pipeline: compiling pipeline: base = 'kernel_rms_norm_mul_f32_4', name = 'kernel_rms_norm_mul_f32_4'
ggml_metal_library_compile_pipeline: loaded kernel_rms_norm_mul_f32_4                     0x1056ecb30 | th_max = 1024 | th_width =   32
ggml_metal_library_compile_pipeline: compiling pipeline: base = 'kernel_mul_mm_q4_0_f32', name = 'kernel_mul_mm_q4_0_f32_bci=0_bco=1_ne12=1_ne13=1_r2=1_r3=1'
ggml_metal_library_compile_pipeline: loaded kernel_mul_mm_q4_0_f32_bci=0_bco=1_ne12=1_ne13=1_r2=1_r3=1      0x1056ed5b0 | th_max = 1024 | th_width =   32
ggml_metal_library_compile_pipeline: compiling pipeline: base = 'kernel_bin_fuse_f32_f32_f32_4', name = 'kernel_bin_fuse_f32_f32_f32_4_op=0_nf=1_rb=1_cb=0'
ggml_metal_library_compile_pipeline: loaded kernel_bin_fuse_f32_f32_f32_4_op=0_nf=1_rb=1_cb=0      0x1056edb30 | th_max = 1024 | th_width =   32
ggml_metal_library_compile_pipeline: compiling pipeline: base = 'kernel_rope_neox_f32', name = 'kernel_rope_neox_f32_imrope=0_is_back=0'
ggml_metal_library_compile_pipeline: loaded kernel_rope_neox_f32_imrope=0_is_back=0       0x1056eecb0 | th_max = 1024 | th_width =   32
ggml_metal_library_compile_pipeline: compiling pipeline: base = 'kernel_set_rows_f32_i64_bf16', name = 'kernel_set_rows_f32_i64_bf16'
ggml_metal_library_compile_pipeline: loaded kernel_set_rows_f32_i64_bf16                 0x7b14270000 | th_max = 1024 | th_width =   32
ggml_metal_library_compile_pipeline: compiling pipeline: base = 'kernel_flash_attn_ext_blk', name = 'kernel_flash_attn_ext_blk_nqptg=8_ncpsg=64'
ggml_metal_library_compile_pipeline: loaded kernel_flash_attn_ext_blk_nqptg=8_ncpsg=64     0x7b14270380 | th_max = 1024 | th_width =   32
ggml_metal_library_compile_pipeline: compiling pipeline: base = 'kernel_flash_attn_ext_bf16_dk64_dv64', name = 'kernel_flash_attn_ext_bf16_dk64_dv64_mask=1_sinks=0_bias=0_scap=0_kvpad=0_bcm=1_ns10=128_ns20=128_nsg=4'
ggml_metal_library_compile_pipeline: loaded kernel_flash_attn_ext_bf16_dk64_dv64_mask=1_sinks=0_bias=0_scap=0_kvpad=0_bcm=1_ns10=128_ns20=128_nsg=4     0x7b14270700 | th_max = 1024 | th_width =   32
ggml_metal_library_compile_pipeline: compiling pipeline: base = 'kernel_bin_fuse_f32_f32_f32_4', name = 'kernel_bin_fuse_f32_f32_f32_4_op=0_nf=1_rb=0_cb=0'
ggml_metal_library_compile_pipeline: loaded kernel_bin_fuse_f32_f32_f32_4_op=0_nf=1_rb=0_cb=0     0x7b14270a80 | th_max = 1024 | th_width =   32
ggml_metal_library_compile_pipeline: compiling pipeline: base = 'kernel_swiglu_f32', name = 'kernel_swiglu_f32'
ggml_metal_library_compile_pipeline: loaded kernel_swiglu_f32                            0x7b14270e00 | th_max = 1024 | th_width =   32
ggml_metal_library_compile_pipeline: compiling pipeline: base = 'kernel_get_rows_f32', name = 'kernel_get_rows_f32'
ggml_metal_library_compile_pipeline: loaded kernel_get_rows_f32                          0x7b14271500 | th_max = 1024 | th_width =   32
ggml_metal_library_compile_pipeline: compiling pipeline: base = 'kernel_mul_mv_q4_0_f32', name = 'kernel_mul_mv_q4_0_f32_nsg=2_ne12=1_r2=1_r3=1_split=0'
ggml_metal_library_compile_pipeline: loaded kernel_mul_mv_q4_0_f32_nsg=2_ne12=1_r2=1_r3=1_split=0     0x7b14271880 | th_max = 1024 | th_width =   32
ggml_metal_library_compile_pipeline: compiling pipeline: base = 'kernel_mul_mv_q8_0_f32', name = 'kernel_mul_mv_q8_0_f32_nsg=4_ne12=1_r2=1_r3=1_split=0'
ggml_metal_library_compile_pipeline: loaded kernel_mul_mv_q8_0_f32_nsg=4_ne12=1_r2=1_r3=1_split=0     0x7b14271c00 | th_max = 1024 | th_width =   32
ggml_metal_library_compile_pipeline: compiling pipeline: base = 'kernel_flash_attn_ext_vec_bf16_dk64_dv64', name = 'kernel_flash_attn_ext_vec_bf16_dk64_dv64_mask=1_sink=0_bias=0_scap=0_kvpad=0_sparse=0_ns10=128_ns20=128_nsg=1_nwg=32'
ggml_metal_library_compile_pipeline: loaded kernel_flash_attn_ext_vec_bf16_dk64_dv64_mask=1_sink=0_bias=0_scap=0_kvpad=0_sparse=0_ns10=128_ns20=128_nsg=1_nwg=32     0x7b14272300 | th_max = 1024 | th_width =   32
ggml_metal_library_compile_pipeline: compiling pipeline: base = 'kernel_flash_attn_ext_vec_reduce', name = 'kernel_flash_attn_ext_vec_reduce_dv=64_nwg=32'
ggml_metal_library_compile_pipeline: loaded kernel_flash_attn_ext_vec_reduce_dv=64_nwg=32     0x7b14272680 | th_max = 1024 | th_width =   32
ggml_metal_library_compile_pipeline: compiling pipeline: base = 'kernel_mul_mm_q4_0_f32', name = 'kernel_mul_mm_q4_0_f32_bci=0_bco=0_ne12=1_ne13=1_r2=1_r3=1'
ggml_metal_library_compile_pipeline: loaded kernel_mul_mm_q4_0_f32_bci=0_bco=0_ne12=1_ne13=1_r2=1_r3=1     0x7b14271f80 | th_max = 1024 | th_width =   32
ggml_metal_library_compile_pipeline: compiling pipeline: base = 'kernel_flash_attn_ext_bf16_dk64_dv64', name = 'kernel_flash_attn_ext_bf16_dk64_dv64_mask=1_sinks=0_bias=0_scap=0_kvpad=0_bcm=0_ns10=128_ns20=128_nsg=4'
ggml_metal_library_compile_pipeline: loaded kernel_flash_attn_ext_bf16_dk64_dv64_mask=1_sinks=0_bias=0_scap=0_kvpad=0_bcm=0_ns10=128_ns20=128_nsg=4     0x7b14272d80 | th_max = 1024 | th_width =   32
{"case":"short","decode_aggregate_tps":117.05611394288954,"decode_counters":[{"allocated_bytes":4,"allocation_time":{"nanos":10042,"secs":0},"allocations":1,"arena_capacity":263964672,"arena_high_water":268435456,"command_buffers":1,"completion_waits":1,"dispatches":531,"encode":{"nanos":279101,"secs":0},"gpu":{"nanos":6961042,"secs":0},"reused_bytes":2279424,"transient_live_bytes":524288,"transient_peak_bytes":2279424,"wait":{"nanos":7180042,"secs":0}},{"allocated_bytes":4,"allocation_time":{"nanos":7625,"secs":0},"allocations":1,"arena_capacity":263964672,"arena_high_water":268435456,"command_buffers":1,"completion_waits":1,"dispatches":531,"encode":{"nanos":266871,"secs":0},"gpu":{"nanos":7709042,"secs":0},"reused_bytes":2279424,"transient_live_bytes":524288,"transient_peak_bytes":2279424,"wait":{"nanos":7976541,"secs":0}},{"allocated_bytes":4,"allocation_time":{"nanos":5667,"secs":0},"allocations":1,"arena_capacity":263964672,"arena_high_water":268435456,"command_buffers":1,"completion_waits":1,"dispatches":531,"encode":{"nanos":285292,"secs":0},"gpu":{"nanos":7900708,"secs":0},"reused_bytes":2279424,"transient_live_bytes":524288,"transient_peak_bytes":2279424,"wait":{"nanos":8151125,"secs":0}},{"allocated_bytes":4,"allocation_time":{"nanos":6625,"secs":0},"allocations":1,"arena_capacity":263964672,"arena_high_water":268435456,"command_buffers":1,"completion_waits":1,"dispatches":531,"encode":{"nanos":286831,"secs":0},"gpu":{"nanos":7974750,"secs":0},"reused_bytes":2279424,"transient_live_bytes":524288,"transient_peak_bytes":2279424,"wait":{"nanos":8232083,"secs":0}},{"allocated_bytes":4,"allocation_time":{"nanos":5417,"secs":0},"allocations":1,"arena_capacity":263964672,"arena_high_water":268435456,"command_buffers":1,"completion_waits":1,"dispatches":531,"encode":{"nanos":313472,"secs":0},"gpu":{"nanos":7963125,"secs":0},"reused_bytes":2279424,"transient_live_bytes":524288,"transient_peak_bytes":2279424,"wait":{"nanos":8244041,"secs":0}},{"allocated_bytes":4,"allocation_time":{"nanos":4750,"secs":0},"allocations":1,"arena_capacity":263964672,"arena_high_water":268435456,"command_buffers":1,"completion_waits":1,"dispatches":531,"encode":{"nanos":318292,"secs":0},"gpu":{"nanos":7830250,"secs":0},"reused_bytes":2279424,"transient_live_bytes":524288,"transient_peak_bytes":2279424,"wait":{"nanos":8099542,"secs":0}},{"allocated_bytes":4,"allocation_time":{"nanos":5750,"secs":0},"allocations":1,"arena_capacity":263964672,"arena_high_water":268435456,"command_buffers":1,"completion_waits":1,"dispatches":531,"encode":{"nanos":262072,"secs":0},"gpu":{"nanos":7912333,"secs":0},"reused_bytes":2279424,"transient_live_bytes":524288,"transient_peak_bytes":2279424,"wait":{"nanos":8169750,"secs":0}},{"allocated_bytes":4,"allocation_time":{"nanos":5917,"secs":0},"allocations":1,"arena_capacity":263964672,"arena_high_water":268435456,"command_buffers":1,"completion_waits":1,"dispatches":531,"encode":{"nanos":264968,"secs":0},"gpu":{"nanos":7932125,"secs":0},"reused_bytes":2279424,"transient_live_bytes":524288,"transient_peak_bytes":2279424,"wait":{"nanos":8137667,"secs":0}},{"allocated_bytes":4,"allocation_time":{"nanos":4375,"secs":0},"allocations":1,"arena_capacity":263964672,"arena_high_water":268435456,"command_buffers":1,"completion_waits":1,"dispatches":531,"encode":{"nanos":212255,"secs":0},"gpu":{"nanos":6747083,"secs":0},"reused_bytes":2279424,"transient_live_bytes":524288,"transient_peak_bytes":2279424,"wait":{"nanos":6986667,"secs":0}},{"allocated_bytes":4,"allocation_time":{"nanos":3500,"secs":0},"allocations":1,"arena_capacity":263964672,"arena_high_water":268435456,"command_buffers":1,"completion_waits":1,"dispatches":531,"encode":{"nanos":215870,"secs":0},"gpu":{"nanos":6891917,"secs":0},"reused_bytes":2279424,"transient_live_bytes":524288,"transient_peak_bytes":2279424,"wait":{"nanos":7100375,"secs":0}},{"allocated_bytes":4,"allocation_time":{"nanos":2958,"secs":0},"allocations":1,"arena_capacity":263964672,"arena_high_water":268435456,"command_buffers":1,"completion_waits":1,"dispatches":531,"encode":{"nanos":175471,"secs":0},"gpu":{"nanos":7898208,"secs":0},"reused_bytes":2279424,"transient_live_bytes":524288,"transient_peak_bytes":2279424,"wait":{"nanos":8147458,"secs":0}},{"allocated_bytes":4,"allocation_time":{"nanos":2958,"secs":0},"allocations":1,"arena_capacity":263964672,"arena_high_water":268435456,"command_buffers":1,"completion_waits":1,"dispatches":531,"encode":{"nanos":174465,"secs":0},"gpu":{"nanos":8190292,"secs":0},"reused_bytes":2279424,"transient_live_bytes":524288,"transient_peak_bytes":2279424,"wait":{"nanos":8437417,"secs":0}},{"allocated_bytes":4,"allocation_time":{"nanos":3208,"secs":0},"allocations":1,"arena_capacity":263964672,"arena_high_water":268435456,"command_buffers":1,"completion_waits":1,"dispatches":531,"encode":{"nanos":168670,"secs":0},"gpu":{"nanos":7965250,"secs":0},"reused_bytes":2279424,"transient_live_bytes":524288,"transient_peak_bytes":2279424,"wait":{"nanos":8217625,"secs":0}},{"allocated_bytes":4,"allocation_time":{"nanos":3458,"secs":0},"allocations":1,"arena_capacity":263964672,"arena_high_water":268435456,"command_buffers":1,"completion_waits":1,"dispatches":531,"encode":{"nanos":168575,"secs":0},"gpu":{"nanos":8183375,"secs":0},"reused_bytes":2279424,"transient_live_bytes":524288,"transient_peak_bytes":2279424,"wait":{"nanos":8444708,"secs":0}},{"allocated_bytes":4,"allocation_time":{"nanos":3958,"secs":0},"allocations":1,"arena_capacity":263964672,"arena_high_water":268435456,"command_buffers":1,"completion_waits":1,"dispatches":531,"encode":{"nanos":178873,"secs":0},"gpu":{"nanos":8030375,"secs":0},"reused_bytes":2279424,"transient_live_bytes":524288,"transient_peak_bytes":2279424,"wait":{"nanos":8275708,"secs":0}},{"allocated_bytes":98308,"allocation_time":{"nanos":68334,"secs":0},"allocations":49,"arena_capacity":264062976,"arena_high_water":268435456,"command_buffers":1,"completion_waits":1,"dispatches":531,"encode":{"nanos":173714,"secs":0},"gpu":{"nanos":7743375,"secs":0},"reused_bytes":2230272,"transient_live_bytes":524288,"transient_peak_bytes":2328576,"wait":{"nanos":7946083,"secs":0}}],"decode_median_ms":8.722707999999999,"decode_ms":[7.828625000000001,8.610667000000001,8.826583000000001,8.898958,8.97975,8.815790999999999,8.767083,8.717666000000001,7.49525,7.614458,8.582083,8.870209000000001,8.646334,8.857208,8.722707999999999,8.453208],"decode_profiles":[{},{},{},{},{},{},{},{},{},{},{},{},{},{},{},{}],"decode_tps":114.64329655423523,"first_token_ms":28.369124999999997,"generated_ids":[9707,0,2585,646,358,1492,498,3351,30,2160,1052,2494,498,1035,1075,311,1414],"generated_tokens":17,"generation_ms":170.197708,"generation_tps":99.88383627351786,"kv_active_bytes":454656,"kv_reserved_bytes":3145728,"model_format":"GGUF","model_repository":"Qwen/Qwen2.5-0.5B-Instruct-GGUF","model_revision":"9217f5db79a29953eb74d5343926648285ec7e67","packed_quantized_bytes":422496256,"pair":0,"pair_order":"ferrum>llama.cpp","prefill_counters":{"allocated_bytes":3145812,"allocation_time":{"nanos":399166,"secs":0},"allocations":49,"arena_capacity":263964672,"arena_high_water":268435456,"command_buffers":1,"completion_waits":1,"dispatches":531,"encode":{"nanos":258693,"secs":0},"gpu":{"nanos":26546250,"secs":0},"reused_bytes":37027840,"transient_live_bytes":0,"transient_peak_bytes":37027840,"wait":{"nanos":27008000,"secs":0}},"prefill_ms":27.915875,"prefill_profile":{},"prefill_tps":752.2601387203517,"prompt_ids":[151644,8948,198,2610,525,264,10950,17847,13,151645,198,151644,872,198,9707,0,151645,198,151644,77091,198],"prompt_tokens":21,"retained_weight_bytes":422639360,"runtime":"ferrum","sampling_ms":5.384042,"source_tensor_bytes":422782464,"warmup":false,"process_rss_bytes":926056448,"source_matrix_case_model":"qwen2.5-phase7a-shape-workload","ferrum_options":{"batch_limit_dispatches":1024,"q4_0_gemv_8rows":true,"mlx_affine4_gemv_quad":true},"engine_order":["ferrum","llama.cpp"],"case_index":0,"engine_load_plus_first_warmup_ms":595.0837089912966}
{"case":"short","command_buffer_count":null,"decode_aggregate_tps":243.025985811748,"decode_median_ms":3.640583,"decode_ms":[4.882541,3.61675,4.746834,3.59175,4.722416,3.584167,4.764916,3.568041,3.636208,4.798625,3.58975,4.777084,3.640583,4.764875,3.561458,3.590583],"decode_tps":274.68128044326966,"dispatch_count":null,"first_token_ms":14.632333,"generated_ids":[9707,0,2585,646,358,1492,498,3351,30,2160,1052,2494,498,1035,1075,311,1414],"generated_tokens":17,"generation_ms":84.44375,"generation_tps":201.31744504477834,"kv_context_capacity_tokens":4096,"kv_type":"bf16","llama_version":"0.5.0-dev","model_format":"GGUF","pair":0,"pair_order":"ferrum>llama.cpp","prefill_ms":14.384833,"prefill_tps":1459.8709627007836,"process_max_rss_bytes":613040128,"prompt_ids":[151644,8948,198,2610,525,264,10950,17847,13,151645,198,151644,872,198,9707,0,151645,198,151644,77091,198],"prompt_tokens":21,"runtime":"llama.cpp","sampling_ms":4.220501,"warmup":false,"process_rss_bytes":613040128,"source_matrix_case_model":"qwen2.5-phase7a-shape-workload","engine_order":["ferrum","llama.cpp"],"case_index":0,"engine_load_plus_first_warmup_ms":619.0415829769336}
{"case":"short","command_buffer_count":null,"decode_aggregate_tps":238.40004248288759,"decode_median_ms":3.794166,"decode_ms":[5.19225,3.585917,4.737542,3.723917,4.806792,3.635833,3.693875,4.827583,3.68925,4.818417,3.726208,4.797625,3.794166,3.602166,4.755916,3.726625],"decode_tps":263.5625325829181,"dispatch_count":null,"first_token_ms":14.71725,"generated_ids":[9707,0,2585,646,358,1492,498,3351,30,2160,1052,2494,498,1035,1075,311,1414],"generated_tokens":17,"generation_ms":85.932333,"generation_tps":197.83007636950808,"kv_context_capacity_tokens":4096,"kv_type":"bf16","llama_version":"0.5.0-dev","model_format":"GGUF","pair":1,"pair_order":"llama.cpp>ferrum","prefill_ms":14.47475,"prefill_tps":1450.8022591063748,"process_max_rss_bytes":613072896,"prompt_ids":[151644,8948,198,2610,525,264,10950,17847,13,151645,198,151644,872,198,9707,0,151645,198,151644,77091,198],"prompt_tokens":21,"runtime":"llama.cpp","sampling_ms":4.341583,"warmup":false,"process_rss_bytes":613056512,"source_matrix_case_model":"qwen2.5-phase7a-shape-workload","engine_order":["llama.cpp","ferrum"],"case_index":0,"engine_load_plus_first_warmup_ms":619.0415829769336}
{"case":"short","decode_aggregate_tps":119.23814101418537,"decode_counters":[{"allocated_bytes":4,"allocation_time":{"nanos":7125,"secs":0},"allocations":1,"arena_capacity":264062976,"arena_high_water":268435456,"command_buffers":1,"completion_waits":1,"dispatches":531,"encode":{"nanos":197412,"secs":0},"gpu":{"nanos":7632042,"secs":0},"reused_bytes":2279424,"transient_live_bytes":524288,"transient_peak_bytes":2279424,"wait":{"nanos":7863750,"secs":0}},{"allocated_bytes":4,"allocation_time":{"nanos":5917,"secs":0},"allocations":1,"arena_capacity":264062976,"arena_high_water":268435456,"command_buffers":1,"completion_waits":1,"dispatches":531,"encode":{"nanos":178377,"secs":0},"gpu":{"nanos":7637000,"secs":0},"reused_bytes":2279424,"transient_live_bytes":524288,"transient_peak_bytes":2279424,"wait":{"nanos":7859209,"secs":0}},{"allocated_bytes":4,"allocation_time":{"nanos":3625,"secs":0},"allocations":1,"arena_capacity":264062976,"arena_high_water":268435456,"command_buffers":1,"completion_waits":1,"dispatches":531,"encode":{"nanos":173340,"secs":0},"gpu":{"nanos":7861625,"secs":0},"reused_bytes":2279424,"transient_live_bytes":524288,"transient_peak_bytes":2279424,"wait":{"nanos":8099375,"secs":0}},{"allocated_bytes":4,"allocation_time":{"nanos":3291,"secs":0},"allocations":1,"arena_capacity":264062976,"arena_high_water":268435456,"command_buffers":1,"completion_waits":1,"dispatches":531,"encode":{"nanos":172341,"secs":0},"gpu":{"nanos":8021500,"secs":0},"reused_bytes":2279424,"transient_live_bytes":524288,"transient_peak_bytes":2279424,"wait":{"nanos":8266417,"secs":0}},{"allocated_bytes":4,"allocation_time":{"nanos":5541,"secs":0},"allocations":1,"arena_capacity":264062976,"arena_high_water":268435456,"command_buffers":1,"completion_waits":1,"dispatches":531,"encode":{"nanos":179627,"secs":0},"gpu":{"nanos":7958375,"secs":0},"reused_bytes":2279424,"transient_live_bytes":524288,"transient_peak_bytes":2279424,"wait":{"nanos":8189916,"secs":0}},{"allocated_bytes":4,"allocation_time":{"nanos":3875,"secs":0},"allocations":1,"arena_capacity":264062976,"arena_high_water":268435456,"command_buffers":1,"completion_waits":1,"dispatches":531,"encode":{"nanos":178761,"secs":0},"gpu":{"nanos":7712750,"secs":0},"reused_bytes":2279424,"transient_live_bytes":524288,"transient_peak_bytes":2279424,"wait":{"nanos":7939834,"secs":0}},{"allocated_bytes":4,"allocation_time":{"nanos":4292,"secs":0},"allocations":1,"arena_capacity":264062976,"arena_high_water":268435456,"command_buffers":1,"completion_waits":1,"dispatches":531,"encode":{"nanos":187909,"secs":0},"gpu":{"nanos":6903542,"secs":0},"reused_bytes":2279424,"transient_live_bytes":524288,"transient_peak_bytes":2279424,"wait":{"nanos":7148083,"secs":0}},{"allocated_bytes":4,"allocation_time":{"nanos":4084,"secs":0},"allocations":1,"arena_capacity":264062976,"arena_high_water":268435456,"command_buffers":1,"completion_waits":1,"dispatches":531,"encode":{"nanos":173316,"secs":0},"gpu":{"nanos":7897375,"secs":0},"reused_bytes":2279424,"transient_live_bytes":524288,"transient_peak_bytes":2279424,"wait":{"nanos":8139083,"secs":0}},{"allocated_bytes":4,"allocation_time":{"nanos":5667,"secs":0},"allocations":1,"arena_capacity":264062976,"arena_high_water":268435456,"command_buffers":1,"completion_waits":1,"dispatches":531,"encode":{"nanos":177331,"secs":0},"gpu":{"nanos":7785458,"secs":0},"reused_bytes":2279424,"transient_live_bytes":524288,"transient_peak_bytes":2279424,"wait":{"nanos":8020542,"secs":0}},{"allocated_bytes":4,"allocation_time":{"nanos":7042,"secs":0},"allocations":1,"arena_capacity":264062976,"arena_high_water":268435456,"command_buffers":1,"completion_waits":1,"dispatches":531,"encode":{"nanos":182079,"secs":0},"gpu":{"nanos":7757000,"secs":0},"reused_bytes":2279424,"transient_live_bytes":524288,"transient_peak_bytes":2279424,"wait":{"nanos":7980167,"secs":0}},{"allocated_bytes":4,"allocation_time":{"nanos":4625,"secs":0},"allocations":1,"arena_capacity":264062976,"arena_high_water":268435456,"command_buffers":1,"completion_waits":1,"dispatches":531,"encode":{"nanos":174859,"secs":0},"gpu":{"nanos":7933125,"secs":0},"reused_bytes":2279424,"transient_live_bytes":524288,"transient_peak_bytes":2279424,"wait":{"nanos":8168708,"secs":0}},{"allocated_bytes":4,"allocation_time":{"nanos":5250,"secs":0},"allocations":1,"arena_capacity":264062976,"arena_high_water":268435456,"command_buffers":1,"completion_waits":1,"dispatches":531,"encode":{"nanos":175923,"secs":0},"gpu":{"nanos":8188500,"secs":0},"reused_bytes":2279424,"transient_live_bytes":524288,"transient_peak_bytes":2279424,"wait":{"nanos":8443250,"secs":0}},{"allocated_bytes":4,"allocation_time":{"nanos":4333,"secs":0},"allocations":1,"arena_capacity":264062976,"arena_high_water":268435456,"command_buffers":1,"completion_waits":1,"dispatches":531,"encode":{"nanos":173048,"secs":0},"gpu":{"nanos":7944375,"secs":0},"reused_bytes":2279424,"transient_live_bytes":524288,"transient_peak_bytes":2279424,"wait":{"nanos":8152000,"secs":0}},{"allocated_bytes":4,"allocation_time":{"nanos":3167,"secs":0},"allocations":1,"arena_capacity":264062976,"arena_high_water":268435456,"command_buffers":1,"completion_waits":1,"dispatches":531,"encode":{"nanos":168509,"secs":0},"gpu":{"nanos":7170125,"secs":0},"reused_bytes":2279424,"transient_live_bytes":524288,"transient_peak_bytes":2279424,"wait":{"nanos":7440709,"secs":0}},{"allocated_bytes":4,"allocation_time":{"nanos":3375,"secs":0},"allocations":1,"arena_capacity":264062976,"arena_high_water":268435456,"command_buffers":1,"completion_waits":1,"dispatches":531,"encode":{"nanos":168651,"secs":0},"gpu":{"nanos":7295125,"secs":0},"reused_bytes":2279424,"transient_live_bytes":524288,"transient_peak_bytes":2279424,"wait":{"nanos":7555167,"secs":0}},{"allocated_bytes":4,"allocation_time":{"nanos":2458,"secs":0},"allocations":1,"arena_capacity":264062976,"arena_high_water":268435456,"command_buffers":1,"completion_waits":1,"dispatches":531,"encode":{"nanos":171203,"secs":0},"gpu":{"nanos":7743042,"secs":0},"reused_bytes":2328576,"transient_live_bytes":524288,"transient_peak_bytes":2328576,"wait":{"nanos":7984375,"secs":0}}],"decode_median_ms":8.480917,"decode_ms":[8.340292,8.293875,8.535625,8.666833,8.630125000000001,8.383417000000001,7.5864590000000005,8.572583,8.480917,8.426042,8.572916999999999,8.891667,8.555874999999999,7.859708,7.977958999999999,8.410957999999999],"decode_profiles":[{},{},{},{},{},{},{},{},{},{},{},{},{},{},{},{}],"decode_tps":117.91177770045385,"first_token_ms":27.985333,"generated_ids":[9707,0,2585,646,358,1492,498,3351,30,2160,1052,2494,498,1035,1075,311,1414],"generated_tokens":17,"generation_ms":166.07512499999999,"generation_tps":102.36331298862488,"kv_active_bytes":454656,"kv_reserved_bytes":3145728,"model_format":"GGUF","model_repository":"Qwen/Qwen2.5-0.5B-Instruct-GGUF","model_revision":"9217f5db79a29953eb74d5343926648285ec7e67","packed_quantized_bytes":422496256,"pair":1,"pair_order":"llama.cpp>ferrum","prefill_counters":{"allocated_bytes":3145812,"allocation_time":{"nanos":348292,"secs":0},"allocations":49,"arena_capacity":264062976,"arena_high_water":268435456,"command_buffers":1,"completion_waits":1,"dispatches":531,"encode":{"nanos":210469,"secs":0},"gpu":{"nanos":26663542,"secs":0},"reused_bytes":37027840,"transient_live_bytes":0,"transient_peak_bytes":37027840,"wait":{"nanos":26932041,"secs":0}},"prefill_ms":27.684041999999998,"prefill_profile":{},"prefill_tps":758.5597507762776,"prompt_ids":[151644,8948,198,2610,525,264,10950,17847,13,151645,198,151644,872,198,9707,0,151645,198,151644,77091,198],"prompt_tokens":21,"retained_weight_bytes":422639360,"runtime":"ferrum","sampling_ms":4.024749,"source_tensor_bytes":422782464,"warmup":false,"process_rss_bytes":926056448,"source_matrix_case_model":"qwen2.5-phase7a-shape-workload","ferrum_options":{"batch_limit_dispatches":1024,"q4_0_gemv_8rows":true,"mlx_affine4_gemv_quad":true},"engine_order":["llama.cpp","ferrum"],"case_index":0,"engine_load_plus_first_warmup_ms":595.0837089912966}
{"case":"short","decode_aggregate_tps":113.33387809150736,"decode_counters":[{"allocated_bytes":4,"allocation_time":{"nanos":5375,"secs":0},"allocations":1,"arena_capacity":264062976,"arena_high_water":268435456,"command_buffers":1,"completion_waits":1,"dispatches":531,"encode":{"nanos":185134,"secs":0},"gpu":{"nanos":7831083,"secs":0},"reused_bytes":2279424,"transient_live_bytes":524288,"transient_peak_bytes":2279424,"wait":{"nanos":8053208,"secs":0}},{"allocated_bytes":4,"allocation_time":{"nanos":11042,"secs":0},"allocations":1,"arena_capacity":264062976,"arena_high_water":268435456,"command_buffers":1,"completion_waits":1,"dispatches":531,"encode":{"nanos":194115,"secs":0},"gpu":{"nanos":8030917,"secs":0},"reused_bytes":2279424,"transient_live_bytes":524288,"transient_peak_bytes":2279424,"wait":{"nanos":8383459,"secs":0}},{"allocated_bytes":4,"allocation_time":{"nanos":20250,"secs":0},"allocations":1,"arena_capacity":264062976,"arena_high_water":268435456,"command_buffers":1,"completion_waits":1,"dispatches":531,"encode":{"nanos":627699,"secs":0},"gpu":{"nanos":8054583,"secs":0},"reused_bytes":2279424,"transient_live_bytes":524288,"transient_peak_bytes":2279424,"wait":{"nanos":8554333,"secs":0}},{"allocated_bytes":4,"allocation_time":{"nanos":15584,"secs":0},"allocations":1,"arena_capacity":264062976,"arena_high_water":268435456,"command_buffers":1,"completion_waits":1,"dispatches":531,"encode":{"nanos":2525327,"secs":0},"gpu":{"nanos":7130208,"secs":0},"reused_bytes":2279424,"transient_live_bytes":524288,"transient_peak_bytes":2279424,"wait":{"nanos":7591167,"secs":0}},{"allocated_bytes":4,"allocation_time":{"nanos":17708,"secs":0},"allocations":1,"arena_capacity":264062976,"arena_high_water":268435456,"command_buffers":1,"completion_waits":1,"dispatches":531,"encode":{"nanos":822249,"secs":0},"gpu":{"nanos":7030667,"secs":0},"reused_bytes":2279424,"transient_live_bytes":524288,"transient_peak_bytes":2279424,"wait":{"nanos":7483000,"secs":0}},{"allocated_bytes":4,"allocation_time":{"nanos":11667,"secs":0},"allocations":1,"arena_capacity":264062976,"arena_high_water":268435456,"command_buffers":1,"completion_waits":1,"dispatches":531,"encode":{"nanos":226121,"secs":0},"gpu":{"nanos":7908750,"secs":0},"reused_bytes":2279424,"transient_live_bytes":524288,"transient_peak_bytes":2279424,"wait":{"nanos":8175000,"secs":0}},{"allocated_bytes":4,"allocation_time":{"nanos":11208,"secs":0},"allocations":1,"arena_capacity":264062976,"arena_high_water":268435456,"command_buffers":1,"completion_waits":1,"dispatches":531,"encode":{"nanos":224124,"secs":0},"gpu":{"nanos":7944667,"secs":0},"reused_bytes":2279424,"transient_live_bytes":524288,"transient_peak_bytes":2279424,"wait":{"nanos":8179708,"secs":0}},{"allocated_bytes":4,"allocation_time":{"nanos":5750,"secs":0},"allocations":1,"arena_capacity":264062976,"arena_high_water":268435456,"command_buffers":1,"completion_waits":1,"dispatches":531,"encode":{"nanos":231650,"secs":0},"gpu":{"nanos":7938167,"secs":0},"reused_bytes":2279424,"transient_live_bytes":524288,"transient_peak_bytes":2279424,"wait":{"nanos":8197000,"secs":0}},{"allocated_bytes":4,"allocation_time":{"nanos":4792,"secs":0},"allocations":1,"arena_capacity":264062976,"arena_high_water":268435456,"command_buffers":1,"completion_waits":1,"dispatches":531,"encode":{"nanos":226078,"secs":0},"gpu":{"nanos":7809458,"secs":0},"reused_bytes":2279424,"transient_live_bytes":524288,"transient_peak_bytes":2279424,"wait":{"nanos":8034542,"secs":0}},{"allocated_bytes":4,"allocation_time":{"nanos":3375,"secs":0},"allocations":1,"arena_capacity":264062976,"arena_high_water":268435456,"command_buffers":1,"completion_waits":1,"dispatches":531,"encode":{"nanos":194697,"secs":0},"gpu":{"nanos":7814292,"secs":0},"reused_bytes":2279424,"transient_live_bytes":524288,"transient_peak_bytes":2279424,"wait":{"nanos":8074625,"secs":0}},{"allocated_bytes":4,"allocation_time":{"nanos":6500,"secs":0},"allocations":1,"arena_capacity":264062976,"arena_high_water":268435456,"command_buffers":1,"completion_waits":1,"dispatches":531,"encode":{"nanos":201283,"secs":0},"gpu":{"nanos":7926042,"secs":0},"reused_bytes":2279424,"transient_live_bytes":524288,"transient_peak_bytes":2279424,"wait":{"nanos":8132667,"secs":0}},{"allocated_bytes":4,"allocation_time":{"nanos":3791,"secs":0},"allocations":1,"arena_capacity":264062976,"arena_high_water":268435456,"command_buffers":1,"completion_waits":1,"dispatches":531,"encode":{"nanos":169096,"secs":0},"gpu":{"nanos":8199417,"secs":0},"reused_bytes":2279424,"transient_live_bytes":524288,"transient_peak_bytes":2279424,"wait":{"nanos":8447791,"secs":0}},{"allocated_bytes":4,"allocation_time":{"nanos":4792,"secs":0},"allocations":1,"arena_capacity":264062976,"arena_high_water":268435456,"command_buffers":1,"completion_waits":1,"dispatches":531,"encode":{"nanos":180457,"secs":0},"gpu":{"nanos":6879875,"secs":0},"reused_bytes":2279424,"transient_live_bytes":524288,"transient_peak_bytes":2279424,"wait":{"nanos":7123833,"secs":0}},{"allocated_bytes":4,"allocation_time":{"nanos":4708,"secs":0},"allocations":1,"arena_capacity":264062976,"arena_high_water":268435456,"command_buffers":1,"completion_waits":1,"dispatches":531,"encode":{"nanos":192143,"secs":0},"gpu":{"nanos":7614917,"secs":0},"reused_bytes":2279424,"transient_live_bytes":524288,"transient_peak_bytes":2279424,"wait":{"nanos":7810458,"secs":0}},{"allocated_bytes":4,"allocation_time":{"nanos":3375,"secs":0},"allocations":1,"arena_capacity":264062976,"arena_high_water":268435456,"command_buffers":1,"completion_waits":1,"dispatches":531,"encode":{"nanos":170614,"secs":0},"gpu":{"nanos":8030917,"secs":0},"reused_bytes":2279424,"transient_live_bytes":524288,"transient_peak_bytes":2279424,"wait":{"nanos":8268333,"secs":0}},{"allocated_bytes":4,"allocation_time":{"nanos":3125,"secs":0},"allocations":1,"arena_capacity":264062976,"arena_high_water":268435456,"command_buffers":1,"completion_waits":1,"dispatches":531,"encode":{"nanos":174709,"secs":0},"gpu":{"nanos":7748875,"secs":0},"reused_bytes":2328576,"transient_live_bytes":524288,"transient_peak_bytes":2328576,"wait":{"nanos":7984042,"secs":0}}],"decode_median_ms":8.720666999999999,"decode_ms":[8.481,9.008791,10.029833,11.172792000000001,8.794500000000001,8.752208,8.720666999999999,8.735792,8.533042,8.548125,8.578292,8.879417,7.567792,8.266083,8.695958000000001,8.4115],"decode_profiles":[{},{},{},{},{},{},{},{},{},{},{},{},{},{},{},{}],"decode_tps":114.67012786980631,"first_token_ms":27.772417,"generated_ids":[9707,0,2585,646,358,1492,498,3351,30,2160,1052,2494,498,1035,1075,311,1414],"generated_tokens":17,"generation_ms":174.846458,"generation_tps":97.22816346671432,"kv_active_bytes":454656,"kv_reserved_bytes":3145728,"model_format":"GGUF","model_repository":"Qwen/Qwen2.5-0.5B-Instruct-GGUF","model_revision":"9217f5db79a29953eb74d5343926648285ec7e67","packed_quantized_bytes":422496256,"pair":2,"pair_order":"ferrum>llama.cpp","prefill_counters":{"allocated_bytes":3145812,"allocation_time":{"nanos":394169,"secs":0},"allocations":49,"arena_capacity":264062976,"arena_high_water":268435456,"command_buffers":1,"completion_waits":1,"dispatches":531,"encode":{"nanos":223252,"secs":0},"gpu":{"nanos":26394042,"secs":0},"reused_bytes":37027840,"transient_live_bytes":0,"transient_peak_bytes":37027840,"wait":{"nanos":26674959,"secs":0}},"prefill_ms":27.472042,"prefill_profile":{},"prefill_tps":764.4135081039844,"prompt_ids":[151644,8948,198,2610,525,264,10950,17847,13,151645,198,151644,872,198,9707,0,151645,198,151644,77091,198],"prompt_tokens":21,"retained_weight_bytes":422639360,"runtime":"ferrum","sampling_ms":6.011956,"source_tensor_bytes":422782464,"warmup":false,"process_rss_bytes":927318016,"source_matrix_case_model":"qwen2.5-phase7a-shape-workload","ferrum_options":{"batch_limit_dispatches":1024,"q4_0_gemv_8rows":true,"mlx_affine4_gemv_quad":true},"engine_order":["ferrum","llama.cpp"],"case_index":0,"engine_load_plus_first_warmup_ms":595.0837089912966}
{"case":"short","command_buffer_count":null,"decode_aggregate_tps":242.95909109489938,"decode_median_ms":4.092833,"decode_ms":[4.129333,4.739792,3.608209,4.771041,3.590791,3.596959,4.681375,3.63925,4.755375,3.663583,4.716166,3.574042,4.092833,3.806834,3.663667,4.825458],"decode_tps":244.3295389770362,"dispatch_count":null,"first_token_ms":15.613958,"generated_ids":[9707,0,2585,646,358,1492,498,3351,30,2160,1052,2494,498,1035,1075,311,1414],"generated_tokens":17,"generation_ms":85.225333,"generation_tps":199.47120652494252,"kv_context_capacity_tokens":4096,"kv_type":"bf16","llama_version":"0.5.0-dev","model_format":"GGUF","pair":2,"pair_order":"ferrum>llama.cpp","prefill_ms":15.38925,"prefill_tps":1364.5889175885764,"process_max_rss_bytes":613089280,"prompt_ids":[151644,8948,198,2610,525,264,10950,17847,13,151645,198,151644,872,198,9707,0,151645,198,151644,77091,198],"prompt_tokens":21,"runtime":"llama.cpp","sampling_ms":3.979959,"warmup":false,"process_rss_bytes":613056512,"source_matrix_case_model":"qwen2.5-phase7a-shape-workload","engine_order":["ferrum","llama.cpp"],"case_index":0,"engine_load_plus_first_warmup_ms":619.0415829769336}
{"case":"128","command_buffer_count":null,"decode_aggregate_tps":240.0841783146007,"decode_median_ms":4.176708,"decode_ms":[4.176708,4.441083,3.676125,4.973167,3.645458,4.808625,3.612375,4.772209,3.613292,3.593875,4.844833,3.615958,4.745,3.7365,4.764542,3.623542],"decode_tps":239.42300970046267,"dispatch_count":null,"first_token_ms":19.138416,"generated_ids":[646,387,68743,13,47124,938,7032,9429,24182,3059,448,5785,2750,13,76817,32037,882],"generated_tokens":17,"generation_ms":89.767125,"generation_tps":189.37890681026045,"kv_context_capacity_tokens":4096,"kv_type":"bf16","llama_version":"0.5.0-dev","model_format":"GGUF","pair":0,"pair_order":"llama.cpp>ferrum","prefill_ms":18.913875,"prefill_tps":6767.518554500333,"process_max_rss_bytes":613105664,"prompt_ids":[32,15592,51435,264,8500,315,15626,7525,13,13850,15278,26569,979,5819,646,387,68743,13,47124,938,7032,9429,24182,3059,448,5785,2750,13,76817,32037,882,7391,24231,504,882,7391,8580,13,362,15592,51435,264,8500,315,15626,7525,13,13850,15278,26569,979,5819,646,387,68743,13,47124,938,7032,9429,24182,3059,448,5785,2750,13,76817,32037,882,7391,24231,504,882,7391,8580,13,362,15592,51435,264,8500,315,15626,7525,13,13850,15278,26569,979,5819,646,387,68743,13,47124,938,7032,9429,24182,3059,448,5785,2750,13,76817,32037,882,7391,24231,504,882,7391,8580,13,362,15592,51435,264,8500,315,15626,7525,13,13850,15278,26569,979,5819],"prompt_tokens":128,"runtime":"llama.cpp","sampling_ms":4.208459,"warmup":false,"process_rss_bytes":613072896,"source_matrix_case_model":"qwen2.5-phase7a-shape-workload","engine_order":["llama.cpp","ferrum"],"case_index":1,"engine_load_plus_first_warmup_ms":619.0415829769336}
{"case":"128","decode_aggregate_tps":117.80387830688557,"decode_counters":[{"allocated_bytes":196612,"allocation_time":{"nanos":108579,"secs":0},"allocations":49,"arena_capacity":262948864,"arena_high_water":268435456,"command_buffers":1,"completion_waits":1,"dispatches":531,"encode":{"nanos":195543,"secs":0},"gpu":{"nanos":7696917,"secs":0},"reused_bytes":2230272,"transient_live_bytes":524288,"transient_peak_bytes":2426880,"wait":{"nanos":7925125,"secs":0}},{"allocated_bytes":4,"allocation_time":{"nanos":2958,"secs":0},"allocations":1,"arena_capacity":262948864,"arena_high_water":268435456,"command_buffers":1,"completion_waits":1,"dispatches":531,"encode":{"nanos":176256,"secs":0},"gpu":{"nanos":8096875,"secs":0},"reused_bytes":2426880,"transient_live_bytes":524288,"transient_peak_bytes":2426880,"wait":{"nanos":8308375,"secs":0}},{"allocated_bytes":4,"allocation_time":{"nanos":3417,"secs":0},"allocations":1,"arena_capacity":262948864,"arena_high_water":268435456,"command_buffers":1,"completion_waits":1,"dispatches":531,"encode":{"nanos":181917,"secs":0},"gpu":{"nanos":8206750,"secs":0},"reused_bytes":2426880,"transient_live_bytes":524288,"transient_peak_bytes":2426880,"wait":{"nanos":8392334,"secs":0}},{"allocated_bytes":4,"allocation_time":{"nanos":3375,"secs":0},"allocations":1,"arena_capacity":262948864,"arena_high_water":268435456,"command_buffers":1,"completion_waits":1,"dispatches":531,"encode":{"nanos":176471,"secs":0},"gpu":{"nanos":7937000,"secs":0},"reused_bytes":2426880,"transient_live_bytes":524288,"transient_peak_bytes":2426880,"wait":{"nanos":8135375,"secs":0}},{"allocated_bytes":4,"allocation_time":{"nanos":2459,"secs":0},"allocations":1,"arena_capacity":262948864,"arena_high_water":268435456,"command_buffers":1,"completion_waits":1,"dispatches":531,"encode":{"nanos":177047,"secs":0},"gpu":{"nanos":7939375,"secs":0},"reused_bytes":2426880,"transient_live_bytes":524288,"transient_peak_bytes":2426880,"wait":{"nanos":8242000,"secs":0}},{"allocated_bytes":4,"allocation_time":{"nanos":4375,"secs":0},"allocations":1,"arena_capacity":262948864,"arena_high_water":268435456,"command_buffers":1,"completion_waits":1,"dispatches":531,"encode":{"nanos":176077,"secs":0},"gpu":{"nanos":7236333,"secs":0},"reused_bytes":2426880,"transient_live_bytes":524288,"transient_peak_bytes":2426880,"wait":{"nanos":7477333,"secs":0}},{"allocated_bytes":4,"allocation_time":{"nanos":3791,"secs":0},"allocations":1,"arena_capacity":262948864,"arena_high_water":268435456,"command_buffers":1,"completion_waits":1,"dispatches":531,"encode":{"nanos":185253,"secs":0},"gpu":{"nanos":6609250,"secs":0},"reused_bytes":2426880,"transient_live_bytes":524288,"transient_peak_bytes":2426880,"wait":{"nanos":6875459,"secs":0}},{"allocated_bytes":4,"allocation_time":{"nanos":3083,"secs":0},"allocations":1,"arena_capacity":262948864,"arena_high_water":268435456,"command_buffers":1,"completion_waits":1,"dispatches":531,"encode":{"nanos":184227,"secs":0},"gpu":{"nanos":7652583,"secs":0},"reused_bytes":2426880,"transient_live_bytes":524288,"transient_peak_bytes":2426880,"wait":{"nanos":7875708,"secs":0}},{"allocated_bytes":4,"allocation_time":{"nanos":2750,"secs":0},"allocations":1,"arena_capacity":262948864,"arena_high_water":268435456,"command_buffers":1,"completion_waits":1,"dispatches":531,"encode":{"nanos":180005,"secs":0},"gpu":{"nanos":8198750,"secs":0},"reused_bytes":2426880,"transient_live_bytes":524288,"transient_peak_bytes":2426880,"wait":{"nanos":8375000,"secs":0}},{"allocated_bytes":4,"allocation_time":{"nanos":2709,"secs":0},"allocations":1,"arena_capacity":262948864,"arena_high_water":268435456,"command_buffers":1,"completion_waits":1,"dispatches":531,"encode":{"nanos":170952,"secs":0},"gpu":{"nanos":8347792,"secs":0},"reused_bytes":2426880,"transient_live_bytes":524288,"transient_peak_bytes":2426880,"wait":{"nanos":8623625,"secs":0}},{"allocated_bytes":4,"allocation_time":{"nanos":4334,"secs":0},"allocations":1,"arena_capacity":262948864,"arena_high_water":268435456,"command_buffers":1,"completion_waits":1,"dispatches":531,"encode":{"nanos":178165,"secs":0},"gpu":{"nanos":8125167,"secs":0},"reused_bytes":2426880,"transient_live_bytes":524288,"transient_peak_bytes":2426880,"wait":{"nanos":8374000,"secs":0}},{"allocated_bytes":4,"allocation_time":{"nanos":9000,"secs":0},"allocations":1,"arena_capacity":262948864,"arena_high_water":268435456,"command_buffers":1,"completion_waits":1,"dispatches":531,"encode":{"nanos":195852,"secs":0},"gpu":{"nanos":8577458,"secs":0},"reused_bytes":2426880,"transient_live_bytes":524288,"transient_peak_bytes":2426880,"wait":{"nanos":8855417,"secs":0}},{"allocated_bytes":4,"allocation_time":{"nanos":8875,"secs":0},"allocations":1,"arena_capacity":262948864,"arena_high_water":268435456,"command_buffers":1,"completion_waits":1,"dispatches":531,"encode":{"nanos":213459,"secs":0},"gpu":{"nanos":8088292,"secs":0},"reused_bytes":2426880,"transient_live_bytes":524288,"transient_peak_bytes":2426880,"wait":{"nanos":8333166,"secs":0}},{"allocated_bytes":4,"allocation_time":{"nanos":6083,"secs":0},"allocations":1,"arena_capacity":262948864,"arena_high_water":268435456,"command_buffers":1,"completion_waits":1,"dispatches":531,"encode":{"nanos":186642,"secs":0},"gpu":{"nanos":7866583,"secs":0},"reused_bytes":2426880,"transient_live_bytes":524288,"transient_peak_bytes":2426880,"wait":{"nanos":8095417,"secs":0}},{"allocated_bytes":4,"allocation_time":{"nanos":5458,"secs":0},"allocations":1,"arena_capacity":262948864,"arena_high_water":268435456,"command_buffers":1,"completion_waits":1,"dispatches":531,"encode":{"nanos":182899,"secs":0},"gpu":{"nanos":6808458,"secs":0},"reused_bytes":2426880,"transient_live_bytes":524288,"transient_peak_bytes":2426880,"wait":{"nanos":7039792,"secs":0}},{"allocated_bytes":4,"allocation_time":{"nanos":6250,"secs":0},"allocations":1,"arena_capacity":262948864,"arena_high_water":268435456,"command_buffers":1,"completion_waits":1,"dispatches":531,"encode":{"nanos":195333,"secs":0},"gpu":{"nanos":7357583,"secs":0},"reused_bytes":2426880,"transient_live_bytes":524288,"transient_peak_bytes":2426880,"wait":{"nanos":7545667,"secs":0}}],"decode_median_ms":8.704125,"decode_ms":[8.500333000000001,8.740833,8.809000000000001,8.573832999999999,8.704125,7.9214590000000005,7.3266670000000005,8.323083,8.821417,9.060917,8.796040999999999,9.31725,8.856083,8.554208000000001,7.491333999999999,8.022375],"decode_profiles":[{},{},{},{},{},{},{},{},{},{},{},{},{},{},{},{}],"decode_tps":114.88805595048325,"first_token_ms":47.952,"generated_ids":[646,387,68743,13,47124,938,7032,9429,24182,3059,448,5785,2750,13,76817,32037,882],"generated_tokens":17,"generation_ms":187.81604199999998,"generation_tps":90.51409996170615,"kv_active_bytes":1769472,"kv_reserved_bytes":3145728,"model_format":"GGUF","model_repository":"Qwen/Qwen2.5-0.5B-Instruct-GGUF","model_revision":"9217f5db79a29953eb74d5343926648285ec7e67","packed_quantized_bytes":422496256,"pair":0,"pair_order":"llama.cpp>ferrum","prefill_counters":{"allocated_bytes":186384896,"allocation_time":{"nanos":9606084,"secs":0},"allocations":392,"arena_capacity":262752256,"arena_high_water":268435456,"command_buffers":1,"completion_waits":1,"dispatches":531,"encode":{"nanos":298871,"secs":0},"gpu":{"nanos":35054750,"secs":0},"reused_bytes":60817408,"transient_live_bytes":0,"transient_peak_bytes":244056064,"wait":{"nanos":37446208,"secs":0}},"prefill_ms":47.651042,"prefill_profile":{},"prefill_tps":2686.1951938007987,"prompt_ids":[32,15592,51435,264,8500,315,15626,7525,13,13850,15278,26569,979,5819,646,387,68743,13,47124,938,7032,9429,24182,3059,448,5785,2750,13,76817,32037,882,7391,24231,504,882,7391,8580,13,362,15592,51435,264,8500,315,15626,7525,13,13850,15278,26569,979,5819,646,387,68743,13,47124,938,7032,9429,24182,3059,448,5785,2750,13,76817,32037,882,7391,24231,504,882,7391,8580,13,362,15592,51435,264,8500,315,15626,7525,13,13850,15278,26569,979,5819,646,387,68743,13,47124,938,7032,9429,24182,3059,448,5785,2750,13,76817,32037,882,7391,24231,504,882,7391,8580,13,362,15592,51435,264,8500,315,15626,7525,13,13850,15278,26569,979,5819],"prompt_tokens":128,"retained_weight_bytes":422639360,"runtime":"ferrum","sampling_ms":4.157331999999999,"source_tensor_bytes":422782464,"warmup":false,"process_rss_bytes":926236672,"source_matrix_case_model":"qwen2.5-phase7a-shape-workload","ferrum_options":{"batch_limit_dispatches":1024,"q4_0_gemv_8rows":true,"mlx_affine4_gemv_quad":true},"engine_order":["llama.cpp","ferrum"],"case_index":1,"engine_load_plus_first_warmup_ms":595.0837089912966}
{"case":"128","decode_aggregate_tps":117.68134476414404,"decode_counters":[{"allocated_bytes":4,"allocation_time":{"nanos":4792,"secs":0},"allocations":1,"arena_capacity":262948864,"arena_high_water":268435456,"command_buffers":1,"completion_waits":1,"dispatches":531,"encode":{"nanos":187413,"secs":0},"gpu":{"nanos":7719833,"secs":0},"reused_bytes":2426880,"transient_live_bytes":524288,"transient_peak_bytes":2426880,"wait":{"nanos":7950125,"secs":0}},{"allocated_bytes":4,"allocation_time":{"nanos":2584,"secs":0},"allocations":1,"arena_capacity":262948864,"arena_high_water":268435456,"command_buffers":1,"completion_waits":1,"dispatches":531,"encode":{"nanos":171673,"secs":0},"gpu":{"nanos":8054500,"secs":0},"reused_bytes":2426880,"transient_live_bytes":524288,"transient_peak_bytes":2426880,"wait":{"nanos":8284833,"secs":0}},{"allocated_bytes":4,"allocation_time":{"nanos":3000,"secs":0},"allocations":1,"arena_capacity":262948864,"arena_high_water":268435456,"command_buffers":1,"completion_waits":1,"dispatches":531,"encode":{"nanos":173363,"secs":0},"gpu":{"nanos":8008625,"secs":0},"reused_bytes":2426880,"transient_live_bytes":524288,"transient_peak_bytes":2426880,"wait":{"nanos":8266500,"secs":0}},{"allocated_bytes":4,"allocation_time":{"nanos":4834,"secs":0},"allocations":1,"arena_capacity":262948864,"arena_high_water":268435456,"command_buffers":1,"completion_waits":1,"dispatches":531,"encode":{"nanos":203862,"secs":0},"gpu":{"nanos":8056083,"secs":0},"reused_bytes":2426880,"transient_live_bytes":524288,"transient_peak_bytes":2426880,"wait":{"nanos":8262417,"secs":0}},{"allocated_bytes":4,"allocation_time":{"nanos":8208,"secs":0},"allocations":1,"arena_capacity":262948864,"arena_high_water":268435456,"command_buffers":1,"completion_waits":1,"dispatches":531,"encode":{"nanos":220073,"secs":0},"gpu":{"nanos":8048875,"secs":0},"reused_bytes":2426880,"transient_live_bytes":524288,"transient_peak_bytes":2426880,"wait":{"nanos":8274916,"secs":0}},{"allocated_bytes":4,"allocation_time":{"nanos":11708,"secs":0},"allocations":1,"arena_capacity":262948864,"arena_high_water":268435456,"command_buffers":1,"completion_waits":1,"dispatches":531,"encode":{"nanos":232572,"secs":0},"gpu":{"nanos":7035000,"secs":0},"reused_bytes":2426880,"transient_live_bytes":524288,"transient_peak_bytes":2426880,"wait":{"nanos":7261875,"secs":0}},{"allocated_bytes":4,"allocation_time":{"nanos":15167,"secs":0},"allocations":1,"arena_capacity":262948864,"arena_high_water":268435456,"command_buffers":1,"completion_waits":1,"dispatches":531,"encode":{"nanos":250871,"secs":0},"gpu":{"nanos":7051333,"secs":0},"reused_bytes":2426880,"transient_live_bytes":524288,"transient_peak_bytes":2426880,"wait":{"nanos":7243542,"secs":0}},{"allocated_bytes":4,"allocation_time":{"nanos":11834,"secs":0},"allocations":1,"arena_capacity":262948864,"arena_high_water":268435456,"command_buffers":1,"completion_waits":1,"dispatches":531,"encode":{"nanos":204245,"secs":0},"gpu":{"nanos":7559750,"secs":0},"reused_bytes":2426880,"transient_live_bytes":524288,"transient_peak_bytes":2426880,"wait":{"nanos":7781500,"secs":0}},{"allocated_bytes":4,"allocation_time":{"nanos":8000,"secs":0},"allocations":1,"arena_capacity":262948864,"arena_high_water":268435456,"command_buffers":1,"completion_waits":1,"dispatches":531,"encode":{"nanos":209308,"secs":0},"gpu":{"nanos":7840708,"secs":0},"reused_bytes":2426880,"transient_live_bytes":524288,"transient_peak_bytes":2426880,"wait":{"nanos":8062084,"secs":0}},{"allocated_bytes":4,"allocation_time":{"nanos":5458,"secs":0},"allocations":1,"arena_capacity":262948864,"arena_high_water":268435456,"command_buffers":1,"completion_waits":1,"dispatches":531,"encode":{"nanos":207360,"secs":0},"gpu":{"nanos":8107417,"secs":0},"reused_bytes":2426880,"transient_live_bytes":524288,"transient_peak_bytes":2426880,"wait":{"nanos":8324500,"secs":0}},{"allocated_bytes":4,"allocation_time":{"nanos":8250,"secs":0},"allocations":1,"arena_capacity":262948864,"arena_high_water":268435456,"command_buffers":1,"completion_waits":1,"dispatches":531,"encode":{"nanos":250519,"secs":0},"gpu":{"nanos":8047833,"secs":0},"reused_bytes":2426880,"transient_live_bytes":524288,"transient_peak_bytes":2426880,"wait":{"nanos":8233625,"secs":0}},{"allocated_bytes":4,"allocation_time":{"nanos":4875,"secs":0},"allocations":1,"arena_capacity":262948864,"arena_high_water":268435456,"command_buffers":1,"completion_waits":1,"dispatches":531,"encode":{"nanos":290373,"secs":0},"gpu":{"nanos":8328375,"secs":0},"reused_bytes":2426880,"transient_live_bytes":524288,"transient_peak_bytes":2426880,"wait":{"nanos":8553916,"secs":0}},{"allocated_bytes":4,"allocation_time":{"nanos":6667,"secs":0},"allocations":1,"arena_capacity":262948864,"arena_high_water":268435456,"command_buffers":1,"completion_waits":1,"dispatches":531,"encode":{"nanos":217297,"secs":0},"gpu":{"nanos":8096000,"secs":0},"reused_bytes":2426880,"transient_live_bytes":524288,"transient_peak_bytes":2426880,"wait":{"nanos":8324458,"secs":0}},{"allocated_bytes":4,"allocation_time":{"nanos":6583,"secs":0},"allocations":1,"arena_capacity":262948864,"arena_high_water":268435456,"command_buffers":1,"completion_waits":1,"dispatches":531,"encode":{"nanos":212080,"secs":0},"gpu":{"nanos":6794000,"secs":0},"reused_bytes":2426880,"transient_live_bytes":524288,"transient_peak_bytes":2426880,"wait":{"nanos":7007916,"secs":0}},{"allocated_bytes":4,"allocation_time":{"nanos":5500,"secs":0},"allocations":1,"arena_capacity":262948864,"arena_high_water":268435456,"command_buffers":1,"completion_waits":1,"dispatches":531,"encode":{"nanos":195871,"secs":0},"gpu":{"nanos":7882458,"secs":0},"reused_bytes":2426880,"transient_live_bytes":524288,"transient_peak_bytes":2426880,"wait":{"nanos":8092958,"secs":0}},{"allocated_bytes":4,"allocation_time":{"nanos":4584,"secs":0},"allocations":1,"arena_capacity":262948864,"arena_high_water":268435456,"command_buffers":1,"completion_waits":1,"dispatches":531,"encode":{"nanos":191756,"secs":0},"gpu":{"nanos":7908125,"secs":0},"reused_bytes":2426880,"transient_live_bytes":524288,"transient_peak_bytes":2426880,"wait":{"nanos":8115500,"secs":0}}],"decode_median_ms":8.688708,"decode_ms":[8.396625,8.688708,8.692625000000001,8.751709,8.825167,7.780792,7.788042,8.24875,8.548874999999999,8.887,8.788874999999999,9.181999999999999,8.803958000000002,7.482042000000001,8.540667000000001,8.554542],"decode_profiles":[{},{},{},{},{},{},{},{},{},{},{},{},{},{},{},{}],"decode_tps":115.09191009756572,"first_token_ms":36.397290999999996,"generated_ids":[646,387,68743,13,47124,938,7032,9429,24182,3059,448,5785,2750,13,76817,32037,882],"generated_tokens":17,"generation_ms":176.57979200000003,"generation_tps":96.27375707861293,"kv_active_bytes":1769472,"kv_reserved_bytes":3145728,"model_format":"GGUF","model_repository":"Qwen/Qwen2.5-0.5B-Instruct-GGUF","model_revision":"9217f5db79a29953eb74d5343926648285ec7e67","packed_quantized_bytes":422496256,"pair":1,"pair_order":"ferrum>llama.cpp","prefill_counters":{"allocated_bytes":3146240,"allocation_time":{"nanos":320874,"secs":0},"allocations":49,"arena_capacity":262948864,"arena_high_water":268435456,"command_buffers":1,"completion_waits":1,"dispatches":531,"encode":{"nanos":207960,"secs":0},"gpu":{"nanos":35051792,"secs":0},"reused_bytes":244056064,"transient_live_bytes":0,"transient_peak_bytes":244056064,"wait":{"nanos":35354209,"secs":0}},"prefill_ms":36.091041,"prefill_profile":{},"prefill_tps":3546.5865337605533,"prompt_ids":[32,15592,51435,264,8500,315,15626,7525,13,13850,15278,26569,979,5819,646,387,68743,13,47124,938,7032,9429,24182,3059,448,5785,2750,13,76817,32037,882,7391,24231,504,882,7391,8580,13,362,15592,51435,264,8500,315,15626,7525,13,13850,15278,26569,979,5819,646,387,68743,13,47124,938,7032,9429,24182,3059,448,5785,2750,13,76817,32037,882,7391,24231,504,882,7391,8580,13,362,15592,51435,264,8500,315,15626,7525,13,13850,15278,26569,979,5819,646,387,68743,13,47124,938,7032,9429,24182,3059,448,5785,2750,13,76817,32037,882,7391,24231,504,882,7391,8580,13,362,15592,51435,264,8500,315,15626,7525,13,13850,15278,26569,979,5819],"prompt_tokens":128,"retained_weight_bytes":422639360,"runtime":"ferrum","sampling_ms":4.341834,"source_tensor_bytes":422782464,"warmup":false,"process_rss_bytes":926253056,"source_matrix_case_model":"qwen2.5-phase7a-shape-workload","ferrum_options":{"batch_limit_dispatches":1024,"q4_0_gemv_8rows":true,"mlx_affine4_gemv_quad":true},"engine_order":["ferrum","llama.cpp"],"case_index":1,"engine_load_plus_first_warmup_ms":595.0837089912966}
{"case":"128","command_buffer_count":null,"decode_aggregate_tps":226.44059667776546,"decode_median_ms":4.79875,"decode_ms":[5.578459,3.866166,4.857959,4.023667,5.053,3.985541,4.967916,3.802292,4.935083,3.75875,4.875375,3.847625,3.730292,4.886375,3.691458,4.79875],"decode_tps":208.3876009377442,"dispatch_count":null,"first_token_ms":18.176,"generated_ids":[646,387,68743,13,47124,938,7032,9429,24182,3059,448,5785,2750,13,76817,32037,882],"generated_tokens":17,"generation_ms":92.963125,"generation_tps":182.86820715202936,"kv_context_capacity_tokens":4096,"kv_type":"bf16","llama_version":"0.5.0-dev","model_format":"GGUF","pair":1,"pair_order":"ferrum>llama.cpp","prefill_ms":17.90975,"prefill_tps":7146.945099736177,"process_max_rss_bytes":613105664,"prompt_ids":[32,15592,51435,264,8500,315,15626,7525,13,13850,15278,26569,979,5819,646,387,68743,13,47124,938,7032,9429,24182,3059,448,5785,2750,13,76817,32037,882,7391,24231,504,882,7391,8580,13,362,15592,51435,264,8500,315,15626,7525,13,13850,15278,26569,979,5819,646,387,68743,13,47124,938,7032,9429,24182,3059,448,5785,2750,13,76817,32037,882,7391,24231,504,882,7391,8580,13,362,15592,51435,264,8500,315,15626,7525,13,13850,15278,26569,979,5819,646,387,68743,13,47124,938,7032,9429,24182,3059,448,5785,2750,13,76817,32037,882,7391,24231,504,882,7391,8580,13,362,15592,51435,264,8500,315,15626,7525,13,13850,15278,26569,979,5819],"prompt_tokens":128,"runtime":"llama.cpp","sampling_ms":4.3925,"warmup":false,"process_rss_bytes":613072896,"source_matrix_case_model":"qwen2.5-phase7a-shape-workload","engine_order":["ferrum","llama.cpp"],"case_index":1,"engine_load_plus_first_warmup_ms":619.0415829769336}
{"case":"128","command_buffer_count":null,"decode_aggregate_tps":226.61124454343135,"decode_median_ms":4.6515,"decode_ms":[5.504,3.754792,4.898541,3.810542,3.745583,4.6515,3.808292,4.932792,3.790833,5.005333,3.851416,5.027167,3.893,5.031583,3.896125,5.004],"decode_tps":214.9844136300118,"dispatch_count":null,"first_token_ms":19.639875,"generated_ids":[646,387,68743,13,47124,938,7032,9429,24182,3059,448,5785,2750,13,76817,32037,882],"generated_tokens":17,"generation_ms":96.053417,"generation_tps":176.98485416713496,"kv_context_capacity_tokens":4096,"kv_type":"bf16","llama_version":"0.5.0-dev","model_format":"GGUF","pair":2,"pair_order":"llama.cpp>ferrum","prefill_ms":19.334708,"prefill_tps":6620.21893477781,"process_max_rss_bytes":613105664,"prompt_ids":[32,15592,51435,264,8500,315,15626,7525,13,13850,15278,26569,979,5819,646,387,68743,13,47124,938,7032,9429,24182,3059,448,5785,2750,13,76817,32037,882,7391,24231,504,882,7391,8580,13,362,15592,51435,264,8500,315,15626,7525,13,13850,15278,26569,979,5819,646,387,68743,13,47124,938,7032,9429,24182,3059,448,5785,2750,13,76817,32037,882,7391,24231,504,882,7391,8580,13,362,15592,51435,264,8500,315,15626,7525,13,13850,15278,26569,979,5819,646,387,68743,13,47124,938,7032,9429,24182,3059,448,5785,2750,13,76817,32037,882,7391,24231,504,882,7391,8580,13,362,15592,51435,264,8500,315,15626,7525,13,13850,15278,26569,979,5819],"prompt_tokens":128,"runtime":"llama.cpp","sampling_ms":6.111001999999999,"warmup":false,"process_rss_bytes":613072896,"source_matrix_case_model":"qwen2.5-phase7a-shape-workload","engine_order":["llama.cpp","ferrum"],"case_index":1,"engine_load_plus_first_warmup_ms":619.0415829769336}
{"case":"128","decode_aggregate_tps":119.76361566535338,"decode_counters":[{"allocated_bytes":4,"allocation_time":{"nanos":7167,"secs":0},"allocations":1,"arena_capacity":262948864,"arena_high_water":268435456,"command_buffers":1,"completion_waits":1,"dispatches":531,"encode":{"nanos":199642,"secs":0},"gpu":{"nanos":7632958,"secs":0},"reused_bytes":2426880,"transient_live_bytes":524288,"transient_peak_bytes":2426880,"wait":{"nanos":7848958,"secs":0}},{"allocated_bytes":4,"allocation_time":{"nanos":3958,"secs":0},"allocations":1,"arena_capacity":262948864,"arena_high_water":268435456,"command_buffers":1,"completion_waits":1,"dispatches":531,"encode":{"nanos":189790,"secs":0},"gpu":{"nanos":7979125,"secs":0},"reused_bytes":2426880,"transient_live_bytes":524288,"transient_peak_bytes":2426880,"wait":{"nanos":8220000,"secs":0}},{"allocated_bytes":4,"allocation_time":{"nanos":3625,"secs":0},"allocations":1,"arena_capacity":262948864,"arena_high_water":268435456,"command_buffers":1,"completion_waits":1,"dispatches":531,"encode":{"nanos":173512,"secs":0},"gpu":{"nanos":6919792,"secs":0},"reused_bytes":2426880,"transient_live_bytes":524288,"transient_peak_bytes":2426880,"wait":{"nanos":7173000,"secs":0}},{"allocated_bytes":4,"allocation_time":{"nanos":4167,"secs":0},"allocations":1,"arena_capacity":262948864,"arena_high_water":268435456,"command_buffers":1,"completion_waits":1,"dispatches":531,"encode":{"nanos":183201,"secs":0},"gpu":{"nanos":7524917,"secs":0},"reused_bytes":2426880,"transient_live_bytes":524288,"transient_peak_bytes":2426880,"wait":{"nanos":7722083,"secs":0}},{"allocated_bytes":4,"allocation_time":{"nanos":3667,"secs":0},"allocations":1,"arena_capacity":262948864,"arena_high_water":268435456,"command_buffers":1,"completion_waits":1,"dispatches":531,"encode":{"nanos":170828,"secs":0},"gpu":{"nanos":7960333,"secs":0},"reused_bytes":2426880,"transient_live_bytes":524288,"transient_peak_bytes":2426880,"wait":{"nanos":8201000,"secs":0}},{"allocated_bytes":4,"allocation_time":{"nanos":3416,"secs":0},"allocations":1,"arena_capacity":262948864,"arena_high_water":268435456,"command_buffers":1,"completion_waits":1,"dispatches":531,"encode":{"nanos":171405,"secs":0},"gpu":{"nanos":7965375,"secs":0},"reused_bytes":2426880,"transient_live_bytes":524288,"transient_peak_bytes":2426880,"wait":{"nanos":8210000,"secs":0}},{"allocated_bytes":4,"allocation_time":{"nanos":3375,"secs":0},"allocations":1,"arena_capacity":262948864,"arena_high_water":268435456,"command_buffers":1,"completion_waits":1,"dispatches":531,"encode":{"nanos":170719,"secs":0},"gpu":{"nanos":7657208,"secs":0},"reused_bytes":2426880,"transient_live_bytes":524288,"transient_peak_bytes":2426880,"wait":{"nanos":7883292,"secs":0}},{"allocated_bytes":4,"allocation_time":{"nanos":2833,"secs":0},"allocations":1,"arena_capacity":262948864,"arena_high_water":268435456,"command_buffers":1,"completion_waits":1,"dispatches":531,"encode":{"nanos":171492,"secs":0},"gpu":{"nanos":7515750,"secs":0},"reused_bytes":2426880,"transient_live_bytes":524288,"transient_peak_bytes":2426880,"wait":{"nanos":7772083,"secs":0}},{"allocated_bytes":4,"allocation_time":{"nanos":3542,"secs":0},"allocations":1,"arena_capacity":262948864,"arena_high_water":268435456,"command_buffers":1,"completion_waits":1,"dispatches":531,"encode":{"nanos":180381,"secs":0},"gpu":{"nanos":7036500,"secs":0},"reused_bytes":2426880,"transient_live_bytes":524288,"transient_peak_bytes":2426880,"wait":{"nanos":7379292,"secs":0}},{"allocated_bytes":4,"allocation_time":{"nanos":2959,"secs":0},"allocations":1,"arena_capacity":262948864,"arena_high_water":268435456,"command_buffers":1,"completion_waits":1,"dispatches":531,"encode":{"nanos":172261,"secs":0},"gpu":{"nanos":6981625,"secs":0},"reused_bytes":2426880,"transient_live_bytes":524288,"transient_peak_bytes":2426880,"wait":{"nanos":7233292,"secs":0}},{"allocated_bytes":4,"allocation_time":{"nanos":2709,"secs":0},"allocations":1,"arena_capacity":262948864,"arena_high_water":268435456,"command_buffers":1,"completion_waits":1,"dispatches":531,"encode":{"nanos":179705,"secs":0},"gpu":{"nanos":7887833,"secs":0},"reused_bytes":2426880,"transient_live_bytes":524288,"transient_peak_bytes":2426880,"wait":{"nanos":8085834,"secs":0}},{"allocated_bytes":4,"allocation_time":{"nanos":3292,"secs":0},"allocations":1,"arena_capacity":262948864,"arena_high_water":268435456,"command_buffers":1,"completion_waits":1,"dispatches":531,"encode":{"nanos":173504,"secs":0},"gpu":{"nanos":8317250,"secs":0},"reused_bytes":2426880,"transient_live_bytes":524288,"transient_peak_bytes":2426880,"wait":{"nanos":8557625,"secs":0}},{"allocated_bytes":4,"allocation_time":{"nanos":3042,"secs":0},"allocations":1,"arena_capacity":262948864,"arena_high_water":268435456,"command_buffers":1,"completion_waits":1,"dispatches":531,"encode":{"nanos":170921,"secs":0},"gpu":{"nanos":8068125,"secs":0},"reused_bytes":2426880,"transient_live_bytes":524288,"transient_peak_bytes":2426880,"wait":{"nanos":8264708,"secs":0}},{"allocated_bytes":4,"allocation_time":{"nanos":3208,"secs":0},"allocations":1,"arena_capacity":262948864,"arena_high_water":268435456,"command_buffers":1,"completion_waits":1,"dispatches":531,"encode":{"nanos":177589,"secs":0},"gpu":{"nanos":7783250,"secs":0},"reused_bytes":2426880,"transient_live_bytes":524288,"transient_peak_bytes":2426880,"wait":{"nanos":8025125,"secs":0}},{"allocated_bytes":4,"allocation_time":{"nanos":2583,"secs":0},"allocations":1,"arena_capacity":262948864,"arena_high_water":268435456,"command_buffers":1,"completion_waits":1,"dispatches":531,"encode":{"nanos":171963,"secs":0},"gpu":{"nanos":7827500,"secs":0},"reused_bytes":2426880,"transient_live_bytes":524288,"transient_peak_bytes":2426880,"wait":{"nanos":8082417,"secs":0}},{"allocated_bytes":4,"allocation_time":{"nanos":3125,"secs":0},"allocations":1,"arena_capacity":262948864,"arena_high_water":268435456,"command_buffers":1,"completion_waits":1,"dispatches":531,"encode":{"nanos":169860,"secs":0},"gpu":{"nanos":7915750,"secs":0},"reused_bytes":2426880,"transient_live_bytes":524288,"transient_peak_bytes":2426880,"wait":{"nanos":8184292,"secs":0}}],"decode_median_ms":8.489958000000001,"decode_ms":[8.299292,8.64475,7.6028340000000005,8.162917,8.614749999999999,8.637583000000001,8.27875,8.195542,7.8195,7.657083,8.489958000000001,8.984209,8.655334,8.438291000000001,8.50475,8.610958],"decode_profiles":[{},{},{},{},{},{},{},{},{},{},{},{},{},{},{},{}],"decode_tps":117.78621284110002,"first_token_ms":38.122625,"generated_ids":[646,387,68743,13,47124,938,7032,9429,24182,3059,448,5785,2750,13,76817,32037,882],"generated_tokens":17,"generation_ms":175.556875,"generation_tps":96.83471524541548,"kv_active_bytes":1769472,"kv_reserved_bytes":3145728,"model_format":"GGUF","model_repository":"Qwen/Qwen2.5-0.5B-Instruct-GGUF","model_revision":"9217f5db79a29953eb74d5343926648285ec7e67","packed_quantized_bytes":422496256,"pair":2,"pair_order":"llama.cpp>ferrum","prefill_counters":{"allocated_bytes":3146240,"allocation_time":{"nanos":583000,"secs":0},"allocations":49,"arena_capacity":262948864,"arena_high_water":268435456,"command_buffers":1,"completion_waits":1,"dispatches":531,"encode":{"nanos":317750,"secs":0},"gpu":{"nanos":36138167,"secs":0},"reused_bytes":244056064,"transient_live_bytes":0,"transient_peak_bytes":244056064,"wait":{"nanos":36634709,"secs":0}},"prefill_ms":37.809541,"prefill_profile":{},"prefill_tps":3385.388889010845,"prompt_ids":[32,15592,51435,264,8500,315,15626,7525,13,13850,15278,26569,979,5819,646,387,68743,13,47124,938,7032,9429,24182,3059,448,5785,2750,13,76817,32037,882,7391,24231,504,882,7391,8580,13,362,15592,51435,264,8500,315,15626,7525,13,13850,15278,26569,979,5819,646,387,68743,13,47124,938,7032,9429,24182,3059,448,5785,2750,13,76817,32037,882,7391,24231,504,882,7391,8580,13,362,15592,51435,264,8500,315,15626,7525,13,13850,15278,26569,979,5819,646,387,68743,13,47124,938,7032,9429,24182,3059,448,5785,2750,13,76817,32037,882,7391,24231,504,882,7391,8580,13,362,15592,51435,264,8500,315,15626,7525,13,13850,15278,26569,979,5819],"prompt_tokens":128,"retained_weight_bytes":422639360,"runtime":"ferrum","sampling_ms":3.9742509999999998,"source_tensor_bytes":422782464,"warmup":false,"process_rss_bytes":926253056,"source_matrix_case_model":"qwen2.5-phase7a-shape-workload","ferrum_options":{"batch_limit_dispatches":1024,"q4_0_gemv_8rows":true,"mlx_affine4_gemv_quad":true},"engine_order":["llama.cpp","ferrum"],"case_index":1,"engine_load_plus_first_warmup_ms":595.0837089912966}
{"case":"512","decode_aggregate_tps":111.9066328271267,"decode_counters":[{"allocated_bytes":14731268,"allocation_time":{"nanos":1351666,"secs":0},"allocations":258,"arena_capacity":262719488,"arena_high_water":268435456,"command_buffers":1,"completion_waits":1,"dispatches":579,"encode":{"nanos":242252,"secs":0},"gpu":{"nanos":8235500,"secs":0},"reused_bytes":868352,"transient_live_bytes":524288,"transient_peak_bytes":3016704,"wait":{"nanos":8666000,"secs":0}},{"allocated_bytes":4,"allocation_time":{"nanos":3125,"secs":0},"allocations":1,"arena_capacity":262719488,"arena_high_water":268435456,"command_buffers":1,"completion_waits":1,"dispatches":531,"encode":{"nanos":173704,"secs":0},"gpu":{"nanos":8310875,"secs":0},"reused_bytes":3016704,"transient_live_bytes":524288,"transient_peak_bytes":3016704,"wait":{"nanos":8554416,"secs":0}},{"allocated_bytes":4,"allocation_time":{"nanos":2750,"secs":0},"allocations":1,"arena_capacity":262719488,"arena_high_water":268435456,"command_buffers":1,"completion_waits":1,"dispatches":531,"encode":{"nanos":173195,"secs":0},"gpu":{"nanos":8384958,"secs":0},"reused_bytes":3016704,"transient_live_bytes":524288,"transient_peak_bytes":3016704,"wait":{"nanos":8629667,"secs":0}},{"allocated_bytes":4,"allocation_time":{"nanos":4334,"secs":0},"allocations":1,"arena_capacity":262719488,"arena_high_water":268435456,"command_buffers":1,"completion_waits":1,"dispatches":531,"encode":{"nanos":174728,"secs":0},"gpu":{"nanos":8194250,"secs":0},"reused_bytes":3016704,"transient_live_bytes":524288,"transient_peak_bytes":3016704,"wait":{"nanos":8512375,"secs":0}},{"allocated_bytes":4,"allocation_time":{"nanos":3250,"secs":0},"allocations":1,"arena_capacity":262719488,"arena_high_water":268435456,"command_buffers":1,"completion_waits":1,"dispatches":531,"encode":{"nanos":172740,"secs":0},"gpu":{"nanos":8324500,"secs":0},"reused_bytes":3016704,"transient_live_bytes":524288,"transient_peak_bytes":3016704,"wait":{"nanos":8558125,"secs":0}},{"allocated_bytes":4,"allocation_time":{"nanos":3584,"secs":0},"allocations":1,"arena_capacity":262719488,"arena_high_water":268435456,"command_buffers":1,"completion_waits":1,"dispatches":531,"encode":{"nanos":169937,"secs":0},"gpu":{"nanos":8297833,"secs":0},"reused_bytes":3016704,"transient_live_bytes":524288,"transient_peak_bytes":3016704,"wait":{"nanos":8540500,"secs":0}},{"allocated_bytes":4,"allocation_time":{"nanos":2333,"secs":0},"allocations":1,"arena_capacity":262719488,"arena_high_water":268435456,"command_buffers":1,"completion_waits":1,"dispatches":531,"encode":{"nanos":211922,"secs":0},"gpu":{"nanos":7430625,"secs":0},"reused_bytes":3016704,"transient_live_bytes":524288,"transient_peak_bytes":3016704,"wait":{"nanos":7692041,"secs":0}},{"allocated_bytes":4,"allocation_time":{"nanos":4750,"secs":0},"allocations":1,"arena_capacity":262719488,"arena_high_water":268435456,"command_buffers":1,"completion_waits":1,"dispatches":531,"encode":{"nanos":177083,"secs":0},"gpu":{"nanos":6976083,"secs":0},"reused_bytes":3016704,"transient_live_bytes":524288,"transient_peak_bytes":3016704,"wait":{"nanos":7214750,"secs":0}},{"allocated_bytes":4,"allocation_time":{"nanos":3417,"secs":0},"allocations":1,"arena_capacity":262719488,"arena_high_water":268435456,"command_buffers":1,"completion_waits":1,"dispatches":531,"encode":{"nanos":184616,"secs":0},"gpu":{"nanos":8024167,"secs":0},"reused_bytes":3016704,"transient_live_bytes":524288,"transient_peak_bytes":3016704,"wait":{"nanos":8238875,"secs":0}},{"allocated_bytes":4,"allocation_time":{"nanos":3542,"secs":0},"allocations":1,"arena_capacity":262719488,"arena_high_water":268435456,"command_buffers":1,"completion_waits":1,"dispatches":531,"encode":{"nanos":170464,"secs":0},"gpu":{"nanos":8368000,"secs":0},"reused_bytes":3016704,"transient_live_bytes":524288,"transient_peak_bytes":3016704,"wait":{"nanos":8598125,"secs":0}},{"allocated_bytes":4,"allocation_time":{"nanos":3875,"secs":0},"allocations":1,"arena_capacity":262719488,"arena_high_water":268435456,"command_buffers":1,"completion_waits":1,"dispatches":531,"encode":{"nanos":173449,"secs":0},"gpu":{"nanos":8330292,"secs":0},"reused_bytes":3016704,"transient_live_bytes":524288,"transient_peak_bytes":3016704,"wait":{"nanos":8557875,"secs":0}},{"allocated_bytes":4,"allocation_time":{"nanos":2834,"secs":0},"allocations":1,"arena_capacity":262719488,"arena_high_water":268435456,"command_buffers":1,"completion_waits":1,"dispatches":531,"encode":{"nanos":169746,"secs":0},"gpu":{"nanos":8301875,"secs":0},"reused_bytes":3016704,"transient_live_bytes":524288,"transient_peak_bytes":3016704,"wait":{"nanos":8540333,"secs":0}},{"allocated_bytes":4,"allocation_time":{"nanos":2416,"secs":0},"allocations":1,"arena_capacity":262719488,"arena_high_water":268435456,"command_buffers":1,"completion_waits":1,"dispatches":531,"encode":{"nanos":168664,"secs":0},"gpu":{"nanos":8321333,"secs":0},"reused_bytes":3016704,"transient_live_bytes":524288,"transient_peak_bytes":3016704,"wait":{"nanos":8605250,"secs":0}},{"allocated_bytes":4,"allocation_time":{"nanos":2917,"secs":0},"allocations":1,"arena_capacity":262719488,"arena_high_water":268435456,"command_buffers":1,"completion_waits":1,"dispatches":531,"encode":{"nanos":170915,"secs":0},"gpu":{"nanos":8367000,"secs":0},"reused_bytes":3016704,"transient_live_bytes":524288,"transient_peak_bytes":3016704,"wait":{"nanos":8632417,"secs":0}},{"allocated_bytes":4,"allocation_time":{"nanos":2500,"secs":0},"allocations":1,"arena_capacity":262719488,"arena_high_water":268435456,"command_buffers":1,"completion_waits":1,"dispatches":531,"encode":{"nanos":168920,"secs":0},"gpu":{"nanos":8302792,"secs":0},"reused_bytes":3016704,"transient_live_bytes":524288,"transient_peak_bytes":3016704,"wait":{"nanos":8528167,"secs":0}},{"allocated_bytes":4,"allocation_time":{"nanos":2458,"secs":0},"allocations":1,"arena_capacity":262719488,"arena_high_water":268435456,"command_buffers":1,"completion_waits":1,"dispatches":531,"encode":{"nanos":168122,"secs":0},"gpu":{"nanos":8281625,"secs":0},"reused_bytes":3016704,"transient_live_bytes":524288,"transient_peak_bytes":3016704,"wait":{"nanos":8506000,"secs":0}}],"decode_median_ms":8.968625,"decode_ms":[10.644791000000001,8.985833,9.060749999999999,8.911667,8.953334,8.968625,8.186041999999999,7.653667,8.700583,9.024667,8.977291,8.9635,9.026875,9.057832999999999,8.93275,8.928125],"decode_profiles":[{},{},{},{},{},{},{},{},{},{},{},{},{},{},{},{}],"decode_tps":111.49981184406752,"first_token_ms":121.310667,"generated_ids":[47124,938,7032,9429,24182,3059,448,5785,2750,13,76817,32037,882,7391,24231,504,882],"generated_tokens":17,"generation_ms":268.171625,"generation_tps":63.392239950815075,"kv_active_bytes":6488064,"kv_reserved_bytes":12582912,"model_format":"GGUF","model_repository":"Qwen/Qwen2.5-0.5B-Instruct-GGUF","model_revision":"9217f5db79a29953eb74d5343926648285ec7e67","packed_quantized_bytes":422496256,"pair":0,"pair_order":"ferrum>llama.cpp","prefill_counters":{"allocated_bytes":274860032,"allocation_time":{"nanos":14072039,"secs":0},"allocations":156,"arena_capacity":260571136,"arena_high_water":268435456,"command_buffers":5,"completion_waits":5,"dispatches":531,"encode":{"nanos":326163,"secs":0},"gpu":{"nanos":100803333,"secs":0},"reused_bytes":1008074752,"transient_live_bytes":0,"transient_peak_bytes":268042240,"wait":{"nanos":103541501,"secs":0}},"prefill_ms":121.010125,"prefill_profile":{},"prefill_tps":4231.050914128054,"prompt_ids":[32,15592,51435,264,8500,315,15626,7525,13,13850,15278,26569,979,5819,646,387,68743,13,47124,938,7032,9429,24182,3059,448,5785,2750,13,76817,32037,882,7391,24231,504,882,7391,8580,13,362,15592,51435,264,8500,315,15626,7525,13,13850,15278,26569,979,5819,646,387,68743,13,47124,938,7032,9429,24182,3059,448,5785,2750,13,76817,32037,882,7391,24231,504,882,7391,8580,13,362,15592,51435,264,8500,315,15626,7525,13,13850,15278,26569,979,5819,646,387,68743,13,47124,938,7032,9429,24182,3059,448,5785,2750,13,76817,32037,882,7391,24231,504,882,7391,8580,13,362,15592,51435,264,8500,315,15626,7525,13,13850,15278,26569,979,5819,646,387,68743,13,47124,938,7032,9429,24182,3059,448,5785,2750,13,76817,32037,882,7391,24231,504,882,7391,8580,13,362,15592,51435,264,8500,315,15626,7525,13,13850,15278,26569,979,5819,646,387,68743,13,47124,938,7032,9429,24182,3059,448,5785,2750,13,76817,32037,882,7391,24231,504,882,7391,8580,13,362,15592,51435,264,8500,315,15626,7525,13,13850,15278,26569,979,5819,646,387,68743,13,47124,938,7032,9429,24182,3059,448,5785,2750,13,76817,32037,882,7391,24231,504,882,7391,8580,13,362,15592,51435,264,8500,315,15626,7525,13,13850,15278,26569,979,5819,646,387,68743,13,47124,938,7032,9429,24182,3059,448,5785,2750,13,76817,32037,882,7391,24231,504,882,7391,8580,13,362,15592,51435,264,8500,315,15626,7525,13,13850,15278,26569,979,5819,646,387,68743,13,47124,938,7032,9429,24182,3059,448,5785,2750,13,76817,32037,882,7391,24231,504,882,7391,8580,13,362,15592,51435,264,8500,315,15626,7525,13,13850,15278,26569,979,5819,646,387,68743,13,47124,938,7032,9429,24182,3059,448,5785,2750,13,76817,32037,882,7391,24231,504,882,7391,8580,13,362,15592,51435,264,8500,315,15626,7525,13,13850,15278,26569,979,5819,646,387,68743,13,47124,938,7032,9429,24182,3059,448,5785,2750,13,76817,32037,882,7391,24231,504,882,7391,8580,13,362,15592,51435,264,8500,315,15626,7525,13,13850,15278,26569,979,5819,646,387,68743,13,47124,938,7032,9429,24182,3059,448,5785,2750,13,76817,32037,882,7391,24231,504,882,7391,8580,13,362,15592,51435,264,8500,315,15626,7525,13,13850,15278,26569,979,5819,646,387,68743,13,47124,938,7032,9429,24182,3059,448,5785,2750,13,76817,32037,882,7391,24231,504,882,7391,8580,13,362,15592,51435,264,8500,315,15626,7525,13,13850,15278,26569,979,5819,646,387,68743,13,47124,938,7032,9429,24182,3059,448,5785,2750,13,76817,32037,882,7391,24231,504,882,7391,8580,13,362,15592,51435,264,8500,315,15626,7525,13,13850,15278,26569,979,5819,646,387,68743,13],"prompt_tokens":512,"retained_weight_bytes":422639360,"runtime":"ferrum","sampling_ms":3.9902080000000004,"source_tensor_bytes":422782464,"warmup":false,"process_rss_bytes":933806080,"source_matrix_case_model":"qwen2.5-phase7a-shape-workload","ferrum_options":{"batch_limit_dispatches":1024,"q4_0_gemv_8rows":true,"mlx_affine4_gemv_quad":true},"engine_order":["ferrum","llama.cpp"],"case_index":2,"engine_load_plus_first_warmup_ms":595.0837089912966}
{"case":"512","command_buffer_count":null,"decode_aggregate_tps":239.4638954148621,"decode_median_ms":4.259625,"decode_ms":[4.259625,4.819542,3.677417,3.685583,4.62875,3.702417,4.793917,3.659917,4.774084,3.573125,4.811,3.620875,3.679041,4.699375,3.62575,4.8055],"decode_tps":234.76244974616313,"dispatch_count":null,"first_token_ms":56.604,"generated_ids":[47124,938,7032,9429,24182,3059,448,5785,2750,13,76817,32037,882,7391,24231,504,882],"generated_tokens":17,"generation_ms":127.210125,"generation_tps":133.63716135016767,"kv_context_capacity_tokens":4096,"kv_type":"bf16","llama_version":"0.5.0-dev","model_format":"GGUF","pair":0,"pair_order":"ferrum>llama.cpp","prefill_ms":56.370791,"prefill_tps":9082.718033883895,"process_max_rss_bytes":613105664,"prompt_ids":[32,15592,51435,264,8500,315,15626,7525,13,13850,15278,26569,979,5819,646,387,68743,13,47124,938,7032,9429,24182,3059,448,5785,2750,13,76817,32037,882,7391,24231,504,882,7391,8580,13,362,15592,51435,264,8500,315,15626,7525,13,13850,15278,26569,979,5819,646,387,68743,13,47124,938,7032,9429,24182,3059,448,5785,2750,13,76817,32037,882,7391,24231,504,882,7391,8580,13,362,15592,51435,264,8500,315,15626,7525,13,13850,15278,26569,979,5819,646,387,68743,13,47124,938,7032,9429,24182,3059,448,5785,2750,13,76817,32037,882,7391,24231,504,882,7391,8580,13,362,15592,51435,264,8500,315,15626,7525,13,13850,15278,26569,979,5819,646,387,68743,13,47124,938,7032,9429,24182,3059,448,5785,2750,13,76817,32037,882,7391,24231,504,882,7391,8580,13,362,15592,51435,264,8500,315,15626,7525,13,13850,15278,26569,979,5819,646,387,68743,13,47124,938,7032,9429,24182,3059,448,5785,2750,13,76817,32037,882,7391,24231,504,882,7391,8580,13,362,15592,51435,264,8500,315,15626,7525,13,13850,15278,26569,979,5819,646,387,68743,13,47124,938,7032,9429,24182,3059,448,5785,2750,13,76817,32037,882,7391,24231,504,882,7391,8580,13,362,15592,51435,264,8500,315,15626,7525,13,13850,15278,26569,979,5819,646,387,68743,13,47124,938,7032,9429,24182,3059,448,5785,2750,13,76817,32037,882,7391,24231,504,882,7391,8580,13,362,15592,51435,264,8500,315,15626,7525,13,13850,15278,26569,979,5819,646,387,68743,13,47124,938,7032,9429,24182,3059,448,5785,2750,13,76817,32037,882,7391,24231,504,882,7391,8580,13,362,15592,51435,264,8500,315,15626,7525,13,13850,15278,26569,979,5819,646,387,68743,13,47124,938,7032,9429,24182,3059,448,5785,2750,13,76817,32037,882,7391,24231,504,882,7391,8580,13,362,15592,51435,264,8500,315,15626,7525,13,13850,15278,26569,979,5819,646,387,68743,13,47124,938,7032,9429,24182,3059,448,5785,2750,13,76817,32037,882,7391,24231,504,882,7391,8580,13,362,15592,51435,264,8500,315,15626,7525,13,13850,15278,26569,979,5819,646,387,68743,13,47124,938,7032,9429,24182,3059,448,5785,2750,13,76817,32037,882,7391,24231,504,882,7391,8580,13,362,15592,51435,264,8500,315,15626,7525,13,13850,15278,26569,979,5819,646,387,68743,13,47124,938,7032,9429,24182,3059,448,5785,2750,13,76817,32037,882,7391,24231,504,882,7391,8580,13,362,15592,51435,264,8500,315,15626,7525,13,13850,15278,26569,979,5819,646,387,68743,13,47124,938,7032,9429,24182,3059,448,5785,2750,13,76817,32037,882,7391,24231,504,882,7391,8580,13,362,15592,51435,264,8500,315,15626,7525,13,13850,15278,26569,979,5819,646,387,68743,13],"prompt_tokens":512,"runtime":"llama.cpp","sampling_ms":4.021792,"warmup":false,"process_rss_bytes":613072896,"source_matrix_case_model":"qwen2.5-phase7a-shape-workload","engine_order":["ferrum","llama.cpp"],"case_index":2,"engine_load_plus_first_warmup_ms":619.0415829769336}
{"case":"512","command_buffer_count":null,"decode_aggregate_tps":239.11765465872105,"decode_median_ms":4.210541,"decode_ms":[4.210541,4.847292,3.609208,3.744959,4.722709,3.66425,4.842125,3.65375,4.809416,3.690125,4.7535,3.594167,4.841875,3.560167,3.637291,4.731292],"decode_tps":237.49917172163862,"dispatch_count":null,"first_token_ms":56.704333,"generated_ids":[47124,938,7032,9429,24182,3059,448,5785,2750,13,76817,32037,882,7391,24231,504,882],"generated_tokens":17,"generation_ms":127.644333,"generation_tps":133.18256753317831,"kv_context_capacity_tokens":4096,"kv_type":"bf16","llama_version":"0.5.0-dev","model_format":"GGUF","pair":1,"pair_order":"llama.cpp>ferrum","prefill_ms":56.462458,"prefill_tps":9067.97220907386,"process_max_rss_bytes":613105664,"prompt_ids":[32,15592,51435,264,8500,315,15626,7525,13,13850,15278,26569,979,5819,646,387,68743,13,47124,938,7032,9429,24182,3059,448,5785,2750,13,76817,32037,882,7391,24231,504,882,7391,8580,13,362,15592,51435,264,8500,315,15626,7525,13,13850,15278,26569,979,5819,646,387,68743,13,47124,938,7032,9429,24182,3059,448,5785,2750,13,76817,32037,882,7391,24231,504,882,7391,8580,13,362,15592,51435,264,8500,315,15626,7525,13,13850,15278,26569,979,5819,646,387,68743,13,47124,938,7032,9429,24182,3059,448,5785,2750,13,76817,32037,882,7391,24231,504,882,7391,8580,13,362,15592,51435,264,8500,315,15626,7525,13,13850,15278,26569,979,5819,646,387,68743,13,47124,938,7032,9429,24182,3059,448,5785,2750,13,76817,32037,882,7391,24231,504,882,7391,8580,13,362,15592,51435,264,8500,315,15626,7525,13,13850,15278,26569,979,5819,646,387,68743,13,47124,938,7032,9429,24182,3059,448,5785,2750,13,76817,32037,882,7391,24231,504,882,7391,8580,13,362,15592,51435,264,8500,315,15626,7525,13,13850,15278,26569,979,5819,646,387,68743,13,47124,938,7032,9429,24182,3059,448,5785,2750,13,76817,32037,882,7391,24231,504,882,7391,8580,13,362,15592,51435,264,8500,315,15626,7525,13,13850,15278,26569,979,5819,646,387,68743,13,47124,938,7032,9429,24182,3059,448,5785,2750,13,76817,32037,882,7391,24231,504,882,7391,8580,13,362,15592,51435,264,8500,315,15626,7525,13,13850,15278,26569,979,5819,646,387,68743,13,47124,938,7032,9429,24182,3059,448,5785,2750,13,76817,32037,882,7391,24231,504,882,7391,8580,13,362,15592,51435,264,8500,315,15626,7525,13,13850,15278,26569,979,5819,646,387,68743,13,47124,938,7032,9429,24182,3059,448,5785,2750,13,76817,32037,882,7391,24231,504,882,7391,8580,13,362,15592,51435,264,8500,315,15626,7525,13,13850,15278,26569,979,5819,646,387,68743,13,47124,938,7032,9429,24182,3059,448,5785,2750,13,76817,32037,882,7391,24231,504,882,7391,8580,13,362,15592,51435,264,8500,315,15626,7525,13,13850,15278,26569,979,5819,646,387,68743,13,47124,938,7032,9429,24182,3059,448,5785,2750,13,76817,32037,882,7391,24231,504,882,7391,8580,13,362,15592,51435,264,8500,315,15626,7525,13,13850,15278,26569,979,5819,646,387,68743,13,47124,938,7032,9429,24182,3059,448,5785,2750,13,76817,32037,882,7391,24231,504,882,7391,8580,13,362,15592,51435,264,8500,315,15626,7525,13,13850,15278,26569,979,5819,646,387,68743,13,47124,938,7032,9429,24182,3059,448,5785,2750,13,76817,32037,882,7391,24231,504,882,7391,8580,13,362,15592,51435,264,8500,315,15626,7525,13,13850,15278,26569,979,5819,646,387,68743,13],"prompt_tokens":512,"runtime":"llama.cpp","sampling_ms":4.266291,"warmup":false,"process_rss_bytes":613072896,"source_matrix_case_model":"qwen2.5-phase7a-shape-workload","engine_order":["llama.cpp","ferrum"],"case_index":2,"engine_load_plus_first_warmup_ms":619.0415829769336}
{"case":"512","decode_aggregate_tps":112.15709676307958,"decode_counters":[{"allocated_bytes":14731268,"allocation_time":{"nanos":1437283,"secs":0},"allocations":258,"arena_capacity":262719488,"arena_high_water":268435456,"command_buffers":1,"completion_waits":1,"dispatches":579,"encode":{"nanos":255701,"secs":0},"gpu":{"nanos":8163500,"secs":0},"reused_bytes":868352,"transient_live_bytes":524288,"transient_peak_bytes":3016704,"wait":{"nanos":8561750,"secs":0}},{"allocated_bytes":4,"allocation_time":{"nanos":2708,"secs":0},"allocations":1,"arena_capacity":262719488,"arena_high_water":268435456,"command_buffers":1,"completion_waits":1,"dispatches":531,"encode":{"nanos":177537,"secs":0},"gpu":{"nanos":8291583,"secs":0},"reused_bytes":3016704,"transient_live_bytes":524288,"transient_peak_bytes":3016704,"wait":{"nanos":8543583,"secs":0}},{"allocated_bytes":4,"allocation_time":{"nanos":3375,"secs":0},"allocations":1,"arena_capacity":262719488,"arena_high_water":268435456,"command_buffers":1,"completion_waits":1,"dispatches":531,"encode":{"nanos":172367,"secs":0},"gpu":{"nanos":8539458,"secs":0},"reused_bytes":3016704,"transient_live_bytes":524288,"transient_peak_bytes":3016704,"wait":{"nanos":8788625,"secs":0}},{"allocated_bytes":4,"allocation_time":{"nanos":2583,"secs":0},"allocations":1,"arena_capacity":262719488,"arena_high_water":268435456,"command_buffers":1,"completion_waits":1,"dispatches":531,"encode":{"nanos":171791,"secs":0},"gpu":{"nanos":7090292,"secs":0},"reused_bytes":3016704,"transient_live_bytes":524288,"transient_peak_bytes":3016704,"wait":{"nanos":7317000,"secs":0}},{"allocated_bytes":4,"allocation_time":{"nanos":3208,"secs":0},"allocations":1,"arena_capacity":262719488,"arena_high_water":268435456,"command_buffers":1,"completion_waits":1,"dispatches":531,"encode":{"nanos":186672,"secs":0},"gpu":{"nanos":7878625,"secs":0},"reused_bytes":3016704,"transient_live_bytes":524288,"transient_peak_bytes":3016704,"wait":{"nanos":8084500,"secs":0}},{"allocated_bytes":4,"allocation_time":{"nanos":2666,"secs":0},"allocations":1,"arena_capacity":262719488,"arena_high_water":268435456,"command_buffers":1,"completion_waits":1,"dispatches":531,"encode":{"nanos":168295,"secs":0},"gpu":{"nanos":8303458,"secs":0},"reused_bytes":3016704,"transient_live_bytes":524288,"transient_peak_bytes":3016704,"wait":{"nanos":8536083,"secs":0}},{"allocated_bytes":4,"allocation_time":{"nanos":3625,"secs":0},"allocations":1,"arena_capacity":262719488,"arena_high_water":268435456,"command_buffers":1,"completion_waits":1,"dispatches":531,"encode":{"nanos":171763,"secs":0},"gpu":{"nanos":8532875,"secs":0},"reused_bytes":3016704,"transient_live_bytes":524288,"transient_peak_bytes":3016704,"wait":{"nanos":8839959,"secs":0}},{"allocated_bytes":4,"allocation_time":{"nanos":2708,"secs":0},"allocations":1,"arena_capacity":262719488,"arena_high_water":268435456,"command_buffers":1,"completion_waits":1,"dispatches":531,"encode":{"nanos":169255,"secs":0},"gpu":{"nanos":8033958,"secs":0},"reused_bytes":3016704,"transient_live_bytes":524288,"transient_peak_bytes":3016704,"wait":{"nanos":8283083,"secs":0}},{"allocated_bytes":4,"allocation_time":{"nanos":2708,"secs":0},"allocations":1,"arena_capacity":262719488,"arena_high_water":268435456,"command_buffers":1,"completion_waits":1,"dispatches":531,"encode":{"nanos":171337,"secs":0},"gpu":{"nanos":8147333,"secs":0},"reused_bytes":3016704,"transient_live_bytes":524288,"transient_peak_bytes":3016704,"wait":{"nanos":8376417,"secs":0}},{"allocated_bytes":4,"allocation_time":{"nanos":2625,"secs":0},"allocations":1,"arena_capacity":262719488,"arena_high_water":268435456,"command_buffers":1,"completion_waits":1,"dispatches":531,"encode":{"nanos":168233,"secs":0},"gpu":{"nanos":8381792,"secs":0},"reused_bytes":3016704,"transient_live_bytes":524288,"transient_peak_bytes":3016704,"wait":{"nanos":8616250,"secs":0}},{"allocated_bytes":4,"allocation_time":{"nanos":2750,"secs":0},"allocations":1,"arena_capacity":262719488,"arena_high_water":268435456,"command_buffers":1,"completion_waits":1,"dispatches":531,"encode":{"nanos":170049,"secs":0},"gpu":{"nanos":8295667,"secs":0},"reused_bytes":3016704,"transient_live_bytes":524288,"transient_peak_bytes":3016704,"wait":{"nanos":8551708,"secs":0}},{"allocated_bytes":4,"allocation_time":{"nanos":3000,"secs":0},"allocations":1,"arena_capacity":262719488,"arena_high_water":268435456,"command_buffers":1,"completion_waits":1,"dispatches":531,"encode":{"nanos":181701,"secs":0},"gpu":{"nanos":8289875,"secs":0},"reused_bytes":3016704,"transient_live_bytes":524288,"transient_peak_bytes":3016704,"wait":{"nanos":8509666,"secs":0}},{"allocated_bytes":4,"allocation_time":{"nanos":2958,"secs":0},"allocations":1,"arena_capacity":262719488,"arena_high_water":268435456,"command_buffers":1,"completion_waits":1,"dispatches":531,"encode":{"nanos":167871,"secs":0},"gpu":{"nanos":8299542,"secs":0},"reused_bytes":3016704,"transient_live_bytes":524288,"transient_peak_bytes":3016704,"wait":{"nanos":8546500,"secs":0}},{"allocated_bytes":4,"allocation_time":{"nanos":2542,"secs":0},"allocations":1,"arena_capacity":262719488,"arena_high_water":268435456,"command_buffers":1,"completion_waits":1,"dispatches":531,"encode":{"nanos":175170,"secs":0},"gpu":{"nanos":7312750,"secs":0},"reused_bytes":3016704,"transient_live_bytes":524288,"transient_peak_bytes":3016704,"wait":{"nanos":7562334,"secs":0}},{"allocated_bytes":4,"allocation_time":{"nanos":2875,"secs":0},"allocations":1,"arena_capacity":262719488,"arena_high_water":268435456,"command_buffers":1,"completion_waits":1,"dispatches":531,"encode":{"nanos":175917,"secs":0},"gpu":{"nanos":8299667,"secs":0},"reused_bytes":3016704,"transient_live_bytes":524288,"transient_peak_bytes":3016704,"wait":{"nanos":8561166,"secs":0}},{"allocated_bytes":4,"allocation_time":{"nanos":2792,"secs":0},"allocations":1,"arena_capacity":262719488,"arena_high_water":268435456,"command_buffers":1,"completion_waits":1,"dispatches":531,"encode":{"nanos":171718,"secs":0},"gpu":{"nanos":8262500,"secs":0},"reused_bytes":3016704,"transient_live_bytes":524288,"transient_peak_bytes":3016704,"wait":{"nanos":8518833,"secs":0}}],"decode_median_ms":8.959958,"decode_ms":[10.634292,8.945833,9.229084,7.746709,8.535084,8.959958,9.283334,8.707542,8.768334,9.015708,8.973417,8.956125,8.971,7.990499999999999,8.996958,8.943167],"decode_profiles":[{},{},{},{},{},{},{},{},{},{},{},{},{},{},{},{}],"decode_tps":111.60766601807731,"first_token_ms":105.182125,"generated_ids":[47124,938,7032,9429,24182,3059,448,5785,2750,13,76817,32037,882,7391,24231,504,882],"generated_tokens":17,"generation_ms":251.784167,"generation_tps":67.51814541221728,"kv_active_bytes":6488064,"kv_reserved_bytes":12582912,"model_format":"GGUF","model_repository":"Qwen/Qwen2.5-0.5B-Instruct-GGUF","model_revision":"9217f5db79a29953eb74d5343926648285ec7e67","packed_quantized_bytes":422496256,"pair":1,"pair_order":"llama.cpp>ferrum","prefill_counters":{"allocated_bytes":18876416,"allocation_time":{"nanos":1105246,"secs":0},"allocations":58,"arena_capacity":260571136,"arena_high_water":268435456,"command_buffers":5,"completion_waits":5,"dispatches":531,"encode":{"nanos":282078,"secs":0},"gpu":{"nanos":101612125,"secs":0},"reused_bytes":1264058368,"transient_live_bytes":0,"transient_peak_bytes":268042240,"wait":{"nanos":102930959,"secs":0}},"prefill_ms":104.85849999999999,"prefill_profile":{},"prefill_tps":4882.770590843852,"prompt_ids":[32,15592,51435,264,8500,315,15626,7525,13,13850,15278,26569,979,5819,646,387,68743,13,47124,938,7032,9429,24182,3059,448,5785,2750,13,76817,32037,882,7391,24231,504,882,7391,8580,13,362,15592,51435,264,8500,315,15626,7525,13,13850,15278,26569,979,5819,646,387,68743,13,47124,938,7032,9429,24182,3059,448,5785,2750,13,76817,32037,882,7391,24231,504,882,7391,8580,13,362,15592,51435,264,8500,315,15626,7525,13,13850,15278,26569,979,5819,646,387,68743,13,47124,938,7032,9429,24182,3059,448,5785,2750,13,76817,32037,882,7391,24231,504,882,7391,8580,13,362,15592,51435,264,8500,315,15626,7525,13,13850,15278,26569,979,5819,646,387,68743,13,47124,938,7032,9429,24182,3059,448,5785,2750,13,76817,32037,882,7391,24231,504,882,7391,8580,13,362,15592,51435,264,8500,315,15626,7525,13,13850,15278,26569,979,5819,646,387,68743,13,47124,938,7032,9429,24182,3059,448,5785,2750,13,76817,32037,882,7391,24231,504,882,7391,8580,13,362,15592,51435,264,8500,315,15626,7525,13,13850,15278,26569,979,5819,646,387,68743,13,47124,938,7032,9429,24182,3059,448,5785,2750,13,76817,32037,882,7391,24231,504,882,7391,8580,13,362,15592,51435,264,8500,315,15626,7525,13,13850,15278,26569,979,5819,646,387,68743,13,47124,938,7032,9429,24182,3059,448,5785,2750,13,76817,32037,882,7391,24231,504,882,7391,8580,13,362,15592,51435,264,8500,315,15626,7525,13,13850,15278,26569,979,5819,646,387,68743,13,47124,938,7032,9429,24182,3059,448,5785,2750,13,76817,32037,882,7391,24231,504,882,7391,8580,13,362,15592,51435,264,8500,315,15626,7525,13,13850,15278,26569,979,5819,646,387,68743,13,47124,938,7032,9429,24182,3059,448,5785,2750,13,76817,32037,882,7391,24231,504,882,7391,8580,13,362,15592,51435,264,8500,315,15626,7525,13,13850,15278,26569,979,5819,646,387,68743,13,47124,938,7032,9429,24182,3059,448,5785,2750,13,76817,32037,882,7391,24231,504,882,7391,8580,13,362,15592,51435,264,8500,315,15626,7525,13,13850,15278,26569,979,5819,646,387,68743,13,47124,938,7032,9429,24182,3059,448,5785,2750,13,76817,32037,882,7391,24231,504,882,7391,8580,13,362,15592,51435,264,8500,315,15626,7525,13,13850,15278,26569,979,5819,646,387,68743,13,47124,938,7032,9429,24182,3059,448,5785,2750,13,76817,32037,882,7391,24231,504,882,7391,8580,13,362,15592,51435,264,8500,315,15626,7525,13,13850,15278,26569,979,5819,646,387,68743,13,47124,938,7032,9429,24182,3059,448,5785,2750,13,76817,32037,882,7391,24231,504,882,7391,8580,13,362,15592,51435,264,8500,315,15626,7525,13,13850,15278,26569,979,5819,646,387,68743,13],"prompt_tokens":512,"retained_weight_bytes":422639360,"runtime":"ferrum","sampling_ms":4.0572919999999995,"source_tensor_bytes":422782464,"warmup":false,"process_rss_bytes":933806080,"source_matrix_case_model":"qwen2.5-phase7a-shape-workload","ferrum_options":{"batch_limit_dispatches":1024,"q4_0_gemv_8rows":true,"mlx_affine4_gemv_quad":true},"engine_order":["llama.cpp","ferrum"],"case_index":2,"engine_load_plus_first_warmup_ms":595.0837089912966}
{"case":"512","decode_aggregate_tps":111.10204703577378,"decode_counters":[{"allocated_bytes":14731268,"allocation_time":{"nanos":1377036,"secs":0},"allocations":258,"arena_capacity":262719488,"arena_high_water":268435456,"command_buffers":1,"completion_waits":1,"dispatches":579,"encode":{"nanos":236243,"secs":0},"gpu":{"nanos":8186792,"secs":0},"reused_bytes":868352,"transient_live_bytes":524288,"transient_peak_bytes":3016704,"wait":{"nanos":8639166,"secs":0}},{"allocated_bytes":4,"allocation_time":{"nanos":2875,"secs":0},"allocations":1,"arena_capacity":262719488,"arena_high_water":268435456,"command_buffers":1,"completion_waits":1,"dispatches":531,"encode":{"nanos":174899,"secs":0},"gpu":{"nanos":8229833,"secs":0},"reused_bytes":3016704,"transient_live_bytes":524288,"transient_peak_bytes":3016704,"wait":{"nanos":8480666,"secs":0}},{"allocated_bytes":4,"allocation_time":{"nanos":4166,"secs":0},"allocations":1,"arena_capacity":262719488,"arena_high_water":268435456,"command_buffers":1,"completion_waits":1,"dispatches":531,"encode":{"nanos":171894,"secs":0},"gpu":{"nanos":8408000,"secs":0},"reused_bytes":3016704,"transient_live_bytes":524288,"transient_peak_bytes":3016704,"wait":{"nanos":8653250,"secs":0}},{"allocated_bytes":4,"allocation_time":{"nanos":3333,"secs":0},"allocations":1,"arena_capacity":262719488,"arena_high_water":268435456,"command_buffers":1,"completion_waits":1,"dispatches":531,"encode":{"nanos":171085,"secs":0},"gpu":{"nanos":8220500,"secs":0},"reused_bytes":3016704,"transient_live_bytes":524288,"transient_peak_bytes":3016704,"wait":{"nanos":8433209,"secs":0}},{"allocated_bytes":4,"allocation_time":{"nanos":2792,"secs":0},"allocations":1,"arena_capacity":262719488,"arena_high_water":268435456,"command_buffers":1,"completion_waits":1,"dispatches":531,"encode":{"nanos":169698,"secs":0},"gpu":{"nanos":8348667,"secs":0},"reused_bytes":3016704,"transient_live_bytes":524288,"transient_peak_bytes":3016704,"wait":{"nanos":8576167,"secs":0}},{"allocated_bytes":4,"allocation_time":{"nanos":2584,"secs":0},"allocations":1,"arena_capacity":262719488,"arena_high_water":268435456,"command_buffers":1,"completion_waits":1,"dispatches":531,"encode":{"nanos":169425,"secs":0},"gpu":{"nanos":8315500,"secs":0},"reused_bytes":3016704,"transient_live_bytes":524288,"transient_peak_bytes":3016704,"wait":{"nanos":8552125,"secs":0}},{"allocated_bytes":4,"allocation_time":{"nanos":3333,"secs":0},"allocations":1,"arena_capacity":262719488,"arena_high_water":268435456,"command_buffers":1,"completion_waits":1,"dispatches":531,"encode":{"nanos":232733,"secs":0},"gpu":{"nanos":8509125,"secs":0},"reused_bytes":3016704,"transient_live_bytes":524288,"transient_peak_bytes":3016704,"wait":{"nanos":8721250,"secs":0}},{"allocated_bytes":4,"allocation_time":{"nanos":4625,"secs":0},"allocations":1,"arena_capacity":262719488,"arena_high_water":268435456,"command_buffers":1,"completion_waits":1,"dispatches":531,"encode":{"nanos":172838,"secs":0},"gpu":{"nanos":8101875,"secs":0},"reused_bytes":3016704,"transient_live_bytes":524288,"transient_peak_bytes":3016704,"wait":{"nanos":8357958,"secs":0}},{"allocated_bytes":4,"allocation_time":{"nanos":2834,"secs":0},"allocations":1,"arena_capacity":262719488,"arena_high_water":268435456,"command_buffers":1,"completion_waits":1,"dispatches":531,"encode":{"nanos":178587,"secs":0},"gpu":{"nanos":8166042,"secs":0},"reused_bytes":3016704,"transient_live_bytes":524288,"transient_peak_bytes":3016704,"wait":{"nanos":8395833,"secs":0}},{"allocated_bytes":4,"allocation_time":{"nanos":2750,"secs":0},"allocations":1,"arena_capacity":262719488,"arena_high_water":268435456,"command_buffers":1,"completion_waits":1,"dispatches":531,"encode":{"nanos":181371,"secs":0},"gpu":{"nanos":7307125,"secs":0},"reused_bytes":3016704,"transient_live_bytes":524288,"transient_peak_bytes":3016704,"wait":{"nanos":7542708,"secs":0}},{"allocated_bytes":4,"allocation_time":{"nanos":2583,"secs":0},"allocations":1,"arena_capacity":262719488,"arena_high_water":268435456,"command_buffers":1,"completion_waits":1,"dispatches":531,"encode":{"nanos":169586,"secs":0},"gpu":{"nanos":8338000,"secs":0},"reused_bytes":3016704,"transient_live_bytes":524288,"transient_peak_bytes":3016704,"wait":{"nanos":8539166,"secs":0}},{"allocated_bytes":4,"allocation_time":{"nanos":3667,"secs":0},"allocations":1,"arena_capacity":262719488,"arena_high_water":268435456,"command_buffers":1,"completion_waits":1,"dispatches":531,"encode":{"nanos":170013,"secs":0},"gpu":{"nanos":8319458,"secs":0},"reused_bytes":3016704,"transient_live_bytes":524288,"transient_peak_bytes":3016704,"wait":{"nanos":8553375,"secs":0}},{"allocated_bytes":4,"allocation_time":{"nanos":2958,"secs":0},"allocations":1,"arena_capacity":262719488,"arena_high_water":268435456,"command_buffers":1,"completion_waits":1,"dispatches":531,"encode":{"nanos":169928,"secs":0},"gpu":{"nanos":8293833,"secs":0},"reused_bytes":3016704,"transient_live_bytes":524288,"transient_peak_bytes":3016704,"wait":{"nanos":8515667,"secs":0}},{"allocated_bytes":4,"allocation_time":{"nanos":2667,"secs":0},"allocations":1,"arena_capacity":262719488,"arena_high_water":268435456,"command_buffers":1,"completion_waits":1,"dispatches":531,"encode":{"nanos":176442,"secs":0},"gpu":{"nanos":8344375,"secs":0},"reused_bytes":3016704,"transient_live_bytes":524288,"transient_peak_bytes":3016704,"wait":{"nanos":8592209,"secs":0}},{"allocated_bytes":4,"allocation_time":{"nanos":3208,"secs":0},"allocations":1,"arena_capacity":262719488,"arena_high_water":268435456,"command_buffers":1,"completion_waits":1,"dispatches":531,"encode":{"nanos":169755,"secs":0},"gpu":{"nanos":8367792,"secs":0},"reused_bytes":3016704,"transient_live_bytes":524288,"transient_peak_bytes":3016704,"wait":{"nanos":8603042,"secs":0}},{"allocated_bytes":4,"allocation_time":{"nanos":3167,"secs":0},"allocations":1,"arena_capacity":262719488,"arena_high_water":268435456,"command_buffers":1,"completion_waits":1,"dispatches":531,"encode":{"nanos":167355,"secs":0},"gpu":{"nanos":8315125,"secs":0},"reused_bytes":3016704,"transient_live_bytes":524288,"transient_peak_bytes":3016704,"wait":{"nanos":8526541,"secs":0}}],"decode_median_ms":8.979958,"decode_ms":[10.61625,8.914125,9.083166,8.827416,8.983167,8.985,9.208625,8.789541999999999,8.839375,7.9868749999999995,8.964082999999999,8.979958,8.904874999999999,9.022416999999999,8.992791,8.914083],"decode_profiles":[{},{},{},{},{},{},{},{},{},{},{},{},{},{},{},{}],"decode_tps":111.3590954434308,"first_token_ms":104.727958,"generated_ids":[47124,938,7032,9429,24182,3059,448,5785,2750,13,76817,32037,882,7391,24231,504,882],"generated_tokens":17,"generation_ms":252.583791,"generation_tps":67.30439800865923,"kv_active_bytes":6488064,"kv_reserved_bytes":12582912,"model_format":"GGUF","model_repository":"Qwen/Qwen2.5-0.5B-Instruct-GGUF","model_revision":"9217f5db79a29953eb74d5343926648285ec7e67","packed_quantized_bytes":422496256,"pair":2,"pair_order":"ferrum>llama.cpp","prefill_counters":{"allocated_bytes":18876416,"allocation_time":{"nanos":1163789,"secs":0},"allocations":58,"arena_capacity":260571136,"arena_high_water":268435456,"command_buffers":5,"completion_waits":5,"dispatches":531,"encode":{"nanos":283634,"secs":0},"gpu":{"nanos":101122125,"secs":0},"reused_bytes":1264058368,"transient_live_bytes":0,"transient_peak_bytes":268042240,"wait":{"nanos":102300709,"secs":0}},"prefill_ms":104.402833,"prefill_profile":{},"prefill_tps":4904.081482156715,"prompt_ids":[32,15592,51435,264,8500,315,15626,7525,13,13850,15278,26569,979,5819,646,387,68743,13,47124,938,7032,9429,24182,3059,448,5785,2750,13,76817,32037,882,7391,24231,504,882,7391,8580,13,362,15592,51435,264,8500,315,15626,7525,13,13850,15278,26569,979,5819,646,387,68743,13,47124,938,7032,9429,24182,3059,448,5785,2750,13,76817,32037,882,7391,24231,504,882,7391,8580,13,362,15592,51435,264,8500,315,15626,7525,13,13850,15278,26569,979,5819,646,387,68743,13,47124,938,7032,9429,24182,3059,448,5785,2750,13,76817,32037,882,7391,24231,504,882,7391,8580,13,362,15592,51435,264,8500,315,15626,7525,13,13850,15278,26569,979,5819,646,387,68743,13,47124,938,7032,9429,24182,3059,448,5785,2750,13,76817,32037,882,7391,24231,504,882,7391,8580,13,362,15592,51435,264,8500,315,15626,7525,13,13850,15278,26569,979,5819,646,387,68743,13,47124,938,7032,9429,24182,3059,448,5785,2750,13,76817,32037,882,7391,24231,504,882,7391,8580,13,362,15592,51435,264,8500,315,15626,7525,13,13850,15278,26569,979,5819,646,387,68743,13,47124,938,7032,9429,24182,3059,448,5785,2750,13,76817,32037,882,7391,24231,504,882,7391,8580,13,362,15592,51435,264,8500,315,15626,7525,13,13850,15278,26569,979,5819,646,387,68743,13,47124,938,7032,9429,24182,3059,448,5785,2750,13,76817,32037,882,7391,24231,504,882,7391,8580,13,362,15592,51435,264,8500,315,15626,7525,13,13850,15278,26569,979,5819,646,387,68743,13,47124,938,7032,9429,24182,3059,448,5785,2750,13,76817,32037,882,7391,24231,504,882,7391,8580,13,362,15592,51435,264,8500,315,15626,7525,13,13850,15278,26569,979,5819,646,387,68743,13,47124,938,7032,9429,24182,3059,448,5785,2750,13,76817,32037,882,7391,24231,504,882,7391,8580,13,362,15592,51435,264,8500,315,15626,7525,13,13850,15278,26569,979,5819,646,387,68743,13,47124,938,7032,9429,24182,3059,448,5785,2750,13,76817,32037,882,7391,24231,504,882,7391,8580,13,362,15592,51435,264,8500,315,15626,7525,13,13850,15278,26569,979,5819,646,387,68743,13,47124,938,7032,9429,24182,3059,448,5785,2750,13,76817,32037,882,7391,24231,504,882,7391,8580,13,362,15592,51435,264,8500,315,15626,7525,13,13850,15278,26569,979,5819,646,387,68743,13,47124,938,7032,9429,24182,3059,448,5785,2750,13,76817,32037,882,7391,24231,504,882,7391,8580,13,362,15592,51435,264,8500,315,15626,7525,13,13850,15278,26569,979,5819,646,387,68743,13,47124,938,7032,9429,24182,3059,448,5785,2750,13,76817,32037,882,7391,24231,504,882,7391,8580,13,362,15592,51435,264,8500,315,15626,7525,13,13850,15278,26569,979,5819,646,387,68743,13],"prompt_tokens":512,"retained_weight_bytes":422639360,"runtime":"ferrum","sampling_ms":3.962791,"source_tensor_bytes":422782464,"warmup":false,"process_rss_bytes":933806080,"source_matrix_case_model":"qwen2.5-phase7a-shape-workload","ferrum_options":{"batch_limit_dispatches":1024,"q4_0_gemv_8rows":true,"mlx_affine4_gemv_quad":true},"engine_order":["ferrum","llama.cpp"],"case_index":2,"engine_load_plus_first_warmup_ms":595.0837089912966}
{"case":"512","command_buffer_count":null,"decode_aggregate_tps":238.814289441068,"decode_median_ms":4.140334,"decode_ms":[4.140334,4.768833,3.699167,4.820625,3.682833,4.7815,3.673958,3.685167,4.720833,3.703625,4.781167,3.64325,4.774291,3.592334,4.867083,3.662666],"decode_tps":241.52640825595228,"dispatch_count":null,"first_token_ms":57.01325,"generated_ids":[47124,938,7032,9429,24182,3059,448,5785,2750,13,76817,32037,882,7391,24231,504,882],"generated_tokens":17,"generation_ms":127.960125,"generation_tps":132.8538870995945,"kv_context_capacity_tokens":4096,"kv_type":"bf16","llama_version":"0.5.0-dev","model_format":"GGUF","pair":2,"pair_order":"ferrum>llama.cpp","prefill_ms":56.773542,"prefill_tps":9018.28531325384,"process_max_rss_bytes":613105664,"prompt_ids":[32,15592,51435,264,8500,315,15626,7525,13,13850,15278,26569,979,5819,646,387,68743,13,47124,938,7032,9429,24182,3059,448,5785,2750,13,76817,32037,882,7391,24231,504,882,7391,8580,13,362,15592,51435,264,8500,315,15626,7525,13,13850,15278,26569,979,5819,646,387,68743,13,47124,938,7032,9429,24182,3059,448,5785,2750,13,76817,32037,882,7391,24231,504,882,7391,8580,13,362,15592,51435,264,8500,315,15626,7525,13,13850,15278,26569,979,5819,646,387,68743,13,47124,938,7032,9429,24182,3059,448,5785,2750,13,76817,32037,882,7391,24231,504,882,7391,8580,13,362,15592,51435,264,8500,315,15626,7525,13,13850,15278,26569,979,5819,646,387,68743,13,47124,938,7032,9429,24182,3059,448,5785,2750,13,76817,32037,882,7391,24231,504,882,7391,8580,13,362,15592,51435,264,8500,315,15626,7525,13,13850,15278,26569,979,5819,646,387,68743,13,47124,938,7032,9429,24182,3059,448,5785,2750,13,76817,32037,882,7391,24231,504,882,7391,8580,13,362,15592,51435,264,8500,315,15626,7525,13,13850,15278,26569,979,5819,646,387,68743,13,47124,938,7032,9429,24182,3059,448,5785,2750,13,76817,32037,882,7391,24231,504,882,7391,8580,13,362,15592,51435,264,8500,315,15626,7525,13,13850,15278,26569,979,5819,646,387,68743,13,47124,938,7032,9429,24182,3059,448,5785,2750,13,76817,32037,882,7391,24231,504,882,7391,8580,13,362,15592,51435,264,8500,315,15626,7525,13,13850,15278,26569,979,5819,646,387,68743,13,47124,938,7032,9429,24182,3059,448,5785,2750,13,76817,32037,882,7391,24231,504,882,7391,8580,13,362,15592,51435,264,8500,315,15626,7525,13,13850,15278,26569,979,5819,646,387,68743,13,47124,938,7032,9429,24182,3059,448,5785,2750,13,76817,32037,882,7391,24231,504,882,7391,8580,13,362,15592,51435,264,8500,315,15626,7525,13,13850,15278,26569,979,5819,646,387,68743,13,47124,938,7032,9429,24182,3059,448,5785,2750,13,76817,32037,882,7391,24231,504,882,7391,8580,13,362,15592,51435,264,8500,315,15626,7525,13,13850,15278,26569,979,5819,646,387,68743,13,47124,938,7032,9429,24182,3059,448,5785,2750,13,76817,32037,882,7391,24231,504,882,7391,8580,13,362,15592,51435,264,8500,315,15626,7525,13,13850,15278,26569,979,5819,646,387,68743,13,47124,938,7032,9429,24182,3059,448,5785,2750,13,76817,32037,882,7391,24231,504,882,7391,8580,13,362,15592,51435,264,8500,315,15626,7525,13,13850,15278,26569,979,5819,646,387,68743,13,47124,938,7032,9429,24182,3059,448,5785,2750,13,76817,32037,882,7391,24231,504,882,7391,8580,13,362,15592,51435,264,8500,315,15626,7525,13,13850,15278,26569,979,5819,646,387,68743,13],"prompt_tokens":512,"runtime":"llama.cpp","sampling_ms":4.186541,"warmup":false,"process_rss_bytes":613072896,"source_matrix_case_model":"qwen2.5-phase7a-shape-workload","engine_order":["ferrum","llama.cpp"],"case_index":2,"engine_load_plus_first_warmup_ms":619.0415829769336}
{"case":"1024","command_buffer_count":null,"decode_aggregate_tps":234.1839068467939,"decode_median_ms":3.89325,"decode_ms":[5.359833,3.716458,4.935083,3.701417,4.865458,3.700875,4.888875,3.760875,3.802542,4.84275,3.734541,4.890416,3.89325,4.833333,3.647791,3.748875],"decode_tps":256.8548128170552,"dispatch_count":null,"first_token_ms":119.440875,"generated_ids":[8580,13,362,15592,51435,264,8500,315,15626,7525,13,13850,15278,26569,979,5819,646],"generated_tokens":17,"generation_ms":191.691625,"generation_tps":88.68410396124506,"kv_context_capacity_tokens":4096,"kv_type":"bf16","llama_version":"0.5.0-dev","model_format":"GGUF","pair":0,"pair_order":"llama.cpp>ferrum","prefill_ms":119.207166,"prefill_tps":8590.08761268597,"process_max_rss_bytes":613122048,"prompt_ids":[32,15592,51435,264,8500,315,15626,7525,13,13850,15278,26569,979,5819,646,387,68743,13,47124,938,7032,9429,24182,3059,448,5785,2750,13,76817,32037,882,7391,24231,504,882,7391,8580,13,362,15592,51435,264,8500,315,15626,7525,13,13850,15278,26569,979,5819,646,387,68743,13,47124,938,7032,9429,24182,3059,448,5785,2750,13,76817,32037,882,7391,24231,504,882,7391,8580,13,362,15592,51435,264,8500,315,15626,7525,13,13850,15278,26569,979,5819,646,387,68743,13,47124,938,7032,9429,24182,3059,448,5785,2750,13,76817,32037,882,7391,24231,504,882,7391,8580,13,362,15592,51435,264,8500,315,15626,7525,13,13850,15278,26569,979,5819,646,387,68743,13,47124,938,7032,9429,24182,3059,448,5785,2750,13,76817,32037,882,7391,24231,504,882,7391,8580,13,362,15592,51435,264,8500,315,15626,7525,13,13850,15278,26569,979,5819,646,387,68743,13,47124,938,7032,9429,24182,3059,448,5785,2750,13,76817,32037,882,7391,24231,504,882,7391,8580,13,362,15592,51435,264,8500,315,15626,7525,13,13850,15278,26569,979,5819,646,387,68743,13,47124,938,7032,9429,24182,3059,448,5785,2750,13,76817,32037,882,7391,24231,504,882,7391,8580,13,362,15592,51435,264,8500,315,15626,7525,13,13850,15278,26569,979,5819,646,387,68743,13,47124,938,7032,9429,24182,3059,448,5785,2750,13,76817,32037,882,7391,24231,504,882,7391,8580,13,362,15592,51435,264,8500,315,15626,7525,13,13850,15278,26569,979,5819,646,387,68743,13,47124,938,7032,9429,24182,3059,448,5785,2750,13,76817,32037,882,7391,24231,504,882,7391,8580,13,362,15592,51435,264,8500,315,15626,7525,13,13850,15278,26569,979,5819,646,387,68743,13,47124,938,7032,9429,24182,3059,448,5785,2750,13,76817,32037,882,7391,24231,504,882,7391,8580,13,362,15592,51435,264,8500,315,15626,7525,13,13850,15278,26569,979,5819,646,387,68743,13,47124,938,7032,9429,24182,3059,448,5785,2750,13,76817,32037,882,7391,24231,504,882,7391,8580,13,362,15592,51435,264,8500,315,15626,7525,13,13850,15278,26569,979,5819,646,387,68743,13,47124,938,7032,9429,24182,3059,448,5785,2750,13,76817,32037,882,7391,24231,504,882,7391,8580,13,362,15592,51435,264,8500,315,15626,7525,13,13850,15278,26569,979,5819,646,387,68743,13,47124,938,7032,9429,24182,3059,448,5785,2750,13,76817,32037,882,7391,24231,504,882,7391,8580,13,362,15592,51435,264,8500,315,15626,7525,13,13850,15278,26569,979,5819,646,387,68743,13,47124,938,7032,9429,24182,3059,448,5785,2750,13,76817,32037,882,7391,24231,504,882,7391,8580,13,362,15592,51435,264,8500,315,15626,7525,13,13850,15278,26569,979,5819,646,387,68743,13,47124,938,7032,9429,24182,3059,448,5785,2750,13,76817,32037,882,7391,24231,504,882,7391,8580,13,362,15592,51435,264,8500,315,15626,7525,13,13850,15278,26569,979,5819,646,387,68743,13,47124,938,7032,9429,24182,3059,448,5785,2750,13,76817,32037,882,7391,24231,504,882,7391,8580,13,362,15592,51435,264,8500,315,15626,7525,13,13850,15278,26569,979,5819,646,387,68743,13,47124,938,7032,9429,24182,3059,448,5785,2750,13,76817,32037,882,7391,24231,504,882,7391,8580,13,362,15592,51435,264,8500,315,15626,7525,13,13850,15278,26569,979,5819,646,387,68743,13,47124,938,7032,9429,24182,3059,448,5785,2750,13,76817,32037,882,7391,24231,504,882,7391,8580,13,362,15592,51435,264,8500,315,15626,7525,13,13850,15278,26569,979,5819,646,387,68743,13,47124,938,7032,9429,24182,3059,448,5785,2750,13,76817,32037,882,7391,24231,504,882,7391,8580,13,362,15592,51435,264,8500,315,15626,7525,13,13850,15278,26569,979,5819,646,387,68743,13,47124,938,7032,9429,24182,3059,448,5785,2750,13,76817,32037,882,7391,24231,504,882,7391,8580,13,362,15592,51435,264,8500,315,15626,7525,13,13850,15278,26569,979,5819,646,387,68743,13,47124,938,7032,9429,24182,3059,448,5785,2750,13,76817,32037,882,7391,24231,504,882,7391,8580,13,362,15592,51435,264,8500,315,15626,7525,13,13850,15278,26569,979,5819,646,387,68743,13,47124,938,7032,9429,24182,3059,448,5785,2750,13,76817,32037,882,7391,24231,504,882,7391,8580,13,362,15592,51435,264,8500,315,15626,7525,13,13850,15278,26569,979,5819,646,387,68743,13,47124,938,7032,9429,24182,3059,448,5785,2750,13,76817,32037,882,7391,24231,504,882,7391,8580,13,362,15592,51435,264,8500,315,15626,7525,13,13850,15278,26569,979,5819,646,387,68743,13,47124,938,7032,9429,24182,3059,448,5785,2750,13,76817,32037,882,7391,24231,504,882,7391,8580,13,362,15592,51435,264,8500,315,15626,7525,13,13850,15278,26569,979,5819,646,387,68743,13,47124,938,7032,9429,24182,3059,448,5785,2750,13,76817,32037,882,7391,24231,504,882,7391,8580,13,362,15592,51435,264,8500,315,15626,7525,13,13850,15278,26569,979,5819,646,387,68743,13,47124,938,7032,9429,24182,3059,448,5785,2750,13,76817,32037,882,7391,24231,504,882,7391,8580,13,362,15592,51435,264,8500,315,15626,7525,13,13850,15278,26569,979,5819,646,387,68743,13,47124,938,7032,9429,24182,3059,448,5785,2750,13,76817,32037,882,7391,24231,504,882,7391,8580,13,362,15592,51435,264,8500,315,15626,7525,13,13850,15278,26569,979,5819,646,387,68743,13,47124,938,7032,9429,24182,3059,448,5785,2750,13,76817,32037,882,7391,24231,504,882,7391],"prompt_tokens":1024,"runtime":"llama.cpp","sampling_ms":4.160044,"warmup":false,"process_rss_bytes":613089280,"source_matrix_case_model":"qwen2.5-phase7a-shape-workload","engine_order":["llama.cpp","ferrum"],"case_index":3,"engine_load_plus_first_warmup_ms":619.0415829769336}
{"case":"1024","decode_aggregate_tps":103.27980646500346,"decode_counters":[{"allocated_bytes":27721732,"allocation_time":{"nanos":1906075,"secs":0},"allocations":157,"arena_capacity":264423424,"arena_high_water":268435456,"command_buffers":1,"completion_waits":1,"dispatches":579,"encode":{"nanos":251623,"secs":0},"gpu":{"nanos":7718833,"secs":0},"reused_bytes":1247232,"transient_live_bytes":524288,"transient_peak_bytes":3803136,"wait":{"nanos":8178875,"secs":0}},{"allocated_bytes":4,"allocation_time":{"nanos":3625,"secs":0},"allocations":1,"arena_capacity":264423424,"arena_high_water":268435456,"command_buffers":1,"completion_waits":1,"dispatches":531,"encode":{"nanos":179200,"secs":0},"gpu":{"nanos":8926708,"secs":0},"reused_bytes":3803136,"transient_live_bytes":524288,"transient_peak_bytes":3803136,"wait":{"nanos":9152583,"secs":0}},{"allocated_bytes":4,"allocation_time":{"nanos":4083,"secs":0},"allocations":1,"arena_capacity":264423424,"arena_high_water":268435456,"command_buffers":1,"completion_waits":1,"dispatches":531,"encode":{"nanos":175043,"secs":0},"gpu":{"nanos":9030500,"secs":0},"reused_bytes":3803136,"transient_live_bytes":524288,"transient_peak_bytes":3803136,"wait":{"nanos":9266417,"secs":0}},{"allocated_bytes":4,"allocation_time":{"nanos":4000,"secs":0},"allocations":1,"arena_capacity":264423424,"arena_high_water":268435456,"command_buffers":1,"completion_waits":1,"dispatches":531,"encode":{"nanos":177703,"secs":0},"gpu":{"nanos":8994250,"secs":0},"reused_bytes":3803136,"transient_live_bytes":524288,"transient_peak_bytes":3803136,"wait":{"nanos":9246292,"secs":0}},{"allocated_bytes":4,"allocation_time":{"nanos":3000,"secs":0},"allocations":1,"arena_capacity":264423424,"arena_high_water":268435456,"command_buffers":1,"completion_waits":1,"dispatches":531,"encode":{"nanos":171574,"secs":0},"gpu":{"nanos":9139750,"secs":0},"reused_bytes":3803136,"transient_live_bytes":524288,"transient_peak_bytes":3803136,"wait":{"nanos":9443125,"secs":0}},{"allocated_bytes":4,"allocation_time":{"nanos":2375,"secs":0},"allocations":1,"arena_capacity":264423424,"arena_high_water":268435456,"command_buffers":1,"completion_waits":1,"dispatches":531,"encode":{"nanos":172931,"secs":0},"gpu":{"nanos":8546125,"secs":0},"reused_bytes":3803136,"transient_live_bytes":524288,"transient_peak_bytes":3803136,"wait":{"nanos":8832417,"secs":0}},{"allocated_bytes":4,"allocation_time":{"nanos":3083,"secs":0},"allocations":1,"arena_capacity":264423424,"arena_high_water":268435456,"command_buffers":1,"completion_waits":1,"dispatches":531,"encode":{"nanos":171738,"secs":0},"gpu":{"nanos":8862125,"secs":0},"reused_bytes":3803136,"transient_live_bytes":524288,"transient_peak_bytes":3803136,"wait":{"nanos":9179334,"secs":0}},{"allocated_bytes":4,"allocation_time":{"nanos":3458,"secs":0},"allocations":1,"arena_capacity":264423424,"arena_high_water":268435456,"command_buffers":1,"completion_waits":1,"dispatches":531,"encode":{"nanos":176835,"secs":0},"gpu":{"nanos":9095917,"secs":0},"reused_bytes":3803136,"transient_live_bytes":524288,"transient_peak_bytes":3803136,"wait":{"nanos":9348583,"secs":0}},{"allocated_bytes":4,"allocation_time":{"nanos":3458,"secs":0},"allocations":1,"arena_capacity":264423424,"arena_high_water":268435456,"command_buffers":1,"completion_waits":1,"dispatches":531,"encode":{"nanos":171929,"secs":0},"gpu":{"nanos":8966500,"secs":0},"reused_bytes":3803136,"transient_live_bytes":524288,"transient_peak_bytes":3803136,"wait":{"nanos":9205083,"secs":0}},{"allocated_bytes":4,"allocation_time":{"nanos":4042,"secs":0},"allocations":1,"arena_capacity":264423424,"arena_high_water":268435456,"command_buffers":1,"completion_waits":1,"dispatches":531,"encode":{"nanos":173215,"secs":0},"gpu":{"nanos":8636250,"secs":0},"reused_bytes":3803136,"transient_live_bytes":524288,"transient_peak_bytes":3803136,"wait":{"nanos":8888167,"secs":0}},{"allocated_bytes":4,"allocation_time":{"nanos":3041,"secs":0},"allocations":1,"arena_capacity":264423424,"arena_high_water":268435456,"command_buffers":1,"completion_waits":1,"dispatches":531,"encode":{"nanos":171661,"secs":0},"gpu":{"nanos":9015583,"secs":0},"reused_bytes":3803136,"transient_live_bytes":524288,"transient_peak_bytes":3803136,"wait":{"nanos":9261041,"secs":0}},{"allocated_bytes":4,"allocation_time":{"nanos":3250,"secs":0},"allocations":1,"arena_capacity":264423424,"arena_high_water":268435456,"command_buffers":1,"completion_waits":1,"dispatches":531,"encode":{"nanos":172391,"secs":0},"gpu":{"nanos":9067125,"secs":0},"reused_bytes":3803136,"transient_live_bytes":524288,"transient_peak_bytes":3803136,"wait":{"nanos":9290375,"secs":0}},{"allocated_bytes":4,"allocation_time":{"nanos":4958,"secs":0},"allocations":1,"arena_capacity":264423424,"arena_high_water":268435456,"command_buffers":1,"completion_waits":1,"dispatches":531,"encode":{"nanos":180413,"secs":0},"gpu":{"nanos":9082167,"secs":0},"reused_bytes":3803136,"transient_live_bytes":524288,"transient_peak_bytes":3803136,"wait":{"nanos":9325709,"secs":0}},{"allocated_bytes":4,"allocation_time":{"nanos":4292,"secs":0},"allocations":1,"arena_capacity":264423424,"arena_high_water":268435456,"command_buffers":1,"completion_waits":1,"dispatches":531,"encode":{"nanos":180888,"secs":0},"gpu":{"nanos":8765917,"secs":0},"reused_bytes":3803136,"transient_live_bytes":524288,"transient_peak_bytes":3803136,"wait":{"nanos":9003167,"secs":0}},{"allocated_bytes":4,"allocation_time":{"nanos":4208,"secs":0},"allocations":1,"arena_capacity":264423424,"arena_high_water":268435456,"command_buffers":1,"completion_waits":1,"dispatches":531,"encode":{"nanos":174008,"secs":0},"gpu":{"nanos":8887125,"secs":0},"reused_bytes":3803136,"transient_live_bytes":524288,"transient_peak_bytes":3803136,"wait":{"nanos":9123500,"secs":0}},{"allocated_bytes":4,"allocation_time":{"nanos":3333,"secs":0},"allocations":1,"arena_capacity":264423424,"arena_high_water":268435456,"command_buffers":1,"completion_waits":1,"dispatches":531,"encode":{"nanos":173167,"secs":0},"gpu":{"nanos":8954250,"secs":0},"reused_bytes":3803136,"transient_live_bytes":524288,"transient_peak_bytes":3803136,"wait":{"nanos":9177625,"secs":0}}],"decode_median_ms":9.683125,"decode_ms":[10.753791,9.558792,9.701583999999999,9.683125,9.868500000000001,9.259666999999999,9.608208999999999,9.783916999999999,9.624916,9.318833999999999,9.687541,9.687958,9.776583,9.448458,9.550041,9.607042],"decode_profiles":[{},{},{},{},{},{},{},{},{},{},{},{},{},{},{},{}],"decode_tps":103.27244562060285,"first_token_ms":235.472708,"generated_ids":[8580,13,362,15592,51435,264,8500,315,15626,7525,13,13850,15278,26569,979,5819,646],"generated_tokens":17,"generation_ms":394.26875,"generation_tps":43.117797187831904,"kv_active_bytes":12779520,"kv_reserved_bytes":25165824,"model_format":"GGUF","model_repository":"Qwen/Qwen2.5-0.5B-Instruct-GGUF","model_revision":"9217f5db79a29953eb74d5343926648285ec7e67","packed_quantized_bytes":422496256,"pair":0,"pair_order":"llama.cpp>ferrum","prefill_counters":{"allocated_bytes":519573504,"allocation_time":{"nanos":23442419,"secs":0},"allocations":119,"arena_capacity":261867520,"arena_high_water":268435456,"command_buffers":14,"completion_waits":14,"dispatches":531,"encode":{"nanos":557815,"secs":0},"gpu":{"nanos":202661584,"secs":0},"reused_bytes":2851078144,"transient_live_bytes":0,"transient_peak_bytes":267649024,"wait":{"nanos":209323708,"secs":0}},"prefill_ms":235.17216599999998,"prefill_profile":{},"prefill_tps":4354.256787344469,"prompt_ids":[32,15592,51435,264,8500,315,15626,7525,13,13850,15278,26569,979,5819,646,387,68743,13,47124,938,7032,9429,24182,3059,448,5785,2750,13,76817,32037,882,7391,24231,504,882,7391,8580,13,362,15592,51435,264,8500,315,15626,7525,13,13850,15278,26569,979,5819,646,387,68743,13,47124,938,7032,9429,24182,3059,448,5785,2750,13,76817,32037,882,7391,24231,504,882,7391,8580,13,362,15592,51435,264,8500,315,15626,7525,13,13850,15278,26569,979,5819,646,387,68743,13,47124,938,7032,9429,24182,3059,448,5785,2750,13,76817,32037,882,7391,24231,504,882,7391,8580,13,362,15592,51435,264,8500,315,15626,7525,13,13850,15278,26569,979,5819,646,387,68743,13,47124,938,7032,9429,24182,3059,448,5785,2750,13,76817,32037,882,7391,24231,504,882,7391,8580,13,362,15592,51435,264,8500,315,15626,7525,13,13850,15278,26569,979,5819,646,387,68743,13,47124,938,7032,9429,24182,3059,448,5785,2750,13,76817,32037,882,7391,24231,504,882,7391,8580,13,362,15592,51435,264,8500,315,15626,7525,13,13850,15278,26569,979,5819,646,387,68743,13,47124,938,7032,9429,24182,3059,448,5785,2750,13,76817,32037,882,7391,24231,504,882,7391,8580,13,362,15592,51435,264,8500,315,15626,7525,13,13850,15278,26569,979,5819,646,387,68743,13,47124,938,7032,9429,24182,3059,448,5785,2750,13,76817,32037,882,7391,24231,504,882,7391,8580,13,362,15592,51435,264,8500,315,15626,7525,13,13850,15278,26569,979,5819,646,387,68743,13,47124,938,7032,9429,24182,3059,448,5785,2750,13,76817,32037,882,7391,24231,504,882,7391,8580,13,362,15592,51435,264,8500,315,15626,7525,13,13850,15278,26569,979,5819,646,387,68743,13,47124,938,7032,9429,24182,3059,448,5785,2750,13,76817,32037,882,7391,24231,504,882,7391,8580,13,362,15592,51435,264,8500,315,15626,7525,13,13850,15278,26569,979,5819,646,387,68743,13,47124,938,7032,9429,24182,3059,448,5785,2750,13,76817,32037,882,7391,24231,504,882,7391,8580,13,362,15592,51435,264,8500,315,15626,7525,13,13850,15278,26569,979,5819,646,387,68743,13,47124,938,7032,9429,24182,3059,448,5785,2750,13,76817,32037,882,7391,24231,504,882,7391,8580,13,362,15592,51435,264,8500,315,15626,7525,13,13850,15278,26569,979,5819,646,387,68743,13,47124,938,7032,9429,24182,3059,448,5785,2750,13,76817,32037,882,7391,24231,504,882,7391,8580,13,362,15592,51435,264,8500,315,15626,7525,13,13850,15278,26569,979,5819,646,387,68743,13,47124,938,7032,9429,24182,3059,448,5785,2750,13,76817,32037,882,7391,24231,504,882,7391,8580,13,362,15592,51435,264,8500,315,15626,7525,13,13850,15278,26569,979,5819,646,387,68743,13,47124,938,7032,9429,24182,3059,448,5785,2750,13,76817,32037,882,7391,24231,504,882,7391,8580,13,362,15592,51435,264,8500,315,15626,7525,13,13850,15278,26569,979,5819,646,387,68743,13,47124,938,7032,9429,24182,3059,448,5785,2750,13,76817,32037,882,7391,24231,504,882,7391,8580,13,362,15592,51435,264,8500,315,15626,7525,13,13850,15278,26569,979,5819,646,387,68743,13,47124,938,7032,9429,24182,3059,448,5785,2750,13,76817,32037,882,7391,24231,504,882,7391,8580,13,362,15592,51435,264,8500,315,15626,7525,13,13850,15278,26569,979,5819,646,387,68743,13,47124,938,7032,9429,24182,3059,448,5785,2750,13,76817,32037,882,7391,24231,504,882,7391,8580,13,362,15592,51435,264,8500,315,15626,7525,13,13850,15278,26569,979,5819,646,387,68743,13,47124,938,7032,9429,24182,3059,448,5785,2750,13,76817,32037,882,7391,24231,504,882,7391,8580,13,362,15592,51435,264,8500,315,15626,7525,13,13850,15278,26569,979,5819,646,387,68743,13,47124,938,7032,9429,24182,3059,448,5785,2750,13,76817,32037,882,7391,24231,504,882,7391,8580,13,362,15592,51435,264,8500,315,15626,7525,13,13850,15278,26569,979,5819,646,387,68743,13,47124,938,7032,9429,24182,3059,448,5785,2750,13,76817,32037,882,7391,24231,504,882,7391,8580,13,362,15592,51435,264,8500,315,15626,7525,13,13850,15278,26569,979,5819,646,387,68743,13,47124,938,7032,9429,24182,3059,448,5785,2750,13,76817,32037,882,7391,24231,504,882,7391,8580,13,362,15592,51435,264,8500,315,15626,7525,13,13850,15278,26569,979,5819,646,387,68743,13,47124,938,7032,9429,24182,3059,448,5785,2750,13,76817,32037,882,7391,24231,504,882,7391,8580,13,362,15592,51435,264,8500,315,15626,7525,13,13850,15278,26569,979,5819,646,387,68743,13,47124,938,7032,9429,24182,3059,448,5785,2750,13,76817,32037,882,7391,24231,504,882,7391,8580,13,362,15592,51435,264,8500,315,15626,7525,13,13850,15278,26569,979,5819,646,387,68743,13,47124,938,7032,9429,24182,3059,448,5785,2750,13,76817,32037,882,7391,24231,504,882,7391,8580,13,362,15592,51435,264,8500,315,15626,7525,13,13850,15278,26569,979,5819,646,387,68743,13,47124,938,7032,9429,24182,3059,448,5785,2750,13,76817,32037,882,7391,24231,504,882,7391,8580,13,362,15592,51435,264,8500,315,15626,7525,13,13850,15278,26569,979,5819,646,387,68743,13,47124,938,7032,9429,24182,3059,448,5785,2750,13,76817,32037,882,7391,24231,504,882,7391,8580,13,362,15592,51435,264,8500,315,15626,7525,13,13850,15278,26569,979,5819,646,387,68743,13,47124,938,7032,9429,24182,3059,448,5785,2750,13,76817,32037,882,7391,24231,504,882,7391],"prompt_tokens":1024,"retained_weight_bytes":422639360,"runtime":"ferrum","sampling_ms":3.955915,"source_tensor_bytes":422782464,"warmup":false,"process_rss_bytes":943898624,"source_matrix_case_model":"qwen2.5-phase7a-shape-workload","ferrum_options":{"batch_limit_dispatches":1024,"q4_0_gemv_8rows":true,"mlx_affine4_gemv_quad":true},"engine_order":["llama.cpp","ferrum"],"case_index":3,"engine_load_plus_first_warmup_ms":595.0837089912966}
{"case":"1024","decode_aggregate_tps":101.69914481824742,"decode_counters":[{"allocated_bytes":27721732,"allocation_time":{"nanos":1805792,"secs":0},"allocations":157,"arena_capacity":264423424,"arena_high_water":268435456,"command_buffers":1,"completion_waits":1,"dispatches":579,"encode":{"nanos":239825,"secs":0},"gpu":{"nanos":9082125,"secs":0},"reused_bytes":1247232,"transient_live_bytes":524288,"transient_peak_bytes":3803136,"wait":{"nanos":9548708,"secs":0}},{"allocated_bytes":4,"allocation_time":{"nanos":3583,"secs":0},"allocations":1,"arena_capacity":264423424,"arena_high_water":268435456,"command_buffers":1,"completion_waits":1,"dispatches":531,"encode":{"nanos":177254,"secs":0},"gpu":{"nanos":8975500,"secs":0},"reused_bytes":3803136,"transient_live_bytes":524288,"transient_peak_bytes":3803136,"wait":{"nanos":9278667,"secs":0}},{"allocated_bytes":4,"allocation_time":{"nanos":2959,"secs":0},"allocations":1,"arena_capacity":264423424,"arena_high_water":268435456,"command_buffers":1,"completion_waits":1,"dispatches":531,"encode":{"nanos":173049,"secs":0},"gpu":{"nanos":9102917,"secs":0},"reused_bytes":3803136,"transient_live_bytes":524288,"transient_peak_bytes":3803136,"wait":{"nanos":9351500,"secs":0}},{"allocated_bytes":4,"allocation_time":{"nanos":3041,"secs":0},"allocations":1,"arena_capacity":264423424,"arena_high_water":268435456,"command_buffers":1,"completion_waits":1,"dispatches":531,"encode":{"nanos":172635,"secs":0},"gpu":{"nanos":9133708,"secs":0},"reused_bytes":3803136,"transient_live_bytes":524288,"transient_peak_bytes":3803136,"wait":{"nanos":9377750,"secs":0}},{"allocated_bytes":4,"allocation_time":{"nanos":3250,"secs":0},"allocations":1,"arena_capacity":264423424,"arena_high_water":268435456,"command_buffers":1,"completion_waits":1,"dispatches":531,"encode":{"nanos":171713,"secs":0},"gpu":{"nanos":9295500,"secs":0},"reused_bytes":3803136,"transient_live_bytes":524288,"transient_peak_bytes":3803136,"wait":{"nanos":9522500,"secs":0}},{"allocated_bytes":4,"allocation_time":{"nanos":3083,"secs":0},"allocations":1,"arena_capacity":264423424,"arena_high_water":268435456,"command_buffers":1,"completion_waits":1,"dispatches":531,"encode":{"nanos":168758,"secs":0},"gpu":{"nanos":8627167,"secs":0},"reused_bytes":3803136,"transient_live_bytes":524288,"transient_peak_bytes":3803136,"wait":{"nanos":8867292,"secs":0}},{"allocated_bytes":4,"allocation_time":{"nanos":3541,"secs":0},"allocations":1,"arena_capacity":264423424,"arena_high_water":268435456,"command_buffers":1,"completion_waits":1,"dispatches":531,"encode":{"nanos":177593,"secs":0},"gpu":{"nanos":8980208,"secs":0},"reused_bytes":3803136,"transient_live_bytes":524288,"transient_peak_bytes":3803136,"wait":{"nanos":9218583,"secs":0}},{"allocated_bytes":4,"allocation_time":{"nanos":4708,"secs":0},"allocations":1,"arena_capacity":264423424,"arena_high_water":268435456,"command_buffers":1,"completion_waits":1,"dispatches":531,"encode":{"nanos":183382,"secs":0},"gpu":{"nanos":9207917,"secs":0},"reused_bytes":3803136,"transient_live_bytes":524288,"transient_peak_bytes":3803136,"wait":{"nanos":9465542,"secs":0}},{"allocated_bytes":4,"allocation_time":{"nanos":4458,"secs":0},"allocations":1,"arena_capacity":264423424,"arena_high_water":268435456,"command_buffers":1,"completion_waits":1,"dispatches":531,"encode":{"nanos":178732,"secs":0},"gpu":{"nanos":9101375,"secs":0},"reused_bytes":3803136,"transient_live_bytes":524288,"transient_peak_bytes":3803136,"wait":{"nanos":9347542,"secs":0}},{"allocated_bytes":4,"allocation_time":{"nanos":3584,"secs":0},"allocations":1,"arena_capacity":264423424,"arena_high_water":268435456,"command_buffers":1,"completion_waits":1,"dispatches":531,"encode":{"nanos":171997,"secs":0},"gpu":{"nanos":8769542,"secs":0},"reused_bytes":3803136,"transient_live_bytes":524288,"transient_peak_bytes":3803136,"wait":{"nanos":9022500,"secs":0}},{"allocated_bytes":4,"allocation_time":{"nanos":3542,"secs":0},"allocations":1,"arena_capacity":264423424,"arena_high_water":268435456,"command_buffers":1,"completion_waits":1,"dispatches":531,"encode":{"nanos":177294,"secs":0},"gpu":{"nanos":9089250,"secs":0},"reused_bytes":3803136,"transient_live_bytes":524288,"transient_peak_bytes":3803136,"wait":{"nanos":9345500,"secs":0}},{"allocated_bytes":4,"allocation_time":{"nanos":2792,"secs":0},"allocations":1,"arena_capacity":264423424,"arena_high_water":268435456,"command_buffers":1,"completion_waits":1,"dispatches":531,"encode":{"nanos":174086,"secs":0},"gpu":{"nanos":9098167,"secs":0},"reused_bytes":3803136,"transient_live_bytes":524288,"transient_peak_bytes":3803136,"wait":{"nanos":9332167,"secs":0}},{"allocated_bytes":4,"allocation_time":{"nanos":3958,"secs":0},"allocations":1,"arena_capacity":264423424,"arena_high_water":268435456,"command_buffers":1,"completion_waits":1,"dispatches":531,"encode":{"nanos":170977,"secs":0},"gpu":{"nanos":9011125,"secs":0},"reused_bytes":3803136,"transient_live_bytes":524288,"transient_peak_bytes":3803136,"wait":{"nanos":9274334,"secs":0}},{"allocated_bytes":4,"allocation_time":{"nanos":3042,"secs":0},"allocations":1,"arena_capacity":264423424,"arena_high_water":268435456,"command_buffers":1,"completion_waits":1,"dispatches":531,"encode":{"nanos":175287,"secs":0},"gpu":{"nanos":8835125,"secs":0},"reused_bytes":3803136,"transient_live_bytes":524288,"transient_peak_bytes":3803136,"wait":{"nanos":9080625,"secs":0}},{"allocated_bytes":4,"allocation_time":{"nanos":3375,"secs":0},"allocations":1,"arena_capacity":264423424,"arena_high_water":268435456,"command_buffers":1,"completion_waits":1,"dispatches":531,"encode":{"nanos":169713,"secs":0},"gpu":{"nanos":8914375,"secs":0},"reused_bytes":3803136,"transient_live_bytes":524288,"transient_peak_bytes":3803136,"wait":{"nanos":9172709,"secs":0}},{"allocated_bytes":4,"allocation_time":{"nanos":2958,"secs":0},"allocations":1,"arena_capacity":264423424,"arena_high_water":268435456,"command_buffers":1,"completion_waits":1,"dispatches":531,"encode":{"nanos":178429,"secs":0},"gpu":{"nanos":9023750,"secs":0},"reused_bytes":3803136,"transient_live_bytes":524288,"transient_peak_bytes":3803136,"wait":{"nanos":9283292,"secs":0}}],"decode_median_ms":9.729916999999999,"decode_ms":[12.007208,9.723875,9.780417,9.803416,9.916417000000001,9.285458,9.645124999999998,9.91475,9.770834,9.45,9.774958,9.725916,9.700958,9.501124999999998,9.596416,9.729916999999999],"decode_profiles":[{},{},{},{},{},{},{},{},{},{},{},{},{},{},{},{}],"decode_tps":102.77579962912327,"first_token_ms":223.978625,"generated_ids":[8580,13,362,15592,51435,264,8500,315,15626,7525,13,13850,15278,26569,979,5819,646],"generated_tokens":17,"generation_ms":385.170875,"generation_tps":44.136255110150785,"kv_active_bytes":12779520,"kv_reserved_bytes":25165824,"model_format":"GGUF","model_repository":"Qwen/Qwen2.5-0.5B-Instruct-GGUF","model_revision":"9217f5db79a29953eb74d5343926648285ec7e67","packed_quantized_bytes":422496256,"pair":1,"pair_order":"ferrum>llama.cpp","prefill_counters":{"allocated_bytes":242225152,"allocation_time":{"nanos":11280956,"secs":0},"allocations":80,"arena_capacity":261867520,"arena_high_water":268435456,"command_buffers":14,"completion_waits":14,"dispatches":531,"encode":{"nanos":481221,"secs":0},"gpu":{"nanos":206369083,"secs":0},"reused_bytes":3128426496,"transient_live_bytes":0,"transient_peak_bytes":267649024,"wait":{"nanos":210987958,"secs":0}},"prefill_ms":223.65033300000002,"prefill_profile":{},"prefill_tps":4578.57578955628,"prompt_ids":[32,15592,51435,264,8500,315,15626,7525,13,13850,15278,26569,979,5819,646,387,68743,13,47124,938,7032,9429,24182,3059,448,5785,2750,13,76817,32037,882,7391,24231,504,882,7391,8580,13,362,15592,51435,264,8500,315,15626,7525,13,13850,15278,26569,979,5819,646,387,68743,13,47124,938,7032,9429,24182,3059,448,5785,2750,13,76817,32037,882,7391,24231,504,882,7391,8580,13,362,15592,51435,264,8500,315,15626,7525,13,13850,15278,26569,979,5819,646,387,68743,13,47124,938,7032,9429,24182,3059,448,5785,2750,13,76817,32037,882,7391,24231,504,882,7391,8580,13,362,15592,51435,264,8500,315,15626,7525,13,13850,15278,26569,979,5819,646,387,68743,13,47124,938,7032,9429,24182,3059,448,5785,2750,13,76817,32037,882,7391,24231,504,882,7391,8580,13,362,15592,51435,264,8500,315,15626,7525,13,13850,15278,26569,979,5819,646,387,68743,13,47124,938,7032,9429,24182,3059,448,5785,2750,13,76817,32037,882,7391,24231,504,882,7391,8580,13,362,15592,51435,264,8500,315,15626,7525,13,13850,15278,26569,979,5819,646,387,68743,13,47124,938,7032,9429,24182,3059,448,5785,2750,13,76817,32037,882,7391,24231,504,882,7391,8580,13,362,15592,51435,264,8500,315,15626,7525,13,13850,15278,26569,979,5819,646,387,68743,13,47124,938,7032,9429,24182,3059,448,5785,2750,13,76817,32037,882,7391,24231,504,882,7391,8580,13,362,15592,51435,264,8500,315,15626,7525,13,13850,15278,26569,979,5819,646,387,68743,13,47124,938,7032,9429,24182,3059,448,5785,2750,13,76817,32037,882,7391,24231,504,882,7391,8580,13,362,15592,51435,264,8500,315,15626,7525,13,13850,15278,26569,979,5819,646,387,68743,13,47124,938,7032,9429,24182,3059,448,5785,2750,13,76817,32037,882,7391,24231,504,882,7391,8580,13,362,15592,51435,264,8500,315,15626,7525,13,13850,15278,26569,979,5819,646,387,68743,13,47124,938,7032,9429,24182,3059,448,5785,2750,13,76817,32037,882,7391,24231,504,882,7391,8580,13,362,15592,51435,264,8500,315,15626,7525,13,13850,15278,26569,979,5819,646,387,68743,13,47124,938,7032,9429,24182,3059,448,5785,2750,13,76817,32037,882,7391,24231,504,882,7391,8580,13,362,15592,51435,264,8500,315,15626,7525,13,13850,15278,26569,979,5819,646,387,68743,13,47124,938,7032,9429,24182,3059,448,5785,2750,13,76817,32037,882,7391,24231,504,882,7391,8580,13,362,15592,51435,264,8500,315,15626,7525,13,13850,15278,26569,979,5819,646,387,68743,13,47124,938,7032,9429,24182,3059,448,5785,2750,13,76817,32037,882,7391,24231,504,882,7391,8580,13,362,15592,51435,264,8500,315,15626,7525,13,13850,15278,26569,979,5819,646,387,68743,13,47124,938,7032,9429,24182,3059,448,5785,2750,13,76817,32037,882,7391,24231,504,882,7391,8580,13,362,15592,51435,264,8500,315,15626,7525,13,13850,15278,26569,979,5819,646,387,68743,13,47124,938,7032,9429,24182,3059,448,5785,2750,13,76817,32037,882,7391,24231,504,882,7391,8580,13,362,15592,51435,264,8500,315,15626,7525,13,13850,15278,26569,979,5819,646,387,68743,13,47124,938,7032,9429,24182,3059,448,5785,2750,13,76817,32037,882,7391,24231,504,882,7391,8580,13,362,15592,51435,264,8500,315,15626,7525,13,13850,15278,26569,979,5819,646,387,68743,13,47124,938,7032,9429,24182,3059,448,5785,2750,13,76817,32037,882,7391,24231,504,882,7391,8580,13,362,15592,51435,264,8500,315,15626,7525,13,13850,15278,26569,979,5819,646,387,68743,13,47124,938,7032,9429,24182,3059,448,5785,2750,13,76817,32037,882,7391,24231,504,882,7391,8580,13,362,15592,51435,264,8500,315,15626,7525,13,13850,15278,26569,979,5819,646,387,68743,13,47124,938,7032,9429,24182,3059,448,5785,2750,13,76817,32037,882,7391,24231,504,882,7391,8580,13,362,15592,51435,264,8500,315,15626,7525,13,13850,15278,26569,979,5819,646,387,68743,13,47124,938,7032,9429,24182,3059,448,5785,2750,13,76817,32037,882,7391,24231,504,882,7391,8580,13,362,15592,51435,264,8500,315,15626,7525,13,13850,15278,26569,979,5819,646,387,68743,13,47124,938,7032,9429,24182,3059,448,5785,2750,13,76817,32037,882,7391,24231,504,882,7391,8580,13,362,15592,51435,264,8500,315,15626,7525,13,13850,15278,26569,979,5819,646,387,68743,13,47124,938,7032,9429,24182,3059,448,5785,2750,13,76817,32037,882,7391,24231,504,882,7391,8580,13,362,15592,51435,264,8500,315,15626,7525,13,13850,15278,26569,979,5819,646,387,68743,13,47124,938,7032,9429,24182,3059,448,5785,2750,13,76817,32037,882,7391,24231,504,882,7391,8580,13,362,15592,51435,264,8500,315,15626,7525,13,13850,15278,26569,979,5819,646,387,68743,13,47124,938,7032,9429,24182,3059,448,5785,2750,13,76817,32037,882,7391,24231,504,882,7391,8580,13,362,15592,51435,264,8500,315,15626,7525,13,13850,15278,26569,979,5819,646,387,68743,13,47124,938,7032,9429,24182,3059,448,5785,2750,13,76817,32037,882,7391,24231,504,882,7391,8580,13,362,15592,51435,264,8500,315,15626,7525,13,13850,15278,26569,979,5819,646,387,68743,13,47124,938,7032,9429,24182,3059,448,5785,2750,13,76817,32037,882,7391,24231,504,882,7391,8580,13,362,15592,51435,264,8500,315,15626,7525,13,13850,15278,26569,979,5819,646,387,68743,13,47124,938,7032,9429,24182,3059,448,5785,2750,13,76817,32037,882,7391,24231,504,882,7391],"prompt_tokens":1024,"retained_weight_bytes":422639360,"runtime":"ferrum","sampling_ms":3.973038,"source_tensor_bytes":422782464,"warmup":false,"process_rss_bytes":935510016,"source_matrix_case_model":"qwen2.5-phase7a-shape-workload","ferrum_options":{"batch_limit_dispatches":1024,"q4_0_gemv_8rows":true,"mlx_affine4_gemv_quad":true},"engine_order":["ferrum","llama.cpp"],"case_index":3,"engine_load_plus_first_warmup_ms":595.0837089912966}
{"case":"1024","command_buffer_count":null,"decode_aggregate_tps":231.19771572032914,"decode_median_ms":4.6555,"decode_ms":[5.360375,3.74575,4.847,3.718208,4.9145,3.716834,3.742959,4.6555,3.693292,4.8325,3.755459,4.881625,3.790917,4.926917,3.698291,4.924709],"decode_tps":214.799699280421,"dispatch_count":null,"first_token_ms":118.968375,"generated_ids":[8580,13,362,15592,51435,264,8500,315,15626,7525,13,13850,15278,26569,979,5819,646],"generated_tokens":17,"generation_ms":192.024333,"generation_tps":88.53044681582098,"kv_context_capacity_tokens":4096,"kv_type":"bf16","llama_version":"0.5.0-dev","model_format":"GGUF","pair":1,"pair_order":"ferrum>llama.cpp","prefill_ms":118.7325,"prefill_tps":8624.428863200892,"process_max_rss_bytes":613122048,"prompt_ids":[32,15592,51435,264,8500,315,15626,7525,13,13850,15278,26569,979,5819,646,387,68743,13,47124,938,7032,9429,24182,3059,448,5785,2750,13,76817,32037,882,7391,24231,504,882,7391,8580,13,362,15592,51435,264,8500,315,15626,7525,13,13850,15278,26569,979,5819,646,387,68743,13,47124,938,7032,9429,24182,3059,448,5785,2750,13,76817,32037,882,7391,24231,504,882,7391,8580,13,362,15592,51435,264,8500,315,15626,7525,13,13850,15278,26569,979,5819,646,387,68743,13,47124,938,7032,9429,24182,3059,448,5785,2750,13,76817,32037,882,7391,24231,504,882,7391,8580,13,362,15592,51435,264,8500,315,15626,7525,13,13850,15278,26569,979,5819,646,387,68743,13,47124,938,7032,9429,24182,3059,448,5785,2750,13,76817,32037,882,7391,24231,504,882,7391,8580,13,362,15592,51435,264,8500,315,15626,7525,13,13850,15278,26569,979,5819,646,387,68743,13,47124,938,7032,9429,24182,3059,448,5785,2750,13,76817,32037,882,7391,24231,504,882,7391,8580,13,362,15592,51435,264,8500,315,15626,7525,13,13850,15278,26569,979,5819,646,387,68743,13,47124,938,7032,9429,24182,3059,448,5785,2750,13,76817,32037,882,7391,24231,504,882,7391,8580,13,362,15592,51435,264,8500,315,15626,7525,13,13850,15278,26569,979,5819,646,387,68743,13,47124,938,7032,9429,24182,3059,448,5785,2750,13,76817,32037,882,7391,24231,504,882,7391,8580,13,362,15592,51435,264,8500,315,15626,7525,13,13850,15278,26569,979,5819,646,387,68743,13,47124,938,7032,9429,24182,3059,448,5785,2750,13,76817,32037,882,7391,24231,504,882,7391,8580,13,362,15592,51435,264,8500,315,15626,7525,13,13850,15278,26569,979,5819,646,387,68743,13,47124,938,7032,9429,24182,3059,448,5785,2750,13,76817,32037,882,7391,24231,504,882,7391,8580,13,362,15592,51435,264,8500,315,15626,7525,13,13850,15278,26569,979,5819,646,387,68743,13,47124,938,7032,9429,24182,3059,448,5785,2750,13,76817,32037,882,7391,24231,504,882,7391,8580,13,362,15592,51435,264,8500,315,15626,7525,13,13850,15278,26569,979,5819,646,387,68743,13,47124,938,7032,9429,24182,3059,448,5785,2750,13,76817,32037,882,7391,24231,504,882,7391,8580,13,362,15592,51435,264,8500,315,15626,7525,13,13850,15278,26569,979,5819,646,387,68743,13,47124,938,7032,9429,24182,3059,448,5785,2750,13,76817,32037,882,7391,24231,504,882,7391,8580,13,362,15592,51435,264,8500,315,15626,7525,13,13850,15278,26569,979,5819,646,387,68743,13,47124,938,7032,9429,24182,3059,448,5785,2750,13,76817,32037,882,7391,24231,504,882,7391,8580,13,362,15592,51435,264,8500,315,15626,7525,13,13850,15278,26569,979,5819,646,387,68743,13,47124,938,7032,9429,24182,3059,448,5785,2750,13,76817,32037,882,7391,24231,504,882,7391,8580,13,362,15592,51435,264,8500,315,15626,7525,13,13850,15278,26569,979,5819,646,387,68743,13,47124,938,7032,9429,24182,3059,448,5785,2750,13,76817,32037,882,7391,24231,504,882,7391,8580,13,362,15592,51435,264,8500,315,15626,7525,13,13850,15278,26569,979,5819,646,387,68743,13,47124,938,7032,9429,24182,3059,448,5785,2750,13,76817,32037,882,7391,24231,504,882,7391,8580,13,362,15592,51435,264,8500,315,15626,7525,13,13850,15278,26569,979,5819,646,387,68743,13,47124,938,7032,9429,24182,3059,448,5785,2750,13,76817,32037,882,7391,24231,504,882,7391,8580,13,362,15592,51435,264,8500,315,15626,7525,13,13850,15278,26569,979,5819,646,387,68743,13,47124,938,7032,9429,24182,3059,448,5785,2750,13,76817,32037,882,7391,24231,504,882,7391,8580,13,362,15592,51435,264,8500,315,15626,7525,13,13850,15278,26569,979,5819,646,387,68743,13,47124,938,7032,9429,24182,3059,448,5785,2750,13,76817,32037,882,7391,24231,504,882,7391,8580,13,362,15592,51435,264,8500,315,15626,7525,13,13850,15278,26569,979,5819,646,387,68743,13,47124,938,7032,9429,24182,3059,448,5785,2750,13,76817,32037,882,7391,24231,504,882,7391,8580,13,362,15592,51435,264,8500,315,15626,7525,13,13850,15278,26569,979,5819,646,387,68743,13,47124,938,7032,9429,24182,3059,448,5785,2750,13,76817,32037,882,7391,24231,504,882,7391,8580,13,362,15592,51435,264,8500,315,15626,7525,13,13850,15278,26569,979,5819,646,387,68743,13,47124,938,7032,9429,24182,3059,448,5785,2750,13,76817,32037,882,7391,24231,504,882,7391,8580,13,362,15592,51435,264,8500,315,15626,7525,13,13850,15278,26569,979,5819,646,387,68743,13,47124,938,7032,9429,24182,3059,448,5785,2750,13,76817,32037,882,7391,24231,504,882,7391,8580,13,362,15592,51435,264,8500,315,15626,7525,13,13850,15278,26569,979,5819,646,387,68743,13,47124,938,7032,9429,24182,3059,448,5785,2750,13,76817,32037,882,7391,24231,504,882,7391,8580,13,362,15592,51435,264,8500,315,15626,7525,13,13850,15278,26569,979,5819,646,387,68743,13,47124,938,7032,9429,24182,3059,448,5785,2750,13,76817,32037,882,7391,24231,504,882,7391,8580,13,362,15592,51435,264,8500,315,15626,7525,13,13850,15278,26569,979,5819,646,387,68743,13,47124,938,7032,9429,24182,3059,448,5785,2750,13,76817,32037,882,7391,24231,504,882,7391,8580,13,362,15592,51435,264,8500,315,15626,7525,13,13850,15278,26569,979,5819,646,387,68743,13,47124,938,7032,9429,24182,3059,448,5785,2750,13,76817,32037,882,7391,24231,504,882,7391],"prompt_tokens":1024,"runtime":"llama.cpp","sampling_ms":4.084417,"warmup":false,"process_rss_bytes":612909056,"source_matrix_case_model":"qwen2.5-phase7a-shape-workload","engine_order":["ferrum","llama.cpp"],"case_index":3,"engine_load_plus_first_warmup_ms":619.0415829769336}
{"case":"1024","command_buffer_count":null,"decode_aggregate_tps":234.58016945162439,"decode_median_ms":4.28925,"decode_ms":[4.28925,4.852125,3.6925,4.851333,3.648625,4.857541,3.717792,3.7405,4.909375,3.8005,4.804667,3.772125,4.895667,3.750875,4.917167,3.706917],"decode_tps":233.140992014921,"dispatch_count":null,"first_token_ms":119.134042,"generated_ids":[8580,13,362,15592,51435,264,8500,315,15626,7525,13,13850,15278,26569,979,5819,646],"generated_tokens":17,"generation_ms":191.390875,"generation_tps":88.82346141110438,"kv_context_capacity_tokens":4096,"kv_type":"bf16","llama_version":"0.5.0-dev","model_format":"GGUF","pair":2,"pair_order":"llama.cpp>ferrum","prefill_ms":118.891167,"prefill_tps":8612.91907413105,"process_max_rss_bytes":613122048,"prompt_ids":[32,15592,51435,264,8500,315,15626,7525,13,13850,15278,26569,979,5819,646,387,68743,13,47124,938,7032,9429,24182,3059,448,5785,2750,13,76817,32037,882,7391,24231,504,882,7391,8580,13,362,15592,51435,264,8500,315,15626,7525,13,13850,15278,26569,979,5819,646,387,68743,13,47124,938,7032,9429,24182,3059,448,5785,2750,13,76817,32037,882,7391,24231,504,882,7391,8580,13,362,15592,51435,264,8500,315,15626,7525,13,13850,15278,26569,979,5819,646,387,68743,13,47124,938,7032,9429,24182,3059,448,5785,2750,13,76817,32037,882,7391,24231,504,882,7391,8580,13,362,15592,51435,264,8500,315,15626,7525,13,13850,15278,26569,979,5819,646,387,68743,13,47124,938,7032,9429,24182,3059,448,5785,2750,13,76817,32037,882,7391,24231,504,882,7391,8580,13,362,15592,51435,264,8500,315,15626,7525,13,13850,15278,26569,979,5819,646,387,68743,13,47124,938,7032,9429,24182,3059,448,5785,2750,13,76817,32037,882,7391,24231,504,882,7391,8580,13,362,15592,51435,264,8500,315,15626,7525,13,13850,15278,26569,979,5819,646,387,68743,13,47124,938,7032,9429,24182,3059,448,5785,2750,13,76817,32037,882,7391,24231,504,882,7391,8580,13,362,15592,51435,264,8500,315,15626,7525,13,13850,15278,26569,979,5819,646,387,68743,13,47124,938,7032,9429,24182,3059,448,5785,2750,13,76817,32037,882,7391,24231,504,882,7391,8580,13,362,15592,51435,264,8500,315,15626,7525,13,13850,15278,26569,979,5819,646,387,68743,13,47124,938,7032,9429,24182,3059,448,5785,2750,13,76817,32037,882,7391,24231,504,882,7391,8580,13,362,15592,51435,264,8500,315,15626,7525,13,13850,15278,26569,979,5819,646,387,68743,13,47124,938,7032,9429,24182,3059,448,5785,2750,13,76817,32037,882,7391,24231,504,882,7391,8580,13,362,15592,51435,264,8500,315,15626,7525,13,13850,15278,26569,979,5819,646,387,68743,13,47124,938,7032,9429,24182,3059,448,5785,2750,13,76817,32037,882,7391,24231,504,882,7391,8580,13,362,15592,51435,264,8500,315,15626,7525,13,13850,15278,26569,979,5819,646,387,68743,13,47124,938,7032,9429,24182,3059,448,5785,2750,13,76817,32037,882,7391,24231,504,882,7391,8580,13,362,15592,51435,264,8500,315,15626,7525,13,13850,15278,26569,979,5819,646,387,68743,13,47124,938,7032,9429,24182,3059,448,5785,2750,13,76817,32037,882,7391,24231,504,882,7391,8580,13,362,15592,51435,264,8500,315,15626,7525,13,13850,15278,26569,979,5819,646,387,68743,13,47124,938,7032,9429,24182,3059,448,5785,2750,13,76817,32037,882,7391,24231,504,882,7391,8580,13,362,15592,51435,264,8500,315,15626,7525,13,13850,15278,26569,979,5819,646,387,68743,13,47124,938,7032,9429,24182,3059,448,5785,2750,13,76817,32037,882,7391,24231,504,882,7391,8580,13,362,15592,51435,264,8500,315,15626,7525,13,13850,15278,26569,979,5819,646,387,68743,13,47124,938,7032,9429,24182,3059,448,5785,2750,13,76817,32037,882,7391,24231,504,882,7391,8580,13,362,15592,51435,264,8500,315,15626,7525,13,13850,15278,26569,979,5819,646,387,68743,13,47124,938,7032,9429,24182,3059,448,5785,2750,13,76817,32037,882,7391,24231,504,882,7391,8580,13,362,15592,51435,264,8500,315,15626,7525,13,13850,15278,26569,979,5819,646,387,68743,13,47124,938,7032,9429,24182,3059,448,5785,2750,13,76817,32037,882,7391,24231,504,882,7391,8580,13,362,15592,51435,264,8500,315,15626,7525,13,13850,15278,26569,979,5819,646,387,68743,13,47124,938,7032,9429,24182,3059,448,5785,2750,13,76817,32037,882,7391,24231,504,882,7391,8580,13,362,15592,51435,264,8500,315,15626,7525,13,13850,15278,26569,979,5819,646,387,68743,13,47124,938,7032,9429,24182,3059,448,5785,2750,13,76817,32037,882,7391,24231,504,882,7391,8580,13,362,15592,51435,264,8500,315,15626,7525,13,13850,15278,26569,979,5819,646,387,68743,13,47124,938,7032,9429,24182,3059,448,5785,2750,13,76817,32037,882,7391,24231,504,882,7391,8580,13,362,15592,51435,264,8500,315,15626,7525,13,13850,15278,26569,979,5819,646,387,68743,13,47124,938,7032,9429,24182,3059,448,5785,2750,13,76817,32037,882,7391,24231,504,882,7391,8580,13,362,15592,51435,264,8500,315,15626,7525,13,13850,15278,26569,979,5819,646,387,68743,13,47124,938,7032,9429,24182,3059,448,5785,2750,13,76817,32037,882,7391,24231,504,882,7391,8580,13,362,15592,51435,264,8500,315,15626,7525,13,13850,15278,26569,979,5819,646,387,68743,13,47124,938,7032,9429,24182,3059,448,5785,2750,13,76817,32037,882,7391,24231,504,882,7391,8580,13,362,15592,51435,264,8500,315,15626,7525,13,13850,15278,26569,979,5819,646,387,68743,13,47124,938,7032,9429,24182,3059,448,5785,2750,13,76817,32037,882,7391,24231,504,882,7391,8580,13,362,15592,51435,264,8500,315,15626,7525,13,13850,15278,26569,979,5819,646,387,68743,13,47124,938,7032,9429,24182,3059,448,5785,2750,13,76817,32037,882,7391,24231,504,882,7391,8580,13,362,15592,51435,264,8500,315,15626,7525,13,13850,15278,26569,979,5819,646,387,68743,13,47124,938,7032,9429,24182,3059,448,5785,2750,13,76817,32037,882,7391,24231,504,882,7391,8580,13,362,15592,51435,264,8500,315,15626,7525,13,13850,15278,26569,979,5819,646,387,68743,13,47124,938,7032,9429,24182,3059,448,5785,2750,13,76817,32037,882,7391,24231,504,882,7391],"prompt_tokens":1024,"runtime":"llama.cpp","sampling_ms":4.290544,"warmup":false,"process_rss_bytes":612958208,"source_matrix_case_model":"qwen2.5-phase7a-shape-workload","engine_order":["llama.cpp","ferrum"],"case_index":3,"engine_load_plus_first_warmup_ms":619.0415829769336}
{"case":"1024","decode_aggregate_tps":103.79161135438711,"decode_counters":[{"allocated_bytes":27721732,"allocation_time":{"nanos":1890211,"secs":0},"allocations":157,"arena_capacity":264423424,"arena_high_water":268435456,"command_buffers":1,"completion_waits":1,"dispatches":579,"encode":{"nanos":257760,"secs":0},"gpu":{"nanos":7889375,"secs":0},"reused_bytes":1247232,"transient_live_bytes":524288,"transient_peak_bytes":3803136,"wait":{"nanos":8340959,"secs":0}},{"allocated_bytes":4,"allocation_time":{"nanos":3042,"secs":0},"allocations":1,"arena_capacity":264423424,"arena_high_water":268435456,"command_buffers":1,"completion_waits":1,"dispatches":531,"encode":{"nanos":179157,"secs":0},"gpu":{"nanos":8688708,"secs":0},"reused_bytes":3803136,"transient_live_bytes":524288,"transient_peak_bytes":3803136,"wait":{"nanos":8925917,"secs":0}},{"allocated_bytes":4,"allocation_time":{"nanos":4292,"secs":0},"allocations":1,"arena_capacity":264423424,"arena_high_water":268435456,"command_buffers":1,"completion_waits":1,"dispatches":531,"encode":{"nanos":180694,"secs":0},"gpu":{"nanos":8982250,"secs":0},"reused_bytes":3803136,"transient_live_bytes":524288,"transient_peak_bytes":3803136,"wait":{"nanos":9210958,"secs":0}},{"allocated_bytes":4,"allocation_time":{"nanos":3583,"secs":0},"allocations":1,"arena_capacity":264423424,"arena_high_water":268435456,"command_buffers":1,"completion_waits":1,"dispatches":531,"encode":{"nanos":177992,"secs":0},"gpu":{"nanos":9031875,"secs":0},"reused_bytes":3803136,"transient_live_bytes":524288,"transient_peak_bytes":3803136,"wait":{"nanos":9283166,"secs":0}},{"allocated_bytes":4,"allocation_time":{"nanos":4375,"secs":0},"allocations":1,"arena_capacity":264423424,"arena_high_water":268435456,"command_buffers":1,"completion_waits":1,"dispatches":531,"encode":{"nanos":182971,"secs":0},"gpu":{"nanos":9172208,"secs":0},"reused_bytes":3803136,"transient_live_bytes":524288,"transient_peak_bytes":3803136,"wait":{"nanos":9416250,"secs":0}},{"allocated_bytes":4,"allocation_time":{"nanos":3625,"secs":0},"allocations":1,"arena_capacity":264423424,"arena_high_water":268435456,"command_buffers":1,"completion_waits":1,"dispatches":531,"encode":{"nanos":176386,"secs":0},"gpu":{"nanos":8590375,"secs":0},"reused_bytes":3803136,"transient_live_bytes":524288,"transient_peak_bytes":3803136,"wait":{"nanos":8828417,"secs":0}},{"allocated_bytes":4,"allocation_time":{"nanos":4334,"secs":0},"allocations":1,"arena_capacity":264423424,"arena_high_water":268435456,"command_buffers":1,"completion_waits":1,"dispatches":531,"encode":{"nanos":182777,"secs":0},"gpu":{"nanos":8852250,"secs":0},"reused_bytes":3803136,"transient_live_bytes":524288,"transient_peak_bytes":3803136,"wait":{"nanos":9105792,"secs":0}},{"allocated_bytes":4,"allocation_time":{"nanos":3584,"secs":0},"allocations":1,"arena_capacity":264423424,"arena_high_water":268435456,"command_buffers":1,"completion_waits":1,"dispatches":531,"encode":{"nanos":182007,"secs":0},"gpu":{"nanos":9070000,"secs":0},"reused_bytes":3803136,"transient_live_bytes":524288,"transient_peak_bytes":3803136,"wait":{"nanos":9316000,"secs":0}},{"allocated_bytes":4,"allocation_time":{"nanos":4208,"secs":0},"allocations":1,"arena_capacity":264423424,"arena_high_water":268435456,"command_buffers":1,"completion_waits":1,"dispatches":531,"encode":{"nanos":177817,"secs":0},"gpu":{"nanos":8910750,"secs":0},"reused_bytes":3803136,"transient_live_bytes":524288,"transient_peak_bytes":3803136,"wait":{"nanos":9159833,"secs":0}},{"allocated_bytes":4,"allocation_time":{"nanos":3125,"secs":0},"allocations":1,"arena_capacity":264423424,"arena_high_water":268435456,"command_buffers":1,"completion_waits":1,"dispatches":531,"encode":{"nanos":180720,"secs":0},"gpu":{"nanos":8681542,"secs":0},"reused_bytes":3803136,"transient_live_bytes":524288,"transient_peak_bytes":3803136,"wait":{"nanos":8923542,"secs":0}},{"allocated_bytes":4,"allocation_time":{"nanos":3250,"secs":0},"allocations":1,"arena_capacity":264423424,"arena_high_water":268435456,"command_buffers":1,"completion_waits":1,"dispatches":531,"encode":{"nanos":175429,"secs":0},"gpu":{"nanos":9040875,"secs":0},"reused_bytes":3803136,"transient_live_bytes":524288,"transient_peak_bytes":3803136,"wait":{"nanos":9272833,"secs":0}},{"allocated_bytes":4,"allocation_time":{"nanos":2958,"secs":0},"allocations":1,"arena_capacity":264423424,"arena_high_water":268435456,"command_buffers":1,"completion_waits":1,"dispatches":531,"encode":{"nanos":179550,"secs":0},"gpu":{"nanos":9015625,"secs":0},"reused_bytes":3803136,"transient_live_bytes":524288,"transient_peak_bytes":3803136,"wait":{"nanos":9254000,"secs":0}},{"allocated_bytes":4,"allocation_time":{"nanos":4000,"secs":0},"allocations":1,"arena_capacity":264423424,"arena_high_water":268435456,"command_buffers":1,"completion_waits":1,"dispatches":531,"encode":{"nanos":172297,"secs":0},"gpu":{"nanos":8886500,"secs":0},"reused_bytes":3803136,"transient_live_bytes":524288,"transient_peak_bytes":3803136,"wait":{"nanos":9130375,"secs":0}},{"allocated_bytes":4,"allocation_time":{"nanos":3125,"secs":0},"allocations":1,"arena_capacity":264423424,"arena_high_water":268435456,"command_buffers":1,"completion_waits":1,"dispatches":531,"encode":{"nanos":170309,"secs":0},"gpu":{"nanos":8635667,"secs":0},"reused_bytes":3803136,"transient_live_bytes":524288,"transient_peak_bytes":3803136,"wait":{"nanos":8894625,"secs":0}},{"allocated_bytes":4,"allocation_time":{"nanos":3458,"secs":0},"allocations":1,"arena_capacity":264423424,"arena_high_water":268435456,"command_buffers":1,"completion_waits":1,"dispatches":531,"encode":{"nanos":173712,"secs":0},"gpu":{"nanos":8771167,"secs":0},"reused_bytes":3803136,"transient_live_bytes":524288,"transient_peak_bytes":3803136,"wait":{"nanos":9006083,"secs":0}},{"allocated_bytes":4,"allocation_time":{"nanos":2875,"secs":0},"allocations":1,"arena_capacity":264423424,"arena_high_water":268435456,"command_buffers":1,"completion_waits":1,"dispatches":531,"encode":{"nanos":180123,"secs":0},"gpu":{"nanos":8877458,"secs":0},"reused_bytes":3803136,"transient_live_bytes":524288,"transient_peak_bytes":3803136,"wait":{"nanos":9084834,"secs":0}}],"decode_median_ms":9.594750000000001,"decode_ms":[10.895999999999999,9.365708,9.617291,9.734708,9.847916999999999,9.261000000000001,9.548375,9.754166,9.594750000000001,9.359083,9.701042,9.675875000000001,9.557,9.318708,9.438333,9.485083999999999],"decode_profiles":[{},{},{},{},{},{},{},{},{},{},{},{},{},{},{},{}],"decode_tps":104.22366398290731,"first_token_ms":219.459584,"generated_ids":[8580,13,362,15592,51435,264,8500,315,15626,7525,13,13850,15278,26569,979,5819,646],"generated_tokens":17,"generation_ms":377.494125,"generation_tps":45.03381344014294,"kv_active_bytes":12779520,"kv_reserved_bytes":25165824,"model_format":"GGUF","model_repository":"Qwen/Qwen2.5-0.5B-Instruct-GGUF","model_revision":"9217f5db79a29953eb74d5343926648285ec7e67","packed_quantized_bytes":422496256,"pair":2,"pair_order":"llama.cpp>ferrum","prefill_counters":{"allocated_bytes":242225152,"allocation_time":{"nanos":11129215,"secs":0},"allocations":80,"arena_capacity":261867520,"arena_high_water":268435456,"command_buffers":14,"completion_waits":14,"dispatches":531,"encode":{"nanos":445053,"secs":0},"gpu":{"nanos":201996291,"secs":0},"reused_bytes":3128426496,"transient_live_bytes":0,"transient_peak_bytes":267649024,"wait":{"nanos":206815667,"secs":0}},"prefill_ms":219.158542,"prefill_profile":{},"prefill_tps":4672.41655586484,"prompt_ids":[32,15592,51435,264,8500,315,15626,7525,13,13850,15278,26569,979,5819,646,387,68743,13,47124,938,7032,9429,24182,3059,448,5785,2750,13,76817,32037,882,7391,24231,504,882,7391,8580,13,362,15592,51435,264,8500,315,15626,7525,13,13850,15278,26569,979,5819,646,387,68743,13,47124,938,7032,9429,24182,3059,448,5785,2750,13,76817,32037,882,7391,24231,504,882,7391,8580,13,362,15592,51435,264,8500,315,15626,7525,13,13850,15278,26569,979,5819,646,387,68743,13,47124,938,7032,9429,24182,3059,448,5785,2750,13,76817,32037,882,7391,24231,504,882,7391,8580,13,362,15592,51435,264,8500,315,15626,7525,13,13850,15278,26569,979,5819,646,387,68743,13,47124,938,7032,9429,24182,3059,448,5785,2750,13,76817,32037,882,7391,24231,504,882,7391,8580,13,362,15592,51435,264,8500,315,15626,7525,13,13850,15278,26569,979,5819,646,387,68743,13,47124,938,7032,9429,24182,3059,448,5785,2750,13,76817,32037,882,7391,24231,504,882,7391,8580,13,362,15592,51435,264,8500,315,15626,7525,13,13850,15278,26569,979,5819,646,387,68743,13,47124,938,7032,9429,24182,3059,448,5785,2750,13,76817,32037,882,7391,24231,504,882,7391,8580,13,362,15592,51435,264,8500,315,15626,7525,13,13850,15278,26569,979,5819,646,387,68743,13,47124,938,7032,9429,24182,3059,448,5785,2750,13,76817,32037,882,7391,24231,504,882,7391,8580,13,362,15592,51435,264,8500,315,15626,7525,13,13850,15278,26569,979,5819,646,387,68743,13,47124,938,7032,9429,24182,3059,448,5785,2750,13,76817,32037,882,7391,24231,504,882,7391,8580,13,362,15592,51435,264,8500,315,15626,7525,13,13850,15278,26569,979,5819,646,387,68743,13,47124,938,7032,9429,24182,3059,448,5785,2750,13,76817,32037,882,7391,24231,504,882,7391,8580,13,362,15592,51435,264,8500,315,15626,7525,13,13850,15278,26569,979,5819,646,387,68743,13,47124,938,7032,9429,24182,3059,448,5785,2750,13,76817,32037,882,7391,24231,504,882,7391,8580,13,362,15592,51435,264,8500,315,15626,7525,13,13850,15278,26569,979,5819,646,387,68743,13,47124,938,7032,9429,24182,3059,448,5785,2750,13,76817,32037,882,7391,24231,504,882,7391,8580,13,362,15592,51435,264,8500,315,15626,7525,13,13850,15278,26569,979,5819,646,387,68743,13,47124,938,7032,9429,24182,3059,448,5785,2750,13,76817,32037,882,7391,24231,504,882,7391,8580,13,362,15592,51435,264,8500,315,15626,7525,13,13850,15278,26569,979,5819,646,387,68743,13,47124,938,7032,9429,24182,3059,448,5785,2750,13,76817,32037,882,7391,24231,504,882,7391,8580,13,362,15592,51435,264,8500,315,15626,7525,13,13850,15278,26569,979,5819,646,387,68743,13,47124,938,7032,9429,24182,3059,448,5785,2750,13,76817,32037,882,7391,24231,504,882,7391,8580,13,362,15592,51435,264,8500,315,15626,7525,13,13850,15278,26569,979,5819,646,387,68743,13,47124,938,7032,9429,24182,3059,448,5785,2750,13,76817,32037,882,7391,24231,504,882,7391,8580,13,362,15592,51435,264,8500,315,15626,7525,13,13850,15278,26569,979,5819,646,387,68743,13,47124,938,7032,9429,24182,3059,448,5785,2750,13,76817,32037,882,7391,24231,504,882,7391,8580,13,362,15592,51435,264,8500,315,15626,7525,13,13850,15278,26569,979,5819,646,387,68743,13,47124,938,7032,9429,24182,3059,448,5785,2750,13,76817,32037,882,7391,24231,504,882,7391,8580,13,362,15592,51435,264,8500,315,15626,7525,13,13850,15278,26569,979,5819,646,387,68743,13,47124,938,7032,9429,24182,3059,448,5785,2750,13,76817,32037,882,7391,24231,504,882,7391,8580,13,362,15592,51435,264,8500,315,15626,7525,13,13850,15278,26569,979,5819,646,387,68743,13,47124,938,7032,9429,24182,3059,448,5785,2750,13,76817,32037,882,7391,24231,504,882,7391,8580,13,362,15592,51435,264,8500,315,15626,7525,13,13850,15278,26569,979,5819,646,387,68743,13,47124,938,7032,9429,24182,3059,448,5785,2750,13,76817,32037,882,7391,24231,504,882,7391,8580,13,362,15592,51435,264,8500,315,15626,7525,13,13850,15278,26569,979,5819,646,387,68743,13,47124,938,7032,9429,24182,3059,448,5785,2750,13,76817,32037,882,7391,24231,504,882,7391,8580,13,362,15592,51435,264,8500,315,15626,7525,13,13850,15278,26569,979,5819,646,387,68743,13,47124,938,7032,9429,24182,3059,448,5785,2750,13,76817,32037,882,7391,24231,504,882,7391,8580,13,362,15592,51435,264,8500,315,15626,7525,13,13850,15278,26569,979,5819,646,387,68743,13,47124,938,7032,9429,24182,3059,448,5785,2750,13,76817,32037,882,7391,24231,504,882,7391,8580,13,362,15592,51435,264,8500,315,15626,7525,13,13850,15278,26569,979,5819,646,387,68743,13,47124,938,7032,9429,24182,3059,448,5785,2750,13,76817,32037,882,7391,24231,504,882,7391,8580,13,362,15592,51435,264,8500,315,15626,7525,13,13850,15278,26569,979,5819,646,387,68743,13,47124,938,7032,9429,24182,3059,448,5785,2750,13,76817,32037,882,7391,24231,504,882,7391,8580,13,362,15592,51435,264,8500,315,15626,7525,13,13850,15278,26569,979,5819,646,387,68743,13,47124,938,7032,9429,24182,3059,448,5785,2750,13,76817,32037,882,7391,24231,504,882,7391,8580,13,362,15592,51435,264,8500,315,15626,7525,13,13850,15278,26569,979,5819,646,387,68743,13,47124,938,7032,9429,24182,3059,448,5785,2750,13,76817,32037,882,7391,24231,504,882,7391],"prompt_tokens":1024,"retained_weight_bytes":422639360,"runtime":"ferrum","sampling_ms":3.966708,"source_tensor_bytes":422782464,"warmup":false,"process_rss_bytes":935460864,"source_matrix_case_model":"qwen2.5-phase7a-shape-workload","ferrum_options":{"batch_limit_dispatches":1024,"q4_0_gemv_8rows":true,"mlx_affine4_gemv_quad":true},"engine_order":["llama.cpp","ferrum"],"case_index":3,"engine_load_plus_first_warmup_ms":595.0837089912966}
{"case":"sustained-128-decode","decode_aggregate_tps":115.173392953728,"decode_counters":[{"allocated_bytes":4,"allocation_time":{"nanos":3834,"secs":0},"allocations":1,"arena_capacity":263964672,"arena_high_water":268435456,"command_buffers":1,"completion_waits":1,"dispatches":531,"encode":{"nanos":190625,"secs":0},"gpu":{"nanos":6695792,"secs":0},"reused_bytes":2279424,"transient_live_bytes":524288,"transient_peak_bytes":2279424,"wait":{"nanos":6940208,"secs":0}},{"allocated_bytes":4,"allocation_time":{"nanos":2875,"secs":0},"allocations":1,"arena_capacity":263964672,"arena_high_water":268435456,"command_buffers":1,"completion_waits":1,"dispatches":531,"encode":{"nanos":174177,"secs":0},"gpu":{"nanos":7719333,"secs":0},"reused_bytes":2279424,"transient_live_bytes":524288,"transient_peak_bytes":2279424,"wait":{"nanos":7963750,"secs":0}},{"allocated_bytes":4,"allocation_time":{"nanos":3458,"secs":0},"allocations":1,"arena_capacity":263964672,"arena_high_water":268435456,"command_buffers":1,"completion_waits":1,"dispatches":531,"encode":{"nanos":172165,"secs":0},"gpu":{"nanos":7864833,"secs":0},"reused_bytes":2279424,"transient_live_bytes":524288,"transient_peak_bytes":2279424,"wait":{"nanos":8118541,"secs":0}},{"allocated_bytes":4,"allocation_time":{"nanos":2958,"secs":0},"allocations":1,"arena_capacity":263964672,"arena_high_water":268435456,"command_buffers":1,"completion_waits":1,"dispatches":531,"encode":{"nanos":171035,"secs":0},"gpu":{"nanos":8007333,"secs":0},"reused_bytes":2279424,"transient_live_bytes":524288,"transient_peak_bytes":2279424,"wait":{"nanos":8256250,"secs":0}},{"allocated_bytes":4,"allocation_time":{"nanos":3958,"secs":0},"allocations":1,"arena_capacity":263964672,"arena_high_water":268435456,"command_buffers":1,"completion_waits":1,"dispatches":531,"encode":{"nanos":176159,"secs":0},"gpu":{"nanos":7916250,"secs":0},"reused_bytes":2279424,"transient_live_bytes":524288,"transient_peak_bytes":2279424,"wait":{"nanos":8190209,"secs":0}},{"allocated_bytes":4,"allocation_time":{"nanos":3583,"secs":0},"allocations":1,"arena_capacity":263964672,"arena_high_water":268435456,"command_buffers":1,"completion_waits":1,"dispatches":531,"encode":{"nanos":179798,"secs":0},"gpu":{"nanos":7725292,"secs":0},"reused_bytes":2279424,"transient_live_bytes":524288,"transient_peak_bytes":2279424,"wait":{"nanos":7975625,"secs":0}},{"allocated_bytes":4,"allocation_time":{"nanos":3167,"secs":0},"allocations":1,"arena_capacity":263964672,"arena_high_water":268435456,"command_buffers":1,"completion_waits":1,"dispatches":531,"encode":{"nanos":185138,"secs":0},"gpu":{"nanos":7914375,"secs":0},"reused_bytes":2279424,"transient_live_bytes":524288,"transient_peak_bytes":2279424,"wait":{"nanos":8133042,"secs":0}},{"allocated_bytes":4,"allocation_time":{"nanos":3042,"secs":0},"allocations":1,"arena_capacity":263964672,"arena_high_water":268435456,"command_buffers":1,"completion_waits":1,"dispatches":531,"encode":{"nanos":172949,"secs":0},"gpu":{"nanos":6834500,"secs":0},"reused_bytes":2279424,"transient_live_bytes":524288,"transient_peak_bytes":2279424,"wait":{"nanos":7093792,"secs":0}},{"allocated_bytes":4,"allocation_time":{"nanos":3958,"secs":0},"allocations":1,"arena_capacity":263964672,"arena_high_water":268435456,"command_buffers":1,"completion_waits":1,"dispatches":531,"encode":{"nanos":181253,"secs":0},"gpu":{"nanos":7349875,"secs":0},"reused_bytes":2279424,"transient_live_bytes":524288,"transient_peak_bytes":2279424,"wait":{"nanos":7556417,"secs":0}},{"allocated_bytes":4,"allocation_time":{"nanos":3125,"secs":0},"allocations":1,"arena_capacity":263964672,"arena_high_water":268435456,"command_buffers":1,"completion_waits":1,"dispatches":531,"encode":{"nanos":172891,"secs":0},"gpu":{"nanos":7796792,"secs":0},"reused_bytes":2279424,"transient_live_bytes":524288,"transient_peak_bytes":2279424,"wait":{"nanos":8015208,"secs":0}},{"allocated_bytes":4,"allocation_time":{"nanos":3000,"secs":0},"allocations":1,"arena_capacity":263964672,"arena_high_water":268435456,"command_buffers":1,"completion_waits":1,"dispatches":531,"encode":{"nanos":182794,"secs":0},"gpu":{"nanos":7914125,"secs":0},"reused_bytes":2279424,"transient_live_bytes":524288,"transient_peak_bytes":2279424,"wait":{"nanos":8153583,"secs":0}},{"allocated_bytes":4,"allocation_time":{"nanos":2959,"secs":0},"allocations":1,"arena_capacity":263964672,"arena_high_water":268435456,"command_buffers":1,"completion_waits":1,"dispatches":531,"encode":{"nanos":173397,"secs":0},"gpu":{"nanos":8235000,"secs":0},"reused_bytes":2279424,"transient_live_bytes":524288,"transient_peak_bytes":2279424,"wait":{"nanos":8465000,"secs":0}},{"allocated_bytes":4,"allocation_time":{"nanos":2625,"secs":0},"allocations":1,"arena_capacity":263964672,"arena_high_water":268435456,"command_buffers":1,"completion_waits":1,"dispatches":531,"encode":{"nanos":169994,"secs":0},"gpu":{"nanos":7957417,"secs":0},"reused_bytes":2279424,"transient_live_bytes":524288,"transient_peak_bytes":2279424,"wait":{"nanos":8216375,"secs":0}},{"allocated_bytes":4,"allocation_time":{"nanos":4959,"secs":0},"allocations":1,"arena_capacity":263964672,"arena_high_water":268435456,"command_buffers":1,"completion_waits":1,"dispatches":531,"encode":{"nanos":170054,"secs":0},"gpu":{"nanos":8245292,"secs":0},"reused_bytes":2279424,"transient_live_bytes":524288,"transient_peak_bytes":2279424,"wait":{"nanos":8473000,"secs":0}},{"allocated_bytes":4,"allocation_time":{"nanos":3000,"secs":0},"allocations":1,"arena_capacity":263964672,"arena_high_water":268435456,"command_buffers":1,"completion_waits":1,"dispatches":531,"encode":{"nanos":168223,"secs":0},"gpu":{"nanos":8066333,"secs":0},"reused_bytes":2279424,"transient_live_bytes":524288,"transient_peak_bytes":2279424,"wait":{"nanos":8315458,"secs":0}},{"allocated_bytes":98308,"allocation_time":{"nanos":73542,"secs":0},"allocations":49,"arena_capacity":264062976,"arena_high_water":268435456,"command_buffers":1,"completion_waits":1,"dispatches":531,"encode":{"nanos":186031,"secs":0},"gpu":{"nanos":6683583,"secs":0},"reused_bytes":2230272,"transient_live_bytes":524288,"transient_peak_bytes":2328576,"wait":{"nanos":6934167,"secs":0}},{"allocated_bytes":4,"allocation_time":{"nanos":3291,"secs":0},"allocations":1,"arena_capacity":264062976,"arena_high_water":268435456,"command_buffers":1,"completion_waits":1,"dispatches":531,"encode":{"nanos":173501,"secs":0},"gpu":{"nanos":7824125,"secs":0},"reused_bytes":2328576,"transient_live_bytes":524288,"transient_peak_bytes":2328576,"wait":{"nanos":8075292,"secs":0}},{"allocated_bytes":4,"allocation_time":{"nanos":3042,"secs":0},"allocations":1,"arena_capacity":264062976,"arena_high_water":268435456,"command_buffers":1,"completion_waits":1,"dispatches":531,"encode":{"nanos":173188,"secs":0},"gpu":{"nanos":7842250,"secs":0},"reused_bytes":2328576,"transient_live_bytes":524288,"transient_peak_bytes":2328576,"wait":{"nanos":8079667,"secs":0}},{"allocated_bytes":4,"allocation_time":{"nanos":2958,"secs":0},"allocations":1,"arena_capacity":264062976,"arena_high_water":268435456,"command_buffers":1,"completion_waits":1,"dispatches":531,"encode":{"nanos":171089,"secs":0},"gpu":{"nanos":8000167,"secs":0},"reused_bytes":2328576,"transient_live_bytes":524288,"transient_peak_bytes":2328576,"wait":{"nanos":8211334,"secs":0}},{"allocated_bytes":4,"allocation_time":{"nanos":3250,"secs":0},"allocations":1,"arena_capacity":264062976,"arena_high_water":268435456,"command_buffers":1,"completion_waits":1,"dispatches":531,"encode":{"nanos":172903,"secs":0},"gpu":{"nanos":7825375,"secs":0},"reused_bytes":2328576,"transient_live_bytes":524288,"transient_peak_bytes":2328576,"wait":{"nanos":8127458,"secs":0}},{"allocated_bytes":4,"allocation_time":{"nanos":2541,"secs":0},"allocations":1,"arena_capacity":264062976,"arena_high_water":268435456,"command_buffers":1,"completion_waits":1,"dispatches":531,"encode":{"nanos":171172,"secs":0},"gpu":{"nanos":8084125,"secs":0},"reused_bytes":2328576,"transient_live_bytes":524288,"transient_peak_bytes":2328576,"wait":{"nanos":8317250,"secs":0}},{"allocated_bytes":4,"allocation_time":{"nanos":3375,"secs":0},"allocations":1,"arena_capacity":264062976,"arena_high_water":268435456,"command_buffers":1,"completion_waits":1,"dispatches":531,"encode":{"nanos":168590,"secs":0},"gpu":{"nanos":8097125,"secs":0},"reused_bytes":2328576,"transient_live_bytes":524288,"transient_peak_bytes":2328576,"wait":{"nanos":8319833,"secs":0}},{"allocated_bytes":4,"allocation_time":{"nanos":3250,"secs":0},"allocations":1,"arena_capacity":264062976,"arena_high_water":268435456,"command_buffers":1,"completion_waits":1,"dispatches":531,"encode":{"nanos":172927,"secs":0},"gpu":{"nanos":8037917,"secs":0},"reused_bytes":2328576,"transient_live_bytes":524288,"transient_peak_bytes":2328576,"wait":{"nanos":8276166,"secs":0}},{"allocated_bytes":4,"allocation_time":{"nanos":4834,"secs":0},"allocations":1,"arena_capacity":264062976,"arena_high_water":268435456,"command_buffers":1,"completion_waits":1,"dispatches":531,"encode":{"nanos":189299,"secs":0},"gpu":{"nanos":7124625,"secs":0},"reused_bytes":2328576,"transient_live_bytes":524288,"transient_peak_bytes":2328576,"wait":{"nanos":7378416,"secs":0}},{"allocated_bytes":4,"allocation_time":{"nanos":3833,"secs":0},"allocations":1,"arena_capacity":264062976,"arena_high_water":268435456,"command_buffers":1,"completion_waits":1,"dispatches":531,"encode":{"nanos":192731,"secs":0},"gpu":{"nanos":7805500,"secs":0},"reused_bytes":2328576,"transient_live_bytes":524288,"transient_peak_bytes":2328576,"wait":{"nanos":8062958,"secs":0}},{"allocated_bytes":4,"allocation_time":{"nanos":3625,"secs":0},"allocations":1,"arena_capacity":264062976,"arena_high_water":268435456,"command_buffers":1,"completion_waits":1,"dispatches":531,"encode":{"nanos":181716,"secs":0},"gpu":{"nanos":8101875,"secs":0},"reused_bytes":2328576,"transient_live_bytes":524288,"transient_peak_bytes":2328576,"wait":{"nanos":8341833,"secs":0}},{"allocated_bytes":4,"allocation_time":{"nanos":4083,"secs":0},"allocations":1,"arena_capacity":264062976,"arena_high_water":268435456,"command_buffers":1,"completion_waits":1,"dispatches":531,"encode":{"nanos":174553,"secs":0},"gpu":{"nanos":8260625,"secs":0},"reused_bytes":2328576,"transient_live_bytes":524288,"transient_peak_bytes":2328576,"wait":{"nanos":8505125,"secs":0}},{"allocated_bytes":4,"allocation_time":{"nanos":3500,"secs":0},"allocations":1,"arena_capacity":264062976,"arena_high_water":268435456,"command_buffers":1,"completion_waits":1,"dispatches":531,"encode":{"nanos":181965,"secs":0},"gpu":{"nanos":8132250,"secs":0},"reused_bytes":2328576,"transient_live_bytes":524288,"transient_peak_bytes":2328576,"wait":{"nanos":8372916,"secs":0}},{"allocated_bytes":4,"allocation_time":{"nanos":3292,"secs":0},"allocations":1,"arena_capacity":264062976,"arena_high_water":268435456,"command_buffers":1,"completion_waits":1,"dispatches":531,"encode":{"nanos":171753,"secs":0},"gpu":{"nanos":7945208,"secs":0},"reused_bytes":2328576,"transient_live_bytes":524288,"transient_peak_bytes":2328576,"wait":{"nanos":8238167,"secs":0}},{"allocated_bytes":4,"allocation_time":{"nanos":3417,"secs":0},"allocations":1,"arena_capacity":264062976,"arena_high_water":268435456,"command_buffers":1,"completion_waits":1,"dispatches":531,"encode":{"nanos":170333,"secs":0},"gpu":{"nanos":7937583,"secs":0},"reused_bytes":2328576,"transient_live_bytes":524288,"transient_peak_bytes":2328576,"wait":{"nanos":8185000,"secs":0}},{"allocated_bytes":4,"allocation_time":{"nanos":3334,"secs":0},"allocations":1,"arena_capacity":264062976,"arena_high_water":268435456,"command_buffers":1,"completion_waits":1,"dispatches":531,"encode":{"nanos":181107,"secs":0},"gpu":{"nanos":8076458,"secs":0},"reused_bytes":2328576,"transient_live_bytes":524288,"transient_peak_bytes":2328576,"wait":{"nanos":8289375,"secs":0}},{"allocated_bytes":4,"allocation_time":{"nanos":2708,"secs":0},"allocations":1,"arena_capacity":264062976,"arena_high_water":268435456,"command_buffers":1,"completion_waits":1,"dispatches":531,"encode":{"nanos":172653,"secs":0},"gpu":{"nanos":7160500,"secs":0},"reused_bytes":2328576,"transient_live_bytes":524288,"transient_peak_bytes":2328576,"wait":{"nanos":7436459,"secs":0}},{"allocated_bytes":4,"allocation_time":{"nanos":2750,"secs":0},"allocations":1,"arena_capacity":264062976,"arena_high_water":268435456,"command_buffers":1,"completion_waits":1,"dispatches":531,"encode":{"nanos":179918,"secs":0},"gpu":{"nanos":7240583,"secs":0},"reused_bytes":2328576,"transient_live_bytes":524288,"transient_peak_bytes":2328576,"wait":{"nanos":7426709,"secs":0}},{"allocated_bytes":4,"allocation_time":{"nanos":3000,"secs":0},"allocations":1,"arena_capacity":264062976,"arena_high_water":268435456,"command_buffers":1,"completion_waits":1,"dispatches":531,"encode":{"nanos":172476,"secs":0},"gpu":{"nanos":7965042,"secs":0},"reused_bytes":2328576,"transient_live_bytes":524288,"transient_peak_bytes":2328576,"wait":{"nanos":8199541,"secs":0}},{"allocated_bytes":4,"allocation_time":{"nanos":3250,"secs":0},"allocations":1,"arena_capacity":264062976,"arena_high_water":268435456,"command_buffers":1,"completion_waits":1,"dispatches":531,"encode":{"nanos":176955,"secs":0},"gpu":{"nanos":8363250,"secs":0},"reused_bytes":2328576,"transient_live_bytes":524288,"transient_peak_bytes":2328576,"wait":{"nanos":8580209,"secs":0}},{"allocated_bytes":4,"allocation_time":{"nanos":5666,"secs":0},"allocations":1,"arena_capacity":264062976,"arena_high_water":268435456,"command_buffers":1,"completion_waits":1,"dispatches":531,"encode":{"nanos":203634,"secs":0},"gpu":{"nanos":8064583,"secs":0},"reused_bytes":2328576,"transient_live_bytes":524288,"transient_peak_bytes":2328576,"wait":{"nanos":8281458,"secs":0}},{"allocated_bytes":4,"allocation_time":{"nanos":2958,"secs":0},"allocations":1,"arena_capacity":264062976,"arena_high_water":268435456,"command_buffers":1,"completion_waits":1,"dispatches":531,"encode":{"nanos":176740,"secs":0},"gpu":{"nanos":8084250,"secs":0},"reused_bytes":2328576,"transient_live_bytes":524288,"transient_peak_bytes":2328576,"wait":{"nanos":8363083,"secs":0}},{"allocated_bytes":4,"allocation_time":{"nanos":3292,"secs":0},"allocations":1,"arena_capacity":264062976,"arena_high_water":268435456,"command_buffers":1,"completion_waits":1,"dispatches":531,"encode":{"nanos":171837,"secs":0},"gpu":{"nanos":8052500,"secs":0},"reused_bytes":2328576,"transient_live_bytes":524288,"transient_peak_bytes":2328576,"wait":{"nanos":8303167,"secs":0}},{"allocated_bytes":4,"allocation_time":{"nanos":3334,"secs":0},"allocations":1,"arena_capacity":264062976,"arena_high_water":268435456,"command_buffers":1,"completion_waits":1,"dispatches":531,"encode":{"nanos":171985,"secs":0},"gpu":{"nanos":8191208,"secs":0},"reused_bytes":2328576,"transient_live_bytes":524288,"transient_peak_bytes":2328576,"wait":{"nanos":8386458,"secs":0}},{"allocated_bytes":4,"allocation_time":{"nanos":3083,"secs":0},"allocations":1,"arena_capacity":264062976,"arena_high_water":268435456,"command_buffers":1,"completion_waits":1,"dispatches":531,"encode":{"nanos":184923,"secs":0},"gpu":{"nanos":8175750,"secs":0},"reused_bytes":2328576,"transient_live_bytes":524288,"transient_peak_bytes":2328576,"wait":{"nanos":8444958,"secs":0}},{"allocated_bytes":4,"allocation_time":{"nanos":2458,"secs":0},"allocations":1,"arena_capacity":264062976,"arena_high_water":268435456,"command_buffers":1,"completion_waits":1,"dispatches":531,"encode":{"nanos":176935,"secs":0},"gpu":{"nanos":7048833,"secs":0},"reused_bytes":2328576,"transient_live_bytes":524288,"transient_peak_bytes":2328576,"wait":{"nanos":7366542,"secs":0}},{"allocated_bytes":4,"allocation_time":{"nanos":2291,"secs":0},"allocations":1,"arena_capacity":264062976,"arena_high_water":268435456,"command_buffers":1,"completion_waits":1,"dispatches":531,"encode":{"nanos":174901,"secs":0},"gpu":{"nanos":7872625,"secs":0},"reused_bytes":2328576,"transient_live_bytes":524288,"transient_peak_bytes":2328576,"wait":{"nanos":8078042,"secs":0}},{"allocated_bytes":4,"allocation_time":{"nanos":3292,"secs":0},"allocations":1,"arena_capacity":264062976,"arena_high_water":268435456,"command_buffers":1,"completion_waits":1,"dispatches":531,"encode":{"nanos":171603,"secs":0},"gpu":{"nanos":8356625,"secs":0},"reused_bytes":2328576,"transient_live_bytes":524288,"transient_peak_bytes":2328576,"wait":{"nanos":8568125,"secs":0}},{"allocated_bytes":4,"allocation_time":{"nanos":3292,"secs":0},"allocations":1,"arena_capacity":264062976,"arena_high_water":268435456,"command_buffers":1,"completion_waits":1,"dispatches":531,"encode":{"nanos":171344,"secs":0},"gpu":{"nanos":7958208,"secs":0},"reused_bytes":2328576,"transient_live_bytes":524288,"transient_peak_bytes":2328576,"wait":{"nanos":8196792,"secs":0}},{"allocated_bytes":4,"allocation_time":{"nanos":3000,"secs":0},"allocations":1,"arena_capacity":264062976,"arena_high_water":268435456,"command_buffers":1,"completion_waits":1,"dispatches":531,"encode":{"nanos":174658,"secs":0},"gpu":{"nanos":8267750,"secs":0},"reused_bytes":2328576,"transient_live_bytes":524288,"transient_peak_bytes":2328576,"wait":{"nanos":8516958,"secs":0}},{"allocated_bytes":4,"allocation_time":{"nanos":3208,"secs":0},"allocations":1,"arena_capacity":264062976,"arena_high_water":268435456,"command_buffers":1,"completion_waits":1,"dispatches":531,"encode":{"nanos":169381,"secs":0},"gpu":{"nanos":8111667,"secs":0},"reused_bytes":2328576,"transient_live_bytes":524288,"transient_peak_bytes":2328576,"wait":{"nanos":8398708,"secs":0}},{"allocated_bytes":4,"allocation_time":{"nanos":2667,"secs":0},"allocations":1,"arena_capacity":264062976,"arena_high_water":268435456,"command_buffers":1,"completion_waits":1,"dispatches":531,"encode":{"nanos":175883,"secs":0},"gpu":{"nanos":8164667,"secs":0},"reused_bytes":2328576,"transient_live_bytes":524288,"transient_peak_bytes":2328576,"wait":{"nanos":8406583,"secs":0}},{"allocated_bytes":4,"allocation_time":{"nanos":3208,"secs":0},"allocations":1,"arena_capacity":264062976,"arena_high_water":268435456,"command_buffers":1,"completion_waits":1,"dispatches":531,"encode":{"nanos":171822,"secs":0},"gpu":{"nanos":8193750,"secs":0},"reused_bytes":2328576,"transient_live_bytes":524288,"transient_peak_bytes":2328576,"wait":{"nanos":8435708,"secs":0}},{"allocated_bytes":4,"allocation_time":{"nanos":3417,"secs":0},"allocations":1,"arena_capacity":264062976,"arena_high_water":268435456,"command_buffers":1,"completion_waits":1,"dispatches":531,"encode":{"nanos":192773,"secs":0},"gpu":{"nanos":8213583,"secs":0},"reused_bytes":2328576,"transient_live_bytes":524288,"transient_peak_bytes":2328576,"wait":{"nanos":8405333,"secs":0}},{"allocated_bytes":4,"allocation_time":{"nanos":2500,"secs":0},"allocations":1,"arena_capacity":264062976,"arena_high_water":268435456,"command_buffers":1,"completion_waits":1,"dispatches":531,"encode":{"nanos":173001,"secs":0},"gpu":{"nanos":7728667,"secs":0},"reused_bytes":2328576,"transient_live_bytes":524288,"transient_peak_bytes":2328576,"wait":{"nanos":7969959,"secs":0}},{"allocated_bytes":4,"allocation_time":{"nanos":3792,"secs":0},"allocations":1,"arena_capacity":264062976,"arena_high_water":268435456,"command_buffers":1,"completion_waits":1,"dispatches":531,"encode":{"nanos":183080,"secs":0},"gpu":{"nanos":7253625,"secs":0},"reused_bytes":2328576,"transient_live_bytes":524288,"transient_peak_bytes":2328576,"wait":{"nanos":7525208,"secs":0}},{"allocated_bytes":4,"allocation_time":{"nanos":3125,"secs":0},"allocations":1,"arena_capacity":264062976,"arena_high_water":268435456,"command_buffers":1,"completion_waits":1,"dispatches":531,"encode":{"nanos":169986,"secs":0},"gpu":{"nanos":8194875,"secs":0},"reused_bytes":2328576,"transient_live_bytes":524288,"transient_peak_bytes":2328576,"wait":{"nanos":8447041,"secs":0}},{"allocated_bytes":196612,"allocation_time":{"nanos":101836,"secs":0},"allocations":49,"arena_capacity":264259584,"arena_high_water":268435456,"command_buffers":1,"completion_waits":1,"dispatches":531,"encode":{"nanos":183699,"secs":0},"gpu":{"nanos":8385500,"secs":0},"reused_bytes":2230272,"transient_live_bytes":524288,"transient_peak_bytes":2426880,"wait":{"nanos":8669875,"secs":0}},{"allocated_bytes":4,"allocation_time":{"nanos":5666,"secs":0},"allocations":1,"arena_capacity":264259584,"arena_high_water":268435456,"command_buffers":1,"completion_waits":1,"dispatches":531,"encode":{"nanos":179836,"secs":0},"gpu":{"nanos":8223917,"secs":0},"reused_bytes":2426880,"transient_live_bytes":524288,"transient_peak_bytes":2426880,"wait":{"nanos":8465916,"secs":0}},{"allocated_bytes":4,"allocation_time":{"nanos":4542,"secs":0},"allocations":1,"arena_capacity":264259584,"arena_high_water":268435456,"command_buffers":1,"completion_waits":1,"dispatches":531,"encode":{"nanos":174452,"secs":0},"gpu":{"nanos":8098583,"secs":0},"reused_bytes":2426880,"transient_live_bytes":524288,"transient_peak_bytes":2426880,"wait":{"nanos":8315625,"secs":0}},{"allocated_bytes":4,"allocation_time":{"nanos":2917,"secs":0},"allocations":1,"arena_capacity":264259584,"arena_high_water":268435456,"command_buffers":1,"completion_waits":1,"dispatches":531,"encode":{"nanos":170663,"secs":0},"gpu":{"nanos":8193125,"secs":0},"reused_bytes":2426880,"transient_live_bytes":524288,"transient_peak_bytes":2426880,"wait":{"nanos":8502041,"secs":0}},{"allocated_bytes":4,"allocation_time":{"nanos":2250,"secs":0},"allocations":1,"arena_capacity":264259584,"arena_high_water":268435456,"command_buffers":1,"completion_waits":1,"dispatches":531,"encode":{"nanos":169960,"secs":0},"gpu":{"nanos":8210208,"secs":0},"reused_bytes":2426880,"transient_live_bytes":524288,"transient_peak_bytes":2426880,"wait":{"nanos":8446042,"secs":0}},{"allocated_bytes":4,"allocation_time":{"nanos":3167,"secs":0},"allocations":1,"arena_capacity":264259584,"arena_high_water":268435456,"command_buffers":1,"completion_waits":1,"dispatches":531,"encode":{"nanos":174621,"secs":0},"gpu":{"nanos":8387542,"secs":0},"reused_bytes":2426880,"transient_live_bytes":524288,"transient_peak_bytes":2426880,"wait":{"nanos":8628083,"secs":0}},{"allocated_bytes":4,"allocation_time":{"nanos":3792,"secs":0},"allocations":1,"arena_capacity":264259584,"arena_high_water":268435456,"command_buffers":1,"completion_waits":1,"dispatches":531,"encode":{"nanos":247044,"secs":0},"gpu":{"nanos":8382167,"secs":0},"reused_bytes":2426880,"transient_live_bytes":524288,"transient_peak_bytes":2426880,"wait":{"nanos":8613417,"secs":0}},{"allocated_bytes":4,"allocation_time":{"nanos":2833,"secs":0},"allocations":1,"arena_capacity":264259584,"arena_high_water":268435456,"command_buffers":1,"completion_waits":1,"dispatches":531,"encode":{"nanos":171761,"secs":0},"gpu":{"nanos":8303667,"secs":0},"reused_bytes":2426880,"transient_live_bytes":524288,"transient_peak_bytes":2426880,"wait":{"nanos":8555375,"secs":0}},{"allocated_bytes":4,"allocation_time":{"nanos":2875,"secs":0},"allocations":1,"arena_capacity":264259584,"arena_high_water":268435456,"command_buffers":1,"completion_waits":1,"dispatches":531,"encode":{"nanos":174305,"secs":0},"gpu":{"nanos":7132083,"secs":0},"reused_bytes":2426880,"transient_live_bytes":524288,"transient_peak_bytes":2426880,"wait":{"nanos":7378625,"secs":0}},{"allocated_bytes":4,"allocation_time":{"nanos":2792,"secs":0},"allocations":1,"arena_capacity":264259584,"arena_high_water":268435456,"command_buffers":1,"completion_waits":1,"dispatches":531,"encode":{"nanos":171785,"secs":0},"gpu":{"nanos":7900833,"secs":0},"reused_bytes":2426880,"transient_live_bytes":524288,"transient_peak_bytes":2426880,"wait":{"nanos":8115791,"secs":0}},{"allocated_bytes":4,"allocation_time":{"nanos":3083,"secs":0},"allocations":1,"arena_capacity":264259584,"arena_high_water":268435456,"command_buffers":1,"completion_waits":1,"dispatches":531,"encode":{"nanos":174251,"secs":0},"gpu":{"nanos":8389292,"secs":0},"reused_bytes":2426880,"transient_live_bytes":524288,"transient_peak_bytes":2426880,"wait":{"nanos":8611334,"secs":0}},{"allocated_bytes":4,"allocation_time":{"nanos":3375,"secs":0},"allocations":1,"arena_capacity":264259584,"arena_high_water":268435456,"command_buffers":1,"completion_waits":1,"dispatches":531,"encode":{"nanos":170025,"secs":0},"gpu":{"nanos":7995542,"secs":0},"reused_bytes":2426880,"transient_live_bytes":524288,"transient_peak_bytes":2426880,"wait":{"nanos":8241875,"secs":0}},{"allocated_bytes":4,"allocation_time":{"nanos":2958,"secs":0},"allocations":1,"arena_capacity":264259584,"arena_high_water":268435456,"command_buffers":1,"completion_waits":1,"dispatches":531,"encode":{"nanos":179808,"secs":0},"gpu":{"nanos":8399583,"secs":0},"reused_bytes":2426880,"transient_live_bytes":524288,"transient_peak_bytes":2426880,"wait":{"nanos":8653084,"secs":0}},{"allocated_bytes":4,"allocation_time":{"nanos":3166,"secs":0},"allocations":1,"arena_capacity":264259584,"arena_high_water":268435456,"command_buffers":1,"completion_waits":1,"dispatches":531,"encode":{"nanos":169991,"secs":0},"gpu":{"nanos":8433625,"secs":0},"reused_bytes":2426880,"transient_live_bytes":524288,"transient_peak_bytes":2426880,"wait":{"nanos":8686416,"secs":0}},{"allocated_bytes":4,"allocation_time":{"nanos":3125,"secs":0},"allocations":1,"arena_capacity":264259584,"arena_high_water":268435456,"command_buffers":1,"completion_waits":1,"dispatches":531,"encode":{"nanos":173074,"secs":0},"gpu":{"nanos":8518542,"secs":0},"reused_bytes":2426880,"transient_live_bytes":524288,"transient_peak_bytes":2426880,"wait":{"nanos":8808208,"secs":0}},{"allocated_bytes":4,"allocation_time":{"nanos":3250,"secs":0},"allocations":1,"arena_capacity":264259584,"arena_high_water":268435456,"command_buffers":1,"completion_waits":1,"dispatches":531,"encode":{"nanos":169590,"secs":0},"gpu":{"nanos":8252250,"secs":0},"reused_bytes":2426880,"transient_live_bytes":524288,"transient_peak_bytes":2426880,"wait":{"nanos":8498708,"secs":0}},{"allocated_bytes":4,"allocation_time":{"nanos":2458,"secs":0},"allocations":1,"arena_capacity":264259584,"arena_high_water":268435456,"command_buffers":1,"completion_waits":1,"dispatches":531,"encode":{"nanos":174215,"secs":0},"gpu":{"nanos":8441792,"secs":0},"reused_bytes":2426880,"transient_live_bytes":524288,"transient_peak_bytes":2426880,"wait":{"nanos":8692917,"secs":0}},{"allocated_bytes":4,"allocation_time":{"nanos":2208,"secs":0},"allocations":1,"arena_capacity":264259584,"arena_high_water":268435456,"command_buffers":1,"completion_waits":1,"dispatches":531,"encode":{"nanos":179380,"secs":0},"gpu":{"nanos":8289667,"secs":0},"reused_bytes":2426880,"transient_live_bytes":524288,"transient_peak_bytes":2426880,"wait":{"nanos":8502834,"secs":0}},{"allocated_bytes":4,"allocation_time":{"nanos":2834,"secs":0},"allocations":1,"arena_capacity":264259584,"arena_high_water":268435456,"command_buffers":1,"completion_waits":1,"dispatches":531,"encode":{"nanos":171176,"secs":0},"gpu":{"nanos":8097417,"secs":0},"reused_bytes":2426880,"transient_live_bytes":524288,"transient_peak_bytes":2426880,"wait":{"nanos":8309250,"secs":0}},{"allocated_bytes":4,"allocation_time":{"nanos":3042,"secs":0},"allocations":1,"arena_capacity":264259584,"arena_high_water":268435456,"command_buffers":1,"completion_waits":1,"dispatches":531,"encode":{"nanos":171611,"secs":0},"gpu":{"nanos":7302125,"secs":0},"reused_bytes":2426880,"transient_live_bytes":524288,"transient_peak_bytes":2426880,"wait":{"nanos":7536042,"secs":0}},{"allocated_bytes":4,"allocation_time":{"nanos":3500,"secs":0},"allocations":1,"arena_capacity":264259584,"arena_high_water":268435456,"command_buffers":1,"completion_waits":1,"dispatches":531,"encode":{"nanos":174095,"secs":0},"gpu":{"nanos":8216875,"secs":0},"reused_bytes":2426880,"transient_live_bytes":524288,"transient_peak_bytes":2426880,"wait":{"nanos":8449709,"secs":0}},{"allocated_bytes":4,"allocation_time":{"nanos":2791,"secs":0},"allocations":1,"arena_capacity":264259584,"arena_high_water":268435456,"command_buffers":1,"completion_waits":1,"dispatches":531,"encode":{"nanos":172113,"secs":0},"gpu":{"nanos":8325875,"secs":0},"reused_bytes":2426880,"transient_live_bytes":524288,"transient_peak_bytes":2426880,"wait":{"nanos":8561875,"secs":0}},{"allocated_bytes":4,"allocation_time":{"nanos":3500,"secs":0},"allocations":1,"arena_capacity":264259584,"arena_high_water":268435456,"command_buffers":1,"completion_waits":1,"dispatches":531,"encode":{"nanos":171119,"secs":0},"gpu":{"nanos":8294083,"secs":0},"reused_bytes":2426880,"transient_live_bytes":524288,"transient_peak_bytes":2426880,"wait":{"nanos":8533333,"secs":0}},{"allocated_bytes":4,"allocation_time":{"nanos":2958,"secs":0},"allocations":1,"arena_capacity":264259584,"arena_high_water":268435456,"command_buffers":1,"completion_waits":1,"dispatches":531,"encode":{"nanos":170051,"secs":0},"gpu":{"nanos":8465000,"secs":0},"reused_bytes":2426880,"transient_live_bytes":524288,"transient_peak_bytes":2426880,"wait":{"nanos":8707000,"secs":0}},{"allocated_bytes":4,"allocation_time":{"nanos":3500,"secs":0},"allocations":1,"arena_capacity":264259584,"arena_high_water":268435456,"command_buffers":1,"completion_waits":1,"dispatches":531,"encode":{"nanos":175709,"secs":0},"gpu":{"nanos":8379792,"secs":0},"reused_bytes":2426880,"transient_live_bytes":524288,"transient_peak_bytes":2426880,"wait":{"nanos":8623541,"secs":0}},{"allocated_bytes":4,"allocation_time":{"nanos":2834,"secs":0},"allocations":1,"arena_capacity":264259584,"arena_high_water":268435456,"command_buffers":1,"completion_waits":1,"dispatches":531,"encode":{"nanos":172745,"secs":0},"gpu":{"nanos":8399792,"secs":0},"reused_bytes":2426880,"transient_live_bytes":524288,"transient_peak_bytes":2426880,"wait":{"nanos":8665417,"secs":0}},{"allocated_bytes":4,"allocation_time":{"nanos":3333,"secs":0},"allocations":1,"arena_capacity":264259584,"arena_high_water":268435456,"command_buffers":1,"completion_waits":1,"dispatches":531,"encode":{"nanos":168371,"secs":0},"gpu":{"nanos":8354208,"secs":0},"reused_bytes":2426880,"transient_live_bytes":524288,"transient_peak_bytes":2426880,"wait":{"nanos":8589333,"secs":0}},{"allocated_bytes":4,"allocation_time":{"nanos":2834,"secs":0},"allocations":1,"arena_capacity":264259584,"arena_high_water":268435456,"command_buffers":1,"completion_waits":1,"dispatches":531,"encode":{"nanos":172235,"secs":0},"gpu":{"nanos":8267333,"secs":0},"reused_bytes":2426880,"transient_live_bytes":524288,"transient_peak_bytes":2426880,"wait":{"nanos":8524958,"secs":0}},{"allocated_bytes":4,"allocation_time":{"nanos":3833,"secs":0},"allocations":1,"arena_capacity":264259584,"arena_high_water":268435456,"command_buffers":1,"completion_waits":1,"dispatches":531,"encode":{"nanos":170646,"secs":0},"gpu":{"nanos":8556042,"secs":0},"reused_bytes":2426880,"transient_live_bytes":524288,"transient_peak_bytes":2426880,"wait":{"nanos":8776375,"secs":0}},{"allocated_bytes":4,"allocation_time":{"nanos":2625,"secs":0},"allocations":1,"arena_capacity":264259584,"arena_high_water":268435456,"command_buffers":1,"completion_waits":1,"dispatches":531,"encode":{"nanos":176618,"secs":0},"gpu":{"nanos":8504375,"secs":0},"reused_bytes":2426880,"transient_live_bytes":524288,"transient_peak_bytes":2426880,"wait":{"nanos":8745250,"secs":0}},{"allocated_bytes":4,"allocation_time":{"nanos":3042,"secs":0},"allocations":1,"arena_capacity":264259584,"arena_high_water":268435456,"command_buffers":1,"completion_waits":1,"dispatches":531,"encode":{"nanos":172296,"secs":0},"gpu":{"nanos":8639167,"secs":0},"reused_bytes":2426880,"transient_live_bytes":524288,"transient_peak_bytes":2426880,"wait":{"nanos":8915750,"secs":0}},{"allocated_bytes":4,"allocation_time":{"nanos":3167,"secs":0},"allocations":1,"arena_capacity":264259584,"arena_high_water":268435456,"command_buffers":1,"completion_waits":1,"dispatches":531,"encode":{"nanos":170069,"secs":0},"gpu":{"nanos":7491167,"secs":0},"reused_bytes":2426880,"transient_live_bytes":524288,"transient_peak_bytes":2426880,"wait":{"nanos":7750583,"secs":0}},{"allocated_bytes":4,"allocation_time":{"nanos":3417,"secs":0},"allocations":1,"arena_capacity":264259584,"arena_high_water":268435456,"command_buffers":1,"completion_waits":1,"dispatches":531,"encode":{"nanos":174619,"secs":0},"gpu":{"nanos":7753583,"secs":0},"reused_bytes":2426880,"transient_live_bytes":524288,"transient_peak_bytes":2426880,"wait":{"nanos":7943041,"secs":0}},{"allocated_bytes":4,"allocation_time":{"nanos":3709,"secs":0},"allocations":1,"arena_capacity":264259584,"arena_high_water":268435456,"command_buffers":1,"completion_waits":1,"dispatches":531,"encode":{"nanos":174574,"secs":0},"gpu":{"nanos":8483625,"secs":0},"reused_bytes":2426880,"transient_live_bytes":524288,"transient_peak_bytes":2426880,"wait":{"nanos":8720833,"secs":0}},{"allocated_bytes":4,"allocation_time":{"nanos":3458,"secs":0},"allocations":1,"arena_capacity":264259584,"arena_high_water":268435456,"command_buffers":1,"completion_waits":1,"dispatches":531,"encode":{"nanos":169202,"secs":0},"gpu":{"nanos":8520083,"secs":0},"reused_bytes":2426880,"transient_live_bytes":524288,"transient_peak_bytes":2426880,"wait":{"nanos":8764625,"secs":0}},{"allocated_bytes":4,"allocation_time":{"nanos":3000,"secs":0},"allocations":1,"arena_capacity":264259584,"arena_high_water":268435456,"command_buffers":1,"completion_waits":1,"dispatches":531,"encode":{"nanos":169868,"secs":0},"gpu":{"nanos":8507625,"secs":0},"reused_bytes":2426880,"transient_live_bytes":524288,"transient_peak_bytes":2426880,"wait":{"nanos":8744917,"secs":0}},{"allocated_bytes":4,"allocation_time":{"nanos":3167,"secs":0},"allocations":1,"arena_capacity":264259584,"arena_high_water":268435456,"command_buffers":1,"completion_waits":1,"dispatches":531,"encode":{"nanos":175698,"secs":0},"gpu":{"nanos":8523875,"secs":0},"reused_bytes":2426880,"transient_live_bytes":524288,"transient_peak_bytes":2426880,"wait":{"nanos":8808916,"secs":0}},{"allocated_bytes":4,"allocation_time":{"nanos":2750,"secs":0},"allocations":1,"arena_capacity":264259584,"arena_high_water":268435456,"command_buffers":1,"completion_waits":1,"dispatches":531,"encode":{"nanos":168376,"secs":0},"gpu":{"nanos":8472417,"secs":0},"reused_bytes":2426880,"transient_live_bytes":524288,"transient_peak_bytes":2426880,"wait":{"nanos":8722958,"secs":0}},{"allocated_bytes":4,"allocation_time":{"nanos":3167,"secs":0},"allocations":1,"arena_capacity":264259584,"arena_high_water":268435456,"command_buffers":1,"completion_waits":1,"dispatches":531,"encode":{"nanos":175832,"secs":0},"gpu":{"nanos":8198500,"secs":0},"reused_bytes":2426880,"transient_live_bytes":524288,"transient_peak_bytes":2426880,"wait":{"nanos":8499209,"secs":0}},{"allocated_bytes":4,"allocation_time":{"nanos":2125,"secs":0},"allocations":1,"arena_capacity":264259584,"arena_high_water":268435456,"command_buffers":1,"completion_waits":1,"dispatches":531,"encode":{"nanos":168715,"secs":0},"gpu":{"nanos":8498667,"secs":0},"reused_bytes":2426880,"transient_live_bytes":524288,"transient_peak_bytes":2426880,"wait":{"nanos":8772125,"secs":0}},{"allocated_bytes":4,"allocation_time":{"nanos":2709,"secs":0},"allocations":1,"arena_capacity":264259584,"arena_high_water":268435456,"command_buffers":1,"completion_waits":1,"dispatches":531,"encode":{"nanos":176043,"secs":0},"gpu":{"nanos":8621333,"secs":0},"reused_bytes":2426880,"transient_live_bytes":524288,"transient_peak_bytes":2426880,"wait":{"nanos":8891625,"secs":0}},{"allocated_bytes":4,"allocation_time":{"nanos":2583,"secs":0},"allocations":1,"arena_capacity":264259584,"arena_high_water":268435456,"command_buffers":1,"completion_waits":1,"dispatches":531,"encode":{"nanos":167532,"secs":0},"gpu":{"nanos":8720000,"secs":0},"reused_bytes":2426880,"transient_live_bytes":524288,"transient_peak_bytes":2426880,"wait":{"nanos":8956375,"secs":0}},{"allocated_bytes":4,"allocation_time":{"nanos":2833,"secs":0},"allocations":1,"arena_capacity":264259584,"arena_high_water":268435456,"command_buffers":1,"completion_waits":1,"dispatches":531,"encode":{"nanos":176324,"secs":0},"gpu":{"nanos":8577000,"secs":0},"reused_bytes":2426880,"transient_live_bytes":524288,"transient_peak_bytes":2426880,"wait":{"nanos":8809084,"secs":0}},{"allocated_bytes":4,"allocation_time":{"nanos":3334,"secs":0},"allocations":1,"arena_capacity":264259584,"arena_high_water":268435456,"command_buffers":1,"completion_waits":1,"dispatches":531,"encode":{"nanos":182198,"secs":0},"gpu":{"nanos":8442375,"secs":0},"reused_bytes":2426880,"transient_live_bytes":524288,"transient_peak_bytes":2426880,"wait":{"nanos":8662833,"secs":0}},{"allocated_bytes":4,"allocation_time":{"nanos":3250,"secs":0},"allocations":1,"arena_capacity":264259584,"arena_high_water":268435456,"command_buffers":1,"completion_waits":1,"dispatches":531,"encode":{"nanos":168952,"secs":0},"gpu":{"nanos":8747500,"secs":0},"reused_bytes":2426880,"transient_live_bytes":524288,"transient_peak_bytes":2426880,"wait":{"nanos":9000875,"secs":0}},{"allocated_bytes":4,"allocation_time":{"nanos":2917,"secs":0},"allocations":1,"arena_capacity":264259584,"arena_high_water":268435456,"command_buffers":1,"completion_waits":1,"dispatches":531,"encode":{"nanos":169080,"secs":0},"gpu":{"nanos":8469208,"secs":0},"reused_bytes":2426880,"transient_live_bytes":524288,"transient_peak_bytes":2426880,"wait":{"nanos":8724333,"secs":0}},{"allocated_bytes":4,"allocation_time":{"nanos":2959,"secs":0},"allocations":1,"arena_capacity":264259584,"arena_high_water":268435456,"command_buffers":1,"completion_waits":1,"dispatches":531,"encode":{"nanos":186336,"secs":0},"gpu":{"nanos":7492875,"secs":0},"reused_bytes":2426880,"transient_live_bytes":524288,"transient_peak_bytes":2426880,"wait":{"nanos":7739625,"secs":0}},{"allocated_bytes":4,"allocation_time":{"nanos":3458,"secs":0},"allocations":1,"arena_capacity":264259584,"arena_high_water":268435456,"command_buffers":1,"completion_waits":1,"dispatches":531,"encode":{"nanos":171984,"secs":0},"gpu":{"nanos":7782792,"secs":0},"reused_bytes":2426880,"transient_live_bytes":524288,"transient_peak_bytes":2426880,"wait":{"nanos":7999209,"secs":0}},{"allocated_bytes":4,"allocation_time":{"nanos":2750,"secs":0},"allocations":1,"arena_capacity":264259584,"arena_high_water":268435456,"command_buffers":1,"completion_waits":1,"dispatches":531,"encode":{"nanos":169137,"secs":0},"gpu":{"nanos":8321875,"secs":0},"reused_bytes":2426880,"transient_live_bytes":524288,"transient_peak_bytes":2426880,"wait":{"nanos":8572125,"secs":0}},{"allocated_bytes":4,"allocation_time":{"nanos":3000,"secs":0},"allocations":1,"arena_capacity":264259584,"arena_high_water":268435456,"command_buffers":1,"completion_waits":1,"dispatches":531,"encode":{"nanos":182119,"secs":0},"gpu":{"nanos":8339750,"secs":0},"reused_bytes":2426880,"transient_live_bytes":524288,"transient_peak_bytes":2426880,"wait":{"nanos":8548875,"secs":0}},{"allocated_bytes":4,"allocation_time":{"nanos":3166,"secs":0},"allocations":1,"arena_capacity":264259584,"arena_high_water":268435456,"command_buffers":1,"completion_waits":1,"dispatches":531,"encode":{"nanos":169829,"secs":0},"gpu":{"nanos":8508125,"secs":0},"reused_bytes":2426880,"transient_live_bytes":524288,"transient_peak_bytes":2426880,"wait":{"nanos":8752250,"secs":0}},{"allocated_bytes":4,"allocation_time":{"nanos":2875,"secs":0},"allocations":1,"arena_capacity":264259584,"arena_high_water":268435456,"command_buffers":1,"completion_waits":1,"dispatches":531,"encode":{"nanos":173486,"secs":0},"gpu":{"nanos":8324333,"secs":0},"reused_bytes":2426880,"transient_live_bytes":524288,"transient_peak_bytes":2426880,"wait":{"nanos":8570666,"secs":0}},{"allocated_bytes":4,"allocation_time":{"nanos":3042,"secs":0},"allocations":1,"arena_capacity":264259584,"arena_high_water":268435456,"command_buffers":1,"completion_waits":1,"dispatches":531,"encode":{"nanos":168886,"secs":0},"gpu":{"nanos":8568625,"secs":0},"reused_bytes":2426880,"transient_live_bytes":524288,"transient_peak_bytes":2426880,"wait":{"nanos":8814792,"secs":0}},{"allocated_bytes":4,"allocation_time":{"nanos":2541,"secs":0},"allocations":1,"arena_capacity":264259584,"arena_high_water":268435456,"command_buffers":1,"completion_waits":1,"dispatches":531,"encode":{"nanos":177245,"secs":0},"gpu":{"nanos":8536875,"secs":0},"reused_bytes":2426880,"transient_live_bytes":524288,"transient_peak_bytes":2426880,"wait":{"nanos":8744917,"secs":0}},{"allocated_bytes":4,"allocation_time":{"nanos":2709,"secs":0},"allocations":1,"arena_capacity":264259584,"arena_high_water":268435456,"command_buffers":1,"completion_waits":1,"dispatches":531,"encode":{"nanos":168882,"secs":0},"gpu":{"nanos":8041000,"secs":0},"reused_bytes":2426880,"transient_live_bytes":524288,"transient_peak_bytes":2426880,"wait":{"nanos":8277000,"secs":0}},{"allocated_bytes":4,"allocation_time":{"nanos":5125,"secs":0},"allocations":1,"arena_capacity":264259584,"arena_high_water":268435456,"command_buffers":1,"completion_waits":1,"dispatches":531,"encode":{"nanos":188130,"secs":0},"gpu":{"nanos":7945750,"secs":0},"reused_bytes":2426880,"transient_live_bytes":524288,"transient_peak_bytes":2426880,"wait":{"nanos":8186291,"secs":0}},{"allocated_bytes":4,"allocation_time":{"nanos":4084,"secs":0},"allocations":1,"arena_capacity":264259584,"arena_high_water":268435456,"command_buffers":1,"completion_waits":1,"dispatches":531,"encode":{"nanos":176175,"secs":0},"gpu":{"nanos":7267042,"secs":0},"reused_bytes":2426880,"transient_live_bytes":524288,"transient_peak_bytes":2426880,"wait":{"nanos":7554000,"secs":0}},{"allocated_bytes":4,"allocation_time":{"nanos":3833,"secs":0},"allocations":1,"arena_capacity":264259584,"arena_high_water":268435456,"command_buffers":1,"completion_waits":1,"dispatches":531,"encode":{"nanos":182983,"secs":0},"gpu":{"nanos":6706250,"secs":0},"reused_bytes":2426880,"transient_live_bytes":524288,"transient_peak_bytes":2426880,"wait":{"nanos":6907625,"secs":0}},{"allocated_bytes":4,"allocation_time":{"nanos":4708,"secs":0},"allocations":1,"arena_capacity":264259584,"arena_high_water":268435456,"command_buffers":1,"completion_waits":1,"dispatches":531,"encode":{"nanos":174544,"secs":0},"gpu":{"nanos":7747458,"secs":0},"reused_bytes":2426880,"transient_live_bytes":524288,"transient_peak_bytes":2426880,"wait":{"nanos":7994334,"secs":0}},{"allocated_bytes":4,"allocation_time":{"nanos":3625,"secs":0},"allocations":1,"arena_capacity":264259584,"arena_high_water":268435456,"command_buffers":1,"completion_waits":1,"dispatches":531,"encode":{"nanos":170094,"secs":0},"gpu":{"nanos":7771750,"secs":0},"reused_bytes":2426880,"transient_live_bytes":524288,"transient_peak_bytes":2426880,"wait":{"nanos":8009958,"secs":0}},{"allocated_bytes":4,"allocation_time":{"nanos":3417,"secs":0},"allocations":1,"arena_capacity":264259584,"arena_high_water":268435456,"command_buffers":1,"completion_waits":1,"dispatches":531,"encode":{"nanos":169585,"secs":0},"gpu":{"nanos":7681458,"secs":0},"reused_bytes":2426880,"transient_live_bytes":524288,"transient_peak_bytes":2426880,"wait":{"nanos":7931041,"secs":0}},{"allocated_bytes":4,"allocation_time":{"nanos":3084,"secs":0},"allocations":1,"arena_capacity":264259584,"arena_high_water":268435456,"command_buffers":1,"completion_waits":1,"dispatches":531,"encode":{"nanos":168626,"secs":0},"gpu":{"nanos":7699417,"secs":0},"reused_bytes":2426880,"transient_live_bytes":524288,"transient_peak_bytes":2426880,"wait":{"nanos":7953500,"secs":0}},{"allocated_bytes":4,"allocation_time":{"nanos":3333,"secs":0},"allocations":1,"arena_capacity":264259584,"arena_high_water":268435456,"command_buffers":1,"completion_waits":1,"dispatches":531,"encode":{"nanos":177257,"secs":0},"gpu":{"nanos":7645375,"secs":0},"reused_bytes":2426880,"transient_live_bytes":524288,"transient_peak_bytes":2426880,"wait":{"nanos":7847000,"secs":0}},{"allocated_bytes":4,"allocation_time":{"nanos":2792,"secs":0},"allocations":1,"arena_capacity":264259584,"arena_high_water":268435456,"command_buffers":1,"completion_waits":1,"dispatches":531,"encode":{"nanos":169961,"secs":0},"gpu":{"nanos":6830250,"secs":0},"reused_bytes":2426880,"transient_live_bytes":524288,"transient_peak_bytes":2426880,"wait":{"nanos":7136417,"secs":0}},{"allocated_bytes":4,"allocation_time":{"nanos":2375,"secs":0},"allocations":1,"arena_capacity":264259584,"arena_high_water":268435456,"command_buffers":1,"completion_waits":1,"dispatches":531,"encode":{"nanos":169208,"secs":0},"gpu":{"nanos":7859125,"secs":0},"reused_bytes":2426880,"transient_live_bytes":524288,"transient_peak_bytes":2426880,"wait":{"nanos":8095125,"secs":0}},{"allocated_bytes":4,"allocation_time":{"nanos":3792,"secs":0},"allocations":1,"arena_capacity":264259584,"arena_high_water":268435456,"command_buffers":1,"completion_waits":1,"dispatches":531,"encode":{"nanos":175851,"secs":0},"gpu":{"nanos":7950125,"secs":0},"reused_bytes":2426880,"transient_live_bytes":524288,"transient_peak_bytes":2426880,"wait":{"nanos":8189292,"secs":0}},{"allocated_bytes":4,"allocation_time":{"nanos":3042,"secs":0},"allocations":1,"arena_capacity":264259584,"arena_high_water":268435456,"command_buffers":1,"completion_waits":1,"dispatches":531,"encode":{"nanos":173954,"secs":0},"gpu":{"nanos":7811458,"secs":0},"reused_bytes":2426880,"transient_live_bytes":524288,"transient_peak_bytes":2426880,"wait":{"nanos":8061875,"secs":0}},{"allocated_bytes":4,"allocation_time":{"nanos":2667,"secs":0},"allocations":1,"arena_capacity":264259584,"arena_high_water":268435456,"command_buffers":1,"completion_waits":1,"dispatches":531,"encode":{"nanos":174526,"secs":0},"gpu":{"nanos":7918542,"secs":0},"reused_bytes":2426880,"transient_live_bytes":524288,"transient_peak_bytes":2426880,"wait":{"nanos":8159208,"secs":0}},{"allocated_bytes":4,"allocation_time":{"nanos":2417,"secs":0},"allocations":1,"arena_capacity":264259584,"arena_high_water":268435456,"command_buffers":1,"completion_waits":1,"dispatches":531,"encode":{"nanos":169924,"secs":0},"gpu":{"nanos":7756125,"secs":0},"reused_bytes":2426880,"transient_live_bytes":524288,"transient_peak_bytes":2426880,"wait":{"nanos":8004834,"secs":0}},{"allocated_bytes":4,"allocation_time":{"nanos":4583,"secs":0},"allocations":1,"arena_capacity":264259584,"arena_high_water":268435456,"command_buffers":1,"completion_waits":1,"dispatches":531,"encode":{"nanos":202655,"secs":0},"gpu":{"nanos":7816333,"secs":0},"reused_bytes":2426880,"transient_live_bytes":524288,"transient_peak_bytes":2426880,"wait":{"nanos":8013625,"secs":0}},{"allocated_bytes":4,"allocation_time":{"nanos":3291,"secs":0},"allocations":1,"arena_capacity":264259584,"arena_high_water":268435456,"command_buffers":1,"completion_waits":1,"dispatches":531,"encode":{"nanos":170520,"secs":0},"gpu":{"nanos":6921125,"secs":0},"reused_bytes":2426880,"transient_live_bytes":524288,"transient_peak_bytes":2426880,"wait":{"nanos":7174750,"secs":0}},{"allocated_bytes":4,"allocation_time":{"nanos":3625,"secs":0},"allocations":1,"arena_capacity":264259584,"arena_high_water":268435456,"command_buffers":1,"completion_waits":1,"dispatches":531,"encode":{"nanos":172713,"secs":0},"gpu":{"nanos":7767375,"secs":0},"reused_bytes":2426880,"transient_live_bytes":524288,"transient_peak_bytes":2426880,"wait":{"nanos":7998750,"secs":0}},{"allocated_bytes":4,"allocation_time":{"nanos":3333,"secs":0},"allocations":1,"arena_capacity":264259584,"arena_high_water":268435456,"command_buffers":1,"completion_waits":1,"dispatches":531,"encode":{"nanos":169630,"secs":0},"gpu":{"nanos":7854625,"secs":0},"reused_bytes":2426880,"transient_live_bytes":524288,"transient_peak_bytes":2426880,"wait":{"nanos":8085458,"secs":0}},{"allocated_bytes":4,"allocation_time":{"nanos":3750,"secs":0},"allocations":1,"arena_capacity":264259584,"arena_high_water":268435456,"command_buffers":1,"completion_waits":1,"dispatches":531,"encode":{"nanos":174516,"secs":0},"gpu":{"nanos":7878250,"secs":0},"reused_bytes":2623488,"transient_live_bytes":524288,"transient_peak_bytes":2623488,"wait":{"nanos":8109083,"secs":0}},{"allocated_bytes":4,"allocation_time":{"nanos":3000,"secs":0},"allocations":1,"arena_capacity":264259584,"arena_high_water":268435456,"command_buffers":1,"completion_waits":1,"dispatches":531,"encode":{"nanos":171050,"secs":0},"gpu":{"nanos":7845750,"secs":0},"reused_bytes":2623488,"transient_live_bytes":524288,"transient_peak_bytes":2623488,"wait":{"nanos":8143917,"secs":0}},{"allocated_bytes":4,"allocation_time":{"nanos":3667,"secs":0},"allocations":1,"arena_capacity":264259584,"arena_high_water":268435456,"command_buffers":1,"completion_waits":1,"dispatches":531,"encode":{"nanos":174881,"secs":0},"gpu":{"nanos":8140625,"secs":0},"reused_bytes":2623488,"transient_live_bytes":524288,"transient_peak_bytes":2623488,"wait":{"nanos":8375916,"secs":0}}],"decode_median_ms":8.748542,"decode_ms":[7.398792,8.392917,8.546,8.6815,8.626042,8.4095,8.583917,7.519292,8.003916,8.44375,8.601708,8.856834,8.626375000000001,8.898916,8.740667,7.452375,8.506917,8.500208,8.605791,8.555625000000001,8.748542,8.75075,8.677458000000001,7.8357909999999995,8.521625,8.782875,8.949583,8.815375,8.676667,8.627709000000001,8.728833999999999,7.868791999999999,7.8626249999999995,8.630084,8.989625,8.759625,8.76225,8.729249999999999,8.78375,8.905625,7.799208999999999,8.509542,8.962416000000001,8.614082999999999,8.947833000000001,8.821166999999999,8.808375,8.862917,8.905042,8.400875000000001,7.9670000000000005,8.872667,9.180041,8.898792,8.713500000000002,8.926917,8.844292,9.05475,9.141084000000001,8.979792,7.806917,8.543417,9.002457999999999,8.665542,9.092042,9.117375000000001,9.2295,8.898,9.122583,8.956166,8.699917,7.961709000000001,8.878709,8.967291000000001,8.958542,9.126000000000001,9.054,9.084292000000001,8.992125,8.968416999999999,9.2,9.199791000000001,9.34825,8.175291,8.390708,9.150625000000002,9.192667,9.167791,9.237957999999999,9.143165999999999,8.9275,9.174916,9.315125,9.349791,9.248916,9.111167,9.423708,9.145541999999999,8.18575,8.43125,8.999500000000001,8.991084,9.175292,8.996042,9.237084,9.161792,8.679209,8.644334,7.989082999999999,7.358167,8.426207999999999,8.425666,8.327584,8.373583,8.250125,7.559416000000001,8.516042,8.618709,8.486875,8.582208,8.434584000000001,8.488707999999999,7.59825,8.427708,8.498791,8.505917,8.567209,8.835542],"decode_profiles":[{},{},{},{},{},{},{},{},{},{},{},{},{},{},{},{},{},{},{},{},{},{},{},{},{},{},{},{},{},{},{},{},{},{},{},{},{},{},{},{},{},{},{},{},{},{},{},{},{},{},{},{},{},{},{},{},{},{},{},{},{},{},{},{},{},{},{},{},{},{},{},{},{},{},{},{},{},{},{},{},{},{},{},{},{},{},{},{},{},{},{},{},{},{},{},{},{},{},{},{},{},{},{},{},{},{},{},{},{},{},{},{},{},{},{},{},{},{},{},{},{},{},{},{},{},{},{},{}],"decode_tps":114.30476072470132,"first_token_ms":32.297375,"generated_ids":[9707,0,2585,646,358,1492,498,3351,30,2160,1052,2494,498,1035,1075,311,1414,476,4263,30,358,2776,1588,311,1492,448,894,4755,476,10520,498,1231,614,13,151645,198,151643,33975,25,2585,646,358,7269,847,4378,7361,30,151645,198,151644,872,198,47842,4405,4378,7361,646,387,264,17003,3383,11,714,358,2776,9831,311,1430,13,3555,525,1045,7373,14830,369,18392,847,4378,7361,30,151645,198,151644,198,151644,198,151644,198,151644,198,151643,33975,25,2585,646,358,7269,847,4378,7361,30,151645,198,151644,198,151644,198,151644,198,151644,198,151644,198,151643,33975,25,2585,646,358,7269,847,4378,7361,30,151645,198,151644,198,151644],"generated_tokens":129,"generation_ms":1174.33725,"generation_tps":109.84919366221246,"kv_active_bytes":1830912,"kv_reserved_bytes":3145728,"model_format":"GGUF","model_repository":"Qwen/Qwen2.5-0.5B-Instruct-GGUF","model_revision":"9217f5db79a29953eb74d5343926648285ec7e67","packed_quantized_bytes":422496256,"pair":0,"pair_order":"ferrum>llama.cpp","prefill_counters":{"allocated_bytes":36241492,"allocation_time":{"nanos":3045497,"secs":0},"allocations":473,"arena_capacity":263964672,"arena_high_water":268435456,"command_buffers":1,"completion_waits":1,"dispatches":531,"encode":{"nanos":271998,"secs":0},"gpu":{"nanos":27536000,"secs":0},"reused_bytes":3932160,"transient_live_bytes":0,"transient_peak_bytes":37027840,"wait":{"nanos":28407250,"secs":0}},"prefill_ms":31.975625,"prefill_profile":{},"prefill_tps":656.7502589863373,"prompt_ids":[151644,8948,198,2610,525,264,10950,17847,13,151645,198,151644,872,198,9707,0,151645,198,151644,77091,198],"prompt_tokens":21,"retained_weight_bytes":422639360,"runtime":"ferrum","sampling_ms":30.778457,"source_tensor_bytes":422782464,"warmup":false,"process_rss_bytes":928071680,"source_matrix_case_model":"qwen2.5-phase7a-shape-workload","ferrum_options":{"batch_limit_dispatches":1024,"q4_0_gemv_8rows":true,"mlx_affine4_gemv_quad":true},"engine_order":["ferrum","llama.cpp"],"case_index":4,"engine_load_plus_first_warmup_ms":595.0837089912966}
{"case":"sustained-128-decode","command_buffer_count":null,"decode_aggregate_tps":243.66633989868308,"decode_median_ms":3.674125,"decode_ms":[4.174625,4.807417,3.674125,4.803292,3.607333,4.728542,3.645292,3.59175,4.788208,3.671458,4.746583,3.696042,4.807792,3.619583,3.660666,4.753958,3.626125,4.766708,3.67875,4.75375,3.595333,4.816792,3.579125,3.654416,4.714042,3.672,4.715875,3.729958,4.801,3.664041,4.752708,3.61575,3.605333,4.69425,3.575417,4.760708,3.547459,4.777125,3.566541,3.593708,4.729333,3.646292,4.722417,3.638542,4.766833,3.55225,3.591,4.74125,3.667625,4.725417,3.659375,4.734,3.590708,3.595042,4.447208,3.651792,4.715208,3.613791,4.815375,3.605334,3.685208,4.216875,3.596542,4.78375,3.555709,4.794792,3.572084,3.594792,4.51775,3.649916,4.73175,3.614083,4.69875,3.595709,3.608666,4.506583,3.58725,4.758208,3.621125,4.697542,3.563209,4.690709,3.594459,3.571625,4.719,3.605625,4.749625,3.6075,4.826625,3.56875,3.601042,4.7745,3.598084,4.771583,3.599667,4.74875,3.564583,3.664542,4.443041,3.616042,4.6995,3.568584,4.742084,3.603709,3.622417,4.616125,3.610458,4.805,3.678,4.805916,3.575834,4.754875,3.567458,3.56675,4.71075,3.653917,4.781375,3.758,4.790125,3.569125,3.601875,4.647875,3.603458,4.733,3.590416,4.759167,3.6095,4.774792],"decode_tps":272.1736467866499,"dispatch_count":null,"first_token_ms":15.827791,"generated_ids":[9707,0,2585,646,358,1492,498,3351,30,2160,1052,2494,498,1035,1075,311,1414,476,4263,30,358,2776,1588,311,1492,448,894,4755,476,10520,498,1231,614,13,151645,198,151643,33975,25,2585,646,358,7269,847,4378,7361,30,151645,198,151644,872,198,47842,4405,4378,7361,646,387,264,17003,3383,11,714,1052,525,1657,4963,2500,311,1492,498,13,3555,525,1045,7373,14830,369,18392,4378,7361,30,151645,198,151644,872,198,39814,11,358,1035,6934,5290,803,6467,323,9709,389,4378,323,35566,15502,13,358,1083,1744,432,594,2989,311,1349,13570,323,1430,311,1349,2155,35644,323,9222,315,4378,13,22406,11,358,1265,1430,311],"generated_tokens":129,"generation_ms":572.670833,"generation_tps":225.26029363887648,"kv_context_capacity_tokens":4096,"kv_type":"bf16","llama_version":"0.5.0-dev","model_format":"GGUF","pair":0,"pair_order":"ferrum>llama.cpp","prefill_ms":15.587208,"prefill_tps":1347.2585982043738,"process_max_rss_bytes":613122048,"prompt_ids":[151644,8948,198,2610,525,264,10950,17847,13,151645,198,151644,872,198,9707,0,151645,198,151644,77091,198],"prompt_tokens":21,"runtime":"llama.cpp","sampling_ms":31.766748000000003,"warmup":false,"process_rss_bytes":612958208,"source_matrix_case_model":"qwen2.5-phase7a-shape-workload","engine_order":["ferrum","llama.cpp"],"case_index":4,"engine_load_plus_first_warmup_ms":619.0415829769336}
{"case":"sustained-128-decode","command_buffer_count":null,"decode_aggregate_tps":241.90757091963624,"decode_median_ms":3.718417,"decode_ms":[5.286333,3.62975,4.730375,3.676542,4.827333,3.623834,4.844875,3.641917,3.691584,4.790375,3.599709,4.755958,3.653,4.778667,3.699292,3.727709,4.591583,3.659875,4.77,3.7135,4.744417,3.566042,4.7935,3.718417,3.663875,4.830458,3.602709,4.768166,3.571042,4.858791,3.652,3.630292,4.529125,3.661917,4.835583,3.724125,4.766417,3.601833,3.6765,4.558417,3.6775,4.756458,3.591792,4.761417,3.635375,4.810041,3.606625,3.616916,4.702625,3.617,4.727542,3.674917,4.738333,3.596291,3.617084,4.918834,3.668458,4.730167,3.635584,4.926041,3.656625,3.706417,4.333709,3.631542,4.765666,3.598042,4.731292,3.581208,4.768791,3.597125,3.621458,4.745125,3.827709,4.794292,3.590041,4.718666,3.627792,3.573375,4.478167,3.621667,4.720542,3.620875,4.722875,3.61275,3.667292,4.395875,3.598417,4.751958,3.657917,4.820708,3.598875,4.71825,3.570208,3.575875,4.714125,3.6475,4.732209,3.627792,4.849042,3.639792,4.804833,3.600125,3.830292,5.266333,4.092208,5.184084,3.827542,4.770667,3.808708,4.782625,3.632667,3.638792,4.48675,3.640708,4.736792,3.669291,4.796625,3.628625,3.622542,4.395416,3.617125,4.713083,3.612666,4.728666,3.572167,4.790667,3.580875,3.630417],"decode_tps":268.93164483703686,"dispatch_count":null,"first_token_ms":14.459958,"generated_ids":[9707,0,2585,646,358,1492,498,3351,30,2160,1052,2494,498,1035,1075,311,1414,476,4263,30,358,2776,1588,311,1492,448,894,4755,476,10520,498,1231,614,13,151645,198,151643,33975,25,2585,646,358,7269,847,4378,7361,30,151645,198,151644,872,198,47842,4405,4378,7361,646,387,264,17003,3383,11,714,1052,525,1657,4963,2500,311,1492,498,13,3555,525,1045,7373,14830,369,18392,4378,7361,30,151645,198,151644,872,198,39814,11,358,1035,6934,5290,803,6467,323,9709,389,4378,323,35566,15502,13,358,1083,1744,432,594,2989,311,1349,13570,323,1430,311,1349,2155,35644,323,9222,315,4378,13,22406,11,358,1265,1430,311],"generated_tokens":129,"generation_ms":575.273958,"generation_tps":224.24098676130234,"kv_context_capacity_tokens":4096,"kv_type":"bf16","llama_version":"0.5.0-dev","model_format":"GGUF","pair":1,"pair_order":"llama.cpp>ferrum","prefill_ms":14.235458,"prefill_tps":1475.1896286020444,"process_max_rss_bytes":613122048,"prompt_ids":[151644,8948,198,2610,525,264,10950,17847,13,151645,198,151644,872,198,9707,0,151645,198,151644,77091,198],"prompt_tokens":21,"runtime":"llama.cpp","sampling_ms":31.902707999999993,"warmup":false,"process_rss_bytes":612958208,"source_matrix_case_model":"qwen2.5-phase7a-shape-workload","engine_order":["llama.cpp","ferrum"],"case_index":4,"engine_load_plus_first_warmup_ms":619.0415829769336}
{"case":"sustained-128-decode","decode_aggregate_tps":114.63268316054669,"decode_counters":[{"allocated_bytes":4,"allocation_time":{"nanos":7459,"secs":0},"allocations":1,"arena_capacity":264259584,"arena_high_water":268435456,"command_buffers":1,"completion_waits":1,"dispatches":531,"encode":{"nanos":188299,"secs":0},"gpu":{"nanos":7750625,"secs":0},"reused_bytes":2279424,"transient_live_bytes":524288,"transient_peak_bytes":2279424,"wait":{"nanos":8033041,"secs":0}},{"allocated_bytes":4,"allocation_time":{"nanos":3875,"secs":0},"allocations":1,"arena_capacity":264259584,"arena_high_water":268435456,"command_buffers":1,"completion_waits":1,"dispatches":531,"encode":{"nanos":173805,"secs":0},"gpu":{"nanos":7690000,"secs":0},"reused_bytes":2279424,"transient_live_bytes":524288,"transient_peak_bytes":2279424,"wait":{"nanos":7938625,"secs":0}},{"allocated_bytes":4,"allocation_time":{"nanos":2750,"secs":0},"allocations":1,"arena_capacity":264259584,"arena_high_water":268435456,"command_buffers":1,"completion_waits":1,"dispatches":531,"encode":{"nanos":171882,"secs":0},"gpu":{"nanos":7102250,"secs":0},"reused_bytes":2279424,"transient_live_bytes":524288,"transient_peak_bytes":2279424,"wait":{"nanos":7521708,"secs":0}},{"allocated_bytes":4,"allocation_time":{"nanos":5500,"secs":0},"allocations":1,"arena_capacity":264259584,"arena_high_water":268435456,"command_buffers":1,"completion_waits":1,"dispatches":531,"encode":{"nanos":190633,"secs":0},"gpu":{"nanos":6972583,"secs":0},"reused_bytes":2279424,"transient_live_bytes":524288,"transient_peak_bytes":2279424,"wait":{"nanos":7303708,"secs":0}},{"allocated_bytes":4,"allocation_time":{"nanos":3000,"secs":0},"allocations":1,"arena_capacity":264259584,"arena_high_water":268435456,"command_buffers":1,"completion_waits":1,"dispatches":531,"encode":{"nanos":172916,"secs":0},"gpu":{"nanos":7878542,"secs":0},"reused_bytes":2279424,"transient_live_bytes":524288,"transient_peak_bytes":2279424,"wait":{"nanos":8126458,"secs":0}},{"allocated_bytes":4,"allocation_time":{"nanos":4792,"secs":0},"allocations":1,"arena_capacity":264259584,"arena_high_water":268435456,"command_buffers":1,"completion_waits":1,"dispatches":531,"encode":{"nanos":180536,"secs":0},"gpu":{"nanos":7756417,"secs":0},"reused_bytes":2279424,"transient_live_bytes":524288,"transient_peak_bytes":2279424,"wait":{"nanos":7991791,"secs":0}},{"allocated_bytes":4,"allocation_time":{"nanos":3667,"secs":0},"allocations":1,"arena_capacity":264259584,"arena_high_water":268435456,"command_buffers":1,"completion_waits":1,"dispatches":531,"encode":{"nanos":172632,"secs":0},"gpu":{"nanos":7940125,"secs":0},"reused_bytes":2279424,"transient_live_bytes":524288,"transient_peak_bytes":2279424,"wait":{"nanos":8240958,"secs":0}},{"allocated_bytes":4,"allocation_time":{"nanos":2542,"secs":0},"allocations":1,"arena_capacity":264259584,"arena_high_water":268435456,"command_buffers":1,"completion_waits":1,"dispatches":531,"encode":{"nanos":168973,"secs":0},"gpu":{"nanos":7838375,"secs":0},"reused_bytes":2279424,"transient_live_bytes":524288,"transient_peak_bytes":2279424,"wait":{"nanos":8085709,"secs":0}},{"allocated_bytes":4,"allocation_time":{"nanos":3083,"secs":0},"allocations":1,"arena_capacity":264259584,"arena_high_water":268435456,"command_buffers":1,"completion_waits":1,"dispatches":531,"encode":{"nanos":169131,"secs":0},"gpu":{"nanos":7802917,"secs":0},"reused_bytes":2279424,"transient_live_bytes":524288,"transient_peak_bytes":2279424,"wait":{"nanos":8044834,"secs":0}},{"allocated_bytes":4,"allocation_time":{"nanos":3083,"secs":0},"allocations":1,"arena_capacity":264259584,"arena_high_water":268435456,"command_buffers":1,"completion_waits":1,"dispatches":531,"encode":{"nanos":169495,"secs":0},"gpu":{"nanos":7806125,"secs":0},"reused_bytes":2279424,"transient_live_bytes":524288,"transient_peak_bytes":2279424,"wait":{"nanos":8066625,"secs":0}},{"allocated_bytes":4,"allocation_time":{"nanos":3417,"secs":0},"allocations":1,"arena_capacity":264259584,"arena_high_water":268435456,"command_buffers":1,"completion_waits":1,"dispatches":531,"encode":{"nanos":175132,"secs":0},"gpu":{"nanos":6875000,"secs":0},"reused_bytes":2279424,"transient_live_bytes":524288,"transient_peak_bytes":2279424,"wait":{"nanos":7113250,"secs":0}},{"allocated_bytes":4,"allocation_time":{"nanos":3209,"secs":0},"allocations":1,"arena_capacity":264259584,"arena_high_water":268435456,"command_buffers":1,"completion_waits":1,"dispatches":531,"encode":{"nanos":169752,"secs":0},"gpu":{"nanos":8182708,"secs":0},"reused_bytes":2279424,"transient_live_bytes":524288,"transient_peak_bytes":2279424,"wait":{"nanos":8429750,"secs":0}},{"allocated_bytes":4,"allocation_time":{"nanos":3708,"secs":0},"allocations":1,"arena_capacity":264259584,"arena_high_water":268435456,"command_buffers":1,"completion_waits":1,"dispatches":531,"encode":{"nanos":175460,"secs":0},"gpu":{"nanos":7940250,"secs":0},"reused_bytes":2279424,"transient_live_bytes":524288,"transient_peak_bytes":2279424,"wait":{"nanos":8199334,"secs":0}},{"allocated_bytes":4,"allocation_time":{"nanos":3416,"secs":0},"allocations":1,"arena_capacity":264259584,"arena_high_water":268435456,"command_buffers":1,"completion_waits":1,"dispatches":531,"encode":{"nanos":171224,"secs":0},"gpu":{"nanos":8226542,"secs":0},"reused_bytes":2279424,"transient_live_bytes":524288,"transient_peak_bytes":2279424,"wait":{"nanos":8465708,"secs":0}},{"allocated_bytes":4,"allocation_time":{"nanos":3292,"secs":0},"allocations":1,"arena_capacity":264259584,"arena_high_water":268435456,"command_buffers":1,"completion_waits":1,"dispatches":531,"encode":{"nanos":173406,"secs":0},"gpu":{"nanos":8040375,"secs":0},"reused_bytes":2279424,"transient_live_bytes":524288,"transient_peak_bytes":2279424,"wait":{"nanos":8286917,"secs":0}},{"allocated_bytes":4,"allocation_time":{"nanos":3458,"secs":0},"allocations":1,"arena_capacity":264259584,"arena_high_water":268435456,"command_buffers":1,"completion_waits":1,"dispatches":531,"encode":{"nanos":185995,"secs":0},"gpu":{"nanos":7767250,"secs":0},"reused_bytes":2328576,"transient_live_bytes":524288,"transient_peak_bytes":2328576,"wait":{"nanos":8030750,"secs":0}},{"allocated_bytes":4,"allocation_time":{"nanos":6292,"secs":0},"allocations":1,"arena_capacity":264259584,"arena_high_water":268435456,"command_buffers":1,"completion_waits":1,"dispatches":531,"encode":{"nanos":237569,"secs":0},"gpu":{"nanos":8006833,"secs":0},"reused_bytes":2328576,"transient_live_bytes":524288,"transient_peak_bytes":2328576,"wait":{"nanos":8244083,"secs":0}},{"allocated_bytes":4,"allocation_time":{"nanos":4209,"secs":0},"allocations":1,"arena_capacity":264259584,"arena_high_water":268435456,"command_buffers":1,"completion_waits":1,"dispatches":531,"encode":{"nanos":210792,"secs":0},"gpu":{"nanos":7896125,"secs":0},"reused_bytes":2328576,"transient_live_bytes":524288,"transient_peak_bytes":2328576,"wait":{"nanos":8139250,"secs":0}},{"allocated_bytes":4,"allocation_time":{"nanos":7875,"secs":0},"allocations":1,"arena_capacity":264259584,"arena_high_water":268435456,"command_buffers":1,"completion_waits":1,"dispatches":531,"encode":{"nanos":197672,"secs":0},"gpu":{"nanos":6949833,"secs":0},"reused_bytes":2328576,"transient_live_bytes":524288,"transient_peak_bytes":2328576,"wait":{"nanos":7207625,"secs":0}},{"allocated_bytes":4,"allocation_time":{"nanos":4334,"secs":0},"allocations":1,"arena_capacity":264259584,"arena_high_water":268435456,"command_buffers":1,"completion_waits":1,"dispatches":531,"encode":{"nanos":177624,"secs":0},"gpu":{"nanos":7611250,"secs":0},"reused_bytes":2328576,"transient_live_bytes":524288,"transient_peak_bytes":2328576,"wait":{"nanos":7835583,"secs":0}},{"allocated_bytes":4,"allocation_time":{"nanos":3417,"secs":0},"allocations":1,"arena_capacity":264259584,"arena_high_water":268435456,"command_buffers":1,"completion_waits":1,"dispatches":531,"encode":{"nanos":202584,"secs":0},"gpu":{"nanos":8086250,"secs":0},"reused_bytes":2328576,"transient_live_bytes":524288,"transient_peak_bytes":2328576,"wait":{"nanos":8273625,"secs":0}},{"allocated_bytes":4,"allocation_time":{"nanos":4500,"secs":0},"allocations":1,"arena_capacity":264259584,"arena_high_water":268435456,"command_buffers":1,"completion_waits":1,"dispatches":531,"encode":{"nanos":175005,"secs":0},"gpu":{"nanos":8121250,"secs":0},"reused_bytes":2328576,"transient_live_bytes":524288,"transient_peak_bytes":2328576,"wait":{"nanos":8435000,"secs":0}},{"allocated_bytes":4,"allocation_time":{"nanos":2833,"secs":0},"allocations":1,"arena_capacity":264259584,"arena_high_water":268435456,"command_buffers":1,"completion_waits":1,"dispatches":531,"encode":{"nanos":181670,"secs":0},"gpu":{"nanos":8014125,"secs":0},"reused_bytes":2328576,"transient_live_bytes":524288,"transient_peak_bytes":2328576,"wait":{"nanos":8243875,"secs":0}},{"allocated_bytes":4,"allocation_time":{"nanos":3375,"secs":0},"allocations":1,"arena_capacity":264259584,"arena_high_water":268435456,"command_buffers":1,"completion_waits":1,"dispatches":531,"encode":{"nanos":170844,"secs":0},"gpu":{"nanos":8183542,"secs":0},"reused_bytes":2328576,"transient_live_bytes":524288,"transient_peak_bytes":2328576,"wait":{"nanos":8413042,"secs":0}},{"allocated_bytes":4,"allocation_time":{"nanos":2916,"secs":0},"allocations":1,"arena_capacity":264259584,"arena_high_water":268435456,"command_buffers":1,"completion_waits":1,"dispatches":531,"encode":{"nanos":168955,"secs":0},"gpu":{"nanos":7755083,"secs":0},"reused_bytes":2328576,"transient_live_bytes":524288,"transient_peak_bytes":2328576,"wait":{"nanos":8000458,"secs":0}},{"allocated_bytes":4,"allocation_time":{"nanos":3333,"secs":0},"allocations":1,"arena_capacity":264259584,"arena_high_water":268435456,"command_buffers":1,"completion_waits":1,"dispatches":531,"encode":{"nanos":174593,"secs":0},"gpu":{"nanos":8120250,"secs":0},"reused_bytes":2328576,"transient_live_bytes":524288,"transient_peak_bytes":2328576,"wait":{"nanos":8373541,"secs":0}},{"allocated_bytes":4,"allocation_time":{"nanos":3125,"secs":0},"allocations":1,"arena_capacity":264259584,"arena_high_water":268435456,"command_buffers":1,"completion_waits":1,"dispatches":531,"encode":{"nanos":175592,"secs":0},"gpu":{"nanos":7232500,"secs":0},"reused_bytes":2328576,"transient_live_bytes":524288,"transient_peak_bytes":2328576,"wait":{"nanos":7493416,"secs":0}},{"allocated_bytes":4,"allocation_time":{"nanos":3666,"secs":0},"allocations":1,"arena_capacity":264259584,"arena_high_water":268435456,"command_buffers":1,"completion_waits":1,"dispatches":531,"encode":{"nanos":175286,"secs":0},"gpu":{"nanos":7386458,"secs":0},"reused_bytes":2328576,"transient_live_bytes":524288,"transient_peak_bytes":2328576,"wait":{"nanos":7583167,"secs":0}},{"allocated_bytes":4,"allocation_time":{"nanos":3459,"secs":0},"allocations":1,"arena_capacity":264259584,"arena_high_water":268435456,"command_buffers":1,"completion_waits":1,"dispatches":531,"encode":{"nanos":174342,"secs":0},"gpu":{"nanos":7871500,"secs":0},"reused_bytes":2328576,"transient_live_bytes":524288,"transient_peak_bytes":2328576,"wait":{"nanos":8120750,"secs":0}},{"allocated_bytes":4,"allocation_time":{"nanos":3083,"secs":0},"allocations":1,"arena_capacity":264259584,"arena_high_water":268435456,"command_buffers":1,"completion_waits":1,"dispatches":531,"encode":{"nanos":174080,"secs":0},"gpu":{"nanos":7946875,"secs":0},"reused_bytes":2328576,"transient_live_bytes":524288,"transient_peak_bytes":2328576,"wait":{"nanos":8187708,"secs":0}},{"allocated_bytes":4,"allocation_time":{"nanos":2334,"secs":0},"allocations":1,"arena_capacity":264259584,"arena_high_water":268435456,"command_buffers":1,"completion_waits":1,"dispatches":531,"encode":{"nanos":173205,"secs":0},"gpu":{"nanos":8142625,"secs":0},"reused_bytes":2328576,"transient_live_bytes":524288,"transient_peak_bytes":2328576,"wait":{"nanos":8368083,"secs":0}},{"allocated_bytes":4,"allocation_time":{"nanos":3000,"secs":0},"allocations":1,"arena_capacity":264259584,"arena_high_water":268435456,"command_buffers":1,"completion_waits":1,"dispatches":531,"encode":{"nanos":168167,"secs":0},"gpu":{"nanos":8225000,"secs":0},"reused_bytes":2328576,"transient_live_bytes":524288,"transient_peak_bytes":2328576,"wait":{"nanos":8433875,"secs":0}},{"allocated_bytes":4,"allocation_time":{"nanos":3084,"secs":0},"allocations":1,"arena_capacity":264259584,"arena_high_water":268435456,"command_buffers":1,"completion_waits":1,"dispatches":531,"encode":{"nanos":171679,"secs":0},"gpu":{"nanos":8118125,"secs":0},"reused_bytes":2328576,"transient_live_bytes":524288,"transient_peak_bytes":2328576,"wait":{"nanos":8321708,"secs":0}},{"allocated_bytes":4,"allocation_time":{"nanos":3125,"secs":0},"allocations":1,"arena_capacity":264259584,"arena_high_water":268435456,"command_buffers":1,"completion_waits":1,"dispatches":531,"encode":{"nanos":189574,"secs":0},"gpu":{"nanos":7980833,"secs":0},"reused_bytes":2328576,"transient_live_bytes":524288,"transient_peak_bytes":2328576,"wait":{"nanos":8223000,"secs":0}},{"allocated_bytes":4,"allocation_time":{"nanos":2542,"secs":0},"allocations":1,"arena_capacity":264259584,"arena_high_water":268435456,"command_buffers":1,"completion_waits":1,"dispatches":531,"encode":{"nanos":170168,"secs":0},"gpu":{"nanos":7293875,"secs":0},"reused_bytes":2328576,"transient_live_bytes":524288,"transient_peak_bytes":2328576,"wait":{"nanos":7553250,"secs":0}},{"allocated_bytes":4,"allocation_time":{"nanos":3416,"secs":0},"allocations":1,"arena_capacity":264259584,"arena_high_water":268435456,"command_buffers":1,"completion_waits":1,"dispatches":531,"encode":{"nanos":174807,"secs":0},"gpu":{"nanos":7762875,"secs":0},"reused_bytes":2328576,"transient_live_bytes":524288,"transient_peak_bytes":2328576,"wait":{"nanos":7941834,"secs":0}},{"allocated_bytes":4,"allocation_time":{"nanos":3000,"secs":0},"allocations":1,"arena_capacity":264259584,"arena_high_water":268435456,"command_buffers":1,"completion_waits":1,"dispatches":531,"encode":{"nanos":168756,"secs":0},"gpu":{"nanos":8021958,"secs":0},"reused_bytes":2328576,"transient_live_bytes":524288,"transient_peak_bytes":2328576,"wait":{"nanos":8248416,"secs":0}},{"allocated_bytes":4,"allocation_time":{"nanos":4250,"secs":0},"allocations":1,"arena_capacity":264259584,"arena_high_water":268435456,"command_buffers":1,"completion_waits":1,"dispatches":531,"encode":{"nanos":173997,"secs":0},"gpu":{"nanos":8031167,"secs":0},"reused_bytes":2328576,"transient_live_bytes":524288,"transient_peak_bytes":2328576,"wait":{"nanos":8260667,"secs":0}},{"allocated_bytes":4,"allocation_time":{"nanos":2708,"secs":0},"allocations":1,"arena_capacity":264259584,"arena_high_water":268435456,"command_buffers":1,"completion_waits":1,"dispatches":531,"encode":{"nanos":170209,"secs":0},"gpu":{"nanos":8146625,"secs":0},"reused_bytes":2328576,"transient_live_bytes":524288,"transient_peak_bytes":2328576,"wait":{"nanos":8388042,"secs":0}},{"allocated_bytes":4,"allocation_time":{"nanos":3250,"secs":0},"allocations":1,"arena_capacity":264259584,"arena_high_water":268435456,"command_buffers":1,"completion_waits":1,"dispatches":531,"encode":{"nanos":171923,"secs":0},"gpu":{"nanos":8146167,"secs":0},"reused_bytes":2328576,"transient_live_bytes":524288,"transient_peak_bytes":2328576,"wait":{"nanos":8338875,"secs":0}},{"allocated_bytes":4,"allocation_time":{"nanos":2916,"secs":0},"allocations":1,"arena_capacity":264259584,"arena_high_water":268435456,"command_buffers":1,"completion_waits":1,"dispatches":531,"encode":{"nanos":171213,"secs":0},"gpu":{"nanos":8095417,"secs":0},"reused_bytes":2328576,"transient_live_bytes":524288,"transient_peak_bytes":2328576,"wait":{"nanos":8329000,"secs":0}},{"allocated_bytes":4,"allocation_time":{"nanos":3000,"secs":0},"allocations":1,"arena_capacity":264259584,"arena_high_water":268435456,"command_buffers":1,"completion_waits":1,"dispatches":531,"encode":{"nanos":169906,"secs":0},"gpu":{"nanos":8116125,"secs":0},"reused_bytes":2328576,"transient_live_bytes":524288,"transient_peak_bytes":2328576,"wait":{"nanos":8340292,"secs":0}},{"allocated_bytes":4,"allocation_time":{"nanos":2583,"secs":0},"allocations":1,"arena_capacity":264259584,"arena_high_water":268435456,"command_buffers":1,"completion_waits":1,"dispatches":531,"encode":{"nanos":170219,"secs":0},"gpu":{"nanos":8406792,"secs":0},"reused_bytes":2328576,"transient_live_bytes":524288,"transient_peak_bytes":2328576,"wait":{"nanos":8628666,"secs":0}},{"allocated_bytes":4,"allocation_time":{"nanos":2500,"secs":0},"allocations":1,"arena_capacity":264259584,"arena_high_water":268435456,"command_buffers":1,"completion_waits":1,"dispatches":531,"encode":{"nanos":168859,"secs":0},"gpu":{"nanos":6938083,"secs":0},"reused_bytes":2328576,"transient_live_bytes":524288,"transient_peak_bytes":2328576,"wait":{"nanos":7195459,"secs":0}},{"allocated_bytes":4,"allocation_time":{"nanos":3875,"secs":0},"allocations":1,"arena_capacity":264259584,"arena_high_water":268435456,"command_buffers":1,"completion_waits":1,"dispatches":531,"encode":{"nanos":175127,"secs":0},"gpu":{"nanos":7854917,"secs":0},"reused_bytes":2328576,"transient_live_bytes":524288,"transient_peak_bytes":2328576,"wait":{"nanos":8055041,"secs":0}},{"allocated_bytes":4,"allocation_time":{"nanos":3125,"secs":0},"allocations":1,"arena_capacity":264259584,"arena_high_water":268435456,"command_buffers":1,"completion_waits":1,"dispatches":531,"encode":{"nanos":173664,"secs":0},"gpu":{"nanos":8137208,"secs":0},"reused_bytes":2328576,"transient_live_bytes":524288,"transient_peak_bytes":2328576,"wait":{"nanos":8385833,"secs":0}},{"allocated_bytes":4,"allocation_time":{"nanos":4417,"secs":0},"allocations":1,"arena_capacity":264259584,"arena_high_water":268435456,"command_buffers":1,"completion_waits":1,"dispatches":531,"encode":{"nanos":173645,"secs":0},"gpu":{"nanos":8188750,"secs":0},"reused_bytes":2328576,"transient_live_bytes":524288,"transient_peak_bytes":2328576,"wait":{"nanos":8436667,"secs":0}},{"allocated_bytes":4,"allocation_time":{"nanos":3333,"secs":0},"allocations":1,"arena_capacity":264259584,"arena_high_water":268435456,"command_buffers":1,"completion_waits":1,"dispatches":531,"encode":{"nanos":175299,"secs":0},"gpu":{"nanos":8172250,"secs":0},"reused_bytes":2328576,"transient_live_bytes":524288,"transient_peak_bytes":2328576,"wait":{"nanos":8417333,"secs":0}},{"allocated_bytes":4,"allocation_time":{"nanos":3417,"secs":0},"allocations":1,"arena_capacity":264259584,"arena_high_water":268435456,"command_buffers":1,"completion_waits":1,"dispatches":531,"encode":{"nanos":168311,"secs":0},"gpu":{"nanos":8284375,"secs":0},"reused_bytes":2328576,"transient_live_bytes":524288,"transient_peak_bytes":2328576,"wait":{"nanos":8563292,"secs":0}},{"allocated_bytes":4,"allocation_time":{"nanos":6542,"secs":0},"allocations":1,"arena_capacity":264259584,"arena_high_water":268435456,"command_buffers":1,"completion_waits":1,"dispatches":531,"encode":{"nanos":226450,"secs":0},"gpu":{"nanos":8425750,"secs":0},"reused_bytes":2328576,"transient_live_bytes":524288,"transient_peak_bytes":2328576,"wait":{"nanos":8650459,"secs":0}},{"allocated_bytes":4,"allocation_time":{"nanos":5000,"secs":0},"allocations":1,"arena_capacity":264259584,"arena_high_water":268435456,"command_buffers":1,"completion_waits":1,"dispatches":531,"encode":{"nanos":189044,"secs":0},"gpu":{"nanos":8265917,"secs":0},"reused_bytes":2328576,"transient_live_bytes":524288,"transient_peak_bytes":2328576,"wait":{"nanos":8502000,"secs":0}},{"allocated_bytes":4,"allocation_time":{"nanos":7375,"secs":0},"allocations":1,"arena_capacity":264259584,"arena_high_water":268435456,"command_buffers":1,"completion_waits":1,"dispatches":531,"encode":{"nanos":191003,"secs":0},"gpu":{"nanos":8199500,"secs":0},"reused_bytes":2328576,"transient_live_bytes":524288,"transient_peak_bytes":2328576,"wait":{"nanos":8425583,"secs":0}},{"allocated_bytes":4,"allocation_time":{"nanos":2875,"secs":0},"allocations":1,"arena_capacity":264259584,"arena_high_water":268435456,"command_buffers":1,"completion_waits":1,"dispatches":531,"encode":{"nanos":175002,"secs":0},"gpu":{"nanos":8421625,"secs":0},"reused_bytes":2426880,"transient_live_bytes":524288,"transient_peak_bytes":2426880,"wait":{"nanos":8665292,"secs":0}},{"allocated_bytes":4,"allocation_time":{"nanos":4125,"secs":0},"allocations":1,"arena_capacity":264259584,"arena_high_water":268435456,"command_buffers":1,"completion_waits":1,"dispatches":531,"encode":{"nanos":173612,"secs":0},"gpu":{"nanos":8397375,"secs":0},"reused_bytes":2426880,"transient_live_bytes":524288,"transient_peak_bytes":2426880,"wait":{"nanos":8657250,"secs":0}},{"allocated_bytes":4,"allocation_time":{"nanos":3417,"secs":0},"allocations":1,"arena_capacity":264259584,"arena_high_water":268435456,"command_buffers":1,"completion_waits":1,"dispatches":531,"encode":{"nanos":173634,"secs":0},"gpu":{"nanos":7121500,"secs":0},"reused_bytes":2426880,"transient_live_bytes":524288,"transient_peak_bytes":2426880,"wait":{"nanos":7381167,"secs":0}},{"allocated_bytes":4,"allocation_time":{"nanos":3542,"secs":0},"allocations":1,"arena_capacity":264259584,"arena_high_water":268435456,"command_buffers":1,"completion_waits":1,"dispatches":531,"encode":{"nanos":174209,"secs":0},"gpu":{"nanos":8423625,"secs":0},"reused_bytes":2426880,"transient_live_bytes":524288,"transient_peak_bytes":2426880,"wait":{"nanos":8660750,"secs":0}},{"allocated_bytes":4,"allocation_time":{"nanos":3417,"secs":0},"allocations":1,"arena_capacity":264259584,"arena_high_water":268435456,"command_buffers":1,"completion_waits":1,"dispatches":531,"encode":{"nanos":172632,"secs":0},"gpu":{"nanos":8345375,"secs":0},"reused_bytes":2426880,"transient_live_bytes":524288,"transient_peak_bytes":2426880,"wait":{"nanos":8579250,"secs":0}},{"allocated_bytes":4,"allocation_time":{"nanos":3209,"secs":0},"allocations":1,"arena_capacity":264259584,"arena_high_water":268435456,"command_buffers":1,"completion_waits":1,"dispatches":531,"encode":{"nanos":169289,"secs":0},"gpu":{"nanos":8528875,"secs":0},"reused_bytes":2426880,"transient_live_bytes":524288,"transient_peak_bytes":2426880,"wait":{"nanos":8769416,"secs":0}},{"allocated_bytes":4,"allocation_time":{"nanos":3334,"secs":0},"allocations":1,"arena_capacity":264259584,"arena_high_water":268435456,"command_buffers":1,"completion_waits":1,"dispatches":531,"encode":{"nanos":173590,"secs":0},"gpu":{"nanos":8500417,"secs":0},"reused_bytes":2426880,"transient_live_bytes":524288,"transient_peak_bytes":2426880,"wait":{"nanos":8744042,"secs":0}},{"allocated_bytes":4,"allocation_time":{"nanos":3292,"secs":0},"allocations":1,"arena_capacity":264259584,"arena_high_water":268435456,"command_buffers":1,"completion_waits":1,"dispatches":531,"encode":{"nanos":168642,"secs":0},"gpu":{"nanos":8423625,"secs":0},"reused_bytes":2426880,"transient_live_bytes":524288,"transient_peak_bytes":2426880,"wait":{"nanos":8663541,"secs":0}},{"allocated_bytes":4,"allocation_time":{"nanos":3292,"secs":0},"allocations":1,"arena_capacity":264259584,"arena_high_water":268435456,"command_buffers":1,"completion_waits":1,"dispatches":531,"encode":{"nanos":173548,"secs":0},"gpu":{"nanos":8253875,"secs":0},"reused_bytes":2426880,"transient_live_bytes":524288,"transient_peak_bytes":2426880,"wait":{"nanos":8509667,"secs":0}},{"allocated_bytes":4,"allocation_time":{"nanos":3292,"secs":0},"allocations":1,"arena_capacity":264259584,"arena_high_water":268435456,"command_buffers":1,"completion_waits":1,"dispatches":531,"encode":{"nanos":168314,"secs":0},"gpu":{"nanos":8079292,"secs":0},"reused_bytes":2426880,"transient_live_bytes":524288,"transient_peak_bytes":2426880,"wait":{"nanos":8289625,"secs":0}},{"allocated_bytes":4,"allocation_time":{"nanos":2625,"secs":0},"allocations":1,"arena_capacity":264259584,"arena_high_water":268435456,"command_buffers":1,"completion_waits":1,"dispatches":531,"encode":{"nanos":172344,"secs":0},"gpu":{"nanos":8420583,"secs":0},"reused_bytes":2426880,"transient_live_bytes":524288,"transient_peak_bytes":2426880,"wait":{"nanos":8680500,"secs":0}},{"allocated_bytes":4,"allocation_time":{"nanos":11750,"secs":0},"allocations":1,"arena_capacity":264259584,"arena_high_water":268435456,"command_buffers":1,"completion_waits":1,"dispatches":531,"encode":{"nanos":173875,"secs":0},"gpu":{"nanos":8012625,"secs":0},"reused_bytes":2426880,"transient_live_bytes":524288,"transient_peak_bytes":2426880,"wait":{"nanos":8234000,"secs":0}},{"allocated_bytes":4,"allocation_time":{"nanos":3084,"secs":0},"allocations":1,"arena_capacity":264259584,"arena_high_water":268435456,"command_buffers":1,"completion_waits":1,"dispatches":531,"encode":{"nanos":169962,"secs":0},"gpu":{"nanos":8514625,"secs":0},"reused_bytes":2426880,"transient_live_bytes":524288,"transient_peak_bytes":2426880,"wait":{"nanos":8737500,"secs":0}},{"allocated_bytes":4,"allocation_time":{"nanos":3250,"secs":0},"allocations":1,"arena_capacity":264259584,"arena_high_water":268435456,"command_buffers":1,"completion_waits":1,"dispatches":531,"encode":{"nanos":175730,"secs":0},"gpu":{"nanos":8518333,"secs":0},"reused_bytes":2426880,"transient_live_bytes":524288,"transient_peak_bytes":2426880,"wait":{"nanos":8778625,"secs":0}},{"allocated_bytes":4,"allocation_time":{"nanos":2875,"secs":0},"allocations":1,"arena_capacity":264259584,"arena_high_water":268435456,"command_buffers":1,"completion_waits":1,"dispatches":531,"encode":{"nanos":172241,"secs":0},"gpu":{"nanos":7568417,"secs":0},"reused_bytes":2426880,"transient_live_bytes":524288,"transient_peak_bytes":2426880,"wait":{"nanos":7816458,"secs":0}},{"allocated_bytes":4,"allocation_time":{"nanos":3042,"secs":0},"allocations":1,"arena_capacity":264259584,"arena_high_water":268435456,"command_buffers":1,"completion_waits":1,"dispatches":531,"encode":{"nanos":172456,"secs":0},"gpu":{"nanos":8138875,"secs":0},"reused_bytes":2426880,"transient_live_bytes":524288,"transient_peak_bytes":2426880,"wait":{"nanos":8346625,"secs":0}},{"allocated_bytes":4,"allocation_time":{"nanos":3125,"secs":0},"allocations":1,"arena_capacity":264259584,"arena_high_water":268435456,"command_buffers":1,"completion_waits":1,"dispatches":531,"encode":{"nanos":169153,"secs":0},"gpu":{"nanos":8542167,"secs":0},"reused_bytes":2426880,"transient_live_bytes":524288,"transient_peak_bytes":2426880,"wait":{"nanos":8757667,"secs":0}},{"allocated_bytes":4,"allocation_time":{"nanos":2708,"secs":0},"allocations":1,"arena_capacity":264259584,"arena_high_water":268435456,"command_buffers":1,"completion_waits":1,"dispatches":531,"encode":{"nanos":168566,"secs":0},"gpu":{"nanos":8497750,"secs":0},"reused_bytes":2426880,"transient_live_bytes":524288,"transient_peak_bytes":2426880,"wait":{"nanos":8732375,"secs":0}},{"allocated_bytes":4,"allocation_time":{"nanos":3250,"secs":0},"allocations":1,"arena_capacity":264259584,"arena_high_water":268435456,"command_buffers":1,"completion_waits":1,"dispatches":531,"encode":{"nanos":174568,"secs":0},"gpu":{"nanos":8277417,"secs":0},"reused_bytes":2426880,"transient_live_bytes":524288,"transient_peak_bytes":2426880,"wait":{"nanos":8507500,"secs":0}},{"allocated_bytes":4,"allocation_time":{"nanos":3750,"secs":0},"allocations":1,"arena_capacity":264259584,"arena_high_water":268435456,"command_buffers":1,"completion_waits":1,"dispatches":531,"encode":{"nanos":169129,"secs":0},"gpu":{"nanos":8443708,"secs":0},"reused_bytes":2426880,"transient_live_bytes":524288,"transient_peak_bytes":2426880,"wait":{"nanos":8690250,"secs":0}},{"allocated_bytes":4,"allocation_time":{"nanos":2958,"secs":0},"allocations":1,"arena_capacity":264259584,"arena_high_water":268435456,"command_buffers":1,"completion_waits":1,"dispatches":531,"encode":{"nanos":169409,"secs":0},"gpu":{"nanos":8353500,"secs":0},"reused_bytes":2426880,"transient_live_bytes":524288,"transient_peak_bytes":2426880,"wait":{"nanos":8650917,"secs":0}},{"allocated_bytes":4,"allocation_time":{"nanos":2416,"secs":0},"allocations":1,"arena_capacity":264259584,"arena_high_water":268435456,"command_buffers":1,"completion_waits":1,"dispatches":531,"encode":{"nanos":171710,"secs":0},"gpu":{"nanos":8339667,"secs":0},"reused_bytes":2426880,"transient_live_bytes":524288,"transient_peak_bytes":2426880,"wait":{"nanos":8575834,"secs":0}},{"allocated_bytes":4,"allocation_time":{"nanos":2458,"secs":0},"allocations":1,"arena_capacity":264259584,"arena_high_water":268435456,"command_buffers":1,"completion_waits":1,"dispatches":531,"encode":{"nanos":167289,"secs":0},"gpu":{"nanos":8355000,"secs":0},"reused_bytes":2426880,"transient_live_bytes":524288,"transient_peak_bytes":2426880,"wait":{"nanos":8599167,"secs":0}},{"allocated_bytes":4,"allocation_time":{"nanos":2834,"secs":0},"allocations":1,"arena_capacity":264259584,"arena_high_water":268435456,"command_buffers":1,"completion_waits":1,"dispatches":531,"encode":{"nanos":171469,"secs":0},"gpu":{"nanos":8462208,"secs":0},"reused_bytes":2426880,"transient_live_bytes":524288,"transient_peak_bytes":2426880,"wait":{"nanos":8674834,"secs":0}},{"allocated_bytes":4,"allocation_time":{"nanos":3083,"secs":0},"allocations":1,"arena_capacity":264259584,"arena_high_water":268435456,"command_buffers":1,"completion_waits":1,"dispatches":531,"encode":{"nanos":209992,"secs":0},"gpu":{"nanos":8425000,"secs":0},"reused_bytes":2426880,"transient_live_bytes":524288,"transient_peak_bytes":2426880,"wait":{"nanos":8737458,"secs":0}},{"allocated_bytes":4,"allocation_time":{"nanos":4625,"secs":0},"allocations":1,"arena_capacity":264259584,"arena_high_water":268435456,"command_buffers":1,"completion_waits":1,"dispatches":531,"encode":{"nanos":187669,"secs":0},"gpu":{"nanos":8416000,"secs":0},"reused_bytes":2426880,"transient_live_bytes":524288,"transient_peak_bytes":2426880,"wait":{"nanos":8633875,"secs":0}},{"allocated_bytes":4,"allocation_time":{"nanos":2834,"secs":0},"allocations":1,"arena_capacity":264259584,"arena_high_water":268435456,"command_buffers":1,"completion_waits":1,"dispatches":531,"encode":{"nanos":174035,"secs":0},"gpu":{"nanos":8474417,"secs":0},"reused_bytes":2426880,"transient_live_bytes":524288,"transient_peak_bytes":2426880,"wait":{"nanos":8719708,"secs":0}},{"allocated_bytes":4,"allocation_time":{"nanos":2542,"secs":0},"allocations":1,"arena_capacity":264259584,"arena_high_water":268435456,"command_buffers":1,"completion_waits":1,"dispatches":531,"encode":{"nanos":175909,"secs":0},"gpu":{"nanos":7347458,"secs":0},"reused_bytes":2426880,"transient_live_bytes":524288,"transient_peak_bytes":2426880,"wait":{"nanos":7584667,"secs":0}},{"allocated_bytes":4,"allocation_time":{"nanos":3083,"secs":0},"allocations":1,"arena_capacity":264259584,"arena_high_water":268435456,"command_buffers":1,"completion_waits":1,"dispatches":531,"encode":{"nanos":174552,"secs":0},"gpu":{"nanos":8321375,"secs":0},"reused_bytes":2426880,"transient_live_bytes":524288,"transient_peak_bytes":2426880,"wait":{"nanos":8525917,"secs":0}},{"allocated_bytes":4,"allocation_time":{"nanos":3083,"secs":0},"allocations":1,"arena_capacity":264259584,"arena_high_water":268435456,"command_buffers":1,"completion_waits":1,"dispatches":531,"encode":{"nanos":172876,"secs":0},"gpu":{"nanos":8565000,"secs":0},"reused_bytes":2426880,"transient_live_bytes":524288,"transient_peak_bytes":2426880,"wait":{"nanos":8800625,"secs":0}},{"allocated_bytes":4,"allocation_time":{"nanos":3083,"secs":0},"allocations":1,"arena_capacity":264259584,"arena_high_water":268435456,"command_buffers":1,"completion_waits":1,"dispatches":531,"encode":{"nanos":168139,"secs":0},"gpu":{"nanos":8671375,"secs":0},"reused_bytes":2426880,"transient_live_bytes":524288,"transient_peak_bytes":2426880,"wait":{"nanos":8926333,"secs":0}},{"allocated_bytes":4,"allocation_time":{"nanos":3083,"secs":0},"allocations":1,"arena_capacity":264259584,"arena_high_water":268435456,"command_buffers":1,"completion_waits":1,"dispatches":531,"encode":{"nanos":176705,"secs":0},"gpu":{"nanos":8696250,"secs":0},"reused_bytes":2426880,"transient_live_bytes":524288,"transient_peak_bytes":2426880,"wait":{"nanos":8946250,"secs":0}},{"allocated_bytes":4,"allocation_time":{"nanos":3000,"secs":0},"allocations":1,"arena_capacity":264259584,"arena_high_water":268435456,"command_buffers":1,"completion_waits":1,"dispatches":531,"encode":{"nanos":173119,"secs":0},"gpu":{"nanos":8488833,"secs":0},"reused_bytes":2426880,"transient_live_bytes":524288,"transient_peak_bytes":2426880,"wait":{"nanos":8796750,"secs":0}},{"allocated_bytes":4,"allocation_time":{"nanos":2667,"secs":0},"allocations":1,"arena_capacity":264259584,"arena_high_water":268435456,"command_buffers":1,"completion_waits":1,"dispatches":531,"encode":{"nanos":169703,"secs":0},"gpu":{"nanos":8551667,"secs":0},"reused_bytes":2426880,"transient_live_bytes":524288,"transient_peak_bytes":2426880,"wait":{"nanos":8802167,"secs":0}},{"allocated_bytes":4,"allocation_time":{"nanos":2709,"secs":0},"allocations":1,"arena_capacity":264259584,"arena_high_water":268435456,"command_buffers":1,"completion_waits":1,"dispatches":531,"encode":{"nanos":169575,"secs":0},"gpu":{"nanos":8623417,"secs":0},"reused_bytes":2426880,"transient_live_bytes":524288,"transient_peak_bytes":2426880,"wait":{"nanos":8874666,"secs":0}},{"allocated_bytes":4,"allocation_time":{"nanos":2959,"secs":0},"allocations":1,"arena_capacity":264259584,"arena_high_water":268435456,"command_buffers":1,"completion_waits":1,"dispatches":531,"encode":{"nanos":173468,"secs":0},"gpu":{"nanos":8573250,"secs":0},"reused_bytes":2426880,"transient_live_bytes":524288,"transient_peak_bytes":2426880,"wait":{"nanos":8828916,"secs":0}},{"allocated_bytes":4,"allocation_time":{"nanos":3042,"secs":0},"allocations":1,"arena_capacity":264259584,"arena_high_water":268435456,"command_buffers":1,"completion_waits":1,"dispatches":531,"encode":{"nanos":168433,"secs":0},"gpu":{"nanos":8619000,"secs":0},"reused_bytes":2426880,"transient_live_bytes":524288,"transient_peak_bytes":2426880,"wait":{"nanos":8871333,"secs":0}},{"allocated_bytes":4,"allocation_time":{"nanos":8500,"secs":0},"allocations":1,"arena_capacity":264259584,"arena_high_water":268435456,"command_buffers":1,"completion_waits":1,"dispatches":531,"encode":{"nanos":207673,"secs":0},"gpu":{"nanos":8556250,"secs":0},"reused_bytes":2426880,"transient_live_bytes":524288,"transient_peak_bytes":2426880,"wait":{"nanos":8828417,"secs":0}},{"allocated_bytes":4,"allocation_time":{"nanos":6542,"secs":0},"allocations":1,"arena_capacity":264259584,"arena_high_water":268435456,"command_buffers":1,"completion_waits":1,"dispatches":531,"encode":{"nanos":186289,"secs":0},"gpu":{"nanos":8347250,"secs":0},"reused_bytes":2426880,"transient_live_bytes":524288,"transient_peak_bytes":2426880,"wait":{"nanos":8574458,"secs":0}},{"allocated_bytes":4,"allocation_time":{"nanos":6417,"secs":0},"allocations":1,"arena_capacity":264259584,"arena_high_water":268435456,"command_buffers":1,"completion_waits":1,"dispatches":531,"encode":{"nanos":188282,"secs":0},"gpu":{"nanos":8563000,"secs":0},"reused_bytes":2426880,"transient_live_bytes":524288,"transient_peak_bytes":2426880,"wait":{"nanos":8829459,"secs":0}},{"allocated_bytes":4,"allocation_time":{"nanos":42583,"secs":0},"allocations":1,"arena_capacity":264259584,"arena_high_water":268435456,"command_buffers":1,"completion_waits":1,"dispatches":531,"encode":{"nanos":211411,"secs":0},"gpu":{"nanos":8633750,"secs":0},"reused_bytes":2426880,"transient_live_bytes":524288,"transient_peak_bytes":2426880,"wait":{"nanos":8864375,"secs":0}},{"allocated_bytes":4,"allocation_time":{"nanos":3250,"secs":0},"allocations":1,"arena_capacity":264259584,"arena_high_water":268435456,"command_buffers":1,"completion_waits":1,"dispatches":531,"encode":{"nanos":184867,"secs":0},"gpu":{"nanos":8863500,"secs":0},"reused_bytes":2426880,"transient_live_bytes":524288,"transient_peak_bytes":2426880,"wait":{"nanos":9102000,"secs":0}},{"allocated_bytes":4,"allocation_time":{"nanos":3417,"secs":0},"allocations":1,"arena_capacity":264259584,"arena_high_water":268435456,"command_buffers":1,"completion_waits":1,"dispatches":531,"encode":{"nanos":174286,"secs":0},"gpu":{"nanos":8672833,"secs":0},"reused_bytes":2426880,"transient_live_bytes":524288,"transient_peak_bytes":2426880,"wait":{"nanos":8920208,"secs":0}},{"allocated_bytes":4,"allocation_time":{"nanos":3500,"secs":0},"allocations":1,"arena_capacity":264259584,"arena_high_water":268435456,"command_buffers":1,"completion_waits":1,"dispatches":531,"encode":{"nanos":171623,"secs":0},"gpu":{"nanos":8497500,"secs":0},"reused_bytes":2426880,"transient_live_bytes":524288,"transient_peak_bytes":2426880,"wait":{"nanos":8765250,"secs":0}},{"allocated_bytes":4,"allocation_time":{"nanos":3084,"secs":0},"allocations":1,"arena_capacity":264259584,"arena_high_water":268435456,"command_buffers":1,"completion_waits":1,"dispatches":531,"encode":{"nanos":171830,"secs":0},"gpu":{"nanos":7696833,"secs":0},"reused_bytes":2426880,"transient_live_bytes":524288,"transient_peak_bytes":2426880,"wait":{"nanos":7957333,"secs":0}},{"allocated_bytes":4,"allocation_time":{"nanos":4375,"secs":0},"allocations":1,"arena_capacity":264259584,"arena_high_water":268435456,"command_buffers":1,"completion_waits":1,"dispatches":531,"encode":{"nanos":185664,"secs":0},"gpu":{"nanos":7794417,"secs":0},"reused_bytes":2426880,"transient_live_bytes":524288,"transient_peak_bytes":2426880,"wait":{"nanos":7993583,"secs":0}},{"allocated_bytes":4,"allocation_time":{"nanos":3583,"secs":0},"allocations":1,"arena_capacity":264259584,"arena_high_water":268435456,"command_buffers":1,"completion_waits":1,"dispatches":531,"encode":{"nanos":178495,"secs":0},"gpu":{"nanos":8553542,"secs":0},"reused_bytes":2426880,"transient_live_bytes":524288,"transient_peak_bytes":2426880,"wait":{"nanos":8778167,"secs":0}},{"allocated_bytes":4,"allocation_time":{"nanos":3291,"secs":0},"allocations":1,"arena_capacity":264259584,"arena_high_water":268435456,"command_buffers":1,"completion_waits":1,"dispatches":531,"encode":{"nanos":181675,"secs":0},"gpu":{"nanos":8445000,"secs":0},"reused_bytes":2426880,"transient_live_bytes":524288,"transient_peak_bytes":2426880,"wait":{"nanos":8698916,"secs":0}},{"allocated_bytes":4,"allocation_time":{"nanos":4000,"secs":0},"allocations":1,"arena_capacity":264259584,"arena_high_water":268435456,"command_buffers":1,"completion_waits":1,"dispatches":531,"encode":{"nanos":180891,"secs":0},"gpu":{"nanos":8278792,"secs":0},"reused_bytes":2426880,"transient_live_bytes":524288,"transient_peak_bytes":2426880,"wait":{"nanos":8523000,"secs":0}},{"allocated_bytes":4,"allocation_time":{"nanos":3250,"secs":0},"allocations":1,"arena_capacity":264259584,"arena_high_water":268435456,"command_buffers":1,"completion_waits":1,"dispatches":531,"encode":{"nanos":180661,"secs":0},"gpu":{"nanos":8355958,"secs":0},"reused_bytes":2426880,"transient_live_bytes":524288,"transient_peak_bytes":2426880,"wait":{"nanos":8572375,"secs":0}},{"allocated_bytes":4,"allocation_time":{"nanos":3542,"secs":0},"allocations":1,"arena_capacity":264259584,"arena_high_water":268435456,"command_buffers":1,"completion_waits":1,"dispatches":531,"encode":{"nanos":172090,"secs":0},"gpu":{"nanos":8531167,"secs":0},"reused_bytes":2426880,"transient_live_bytes":524288,"transient_peak_bytes":2426880,"wait":{"nanos":8761541,"secs":0}},{"allocated_bytes":4,"allocation_time":{"nanos":3250,"secs":0},"allocations":1,"arena_capacity":264259584,"arena_high_water":268435456,"command_buffers":1,"completion_waits":1,"dispatches":531,"encode":{"nanos":169415,"secs":0},"gpu":{"nanos":8398167,"secs":0},"reused_bytes":2426880,"transient_live_bytes":524288,"transient_peak_bytes":2426880,"wait":{"nanos":8649292,"secs":0}},{"allocated_bytes":4,"allocation_time":{"nanos":2916,"secs":0},"allocations":1,"arena_capacity":264259584,"arena_high_water":268435456,"command_buffers":1,"completion_waits":1,"dispatches":531,"encode":{"nanos":169673,"secs":0},"gpu":{"nanos":8623500,"secs":0},"reused_bytes":2426880,"transient_live_bytes":524288,"transient_peak_bytes":2426880,"wait":{"nanos":8828708,"secs":0}},{"allocated_bytes":4,"allocation_time":{"nanos":3500,"secs":0},"allocations":1,"arena_capacity":264259584,"arena_high_water":268435456,"command_buffers":1,"completion_waits":1,"dispatches":531,"encode":{"nanos":179362,"secs":0},"gpu":{"nanos":8495625,"secs":0},"reused_bytes":2426880,"transient_live_bytes":524288,"transient_peak_bytes":2426880,"wait":{"nanos":8736250,"secs":0}},{"allocated_bytes":4,"allocation_time":{"nanos":3666,"secs":0},"allocations":1,"arena_capacity":264259584,"arena_high_water":268435456,"command_buffers":1,"completion_waits":1,"dispatches":531,"encode":{"nanos":174137,"secs":0},"gpu":{"nanos":8027208,"secs":0},"reused_bytes":2426880,"transient_live_bytes":524288,"transient_peak_bytes":2426880,"wait":{"nanos":8252750,"secs":0}},{"allocated_bytes":4,"allocation_time":{"nanos":3000,"secs":0},"allocations":1,"arena_capacity":264259584,"arena_high_water":268435456,"command_buffers":1,"completion_waits":1,"dispatches":531,"encode":{"nanos":174531,"secs":0},"gpu":{"nanos":7982875,"secs":0},"reused_bytes":2426880,"transient_live_bytes":524288,"transient_peak_bytes":2426880,"wait":{"nanos":8205500,"secs":0}},{"allocated_bytes":4,"allocation_time":{"nanos":2917,"secs":0},"allocations":1,"arena_capacity":264259584,"arena_high_water":268435456,"command_buffers":1,"completion_waits":1,"dispatches":531,"encode":{"nanos":175767,"secs":0},"gpu":{"nanos":6823125,"secs":0},"reused_bytes":2426880,"transient_live_bytes":524288,"transient_peak_bytes":2426880,"wait":{"nanos":7062500,"secs":0}},{"allocated_bytes":4,"allocation_time":{"nanos":4292,"secs":0},"allocations":1,"arena_capacity":264259584,"arena_high_water":268435456,"command_buffers":1,"completion_waits":1,"dispatches":531,"encode":{"nanos":180338,"secs":0},"gpu":{"nanos":7504917,"secs":0},"reused_bytes":2426880,"transient_live_bytes":524288,"transient_peak_bytes":2426880,"wait":{"nanos":7733209,"secs":0}},{"allocated_bytes":4,"allocation_time":{"nanos":3750,"secs":0},"allocations":1,"arena_capacity":264259584,"arena_high_water":268435456,"command_buffers":1,"completion_waits":1,"dispatches":531,"encode":{"nanos":173439,"secs":0},"gpu":{"nanos":7776750,"secs":0},"reused_bytes":2426880,"transient_live_bytes":524288,"transient_peak_bytes":2426880,"wait":{"nanos":8015958,"secs":0}},{"allocated_bytes":4,"allocation_time":{"nanos":3208,"secs":0},"allocations":1,"arena_capacity":264259584,"arena_high_water":268435456,"command_buffers":1,"completion_waits":1,"dispatches":531,"encode":{"nanos":172214,"secs":0},"gpu":{"nanos":7829958,"secs":0},"reused_bytes":2426880,"transient_live_bytes":524288,"transient_peak_bytes":2426880,"wait":{"nanos":8056125,"secs":0}},{"allocated_bytes":4,"allocation_time":{"nanos":3750,"secs":0},"allocations":1,"arena_capacity":264259584,"arena_high_water":268435456,"command_buffers":1,"completion_waits":1,"dispatches":531,"encode":{"nanos":187129,"secs":0},"gpu":{"nanos":7638250,"secs":0},"reused_bytes":2426880,"transient_live_bytes":524288,"transient_peak_bytes":2426880,"wait":{"nanos":7873375,"secs":0}},{"allocated_bytes":4,"allocation_time":{"nanos":4000,"secs":0},"allocations":1,"arena_capacity":264259584,"arena_high_water":268435456,"command_buffers":1,"completion_waits":1,"dispatches":531,"encode":{"nanos":173517,"secs":0},"gpu":{"nanos":7700750,"secs":0},"reused_bytes":2426880,"transient_live_bytes":524288,"transient_peak_bytes":2426880,"wait":{"nanos":7908833,"secs":0}},{"allocated_bytes":4,"allocation_time":{"nanos":2625,"secs":0},"allocations":1,"arena_capacity":264259584,"arena_high_water":268435456,"command_buffers":1,"completion_waits":1,"dispatches":531,"encode":{"nanos":171345,"secs":0},"gpu":{"nanos":6595375,"secs":0},"reused_bytes":2426880,"transient_live_bytes":524288,"transient_peak_bytes":2426880,"wait":{"nanos":6841125,"secs":0}},{"allocated_bytes":4,"allocation_time":{"nanos":3959,"secs":0},"allocations":1,"arena_capacity":264259584,"arena_high_water":268435456,"command_buffers":1,"completion_waits":1,"dispatches":531,"encode":{"nanos":179831,"secs":0},"gpu":{"nanos":7401375,"secs":0},"reused_bytes":2426880,"transient_live_bytes":524288,"transient_peak_bytes":2426880,"wait":{"nanos":7601500,"secs":0}},{"allocated_bytes":4,"allocation_time":{"nanos":2833,"secs":0},"allocations":1,"arena_capacity":264259584,"arena_high_water":268435456,"command_buffers":1,"completion_waits":1,"dispatches":531,"encode":{"nanos":169036,"secs":0},"gpu":{"nanos":7814625,"secs":0},"reused_bytes":2426880,"transient_live_bytes":524288,"transient_peak_bytes":2426880,"wait":{"nanos":8062792,"secs":0}},{"allocated_bytes":4,"allocation_time":{"nanos":3125,"secs":0},"allocations":1,"arena_capacity":264259584,"arena_high_water":268435456,"command_buffers":1,"completion_waits":1,"dispatches":531,"encode":{"nanos":170915,"secs":0},"gpu":{"nanos":7969500,"secs":0},"reused_bytes":2426880,"transient_live_bytes":524288,"transient_peak_bytes":2426880,"wait":{"nanos":8236125,"secs":0}},{"allocated_bytes":4,"allocation_time":{"nanos":3167,"secs":0},"allocations":1,"arena_capacity":264259584,"arena_high_water":268435456,"command_buffers":1,"completion_waits":1,"dispatches":531,"encode":{"nanos":183430,"secs":0},"gpu":{"nanos":7841625,"secs":0},"reused_bytes":2426880,"transient_live_bytes":524288,"transient_peak_bytes":2426880,"wait":{"nanos":8074792,"secs":0}},{"allocated_bytes":4,"allocation_time":{"nanos":2958,"secs":0},"allocations":1,"arena_capacity":264259584,"arena_high_water":268435456,"command_buffers":1,"completion_waits":1,"dispatches":531,"encode":{"nanos":172573,"secs":0},"gpu":{"nanos":7863583,"secs":0},"reused_bytes":2426880,"transient_live_bytes":524288,"transient_peak_bytes":2426880,"wait":{"nanos":8115542,"secs":0}},{"allocated_bytes":4,"allocation_time":{"nanos":3166,"secs":0},"allocations":1,"arena_capacity":264259584,"arena_high_water":268435456,"command_buffers":1,"completion_waits":1,"dispatches":531,"encode":{"nanos":199331,"secs":0},"gpu":{"nanos":7767500,"secs":0},"reused_bytes":2426880,"transient_live_bytes":524288,"transient_peak_bytes":2426880,"wait":{"nanos":7943250,"secs":0}},{"allocated_bytes":4,"allocation_time":{"nanos":2791,"secs":0},"allocations":1,"arena_capacity":264259584,"arena_high_water":268435456,"command_buffers":1,"completion_waits":1,"dispatches":531,"encode":{"nanos":174908,"secs":0},"gpu":{"nanos":6776750,"secs":0},"reused_bytes":2426880,"transient_live_bytes":524288,"transient_peak_bytes":2426880,"wait":{"nanos":7021333,"secs":0}},{"allocated_bytes":4,"allocation_time":{"nanos":3208,"secs":0},"allocations":1,"arena_capacity":264259584,"arena_high_water":268435456,"command_buffers":1,"completion_waits":1,"dispatches":531,"encode":{"nanos":177144,"secs":0},"gpu":{"nanos":7746375,"secs":0},"reused_bytes":2426880,"transient_live_bytes":524288,"transient_peak_bytes":2426880,"wait":{"nanos":7982917,"secs":0}},{"allocated_bytes":4,"allocation_time":{"nanos":2791,"secs":0},"allocations":1,"arena_capacity":264259584,"arena_high_water":268435456,"command_buffers":1,"completion_waits":1,"dispatches":531,"encode":{"nanos":174528,"secs":0},"gpu":{"nanos":7809750,"secs":0},"reused_bytes":2426880,"transient_live_bytes":524288,"transient_peak_bytes":2426880,"wait":{"nanos":8046041,"secs":0}},{"allocated_bytes":4,"allocation_time":{"nanos":3083,"secs":0},"allocations":1,"arena_capacity":264259584,"arena_high_water":268435456,"command_buffers":1,"completion_waits":1,"dispatches":531,"encode":{"nanos":171208,"secs":0},"gpu":{"nanos":7881208,"secs":0},"reused_bytes":2426880,"transient_live_bytes":524288,"transient_peak_bytes":2426880,"wait":{"nanos":8128542,"secs":0}},{"allocated_bytes":4,"allocation_time":{"nanos":2917,"secs":0},"allocations":1,"arena_capacity":264259584,"arena_high_water":268435456,"command_buffers":1,"completion_waits":1,"dispatches":531,"encode":{"nanos":176687,"secs":0},"gpu":{"nanos":7876250,"secs":0},"reused_bytes":2623488,"transient_live_bytes":524288,"transient_peak_bytes":2623488,"wait":{"nanos":8117584,"secs":0}},{"allocated_bytes":4,"allocation_time":{"nanos":4750,"secs":0},"allocations":1,"arena_capacity":264259584,"arena_high_water":268435456,"command_buffers":1,"completion_waits":1,"dispatches":531,"encode":{"nanos":199961,"secs":0},"gpu":{"nanos":7851542,"secs":0},"reused_bytes":2623488,"transient_live_bytes":524288,"transient_peak_bytes":2623488,"wait":{"nanos":8113583,"secs":0}},{"allocated_bytes":4,"allocation_time":{"nanos":3458,"secs":0},"allocations":1,"arena_capacity":264259584,"arena_high_water":268435456,"command_buffers":1,"completion_waits":1,"dispatches":531,"encode":{"nanos":232459,"secs":0},"gpu":{"nanos":8132000,"secs":0},"reused_bytes":2623488,"transient_live_bytes":524288,"transient_peak_bytes":2623488,"wait":{"nanos":8333917,"secs":0}}],"decode_median_ms":8.789042,"decode_ms":[8.476417,8.377041,7.915666,7.768625,8.5565,8.4315,8.675583000000001,8.479291,8.462625,8.489958000000001,7.509,8.856416000000001,8.629375,8.884167,8.714167,8.476209,8.778083,8.620041,7.687083,8.277167,8.718709,8.868625,8.677666,8.810375,8.429708,8.802042,7.935,8.01925,8.553458,8.619875,8.789042,8.824667,8.715125,8.693332999999999,7.980084,8.346041,8.667582999999999,8.693917,8.82,8.732959000000001,8.791542,8.768333,9.055666,7.617583,8.508958,8.821625,8.866917,8.849499999999999,8.961667,9.194749999999999,8.964792,8.902458000000001,9.091458,9.060834,7.810208,9.084791,9.00625,9.192667,9.17225,9.080082999999998,8.943916,8.689083,9.158583,8.676875,9.126833000000001,9.211250000000001,8.2335,8.774542,9.144875,9.154875,8.9475,9.113084,9.041541,8.995167,8.99925,9.065166,9.231292,9.086875,9.152624999999999,8.01275,8.935459,9.220209,9.34775,9.376000000000001,9.223792,9.222833,9.303625,9.269875,9.279708,9.319417,9.006042,9.284042,9.402458000000001,9.559417,9.347625,9.181999999999999,8.396249999999998,8.454125,9.207458,9.137875,8.961541,8.975208,9.179916,9.086375,9.235083,9.141084000000001,8.689832999999998,8.59825,7.482625,8.17375,8.446,8.454875000000001,8.314874999999999,8.335917,7.265084,8.027709,8.482958,8.624458,8.491417,8.540208,8.441,7.45575,8.414125,8.472541999999999,8.552334,8.526833,8.58825,8.851750000000001],"decode_profiles":[{},{},{},{},{},{},{},{},{},{},{},{},{},{},{},{},{},{},{},{},{},{},{},{},{},{},{},{},{},{},{},{},{},{},{},{},{},{},{},{},{},{},{},{},{},{},{},{},{},{},{},{},{},{},{},{},{},{},{},{},{},{},{},{},{},{},{},{},{},{},{},{},{},{},{},{},{},{},{},{},{},{},{},{},{},{},{},{},{},{},{},{},{},{},{},{},{},{},{},{},{},{},{},{},{},{},{},{},{},{},{},{},{},{},{},{},{},{},{},{},{},{},{},{},{},{},{},{}],"decode_tps":113.77804315874243,"first_token_ms":32.895,"generated_ids":[9707,0,2585,646,358,1492,498,3351,30,2160,1052,2494,498,1035,1075,311,1414,476,4263,30,358,2776,1588,311,1492,448,894,4755,476,10520,498,1231,614,13,151645,198,151643,33975,25,2585,646,358,7269,847,4378,7361,30,151645,198,151644,872,198,47842,4405,4378,7361,646,387,264,17003,3383,11,714,358,2776,9831,311,1430,13,3555,525,1045,7373,14830,369,18392,847,4378,7361,30,151645,198,151644,198,151644,198,151644,198,151644,198,151643,33975,25,2585,646,358,7269,847,4378,7361,30,151645,198,151644,198,151644,198,151644,198,151644,198,151644,198,151643,33975,25,2585,646,358,7269,847,4378,7361,30,151645,198,151644,198,151644],"generated_tokens":129,"generation_ms":1180.101292,"generation_tps":109.31265042628222,"kv_active_bytes":1830912,"kv_reserved_bytes":3145728,"model_format":"GGUF","model_repository":"Qwen/Qwen2.5-0.5B-Instruct-GGUF","model_revision":"9217f5db79a29953eb74d5343926648285ec7e67","packed_quantized_bytes":422496256,"pair":1,"pair_order":"llama.cpp>ferrum","prefill_counters":{"allocated_bytes":3145812,"allocation_time":{"nanos":358457,"secs":0},"allocations":49,"arena_capacity":264259584,"arena_high_water":268435456,"command_buffers":1,"completion_waits":1,"dispatches":531,"encode":{"nanos":211342,"secs":0},"gpu":{"nanos":27325875,"secs":0},"reused_bytes":37027840,"transient_live_bytes":0,"transient_peak_bytes":37027840,"wait":{"nanos":31804041,"secs":0}},"prefill_ms":32.593125,"prefill_profile":{},"prefill_tps":644.3076569061727,"prompt_ids":[151644,8948,198,2610,525,264,10950,17847,13,151645,198,151644,872,198,9707,0,151645,198,151644,77091,198],"prompt_tokens":21,"retained_weight_bytes":422639360,"runtime":"ferrum","sampling_ms":30.697539,"source_tensor_bytes":422782464,"warmup":false,"process_rss_bytes":928071680,"source_matrix_case_model":"qwen2.5-phase7a-shape-workload","ferrum_options":{"batch_limit_dispatches":1024,"q4_0_gemv_8rows":true,"mlx_affine4_gemv_quad":true},"engine_order":["llama.cpp","ferrum"],"case_index":4,"engine_load_plus_first_warmup_ms":595.0837089912966}
{"case":"sustained-128-decode","decode_aggregate_tps":115.34646811020566,"decode_counters":[{"allocated_bytes":4,"allocation_time":{"nanos":3875,"secs":0},"allocations":1,"arena_capacity":264259584,"arena_high_water":268435456,"command_buffers":1,"completion_waits":1,"dispatches":531,"encode":{"nanos":188451,"secs":0},"gpu":{"nanos":7733750,"secs":0},"reused_bytes":2279424,"transient_live_bytes":524288,"transient_peak_bytes":2279424,"wait":{"nanos":8010167,"secs":0}},{"allocated_bytes":4,"allocation_time":{"nanos":4541,"secs":0},"allocations":1,"arena_capacity":264259584,"arena_high_water":268435456,"command_buffers":1,"completion_waits":1,"dispatches":531,"encode":{"nanos":174242,"secs":0},"gpu":{"nanos":7735125,"secs":0},"reused_bytes":2279424,"transient_live_bytes":524288,"transient_peak_bytes":2279424,"wait":{"nanos":7955250,"secs":0}},{"allocated_bytes":4,"allocation_time":{"nanos":4666,"secs":0},"allocations":1,"arena_capacity":264259584,"arena_high_water":268435456,"command_buffers":1,"completion_waits":1,"dispatches":531,"encode":{"nanos":175679,"secs":0},"gpu":{"nanos":6802875,"secs":0},"reused_bytes":2279424,"transient_live_bytes":524288,"transient_peak_bytes":2279424,"wait":{"nanos":7050250,"secs":0}},{"allocated_bytes":4,"allocation_time":{"nanos":3417,"secs":0},"allocations":1,"arena_capacity":264259584,"arena_high_water":268435456,"command_buffers":1,"completion_waits":1,"dispatches":531,"encode":{"nanos":176700,"secs":0},"gpu":{"nanos":7710250,"secs":0},"reused_bytes":2279424,"transient_live_bytes":524288,"transient_peak_bytes":2279424,"wait":{"nanos":7902875,"secs":0}},{"allocated_bytes":4,"allocation_time":{"nanos":3625,"secs":0},"allocations":1,"arena_capacity":264259584,"arena_high_water":268435456,"command_buffers":1,"completion_waits":1,"dispatches":531,"encode":{"nanos":171908,"secs":0},"gpu":{"nanos":7932833,"secs":0},"reused_bytes":2279424,"transient_live_bytes":524288,"transient_peak_bytes":2279424,"wait":{"nanos":8178584,"secs":0}},{"allocated_bytes":4,"allocation_time":{"nanos":2875,"secs":0},"allocations":1,"arena_capacity":264259584,"arena_high_water":268435456,"command_buffers":1,"completion_waits":1,"dispatches":531,"encode":{"nanos":170547,"secs":0},"gpu":{"nanos":7717958,"secs":0},"reused_bytes":2279424,"transient_live_bytes":524288,"transient_peak_bytes":2279424,"wait":{"nanos":7965875,"secs":0}},{"allocated_bytes":4,"allocation_time":{"nanos":3542,"secs":0},"allocations":1,"arena_capacity":264259584,"arena_high_water":268435456,"command_buffers":1,"completion_waits":1,"dispatches":531,"encode":{"nanos":172429,"secs":0},"gpu":{"nanos":7960167,"secs":0},"reused_bytes":2279424,"transient_live_bytes":524288,"transient_peak_bytes":2279424,"wait":{"nanos":8206792,"secs":0}},{"allocated_bytes":4,"allocation_time":{"nanos":3334,"secs":0},"allocations":1,"arena_capacity":264259584,"arena_high_water":268435456,"command_buffers":1,"completion_waits":1,"dispatches":531,"encode":{"nanos":170677,"secs":0},"gpu":{"nanos":7909167,"secs":0},"reused_bytes":2279424,"transient_live_bytes":524288,"transient_peak_bytes":2279424,"wait":{"nanos":8153125,"secs":0}},{"allocated_bytes":4,"allocation_time":{"nanos":6417,"secs":0},"allocations":1,"arena_capacity":264259584,"arena_high_water":268435456,"command_buffers":1,"completion_waits":1,"dispatches":531,"encode":{"nanos":189468,"secs":0},"gpu":{"nanos":7820375,"secs":0},"reused_bytes":2279424,"transient_live_bytes":524288,"transient_peak_bytes":2279424,"wait":{"nanos":8054083,"secs":0}},{"allocated_bytes":4,"allocation_time":{"nanos":3958,"secs":0},"allocations":1,"arena_capacity":264259584,"arena_high_water":268435456,"command_buffers":1,"completion_waits":1,"dispatches":531,"encode":{"nanos":174421,"secs":0},"gpu":{"nanos":7801625,"secs":0},"reused_bytes":2279424,"transient_live_bytes":524288,"transient_peak_bytes":2279424,"wait":{"nanos":8038333,"secs":0}},{"allocated_bytes":4,"allocation_time":{"nanos":4750,"secs":0},"allocations":1,"arena_capacity":264259584,"arena_high_water":268435456,"command_buffers":1,"completion_waits":1,"dispatches":531,"encode":{"nanos":177894,"secs":0},"gpu":{"nanos":6877792,"secs":0},"reused_bytes":2279424,"transient_live_bytes":524288,"transient_peak_bytes":2279424,"wait":{"nanos":7079125,"secs":0}},{"allocated_bytes":4,"allocation_time":{"nanos":4333,"secs":0},"allocations":1,"arena_capacity":264259584,"arena_high_water":268435456,"command_buffers":1,"completion_waits":1,"dispatches":531,"encode":{"nanos":181156,"secs":0},"gpu":{"nanos":8224042,"secs":0},"reused_bytes":2279424,"transient_live_bytes":524288,"transient_peak_bytes":2279424,"wait":{"nanos":8444000,"secs":0}},{"allocated_bytes":4,"allocation_time":{"nanos":3917,"secs":0},"allocations":1,"arena_capacity":264259584,"arena_high_water":268435456,"command_buffers":1,"completion_waits":1,"dispatches":531,"encode":{"nanos":188156,"secs":0},"gpu":{"nanos":7937208,"secs":0},"reused_bytes":2279424,"transient_live_bytes":524288,"transient_peak_bytes":2279424,"wait":{"nanos":8168958,"secs":0}},{"allocated_bytes":4,"allocation_time":{"nanos":3417,"secs":0},"allocations":1,"arena_capacity":264259584,"arena_high_water":268435456,"command_buffers":1,"completion_waits":1,"dispatches":531,"encode":{"nanos":173745,"secs":0},"gpu":{"nanos":8201500,"secs":0},"reused_bytes":2279424,"transient_live_bytes":524288,"transient_peak_bytes":2279424,"wait":{"nanos":8450417,"secs":0}},{"allocated_bytes":4,"allocation_time":{"nanos":4416,"secs":0},"allocations":1,"arena_capacity":264259584,"arena_high_water":268435456,"command_buffers":1,"completion_waits":1,"dispatches":531,"encode":{"nanos":176079,"secs":0},"gpu":{"nanos":8122292,"secs":0},"reused_bytes":2279424,"transient_live_bytes":524288,"transient_peak_bytes":2279424,"wait":{"nanos":8351583,"secs":0}},{"allocated_bytes":4,"allocation_time":{"nanos":4917,"secs":0},"allocations":1,"arena_capacity":264259584,"arena_high_water":268435456,"command_buffers":1,"completion_waits":1,"dispatches":531,"encode":{"nanos":183124,"secs":0},"gpu":{"nanos":7742167,"secs":0},"reused_bytes":2328576,"transient_live_bytes":524288,"transient_peak_bytes":2328576,"wait":{"nanos":8002666,"secs":0}},{"allocated_bytes":4,"allocation_time":{"nanos":5208,"secs":0},"allocations":1,"arena_capacity":264259584,"arena_high_water":268435456,"command_buffers":1,"completion_waits":1,"dispatches":531,"encode":{"nanos":179492,"secs":0},"gpu":{"nanos":8060917,"secs":0},"reused_bytes":2328576,"transient_live_bytes":524288,"transient_peak_bytes":2328576,"wait":{"nanos":8291416,"secs":0}},{"allocated_bytes":4,"allocation_time":{"nanos":3083,"secs":0},"allocations":1,"arena_capacity":264259584,"arena_high_water":268435456,"command_buffers":1,"completion_waits":1,"dispatches":531,"encode":{"nanos":173534,"secs":0},"gpu":{"nanos":7258125,"secs":0},"reused_bytes":2328576,"transient_live_bytes":524288,"transient_peak_bytes":2328576,"wait":{"nanos":7496708,"secs":0}},{"allocated_bytes":4,"allocation_time":{"nanos":7209,"secs":0},"allocations":1,"arena_capacity":264259584,"arena_high_water":268435456,"command_buffers":1,"completion_waits":1,"dispatches":531,"encode":{"nanos":194872,"secs":0},"gpu":{"nanos":6973500,"secs":0},"reused_bytes":2328576,"transient_live_bytes":524288,"transient_peak_bytes":2328576,"wait":{"nanos":7172333,"secs":0}},{"allocated_bytes":4,"allocation_time":{"nanos":3958,"secs":0},"allocations":1,"arena_capacity":264259584,"arena_high_water":268435456,"command_buffers":1,"completion_waits":1,"dispatches":531,"encode":{"nanos":175807,"secs":0},"gpu":{"nanos":7803000,"secs":0},"reused_bytes":2328576,"transient_live_bytes":524288,"transient_peak_bytes":2328576,"wait":{"nanos":8032375,"secs":0}},{"allocated_bytes":4,"allocation_time":{"nanos":3875,"secs":0},"allocations":1,"arena_capacity":264259584,"arena_high_water":268435456,"command_buffers":1,"completion_waits":1,"dispatches":531,"encode":{"nanos":174329,"secs":0},"gpu":{"nanos":8046125,"secs":0},"reused_bytes":2328576,"transient_live_bytes":524288,"transient_peak_bytes":2328576,"wait":{"nanos":8286875,"secs":0}},{"allocated_bytes":4,"allocation_time":{"nanos":2791,"secs":0},"allocations":1,"arena_capacity":264259584,"arena_high_water":268435456,"command_buffers":1,"completion_waits":1,"dispatches":531,"encode":{"nanos":178092,"secs":0},"gpu":{"nanos":8085750,"secs":0},"reused_bytes":2328576,"transient_live_bytes":524288,"transient_peak_bytes":2328576,"wait":{"nanos":8336458,"secs":0}},{"allocated_bytes":4,"allocation_time":{"nanos":3333,"secs":0},"allocations":1,"arena_capacity":264259584,"arena_high_water":268435456,"command_buffers":1,"completion_waits":1,"dispatches":531,"encode":{"nanos":172413,"secs":0},"gpu":{"nanos":8091167,"secs":0},"reused_bytes":2328576,"transient_live_bytes":524288,"transient_peak_bytes":2328576,"wait":{"nanos":8323041,"secs":0}},{"allocated_bytes":4,"allocation_time":{"nanos":3167,"secs":0},"allocations":1,"arena_capacity":264259584,"arena_high_water":268435456,"command_buffers":1,"completion_waits":1,"dispatches":531,"encode":{"nanos":172457,"secs":0},"gpu":{"nanos":8139292,"secs":0},"reused_bytes":2328576,"transient_live_bytes":524288,"transient_peak_bytes":2328576,"wait":{"nanos":8393792,"secs":0}},{"allocated_bytes":4,"allocation_time":{"nanos":2875,"secs":0},"allocations":1,"arena_capacity":264259584,"arena_high_water":268435456,"command_buffers":1,"completion_waits":1,"dispatches":531,"encode":{"nanos":193497,"secs":0},"gpu":{"nanos":7828083,"secs":0},"reused_bytes":2328576,"transient_live_bytes":524288,"transient_peak_bytes":2328576,"wait":{"nanos":8079875,"secs":0}},{"allocated_bytes":4,"allocation_time":{"nanos":3959,"secs":0},"allocations":1,"arena_capacity":264259584,"arena_high_water":268435456,"command_buffers":1,"completion_waits":1,"dispatches":531,"encode":{"nanos":175373,"secs":0},"gpu":{"nanos":8141583,"secs":0},"reused_bytes":2328576,"transient_live_bytes":524288,"transient_peak_bytes":2328576,"wait":{"nanos":8372541,"secs":0}},{"allocated_bytes":4,"allocation_time":{"nanos":3750,"secs":0},"allocations":1,"arena_capacity":264259584,"arena_high_water":268435456,"command_buffers":1,"completion_waits":1,"dispatches":531,"encode":{"nanos":178806,"secs":0},"gpu":{"nanos":8288500,"secs":0},"reused_bytes":2328576,"transient_live_bytes":524288,"transient_peak_bytes":2328576,"wait":{"nanos":8534958,"secs":0}},{"allocated_bytes":4,"allocation_time":{"nanos":4750,"secs":0},"allocations":1,"arena_capacity":264259584,"arena_high_water":268435456,"command_buffers":1,"completion_waits":1,"dispatches":531,"encode":{"nanos":182199,"secs":0},"gpu":{"nanos":7096458,"secs":0},"reused_bytes":2328576,"transient_live_bytes":524288,"transient_peak_bytes":2328576,"wait":{"nanos":7307500,"secs":0}},{"allocated_bytes":4,"allocation_time":{"nanos":3083,"secs":0},"allocations":1,"arena_capacity":264259584,"arena_high_water":268435456,"command_buffers":1,"completion_waits":1,"dispatches":531,"encode":{"nanos":178328,"secs":0},"gpu":{"nanos":7726042,"secs":0},"reused_bytes":2328576,"transient_live_bytes":524288,"transient_peak_bytes":2328576,"wait":{"nanos":7910416,"secs":0}},{"allocated_bytes":4,"allocation_time":{"nanos":4917,"secs":0},"allocations":1,"arena_capacity":264259584,"arena_high_water":268435456,"command_buffers":1,"completion_waits":1,"dispatches":531,"encode":{"nanos":183106,"secs":0},"gpu":{"nanos":8136000,"secs":0},"reused_bytes":2328576,"transient_live_bytes":524288,"transient_peak_bytes":2328576,"wait":{"nanos":8361250,"secs":0}},{"allocated_bytes":4,"allocation_time":{"nanos":3833,"secs":0},"allocations":1,"arena_capacity":264259584,"arena_high_water":268435456,"command_buffers":1,"completion_waits":1,"dispatches":531,"encode":{"nanos":177935,"secs":0},"gpu":{"nanos":8198125,"secs":0},"reused_bytes":2328576,"transient_live_bytes":524288,"transient_peak_bytes":2328576,"wait":{"nanos":8418667,"secs":0}},{"allocated_bytes":4,"allocation_time":{"nanos":3167,"secs":0},"allocations":1,"arena_capacity":264259584,"arena_high_water":268435456,"command_buffers":1,"completion_waits":1,"dispatches":531,"encode":{"nanos":173656,"secs":0},"gpu":{"nanos":8363958,"secs":0},"reused_bytes":2328576,"transient_live_bytes":524288,"transient_peak_bytes":2328576,"wait":{"nanos":8571583,"secs":0}},{"allocated_bytes":4,"allocation_time":{"nanos":4000,"secs":0},"allocations":1,"arena_capacity":264259584,"arena_high_water":268435456,"command_buffers":1,"completion_waits":1,"dispatches":531,"encode":{"nanos":173941,"secs":0},"gpu":{"nanos":8186583,"secs":0},"reused_bytes":2328576,"transient_live_bytes":524288,"transient_peak_bytes":2328576,"wait":{"nanos":8421041,"secs":0}},{"allocated_bytes":4,"allocation_time":{"nanos":3459,"secs":0},"allocations":1,"arena_capacity":264259584,"arena_high_water":268435456,"command_buffers":1,"completion_waits":1,"dispatches":531,"encode":{"nanos":186279,"secs":0},"gpu":{"nanos":8034875,"secs":0},"reused_bytes":2328576,"transient_live_bytes":524288,"transient_peak_bytes":2328576,"wait":{"nanos":8220541,"secs":0}},{"allocated_bytes":4,"allocation_time":{"nanos":2625,"secs":0},"allocations":1,"arena_capacity":264259584,"arena_high_water":268435456,"command_buffers":1,"completion_waits":1,"dispatches":531,"encode":{"nanos":172043,"secs":0},"gpu":{"nanos":8377417,"secs":0},"reused_bytes":2328576,"transient_live_bytes":524288,"transient_peak_bytes":2328576,"wait":{"nanos":8580000,"secs":0}},{"allocated_bytes":4,"allocation_time":{"nanos":2583,"secs":0},"allocations":1,"arena_capacity":264259584,"arena_high_water":268435456,"command_buffers":1,"completion_waits":1,"dispatches":531,"encode":{"nanos":172993,"secs":0},"gpu":{"nanos":7076708,"secs":0},"reused_bytes":2328576,"transient_live_bytes":524288,"transient_peak_bytes":2328576,"wait":{"nanos":7318292,"secs":0}},{"allocated_bytes":4,"allocation_time":{"nanos":3708,"secs":0},"allocations":1,"arena_capacity":264259584,"arena_high_water":268435456,"command_buffers":1,"completion_waits":1,"dispatches":531,"encode":{"nanos":177726,"secs":0},"gpu":{"nanos":7559083,"secs":0},"reused_bytes":2328576,"transient_live_bytes":524288,"transient_peak_bytes":2328576,"wait":{"nanos":7735042,"secs":0}},{"allocated_bytes":4,"allocation_time":{"nanos":3291,"secs":0},"allocations":1,"arena_capacity":264259584,"arena_high_water":268435456,"command_buffers":1,"completion_waits":1,"dispatches":531,"encode":{"nanos":173417,"secs":0},"gpu":{"nanos":8056375,"secs":0},"reused_bytes":2328576,"transient_live_bytes":524288,"transient_peak_bytes":2328576,"wait":{"nanos":8291334,"secs":0}},{"allocated_bytes":4,"allocation_time":{"nanos":3500,"secs":0},"allocations":1,"arena_capacity":264259584,"arena_high_water":268435456,"command_buffers":1,"completion_waits":1,"dispatches":531,"encode":{"nanos":174336,"secs":0},"gpu":{"nanos":8204625,"secs":0},"reused_bytes":2328576,"transient_live_bytes":524288,"transient_peak_bytes":2328576,"wait":{"nanos":8459958,"secs":0}},{"allocated_bytes":4,"allocation_time":{"nanos":3166,"secs":0},"allocations":1,"arena_capacity":264259584,"arena_high_water":268435456,"command_buffers":1,"completion_waits":1,"dispatches":531,"encode":{"nanos":173535,"secs":0},"gpu":{"nanos":8157750,"secs":0},"reused_bytes":2328576,"transient_live_bytes":524288,"transient_peak_bytes":2328576,"wait":{"nanos":8418500,"secs":0}},{"allocated_bytes":4,"allocation_time":{"nanos":4542,"secs":0},"allocations":1,"arena_capacity":264259584,"arena_high_water":268435456,"command_buffers":1,"completion_waits":1,"dispatches":531,"encode":{"nanos":173215,"secs":0},"gpu":{"nanos":8098750,"secs":0},"reused_bytes":2328576,"transient_live_bytes":524288,"transient_peak_bytes":2328576,"wait":{"nanos":8322291,"secs":0}},{"allocated_bytes":4,"allocation_time":{"nanos":3333,"secs":0},"allocations":1,"arena_capacity":264259584,"arena_high_water":268435456,"command_buffers":1,"completion_waits":1,"dispatches":531,"encode":{"nanos":171913,"secs":0},"gpu":{"nanos":8035958,"secs":0},"reused_bytes":2328576,"transient_live_bytes":524288,"transient_peak_bytes":2328576,"wait":{"nanos":8297750,"secs":0}},{"allocated_bytes":4,"allocation_time":{"nanos":2916,"secs":0},"allocations":1,"arena_capacity":264259584,"arena_high_water":268435456,"command_buffers":1,"completion_waits":1,"dispatches":531,"encode":{"nanos":200568,"secs":0},"gpu":{"nanos":8329333,"secs":0},"reused_bytes":2328576,"transient_live_bytes":524288,"transient_peak_bytes":2328576,"wait":{"nanos":8557167,"secs":0}},{"allocated_bytes":4,"allocation_time":{"nanos":2625,"secs":0},"allocations":1,"arena_capacity":264259584,"arena_high_water":268435456,"command_buffers":1,"completion_waits":1,"dispatches":531,"encode":{"nanos":170631,"secs":0},"gpu":{"nanos":6911625,"secs":0},"reused_bytes":2328576,"transient_live_bytes":524288,"transient_peak_bytes":2328576,"wait":{"nanos":7153375,"secs":0}},{"allocated_bytes":4,"allocation_time":{"nanos":4166,"secs":0},"allocations":1,"arena_capacity":264259584,"arena_high_water":268435456,"command_buffers":1,"completion_waits":1,"dispatches":531,"encode":{"nanos":181508,"secs":0},"gpu":{"nanos":7777375,"secs":0},"reused_bytes":2328576,"transient_live_bytes":524288,"transient_peak_bytes":2328576,"wait":{"nanos":8003250,"secs":0}},{"allocated_bytes":4,"allocation_time":{"nanos":3041,"secs":0},"allocations":1,"arena_capacity":264259584,"arena_high_water":268435456,"command_buffers":1,"completion_waits":1,"dispatches":531,"encode":{"nanos":172522,"secs":0},"gpu":{"nanos":8177000,"secs":0},"reused_bytes":2328576,"transient_live_bytes":524288,"transient_peak_bytes":2328576,"wait":{"nanos":8428375,"secs":0}},{"allocated_bytes":4,"allocation_time":{"nanos":3209,"secs":0},"allocations":1,"arena_capacity":264259584,"arena_high_water":268435456,"command_buffers":1,"completion_waits":1,"dispatches":531,"encode":{"nanos":172802,"secs":0},"gpu":{"nanos":8210250,"secs":0},"reused_bytes":2328576,"transient_live_bytes":524288,"transient_peak_bytes":2328576,"wait":{"nanos":8415125,"secs":0}},{"allocated_bytes":4,"allocation_time":{"nanos":2917,"secs":0},"allocations":1,"arena_capacity":264259584,"arena_high_water":268435456,"command_buffers":1,"completion_waits":1,"dispatches":531,"encode":{"nanos":173250,"secs":0},"gpu":{"nanos":8207125,"secs":0},"reused_bytes":2328576,"transient_live_bytes":524288,"transient_peak_bytes":2328576,"wait":{"nanos":8397375,"secs":0}},{"allocated_bytes":4,"allocation_time":{"nanos":3125,"secs":0},"allocations":1,"arena_capacity":264259584,"arena_high_water":268435456,"command_buffers":1,"completion_waits":1,"dispatches":531,"encode":{"nanos":172419,"secs":0},"gpu":{"nanos":8246750,"secs":0},"reused_bytes":2328576,"transient_live_bytes":524288,"transient_peak_bytes":2328576,"wait":{"nanos":8457917,"secs":0}},{"allocated_bytes":4,"allocation_time":{"nanos":2834,"secs":0},"allocations":1,"arena_capacity":264259584,"arena_high_water":268435456,"command_buffers":1,"completion_waits":1,"dispatches":531,"encode":{"nanos":170576,"secs":0},"gpu":{"nanos":8350125,"secs":0},"reused_bytes":2328576,"transient_live_bytes":524288,"transient_peak_bytes":2328576,"wait":{"nanos":8580333,"secs":0}},{"allocated_bytes":4,"allocation_time":{"nanos":3042,"secs":0},"allocations":1,"arena_capacity":264259584,"arena_high_water":268435456,"command_buffers":1,"completion_waits":1,"dispatches":531,"encode":{"nanos":178383,"secs":0},"gpu":{"nanos":8227708,"secs":0},"reused_bytes":2328576,"transient_live_bytes":524288,"transient_peak_bytes":2328576,"wait":{"nanos":8484541,"secs":0}},{"allocated_bytes":4,"allocation_time":{"nanos":3917,"secs":0},"allocations":1,"arena_capacity":264259584,"arena_high_water":268435456,"command_buffers":1,"completion_waits":1,"dispatches":531,"encode":{"nanos":191544,"secs":0},"gpu":{"nanos":8181042,"secs":0},"reused_bytes":2328576,"transient_live_bytes":524288,"transient_peak_bytes":2328576,"wait":{"nanos":8385208,"secs":0}},{"allocated_bytes":4,"allocation_time":{"nanos":2750,"secs":0},"allocations":1,"arena_capacity":264259584,"arena_high_water":268435456,"command_buffers":1,"completion_waits":1,"dispatches":531,"encode":{"nanos":179137,"secs":0},"gpu":{"nanos":8323958,"secs":0},"reused_bytes":2426880,"transient_live_bytes":524288,"transient_peak_bytes":2426880,"wait":{"nanos":8575875,"secs":0}},{"allocated_bytes":4,"allocation_time":{"nanos":2750,"secs":0},"allocations":1,"arena_capacity":264259584,"arena_high_water":268435456,"command_buffers":1,"completion_waits":1,"dispatches":531,"encode":{"nanos":175903,"secs":0},"gpu":{"nanos":7196250,"secs":0},"reused_bytes":2426880,"transient_live_bytes":524288,"transient_peak_bytes":2426880,"wait":{"nanos":7435375,"secs":0}},{"allocated_bytes":4,"allocation_time":{"nanos":3125,"secs":0},"allocations":1,"arena_capacity":264259584,"arena_high_water":268435456,"command_buffers":1,"completion_waits":1,"dispatches":531,"encode":{"nanos":169866,"secs":0},"gpu":{"nanos":8095458,"secs":0},"reused_bytes":2426880,"transient_live_bytes":524288,"transient_peak_bytes":2426880,"wait":{"nanos":8345417,"secs":0}},{"allocated_bytes":4,"allocation_time":{"nanos":2875,"secs":0},"allocations":1,"arena_capacity":264259584,"arena_high_water":268435456,"command_buffers":1,"completion_waits":1,"dispatches":531,"encode":{"nanos":173589,"secs":0},"gpu":{"nanos":8290833,"secs":0},"reused_bytes":2426880,"transient_live_bytes":524288,"transient_peak_bytes":2426880,"wait":{"nanos":8542583,"secs":0}},{"allocated_bytes":4,"allocation_time":{"nanos":3041,"secs":0},"allocations":1,"arena_capacity":264259584,"arena_high_water":268435456,"command_buffers":1,"completion_waits":1,"dispatches":531,"encode":{"nanos":170989,"secs":0},"gpu":{"nanos":8191375,"secs":0},"reused_bytes":2426880,"transient_live_bytes":524288,"transient_peak_bytes":2426880,"wait":{"nanos":8405291,"secs":0}},{"allocated_bytes":4,"allocation_time":{"nanos":2708,"secs":0},"allocations":1,"arena_capacity":264259584,"arena_high_water":268435456,"command_buffers":1,"completion_waits":1,"dispatches":531,"encode":{"nanos":176573,"secs":0},"gpu":{"nanos":8336125,"secs":0},"reused_bytes":2426880,"transient_live_bytes":524288,"transient_peak_bytes":2426880,"wait":{"nanos":8586209,"secs":0}},{"allocated_bytes":4,"allocation_time":{"nanos":3041,"secs":0},"allocations":1,"arena_capacity":264259584,"arena_high_water":268435456,"command_buffers":1,"completion_waits":1,"dispatches":531,"encode":{"nanos":169960,"secs":0},"gpu":{"nanos":8367042,"secs":0},"reused_bytes":2426880,"transient_live_bytes":524288,"transient_peak_bytes":2426880,"wait":{"nanos":8614166,"secs":0}},{"allocated_bytes":4,"allocation_time":{"nanos":3000,"secs":0},"allocations":1,"arena_capacity":264259584,"arena_high_water":268435456,"command_buffers":1,"completion_waits":1,"dispatches":531,"encode":{"nanos":175897,"secs":0},"gpu":{"nanos":8332500,"secs":0},"reused_bytes":2426880,"transient_live_bytes":524288,"transient_peak_bytes":2426880,"wait":{"nanos":8602333,"secs":0}},{"allocated_bytes":4,"allocation_time":{"nanos":3292,"secs":0},"allocations":1,"arena_capacity":264259584,"arena_high_water":268435456,"command_buffers":1,"completion_waits":1,"dispatches":531,"encode":{"nanos":170170,"secs":0},"gpu":{"nanos":8215542,"secs":0},"reused_bytes":2426880,"transient_live_bytes":524288,"transient_peak_bytes":2426880,"wait":{"nanos":8446417,"secs":0}},{"allocated_bytes":4,"allocation_time":{"nanos":2416,"secs":0},"allocations":1,"arena_capacity":264259584,"arena_high_water":268435456,"command_buffers":1,"completion_waits":1,"dispatches":531,"encode":{"nanos":169886,"secs":0},"gpu":{"nanos":8103958,"secs":0},"reused_bytes":2426880,"transient_live_bytes":524288,"transient_peak_bytes":2426880,"wait":{"nanos":8359542,"secs":0}},{"allocated_bytes":4,"allocation_time":{"nanos":2916,"secs":0},"allocations":1,"arena_capacity":264259584,"arena_high_water":268435456,"command_buffers":1,"completion_waits":1,"dispatches":531,"encode":{"nanos":182640,"secs":0},"gpu":{"nanos":8425000,"secs":0},"reused_bytes":2426880,"transient_live_bytes":524288,"transient_peak_bytes":2426880,"wait":{"nanos":8729834,"secs":0}},{"allocated_bytes":4,"allocation_time":{"nanos":2750,"secs":0},"allocations":1,"arena_capacity":264259584,"arena_high_water":268435456,"command_buffers":1,"completion_waits":1,"dispatches":531,"encode":{"nanos":169326,"secs":0},"gpu":{"nanos":6941000,"secs":0},"reused_bytes":2426880,"transient_live_bytes":524288,"transient_peak_bytes":2426880,"wait":{"nanos":7193166,"secs":0}},{"allocated_bytes":4,"allocation_time":{"nanos":2750,"secs":0},"allocations":1,"arena_capacity":264259584,"arena_high_water":268435456,"command_buffers":1,"completion_waits":1,"dispatches":531,"encode":{"nanos":176503,"secs":0},"gpu":{"nanos":7707833,"secs":0},"reused_bytes":2426880,"transient_live_bytes":524288,"transient_peak_bytes":2426880,"wait":{"nanos":7908500,"secs":0}},{"allocated_bytes":4,"allocation_time":{"nanos":2709,"secs":0},"allocations":1,"arena_capacity":264259584,"arena_high_water":268435456,"command_buffers":1,"completion_waits":1,"dispatches":531,"encode":{"nanos":168799,"secs":0},"gpu":{"nanos":8431250,"secs":0},"reused_bytes":2426880,"transient_live_bytes":524288,"transient_peak_bytes":2426880,"wait":{"nanos":8692666,"secs":0}},{"allocated_bytes":4,"allocation_time":{"nanos":3000,"secs":0},"allocations":1,"arena_capacity":264259584,"arena_high_water":268435456,"command_buffers":1,"completion_waits":1,"dispatches":531,"encode":{"nanos":174961,"secs":0},"gpu":{"nanos":8464875,"secs":0},"reused_bytes":2426880,"transient_live_bytes":524288,"transient_peak_bytes":2426880,"wait":{"nanos":8685458,"secs":0}},{"allocated_bytes":4,"allocation_time":{"nanos":2958,"secs":0},"allocations":1,"arena_capacity":264259584,"arena_high_water":268435456,"command_buffers":1,"completion_waits":1,"dispatches":531,"encode":{"nanos":180251,"secs":0},"gpu":{"nanos":8214542,"secs":0},"reused_bytes":2426880,"transient_live_bytes":524288,"transient_peak_bytes":2426880,"wait":{"nanos":8433125,"secs":0}},{"allocated_bytes":4,"allocation_time":{"nanos":2791,"secs":0},"allocations":1,"arena_capacity":264259584,"arena_high_water":268435456,"command_buffers":1,"completion_waits":1,"dispatches":531,"encode":{"nanos":174705,"secs":0},"gpu":{"nanos":8432000,"secs":0},"reused_bytes":2426880,"transient_live_bytes":524288,"transient_peak_bytes":2426880,"wait":{"nanos":8680000,"secs":0}},{"allocated_bytes":4,"allocation_time":{"nanos":2667,"secs":0},"allocations":1,"arena_capacity":264259584,"arena_high_water":268435456,"command_buffers":1,"completion_waits":1,"dispatches":531,"encode":{"nanos":172626,"secs":0},"gpu":{"nanos":8292792,"secs":0},"reused_bytes":2426880,"transient_live_bytes":524288,"transient_peak_bytes":2426880,"wait":{"nanos":8526584,"secs":0}},{"allocated_bytes":4,"allocation_time":{"nanos":2583,"secs":0},"allocations":1,"arena_capacity":264259584,"arena_high_water":268435456,"command_buffers":1,"completion_waits":1,"dispatches":531,"encode":{"nanos":171121,"secs":0},"gpu":{"nanos":8123542,"secs":0},"reused_bytes":2426880,"transient_live_bytes":524288,"transient_peak_bytes":2426880,"wait":{"nanos":8338417,"secs":0}},{"allocated_bytes":4,"allocation_time":{"nanos":3000,"secs":0},"allocations":1,"arena_capacity":264259584,"arena_high_water":268435456,"command_buffers":1,"completion_waits":1,"dispatches":531,"encode":{"nanos":169830,"secs":0},"gpu":{"nanos":8376000,"secs":0},"reused_bytes":2426880,"transient_live_bytes":524288,"transient_peak_bytes":2426880,"wait":{"nanos":8601208,"secs":0}},{"allocated_bytes":4,"allocation_time":{"nanos":4583,"secs":0},"allocations":1,"arena_capacity":264259584,"arena_high_water":268435456,"command_buffers":1,"completion_waits":1,"dispatches":531,"encode":{"nanos":204119,"secs":0},"gpu":{"nanos":8321875,"secs":0},"reused_bytes":2426880,"transient_live_bytes":524288,"transient_peak_bytes":2426880,"wait":{"nanos":8559916,"secs":0}},{"allocated_bytes":4,"allocation_time":{"nanos":3041,"secs":0},"allocations":1,"arena_capacity":264259584,"arena_high_water":268435456,"command_buffers":1,"completion_waits":1,"dispatches":531,"encode":{"nanos":167861,"secs":0},"gpu":{"nanos":8323375,"secs":0},"reused_bytes":2426880,"transient_live_bytes":524288,"transient_peak_bytes":2426880,"wait":{"nanos":8581042,"secs":0}},{"allocated_bytes":4,"allocation_time":{"nanos":2208,"secs":0},"allocations":1,"arena_capacity":264259584,"arena_high_water":268435456,"command_buffers":1,"completion_waits":1,"dispatches":531,"encode":{"nanos":175081,"secs":0},"gpu":{"nanos":7293375,"secs":0},"reused_bytes":2426880,"transient_live_bytes":524288,"transient_peak_bytes":2426880,"wait":{"nanos":7521916,"secs":0}},{"allocated_bytes":4,"allocation_time":{"nanos":2833,"secs":0},"allocations":1,"arena_capacity":264259584,"arena_high_water":268435456,"command_buffers":1,"completion_waits":1,"dispatches":531,"encode":{"nanos":169331,"secs":0},"gpu":{"nanos":8042000,"secs":0},"reused_bytes":2426880,"transient_live_bytes":524288,"transient_peak_bytes":2426880,"wait":{"nanos":8253958,"secs":0}},{"allocated_bytes":4,"allocation_time":{"nanos":2917,"secs":0},"allocations":1,"arena_capacity":264259584,"arena_high_water":268435456,"command_buffers":1,"completion_waits":1,"dispatches":531,"encode":{"nanos":170174,"secs":0},"gpu":{"nanos":8399625,"secs":0},"reused_bytes":2426880,"transient_live_bytes":524288,"transient_peak_bytes":2426880,"wait":{"nanos":8647833,"secs":0}},{"allocated_bytes":4,"allocation_time":{"nanos":3250,"secs":0},"allocations":1,"arena_capacity":264259584,"arena_high_water":268435456,"command_buffers":1,"completion_waits":1,"dispatches":531,"encode":{"nanos":184798,"secs":0},"gpu":{"nanos":8388750,"secs":0},"reused_bytes":2426880,"transient_live_bytes":524288,"transient_peak_bytes":2426880,"wait":{"nanos":8609708,"secs":0}},{"allocated_bytes":4,"allocation_time":{"nanos":4000,"secs":0},"allocations":1,"arena_capacity":264259584,"arena_high_water":268435456,"command_buffers":1,"completion_waits":1,"dispatches":531,"encode":{"nanos":179365,"secs":0},"gpu":{"nanos":8364500,"secs":0},"reused_bytes":2426880,"transient_live_bytes":524288,"transient_peak_bytes":2426880,"wait":{"nanos":8579917,"secs":0}},{"allocated_bytes":4,"allocation_time":{"nanos":3167,"secs":0},"allocations":1,"arena_capacity":264259584,"arena_high_water":268435456,"command_buffers":1,"completion_waits":1,"dispatches":531,"encode":{"nanos":176579,"secs":0},"gpu":{"nanos":8231458,"secs":0},"reused_bytes":2426880,"transient_live_bytes":524288,"transient_peak_bytes":2426880,"wait":{"nanos":8465000,"secs":0}},{"allocated_bytes":4,"allocation_time":{"nanos":3083,"secs":0},"allocations":1,"arena_capacity":264259584,"arena_high_water":268435456,"command_buffers":1,"completion_waits":1,"dispatches":531,"encode":{"nanos":170381,"secs":0},"gpu":{"nanos":8501917,"secs":0},"reused_bytes":2426880,"transient_live_bytes":524288,"transient_peak_bytes":2426880,"wait":{"nanos":8734333,"secs":0}},{"allocated_bytes":4,"allocation_time":{"nanos":3209,"secs":0},"allocations":1,"arena_capacity":264259584,"arena_high_water":268435456,"command_buffers":1,"completion_waits":1,"dispatches":531,"encode":{"nanos":170433,"secs":0},"gpu":{"nanos":8541375,"secs":0},"reused_bytes":2426880,"transient_live_bytes":524288,"transient_peak_bytes":2426880,"wait":{"nanos":8855083,"secs":0}},{"allocated_bytes":4,"allocation_time":{"nanos":2916,"secs":0},"allocations":1,"arena_capacity":264259584,"arena_high_water":268435456,"command_buffers":1,"completion_waits":1,"dispatches":531,"encode":{"nanos":170610,"secs":0},"gpu":{"nanos":8596125,"secs":0},"reused_bytes":2426880,"transient_live_bytes":524288,"transient_peak_bytes":2426880,"wait":{"nanos":8834708,"secs":0}},{"allocated_bytes":4,"allocation_time":{"nanos":2709,"secs":0},"allocations":1,"arena_capacity":264259584,"arena_high_water":268435456,"command_buffers":1,"completion_waits":1,"dispatches":531,"encode":{"nanos":174535,"secs":0},"gpu":{"nanos":8527000,"secs":0},"reused_bytes":2426880,"transient_live_bytes":524288,"transient_peak_bytes":2426880,"wait":{"nanos":8776583,"secs":0}},{"allocated_bytes":4,"allocation_time":{"nanos":5417,"secs":0},"allocations":1,"arena_capacity":264259584,"arena_high_water":268435456,"command_buffers":1,"completion_waits":1,"dispatches":531,"encode":{"nanos":175179,"secs":0},"gpu":{"nanos":8395208,"secs":0},"reused_bytes":2426880,"transient_live_bytes":524288,"transient_peak_bytes":2426880,"wait":{"nanos":8611792,"secs":0}},{"allocated_bytes":4,"allocation_time":{"nanos":3333,"secs":0},"allocations":1,"arena_capacity":264259584,"arena_high_water":268435456,"command_buffers":1,"completion_waits":1,"dispatches":531,"encode":{"nanos":210414,"secs":0},"gpu":{"nanos":8456833,"secs":0},"reused_bytes":2426880,"transient_live_bytes":524288,"transient_peak_bytes":2426880,"wait":{"nanos":8642292,"secs":0}},{"allocated_bytes":4,"allocation_time":{"nanos":2625,"secs":0},"allocations":1,"arena_capacity":264259584,"arena_high_water":268435456,"command_buffers":1,"completion_waits":1,"dispatches":531,"encode":{"nanos":171660,"secs":0},"gpu":{"nanos":8532000,"secs":0},"reused_bytes":2426880,"transient_live_bytes":524288,"transient_peak_bytes":2426880,"wait":{"nanos":8770250,"secs":0}},{"allocated_bytes":4,"allocation_time":{"nanos":2583,"secs":0},"allocations":1,"arena_capacity":264259584,"arena_high_water":268435456,"command_buffers":1,"completion_waits":1,"dispatches":531,"encode":{"nanos":169784,"secs":0},"gpu":{"nanos":8570042,"secs":0},"reused_bytes":2426880,"transient_live_bytes":524288,"transient_peak_bytes":2426880,"wait":{"nanos":8817416,"secs":0}},{"allocated_bytes":4,"allocation_time":{"nanos":3709,"secs":0},"allocations":1,"arena_capacity":264259584,"arena_high_water":268435456,"command_buffers":1,"completion_waits":1,"dispatches":531,"encode":{"nanos":180501,"secs":0},"gpu":{"nanos":8540958,"secs":0},"reused_bytes":2426880,"transient_live_bytes":524288,"transient_peak_bytes":2426880,"wait":{"nanos":8786958,"secs":0}},{"allocated_bytes":4,"allocation_time":{"nanos":3667,"secs":0},"allocations":1,"arena_capacity":264259584,"arena_high_water":268435456,"command_buffers":1,"completion_waits":1,"dispatches":531,"encode":{"nanos":185493,"secs":0},"gpu":{"nanos":7483625,"secs":0},"reused_bytes":2426880,"transient_live_bytes":524288,"transient_peak_bytes":2426880,"wait":{"nanos":7713875,"secs":0}},{"allocated_bytes":4,"allocation_time":{"nanos":3459,"secs":0},"allocations":1,"arena_capacity":264259584,"arena_high_water":268435456,"command_buffers":1,"completion_waits":1,"dispatches":531,"encode":{"nanos":201803,"secs":0},"gpu":{"nanos":8152125,"secs":0},"reused_bytes":2426880,"transient_live_bytes":524288,"transient_peak_bytes":2426880,"wait":{"nanos":8374750,"secs":0}},{"allocated_bytes":4,"allocation_time":{"nanos":3083,"secs":0},"allocations":1,"arena_capacity":264259584,"arena_high_water":268435456,"command_buffers":1,"completion_waits":1,"dispatches":531,"encode":{"nanos":202585,"secs":0},"gpu":{"nanos":8459667,"secs":0},"reused_bytes":2426880,"transient_live_bytes":524288,"transient_peak_bytes":2426880,"wait":{"nanos":8680750,"secs":0}},{"allocated_bytes":4,"allocation_time":{"nanos":2834,"secs":0},"allocations":1,"arena_capacity":264259584,"arena_high_water":268435456,"command_buffers":1,"completion_waits":1,"dispatches":531,"encode":{"nanos":201038,"secs":0},"gpu":{"nanos":8549958,"secs":0},"reused_bytes":2426880,"transient_live_bytes":524288,"transient_peak_bytes":2426880,"wait":{"nanos":8753375,"secs":0}},{"allocated_bytes":4,"allocation_time":{"nanos":2959,"secs":0},"allocations":1,"arena_capacity":264259584,"arena_high_water":268435456,"command_buffers":1,"completion_waits":1,"dispatches":531,"encode":{"nanos":169407,"secs":0},"gpu":{"nanos":8652542,"secs":0},"reused_bytes":2426880,"transient_live_bytes":524288,"transient_peak_bytes":2426880,"wait":{"nanos":8886958,"secs":0}},{"allocated_bytes":4,"allocation_time":{"nanos":2584,"secs":0},"allocations":1,"arena_capacity":264259584,"arena_high_water":268435456,"command_buffers":1,"completion_waits":1,"dispatches":531,"encode":{"nanos":169157,"secs":0},"gpu":{"nanos":8461250,"secs":0},"reused_bytes":2426880,"transient_live_bytes":524288,"transient_peak_bytes":2426880,"wait":{"nanos":8701875,"secs":0}},{"allocated_bytes":4,"allocation_time":{"nanos":3166,"secs":0},"allocations":1,"arena_capacity":264259584,"arena_high_water":268435456,"command_buffers":1,"completion_waits":1,"dispatches":531,"encode":{"nanos":175045,"secs":0},"gpu":{"nanos":8424375,"secs":0},"reused_bytes":2426880,"transient_live_bytes":524288,"transient_peak_bytes":2426880,"wait":{"nanos":8690667,"secs":0}},{"allocated_bytes":4,"allocation_time":{"nanos":2458,"secs":0},"allocations":1,"arena_capacity":264259584,"arena_high_water":268435456,"command_buffers":1,"completion_waits":1,"dispatches":531,"encode":{"nanos":172466,"secs":0},"gpu":{"nanos":8770375,"secs":0},"reused_bytes":2426880,"transient_live_bytes":524288,"transient_peak_bytes":2426880,"wait":{"nanos":9016291,"secs":0}},{"allocated_bytes":4,"allocation_time":{"nanos":2541,"secs":0},"allocations":1,"arena_capacity":264259584,"arena_high_water":268435456,"command_buffers":1,"completion_waits":1,"dispatches":531,"encode":{"nanos":178159,"secs":0},"gpu":{"nanos":8482542,"secs":0},"reused_bytes":2426880,"transient_live_bytes":524288,"transient_peak_bytes":2426880,"wait":{"nanos":8705208,"secs":0}},{"allocated_bytes":4,"allocation_time":{"nanos":2417,"secs":0},"allocations":1,"arena_capacity":264259584,"arena_high_water":268435456,"command_buffers":1,"completion_waits":1,"dispatches":531,"encode":{"nanos":169292,"secs":0},"gpu":{"nanos":8513500,"secs":0},"reused_bytes":2426880,"transient_live_bytes":524288,"transient_peak_bytes":2426880,"wait":{"nanos":8757459,"secs":0}},{"allocated_bytes":4,"allocation_time":{"nanos":3250,"secs":0},"allocations":1,"arena_capacity":264259584,"arena_high_water":268435456,"command_buffers":1,"completion_waits":1,"dispatches":531,"encode":{"nanos":173361,"secs":0},"gpu":{"nanos":8386417,"secs":0},"reused_bytes":2426880,"transient_live_bytes":524288,"transient_peak_bytes":2426880,"wait":{"nanos":8594459,"secs":0}},{"allocated_bytes":4,"allocation_time":{"nanos":2875,"secs":0},"allocations":1,"arena_capacity":264259584,"arena_high_water":268435456,"command_buffers":1,"completion_waits":1,"dispatches":531,"encode":{"nanos":169414,"secs":0},"gpu":{"nanos":8304750,"secs":0},"reused_bytes":2426880,"transient_live_bytes":524288,"transient_peak_bytes":2426880,"wait":{"nanos":8556041,"secs":0}},{"allocated_bytes":4,"allocation_time":{"nanos":2500,"secs":0},"allocations":1,"arena_capacity":264259584,"arena_high_water":268435456,"command_buffers":1,"completion_waits":1,"dispatches":531,"encode":{"nanos":182619,"secs":0},"gpu":{"nanos":7324625,"secs":0},"reused_bytes":2426880,"transient_live_bytes":524288,"transient_peak_bytes":2426880,"wait":{"nanos":7575875,"secs":0}},{"allocated_bytes":4,"allocation_time":{"nanos":3375,"secs":0},"allocations":1,"arena_capacity":264259584,"arena_high_water":268435456,"command_buffers":1,"completion_waits":1,"dispatches":531,"encode":{"nanos":176171,"secs":0},"gpu":{"nanos":7913125,"secs":0},"reused_bytes":2426880,"transient_live_bytes":524288,"transient_peak_bytes":2426880,"wait":{"nanos":8109083,"secs":0}},{"allocated_bytes":4,"allocation_time":{"nanos":2750,"secs":0},"allocations":1,"arena_capacity":264259584,"arena_high_water":268435456,"command_buffers":1,"completion_waits":1,"dispatches":531,"encode":{"nanos":171333,"secs":0},"gpu":{"nanos":8371125,"secs":0},"reused_bytes":2426880,"transient_live_bytes":524288,"transient_peak_bytes":2426880,"wait":{"nanos":8620375,"secs":0}},{"allocated_bytes":4,"allocation_time":{"nanos":3625,"secs":0},"allocations":1,"arena_capacity":264259584,"arena_high_water":268435456,"command_buffers":1,"completion_waits":1,"dispatches":531,"encode":{"nanos":170219,"secs":0},"gpu":{"nanos":8584083,"secs":0},"reused_bytes":2426880,"transient_live_bytes":524288,"transient_peak_bytes":2426880,"wait":{"nanos":8831417,"secs":0}},{"allocated_bytes":4,"allocation_time":{"nanos":2833,"secs":0},"allocations":1,"arena_capacity":264259584,"arena_high_water":268435456,"command_buffers":1,"completion_waits":1,"dispatches":531,"encode":{"nanos":171376,"secs":0},"gpu":{"nanos":8483542,"secs":0},"reused_bytes":2426880,"transient_live_bytes":524288,"transient_peak_bytes":2426880,"wait":{"nanos":8721833,"secs":0}},{"allocated_bytes":4,"allocation_time":{"nanos":4750,"secs":0},"allocations":1,"arena_capacity":264259584,"arena_high_water":268435456,"command_buffers":1,"completion_waits":1,"dispatches":531,"encode":{"nanos":176348,"secs":0},"gpu":{"nanos":7971125,"secs":0},"reused_bytes":2426880,"transient_live_bytes":524288,"transient_peak_bytes":2426880,"wait":{"nanos":8198084,"secs":0}},{"allocated_bytes":4,"allocation_time":{"nanos":3291,"secs":0},"allocations":1,"arena_capacity":264259584,"arena_high_water":268435456,"command_buffers":1,"completion_waits":1,"dispatches":531,"encode":{"nanos":171470,"secs":0},"gpu":{"nanos":7946625,"secs":0},"reused_bytes":2426880,"transient_live_bytes":524288,"transient_peak_bytes":2426880,"wait":{"nanos":8210750,"secs":0}},{"allocated_bytes":4,"allocation_time":{"nanos":3250,"secs":0},"allocations":1,"arena_capacity":264259584,"arena_high_water":268435456,"command_buffers":1,"completion_waits":1,"dispatches":531,"encode":{"nanos":171880,"secs":0},"gpu":{"nanos":7848083,"secs":0},"reused_bytes":2426880,"transient_live_bytes":524288,"transient_peak_bytes":2426880,"wait":{"nanos":8091875,"secs":0}},{"allocated_bytes":4,"allocation_time":{"nanos":3041,"secs":0},"allocations":1,"arena_capacity":264259584,"arena_high_water":268435456,"command_buffers":1,"completion_waits":1,"dispatches":531,"encode":{"nanos":176105,"secs":0},"gpu":{"nanos":7753500,"secs":0},"reused_bytes":2426880,"transient_live_bytes":524288,"transient_peak_bytes":2426880,"wait":{"nanos":7966125,"secs":0}},{"allocated_bytes":4,"allocation_time":{"nanos":2875,"secs":0},"allocations":1,"arena_capacity":264259584,"arena_high_water":268435456,"command_buffers":1,"completion_waits":1,"dispatches":531,"encode":{"nanos":169619,"secs":0},"gpu":{"nanos":6714250,"secs":0},"reused_bytes":2426880,"transient_live_bytes":524288,"transient_peak_bytes":2426880,"wait":{"nanos":6964166,"secs":0}},{"allocated_bytes":4,"allocation_time":{"nanos":3375,"secs":0},"allocations":1,"arena_capacity":264259584,"arena_high_water":268435456,"command_buffers":1,"completion_waits":1,"dispatches":531,"encode":{"nanos":177542,"secs":0},"gpu":{"nanos":7498917,"secs":0},"reused_bytes":2426880,"transient_live_bytes":524288,"transient_peak_bytes":2426880,"wait":{"nanos":7741375,"secs":0}},{"allocated_bytes":4,"allocation_time":{"nanos":3292,"secs":0},"allocations":1,"arena_capacity":264259584,"arena_high_water":268435456,"command_buffers":1,"completion_waits":1,"dispatches":531,"encode":{"nanos":168788,"secs":0},"gpu":{"nanos":7638125,"secs":0},"reused_bytes":2426880,"transient_live_bytes":524288,"transient_peak_bytes":2426880,"wait":{"nanos":7938791,"secs":0}},{"allocated_bytes":4,"allocation_time":{"nanos":2625,"secs":0},"allocations":1,"arena_capacity":264259584,"arena_high_water":268435456,"command_buffers":1,"completion_waits":1,"dispatches":531,"encode":{"nanos":171302,"secs":0},"gpu":{"nanos":7690500,"secs":0},"reused_bytes":2426880,"transient_live_bytes":524288,"transient_peak_bytes":2426880,"wait":{"nanos":7955458,"secs":0}},{"allocated_bytes":4,"allocation_time":{"nanos":2166,"secs":0},"allocations":1,"arena_capacity":264259584,"arena_high_water":268435456,"command_buffers":1,"completion_waits":1,"dispatches":531,"encode":{"nanos":167631,"secs":0},"gpu":{"nanos":7687667,"secs":0},"reused_bytes":2426880,"transient_live_bytes":524288,"transient_peak_bytes":2426880,"wait":{"nanos":7910792,"secs":0}},{"allocated_bytes":4,"allocation_time":{"nanos":2875,"secs":0},"allocations":1,"arena_capacity":264259584,"arena_high_water":268435456,"command_buffers":1,"completion_waits":1,"dispatches":531,"encode":{"nanos":170739,"secs":0},"gpu":{"nanos":7847833,"secs":0},"reused_bytes":2426880,"transient_live_bytes":524288,"transient_peak_bytes":2426880,"wait":{"nanos":8096333,"secs":0}},{"allocated_bytes":4,"allocation_time":{"nanos":2958,"secs":0},"allocations":1,"arena_capacity":264259584,"arena_high_water":268435456,"command_buffers":1,"completion_waits":1,"dispatches":531,"encode":{"nanos":166918,"secs":0},"gpu":{"nanos":6764917,"secs":0},"reused_bytes":2426880,"transient_live_bytes":524288,"transient_peak_bytes":2426880,"wait":{"nanos":7058708,"secs":0}},{"allocated_bytes":4,"allocation_time":{"nanos":2875,"secs":0},"allocations":1,"arena_capacity":264259584,"arena_high_water":268435456,"command_buffers":1,"completion_waits":1,"dispatches":531,"encode":{"nanos":182411,"secs":0},"gpu":{"nanos":7298583,"secs":0},"reused_bytes":2426880,"transient_live_bytes":524288,"transient_peak_bytes":2426880,"wait":{"nanos":7479542,"secs":0}},{"allocated_bytes":4,"allocation_time":{"nanos":3042,"secs":0},"allocations":1,"arena_capacity":264259584,"arena_high_water":268435456,"command_buffers":1,"completion_waits":1,"dispatches":531,"encode":{"nanos":177202,"secs":0},"gpu":{"nanos":7818125,"secs":0},"reused_bytes":2426880,"transient_live_bytes":524288,"transient_peak_bytes":2426880,"wait":{"nanos":8038709,"secs":0}},{"allocated_bytes":4,"allocation_time":{"nanos":4500,"secs":0},"allocations":1,"arena_capacity":264259584,"arena_high_water":268435456,"command_buffers":1,"completion_waits":1,"dispatches":531,"encode":{"nanos":171538,"secs":0},"gpu":{"nanos":8024292,"secs":0},"reused_bytes":2426880,"transient_live_bytes":524288,"transient_peak_bytes":2426880,"wait":{"nanos":8269583,"secs":0}},{"allocated_bytes":4,"allocation_time":{"nanos":3125,"secs":0},"allocations":1,"arena_capacity":264259584,"arena_high_water":268435456,"command_buffers":1,"completion_waits":1,"dispatches":531,"encode":{"nanos":170500,"secs":0},"gpu":{"nanos":7778250,"secs":0},"reused_bytes":2426880,"transient_live_bytes":524288,"transient_peak_bytes":2426880,"wait":{"nanos":8027333,"secs":0}},{"allocated_bytes":4,"allocation_time":{"nanos":3042,"secs":0},"allocations":1,"arena_capacity":264259584,"arena_high_water":268435456,"command_buffers":1,"completion_waits":1,"dispatches":531,"encode":{"nanos":172129,"secs":0},"gpu":{"nanos":7822000,"secs":0},"reused_bytes":2426880,"transient_live_bytes":524288,"transient_peak_bytes":2426880,"wait":{"nanos":8051833,"secs":0}},{"allocated_bytes":4,"allocation_time":{"nanos":2958,"secs":0},"allocations":1,"arena_capacity":264259584,"arena_high_water":268435456,"command_buffers":1,"completion_waits":1,"dispatches":531,"encode":{"nanos":177459,"secs":0},"gpu":{"nanos":7953708,"secs":0},"reused_bytes":2426880,"transient_live_bytes":524288,"transient_peak_bytes":2426880,"wait":{"nanos":8145041,"secs":0}},{"allocated_bytes":4,"allocation_time":{"nanos":2834,"secs":0},"allocations":1,"arena_capacity":264259584,"arena_high_water":268435456,"command_buffers":1,"completion_waits":1,"dispatches":531,"encode":{"nanos":169448,"secs":0},"gpu":{"nanos":7916000,"secs":0},"reused_bytes":2426880,"transient_live_bytes":524288,"transient_peak_bytes":2426880,"wait":{"nanos":8134667,"secs":0}},{"allocated_bytes":4,"allocation_time":{"nanos":2833,"secs":0},"allocations":1,"arena_capacity":264259584,"arena_high_water":268435456,"command_buffers":1,"completion_waits":1,"dispatches":531,"encode":{"nanos":172451,"secs":0},"gpu":{"nanos":6831500,"secs":0},"reused_bytes":2426880,"transient_live_bytes":524288,"transient_peak_bytes":2426880,"wait":{"nanos":7035708,"secs":0}},{"allocated_bytes":4,"allocation_time":{"nanos":3250,"secs":0},"allocations":1,"arena_capacity":264259584,"arena_high_water":268435456,"command_buffers":1,"completion_waits":1,"dispatches":531,"encode":{"nanos":189382,"secs":0},"gpu":{"nanos":7390542,"secs":0},"reused_bytes":2623488,"transient_live_bytes":524288,"transient_peak_bytes":2623488,"wait":{"nanos":7568250,"secs":0}},{"allocated_bytes":4,"allocation_time":{"nanos":2541,"secs":0},"allocations":1,"arena_capacity":264259584,"arena_high_water":268435456,"command_buffers":1,"completion_waits":1,"dispatches":531,"encode":{"nanos":175294,"secs":0},"gpu":{"nanos":7842500,"secs":0},"reused_bytes":2623488,"transient_live_bytes":524288,"transient_peak_bytes":2623488,"wait":{"nanos":8079958,"secs":0}},{"allocated_bytes":4,"allocation_time":{"nanos":3042,"secs":0},"allocations":1,"arena_capacity":264259584,"arena_high_water":268435456,"command_buffers":1,"completion_waits":1,"dispatches":531,"encode":{"nanos":183113,"secs":0},"gpu":{"nanos":8103875,"secs":0},"reused_bytes":2623488,"transient_live_bytes":524288,"transient_peak_bytes":2623488,"wait":{"nanos":8333083,"secs":0}}],"decode_median_ms":8.784375,"decode_ms":[8.458459,8.362084000000001,7.4749170000000005,8.334583,8.60325,8.389624999999999,8.627042,8.580791000000001,8.51575,8.434209,7.481208,8.858125,8.625834000000001,8.880249999999998,8.761834,8.438832999999999,8.739959,7.930625,7.622583,8.462417,8.724875,8.772333,8.722999999999999,8.82725,8.552041,8.811042,8.981124999999999,7.762417,8.317875,8.808125,8.825916,8.969958,8.859708000000001,8.678082999999999,9.011375000000001,7.747040999999999,8.172834,8.713459,8.891834,8.848208,8.737833,8.727791999999999,9.035542000000001,7.570042,8.444959,8.857875,8.810875,8.793959000000001,8.852084,8.987874999999999,8.924667000000001,8.8155,9.008459,7.865167,8.768667,8.968917,8.797416,9.014875,9.037292,9.016834,8.846375,8.784375,9.175542,7.61775,8.33975,9.114916000000001,9.078167,8.872584,9.107083,8.917665999999999,8.727416999999999,8.991208,9.069583000000002,9.013958,7.950957999999999,8.676207999999999,9.072417,9.02175,9.01025,8.891917,9.124708,9.278833,9.23025,9.212958,9.046833000000001,9.093625,9.197500000000002,9.241624999999999,9.234625,8.158708,8.836208,9.131291,9.176542,9.31375,9.130083,9.115708,9.444833,9.12525,9.199957999999999,9.014417,8.98175,8.042625,8.536458,9.0455,9.255584,9.149291,8.600041,8.633917,8.501916999999999,8.394458,7.3995,8.178958,8.360833999999999,8.378708,8.295833,8.524042000000001,7.482792,7.895790999999999,8.462124999999999,8.696,8.4525,8.472166999999999,8.540834,8.521542,7.4277500000000005,8.015875000000001,8.506166,8.742167],"decode_profiles":[{},{},{},{},{},{},{},{},{},{},{},{},{},{},{},{},{},{},{},{},{},{},{},{},{},{},{},{},{},{},{},{},{},{},{},{},{},{},{},{},{},{},{},{},{},{},{},{},{},{},{},{},{},{},{},{},{},{},{},{},{},{},{},{},{},{},{},{},{},{},{},{},{},{},{},{},{},{},{},{},{},{},{},{},{},{},{},{},{},{},{},{},{},{},{},{},{},{},{},{},{},{},{},{},{},{},{},{},{},{},{},{},{},{},{},{},{},{},{},{},{},{},{},{},{},{},{},{}],"decode_tps":113.83849163998576,"first_token_ms":29.025958,"generated_ids":[9707,0,2585,646,358,1492,498,3351,30,2160,1052,2494,498,1035,1075,311,1414,476,4263,30,358,2776,1588,311,1492,448,894,4755,476,10520,498,1231,614,13,151645,198,151643,33975,25,2585,646,358,7269,847,4378,7361,30,151645,198,151644,872,198,47842,4405,4378,7361,646,387,264,17003,3383,11,714,358,2776,9831,311,1430,13,3555,525,1045,7373,14830,369,18392,847,4378,7361,30,151645,198,151644,198,151644,198,151644,198,151644,198,151643,33975,25,2585,646,358,7269,847,4378,7361,30,151645,198,151644,198,151644,198,151644,198,151644,198,151644,198,151643,33975,25,2585,646,358,7269,847,4378,7361,30,151645,198,151644,198,151644],"generated_tokens":129,"generation_ms":1169.2481670000002,"generation_tps":110.3273057344036,"kv_active_bytes":1830912,"kv_reserved_bytes":3145728,"model_format":"GGUF","model_repository":"Qwen/Qwen2.5-0.5B-Instruct-GGUF","model_revision":"9217f5db79a29953eb74d5343926648285ec7e67","packed_quantized_bytes":422496256,"pair":2,"pair_order":"ferrum>llama.cpp","prefill_counters":{"allocated_bytes":3145812,"allocation_time":{"nanos":327668,"secs":0},"allocations":49,"arena_capacity":264259584,"arena_high_water":268435456,"command_buffers":1,"completion_waits":1,"dispatches":531,"encode":{"nanos":213976,"secs":0},"gpu":{"nanos":27086083,"secs":0},"reused_bytes":37027840,"transient_live_bytes":0,"transient_peak_bytes":37027840,"wait":{"nanos":27963167,"secs":0}},"prefill_ms":28.717541999999998,"prefill_profile":{},"prefill_tps":731.2603564747986,"prompt_ids":[151644,8948,198,2610,525,264,10950,17847,13,151645,198,151644,872,198,9707,0,151645,198,151644,77091,198],"prompt_tokens":21,"retained_weight_bytes":422639360,"runtime":"ferrum","sampling_ms":30.634538,"source_tensor_bytes":422782464,"warmup":false,"process_rss_bytes":928071680,"source_matrix_case_model":"qwen2.5-phase7a-shape-workload","ferrum_options":{"batch_limit_dispatches":1024,"q4_0_gemv_8rows":true,"mlx_affine4_gemv_quad":true},"engine_order":["ferrum","llama.cpp"],"case_index":4,"engine_load_plus_first_warmup_ms":595.0837089912966}
{"case":"sustained-128-decode","command_buffer_count":null,"decode_aggregate_tps":243.4588280917586,"decode_median_ms":3.674042,"decode_ms":[4.178583,4.407709,3.694209,4.725083,3.818125,4.733208,3.586333,3.622125,4.663541,3.634542,4.679458,3.569125,4.725875,3.560834,3.599,4.693166,3.7015,4.773375,3.665416,4.732167,3.611625,4.782,3.623625,3.592084,4.699667,3.63,4.76275,3.6605,4.781042,3.569833,3.604833,4.710084,3.616625,4.67125,3.622375,4.735167,3.613958,4.767584,3.597375,3.600042,4.744667,3.656541,4.695541,3.610334,4.778709,3.611541,3.662125,4.769375,3.581541,4.74325,3.569958,4.745916,3.554459,3.602583,4.641625,3.612542,4.705042,3.679375,4.725792,3.580125,3.668041,4.717292,3.624208,4.721167,3.636875,4.742458,3.604708,4.746208,3.603208,3.648375,4.809208,3.623708,4.730375,3.568542,4.731958,3.709084,3.674042,4.710625,3.617375,4.736,3.602209,4.786333,3.604666,4.757667,3.598167,3.607041,4.740333,3.585209,4.742875,3.651541,4.832834,3.641667,3.600167,4.7465,3.582916,4.778291,3.635333,4.806333,3.645125,3.629667,4.389917,3.607333,4.740208,3.609542,4.825166,3.582625,3.610667,4.324958,3.608541,4.762417,3.555916,4.727083,3.550417,4.725292,3.669167,3.61225,4.761459,3.618458,4.720375,3.701083,4.838125,3.616083,3.669958,4.729584,3.638416,4.72675,3.581834,4.767459],"decode_tps":272.17979544055294,"dispatch_count":null,"first_token_ms":16.197708,"generated_ids":[9707,0,2585,646,358,1492,498,3351,30,2160,1052,2494,498,1035,1075,311,1414,476,4263,30,358,2776,1588,311,1492,448,894,4755,476,10520,498,1231,614,13,151645,198,151643,33975,25,2585,646,358,7269,847,4378,7361,30,151645,198,151644,872,198,47842,4405,4378,7361,646,387,264,17003,3383,11,714,1052,525,1657,4963,2500,311,1492,498,13,3555,525,1045,7373,14830,369,18392,4378,7361,30,151645,198,151644,872,198,39814,11,358,1035,6934,5290,803,6467,323,9709,389,4378,323,35566,15502,13,358,1083,1744,432,594,2989,311,1349,13570,323,1430,311,1349,2155,35644,323,9222,315,4378,13,22406,11,358,1265,1430,311],"generated_tokens":129,"generation_ms":573.610542,"generation_tps":224.89126428921176,"kv_context_capacity_tokens":4096,"kv_type":"bf16","llama_version":"0.5.0-dev","model_format":"GGUF","pair":2,"pair_order":"ferrum>llama.cpp","prefill_ms":15.966375,"prefill_tps":1315.2641097306057,"process_max_rss_bytes":613122048,"prompt_ids":[151644,8948,198,2610,525,264,10950,17847,13,151645,198,151644,872,198,9707,0,151645,198,151644,77091,198],"prompt_tokens":21,"runtime":"llama.cpp","sampling_ms":31.87887400000001,"warmup":false,"process_rss_bytes":612958208,"source_matrix_case_model":"qwen2.5-phase7a-shape-workload","engine_order":["ferrum","llama.cpp"],"case_index":4,"engine_load_plus_first_warmup_ms":619.0415829769336}
~llama_context:       MTL0 compute buffer size is 298.5000 MiB, matches expectation of 298.5000 MiB
~llama_context:        CPU compute buffer size is   7.5137 MiB, matches expectation of   7.5137 MiB
~llama_context:        CPU compute buffer size is   0.0000 MiB, matches expectation of   0.0000 MiB
ggml_metal_free: deallocating
