ggml_metal_device_init: testing tensor API for f16 support
ggml_metal_library_compile_pipeline: compiling pipeline: base = 'dummy_kernel', name = 'dummy_kernel'
ggml_metal_library_compile_pipeline: loaded dummy_kernel                                  0x10139f130 | th_max = 1024 | th_width =   32
ggml_metal_device_init: testing tensor API for bfloat support
ggml_metal_library_compile_pipeline: compiling pipeline: base = 'dummy_kernel', name = 'dummy_kernel'
ggml_metal_library_compile_pipeline: loaded dummy_kernel                                  0x10139fc30 | th_max = 1024 | th_width =   32
ggml_metal_library_init: using embedded metal library
ggml_metal_library_compile_all: compiled 'fa' library in 0.009 sec
ggml_metal_library_compile_all: compiled 'mul_mv' library in 0.010 sec
ggml_metal_library_compile_all: compiled 'mul_mm' library in 0.002 sec
ggml_metal_library_compile_all: compiled 'quantize' library in 0.002 sec
ggml_metal_library_compile_all: compiled 'softmax' library in 0.000 sec
ggml_metal_library_compile_all: compiled 'norm' library in 0.000 sec
ggml_metal_library_compile_all: compiled 'unary' library in 0.000 sec
ggml_metal_library_compile_all: compiled 'binbcast' library in 0.000 sec
ggml_metal_library_compile_all: compiled 'reduce' library in 0.000 sec
ggml_metal_library_compile_all: compiled 'tri' library in 0.009 sec
ggml_metal_library_compile_all: compiled 'ssm' library in 0.000 sec
ggml_metal_library_compile_all: compiled 'wkv' library in 0.000 sec
ggml_metal_library_compile_all: compiled 'gated_delta_net' library in 0.010 sec
ggml_metal_library_compile_all: compiled 'solve_tri' library in 0.009 sec
ggml_metal_library_compile_all: compiled 'rope' library in 0.009 sec
ggml_metal_library_compile_all: compiled 'conv' library in 0.009 sec
ggml_metal_library_compile_all: compiled 'upscale' library in 0.009 sec
ggml_metal_library_compile_all: compiled 'argsort' library in 0.009 sec
ggml_metal_library_compile_all: compiled 'pool' library in 0.009 sec
ggml_metal_library_compile_all: compiled 'misc' library in 0.009 sec
ggml_metal_library_compile_all: loaded 20 libraries from embedded data in 0.010 sec (max single = 0.010 sec)
ggml_metal_rsets_init: creating a residency set collection (keep_alive = 180 s)
ggml_metal_device_init: GPU name:   MTL0 (Apple M5)
ggml_metal_device_init: GPU family: MTLGPUFamilyApple10  (1010)
ggml_metal_device_init: GPU family: MTLGPUFamilyMetal4  (5002)
ggml_metal_device_init: simdgroup reduction   = true
ggml_metal_device_init: simdgroup matrix mul. = true
ggml_metal_device_init: has unified memory    = true
ggml_metal_device_init: has bfloat            = true
ggml_metal_device_init: has tensor            = true
ggml_metal_device_init: use residency sets    = true
ggml_metal_device_init: use shared buffers    = true
ggml_metal_device_init: recommendedMaxWorkingSetSize  = 25769.80 MB
llama_model_loader: loaded meta data with 26 key-value pairs and 291 tensors from /private/tmp/ferrum-phase5-qwen-gguf-lower/qwen2.5-0.5b-instruct-q4_k_m.gguf (version GGUF V3 (latest))
llama_model_loader: Dumping metadata keys/values. Note: KV overrides do not apply in this output.
llama_model_loader: - kv   0:                       general.architecture str              = qwen2
llama_model_loader: - kv   1:                               general.type str              = model
llama_model_loader: - kv   2:                               general.name str              = qwen2.5-0.5b-instruct
llama_model_loader: - kv   3:                            general.version str              = v0.1
llama_model_loader: - kv   4:                           general.finetune str              = qwen2.5-0.5b-instruct
llama_model_loader: - kv   5:                         general.size_label str              = 630M
llama_model_loader: - kv   6:                          qwen2.block_count u32              = 24
llama_model_loader: - kv   7:                       qwen2.context_length u32              = 32768
llama_model_loader: - kv   8:                     qwen2.embedding_length u32              = 896
llama_model_loader: - kv   9:                  qwen2.feed_forward_length u32              = 4864
llama_model_loader: - kv  10:                 qwen2.attention.head_count u32              = 14
llama_model_loader: - kv  11:              qwen2.attention.head_count_kv u32              = 2
llama_model_loader: - kv  12:                       qwen2.rope.freq_base f32              = 1000000.000000
llama_model_loader: - kv  13:     qwen2.attention.layer_norm_rms_epsilon f32              = 0.000001
llama_model_loader: - kv  14:                          general.file_type u32              = 15
llama_model_loader: - kv  15:                       tokenizer.ggml.model str              = gpt2
llama_model_loader: - kv  16:                         tokenizer.ggml.pre str              = qwen2
llama_model_loader: - kv  17:                      tokenizer.ggml.tokens arr[str,151936]  = ["!", "\"", "#", "$", "%", "&", "'", ...
llama_model_loader: - kv  18:                  tokenizer.ggml.token_type arr[i32,151936]  = [1, 1, 1, 1, 1, 1, 1, 1, 1, 1, 1, 1, ...
llama_model_loader: - kv  19:                      tokenizer.ggml.merges arr[str,151387]  = ["Ġ Ġ", "ĠĠ ĠĠ", "i n", "Ġ t",...
llama_model_loader: - kv  20:                tokenizer.ggml.eos_token_id u32              = 151645
llama_model_loader: - kv  21:            tokenizer.ggml.padding_token_id u32              = 151643
llama_model_loader: - kv  22:                tokenizer.ggml.bos_token_id u32              = 151643
llama_model_loader: - kv  23:               tokenizer.ggml.add_bos_token bool             = false
llama_model_loader: - kv  24:                    tokenizer.chat_template str              = {%- if tools %}\n    {{- '<|im_start|>...
llama_model_loader: - kv  25:               general.quantization_version u32              = 2
llama_model_loader: - type  f32:  121 tensors
llama_model_loader: - type q5_0:  133 tensors
llama_model_loader: - type q8_0:   13 tensors
llama_model_loader: - type q4_K:   12 tensors
llama_model_loader: - type q6_K:   12 tensors
print_info: file format = GGUF V3 (latest)
print_info: file type   = Q4_K - Medium
print_info: file size   = 462.96 MiB (6.16 BPW) 
llama_prepare_model_devices: using device MTL0 (Apple M5) (unknown id) - 24575 MiB free
init_tokenizer: initializing tokenizer for type 2
load: 0 unused tokens
load: control token: 151659 '<|fim_prefix|>' is not marked as EOG
load: control token: 151656 '<|video_pad|>' is not marked as EOG
load: control token: 151655 '<|image_pad|>' is not marked as EOG
load: control token: 151653 '<|vision_end|>' is not marked as EOG
load: control token: 151652 '<|vision_start|>' is not marked as EOG
load: control token: 151651 '<|quad_end|>' is not marked as EOG
load: control token: 151649 '<|box_end|>' is not marked as EOG
load: control token: 151648 '<|box_start|>' is not marked as EOG
load: control token: 151646 '<|object_ref_start|>' is not marked as EOG
load: control token: 151644 '<|im_start|>' is not marked as EOG
load: control token: 151661 '<|fim_suffix|>' is not marked as EOG
load: control token: 151647 '<|object_ref_end|>' is not marked as EOG
load: control-looking token: 128247 '</s>' was not control-type; this is probably a bug in the model. its type will be overridden
load: control token: 151660 '<|fim_middle|>' is not marked as EOG
load: control token: 151654 '<|vision_pad|>' is not marked as EOG
load: control token: 151650 '<|quad_start|>' is not marked as EOG
load: printing all EOG tokens:
load:   - 128247 ('</s>')
load:   - 151643 ('<|endoftext|>')
load:   - 151645 ('<|im_end|>')
load:   - 151662 ('<|fim_pad|>')
load:   - 151663 ('<|repo_name|>')
load:   - 151664 ('<|file_sep|>')
load: special tokens cache size = 23
load: token to piece cache size = 0.9310 MB
print_info: arch                  = qwen2
print_info: vocab_only            = 0
print_info: no_alloc              = 0
print_info: n_ctx_train           = 32768
print_info: n_embd_inp            = 896
print_info: n_embd                = 896
print_info: n_embd_out            = 896
print_info: n_layer               = 24
print_info: n_layer_all           = 24
print_info: n_head                = 14
print_info: n_head_kv             = 2
print_info: n_rot                 = 64
print_info: n_swa                 = 0
print_info: is_swa_any            = 0
print_info: non_causal_type       = 0
print_info: n_embd_head_k         = 64
print_info: n_embd_head_v         = 64
print_info: n_gqa                 = 7
print_info: n_embd_k_gqa          = 128
print_info: n_embd_v_gqa          = 128
print_info: f_norm_eps            = 0.0e+00
print_info: f_norm_rms_eps        = 1.0e-06
print_info: f_clamp_kqv           = 0.0e+00
print_info: f_max_alibi_bias      = 0.0e+00
print_info: f_logit_scale         = 0.0e+00
print_info: f_attn_scale          = 0.0e+00
print_info: f_attn_value_scale    = 0.0000
print_info: n_ff                  = 4864
print_info: n_expert              = 0
print_info: n_expert_used         = 0
print_info: n_expert_groups       = 0
print_info: n_group_used          = 0
print_info: causal attn           = 1
print_info: pooling type          = -1
print_info: rope type             = 2
print_info: rope scaling          = linear
print_info: freq_base_train       = 1000000.0
print_info: freq_scale_train      = 1
print_info: n_ctx_orig_yarn       = 32768
print_info: rope_yarn_log_mul     = 0.0000
print_info: rope_finetuned        = unknown
print_info: model type            = 1B
print_info: model params          = 630.17 M
print_info: general.name          = qwen2.5-0.5b-instruct
print_info: vocab type            = BPE
print_info: n_vocab               = 151936
print_info: n_merges              = 151387
print_info: BOS token             = 151643 '<|endoftext|>'
print_info: EOS token             = 151645 '<|im_end|>'
print_info: EOT token             = 151645 '<|im_end|>'
print_info: PAD token             = 151643 '<|endoftext|>'
print_info: LF token              = 198 'Ċ'
print_info: FIM PRE token         = 151659 '<|fim_prefix|>'
print_info: FIM SUF token         = 151661 '<|fim_suffix|>'
print_info: FIM MID token         = 151660 '<|fim_middle|>'
print_info: FIM PAD token         = 151662 '<|fim_pad|>'
print_info: FIM REP token         = 151663 '<|repo_name|>'
print_info: FIM SEP token         = 151664 '<|file_sep|>'
print_info: EOG token             = 128247 '</s>'
print_info: EOG token             = 151643 '<|endoftext|>'
print_info: EOG token             = 151645 '<|im_end|>'
print_info: EOG token             = 151662 '<|fim_pad|>'
print_info: EOG token             = 151663 '<|repo_name|>'
print_info: EOG token             = 151664 '<|file_sep|>'
print_info: max token length      = 256
load_tensors: loading model tensors, this can take a while... (load_mode = mmap)
load_tensors: layer   0 assigned to device MTL0, is_swa = 0
load_tensors: layer   1 assigned to device MTL0, is_swa = 0
load_tensors: layer   2 assigned to device MTL0, is_swa = 0
load_tensors: layer   3 assigned to device MTL0, is_swa = 0
load_tensors: layer   4 assigned to device MTL0, is_swa = 0
load_tensors: layer   5 assigned to device MTL0, is_swa = 0
load_tensors: layer   6 assigned to device MTL0, is_swa = 0
load_tensors: layer   7 assigned to device MTL0, is_swa = 0
load_tensors: layer   8 assigned to device MTL0, is_swa = 0
load_tensors: layer   9 assigned to device MTL0, is_swa = 0
load_tensors: layer  10 assigned to device MTL0, is_swa = 0
load_tensors: layer  11 assigned to device MTL0, is_swa = 0
load_tensors: layer  12 assigned to device MTL0, is_swa = 0
load_tensors: layer  13 assigned to device MTL0, is_swa = 0
load_tensors: layer  14 assigned to device MTL0, is_swa = 0
load_tensors: layer  15 assigned to device MTL0, is_swa = 0
load_tensors: layer  16 assigned to device MTL0, is_swa = 0
load_tensors: layer  17 assigned to device MTL0, is_swa = 0
load_tensors: layer  18 assigned to device MTL0, is_swa = 0
load_tensors: layer  19 assigned to device MTL0, is_swa = 0
load_tensors: layer  20 assigned to device MTL0, is_swa = 0
load_tensors: layer  21 assigned to device MTL0, is_swa = 0
load_tensors: layer  22 assigned to device MTL0, is_swa = 0
load_tensors: layer  23 assigned to device MTL0, is_swa = 0
load_tensors: layer  24 assigned to device MTL0, is_swa = 0
create_tensor: loading tensor token_embd.weight
create_tensor: loading tensor output_norm.weight
create_tensor: loading tensor output.weight
create_tensor: loading tensor output.bias
create_tensor: loading tensor blk.0.attn_norm.weight
create_tensor: loading tensor blk.0.attn_qkv.weight
create_tensor: loading tensor blk.0.attn_q.weight
create_tensor: loading tensor blk.0.attn_k.weight
create_tensor: loading tensor blk.0.attn_v.weight
create_tensor: loading tensor blk.0.attn_q.bias
create_tensor: loading tensor blk.0.attn_k.bias
create_tensor: loading tensor blk.0.attn_v.bias
create_tensor: loading tensor blk.0.attn_output.weight
create_tensor: loading tensor blk.0.ffn_norm.weight
create_tensor: loading tensor blk.0.ffn_gate.weight
create_tensor: loading tensor blk.0.ffn_down.weight
create_tensor: loading tensor blk.0.ffn_up.weight
create_tensor: loading tensor blk.1.attn_norm.weight
create_tensor: loading tensor blk.1.attn_qkv.weight
create_tensor: loading tensor blk.1.attn_q.weight
create_tensor: loading tensor blk.1.attn_k.weight
create_tensor: loading tensor blk.1.attn_v.weight
create_tensor: loading tensor blk.1.attn_q.bias
create_tensor: loading tensor blk.1.attn_k.bias
create_tensor: loading tensor blk.1.attn_v.bias
create_tensor: loading tensor blk.1.attn_output.weight
create_tensor: loading tensor blk.1.ffn_norm.weight
create_tensor: loading tensor blk.1.ffn_gate.weight
create_tensor: loading tensor blk.1.ffn_down.weight
create_tensor: loading tensor blk.1.ffn_up.weight
create_tensor: loading tensor blk.2.attn_norm.weight
create_tensor: loading tensor blk.2.attn_qkv.weight
create_tensor: loading tensor blk.2.attn_q.weight
create_tensor: loading tensor blk.2.attn_k.weight
create_tensor: loading tensor blk.2.attn_v.weight
create_tensor: loading tensor blk.2.attn_q.bias
create_tensor: loading tensor blk.2.attn_k.bias
create_tensor: loading tensor blk.2.attn_v.bias
create_tensor: loading tensor blk.2.attn_output.weight
create_tensor: loading tensor blk.2.ffn_norm.weight
create_tensor: loading tensor blk.2.ffn_gate.weight
create_tensor: loading tensor blk.2.ffn_down.weight
create_tensor: loading tensor blk.2.ffn_up.weight
create_tensor: loading tensor blk.3.attn_norm.weight
create_tensor: loading tensor blk.3.attn_qkv.weight
create_tensor: loading tensor blk.3.attn_q.weight
create_tensor: loading tensor blk.3.attn_k.weight
create_tensor: loading tensor blk.3.attn_v.weight
create_tensor: loading tensor blk.3.attn_q.bias
create_tensor: loading tensor blk.3.attn_k.bias
create_tensor: loading tensor blk.3.attn_v.bias
create_tensor: loading tensor blk.3.attn_output.weight
create_tensor: loading tensor blk.3.ffn_norm.weight
create_tensor: loading tensor blk.3.ffn_gate.weight
create_tensor: loading tensor blk.3.ffn_down.weight
create_tensor: loading tensor blk.3.ffn_up.weight
create_tensor: loading tensor blk.4.attn_norm.weight
create_tensor: loading tensor blk.4.attn_qkv.weight
create_tensor: loading tensor blk.4.attn_q.weight
create_tensor: loading tensor blk.4.attn_k.weight
create_tensor: loading tensor blk.4.attn_v.weight
create_tensor: loading tensor blk.4.attn_q.bias
create_tensor: loading tensor blk.4.attn_k.bias
create_tensor: loading tensor blk.4.attn_v.bias
create_tensor: loading tensor blk.4.attn_output.weight
create_tensor: loading tensor blk.4.ffn_norm.weight
create_tensor: loading tensor blk.4.ffn_gate.weight
create_tensor: loading tensor blk.4.ffn_down.weight
create_tensor: loading tensor blk.4.ffn_up.weight
create_tensor: loading tensor blk.5.attn_norm.weight
create_tensor: loading tensor blk.5.attn_qkv.weight
create_tensor: loading tensor blk.5.attn_q.weight
create_tensor: loading tensor blk.5.attn_k.weight
create_tensor: loading tensor blk.5.attn_v.weight
create_tensor: loading tensor blk.5.attn_q.bias
create_tensor: loading tensor blk.5.attn_k.bias
create_tensor: loading tensor blk.5.attn_v.bias
create_tensor: loading tensor blk.5.attn_output.weight
create_tensor: loading tensor blk.5.ffn_norm.weight
create_tensor: loading tensor blk.5.ffn_gate.weight
create_tensor: loading tensor blk.5.ffn_down.weight
create_tensor: loading tensor blk.5.ffn_up.weight
create_tensor: loading tensor blk.6.attn_norm.weight
create_tensor: loading tensor blk.6.attn_qkv.weight
create_tensor: loading tensor blk.6.attn_q.weight
create_tensor: loading tensor blk.6.attn_k.weight
create_tensor: loading tensor blk.6.attn_v.weight
create_tensor: loading tensor blk.6.attn_q.bias
create_tensor: loading tensor blk.6.attn_k.bias
create_tensor: loading tensor blk.6.attn_v.bias
create_tensor: loading tensor blk.6.attn_output.weight
create_tensor: loading tensor blk.6.ffn_norm.weight
create_tensor: loading tensor blk.6.ffn_gate.weight
create_tensor: loading tensor blk.6.ffn_down.weight
create_tensor: loading tensor blk.6.ffn_up.weight
create_tensor: loading tensor blk.7.attn_norm.weight
create_tensor: loading tensor blk.7.attn_qkv.weight
create_tensor: loading tensor blk.7.attn_q.weight
create_tensor: loading tensor blk.7.attn_k.weight
create_tensor: loading tensor blk.7.attn_v.weight
create_tensor: loading tensor blk.7.attn_q.bias
create_tensor: loading tensor blk.7.attn_k.bias
create_tensor: loading tensor blk.7.attn_v.bias
create_tensor: loading tensor blk.7.attn_output.weight
create_tensor: loading tensor blk.7.ffn_norm.weight
create_tensor: loading tensor blk.7.ffn_gate.weight
create_tensor: loading tensor blk.7.ffn_down.weight
create_tensor: loading tensor blk.7.ffn_up.weight
create_tensor: loading tensor blk.8.attn_norm.weight
create_tensor: loading tensor blk.8.attn_qkv.weight
create_tensor: loading tensor blk.8.attn_q.weight
create_tensor: loading tensor blk.8.attn_k.weight
create_tensor: loading tensor blk.8.attn_v.weight
create_tensor: loading tensor blk.8.attn_q.bias
create_tensor: loading tensor blk.8.attn_k.bias
create_tensor: loading tensor blk.8.attn_v.bias
create_tensor: loading tensor blk.8.attn_output.weight
create_tensor: loading tensor blk.8.ffn_norm.weight
create_tensor: loading tensor blk.8.ffn_gate.weight
create_tensor: loading tensor blk.8.ffn_down.weight
create_tensor: loading tensor blk.8.ffn_up.weight
create_tensor: loading tensor blk.9.attn_norm.weight
create_tensor: loading tensor blk.9.attn_qkv.weight
create_tensor: loading tensor blk.9.attn_q.weight
create_tensor: loading tensor blk.9.attn_k.weight
create_tensor: loading tensor blk.9.attn_v.weight
create_tensor: loading tensor blk.9.attn_q.bias
create_tensor: loading tensor blk.9.attn_k.bias
create_tensor: loading tensor blk.9.attn_v.bias
create_tensor: loading tensor blk.9.attn_output.weight
create_tensor: loading tensor blk.9.ffn_norm.weight
create_tensor: loading tensor blk.9.ffn_gate.weight
create_tensor: loading tensor blk.9.ffn_down.weight
create_tensor: loading tensor blk.9.ffn_up.weight
create_tensor: loading tensor blk.10.attn_norm.weight
create_tensor: loading tensor blk.10.attn_qkv.weight
create_tensor: loading tensor blk.10.attn_q.weight
create_tensor: loading tensor blk.10.attn_k.weight
create_tensor: loading tensor blk.10.attn_v.weight
create_tensor: loading tensor blk.10.attn_q.bias
create_tensor: loading tensor blk.10.attn_k.bias
create_tensor: loading tensor blk.10.attn_v.bias
create_tensor: loading tensor blk.10.attn_output.weight
create_tensor: loading tensor blk.10.ffn_norm.weight
create_tensor: loading tensor blk.10.ffn_gate.weight
create_tensor: loading tensor blk.10.ffn_down.weight
create_tensor: loading tensor blk.10.ffn_up.weight
create_tensor: loading tensor blk.11.attn_norm.weight
create_tensor: loading tensor blk.11.attn_qkv.weight
create_tensor: loading tensor blk.11.attn_q.weight
create_tensor: loading tensor blk.11.attn_k.weight
create_tensor: loading tensor blk.11.attn_v.weight
create_tensor: loading tensor blk.11.attn_q.bias
create_tensor: loading tensor blk.11.attn_k.bias
create_tensor: loading tensor blk.11.attn_v.bias
create_tensor: loading tensor blk.11.attn_output.weight
create_tensor: loading tensor blk.11.ffn_norm.weight
create_tensor: loading tensor blk.11.ffn_gate.weight
create_tensor: loading tensor blk.11.ffn_down.weight
create_tensor: loading tensor blk.11.ffn_up.weight
create_tensor: loading tensor blk.12.attn_norm.weight
create_tensor: loading tensor blk.12.attn_qkv.weight
create_tensor: loading tensor blk.12.attn_q.weight
create_tensor: loading tensor blk.12.attn_k.weight
create_tensor: loading tensor blk.12.attn_v.weight
create_tensor: loading tensor blk.12.attn_q.bias
create_tensor: loading tensor blk.12.attn_k.bias
create_tensor: loading tensor blk.12.attn_v.bias
create_tensor: loading tensor blk.12.attn_output.weight
create_tensor: loading tensor blk.12.ffn_norm.weight
create_tensor: loading tensor blk.12.ffn_gate.weight
create_tensor: loading tensor blk.12.ffn_down.weight
create_tensor: loading tensor blk.12.ffn_up.weight
create_tensor: loading tensor blk.13.attn_norm.weight
create_tensor: loading tensor blk.13.attn_qkv.weight
create_tensor: loading tensor blk.13.attn_q.weight
create_tensor: loading tensor blk.13.attn_k.weight
create_tensor: loading tensor blk.13.attn_v.weight
create_tensor: loading tensor blk.13.attn_q.bias
create_tensor: loading tensor blk.13.attn_k.bias
create_tensor: loading tensor blk.13.attn_v.bias
create_tensor: loading tensor blk.13.attn_output.weight
create_tensor: loading tensor blk.13.ffn_norm.weight
create_tensor: loading tensor blk.13.ffn_gate.weight
create_tensor: loading tensor blk.13.ffn_down.weight
create_tensor: loading tensor blk.13.ffn_up.weight
create_tensor: loading tensor blk.14.attn_norm.weight
create_tensor: loading tensor blk.14.attn_qkv.weight
create_tensor: loading tensor blk.14.attn_q.weight
create_tensor: loading tensor blk.14.attn_k.weight
create_tensor: loading tensor blk.14.attn_v.weight
create_tensor: loading tensor blk.14.attn_q.bias
create_tensor: loading tensor blk.14.attn_k.bias
create_tensor: loading tensor blk.14.attn_v.bias
create_tensor: loading tensor blk.14.attn_output.weight
create_tensor: loading tensor blk.14.ffn_norm.weight
create_tensor: loading tensor blk.14.ffn_gate.weight
create_tensor: loading tensor blk.14.ffn_down.weight
create_tensor: loading tensor blk.14.ffn_up.weight
create_tensor: loading tensor blk.15.attn_norm.weight
create_tensor: loading tensor blk.15.attn_qkv.weight
create_tensor: loading tensor blk.15.attn_q.weight
create_tensor: loading tensor blk.15.attn_k.weight
create_tensor: loading tensor blk.15.attn_v.weight
create_tensor: loading tensor blk.15.attn_q.bias
create_tensor: loading tensor blk.15.attn_k.bias
create_tensor: loading tensor blk.15.attn_v.bias
create_tensor: loading tensor blk.15.attn_output.weight
create_tensor: loading tensor blk.15.ffn_norm.weight
create_tensor: loading tensor blk.15.ffn_gate.weight
create_tensor: loading tensor blk.15.ffn_down.weight
create_tensor: loading tensor blk.15.ffn_up.weight
create_tensor: loading tensor blk.16.attn_norm.weight
create_tensor: loading tensor blk.16.attn_qkv.weight
create_tensor: loading tensor blk.16.attn_q.weight
create_tensor: loading tensor blk.16.attn_k.weight
create_tensor: loading tensor blk.16.attn_v.weight
create_tensor: loading tensor blk.16.attn_q.bias
create_tensor: loading tensor blk.16.attn_k.bias
create_tensor: loading tensor blk.16.attn_v.bias
create_tensor: loading tensor blk.16.attn_output.weight
create_tensor: loading tensor blk.16.ffn_norm.weight
create_tensor: loading tensor blk.16.ffn_gate.weight
create_tensor: loading tensor blk.16.ffn_down.weight
create_tensor: loading tensor blk.16.ffn_up.weight
create_tensor: loading tensor blk.17.attn_norm.weight
create_tensor: loading tensor blk.17.attn_qkv.weight
create_tensor: loading tensor blk.17.attn_q.weight
create_tensor: loading tensor blk.17.attn_k.weight
create_tensor: loading tensor blk.17.attn_v.weight
create_tensor: loading tensor blk.17.attn_q.bias
create_tensor: loading tensor blk.17.attn_k.bias
create_tensor: loading tensor blk.17.attn_v.bias
create_tensor: loading tensor blk.17.attn_output.weight
create_tensor: loading tensor blk.17.ffn_norm.weight
create_tensor: loading tensor blk.17.ffn_gate.weight
create_tensor: loading tensor blk.17.ffn_down.weight
create_tensor: loading tensor blk.17.ffn_up.weight
create_tensor: loading tensor blk.18.attn_norm.weight
create_tensor: loading tensor blk.18.attn_qkv.weight
create_tensor: loading tensor blk.18.attn_q.weight
create_tensor: loading tensor blk.18.attn_k.weight
create_tensor: loading tensor blk.18.attn_v.weight
create_tensor: loading tensor blk.18.attn_q.bias
create_tensor: loading tensor blk.18.attn_k.bias
create_tensor: loading tensor blk.18.attn_v.bias
create_tensor: loading tensor blk.18.attn_output.weight
create_tensor: loading tensor blk.18.ffn_norm.weight
create_tensor: loading tensor blk.18.ffn_gate.weight
create_tensor: loading tensor blk.18.ffn_down.weight
create_tensor: loading tensor blk.18.ffn_up.weight
create_tensor: loading tensor blk.19.attn_norm.weight
create_tensor: loading tensor blk.19.attn_qkv.weight
create_tensor: loading tensor blk.19.attn_q.weight
create_tensor: loading tensor blk.19.attn_k.weight
create_tensor: loading tensor blk.19.attn_v.weight
create_tensor: loading tensor blk.19.attn_q.bias
create_tensor: loading tensor blk.19.attn_k.bias
create_tensor: loading tensor blk.19.attn_v.bias
create_tensor: loading tensor blk.19.attn_output.weight
create_tensor: loading tensor blk.19.ffn_norm.weight
create_tensor: loading tensor blk.19.ffn_gate.weight
create_tensor: loading tensor blk.19.ffn_down.weight
create_tensor: loading tensor blk.19.ffn_up.weight
create_tensor: loading tensor blk.20.attn_norm.weight
create_tensor: loading tensor blk.20.attn_qkv.weight
create_tensor: loading tensor blk.20.attn_q.weight
create_tensor: loading tensor blk.20.attn_k.weight
create_tensor: loading tensor blk.20.attn_v.weight
create_tensor: loading tensor blk.20.attn_q.bias
create_tensor: loading tensor blk.20.attn_k.bias
create_tensor: loading tensor blk.20.attn_v.bias
create_tensor: loading tensor blk.20.attn_output.weight
create_tensor: loading tensor blk.20.ffn_norm.weight
create_tensor: loading tensor blk.20.ffn_gate.weight
create_tensor: loading tensor blk.20.ffn_down.weight
create_tensor: loading tensor blk.20.ffn_up.weight
create_tensor: loading tensor blk.21.attn_norm.weight
create_tensor: loading tensor blk.21.attn_qkv.weight
create_tensor: loading tensor blk.21.attn_q.weight
create_tensor: loading tensor blk.21.attn_k.weight
create_tensor: loading tensor blk.21.attn_v.weight
create_tensor: loading tensor blk.21.attn_q.bias
create_tensor: loading tensor blk.21.attn_k.bias
create_tensor: loading tensor blk.21.attn_v.bias
create_tensor: loading tensor blk.21.attn_output.weight
create_tensor: loading tensor blk.21.ffn_norm.weight
create_tensor: loading tensor blk.21.ffn_gate.weight
create_tensor: loading tensor blk.21.ffn_down.weight
create_tensor: loading tensor blk.21.ffn_up.weight
create_tensor: loading tensor blk.22.attn_norm.weight
create_tensor: loading tensor blk.22.attn_qkv.weight
create_tensor: loading tensor blk.22.attn_q.weight
create_tensor: loading tensor blk.22.attn_k.weight
create_tensor: loading tensor blk.22.attn_v.weight
create_tensor: loading tensor blk.22.attn_q.bias
create_tensor: loading tensor blk.22.attn_k.bias
create_tensor: loading tensor blk.22.attn_v.bias
create_tensor: loading tensor blk.22.attn_output.weight
create_tensor: loading tensor blk.22.ffn_norm.weight
create_tensor: loading tensor blk.22.ffn_gate.weight
create_tensor: loading tensor blk.22.ffn_down.weight
create_tensor: loading tensor blk.22.ffn_up.weight
create_tensor: loading tensor blk.23.attn_norm.weight
create_tensor: loading tensor blk.23.attn_qkv.weight
create_tensor: loading tensor blk.23.attn_q.weight
create_tensor: loading tensor blk.23.attn_k.weight
create_tensor: loading tensor blk.23.attn_v.weight
create_tensor: loading tensor blk.23.attn_q.bias
create_tensor: loading tensor blk.23.attn_k.bias
create_tensor: loading tensor blk.23.attn_v.bias
create_tensor: loading tensor blk.23.attn_output.weight
create_tensor: loading tensor blk.23.ffn_norm.weight
create_tensor: loading tensor blk.23.ffn_gate.weight
create_tensor: loading tensor blk.23.ffn_down.weight
create_tensor: loading tensor blk.23.ffn_up.weight
create_tensor: loading tensor blk.0.attn_q.scale
create_tensor: loading tensor blk.0.attn_k.scale
create_tensor: loading tensor blk.0.attn_v.scale
create_tensor: loading tensor blk.0.attn_output.scale
create_tensor: loading tensor blk.0.ffn_gate.scale
create_tensor: loading tensor blk.0.ffn_down.scale
create_tensor: loading tensor blk.0.ffn_up.scale
create_tensor: loading tensor blk.0.attn_q.input_scale
create_tensor: loading tensor blk.0.attn_k.input_scale
create_tensor: loading tensor blk.0.attn_v.input_scale
create_tensor: loading tensor blk.0.attn_output.input_scale
create_tensor: loading tensor blk.0.ffn_gate.input_scale
create_tensor: loading tensor blk.0.ffn_down.input_scale
create_tensor: loading tensor blk.0.ffn_up.input_scale
create_tensor: loading tensor blk.1.attn_q.scale
create_tensor: loading tensor blk.1.attn_k.scale
create_tensor: loading tensor blk.1.attn_v.scale
create_tensor: loading tensor blk.1.attn_output.scale
create_tensor: loading tensor blk.1.ffn_gate.scale
create_tensor: loading tensor blk.1.ffn_down.scale
create_tensor: loading tensor blk.1.ffn_up.scale
create_tensor: loading tensor blk.1.attn_q.input_scale
create_tensor: loading tensor blk.1.attn_k.input_scale
create_tensor: loading tensor blk.1.attn_v.input_scale
create_tensor: loading tensor blk.1.attn_output.input_scale
create_tensor: loading tensor blk.1.ffn_gate.input_scale
create_tensor: loading tensor blk.1.ffn_down.input_scale
create_tensor: loading tensor blk.1.ffn_up.input_scale
create_tensor: loading tensor blk.2.attn_q.scale
create_tensor: loading tensor blk.2.attn_k.scale
create_tensor: loading tensor blk.2.attn_v.scale
create_tensor: loading tensor blk.2.attn_output.scale
create_tensor: loading tensor blk.2.ffn_gate.scale
create_tensor: loading tensor blk.2.ffn_down.scale
create_tensor: loading tensor blk.2.ffn_up.scale
create_tensor: loading tensor blk.2.attn_q.input_scale
create_tensor: loading tensor blk.2.attn_k.input_scale
create_tensor: loading tensor blk.2.attn_v.input_scale
create_tensor: loading tensor blk.2.attn_output.input_scale
create_tensor: loading tensor blk.2.ffn_gate.input_scale
create_tensor: loading tensor blk.2.ffn_down.input_scale
create_tensor: loading tensor blk.2.ffn_up.input_scale
create_tensor: loading tensor blk.3.attn_q.scale
create_tensor: loading tensor blk.3.attn_k.scale
create_tensor: loading tensor blk.3.attn_v.scale
create_tensor: loading tensor blk.3.attn_output.scale
create_tensor: loading tensor blk.3.ffn_gate.scale
create_tensor: loading tensor blk.3.ffn_down.scale
create_tensor: loading tensor blk.3.ffn_up.scale
create_tensor: loading tensor blk.3.attn_q.input_scale
create_tensor: loading tensor blk.3.attn_k.input_scale
create_tensor: loading tensor blk.3.attn_v.input_scale
create_tensor: loading tensor blk.3.attn_output.input_scale
create_tensor: loading tensor blk.3.ffn_gate.input_scale
create_tensor: loading tensor blk.3.ffn_down.input_scale
create_tensor: loading tensor blk.3.ffn_up.input_scale
create_tensor: loading tensor blk.4.attn_q.scale
create_tensor: loading tensor blk.4.attn_k.scale
create_tensor: loading tensor blk.4.attn_v.scale
create_tensor: loading tensor blk.4.attn_output.scale
create_tensor: loading tensor blk.4.ffn_gate.scale
create_tensor: loading tensor blk.4.ffn_down.scale
create_tensor: loading tensor blk.4.ffn_up.scale
create_tensor: loading tensor blk.4.attn_q.input_scale
create_tensor: loading tensor blk.4.attn_k.input_scale
create_tensor: loading tensor blk.4.attn_v.input_scale
create_tensor: loading tensor blk.4.attn_output.input_scale
create_tensor: loading tensor blk.4.ffn_gate.input_scale
create_tensor: loading tensor blk.4.ffn_down.input_scale
create_tensor: loading tensor blk.4.ffn_up.input_scale
create_tensor: loading tensor blk.5.attn_q.scale
create_tensor: loading tensor blk.5.attn_k.scale
create_tensor: loading tensor blk.5.attn_v.scale
create_tensor: loading tensor blk.5.attn_output.scale
create_tensor: loading tensor blk.5.ffn_gate.scale
create_tensor: loading tensor blk.5.ffn_down.scale
create_tensor: loading tensor blk.5.ffn_up.scale
create_tensor: loading tensor blk.5.attn_q.input_scale
create_tensor: loading tensor blk.5.attn_k.input_scale
create_tensor: loading tensor blk.5.attn_v.input_scale
create_tensor: loading tensor blk.5.attn_output.input_scale
create_tensor: loading tensor blk.5.ffn_gate.input_scale
create_tensor: loading tensor blk.5.ffn_down.input_scale
create_tensor: loading tensor blk.5.ffn_up.input_scale
create_tensor: loading tensor blk.6.attn_q.scale
create_tensor: loading tensor blk.6.attn_k.scale
create_tensor: loading tensor blk.6.attn_v.scale
create_tensor: loading tensor blk.6.attn_output.scale
create_tensor: loading tensor blk.6.ffn_gate.scale
create_tensor: loading tensor blk.6.ffn_down.scale
create_tensor: loading tensor blk.6.ffn_up.scale
create_tensor: loading tensor blk.6.attn_q.input_scale
create_tensor: loading tensor blk.6.attn_k.input_scale
create_tensor: loading tensor blk.6.attn_v.input_scale
create_tensor: loading tensor blk.6.attn_output.input_scale
create_tensor: loading tensor blk.6.ffn_gate.input_scale
create_tensor: loading tensor blk.6.ffn_down.input_scale
create_tensor: loading tensor blk.6.ffn_up.input_scale
create_tensor: loading tensor blk.7.attn_q.scale
create_tensor: loading tensor blk.7.attn_k.scale
create_tensor: loading tensor blk.7.attn_v.scale
create_tensor: loading tensor blk.7.attn_output.scale
create_tensor: loading tensor blk.7.ffn_gate.scale
create_tensor: loading tensor blk.7.ffn_down.scale
create_tensor: loading tensor blk.7.ffn_up.scale
create_tensor: loading tensor blk.7.attn_q.input_scale
create_tensor: loading tensor blk.7.attn_k.input_scale
create_tensor: loading tensor blk.7.attn_v.input_scale
create_tensor: loading tensor blk.7.attn_output.input_scale
create_tensor: loading tensor blk.7.ffn_gate.input_scale
create_tensor: loading tensor blk.7.ffn_down.input_scale
create_tensor: loading tensor blk.7.ffn_up.input_scale
create_tensor: loading tensor blk.8.attn_q.scale
create_tensor: loading tensor blk.8.attn_k.scale
create_tensor: loading tensor blk.8.attn_v.scale
create_tensor: loading tensor blk.8.attn_output.scale
create_tensor: loading tensor blk.8.ffn_gate.scale
create_tensor: loading tensor blk.8.ffn_down.scale
create_tensor: loading tensor blk.8.ffn_up.scale
create_tensor: loading tensor blk.8.attn_q.input_scale
create_tensor: loading tensor blk.8.attn_k.input_scale
create_tensor: loading tensor blk.8.attn_v.input_scale
create_tensor: loading tensor blk.8.attn_output.input_scale
create_tensor: loading tensor blk.8.ffn_gate.input_scale
create_tensor: loading tensor blk.8.ffn_down.input_scale
create_tensor: loading tensor blk.8.ffn_up.input_scale
create_tensor: loading tensor blk.9.attn_q.scale
create_tensor: loading tensor blk.9.attn_k.scale
create_tensor: loading tensor blk.9.attn_v.scale
create_tensor: loading tensor blk.9.attn_output.scale
create_tensor: loading tensor blk.9.ffn_gate.scale
create_tensor: loading tensor blk.9.ffn_down.scale
create_tensor: loading tensor blk.9.ffn_up.scale
create_tensor: loading tensor blk.9.attn_q.input_scale
create_tensor: loading tensor blk.9.attn_k.input_scale
create_tensor: loading tensor blk.9.attn_v.input_scale
create_tensor: loading tensor blk.9.attn_output.input_scale
create_tensor: loading tensor blk.9.ffn_gate.input_scale
create_tensor: loading tensor blk.9.ffn_down.input_scale
create_tensor: loading tensor blk.9.ffn_up.input_scale
create_tensor: loading tensor blk.10.attn_q.scale
create_tensor: loading tensor blk.10.attn_k.scale
create_tensor: loading tensor blk.10.attn_v.scale
create_tensor: loading tensor blk.10.attn_output.scale
create_tensor: loading tensor blk.10.ffn_gate.scale
create_tensor: loading tensor blk.10.ffn_down.scale
create_tensor: loading tensor blk.10.ffn_up.scale
create_tensor: loading tensor blk.10.attn_q.input_scale
create_tensor: loading tensor blk.10.attn_k.input_scale
create_tensor: loading tensor blk.10.attn_v.input_scale
create_tensor: loading tensor blk.10.attn_output.input_scale
create_tensor: loading tensor blk.10.ffn_gate.input_scale
create_tensor: loading tensor blk.10.ffn_down.input_scale
create_tensor: loading tensor blk.10.ffn_up.input_scale
create_tensor: loading tensor blk.11.attn_q.scale
create_tensor: loading tensor blk.11.attn_k.scale
create_tensor: loading tensor blk.11.attn_v.scale
create_tensor: loading tensor blk.11.attn_output.scale
create_tensor: loading tensor blk.11.ffn_gate.scale
create_tensor: loading tensor blk.11.ffn_down.scale
create_tensor: loading tensor blk.11.ffn_up.scale
create_tensor: loading tensor blk.11.attn_q.input_scale
create_tensor: loading tensor blk.11.attn_k.input_scale
create_tensor: loading tensor blk.11.attn_v.input_scale
create_tensor: loading tensor blk.11.attn_output.input_scale
create_tensor: loading tensor blk.11.ffn_gate.input_scale
create_tensor: loading tensor blk.11.ffn_down.input_scale
create_tensor: loading tensor blk.11.ffn_up.input_scale
create_tensor: loading tensor blk.12.attn_q.scale
create_tensor: loading tensor blk.12.attn_k.scale
create_tensor: loading tensor blk.12.attn_v.scale
create_tensor: loading tensor blk.12.attn_output.scale
create_tensor: loading tensor blk.12.ffn_gate.scale
create_tensor: loading tensor blk.12.ffn_down.scale
create_tensor: loading tensor blk.12.ffn_up.scale
create_tensor: loading tensor blk.12.attn_q.input_scale
create_tensor: loading tensor blk.12.attn_k.input_scale
create_tensor: loading tensor blk.12.attn_v.input_scale
create_tensor: loading tensor blk.12.attn_output.input_scale
create_tensor: loading tensor blk.12.ffn_gate.input_scale
create_tensor: loading tensor blk.12.ffn_down.input_scale
create_tensor: loading tensor blk.12.ffn_up.input_scale
create_tensor: loading tensor blk.13.attn_q.scale
create_tensor: loading tensor blk.13.attn_k.scale
create_tensor: loading tensor blk.13.attn_v.scale
create_tensor: loading tensor blk.13.attn_output.scale
create_tensor: loading tensor blk.13.ffn_gate.scale
create_tensor: loading tensor blk.13.ffn_down.scale
create_tensor: loading tensor blk.13.ffn_up.scale
create_tensor: loading tensor blk.13.attn_q.input_scale
create_tensor: loading tensor blk.13.attn_k.input_scale
create_tensor: loading tensor blk.13.attn_v.input_scale
create_tensor: loading tensor blk.13.attn_output.input_scale
create_tensor: loading tensor blk.13.ffn_gate.input_scale
create_tensor: loading tensor blk.13.ffn_down.input_scale
create_tensor: loading tensor blk.13.ffn_up.input_scale
create_tensor: loading tensor blk.14.attn_q.scale
create_tensor: loading tensor blk.14.attn_k.scale
create_tensor: loading tensor blk.14.attn_v.scale
create_tensor: loading tensor blk.14.attn_output.scale
create_tensor: loading tensor blk.14.ffn_gate.scale
create_tensor: loading tensor blk.14.ffn_down.scale
create_tensor: loading tensor blk.14.ffn_up.scale
create_tensor: loading tensor blk.14.attn_q.input_scale
create_tensor: loading tensor blk.14.attn_k.input_scale
create_tensor: loading tensor blk.14.attn_v.input_scale
create_tensor: loading tensor blk.14.attn_output.input_scale
create_tensor: loading tensor blk.14.ffn_gate.input_scale
create_tensor: loading tensor blk.14.ffn_down.input_scale
create_tensor: loading tensor blk.14.ffn_up.input_scale
create_tensor: loading tensor blk.15.attn_q.scale
create_tensor: loading tensor blk.15.attn_k.scale
create_tensor: loading tensor blk.15.attn_v.scale
create_tensor: loading tensor blk.15.attn_output.scale
create_tensor: loading tensor blk.15.ffn_gate.scale
create_tensor: loading tensor blk.15.ffn_down.scale
create_tensor: loading tensor blk.15.ffn_up.scale
create_tensor: loading tensor blk.15.attn_q.input_scale
create_tensor: loading tensor blk.15.attn_k.input_scale
create_tensor: loading tensor blk.15.attn_v.input_scale
create_tensor: loading tensor blk.15.attn_output.input_scale
create_tensor: loading tensor blk.15.ffn_gate.input_scale
create_tensor: loading tensor blk.15.ffn_down.input_scale
create_tensor: loading tensor blk.15.ffn_up.input_scale
create_tensor: loading tensor blk.16.attn_q.scale
create_tensor: loading tensor blk.16.attn_k.scale
create_tensor: loading tensor blk.16.attn_v.scale
create_tensor: loading tensor blk.16.attn_output.scale
create_tensor: loading tensor blk.16.ffn_gate.scale
create_tensor: loading tensor blk.16.ffn_down.scale
create_tensor: loading tensor blk.16.ffn_up.scale
create_tensor: loading tensor blk.16.attn_q.input_scale
create_tensor: loading tensor blk.16.attn_k.input_scale
create_tensor: loading tensor blk.16.attn_v.input_scale
create_tensor: loading tensor blk.16.attn_output.input_scale
create_tensor: loading tensor blk.16.ffn_gate.input_scale
create_tensor: loading tensor blk.16.ffn_down.input_scale
create_tensor: loading tensor blk.16.ffn_up.input_scale
create_tensor: loading tensor blk.17.attn_q.scale
create_tensor: loading tensor blk.17.attn_k.scale
create_tensor: loading tensor blk.17.attn_v.scale
create_tensor: loading tensor blk.17.attn_output.scale
create_tensor: loading tensor blk.17.ffn_gate.scale
create_tensor: loading tensor blk.17.ffn_down.scale
create_tensor: loading tensor blk.17.ffn_up.scale
create_tensor: loading tensor blk.17.attn_q.input_scale
create_tensor: loading tensor blk.17.attn_k.input_scale
create_tensor: loading tensor blk.17.attn_v.input_scale
create_tensor: loading tensor blk.17.attn_output.input_scale
create_tensor: loading tensor blk.17.ffn_gate.input_scale
create_tensor: loading tensor blk.17.ffn_down.input_scale
create_tensor: loading tensor blk.17.ffn_up.input_scale
create_tensor: loading tensor blk.18.attn_q.scale
create_tensor: loading tensor blk.18.attn_k.scale
create_tensor: loading tensor blk.18.attn_v.scale
create_tensor: loading tensor blk.18.attn_output.scale
create_tensor: loading tensor blk.18.ffn_gate.scale
create_tensor: loading tensor blk.18.ffn_down.scale
create_tensor: loading tensor blk.18.ffn_up.scale
create_tensor: loading tensor blk.18.attn_q.input_scale
create_tensor: loading tensor blk.18.attn_k.input_scale
create_tensor: loading tensor blk.18.attn_v.input_scale
create_tensor: loading tensor blk.18.attn_output.input_scale
create_tensor: loading tensor blk.18.ffn_gate.input_scale
create_tensor: loading tensor blk.18.ffn_down.input_scale
create_tensor: loading tensor blk.18.ffn_up.input_scale
create_tensor: loading tensor blk.19.attn_q.scale
create_tensor: loading tensor blk.19.attn_k.scale
create_tensor: loading tensor blk.19.attn_v.scale
create_tensor: loading tensor blk.19.attn_output.scale
create_tensor: loading tensor blk.19.ffn_gate.scale
create_tensor: loading tensor blk.19.ffn_down.scale
create_tensor: loading tensor blk.19.ffn_up.scale
create_tensor: loading tensor blk.19.attn_q.input_scale
create_tensor: loading tensor blk.19.attn_k.input_scale
create_tensor: loading tensor blk.19.attn_v.input_scale
create_tensor: loading tensor blk.19.attn_output.input_scale
create_tensor: loading tensor blk.19.ffn_gate.input_scale
create_tensor: loading tensor blk.19.ffn_down.input_scale
create_tensor: loading tensor blk.19.ffn_up.input_scale
create_tensor: loading tensor blk.20.attn_q.scale
create_tensor: loading tensor blk.20.attn_k.scale
create_tensor: loading tensor blk.20.attn_v.scale
create_tensor: loading tensor blk.20.attn_output.scale
create_tensor: loading tensor blk.20.ffn_gate.scale
create_tensor: loading tensor blk.20.ffn_down.scale
create_tensor: loading tensor blk.20.ffn_up.scale
create_tensor: loading tensor blk.20.attn_q.input_scale
create_tensor: loading tensor blk.20.attn_k.input_scale
create_tensor: loading tensor blk.20.attn_v.input_scale
create_tensor: loading tensor blk.20.attn_output.input_scale
create_tensor: loading tensor blk.20.ffn_gate.input_scale
create_tensor: loading tensor blk.20.ffn_down.input_scale
create_tensor: loading tensor blk.20.ffn_up.input_scale
create_tensor: loading tensor blk.21.attn_q.scale
create_tensor: loading tensor blk.21.attn_k.scale
create_tensor: loading tensor blk.21.attn_v.scale
create_tensor: loading tensor blk.21.attn_output.scale
create_tensor: loading tensor blk.21.ffn_gate.scale
create_tensor: loading tensor blk.21.ffn_down.scale
create_tensor: loading tensor blk.21.ffn_up.scale
create_tensor: loading tensor blk.21.attn_q.input_scale
create_tensor: loading tensor blk.21.attn_k.input_scale
create_tensor: loading tensor blk.21.attn_v.input_scale
create_tensor: loading tensor blk.21.attn_output.input_scale
create_tensor: loading tensor blk.21.ffn_gate.input_scale
create_tensor: loading tensor blk.21.ffn_down.input_scale
create_tensor: loading tensor blk.21.ffn_up.input_scale
create_tensor: loading tensor blk.22.attn_q.scale
create_tensor: loading tensor blk.22.attn_k.scale
create_tensor: loading tensor blk.22.attn_v.scale
create_tensor: loading tensor blk.22.attn_output.scale
create_tensor: loading tensor blk.22.ffn_gate.scale
create_tensor: loading tensor blk.22.ffn_down.scale
create_tensor: loading tensor blk.22.ffn_up.scale
create_tensor: loading tensor blk.22.attn_q.input_scale
create_tensor: loading tensor blk.22.attn_k.input_scale
create_tensor: loading tensor blk.22.attn_v.input_scale
create_tensor: loading tensor blk.22.attn_output.input_scale
create_tensor: loading tensor blk.22.ffn_gate.input_scale
create_tensor: loading tensor blk.22.ffn_down.input_scale
create_tensor: loading tensor blk.22.ffn_up.input_scale
create_tensor: loading tensor blk.23.attn_q.scale
create_tensor: loading tensor blk.23.attn_k.scale
create_tensor: loading tensor blk.23.attn_v.scale
create_tensor: loading tensor blk.23.attn_output.scale
create_tensor: loading tensor blk.23.ffn_gate.scale
create_tensor: loading tensor blk.23.ffn_down.scale
create_tensor: loading tensor blk.23.ffn_up.scale
create_tensor: loading tensor blk.23.attn_q.input_scale
create_tensor: loading tensor blk.23.attn_k.input_scale
create_tensor: loading tensor blk.23.attn_v.input_scale
create_tensor: loading tensor blk.23.attn_output.input_scale
create_tensor: loading tensor blk.23.ffn_gate.input_scale
create_tensor: loading tensor blk.23.ffn_down.input_scale
create_tensor: loading tensor blk.23.ffn_up.input_scale
done_getting_tensors: tensor 'token_embd.weight' (q5_0) (and 0 others) cannot be used with preferred buffer type CPU_REPACK, using CPU instead
ggml_metal_log_allocated_size: allocated buffer, size =   462.97 MiB, (  463.41 / 24576.00)
load_tensors: offloading output layer to GPU
load_tensors: offloading 23 repeating layers to GPU
load_tensors: offloaded 25/25 layers to GPU
load_tensors:   CPU_Mapped model buffer size =    89.26 MiB
load_tensors:  MTL0_Mapped model buffer size =   462.96 MiB
.....................................................
llama_context: constructing llama_context
llama_context: n_seq_max             = 1
llama_context: n_ctx                 = 4096
llama_context: n_ctx_seq             = 4096
llama_context: n_batch               = 2048
llama_context: n_ubatch              = 512
llama_context: causal_attn           = 1
llama_context: flash_attn            = enabled
llama_context: kv_unified            = false
llama_context: freq_base             = 1000000.0
llama_context: freq_scale            = 1
llama_context: n_rs_seq              = 0
llama_context: n_outputs_max         = 2048
llama_context: n_outputs_max_per_seq = 1
llama_context: n_ctx_seq (4096) < n_ctx_train (32768) -- the full capacity of the model will not be utilized
ggml_metal_init: allocating
ggml_metal_init: found device: Apple M5
ggml_metal_init: picking default device: Apple M5
ggml_metal_init: use fusion         = true
ggml_metal_init: use concurrency    = true
ggml_metal_init: use graph optimize = true
set_abort_callback: call
llama_context:        CPU  output buffer size =     0.58 MiB
llama_kv_cache: layer   0: dev = MTL0
llama_kv_cache: layer   1: dev = MTL0
llama_kv_cache: layer   2: dev = MTL0
llama_kv_cache: layer   3: dev = MTL0
llama_kv_cache: layer   4: dev = MTL0
llama_kv_cache: layer   5: dev = MTL0
llama_kv_cache: layer   6: dev = MTL0
llama_kv_cache: layer   7: dev = MTL0
llama_kv_cache: layer   8: dev = MTL0
llama_kv_cache: layer   9: dev = MTL0
llama_kv_cache: layer  10: dev = MTL0
llama_kv_cache: layer  11: dev = MTL0
llama_kv_cache: layer  12: dev = MTL0
llama_kv_cache: layer  13: dev = MTL0
llama_kv_cache: layer  14: dev = MTL0
llama_kv_cache: layer  15: dev = MTL0
llama_kv_cache: layer  16: dev = MTL0
llama_kv_cache: layer  17: dev = MTL0
llama_kv_cache: layer  18: dev = MTL0
llama_kv_cache: layer  19: dev = MTL0
llama_kv_cache: layer  20: dev = MTL0
llama_kv_cache: layer  21: dev = MTL0
llama_kv_cache: layer  22: dev = MTL0
llama_kv_cache: layer  23: dev = MTL0
llama_kv_cache:       MTL0 KV buffer size =    48.00 MiB
llama_kv_cache: size =   48.00 MiB (  4096 cells,  24 layers,  1/1 seqs), K (bf16):   24.00 MiB, V (bf16):   24.00 MiB
llama_kv_cache: attn_rot_k = 0, n_embd_head_k_all = 64
llama_kv_cache: attn_rot_v = 0, n_embd_head_k_all = 64
llama_context: enumerating backends
llama_context: backend_ptrs.size() = 3
sched_reserve: reserving ...
sched_reserve: max_nodes = 2328
sched_reserve: reserving full memory module
sched_reserve: worst-case: n_tokens = 512, n_seqs = 1, n_outputs = 1
resolve_fused_ops: resolving fused DeepSeek V4 HC support:
graph_reserve: reserving a graph for ubatch with n_tokens =    1, n_seqs =  1, n_outputs =    1
llama_graph_n_input_tensors: input tensor '                         out_ids' [i32, ne = {     1,     1,     1,     1 }] is used by node 'node_809' (GET_ROWS)
llama_graph_n_input_tensors: input tensor '                         out_ids' [i32, ne = {     1,     1,     1,     1 }] is used by node 'node_810' (GET_ROWS)
llama_graph_n_input_tensors: input tensor '                attn_inp_kq_mask' [f16, ne = {  4096,     1,     1,     1 }] is used by node 'node_24' (FLASH_ATTN_EXT)
llama_graph_n_input_tensors: input tensor '                attn_inp_kq_mask' [f16, ne = {  4096,     1,     1,     1 }] is used by node 'node_58' (FLASH_ATTN_EXT)
llama_graph_n_input_tensors: input tensor '                attn_inp_kq_mask' [f16, ne = {  4096,     1,     1,     1 }] is used by node 'node_92' (FLASH_ATTN_EXT)
llama_graph_n_input_tensors: input tensor '                attn_inp_kq_mask' [f16, ne = {  4096,     1,     1,     1 }] is used by node 'node_126' (FLASH_ATTN_EXT)
llama_graph_n_input_tensors: input tensor '                attn_inp_kq_mask' [f16, ne = {  4096,     1,     1,     1 }] is used by node 'node_160' (FLASH_ATTN_EXT)
llama_graph_n_input_tensors: input tensor '                attn_inp_kq_mask' [f16, ne = {  4096,     1,     1,     1 }] is used by node 'node_194' (FLASH_ATTN_EXT)
llama_graph_n_input_tensors: input tensor '                attn_inp_kq_mask' [f16, ne = {  4096,     1,     1,     1 }] is used by node 'node_228' (FLASH_ATTN_EXT)
llama_graph_n_input_tensors: input tensor '                attn_inp_kq_mask' [f16, ne = {  4096,     1,     1,     1 }] is used by node 'node_262' (FLASH_ATTN_EXT)
llama_graph_n_input_tensors: input tensor '                attn_inp_kq_mask' [f16, ne = {  4096,     1,     1,     1 }] is used by node 'node_296' (FLASH_ATTN_EXT)
llama_graph_n_input_tensors: input tensor '                attn_inp_kq_mask' [f16, ne = {  4096,     1,     1,     1 }] is used by node 'node_330' (FLASH_ATTN_EXT)
llama_graph_n_input_tensors: input tensor '                attn_inp_kq_mask' [f16, ne = {  4096,     1,     1,     1 }] is used by node 'node_364' (FLASH_ATTN_EXT)
llama_graph_n_input_tensors: input tensor '                attn_inp_kq_mask' [f16, ne = {  4096,     1,     1,     1 }] is used by node 'node_398' (FLASH_ATTN_EXT)
llama_graph_n_input_tensors: input tensor '                attn_inp_kq_mask' [f16, ne = {  4096,     1,     1,     1 }] is used by node 'node_432' (FLASH_ATTN_EXT)
llama_graph_n_input_tensors: input tensor '                attn_inp_kq_mask' [f16, ne = {  4096,     1,     1,     1 }] is used by node 'node_466' (FLASH_ATTN_EXT)
llama_graph_n_input_tensors: input tensor '                attn_inp_kq_mask' [f16, ne = {  4096,     1,     1,     1 }] is used by node 'node_500' (FLASH_ATTN_EXT)
llama_graph_n_input_tensors: input tensor '                attn_inp_kq_mask' [f16, ne = {  4096,     1,     1,     1 }] is used by node 'node_534' (FLASH_ATTN_EXT)
llama_graph_n_input_tensors: input tensor '                attn_inp_kq_mask' [f16, ne = {  4096,     1,     1,     1 }] is used by node 'node_568' (FLASH_ATTN_EXT)
llama_graph_n_input_tensors: input tensor '                attn_inp_kq_mask' [f16, ne = {  4096,     1,     1,     1 }] is used by node 'node_602' (FLASH_ATTN_EXT)
llama_graph_n_input_tensors: input tensor '                attn_inp_kq_mask' [f16, ne = {  4096,     1,     1,     1 }] is used by node 'node_636' (FLASH_ATTN_EXT)
llama_graph_n_input_tensors: input tensor '                attn_inp_kq_mask' [f16, ne = {  4096,     1,     1,     1 }] is used by node 'node_670' (FLASH_ATTN_EXT)
llama_graph_n_input_tensors: input tensor '                attn_inp_kq_mask' [f16, ne = {  4096,     1,     1,     1 }] is used by node 'node_704' (FLASH_ATTN_EXT)
llama_graph_n_input_tensors: input tensor '                attn_inp_kq_mask' [f16, ne = {  4096,     1,     1,     1 }] is used by node 'node_738' (FLASH_ATTN_EXT)
llama_graph_n_input_tensors: input tensor '                attn_inp_kq_mask' [f16, ne = {  4096,     1,     1,     1 }] is used by node 'node_772' (FLASH_ATTN_EXT)
llama_graph_n_input_tensors: input tensor '                attn_inp_kq_mask' [f16, ne = {  4096,     1,     1,     1 }] is used by node 'node_806' (FLASH_ATTN_EXT)
llama_graph_n_input_tensors: input tensor '                 attn_inp_v_idxs' [i64, ne = {     1,     1,     1,     1 }] is used by node 'cache_v_l0 (view)' (SET_ROWS)
llama_graph_n_input_tensors: input tensor '                 attn_inp_v_idxs' [i64, ne = {     1,     1,     1,     1 }] is used by node 'cache_v_l1 (view)' (SET_ROWS)
llama_graph_n_input_tensors: input tensor '                 attn_inp_v_idxs' [i64, ne = {     1,     1,     1,     1 }] is used by node 'cache_v_l2 (view)' (SET_ROWS)
llama_graph_n_input_tensors: input tensor '                 attn_inp_v_idxs' [i64, ne = {     1,     1,     1,     1 }] is used by node 'cache_v_l3 (view)' (SET_ROWS)
llama_graph_n_input_tensors: input tensor '                 attn_inp_v_idxs' [i64, ne = {     1,     1,     1,     1 }] is used by node 'cache_v_l4 (view)' (SET_ROWS)
llama_graph_n_input_tensors: input tensor '                 attn_inp_v_idxs' [i64, ne = {     1,     1,     1,     1 }] is used by node 'cache_v_l5 (view)' (SET_ROWS)
llama_graph_n_input_tensors: input tensor '                 attn_inp_v_idxs' [i64, ne = {     1,     1,     1,     1 }] is used by node 'cache_v_l6 (view)' (SET_ROWS)
llama_graph_n_input_tensors: input tensor '                 attn_inp_v_idxs' [i64, ne = {     1,     1,     1,     1 }] is used by node 'cache_v_l7 (view)' (SET_ROWS)
llama_graph_n_input_tensors: input tensor '                 attn_inp_v_idxs' [i64, ne = {     1,     1,     1,     1 }] is used by node 'cache_v_l8 (view)' (SET_ROWS)
llama_graph_n_input_tensors: input tensor '                 attn_inp_v_idxs' [i64, ne = {     1,     1,     1,     1 }] is used by node 'cache_v_l9 (view)' (SET_ROWS)
llama_graph_n_input_tensors: input tensor '                 attn_inp_v_idxs' [i64, ne = {     1,     1,     1,     1 }] is used by node 'cache_v_l10 (view)' (SET_ROWS)
llama_graph_n_input_tensors: input tensor '                 attn_inp_v_idxs' [i64, ne = {     1,     1,     1,     1 }] is used by node 'cache_v_l11 (view)' (SET_ROWS)
llama_graph_n_input_tensors: input tensor '                 attn_inp_v_idxs' [i64, ne = {     1,     1,     1,     1 }] is used by node 'cache_v_l12 (view)' (SET_ROWS)
llama_graph_n_input_tensors: input tensor '                 attn_inp_v_idxs' [i64, ne = {     1,     1,     1,     1 }] is used by node 'cache_v_l13 (view)' (SET_ROWS)
llama_graph_n_input_tensors: input tensor '                 attn_inp_v_idxs' [i64, ne = {     1,     1,     1,     1 }] is used by node 'cache_v_l14 (view)' (SET_ROWS)
llama_graph_n_input_tensors: input tensor '                 attn_inp_v_idxs' [i64, ne = {     1,     1,     1,     1 }] is used by node 'cache_v_l15 (view)' (SET_ROWS)
llama_graph_n_input_tensors: input tensor '                 attn_inp_v_idxs' [i64, ne = {     1,     1,     1,     1 }] is used by node 'cache_v_l16 (view)' (SET_ROWS)
llama_graph_n_input_tensors: input tensor '                 attn_inp_v_idxs' [i64, ne = {     1,     1,     1,     1 }] is used by node 'cache_v_l17 (view)' (SET_ROWS)
llama_graph_n_input_tensors: input tensor '                 attn_inp_v_idxs' [i64, ne = {     1,     1,     1,     1 }] is used by node 'cache_v_l18 (view)' (SET_ROWS)
llama_graph_n_input_tensors: input tensor '                 attn_inp_v_idxs' [i64, ne = {     1,     1,     1,     1 }] is used by node 'cache_v_l19 (view)' (SET_ROWS)
llama_graph_n_input_tensors: input tensor '                 attn_inp_v_idxs' [i64, ne = {     1,     1,     1,     1 }] is used by node 'cache_v_l20 (view)' (SET_ROWS)
llama_graph_n_input_tensors: input tensor '                 attn_inp_v_idxs' [i64, ne = {     1,     1,     1,     1 }] is used by node 'cache_v_l21 (view)' (SET_ROWS)
llama_graph_n_input_tensors: input tensor '                 attn_inp_v_idxs' [i64, ne = {     1,     1,     1,     1 }] is used by node 'cache_v_l22 (view)' (SET_ROWS)
llama_graph_n_input_tensors: input tensor '                 attn_inp_v_idxs' [i64, ne = {     1,     1,     1,     1 }] is used by node 'cache_v_l23 (view)' (SET_ROWS)
llama_graph_n_input_tensors: input tensor '                      inp_tokens' [i32, ne = {     1,     1,     1,     1 }] is used by node 'embd' (GET_ROWS)
llama_graph_n_input_tensors: input tensor '                 attn_inp_k_idxs' [i64, ne = {     1,     1,     1,     1 }] is used by node 'cache_k_l0 (view)' (SET_ROWS)
llama_graph_n_input_tensors: input tensor '                 attn_inp_k_idxs' [i64, ne = {     1,     1,     1,     1 }] is used by node 'cache_k_l1 (view)' (SET_ROWS)
llama_graph_n_input_tensors: input tensor '                 attn_inp_k_idxs' [i64, ne = {     1,     1,     1,     1 }] is used by node 'cache_k_l2 (view)' (SET_ROWS)
llama_graph_n_input_tensors: input tensor '                 attn_inp_k_idxs' [i64, ne = {     1,     1,     1,     1 }] is used by node 'cache_k_l3 (view)' (SET_ROWS)
llama_graph_n_input_tensors: input tensor '                 attn_inp_k_idxs' [i64, ne = {     1,     1,     1,     1 }] is used by node 'cache_k_l4 (view)' (SET_ROWS)
llama_graph_n_input_tensors: input tensor '                 attn_inp_k_idxs' [i64, ne = {     1,     1,     1,     1 }] is used by node 'cache_k_l5 (view)' (SET_ROWS)
llama_graph_n_input_tensors: input tensor '                 attn_inp_k_idxs' [i64, ne = {     1,     1,     1,     1 }] is used by node 'cache_k_l6 (view)' (SET_ROWS)
llama_graph_n_input_tensors: input tensor '                 attn_inp_k_idxs' [i64, ne = {     1,     1,     1,     1 }] is used by node 'cache_k_l7 (view)' (SET_ROWS)
llama_graph_n_input_tensors: input tensor '                 attn_inp_k_idxs' [i64, ne = {     1,     1,     1,     1 }] is used by node 'cache_k_l8 (view)' (SET_ROWS)
llama_graph_n_input_tensors: input tensor '                 attn_inp_k_idxs' [i64, ne = {     1,     1,     1,     1 }] is used by node 'cache_k_l9 (view)' (SET_ROWS)
llama_graph_n_input_tensors: input tensor '                 attn_inp_k_idxs' [i64, ne = {     1,     1,     1,     1 }] is used by node 'cache_k_l10 (view)' (SET_ROWS)
llama_graph_n_input_tensors: input tensor '                 attn_inp_k_idxs' [i64, ne = {     1,     1,     1,     1 }] is used by node 'cache_k_l11 (view)' (SET_ROWS)
llama_graph_n_input_tensors: input tensor '                 attn_inp_k_idxs' [i64, ne = {     1,     1,     1,     1 }] is used by node 'cache_k_l12 (view)' (SET_ROWS)
llama_graph_n_input_tensors: input tensor '                 attn_inp_k_idxs' [i64, ne = {     1,     1,     1,     1 }] is used by node 'cache_k_l13 (view)' (SET_ROWS)
llama_graph_n_input_tensors: input tensor '                 attn_inp_k_idxs' [i64, ne = {     1,     1,     1,     1 }] is used by node 'cache_k_l14 (view)' (SET_ROWS)
llama_graph_n_input_tensors: input tensor '                 attn_inp_k_idxs' [i64, ne = {     1,     1,     1,     1 }] is used by node 'cache_k_l15 (view)' (SET_ROWS)
llama_graph_n_input_tensors: input tensor '                 attn_inp_k_idxs' [i64, ne = {     1,     1,     1,     1 }] is used by node 'cache_k_l16 (view)' (SET_ROWS)
llama_graph_n_input_tensors: input tensor '                 attn_inp_k_idxs' [i64, ne = {     1,     1,     1,     1 }] is used by node 'cache_k_l17 (view)' (SET_ROWS)
llama_graph_n_input_tensors: input tensor '                 attn_inp_k_idxs' [i64, ne = {     1,     1,     1,     1 }] is used by node 'cache_k_l18 (view)' (SET_ROWS)
llama_graph_n_input_tensors: input tensor '                 attn_inp_k_idxs' [i64, ne = {     1,     1,     1,     1 }] is used by node 'cache_k_l19 (view)' (SET_ROWS)
llama_graph_n_input_tensors: input tensor '                 attn_inp_k_idxs' [i64, ne = {     1,     1,     1,     1 }] is used by node 'cache_k_l20 (view)' (SET_ROWS)
llama_graph_n_input_tensors: input tensor '                 attn_inp_k_idxs' [i64, ne = {     1,     1,     1,     1 }] is used by node 'cache_k_l21 (view)' (SET_ROWS)
llama_graph_n_input_tensors: input tensor '                 attn_inp_k_idxs' [i64, ne = {     1,     1,     1,     1 }] is used by node 'cache_k_l22 (view)' (SET_ROWS)
llama_graph_n_input_tensors: input tensor '                 attn_inp_k_idxs' [i64, ne = {     1,     1,     1,     1 }] is used by node 'cache_k_l23 (view)' (SET_ROWS)
llama_graph_n_input_tensors: input tensor '                         inp_pos' [i32, ne = {     1,     1,     1,     1 }] is used by node 'Qcur-0' (ROPE)
llama_graph_n_input_tensors: input tensor '                         inp_pos' [i32, ne = {     1,     1,     1,     1 }] is used by node 'Kcur-0' (ROPE)
llama_graph_n_input_tensors: input tensor '                         inp_pos' [i32, ne = {     1,     1,     1,     1 }] is used by node 'Qcur-1' (ROPE)
llama_graph_n_input_tensors: input tensor '                         inp_pos' [i32, ne = {     1,     1,     1,     1 }] is used by node 'Kcur-1' (ROPE)
llama_graph_n_input_tensors: input tensor '                         inp_pos' [i32, ne = {     1,     1,     1,     1 }] is used by node 'Qcur-2' (ROPE)
llama_graph_n_input_tensors: input tensor '                         inp_pos' [i32, ne = {     1,     1,     1,     1 }] is used by node 'Kcur-2' (ROPE)
llama_graph_n_input_tensors: input tensor '                         inp_pos' [i32, ne = {     1,     1,     1,     1 }] is used by node 'Qcur-3' (ROPE)
llama_graph_n_input_tensors: input tensor '                         inp_pos' [i32, ne = {     1,     1,     1,     1 }] is used by node 'Kcur-3' (ROPE)
llama_graph_n_input_tensors: input tensor '                         inp_pos' [i32, ne = {     1,     1,     1,     1 }] is used by node 'Qcur-4' (ROPE)
llama_graph_n_input_tensors: input tensor '                         inp_pos' [i32, ne = {     1,     1,     1,     1 }] is used by node 'Kcur-4' (ROPE)
llama_graph_n_input_tensors: input tensor '                         inp_pos' [i32, ne = {     1,     1,     1,     1 }] is used by node 'Qcur-5' (ROPE)
llama_graph_n_input_tensors: input tensor '                         inp_pos' [i32, ne = {     1,     1,     1,     1 }] is used by node 'Kcur-5' (ROPE)
llama_graph_n_input_tensors: input tensor '                         inp_pos' [i32, ne = {     1,     1,     1,     1 }] is used by node 'Qcur-6' (ROPE)
llama_graph_n_input_tensors: input tensor '                         inp_pos' [i32, ne = {     1,     1,     1,     1 }] is used by node 'Kcur-6' (ROPE)
llama_graph_n_input_tensors: input tensor '                         inp_pos' [i32, ne = {     1,     1,     1,     1 }] is used by node 'Qcur-7' (ROPE)
llama_graph_n_input_tensors: input tensor '                         inp_pos' [i32, ne = {     1,     1,     1,     1 }] is used by node 'Kcur-7' (ROPE)
llama_graph_n_input_tensors: input tensor '                         inp_pos' [i32, ne = {     1,     1,     1,     1 }] is used by node 'Qcur-8' (ROPE)
llama_graph_n_input_tensors: input tensor '                         inp_pos' [i32, ne = {     1,     1,     1,     1 }] is used by node 'Kcur-8' (ROPE)
llama_graph_n_input_tensors: input tensor '                         inp_pos' [i32, ne = {     1,     1,     1,     1 }] is used by node 'Qcur-9' (ROPE)
llama_graph_n_input_tensors: input tensor '                         inp_pos' [i32, ne = {     1,     1,     1,     1 }] is used by node 'Kcur-9' (ROPE)
llama_graph_n_input_tensors: input tensor '                         inp_pos' [i32, ne = {     1,     1,     1,     1 }] is used by node 'Qcur-10' (ROPE)
llama_graph_n_input_tensors: input tensor '                         inp_pos' [i32, ne = {     1,     1,     1,     1 }] is used by node 'Kcur-10' (ROPE)
llama_graph_n_input_tensors: input tensor '                         inp_pos' [i32, ne = {     1,     1,     1,     1 }] is used by node 'Qcur-11' (ROPE)
llama_graph_n_input_tensors: input tensor '                         inp_pos' [i32, ne = {     1,     1,     1,     1 }] is used by node 'Kcur-11' (ROPE)
llama_graph_n_input_tensors: input tensor '                         inp_pos' [i32, ne = {     1,     1,     1,     1 }] is used by node 'Qcur-12' (ROPE)
llama_graph_n_input_tensors: input tensor '                         inp_pos' [i32, ne = {     1,     1,     1,     1 }] is used by node 'Kcur-12' (ROPE)
llama_graph_n_input_tensors: input tensor '                         inp_pos' [i32, ne = {     1,     1,     1,     1 }] is used by node 'Qcur-13' (ROPE)
llama_graph_n_input_tensors: input tensor '                         inp_pos' [i32, ne = {     1,     1,     1,     1 }] is used by node 'Kcur-13' (ROPE)
llama_graph_n_input_tensors: input tensor '                         inp_pos' [i32, ne = {     1,     1,     1,     1 }] is used by node 'Qcur-14' (ROPE)
llama_graph_n_input_tensors: input tensor '                         inp_pos' [i32, ne = {     1,     1,     1,     1 }] is used by node 'Kcur-14' (ROPE)
llama_graph_n_input_tensors: input tensor '                         inp_pos' [i32, ne = {     1,     1,     1,     1 }] is used by node 'Qcur-15' (ROPE)
llama_graph_n_input_tensors: input tensor '                         inp_pos' [i32, ne = {     1,     1,     1,     1 }] is used by node 'Kcur-15' (ROPE)
llama_graph_n_input_tensors: input tensor '                         inp_pos' [i32, ne = {     1,     1,     1,     1 }] is used by node 'Qcur-16' (ROPE)
llama_graph_n_input_tensors: input tensor '                         inp_pos' [i32, ne = {     1,     1,     1,     1 }] is used by node 'Kcur-16' (ROPE)
llama_graph_n_input_tensors: input tensor '                         inp_pos' [i32, ne = {     1,     1,     1,     1 }] is used by node 'Qcur-17' (ROPE)
llama_graph_n_input_tensors: input tensor '                         inp_pos' [i32, ne = {     1,     1,     1,     1 }] is used by node 'Kcur-17' (ROPE)
llama_graph_n_input_tensors: input tensor '                         inp_pos' [i32, ne = {     1,     1,     1,     1 }] is used by node 'Qcur-18' (ROPE)
llama_graph_n_input_tensors: input tensor '                         inp_pos' [i32, ne = {     1,     1,     1,     1 }] is used by node 'Kcur-18' (ROPE)
llama_graph_n_input_tensors: input tensor '                         inp_pos' [i32, ne = {     1,     1,     1,     1 }] is used by node 'Qcur-19' (ROPE)
llama_graph_n_input_tensors: input tensor '                         inp_pos' [i32, ne = {     1,     1,     1,     1 }] is used by node 'Kcur-19' (ROPE)
llama_graph_n_input_tensors: input tensor '                         inp_pos' [i32, ne = {     1,     1,     1,     1 }] is used by node 'Qcur-20' (ROPE)
llama_graph_n_input_tensors: input tensor '                         inp_pos' [i32, ne = {     1,     1,     1,     1 }] is used by node 'Kcur-20' (ROPE)
llama_graph_n_input_tensors: input tensor '                         inp_pos' [i32, ne = {     1,     1,     1,     1 }] is used by node 'Qcur-21' (ROPE)
llama_graph_n_input_tensors: input tensor '                         inp_pos' [i32, ne = {     1,     1,     1,     1 }] is used by node 'Kcur-21' (ROPE)
llama_graph_n_input_tensors: input tensor '                         inp_pos' [i32, ne = {     1,     1,     1,     1 }] is used by node 'Qcur-22' (ROPE)
llama_graph_n_input_tensors: input tensor '                         inp_pos' [i32, ne = {     1,     1,     1,     1 }] is used by node 'Kcur-22' (ROPE)
llama_graph_n_input_tensors: input tensor '                         inp_pos' [i32, ne = {     1,     1,     1,     1 }] is used by node 'Qcur-23' (ROPE)
llama_graph_n_input_tensors: input tensor '                         inp_pos' [i32, ne = {     1,     1,     1,     1 }] is used by node 'Kcur-23' (ROPE)
resolve_fused_ops: fused DeepSeek V4 HC pre enabled
graph_reserve: reserving a graph for ubatch with n_tokens =    1, n_seqs =  1, n_outputs =    1
llama_graph_n_input_tensors: input tensor '                         out_ids' [i32, ne = {     1,     1,     1,     1 }] is used by node 'node_809' (GET_ROWS)
llama_graph_n_input_tensors: input tensor '                         out_ids' [i32, ne = {     1,     1,     1,     1 }] is used by node 'node_810' (GET_ROWS)
llama_graph_n_input_tensors: input tensor '                attn_inp_kq_mask' [f16, ne = {  4096,     1,     1,     1 }] is used by node 'node_24' (FLASH_ATTN_EXT)
llama_graph_n_input_tensors: input tensor '                attn_inp_kq_mask' [f16, ne = {  4096,     1,     1,     1 }] is used by node 'node_58' (FLASH_ATTN_EXT)
llama_graph_n_input_tensors: input tensor '                attn_inp_kq_mask' [f16, ne = {  4096,     1,     1,     1 }] is used by node 'node_92' (FLASH_ATTN_EXT)
llama_graph_n_input_tensors: input tensor '                attn_inp_kq_mask' [f16, ne = {  4096,     1,     1,     1 }] is used by node 'node_126' (FLASH_ATTN_EXT)
llama_graph_n_input_tensors: input tensor '                attn_inp_kq_mask' [f16, ne = {  4096,     1,     1,     1 }] is used by node 'node_160' (FLASH_ATTN_EXT)
llama_graph_n_input_tensors: input tensor '                attn_inp_kq_mask' [f16, ne = {  4096,     1,     1,     1 }] is used by node 'node_194' (FLASH_ATTN_EXT)
llama_graph_n_input_tensors: input tensor '                attn_inp_kq_mask' [f16, ne = {  4096,     1,     1,     1 }] is used by node 'node_228' (FLASH_ATTN_EXT)
llama_graph_n_input_tensors: input tensor '                attn_inp_kq_mask' [f16, ne = {  4096,     1,     1,     1 }] is used by node 'node_262' (FLASH_ATTN_EXT)
llama_graph_n_input_tensors: input tensor '                attn_inp_kq_mask' [f16, ne = {  4096,     1,     1,     1 }] is used by node 'node_296' (FLASH_ATTN_EXT)
llama_graph_n_input_tensors: input tensor '                attn_inp_kq_mask' [f16, ne = {  4096,     1,     1,     1 }] is used by node 'node_330' (FLASH_ATTN_EXT)
llama_graph_n_input_tensors: input tensor '                attn_inp_kq_mask' [f16, ne = {  4096,     1,     1,     1 }] is used by node 'node_364' (FLASH_ATTN_EXT)
llama_graph_n_input_tensors: input tensor '                attn_inp_kq_mask' [f16, ne = {  4096,     1,     1,     1 }] is used by node 'node_398' (FLASH_ATTN_EXT)
llama_graph_n_input_tensors: input tensor '                attn_inp_kq_mask' [f16, ne = {  4096,     1,     1,     1 }] is used by node 'node_432' (FLASH_ATTN_EXT)
llama_graph_n_input_tensors: input tensor '                attn_inp_kq_mask' [f16, ne = {  4096,     1,     1,     1 }] is used by node 'node_466' (FLASH_ATTN_EXT)
llama_graph_n_input_tensors: input tensor '                attn_inp_kq_mask' [f16, ne = {  4096,     1,     1,     1 }] is used by node 'node_500' (FLASH_ATTN_EXT)
llama_graph_n_input_tensors: input tensor '                attn_inp_kq_mask' [f16, ne = {  4096,     1,     1,     1 }] is used by node 'node_534' (FLASH_ATTN_EXT)
llama_graph_n_input_tensors: input tensor '                attn_inp_kq_mask' [f16, ne = {  4096,     1,     1,     1 }] is used by node 'node_568' (FLASH_ATTN_EXT)
llama_graph_n_input_tensors: input tensor '                attn_inp_kq_mask' [f16, ne = {  4096,     1,     1,     1 }] is used by node 'node_602' (FLASH_ATTN_EXT)
llama_graph_n_input_tensors: input tensor '                attn_inp_kq_mask' [f16, ne = {  4096,     1,     1,     1 }] is used by node 'node_636' (FLASH_ATTN_EXT)
llama_graph_n_input_tensors: input tensor '                attn_inp_kq_mask' [f16, ne = {  4096,     1,     1,     1 }] is used by node 'node_670' (FLASH_ATTN_EXT)
llama_graph_n_input_tensors: input tensor '                attn_inp_kq_mask' [f16, ne = {  4096,     1,     1,     1 }] is used by node 'node_704' (FLASH_ATTN_EXT)
llama_graph_n_input_tensors: input tensor '                attn_inp_kq_mask' [f16, ne = {  4096,     1,     1,     1 }] is used by node 'node_738' (FLASH_ATTN_EXT)
llama_graph_n_input_tensors: input tensor '                attn_inp_kq_mask' [f16, ne = {  4096,     1,     1,     1 }] is used by node 'node_772' (FLASH_ATTN_EXT)
llama_graph_n_input_tensors: input tensor '                attn_inp_kq_mask' [f16, ne = {  4096,     1,     1,     1 }] is used by node 'node_806' (FLASH_ATTN_EXT)
llama_graph_n_input_tensors: input tensor '                 attn_inp_v_idxs' [i64, ne = {     1,     1,     1,     1 }] is used by node 'cache_v_l0 (view)' (SET_ROWS)
llama_graph_n_input_tensors: input tensor '                 attn_inp_v_idxs' [i64, ne = {     1,     1,     1,     1 }] is used by node 'cache_v_l1 (view)' (SET_ROWS)
llama_graph_n_input_tensors: input tensor '                 attn_inp_v_idxs' [i64, ne = {     1,     1,     1,     1 }] is used by node 'cache_v_l2 (view)' (SET_ROWS)
llama_graph_n_input_tensors: input tensor '                 attn_inp_v_idxs' [i64, ne = {     1,     1,     1,     1 }] is used by node 'cache_v_l3 (view)' (SET_ROWS)
llama_graph_n_input_tensors: input tensor '                 attn_inp_v_idxs' [i64, ne = {     1,     1,     1,     1 }] is used by node 'cache_v_l4 (view)' (SET_ROWS)
llama_graph_n_input_tensors: input tensor '                 attn_inp_v_idxs' [i64, ne = {     1,     1,     1,     1 }] is used by node 'cache_v_l5 (view)' (SET_ROWS)
llama_graph_n_input_tensors: input tensor '                 attn_inp_v_idxs' [i64, ne = {     1,     1,     1,     1 }] is used by node 'cache_v_l6 (view)' (SET_ROWS)
llama_graph_n_input_tensors: input tensor '                 attn_inp_v_idxs' [i64, ne = {     1,     1,     1,     1 }] is used by node 'cache_v_l7 (view)' (SET_ROWS)
llama_graph_n_input_tensors: input tensor '                 attn_inp_v_idxs' [i64, ne = {     1,     1,     1,     1 }] is used by node 'cache_v_l8 (view)' (SET_ROWS)
llama_graph_n_input_tensors: input tensor '                 attn_inp_v_idxs' [i64, ne = {     1,     1,     1,     1 }] is used by node 'cache_v_l9 (view)' (SET_ROWS)
llama_graph_n_input_tensors: input tensor '                 attn_inp_v_idxs' [i64, ne = {     1,     1,     1,     1 }] is used by node 'cache_v_l10 (view)' (SET_ROWS)
llama_graph_n_input_tensors: input tensor '                 attn_inp_v_idxs' [i64, ne = {     1,     1,     1,     1 }] is used by node 'cache_v_l11 (view)' (SET_ROWS)
llama_graph_n_input_tensors: input tensor '                 attn_inp_v_idxs' [i64, ne = {     1,     1,     1,     1 }] is used by node 'cache_v_l12 (view)' (SET_ROWS)
llama_graph_n_input_tensors: input tensor '                 attn_inp_v_idxs' [i64, ne = {     1,     1,     1,     1 }] is used by node 'cache_v_l13 (view)' (SET_ROWS)
llama_graph_n_input_tensors: input tensor '                 attn_inp_v_idxs' [i64, ne = {     1,     1,     1,     1 }] is used by node 'cache_v_l14 (view)' (SET_ROWS)
llama_graph_n_input_tensors: input tensor '                 attn_inp_v_idxs' [i64, ne = {     1,     1,     1,     1 }] is used by node 'cache_v_l15 (view)' (SET_ROWS)
llama_graph_n_input_tensors: input tensor '                 attn_inp_v_idxs' [i64, ne = {     1,     1,     1,     1 }] is used by node 'cache_v_l16 (view)' (SET_ROWS)
llama_graph_n_input_tensors: input tensor '                 attn_inp_v_idxs' [i64, ne = {     1,     1,     1,     1 }] is used by node 'cache_v_l17 (view)' (SET_ROWS)
llama_graph_n_input_tensors: input tensor '                 attn_inp_v_idxs' [i64, ne = {     1,     1,     1,     1 }] is used by node 'cache_v_l18 (view)' (SET_ROWS)
llama_graph_n_input_tensors: input tensor '                 attn_inp_v_idxs' [i64, ne = {     1,     1,     1,     1 }] is used by node 'cache_v_l19 (view)' (SET_ROWS)
llama_graph_n_input_tensors: input tensor '                 attn_inp_v_idxs' [i64, ne = {     1,     1,     1,     1 }] is used by node 'cache_v_l20 (view)' (SET_ROWS)
llama_graph_n_input_tensors: input tensor '                 attn_inp_v_idxs' [i64, ne = {     1,     1,     1,     1 }] is used by node 'cache_v_l21 (view)' (SET_ROWS)
llama_graph_n_input_tensors: input tensor '                 attn_inp_v_idxs' [i64, ne = {     1,     1,     1,     1 }] is used by node 'cache_v_l22 (view)' (SET_ROWS)
llama_graph_n_input_tensors: input tensor '                 attn_inp_v_idxs' [i64, ne = {     1,     1,     1,     1 }] is used by node 'cache_v_l23 (view)' (SET_ROWS)
llama_graph_n_input_tensors: input tensor '                      inp_tokens' [i32, ne = {     1,     1,     1,     1 }] is used by node 'embd' (GET_ROWS)
llama_graph_n_input_tensors: input tensor '                 attn_inp_k_idxs' [i64, ne = {     1,     1,     1,     1 }] is used by node 'cache_k_l0 (view)' (SET_ROWS)
llama_graph_n_input_tensors: input tensor '                 attn_inp_k_idxs' [i64, ne = {     1,     1,     1,     1 }] is used by node 'cache_k_l1 (view)' (SET_ROWS)
llama_graph_n_input_tensors: input tensor '                 attn_inp_k_idxs' [i64, ne = {     1,     1,     1,     1 }] is used by node 'cache_k_l2 (view)' (SET_ROWS)
llama_graph_n_input_tensors: input tensor '                 attn_inp_k_idxs' [i64, ne = {     1,     1,     1,     1 }] is used by node 'cache_k_l3 (view)' (SET_ROWS)
llama_graph_n_input_tensors: input tensor '                 attn_inp_k_idxs' [i64, ne = {     1,     1,     1,     1 }] is used by node 'cache_k_l4 (view)' (SET_ROWS)
llama_graph_n_input_tensors: input tensor '                 attn_inp_k_idxs' [i64, ne = {     1,     1,     1,     1 }] is used by node 'cache_k_l5 (view)' (SET_ROWS)
llama_graph_n_input_tensors: input tensor '                 attn_inp_k_idxs' [i64, ne = {     1,     1,     1,     1 }] is used by node 'cache_k_l6 (view)' (SET_ROWS)
llama_graph_n_input_tensors: input tensor '                 attn_inp_k_idxs' [i64, ne = {     1,     1,     1,     1 }] is used by node 'cache_k_l7 (view)' (SET_ROWS)
llama_graph_n_input_tensors: input tensor '                 attn_inp_k_idxs' [i64, ne = {     1,     1,     1,     1 }] is used by node 'cache_k_l8 (view)' (SET_ROWS)
llama_graph_n_input_tensors: input tensor '                 attn_inp_k_idxs' [i64, ne = {     1,     1,     1,     1 }] is used by node 'cache_k_l9 (view)' (SET_ROWS)
llama_graph_n_input_tensors: input tensor '                 attn_inp_k_idxs' [i64, ne = {     1,     1,     1,     1 }] is used by node 'cache_k_l10 (view)' (SET_ROWS)
llama_graph_n_input_tensors: input tensor '                 attn_inp_k_idxs' [i64, ne = {     1,     1,     1,     1 }] is used by node 'cache_k_l11 (view)' (SET_ROWS)
llama_graph_n_input_tensors: input tensor '                 attn_inp_k_idxs' [i64, ne = {     1,     1,     1,     1 }] is used by node 'cache_k_l12 (view)' (SET_ROWS)
llama_graph_n_input_tensors: input tensor '                 attn_inp_k_idxs' [i64, ne = {     1,     1,     1,     1 }] is used by node 'cache_k_l13 (view)' (SET_ROWS)
llama_graph_n_input_tensors: input tensor '                 attn_inp_k_idxs' [i64, ne = {     1,     1,     1,     1 }] is used by node 'cache_k_l14 (view)' (SET_ROWS)
llama_graph_n_input_tensors: input tensor '                 attn_inp_k_idxs' [i64, ne = {     1,     1,     1,     1 }] is used by node 'cache_k_l15 (view)' (SET_ROWS)
llama_graph_n_input_tensors: input tensor '                 attn_inp_k_idxs' [i64, ne = {     1,     1,     1,     1 }] is used by node 'cache_k_l16 (view)' (SET_ROWS)
llama_graph_n_input_tensors: input tensor '                 attn_inp_k_idxs' [i64, ne = {     1,     1,     1,     1 }] is used by node 'cache_k_l17 (view)' (SET_ROWS)
llama_graph_n_input_tensors: input tensor '                 attn_inp_k_idxs' [i64, ne = {     1,     1,     1,     1 }] is used by node 'cache_k_l18 (view)' (SET_ROWS)
llama_graph_n_input_tensors: input tensor '                 attn_inp_k_idxs' [i64, ne = {     1,     1,     1,     1 }] is used by node 'cache_k_l19 (view)' (SET_ROWS)
llama_graph_n_input_tensors: input tensor '                 attn_inp_k_idxs' [i64, ne = {     1,     1,     1,     1 }] is used by node 'cache_k_l20 (view)' (SET_ROWS)
llama_graph_n_input_tensors: input tensor '                 attn_inp_k_idxs' [i64, ne = {     1,     1,     1,     1 }] is used by node 'cache_k_l21 (view)' (SET_ROWS)
llama_graph_n_input_tensors: input tensor '                 attn_inp_k_idxs' [i64, ne = {     1,     1,     1,     1 }] is used by node 'cache_k_l22 (view)' (SET_ROWS)
llama_graph_n_input_tensors: input tensor '                 attn_inp_k_idxs' [i64, ne = {     1,     1,     1,     1 }] is used by node 'cache_k_l23 (view)' (SET_ROWS)
llama_graph_n_input_tensors: input tensor '                         inp_pos' [i32, ne = {     1,     1,     1,     1 }] is used by node 'Qcur-0' (ROPE)
llama_graph_n_input_tensors: input tensor '                         inp_pos' [i32, ne = {     1,     1,     1,     1 }] is used by node 'Kcur-0' (ROPE)
llama_graph_n_input_tensors: input tensor '                         inp_pos' [i32, ne = {     1,     1,     1,     1 }] is used by node 'Qcur-1' (ROPE)
llama_graph_n_input_tensors: input tensor '                         inp_pos' [i32, ne = {     1,     1,     1,     1 }] is used by node 'Kcur-1' (ROPE)
llama_graph_n_input_tensors: input tensor '                         inp_pos' [i32, ne = {     1,     1,     1,     1 }] is used by node 'Qcur-2' (ROPE)
llama_graph_n_input_tensors: input tensor '                         inp_pos' [i32, ne = {     1,     1,     1,     1 }] is used by node 'Kcur-2' (ROPE)
llama_graph_n_input_tensors: input tensor '                         inp_pos' [i32, ne = {     1,     1,     1,     1 }] is used by node 'Qcur-3' (ROPE)
llama_graph_n_input_tensors: input tensor '                         inp_pos' [i32, ne = {     1,     1,     1,     1 }] is used by node 'Kcur-3' (ROPE)
llama_graph_n_input_tensors: input tensor '                         inp_pos' [i32, ne = {     1,     1,     1,     1 }] is used by node 'Qcur-4' (ROPE)
llama_graph_n_input_tensors: input tensor '                         inp_pos' [i32, ne = {     1,     1,     1,     1 }] is used by node 'Kcur-4' (ROPE)
llama_graph_n_input_tensors: input tensor '                         inp_pos' [i32, ne = {     1,     1,     1,     1 }] is used by node 'Qcur-5' (ROPE)
llama_graph_n_input_tensors: input tensor '                         inp_pos' [i32, ne = {     1,     1,     1,     1 }] is used by node 'Kcur-5' (ROPE)
llama_graph_n_input_tensors: input tensor '                         inp_pos' [i32, ne = {     1,     1,     1,     1 }] is used by node 'Qcur-6' (ROPE)
llama_graph_n_input_tensors: input tensor '                         inp_pos' [i32, ne = {     1,     1,     1,     1 }] is used by node 'Kcur-6' (ROPE)
llama_graph_n_input_tensors: input tensor '                         inp_pos' [i32, ne = {     1,     1,     1,     1 }] is used by node 'Qcur-7' (ROPE)
llama_graph_n_input_tensors: input tensor '                         inp_pos' [i32, ne = {     1,     1,     1,     1 }] is used by node 'Kcur-7' (ROPE)
llama_graph_n_input_tensors: input tensor '                         inp_pos' [i32, ne = {     1,     1,     1,     1 }] is used by node 'Qcur-8' (ROPE)
llama_graph_n_input_tensors: input tensor '                         inp_pos' [i32, ne = {     1,     1,     1,     1 }] is used by node 'Kcur-8' (ROPE)
llama_graph_n_input_tensors: input tensor '                         inp_pos' [i32, ne = {     1,     1,     1,     1 }] is used by node 'Qcur-9' (ROPE)
llama_graph_n_input_tensors: input tensor '                         inp_pos' [i32, ne = {     1,     1,     1,     1 }] is used by node 'Kcur-9' (ROPE)
llama_graph_n_input_tensors: input tensor '                         inp_pos' [i32, ne = {     1,     1,     1,     1 }] is used by node 'Qcur-10' (ROPE)
llama_graph_n_input_tensors: input tensor '                         inp_pos' [i32, ne = {     1,     1,     1,     1 }] is used by node 'Kcur-10' (ROPE)
llama_graph_n_input_tensors: input tensor '                         inp_pos' [i32, ne = {     1,     1,     1,     1 }] is used by node 'Qcur-11' (ROPE)
llama_graph_n_input_tensors: input tensor '                         inp_pos' [i32, ne = {     1,     1,     1,     1 }] is used by node 'Kcur-11' (ROPE)
llama_graph_n_input_tensors: input tensor '                         inp_pos' [i32, ne = {     1,     1,     1,     1 }] is used by node 'Qcur-12' (ROPE)
llama_graph_n_input_tensors: input tensor '                         inp_pos' [i32, ne = {     1,     1,     1,     1 }] is used by node 'Kcur-12' (ROPE)
llama_graph_n_input_tensors: input tensor '                         inp_pos' [i32, ne = {     1,     1,     1,     1 }] is used by node 'Qcur-13' (ROPE)
llama_graph_n_input_tensors: input tensor '                         inp_pos' [i32, ne = {     1,     1,     1,     1 }] is used by node 'Kcur-13' (ROPE)
llama_graph_n_input_tensors: input tensor '                         inp_pos' [i32, ne = {     1,     1,     1,     1 }] is used by node 'Qcur-14' (ROPE)
llama_graph_n_input_tensors: input tensor '                         inp_pos' [i32, ne = {     1,     1,     1,     1 }] is used by node 'Kcur-14' (ROPE)
llama_graph_n_input_tensors: input tensor '                         inp_pos' [i32, ne = {     1,     1,     1,     1 }] is used by node 'Qcur-15' (ROPE)
llama_graph_n_input_tensors: input tensor '                         inp_pos' [i32, ne = {     1,     1,     1,     1 }] is used by node 'Kcur-15' (ROPE)
llama_graph_n_input_tensors: input tensor '                         inp_pos' [i32, ne = {     1,     1,     1,     1 }] is used by node 'Qcur-16' (ROPE)
llama_graph_n_input_tensors: input tensor '                         inp_pos' [i32, ne = {     1,     1,     1,     1 }] is used by node 'Kcur-16' (ROPE)
llama_graph_n_input_tensors: input tensor '                         inp_pos' [i32, ne = {     1,     1,     1,     1 }] is used by node 'Qcur-17' (ROPE)
llama_graph_n_input_tensors: input tensor '                         inp_pos' [i32, ne = {     1,     1,     1,     1 }] is used by node 'Kcur-17' (ROPE)
llama_graph_n_input_tensors: input tensor '                         inp_pos' [i32, ne = {     1,     1,     1,     1 }] is used by node 'Qcur-18' (ROPE)
llama_graph_n_input_tensors: input tensor '                         inp_pos' [i32, ne = {     1,     1,     1,     1 }] is used by node 'Kcur-18' (ROPE)
llama_graph_n_input_tensors: input tensor '                         inp_pos' [i32, ne = {     1,     1,     1,     1 }] is used by node 'Qcur-19' (ROPE)
llama_graph_n_input_tensors: input tensor '                         inp_pos' [i32, ne = {     1,     1,     1,     1 }] is used by node 'Kcur-19' (ROPE)
llama_graph_n_input_tensors: input tensor '                         inp_pos' [i32, ne = {     1,     1,     1,     1 }] is used by node 'Qcur-20' (ROPE)
llama_graph_n_input_tensors: input tensor '                         inp_pos' [i32, ne = {     1,     1,     1,     1 }] is used by node 'Kcur-20' (ROPE)
llama_graph_n_input_tensors: input tensor '                         inp_pos' [i32, ne = {     1,     1,     1,     1 }] is used by node 'Qcur-21' (ROPE)
llama_graph_n_input_tensors: input tensor '                         inp_pos' [i32, ne = {     1,     1,     1,     1 }] is used by node 'Kcur-21' (ROPE)
llama_graph_n_input_tensors: input tensor '                         inp_pos' [i32, ne = {     1,     1,     1,     1 }] is used by node 'Qcur-22' (ROPE)
llama_graph_n_input_tensors: input tensor '                         inp_pos' [i32, ne = {     1,     1,     1,     1 }] is used by node 'Kcur-22' (ROPE)
llama_graph_n_input_tensors: input tensor '                         inp_pos' [i32, ne = {     1,     1,     1,     1 }] is used by node 'Qcur-23' (ROPE)
llama_graph_n_input_tensors: input tensor '                         inp_pos' [i32, ne = {     1,     1,     1,     1 }] is used by node 'Kcur-23' (ROPE)
resolve_fused_ops: fused DeepSeek V4 HC comb enabled
graph_reserve: reserving a graph for ubatch with n_tokens =    1, n_seqs =  1, n_outputs =    1
llama_graph_n_input_tensors: input tensor '                         out_ids' [i32, ne = {     1,     1,     1,     1 }] is used by node 'node_809' (GET_ROWS)
llama_graph_n_input_tensors: input tensor '                         out_ids' [i32, ne = {     1,     1,     1,     1 }] is used by node 'node_810' (GET_ROWS)
llama_graph_n_input_tensors: input tensor '                attn_inp_kq_mask' [f16, ne = {  4096,     1,     1,     1 }] is used by node 'node_24' (FLASH_ATTN_EXT)
llama_graph_n_input_tensors: input tensor '                attn_inp_kq_mask' [f16, ne = {  4096,     1,     1,     1 }] is used by node 'node_58' (FLASH_ATTN_EXT)
llama_graph_n_input_tensors: input tensor '                attn_inp_kq_mask' [f16, ne = {  4096,     1,     1,     1 }] is used by node 'node_92' (FLASH_ATTN_EXT)
llama_graph_n_input_tensors: input tensor '                attn_inp_kq_mask' [f16, ne = {  4096,     1,     1,     1 }] is used by node 'node_126' (FLASH_ATTN_EXT)
llama_graph_n_input_tensors: input tensor '                attn_inp_kq_mask' [f16, ne = {  4096,     1,     1,     1 }] is used by node 'node_160' (FLASH_ATTN_EXT)
llama_graph_n_input_tensors: input tensor '                attn_inp_kq_mask' [f16, ne = {  4096,     1,     1,     1 }] is used by node 'node_194' (FLASH_ATTN_EXT)
llama_graph_n_input_tensors: input tensor '                attn_inp_kq_mask' [f16, ne = {  4096,     1,     1,     1 }] is used by node 'node_228' (FLASH_ATTN_EXT)
llama_graph_n_input_tensors: input tensor '                attn_inp_kq_mask' [f16, ne = {  4096,     1,     1,     1 }] is used by node 'node_262' (FLASH_ATTN_EXT)
llama_graph_n_input_tensors: input tensor '                attn_inp_kq_mask' [f16, ne = {  4096,     1,     1,     1 }] is used by node 'node_296' (FLASH_ATTN_EXT)
llama_graph_n_input_tensors: input tensor '                attn_inp_kq_mask' [f16, ne = {  4096,     1,     1,     1 }] is used by node 'node_330' (FLASH_ATTN_EXT)
llama_graph_n_input_tensors: input tensor '                attn_inp_kq_mask' [f16, ne = {  4096,     1,     1,     1 }] is used by node 'node_364' (FLASH_ATTN_EXT)
llama_graph_n_input_tensors: input tensor '                attn_inp_kq_mask' [f16, ne = {  4096,     1,     1,     1 }] is used by node 'node_398' (FLASH_ATTN_EXT)
llama_graph_n_input_tensors: input tensor '                attn_inp_kq_mask' [f16, ne = {  4096,     1,     1,     1 }] is used by node 'node_432' (FLASH_ATTN_EXT)
llama_graph_n_input_tensors: input tensor '                attn_inp_kq_mask' [f16, ne = {  4096,     1,     1,     1 }] is used by node 'node_466' (FLASH_ATTN_EXT)
llama_graph_n_input_tensors: input tensor '                attn_inp_kq_mask' [f16, ne = {  4096,     1,     1,     1 }] is used by node 'node_500' (FLASH_ATTN_EXT)
llama_graph_n_input_tensors: input tensor '                attn_inp_kq_mask' [f16, ne = {  4096,     1,     1,     1 }] is used by node 'node_534' (FLASH_ATTN_EXT)
llama_graph_n_input_tensors: input tensor '                attn_inp_kq_mask' [f16, ne = {  4096,     1,     1,     1 }] is used by node 'node_568' (FLASH_ATTN_EXT)
llama_graph_n_input_tensors: input tensor '                attn_inp_kq_mask' [f16, ne = {  4096,     1,     1,     1 }] is used by node 'node_602' (FLASH_ATTN_EXT)
llama_graph_n_input_tensors: input tensor '                attn_inp_kq_mask' [f16, ne = {  4096,     1,     1,     1 }] is used by node 'node_636' (FLASH_ATTN_EXT)
llama_graph_n_input_tensors: input tensor '                attn_inp_kq_mask' [f16, ne = {  4096,     1,     1,     1 }] is used by node 'node_670' (FLASH_ATTN_EXT)
llama_graph_n_input_tensors: input tensor '                attn_inp_kq_mask' [f16, ne = {  4096,     1,     1,     1 }] is used by node 'node_704' (FLASH_ATTN_EXT)
llama_graph_n_input_tensors: input tensor '                attn_inp_kq_mask' [f16, ne = {  4096,     1,     1,     1 }] is used by node 'node_738' (FLASH_ATTN_EXT)
llama_graph_n_input_tensors: input tensor '                attn_inp_kq_mask' [f16, ne = {  4096,     1,     1,     1 }] is used by node 'node_772' (FLASH_ATTN_EXT)
llama_graph_n_input_tensors: input tensor '                attn_inp_kq_mask' [f16, ne = {  4096,     1,     1,     1 }] is used by node 'node_806' (FLASH_ATTN_EXT)
llama_graph_n_input_tensors: input tensor '                 attn_inp_v_idxs' [i64, ne = {     1,     1,     1,     1 }] is used by node 'cache_v_l0 (view)' (SET_ROWS)
llama_graph_n_input_tensors: input tensor '                 attn_inp_v_idxs' [i64, ne = {     1,     1,     1,     1 }] is used by node 'cache_v_l1 (view)' (SET_ROWS)
llama_graph_n_input_tensors: input tensor '                 attn_inp_v_idxs' [i64, ne = {     1,     1,     1,     1 }] is used by node 'cache_v_l2 (view)' (SET_ROWS)
llama_graph_n_input_tensors: input tensor '                 attn_inp_v_idxs' [i64, ne = {     1,     1,     1,     1 }] is used by node 'cache_v_l3 (view)' (SET_ROWS)
llama_graph_n_input_tensors: input tensor '                 attn_inp_v_idxs' [i64, ne = {     1,     1,     1,     1 }] is used by node 'cache_v_l4 (view)' (SET_ROWS)
llama_graph_n_input_tensors: input tensor '                 attn_inp_v_idxs' [i64, ne = {     1,     1,     1,     1 }] is used by node 'cache_v_l5 (view)' (SET_ROWS)
llama_graph_n_input_tensors: input tensor '                 attn_inp_v_idxs' [i64, ne = {     1,     1,     1,     1 }] is used by node 'cache_v_l6 (view)' (SET_ROWS)
llama_graph_n_input_tensors: input tensor '                 attn_inp_v_idxs' [i64, ne = {     1,     1,     1,     1 }] is used by node 'cache_v_l7 (view)' (SET_ROWS)
llama_graph_n_input_tensors: input tensor '                 attn_inp_v_idxs' [i64, ne = {     1,     1,     1,     1 }] is used by node 'cache_v_l8 (view)' (SET_ROWS)
llama_graph_n_input_tensors: input tensor '                 attn_inp_v_idxs' [i64, ne = {     1,     1,     1,     1 }] is used by node 'cache_v_l9 (view)' (SET_ROWS)
llama_graph_n_input_tensors: input tensor '                 attn_inp_v_idxs' [i64, ne = {     1,     1,     1,     1 }] is used by node 'cache_v_l10 (view)' (SET_ROWS)
llama_graph_n_input_tensors: input tensor '                 attn_inp_v_idxs' [i64, ne = {     1,     1,     1,     1 }] is used by node 'cache_v_l11 (view)' (SET_ROWS)
llama_graph_n_input_tensors: input tensor '                 attn_inp_v_idxs' [i64, ne = {     1,     1,     1,     1 }] is used by node 'cache_v_l12 (view)' (SET_ROWS)
llama_graph_n_input_tensors: input tensor '                 attn_inp_v_idxs' [i64, ne = {     1,     1,     1,     1 }] is used by node 'cache_v_l13 (view)' (SET_ROWS)
llama_graph_n_input_tensors: input tensor '                 attn_inp_v_idxs' [i64, ne = {     1,     1,     1,     1 }] is used by node 'cache_v_l14 (view)' (SET_ROWS)
llama_graph_n_input_tensors: input tensor '                 attn_inp_v_idxs' [i64, ne = {     1,     1,     1,     1 }] is used by node 'cache_v_l15 (view)' (SET_ROWS)
llama_graph_n_input_tensors: input tensor '                 attn_inp_v_idxs' [i64, ne = {     1,     1,     1,     1 }] is used by node 'cache_v_l16 (view)' (SET_ROWS)
llama_graph_n_input_tensors: input tensor '                 attn_inp_v_idxs' [i64, ne = {     1,     1,     1,     1 }] is used by node 'cache_v_l17 (view)' (SET_ROWS)
llama_graph_n_input_tensors: input tensor '                 attn_inp_v_idxs' [i64, ne = {     1,     1,     1,     1 }] is used by node 'cache_v_l18 (view)' (SET_ROWS)
llama_graph_n_input_tensors: input tensor '                 attn_inp_v_idxs' [i64, ne = {     1,     1,     1,     1 }] is used by node 'cache_v_l19 (view)' (SET_ROWS)
llama_graph_n_input_tensors: input tensor '                 attn_inp_v_idxs' [i64, ne = {     1,     1,     1,     1 }] is used by node 'cache_v_l20 (view)' (SET_ROWS)
llama_graph_n_input_tensors: input tensor '                 attn_inp_v_idxs' [i64, ne = {     1,     1,     1,     1 }] is used by node 'cache_v_l21 (view)' (SET_ROWS)
llama_graph_n_input_tensors: input tensor '                 attn_inp_v_idxs' [i64, ne = {     1,     1,     1,     1 }] is used by node 'cache_v_l22 (view)' (SET_ROWS)
llama_graph_n_input_tensors: input tensor '                 attn_inp_v_idxs' [i64, ne = {     1,     1,     1,     1 }] is used by node 'cache_v_l23 (view)' (SET_ROWS)
llama_graph_n_input_tensors: input tensor '                      inp_tokens' [i32, ne = {     1,     1,     1,     1 }] is used by node 'embd' (GET_ROWS)
llama_graph_n_input_tensors: input tensor '                 attn_inp_k_idxs' [i64, ne = {     1,     1,     1,     1 }] is used by node 'cache_k_l0 (view)' (SET_ROWS)
llama_graph_n_input_tensors: input tensor '                 attn_inp_k_idxs' [i64, ne = {     1,     1,     1,     1 }] is used by node 'cache_k_l1 (view)' (SET_ROWS)
llama_graph_n_input_tensors: input tensor '                 attn_inp_k_idxs' [i64, ne = {     1,     1,     1,     1 }] is used by node 'cache_k_l2 (view)' (SET_ROWS)
llama_graph_n_input_tensors: input tensor '                 attn_inp_k_idxs' [i64, ne = {     1,     1,     1,     1 }] is used by node 'cache_k_l3 (view)' (SET_ROWS)
llama_graph_n_input_tensors: input tensor '                 attn_inp_k_idxs' [i64, ne = {     1,     1,     1,     1 }] is used by node 'cache_k_l4 (view)' (SET_ROWS)
llama_graph_n_input_tensors: input tensor '                 attn_inp_k_idxs' [i64, ne = {     1,     1,     1,     1 }] is used by node 'cache_k_l5 (view)' (SET_ROWS)
llama_graph_n_input_tensors: input tensor '                 attn_inp_k_idxs' [i64, ne = {     1,     1,     1,     1 }] is used by node 'cache_k_l6 (view)' (SET_ROWS)
llama_graph_n_input_tensors: input tensor '                 attn_inp_k_idxs' [i64, ne = {     1,     1,     1,     1 }] is used by node 'cache_k_l7 (view)' (SET_ROWS)
llama_graph_n_input_tensors: input tensor '                 attn_inp_k_idxs' [i64, ne = {     1,     1,     1,     1 }] is used by node 'cache_k_l8 (view)' (SET_ROWS)
llama_graph_n_input_tensors: input tensor '                 attn_inp_k_idxs' [i64, ne = {     1,     1,     1,     1 }] is used by node 'cache_k_l9 (view)' (SET_ROWS)
llama_graph_n_input_tensors: input tensor '                 attn_inp_k_idxs' [i64, ne = {     1,     1,     1,     1 }] is used by node 'cache_k_l10 (view)' (SET_ROWS)
llama_graph_n_input_tensors: input tensor '                 attn_inp_k_idxs' [i64, ne = {     1,     1,     1,     1 }] is used by node 'cache_k_l11 (view)' (SET_ROWS)
llama_graph_n_input_tensors: input tensor '                 attn_inp_k_idxs' [i64, ne = {     1,     1,     1,     1 }] is used by node 'cache_k_l12 (view)' (SET_ROWS)
llama_graph_n_input_tensors: input tensor '                 attn_inp_k_idxs' [i64, ne = {     1,     1,     1,     1 }] is used by node 'cache_k_l13 (view)' (SET_ROWS)
llama_graph_n_input_tensors: input tensor '                 attn_inp_k_idxs' [i64, ne = {     1,     1,     1,     1 }] is used by node 'cache_k_l14 (view)' (SET_ROWS)
llama_graph_n_input_tensors: input tensor '                 attn_inp_k_idxs' [i64, ne = {     1,     1,     1,     1 }] is used by node 'cache_k_l15 (view)' (SET_ROWS)
llama_graph_n_input_tensors: input tensor '                 attn_inp_k_idxs' [i64, ne = {     1,     1,     1,     1 }] is used by node 'cache_k_l16 (view)' (SET_ROWS)
llama_graph_n_input_tensors: input tensor '                 attn_inp_k_idxs' [i64, ne = {     1,     1,     1,     1 }] is used by node 'cache_k_l17 (view)' (SET_ROWS)
llama_graph_n_input_tensors: input tensor '                 attn_inp_k_idxs' [i64, ne = {     1,     1,     1,     1 }] is used by node 'cache_k_l18 (view)' (SET_ROWS)
llama_graph_n_input_tensors: input tensor '                 attn_inp_k_idxs' [i64, ne = {     1,     1,     1,     1 }] is used by node 'cache_k_l19 (view)' (SET_ROWS)
llama_graph_n_input_tensors: input tensor '                 attn_inp_k_idxs' [i64, ne = {     1,     1,     1,     1 }] is used by node 'cache_k_l20 (view)' (SET_ROWS)
llama_graph_n_input_tensors: input tensor '                 attn_inp_k_idxs' [i64, ne = {     1,     1,     1,     1 }] is used by node 'cache_k_l21 (view)' (SET_ROWS)
llama_graph_n_input_tensors: input tensor '                 attn_inp_k_idxs' [i64, ne = {     1,     1,     1,     1 }] is used by node 'cache_k_l22 (view)' (SET_ROWS)
llama_graph_n_input_tensors: input tensor '                 attn_inp_k_idxs' [i64, ne = {     1,     1,     1,     1 }] is used by node 'cache_k_l23 (view)' (SET_ROWS)
llama_graph_n_input_tensors: input tensor '                         inp_pos' [i32, ne = {     1,     1,     1,     1 }] is used by node 'Qcur-0' (ROPE)
llama_graph_n_input_tensors: input tensor '                         inp_pos' [i32, ne = {     1,     1,     1,     1 }] is used by node 'Kcur-0' (ROPE)
llama_graph_n_input_tensors: input tensor '                         inp_pos' [i32, ne = {     1,     1,     1,     1 }] is used by node 'Qcur-1' (ROPE)
llama_graph_n_input_tensors: input tensor '                         inp_pos' [i32, ne = {     1,     1,     1,     1 }] is used by node 'Kcur-1' (ROPE)
llama_graph_n_input_tensors: input tensor '                         inp_pos' [i32, ne = {     1,     1,     1,     1 }] is used by node 'Qcur-2' (ROPE)
llama_graph_n_input_tensors: input tensor '                         inp_pos' [i32, ne = {     1,     1,     1,     1 }] is used by node 'Kcur-2' (ROPE)
llama_graph_n_input_tensors: input tensor '                         inp_pos' [i32, ne = {     1,     1,     1,     1 }] is used by node 'Qcur-3' (ROPE)
llama_graph_n_input_tensors: input tensor '                         inp_pos' [i32, ne = {     1,     1,     1,     1 }] is used by node 'Kcur-3' (ROPE)
llama_graph_n_input_tensors: input tensor '                         inp_pos' [i32, ne = {     1,     1,     1,     1 }] is used by node 'Qcur-4' (ROPE)
llama_graph_n_input_tensors: input tensor '                         inp_pos' [i32, ne = {     1,     1,     1,     1 }] is used by node 'Kcur-4' (ROPE)
llama_graph_n_input_tensors: input tensor '                         inp_pos' [i32, ne = {     1,     1,     1,     1 }] is used by node 'Qcur-5' (ROPE)
llama_graph_n_input_tensors: input tensor '                         inp_pos' [i32, ne = {     1,     1,     1,     1 }] is used by node 'Kcur-5' (ROPE)
llama_graph_n_input_tensors: input tensor '                         inp_pos' [i32, ne = {     1,     1,     1,     1 }] is used by node 'Qcur-6' (ROPE)
llama_graph_n_input_tensors: input tensor '                         inp_pos' [i32, ne = {     1,     1,     1,     1 }] is used by node 'Kcur-6' (ROPE)
llama_graph_n_input_tensors: input tensor '                         inp_pos' [i32, ne = {     1,     1,     1,     1 }] is used by node 'Qcur-7' (ROPE)
llama_graph_n_input_tensors: input tensor '                         inp_pos' [i32, ne = {     1,     1,     1,     1 }] is used by node 'Kcur-7' (ROPE)
llama_graph_n_input_tensors: input tensor '                         inp_pos' [i32, ne = {     1,     1,     1,     1 }] is used by node 'Qcur-8' (ROPE)
llama_graph_n_input_tensors: input tensor '                         inp_pos' [i32, ne = {     1,     1,     1,     1 }] is used by node 'Kcur-8' (ROPE)
llama_graph_n_input_tensors: input tensor '                         inp_pos' [i32, ne = {     1,     1,     1,     1 }] is used by node 'Qcur-9' (ROPE)
llama_graph_n_input_tensors: input tensor '                         inp_pos' [i32, ne = {     1,     1,     1,     1 }] is used by node 'Kcur-9' (ROPE)
llama_graph_n_input_tensors: input tensor '                         inp_pos' [i32, ne = {     1,     1,     1,     1 }] is used by node 'Qcur-10' (ROPE)
llama_graph_n_input_tensors: input tensor '                         inp_pos' [i32, ne = {     1,     1,     1,     1 }] is used by node 'Kcur-10' (ROPE)
llama_graph_n_input_tensors: input tensor '                         inp_pos' [i32, ne = {     1,     1,     1,     1 }] is used by node 'Qcur-11' (ROPE)
llama_graph_n_input_tensors: input tensor '                         inp_pos' [i32, ne = {     1,     1,     1,     1 }] is used by node 'Kcur-11' (ROPE)
llama_graph_n_input_tensors: input tensor '                         inp_pos' [i32, ne = {     1,     1,     1,     1 }] is used by node 'Qcur-12' (ROPE)
llama_graph_n_input_tensors: input tensor '                         inp_pos' [i32, ne = {     1,     1,     1,     1 }] is used by node 'Kcur-12' (ROPE)
llama_graph_n_input_tensors: input tensor '                         inp_pos' [i32, ne = {     1,     1,     1,     1 }] is used by node 'Qcur-13' (ROPE)
llama_graph_n_input_tensors: input tensor '                         inp_pos' [i32, ne = {     1,     1,     1,     1 }] is used by node 'Kcur-13' (ROPE)
llama_graph_n_input_tensors: input tensor '                         inp_pos' [i32, ne = {     1,     1,     1,     1 }] is used by node 'Qcur-14' (ROPE)
llama_graph_n_input_tensors: input tensor '                         inp_pos' [i32, ne = {     1,     1,     1,     1 }] is used by node 'Kcur-14' (ROPE)
llama_graph_n_input_tensors: input tensor '                         inp_pos' [i32, ne = {     1,     1,     1,     1 }] is used by node 'Qcur-15' (ROPE)
llama_graph_n_input_tensors: input tensor '                         inp_pos' [i32, ne = {     1,     1,     1,     1 }] is used by node 'Kcur-15' (ROPE)
llama_graph_n_input_tensors: input tensor '                         inp_pos' [i32, ne = {     1,     1,     1,     1 }] is used by node 'Qcur-16' (ROPE)
llama_graph_n_input_tensors: input tensor '                         inp_pos' [i32, ne = {     1,     1,     1,     1 }] is used by node 'Kcur-16' (ROPE)
llama_graph_n_input_tensors: input tensor '                         inp_pos' [i32, ne = {     1,     1,     1,     1 }] is used by node 'Qcur-17' (ROPE)
llama_graph_n_input_tensors: input tensor '                         inp_pos' [i32, ne = {     1,     1,     1,     1 }] is used by node 'Kcur-17' (ROPE)
llama_graph_n_input_tensors: input tensor '                         inp_pos' [i32, ne = {     1,     1,     1,     1 }] is used by node 'Qcur-18' (ROPE)
llama_graph_n_input_tensors: input tensor '                         inp_pos' [i32, ne = {     1,     1,     1,     1 }] is used by node 'Kcur-18' (ROPE)
llama_graph_n_input_tensors: input tensor '                         inp_pos' [i32, ne = {     1,     1,     1,     1 }] is used by node 'Qcur-19' (ROPE)
llama_graph_n_input_tensors: input tensor '                         inp_pos' [i32, ne = {     1,     1,     1,     1 }] is used by node 'Kcur-19' (ROPE)
llama_graph_n_input_tensors: input tensor '                         inp_pos' [i32, ne = {     1,     1,     1,     1 }] is used by node 'Qcur-20' (ROPE)
llama_graph_n_input_tensors: input tensor '                         inp_pos' [i32, ne = {     1,     1,     1,     1 }] is used by node 'Kcur-20' (ROPE)
llama_graph_n_input_tensors: input tensor '                         inp_pos' [i32, ne = {     1,     1,     1,     1 }] is used by node 'Qcur-21' (ROPE)
llama_graph_n_input_tensors: input tensor '                         inp_pos' [i32, ne = {     1,     1,     1,     1 }] is used by node 'Kcur-21' (ROPE)
llama_graph_n_input_tensors: input tensor '                         inp_pos' [i32, ne = {     1,     1,     1,     1 }] is used by node 'Qcur-22' (ROPE)
llama_graph_n_input_tensors: input tensor '                         inp_pos' [i32, ne = {     1,     1,     1,     1 }] is used by node 'Kcur-22' (ROPE)
llama_graph_n_input_tensors: input tensor '                         inp_pos' [i32, ne = {     1,     1,     1,     1 }] is used by node 'Qcur-23' (ROPE)
llama_graph_n_input_tensors: input tensor '                         inp_pos' [i32, ne = {     1,     1,     1,     1 }] is used by node 'Kcur-23' (ROPE)
resolve_fused_ops: fused DeepSeek V4 HC post enabled
graph_reserve: reserving a graph for ubatch with n_tokens =  512, n_seqs =  1, n_outputs =  512
llama_graph_n_input_tensors: input tensor '                         out_ids' [i32, ne = {   512,     1,     1,     1 }] is used by node 'node_809' (GET_ROWS)
llama_graph_n_input_tensors: input tensor '                         out_ids' [i32, ne = {   512,     1,     1,     1 }] is used by node 'node_810' (GET_ROWS)
llama_graph_n_input_tensors: input tensor '                attn_inp_kq_mask' [f16, ne = {  4096,   512,     1,     1 }] is used by node 'node_24' (FLASH_ATTN_EXT)
llama_graph_n_input_tensors: input tensor '                attn_inp_kq_mask' [f16, ne = {  4096,   512,     1,     1 }] is used by node 'node_58' (FLASH_ATTN_EXT)
llama_graph_n_input_tensors: input tensor '                attn_inp_kq_mask' [f16, ne = {  4096,   512,     1,     1 }] is used by node 'node_92' (FLASH_ATTN_EXT)
llama_graph_n_input_tensors: input tensor '                attn_inp_kq_mask' [f16, ne = {  4096,   512,     1,     1 }] is used by node 'node_126' (FLASH_ATTN_EXT)
llama_graph_n_input_tensors: input tensor '                attn_inp_kq_mask' [f16, ne = {  4096,   512,     1,     1 }] is used by node 'node_160' (FLASH_ATTN_EXT)
llama_graph_n_input_tensors: input tensor '                attn_inp_kq_mask' [f16, ne = {  4096,   512,     1,     1 }] is used by node 'node_194' (FLASH_ATTN_EXT)
llama_graph_n_input_tensors: input tensor '                attn_inp_kq_mask' [f16, ne = {  4096,   512,     1,     1 }] is used by node 'node_228' (FLASH_ATTN_EXT)
llama_graph_n_input_tensors: input tensor '                attn_inp_kq_mask' [f16, ne = {  4096,   512,     1,     1 }] is used by node 'node_262' (FLASH_ATTN_EXT)
llama_graph_n_input_tensors: input tensor '                attn_inp_kq_mask' [f16, ne = {  4096,   512,     1,     1 }] is used by node 'node_296' (FLASH_ATTN_EXT)
llama_graph_n_input_tensors: input tensor '                attn_inp_kq_mask' [f16, ne = {  4096,   512,     1,     1 }] is used by node 'node_330' (FLASH_ATTN_EXT)
llama_graph_n_input_tensors: input tensor '                attn_inp_kq_mask' [f16, ne = {  4096,   512,     1,     1 }] is used by node 'node_364' (FLASH_ATTN_EXT)
llama_graph_n_input_tensors: input tensor '                attn_inp_kq_mask' [f16, ne = {  4096,   512,     1,     1 }] is used by node 'node_398' (FLASH_ATTN_EXT)
llama_graph_n_input_tensors: input tensor '                attn_inp_kq_mask' [f16, ne = {  4096,   512,     1,     1 }] is used by node 'node_432' (FLASH_ATTN_EXT)
llama_graph_n_input_tensors: input tensor '                attn_inp_kq_mask' [f16, ne = {  4096,   512,     1,     1 }] is used by node 'node_466' (FLASH_ATTN_EXT)
llama_graph_n_input_tensors: input tensor '                attn_inp_kq_mask' [f16, ne = {  4096,   512,     1,     1 }] is used by node 'node_500' (FLASH_ATTN_EXT)
llama_graph_n_input_tensors: input tensor '                attn_inp_kq_mask' [f16, ne = {  4096,   512,     1,     1 }] is used by node 'node_534' (FLASH_ATTN_EXT)
llama_graph_n_input_tensors: input tensor '                attn_inp_kq_mask' [f16, ne = {  4096,   512,     1,     1 }] is used by node 'node_568' (FLASH_ATTN_EXT)
llama_graph_n_input_tensors: input tensor '                attn_inp_kq_mask' [f16, ne = {  4096,   512,     1,     1 }] is used by node 'node_602' (FLASH_ATTN_EXT)
llama_graph_n_input_tensors: input tensor '                attn_inp_kq_mask' [f16, ne = {  4096,   512,     1,     1 }] is used by node 'node_636' (FLASH_ATTN_EXT)
llama_graph_n_input_tensors: input tensor '                attn_inp_kq_mask' [f16, ne = {  4096,   512,     1,     1 }] is used by node 'node_670' (FLASH_ATTN_EXT)
llama_graph_n_input_tensors: input tensor '                attn_inp_kq_mask' [f16, ne = {  4096,   512,     1,     1 }] is used by node 'node_704' (FLASH_ATTN_EXT)
llama_graph_n_input_tensors: input tensor '                attn_inp_kq_mask' [f16, ne = {  4096,   512,     1,     1 }] is used by node 'node_738' (FLASH_ATTN_EXT)
llama_graph_n_input_tensors: input tensor '                attn_inp_kq_mask' [f16, ne = {  4096,   512,     1,     1 }] is used by node 'node_772' (FLASH_ATTN_EXT)
llama_graph_n_input_tensors: input tensor '                attn_inp_kq_mask' [f16, ne = {  4096,   512,     1,     1 }] is used by node 'node_806' (FLASH_ATTN_EXT)
llama_graph_n_input_tensors: input tensor '                 attn_inp_v_idxs' [i64, ne = {   512,     1,     1,     1 }] is used by node 'cache_v_l0 (view)' (SET_ROWS)
llama_graph_n_input_tensors: input tensor '                 attn_inp_v_idxs' [i64, ne = {   512,     1,     1,     1 }] is used by node 'cache_v_l1 (view)' (SET_ROWS)
llama_graph_n_input_tensors: input tensor '                 attn_inp_v_idxs' [i64, ne = {   512,     1,     1,     1 }] is used by node 'cache_v_l2 (view)' (SET_ROWS)
llama_graph_n_input_tensors: input tensor '                 attn_inp_v_idxs' [i64, ne = {   512,     1,     1,     1 }] is used by node 'cache_v_l3 (view)' (SET_ROWS)
llama_graph_n_input_tensors: input tensor '                 attn_inp_v_idxs' [i64, ne = {   512,     1,     1,     1 }] is used by node 'cache_v_l4 (view)' (SET_ROWS)
llama_graph_n_input_tensors: input tensor '                 attn_inp_v_idxs' [i64, ne = {   512,     1,     1,     1 }] is used by node 'cache_v_l5 (view)' (SET_ROWS)
llama_graph_n_input_tensors: input tensor '                 attn_inp_v_idxs' [i64, ne = {   512,     1,     1,     1 }] is used by node 'cache_v_l6 (view)' (SET_ROWS)
llama_graph_n_input_tensors: input tensor '                 attn_inp_v_idxs' [i64, ne = {   512,     1,     1,     1 }] is used by node 'cache_v_l7 (view)' (SET_ROWS)
llama_graph_n_input_tensors: input tensor '                 attn_inp_v_idxs' [i64, ne = {   512,     1,     1,     1 }] is used by node 'cache_v_l8 (view)' (SET_ROWS)
llama_graph_n_input_tensors: input tensor '                 attn_inp_v_idxs' [i64, ne = {   512,     1,     1,     1 }] is used by node 'cache_v_l9 (view)' (SET_ROWS)
llama_graph_n_input_tensors: input tensor '                 attn_inp_v_idxs' [i64, ne = {   512,     1,     1,     1 }] is used by node 'cache_v_l10 (view)' (SET_ROWS)
llama_graph_n_input_tensors: input tensor '                 attn_inp_v_idxs' [i64, ne = {   512,     1,     1,     1 }] is used by node 'cache_v_l11 (view)' (SET_ROWS)
llama_graph_n_input_tensors: input tensor '                 attn_inp_v_idxs' [i64, ne = {   512,     1,     1,     1 }] is used by node 'cache_v_l12 (view)' (SET_ROWS)
llama_graph_n_input_tensors: input tensor '                 attn_inp_v_idxs' [i64, ne = {   512,     1,     1,     1 }] is used by node 'cache_v_l13 (view)' (SET_ROWS)
llama_graph_n_input_tensors: input tensor '                 attn_inp_v_idxs' [i64, ne = {   512,     1,     1,     1 }] is used by node 'cache_v_l14 (view)' (SET_ROWS)
llama_graph_n_input_tensors: input tensor '                 attn_inp_v_idxs' [i64, ne = {   512,     1,     1,     1 }] is used by node 'cache_v_l15 (view)' (SET_ROWS)
llama_graph_n_input_tensors: input tensor '                 attn_inp_v_idxs' [i64, ne = {   512,     1,     1,     1 }] is used by node 'cache_v_l16 (view)' (SET_ROWS)
llama_graph_n_input_tensors: input tensor '                 attn_inp_v_idxs' [i64, ne = {   512,     1,     1,     1 }] is used by node 'cache_v_l17 (view)' (SET_ROWS)
llama_graph_n_input_tensors: input tensor '                 attn_inp_v_idxs' [i64, ne = {   512,     1,     1,     1 }] is used by node 'cache_v_l18 (view)' (SET_ROWS)
llama_graph_n_input_tensors: input tensor '                 attn_inp_v_idxs' [i64, ne = {   512,     1,     1,     1 }] is used by node 'cache_v_l19 (view)' (SET_ROWS)
llama_graph_n_input_tensors: input tensor '                 attn_inp_v_idxs' [i64, ne = {   512,     1,     1,     1 }] is used by node 'cache_v_l20 (view)' (SET_ROWS)
llama_graph_n_input_tensors: input tensor '                 attn_inp_v_idxs' [i64, ne = {   512,     1,     1,     1 }] is used by node 'cache_v_l21 (view)' (SET_ROWS)
llama_graph_n_input_tensors: input tensor '                 attn_inp_v_idxs' [i64, ne = {   512,     1,     1,     1 }] is used by node 'cache_v_l22 (view)' (SET_ROWS)
llama_graph_n_input_tensors: input tensor '                 attn_inp_v_idxs' [i64, ne = {   512,     1,     1,     1 }] is used by node 'cache_v_l23 (view)' (SET_ROWS)
llama_graph_n_input_tensors: input tensor '                      inp_tokens' [i32, ne = {   512,     1,     1,     1 }] is used by node 'embd' (GET_ROWS)
llama_graph_n_input_tensors: input tensor '                 attn_inp_k_idxs' [i64, ne = {   512,     1,     1,     1 }] is used by node 'cache_k_l0 (view)' (SET_ROWS)
llama_graph_n_input_tensors: input tensor '                 attn_inp_k_idxs' [i64, ne = {   512,     1,     1,     1 }] is used by node 'cache_k_l1 (view)' (SET_ROWS)
llama_graph_n_input_tensors: input tensor '                 attn_inp_k_idxs' [i64, ne = {   512,     1,     1,     1 }] is used by node 'cache_k_l2 (view)' (SET_ROWS)
llama_graph_n_input_tensors: input tensor '                 attn_inp_k_idxs' [i64, ne = {   512,     1,     1,     1 }] is used by node 'cache_k_l3 (view)' (SET_ROWS)
llama_graph_n_input_tensors: input tensor '                 attn_inp_k_idxs' [i64, ne = {   512,     1,     1,     1 }] is used by node 'cache_k_l4 (view)' (SET_ROWS)
llama_graph_n_input_tensors: input tensor '                 attn_inp_k_idxs' [i64, ne = {   512,     1,     1,     1 }] is used by node 'cache_k_l5 (view)' (SET_ROWS)
llama_graph_n_input_tensors: input tensor '                 attn_inp_k_idxs' [i64, ne = {   512,     1,     1,     1 }] is used by node 'cache_k_l6 (view)' (SET_ROWS)
llama_graph_n_input_tensors: input tensor '                 attn_inp_k_idxs' [i64, ne = {   512,     1,     1,     1 }] is used by node 'cache_k_l7 (view)' (SET_ROWS)
llama_graph_n_input_tensors: input tensor '                 attn_inp_k_idxs' [i64, ne = {   512,     1,     1,     1 }] is used by node 'cache_k_l8 (view)' (SET_ROWS)
llama_graph_n_input_tensors: input tensor '                 attn_inp_k_idxs' [i64, ne = {   512,     1,     1,     1 }] is used by node 'cache_k_l9 (view)' (SET_ROWS)
llama_graph_n_input_tensors: input tensor '                 attn_inp_k_idxs' [i64, ne = {   512,     1,     1,     1 }] is used by node 'cache_k_l10 (view)' (SET_ROWS)
llama_graph_n_input_tensors: input tensor '                 attn_inp_k_idxs' [i64, ne = {   512,     1,     1,     1 }] is used by node 'cache_k_l11 (view)' (SET_ROWS)
llama_graph_n_input_tensors: input tensor '                 attn_inp_k_idxs' [i64, ne = {   512,     1,     1,     1 }] is used by node 'cache_k_l12 (view)' (SET_ROWS)
llama_graph_n_input_tensors: input tensor '                 attn_inp_k_idxs' [i64, ne = {   512,     1,     1,     1 }] is used by node 'cache_k_l13 (view)' (SET_ROWS)
llama_graph_n_input_tensors: input tensor '                 attn_inp_k_idxs' [i64, ne = {   512,     1,     1,     1 }] is used by node 'cache_k_l14 (view)' (SET_ROWS)
llama_graph_n_input_tensors: input tensor '                 attn_inp_k_idxs' [i64, ne = {   512,     1,     1,     1 }] is used by node 'cache_k_l15 (view)' (SET_ROWS)
llama_graph_n_input_tensors: input tensor '                 attn_inp_k_idxs' [i64, ne = {   512,     1,     1,     1 }] is used by node 'cache_k_l16 (view)' (SET_ROWS)
llama_graph_n_input_tensors: input tensor '                 attn_inp_k_idxs' [i64, ne = {   512,     1,     1,     1 }] is used by node 'cache_k_l17 (view)' (SET_ROWS)
llama_graph_n_input_tensors: input tensor '                 attn_inp_k_idxs' [i64, ne = {   512,     1,     1,     1 }] is used by node 'cache_k_l18 (view)' (SET_ROWS)
llama_graph_n_input_tensors: input tensor '                 attn_inp_k_idxs' [i64, ne = {   512,     1,     1,     1 }] is used by node 'cache_k_l19 (view)' (SET_ROWS)
llama_graph_n_input_tensors: input tensor '                 attn_inp_k_idxs' [i64, ne = {   512,     1,     1,     1 }] is used by node 'cache_k_l20 (view)' (SET_ROWS)
llama_graph_n_input_tensors: input tensor '                 attn_inp_k_idxs' [i64, ne = {   512,     1,     1,     1 }] is used by node 'cache_k_l21 (view)' (SET_ROWS)
llama_graph_n_input_tensors: input tensor '                 attn_inp_k_idxs' [i64, ne = {   512,     1,     1,     1 }] is used by node 'cache_k_l22 (view)' (SET_ROWS)
llama_graph_n_input_tensors: input tensor '                 attn_inp_k_idxs' [i64, ne = {   512,     1,     1,     1 }] is used by node 'cache_k_l23 (view)' (SET_ROWS)
llama_graph_n_input_tensors: input tensor '                         inp_pos' [i32, ne = {   512,     1,     1,     1 }] is used by node 'Qcur-0' (ROPE)
llama_graph_n_input_tensors: input tensor '                         inp_pos' [i32, ne = {   512,     1,     1,     1 }] is used by node 'Kcur-0' (ROPE)
llama_graph_n_input_tensors: input tensor '                         inp_pos' [i32, ne = {   512,     1,     1,     1 }] is used by node 'Qcur-1' (ROPE)
llama_graph_n_input_tensors: input tensor '                         inp_pos' [i32, ne = {   512,     1,     1,     1 }] is used by node 'Kcur-1' (ROPE)
llama_graph_n_input_tensors: input tensor '                         inp_pos' [i32, ne = {   512,     1,     1,     1 }] is used by node 'Qcur-2' (ROPE)
llama_graph_n_input_tensors: input tensor '                         inp_pos' [i32, ne = {   512,     1,     1,     1 }] is used by node 'Kcur-2' (ROPE)
llama_graph_n_input_tensors: input tensor '                         inp_pos' [i32, ne = {   512,     1,     1,     1 }] is used by node 'Qcur-3' (ROPE)
llama_graph_n_input_tensors: input tensor '                         inp_pos' [i32, ne = {   512,     1,     1,     1 }] is used by node 'Kcur-3' (ROPE)
llama_graph_n_input_tensors: input tensor '                         inp_pos' [i32, ne = {   512,     1,     1,     1 }] is used by node 'Qcur-4' (ROPE)
llama_graph_n_input_tensors: input tensor '                         inp_pos' [i32, ne = {   512,     1,     1,     1 }] is used by node 'Kcur-4' (ROPE)
llama_graph_n_input_tensors: input tensor '                         inp_pos' [i32, ne = {   512,     1,     1,     1 }] is used by node 'Qcur-5' (ROPE)
llama_graph_n_input_tensors: input tensor '                         inp_pos' [i32, ne = {   512,     1,     1,     1 }] is used by node 'Kcur-5' (ROPE)
llama_graph_n_input_tensors: input tensor '                         inp_pos' [i32, ne = {   512,     1,     1,     1 }] is used by node 'Qcur-6' (ROPE)
llama_graph_n_input_tensors: input tensor '                         inp_pos' [i32, ne = {   512,     1,     1,     1 }] is used by node 'Kcur-6' (ROPE)
llama_graph_n_input_tensors: input tensor '                         inp_pos' [i32, ne = {   512,     1,     1,     1 }] is used by node 'Qcur-7' (ROPE)
llama_graph_n_input_tensors: input tensor '                         inp_pos' [i32, ne = {   512,     1,     1,     1 }] is used by node 'Kcur-7' (ROPE)
llama_graph_n_input_tensors: input tensor '                         inp_pos' [i32, ne = {   512,     1,     1,     1 }] is used by node 'Qcur-8' (ROPE)
llama_graph_n_input_tensors: input tensor '                         inp_pos' [i32, ne = {   512,     1,     1,     1 }] is used by node 'Kcur-8' (ROPE)
llama_graph_n_input_tensors: input tensor '                         inp_pos' [i32, ne = {   512,     1,     1,     1 }] is used by node 'Qcur-9' (ROPE)
llama_graph_n_input_tensors: input tensor '                         inp_pos' [i32, ne = {   512,     1,     1,     1 }] is used by node 'Kcur-9' (ROPE)
llama_graph_n_input_tensors: input tensor '                         inp_pos' [i32, ne = {   512,     1,     1,     1 }] is used by node 'Qcur-10' (ROPE)
llama_graph_n_input_tensors: input tensor '                         inp_pos' [i32, ne = {   512,     1,     1,     1 }] is used by node 'Kcur-10' (ROPE)
llama_graph_n_input_tensors: input tensor '                         inp_pos' [i32, ne = {   512,     1,     1,     1 }] is used by node 'Qcur-11' (ROPE)
llama_graph_n_input_tensors: input tensor '                         inp_pos' [i32, ne = {   512,     1,     1,     1 }] is used by node 'Kcur-11' (ROPE)
llama_graph_n_input_tensors: input tensor '                         inp_pos' [i32, ne = {   512,     1,     1,     1 }] is used by node 'Qcur-12' (ROPE)
llama_graph_n_input_tensors: input tensor '                         inp_pos' [i32, ne = {   512,     1,     1,     1 }] is used by node 'Kcur-12' (ROPE)
llama_graph_n_input_tensors: input tensor '                         inp_pos' [i32, ne = {   512,     1,     1,     1 }] is used by node 'Qcur-13' (ROPE)
llama_graph_n_input_tensors: input tensor '                         inp_pos' [i32, ne = {   512,     1,     1,     1 }] is used by node 'Kcur-13' (ROPE)
llama_graph_n_input_tensors: input tensor '                         inp_pos' [i32, ne = {   512,     1,     1,     1 }] is used by node 'Qcur-14' (ROPE)
llama_graph_n_input_tensors: input tensor '                         inp_pos' [i32, ne = {   512,     1,     1,     1 }] is used by node 'Kcur-14' (ROPE)
llama_graph_n_input_tensors: input tensor '                         inp_pos' [i32, ne = {   512,     1,     1,     1 }] is used by node 'Qcur-15' (ROPE)
llama_graph_n_input_tensors: input tensor '                         inp_pos' [i32, ne = {   512,     1,     1,     1 }] is used by node 'Kcur-15' (ROPE)
llama_graph_n_input_tensors: input tensor '                         inp_pos' [i32, ne = {   512,     1,     1,     1 }] is used by node 'Qcur-16' (ROPE)
llama_graph_n_input_tensors: input tensor '                         inp_pos' [i32, ne = {   512,     1,     1,     1 }] is used by node 'Kcur-16' (ROPE)
llama_graph_n_input_tensors: input tensor '                         inp_pos' [i32, ne = {   512,     1,     1,     1 }] is used by node 'Qcur-17' (ROPE)
llama_graph_n_input_tensors: input tensor '                         inp_pos' [i32, ne = {   512,     1,     1,     1 }] is used by node 'Kcur-17' (ROPE)
llama_graph_n_input_tensors: input tensor '                         inp_pos' [i32, ne = {   512,     1,     1,     1 }] is used by node 'Qcur-18' (ROPE)
llama_graph_n_input_tensors: input tensor '                         inp_pos' [i32, ne = {   512,     1,     1,     1 }] is used by node 'Kcur-18' (ROPE)
llama_graph_n_input_tensors: input tensor '                         inp_pos' [i32, ne = {   512,     1,     1,     1 }] is used by node 'Qcur-19' (ROPE)
llama_graph_n_input_tensors: input tensor '                         inp_pos' [i32, ne = {   512,     1,     1,     1 }] is used by node 'Kcur-19' (ROPE)
llama_graph_n_input_tensors: input tensor '                         inp_pos' [i32, ne = {   512,     1,     1,     1 }] is used by node 'Qcur-20' (ROPE)
llama_graph_n_input_tensors: input tensor '                         inp_pos' [i32, ne = {   512,     1,     1,     1 }] is used by node 'Kcur-20' (ROPE)
llama_graph_n_input_tensors: input tensor '                         inp_pos' [i32, ne = {   512,     1,     1,     1 }] is used by node 'Qcur-21' (ROPE)
llama_graph_n_input_tensors: input tensor '                         inp_pos' [i32, ne = {   512,     1,     1,     1 }] is used by node 'Kcur-21' (ROPE)
llama_graph_n_input_tensors: input tensor '                         inp_pos' [i32, ne = {   512,     1,     1,     1 }] is used by node 'Qcur-22' (ROPE)
llama_graph_n_input_tensors: input tensor '                         inp_pos' [i32, ne = {   512,     1,     1,     1 }] is used by node 'Kcur-22' (ROPE)
llama_graph_n_input_tensors: input tensor '                         inp_pos' [i32, ne = {   512,     1,     1,     1 }] is used by node 'Qcur-23' (ROPE)
llama_graph_n_input_tensors: input tensor '                         inp_pos' [i32, ne = {   512,     1,     1,     1 }] is used by node 'Kcur-23' (ROPE)
graph_reserve: reserving a graph for ubatch with n_tokens =    1, n_seqs =  1, n_outputs =    1
llama_graph_n_input_tensors: input tensor '                         out_ids' [i32, ne = {     1,     1,     1,     1 }] is used by node 'node_809' (GET_ROWS)
llama_graph_n_input_tensors: input tensor '                         out_ids' [i32, ne = {     1,     1,     1,     1 }] is used by node 'node_810' (GET_ROWS)
llama_graph_n_input_tensors: input tensor '                attn_inp_kq_mask' [f16, ne = {  4096,     1,     1,     1 }] is used by node 'node_24' (FLASH_ATTN_EXT)
llama_graph_n_input_tensors: input tensor '                attn_inp_kq_mask' [f16, ne = {  4096,     1,     1,     1 }] is used by node 'node_58' (FLASH_ATTN_EXT)
llama_graph_n_input_tensors: input tensor '                attn_inp_kq_mask' [f16, ne = {  4096,     1,     1,     1 }] is used by node 'node_92' (FLASH_ATTN_EXT)
llama_graph_n_input_tensors: input tensor '                attn_inp_kq_mask' [f16, ne = {  4096,     1,     1,     1 }] is used by node 'node_126' (FLASH_ATTN_EXT)
llama_graph_n_input_tensors: input tensor '                attn_inp_kq_mask' [f16, ne = {  4096,     1,     1,     1 }] is used by node 'node_160' (FLASH_ATTN_EXT)
llama_graph_n_input_tensors: input tensor '                attn_inp_kq_mask' [f16, ne = {  4096,     1,     1,     1 }] is used by node 'node_194' (FLASH_ATTN_EXT)
llama_graph_n_input_tensors: input tensor '                attn_inp_kq_mask' [f16, ne = {  4096,     1,     1,     1 }] is used by node 'node_228' (FLASH_ATTN_EXT)
llama_graph_n_input_tensors: input tensor '                attn_inp_kq_mask' [f16, ne = {  4096,     1,     1,     1 }] is used by node 'node_262' (FLASH_ATTN_EXT)
llama_graph_n_input_tensors: input tensor '                attn_inp_kq_mask' [f16, ne = {  4096,     1,     1,     1 }] is used by node 'node_296' (FLASH_ATTN_EXT)
llama_graph_n_input_tensors: input tensor '                attn_inp_kq_mask' [f16, ne = {  4096,     1,     1,     1 }] is used by node 'node_330' (FLASH_ATTN_EXT)
llama_graph_n_input_tensors: input tensor '                attn_inp_kq_mask' [f16, ne = {  4096,     1,     1,     1 }] is used by node 'node_364' (FLASH_ATTN_EXT)
llama_graph_n_input_tensors: input tensor '                attn_inp_kq_mask' [f16, ne = {  4096,     1,     1,     1 }] is used by node 'node_398' (FLASH_ATTN_EXT)
llama_graph_n_input_tensors: input tensor '                attn_inp_kq_mask' [f16, ne = {  4096,     1,     1,     1 }] is used by node 'node_432' (FLASH_ATTN_EXT)
llama_graph_n_input_tensors: input tensor '                attn_inp_kq_mask' [f16, ne = {  4096,     1,     1,     1 }] is used by node 'node_466' (FLASH_ATTN_EXT)
llama_graph_n_input_tensors: input tensor '                attn_inp_kq_mask' [f16, ne = {  4096,     1,     1,     1 }] is used by node 'node_500' (FLASH_ATTN_EXT)
llama_graph_n_input_tensors: input tensor '                attn_inp_kq_mask' [f16, ne = {  4096,     1,     1,     1 }] is used by node 'node_534' (FLASH_ATTN_EXT)
llama_graph_n_input_tensors: input tensor '                attn_inp_kq_mask' [f16, ne = {  4096,     1,     1,     1 }] is used by node 'node_568' (FLASH_ATTN_EXT)
llama_graph_n_input_tensors: input tensor '                attn_inp_kq_mask' [f16, ne = {  4096,     1,     1,     1 }] is used by node 'node_602' (FLASH_ATTN_EXT)
llama_graph_n_input_tensors: input tensor '                attn_inp_kq_mask' [f16, ne = {  4096,     1,     1,     1 }] is used by node 'node_636' (FLASH_ATTN_EXT)
llama_graph_n_input_tensors: input tensor '                attn_inp_kq_mask' [f16, ne = {  4096,     1,     1,     1 }] is used by node 'node_670' (FLASH_ATTN_EXT)
llama_graph_n_input_tensors: input tensor '                attn_inp_kq_mask' [f16, ne = {  4096,     1,     1,     1 }] is used by node 'node_704' (FLASH_ATTN_EXT)
llama_graph_n_input_tensors: input tensor '                attn_inp_kq_mask' [f16, ne = {  4096,     1,     1,     1 }] is used by node 'node_738' (FLASH_ATTN_EXT)
llama_graph_n_input_tensors: input tensor '                attn_inp_kq_mask' [f16, ne = {  4096,     1,     1,     1 }] is used by node 'node_772' (FLASH_ATTN_EXT)
llama_graph_n_input_tensors: input tensor '                attn_inp_kq_mask' [f16, ne = {  4096,     1,     1,     1 }] is used by node 'node_806' (FLASH_ATTN_EXT)
llama_graph_n_input_tensors: input tensor '                 attn_inp_v_idxs' [i64, ne = {     1,     1,     1,     1 }] is used by node 'cache_v_l0 (view)' (SET_ROWS)
llama_graph_n_input_tensors: input tensor '                 attn_inp_v_idxs' [i64, ne = {     1,     1,     1,     1 }] is used by node 'cache_v_l1 (view)' (SET_ROWS)
llama_graph_n_input_tensors: input tensor '                 attn_inp_v_idxs' [i64, ne = {     1,     1,     1,     1 }] is used by node 'cache_v_l2 (view)' (SET_ROWS)
llama_graph_n_input_tensors: input tensor '                 attn_inp_v_idxs' [i64, ne = {     1,     1,     1,     1 }] is used by node 'cache_v_l3 (view)' (SET_ROWS)
llama_graph_n_input_tensors: input tensor '                 attn_inp_v_idxs' [i64, ne = {     1,     1,     1,     1 }] is used by node 'cache_v_l4 (view)' (SET_ROWS)
llama_graph_n_input_tensors: input tensor '                 attn_inp_v_idxs' [i64, ne = {     1,     1,     1,     1 }] is used by node 'cache_v_l5 (view)' (SET_ROWS)
llama_graph_n_input_tensors: input tensor '                 attn_inp_v_idxs' [i64, ne = {     1,     1,     1,     1 }] is used by node 'cache_v_l6 (view)' (SET_ROWS)
llama_graph_n_input_tensors: input tensor '                 attn_inp_v_idxs' [i64, ne = {     1,     1,     1,     1 }] is used by node 'cache_v_l7 (view)' (SET_ROWS)
llama_graph_n_input_tensors: input tensor '                 attn_inp_v_idxs' [i64, ne = {     1,     1,     1,     1 }] is used by node 'cache_v_l8 (view)' (SET_ROWS)
llama_graph_n_input_tensors: input tensor '                 attn_inp_v_idxs' [i64, ne = {     1,     1,     1,     1 }] is used by node 'cache_v_l9 (view)' (SET_ROWS)
llama_graph_n_input_tensors: input tensor '                 attn_inp_v_idxs' [i64, ne = {     1,     1,     1,     1 }] is used by node 'cache_v_l10 (view)' (SET_ROWS)
llama_graph_n_input_tensors: input tensor '                 attn_inp_v_idxs' [i64, ne = {     1,     1,     1,     1 }] is used by node 'cache_v_l11 (view)' (SET_ROWS)
llama_graph_n_input_tensors: input tensor '                 attn_inp_v_idxs' [i64, ne = {     1,     1,     1,     1 }] is used by node 'cache_v_l12 (view)' (SET_ROWS)
llama_graph_n_input_tensors: input tensor '                 attn_inp_v_idxs' [i64, ne = {     1,     1,     1,     1 }] is used by node 'cache_v_l13 (view)' (SET_ROWS)
llama_graph_n_input_tensors: input tensor '                 attn_inp_v_idxs' [i64, ne = {     1,     1,     1,     1 }] is used by node 'cache_v_l14 (view)' (SET_ROWS)
llama_graph_n_input_tensors: input tensor '                 attn_inp_v_idxs' [i64, ne = {     1,     1,     1,     1 }] is used by node 'cache_v_l15 (view)' (SET_ROWS)
llama_graph_n_input_tensors: input tensor '                 attn_inp_v_idxs' [i64, ne = {     1,     1,     1,     1 }] is used by node 'cache_v_l16 (view)' (SET_ROWS)
llama_graph_n_input_tensors: input tensor '                 attn_inp_v_idxs' [i64, ne = {     1,     1,     1,     1 }] is used by node 'cache_v_l17 (view)' (SET_ROWS)
llama_graph_n_input_tensors: input tensor '                 attn_inp_v_idxs' [i64, ne = {     1,     1,     1,     1 }] is used by node 'cache_v_l18 (view)' (SET_ROWS)
llama_graph_n_input_tensors: input tensor '                 attn_inp_v_idxs' [i64, ne = {     1,     1,     1,     1 }] is used by node 'cache_v_l19 (view)' (SET_ROWS)
llama_graph_n_input_tensors: input tensor '                 attn_inp_v_idxs' [i64, ne = {     1,     1,     1,     1 }] is used by node 'cache_v_l20 (view)' (SET_ROWS)
llama_graph_n_input_tensors: input tensor '                 attn_inp_v_idxs' [i64, ne = {     1,     1,     1,     1 }] is used by node 'cache_v_l21 (view)' (SET_ROWS)
llama_graph_n_input_tensors: input tensor '                 attn_inp_v_idxs' [i64, ne = {     1,     1,     1,     1 }] is used by node 'cache_v_l22 (view)' (SET_ROWS)
llama_graph_n_input_tensors: input tensor '                 attn_inp_v_idxs' [i64, ne = {     1,     1,     1,     1 }] is used by node 'cache_v_l23 (view)' (SET_ROWS)
llama_graph_n_input_tensors: input tensor '                      inp_tokens' [i32, ne = {     1,     1,     1,     1 }] is used by node 'embd' (GET_ROWS)
llama_graph_n_input_tensors: input tensor '                 attn_inp_k_idxs' [i64, ne = {     1,     1,     1,     1 }] is used by node 'cache_k_l0 (view)' (SET_ROWS)
llama_graph_n_input_tensors: input tensor '                 attn_inp_k_idxs' [i64, ne = {     1,     1,     1,     1 }] is used by node 'cache_k_l1 (view)' (SET_ROWS)
llama_graph_n_input_tensors: input tensor '                 attn_inp_k_idxs' [i64, ne = {     1,     1,     1,     1 }] is used by node 'cache_k_l2 (view)' (SET_ROWS)
llama_graph_n_input_tensors: input tensor '                 attn_inp_k_idxs' [i64, ne = {     1,     1,     1,     1 }] is used by node 'cache_k_l3 (view)' (SET_ROWS)
llama_graph_n_input_tensors: input tensor '                 attn_inp_k_idxs' [i64, ne = {     1,     1,     1,     1 }] is used by node 'cache_k_l4 (view)' (SET_ROWS)
llama_graph_n_input_tensors: input tensor '                 attn_inp_k_idxs' [i64, ne = {     1,     1,     1,     1 }] is used by node 'cache_k_l5 (view)' (SET_ROWS)
llama_graph_n_input_tensors: input tensor '                 attn_inp_k_idxs' [i64, ne = {     1,     1,     1,     1 }] is used by node 'cache_k_l6 (view)' (SET_ROWS)
llama_graph_n_input_tensors: input tensor '                 attn_inp_k_idxs' [i64, ne = {     1,     1,     1,     1 }] is used by node 'cache_k_l7 (view)' (SET_ROWS)
llama_graph_n_input_tensors: input tensor '                 attn_inp_k_idxs' [i64, ne = {     1,     1,     1,     1 }] is used by node 'cache_k_l8 (view)' (SET_ROWS)
llama_graph_n_input_tensors: input tensor '                 attn_inp_k_idxs' [i64, ne = {     1,     1,     1,     1 }] is used by node 'cache_k_l9 (view)' (SET_ROWS)
llama_graph_n_input_tensors: input tensor '                 attn_inp_k_idxs' [i64, ne = {     1,     1,     1,     1 }] is used by node 'cache_k_l10 (view)' (SET_ROWS)
llama_graph_n_input_tensors: input tensor '                 attn_inp_k_idxs' [i64, ne = {     1,     1,     1,     1 }] is used by node 'cache_k_l11 (view)' (SET_ROWS)
llama_graph_n_input_tensors: input tensor '                 attn_inp_k_idxs' [i64, ne = {     1,     1,     1,     1 }] is used by node 'cache_k_l12 (view)' (SET_ROWS)
llama_graph_n_input_tensors: input tensor '                 attn_inp_k_idxs' [i64, ne = {     1,     1,     1,     1 }] is used by node 'cache_k_l13 (view)' (SET_ROWS)
llama_graph_n_input_tensors: input tensor '                 attn_inp_k_idxs' [i64, ne = {     1,     1,     1,     1 }] is used by node 'cache_k_l14 (view)' (SET_ROWS)
llama_graph_n_input_tensors: input tensor '                 attn_inp_k_idxs' [i64, ne = {     1,     1,     1,     1 }] is used by node 'cache_k_l15 (view)' (SET_ROWS)
llama_graph_n_input_tensors: input tensor '                 attn_inp_k_idxs' [i64, ne = {     1,     1,     1,     1 }] is used by node 'cache_k_l16 (view)' (SET_ROWS)
llama_graph_n_input_tensors: input tensor '                 attn_inp_k_idxs' [i64, ne = {     1,     1,     1,     1 }] is used by node 'cache_k_l17 (view)' (SET_ROWS)
llama_graph_n_input_tensors: input tensor '                 attn_inp_k_idxs' [i64, ne = {     1,     1,     1,     1 }] is used by node 'cache_k_l18 (view)' (SET_ROWS)
llama_graph_n_input_tensors: input tensor '                 attn_inp_k_idxs' [i64, ne = {     1,     1,     1,     1 }] is used by node 'cache_k_l19 (view)' (SET_ROWS)
llama_graph_n_input_tensors: input tensor '                 attn_inp_k_idxs' [i64, ne = {     1,     1,     1,     1 }] is used by node 'cache_k_l20 (view)' (SET_ROWS)
llama_graph_n_input_tensors: input tensor '                 attn_inp_k_idxs' [i64, ne = {     1,     1,     1,     1 }] is used by node 'cache_k_l21 (view)' (SET_ROWS)
llama_graph_n_input_tensors: input tensor '                 attn_inp_k_idxs' [i64, ne = {     1,     1,     1,     1 }] is used by node 'cache_k_l22 (view)' (SET_ROWS)
llama_graph_n_input_tensors: input tensor '                 attn_inp_k_idxs' [i64, ne = {     1,     1,     1,     1 }] is used by node 'cache_k_l23 (view)' (SET_ROWS)
llama_graph_n_input_tensors: input tensor '                         inp_pos' [i32, ne = {     1,     1,     1,     1 }] is used by node 'Qcur-0' (ROPE)
llama_graph_n_input_tensors: input tensor '                         inp_pos' [i32, ne = {     1,     1,     1,     1 }] is used by node 'Kcur-0' (ROPE)
llama_graph_n_input_tensors: input tensor '                         inp_pos' [i32, ne = {     1,     1,     1,     1 }] is used by node 'Qcur-1' (ROPE)
llama_graph_n_input_tensors: input tensor '                         inp_pos' [i32, ne = {     1,     1,     1,     1 }] is used by node 'Kcur-1' (ROPE)
llama_graph_n_input_tensors: input tensor '                         inp_pos' [i32, ne = {     1,     1,     1,     1 }] is used by node 'Qcur-2' (ROPE)
llama_graph_n_input_tensors: input tensor '                         inp_pos' [i32, ne = {     1,     1,     1,     1 }] is used by node 'Kcur-2' (ROPE)
llama_graph_n_input_tensors: input tensor '                         inp_pos' [i32, ne = {     1,     1,     1,     1 }] is used by node 'Qcur-3' (ROPE)
llama_graph_n_input_tensors: input tensor '                         inp_pos' [i32, ne = {     1,     1,     1,     1 }] is used by node 'Kcur-3' (ROPE)
llama_graph_n_input_tensors: input tensor '                         inp_pos' [i32, ne = {     1,     1,     1,     1 }] is used by node 'Qcur-4' (ROPE)
llama_graph_n_input_tensors: input tensor '                         inp_pos' [i32, ne = {     1,     1,     1,     1 }] is used by node 'Kcur-4' (ROPE)
llama_graph_n_input_tensors: input tensor '                         inp_pos' [i32, ne = {     1,     1,     1,     1 }] is used by node 'Qcur-5' (ROPE)
llama_graph_n_input_tensors: input tensor '                         inp_pos' [i32, ne = {     1,     1,     1,     1 }] is used by node 'Kcur-5' (ROPE)
llama_graph_n_input_tensors: input tensor '                         inp_pos' [i32, ne = {     1,     1,     1,     1 }] is used by node 'Qcur-6' (ROPE)
llama_graph_n_input_tensors: input tensor '                         inp_pos' [i32, ne = {     1,     1,     1,     1 }] is used by node 'Kcur-6' (ROPE)
llama_graph_n_input_tensors: input tensor '                         inp_pos' [i32, ne = {     1,     1,     1,     1 }] is used by node 'Qcur-7' (ROPE)
llama_graph_n_input_tensors: input tensor '                         inp_pos' [i32, ne = {     1,     1,     1,     1 }] is used by node 'Kcur-7' (ROPE)
llama_graph_n_input_tensors: input tensor '                         inp_pos' [i32, ne = {     1,     1,     1,     1 }] is used by node 'Qcur-8' (ROPE)
llama_graph_n_input_tensors: input tensor '                         inp_pos' [i32, ne = {     1,     1,     1,     1 }] is used by node 'Kcur-8' (ROPE)
llama_graph_n_input_tensors: input tensor '                         inp_pos' [i32, ne = {     1,     1,     1,     1 }] is used by node 'Qcur-9' (ROPE)
llama_graph_n_input_tensors: input tensor '                         inp_pos' [i32, ne = {     1,     1,     1,     1 }] is used by node 'Kcur-9' (ROPE)
llama_graph_n_input_tensors: input tensor '                         inp_pos' [i32, ne = {     1,     1,     1,     1 }] is used by node 'Qcur-10' (ROPE)
llama_graph_n_input_tensors: input tensor '                         inp_pos' [i32, ne = {     1,     1,     1,     1 }] is used by node 'Kcur-10' (ROPE)
llama_graph_n_input_tensors: input tensor '                         inp_pos' [i32, ne = {     1,     1,     1,     1 }] is used by node 'Qcur-11' (ROPE)
llama_graph_n_input_tensors: input tensor '                         inp_pos' [i32, ne = {     1,     1,     1,     1 }] is used by node 'Kcur-11' (ROPE)
llama_graph_n_input_tensors: input tensor '                         inp_pos' [i32, ne = {     1,     1,     1,     1 }] is used by node 'Qcur-12' (ROPE)
llama_graph_n_input_tensors: input tensor '                         inp_pos' [i32, ne = {     1,     1,     1,     1 }] is used by node 'Kcur-12' (ROPE)
llama_graph_n_input_tensors: input tensor '                         inp_pos' [i32, ne = {     1,     1,     1,     1 }] is used by node 'Qcur-13' (ROPE)
llama_graph_n_input_tensors: input tensor '                         inp_pos' [i32, ne = {     1,     1,     1,     1 }] is used by node 'Kcur-13' (ROPE)
llama_graph_n_input_tensors: input tensor '                         inp_pos' [i32, ne = {     1,     1,     1,     1 }] is used by node 'Qcur-14' (ROPE)
llama_graph_n_input_tensors: input tensor '                         inp_pos' [i32, ne = {     1,     1,     1,     1 }] is used by node 'Kcur-14' (ROPE)
llama_graph_n_input_tensors: input tensor '                         inp_pos' [i32, ne = {     1,     1,     1,     1 }] is used by node 'Qcur-15' (ROPE)
llama_graph_n_input_tensors: input tensor '                         inp_pos' [i32, ne = {     1,     1,     1,     1 }] is used by node 'Kcur-15' (ROPE)
llama_graph_n_input_tensors: input tensor '                         inp_pos' [i32, ne = {     1,     1,     1,     1 }] is used by node 'Qcur-16' (ROPE)
llama_graph_n_input_tensors: input tensor '                         inp_pos' [i32, ne = {     1,     1,     1,     1 }] is used by node 'Kcur-16' (ROPE)
llama_graph_n_input_tensors: input tensor '                         inp_pos' [i32, ne = {     1,     1,     1,     1 }] is used by node 'Qcur-17' (ROPE)
llama_graph_n_input_tensors: input tensor '                         inp_pos' [i32, ne = {     1,     1,     1,     1 }] is used by node 'Kcur-17' (ROPE)
llama_graph_n_input_tensors: input tensor '                         inp_pos' [i32, ne = {     1,     1,     1,     1 }] is used by node 'Qcur-18' (ROPE)
llama_graph_n_input_tensors: input tensor '                         inp_pos' [i32, ne = {     1,     1,     1,     1 }] is used by node 'Kcur-18' (ROPE)
llama_graph_n_input_tensors: input tensor '                         inp_pos' [i32, ne = {     1,     1,     1,     1 }] is used by node 'Qcur-19' (ROPE)
llama_graph_n_input_tensors: input tensor '                         inp_pos' [i32, ne = {     1,     1,     1,     1 }] is used by node 'Kcur-19' (ROPE)
llama_graph_n_input_tensors: input tensor '                         inp_pos' [i32, ne = {     1,     1,     1,     1 }] is used by node 'Qcur-20' (ROPE)
llama_graph_n_input_tensors: input tensor '                         inp_pos' [i32, ne = {     1,     1,     1,     1 }] is used by node 'Kcur-20' (ROPE)
llama_graph_n_input_tensors: input tensor '                         inp_pos' [i32, ne = {     1,     1,     1,     1 }] is used by node 'Qcur-21' (ROPE)
llama_graph_n_input_tensors: input tensor '                         inp_pos' [i32, ne = {     1,     1,     1,     1 }] is used by node 'Kcur-21' (ROPE)
llama_graph_n_input_tensors: input tensor '                         inp_pos' [i32, ne = {     1,     1,     1,     1 }] is used by node 'Qcur-22' (ROPE)
llama_graph_n_input_tensors: input tensor '                         inp_pos' [i32, ne = {     1,     1,     1,     1 }] is used by node 'Kcur-22' (ROPE)
llama_graph_n_input_tensors: input tensor '                         inp_pos' [i32, ne = {     1,     1,     1,     1 }] is used by node 'Qcur-23' (ROPE)
llama_graph_n_input_tensors: input tensor '                         inp_pos' [i32, ne = {     1,     1,     1,     1 }] is used by node 'Kcur-23' (ROPE)
graph_reserve: reserving a graph for ubatch with n_tokens =  512, n_seqs =  1, n_outputs =  512
llama_graph_n_input_tensors: input tensor '                         out_ids' [i32, ne = {   512,     1,     1,     1 }] is used by node 'node_809' (GET_ROWS)
llama_graph_n_input_tensors: input tensor '                         out_ids' [i32, ne = {   512,     1,     1,     1 }] is used by node 'node_810' (GET_ROWS)
llama_graph_n_input_tensors: input tensor '                attn_inp_kq_mask' [f16, ne = {  4096,   512,     1,     1 }] is used by node 'node_24' (FLASH_ATTN_EXT)
llama_graph_n_input_tensors: input tensor '                attn_inp_kq_mask' [f16, ne = {  4096,   512,     1,     1 }] is used by node 'node_58' (FLASH_ATTN_EXT)
llama_graph_n_input_tensors: input tensor '                attn_inp_kq_mask' [f16, ne = {  4096,   512,     1,     1 }] is used by node 'node_92' (FLASH_ATTN_EXT)
llama_graph_n_input_tensors: input tensor '                attn_inp_kq_mask' [f16, ne = {  4096,   512,     1,     1 }] is used by node 'node_126' (FLASH_ATTN_EXT)
llama_graph_n_input_tensors: input tensor '                attn_inp_kq_mask' [f16, ne = {  4096,   512,     1,     1 }] is used by node 'node_160' (FLASH_ATTN_EXT)
llama_graph_n_input_tensors: input tensor '                attn_inp_kq_mask' [f16, ne = {  4096,   512,     1,     1 }] is used by node 'node_194' (FLASH_ATTN_EXT)
llama_graph_n_input_tensors: input tensor '                attn_inp_kq_mask' [f16, ne = {  4096,   512,     1,     1 }] is used by node 'node_228' (FLASH_ATTN_EXT)
llama_graph_n_input_tensors: input tensor '                attn_inp_kq_mask' [f16, ne = {  4096,   512,     1,     1 }] is used by node 'node_262' (FLASH_ATTN_EXT)
llama_graph_n_input_tensors: input tensor '                attn_inp_kq_mask' [f16, ne = {  4096,   512,     1,     1 }] is used by node 'node_296' (FLASH_ATTN_EXT)
llama_graph_n_input_tensors: input tensor '                attn_inp_kq_mask' [f16, ne = {  4096,   512,     1,     1 }] is used by node 'node_330' (FLASH_ATTN_EXT)
llama_graph_n_input_tensors: input tensor '                attn_inp_kq_mask' [f16, ne = {  4096,   512,     1,     1 }] is used by node 'node_364' (FLASH_ATTN_EXT)
llama_graph_n_input_tensors: input tensor '                attn_inp_kq_mask' [f16, ne = {  4096,   512,     1,     1 }] is used by node 'node_398' (FLASH_ATTN_EXT)
llama_graph_n_input_tensors: input tensor '                attn_inp_kq_mask' [f16, ne = {  4096,   512,     1,     1 }] is used by node 'node_432' (FLASH_ATTN_EXT)
llama_graph_n_input_tensors: input tensor '                attn_inp_kq_mask' [f16, ne = {  4096,   512,     1,     1 }] is used by node 'node_466' (FLASH_ATTN_EXT)
llama_graph_n_input_tensors: input tensor '                attn_inp_kq_mask' [f16, ne = {  4096,   512,     1,     1 }] is used by node 'node_500' (FLASH_ATTN_EXT)
llama_graph_n_input_tensors: input tensor '                attn_inp_kq_mask' [f16, ne = {  4096,   512,     1,     1 }] is used by node 'node_534' (FLASH_ATTN_EXT)
llama_graph_n_input_tensors: input tensor '                attn_inp_kq_mask' [f16, ne = {  4096,   512,     1,     1 }] is used by node 'node_568' (FLASH_ATTN_EXT)
llama_graph_n_input_tensors: input tensor '                attn_inp_kq_mask' [f16, ne = {  4096,   512,     1,     1 }] is used by node 'node_602' (FLASH_ATTN_EXT)
llama_graph_n_input_tensors: input tensor '                attn_inp_kq_mask' [f16, ne = {  4096,   512,     1,     1 }] is used by node 'node_636' (FLASH_ATTN_EXT)
llama_graph_n_input_tensors: input tensor '                attn_inp_kq_mask' [f16, ne = {  4096,   512,     1,     1 }] is used by node 'node_670' (FLASH_ATTN_EXT)
llama_graph_n_input_tensors: input tensor '                attn_inp_kq_mask' [f16, ne = {  4096,   512,     1,     1 }] is used by node 'node_704' (FLASH_ATTN_EXT)
llama_graph_n_input_tensors: input tensor '                attn_inp_kq_mask' [f16, ne = {  4096,   512,     1,     1 }] is used by node 'node_738' (FLASH_ATTN_EXT)
llama_graph_n_input_tensors: input tensor '                attn_inp_kq_mask' [f16, ne = {  4096,   512,     1,     1 }] is used by node 'node_772' (FLASH_ATTN_EXT)
llama_graph_n_input_tensors: input tensor '                attn_inp_kq_mask' [f16, ne = {  4096,   512,     1,     1 }] is used by node 'node_806' (FLASH_ATTN_EXT)
llama_graph_n_input_tensors: input tensor '                 attn_inp_v_idxs' [i64, ne = {   512,     1,     1,     1 }] is used by node 'cache_v_l0 (view)' (SET_ROWS)
llama_graph_n_input_tensors: input tensor '                 attn_inp_v_idxs' [i64, ne = {   512,     1,     1,     1 }] is used by node 'cache_v_l1 (view)' (SET_ROWS)
llama_graph_n_input_tensors: input tensor '                 attn_inp_v_idxs' [i64, ne = {   512,     1,     1,     1 }] is used by node 'cache_v_l2 (view)' (SET_ROWS)
llama_graph_n_input_tensors: input tensor '                 attn_inp_v_idxs' [i64, ne = {   512,     1,     1,     1 }] is used by node 'cache_v_l3 (view)' (SET_ROWS)
llama_graph_n_input_tensors: input tensor '                 attn_inp_v_idxs' [i64, ne = {   512,     1,     1,     1 }] is used by node 'cache_v_l4 (view)' (SET_ROWS)
llama_graph_n_input_tensors: input tensor '                 attn_inp_v_idxs' [i64, ne = {   512,     1,     1,     1 }] is used by node 'cache_v_l5 (view)' (SET_ROWS)
llama_graph_n_input_tensors: input tensor '                 attn_inp_v_idxs' [i64, ne = {   512,     1,     1,     1 }] is used by node 'cache_v_l6 (view)' (SET_ROWS)
llama_graph_n_input_tensors: input tensor '                 attn_inp_v_idxs' [i64, ne = {   512,     1,     1,     1 }] is used by node 'cache_v_l7 (view)' (SET_ROWS)
llama_graph_n_input_tensors: input tensor '                 attn_inp_v_idxs' [i64, ne = {   512,     1,     1,     1 }] is used by node 'cache_v_l8 (view)' (SET_ROWS)
llama_graph_n_input_tensors: input tensor '                 attn_inp_v_idxs' [i64, ne = {   512,     1,     1,     1 }] is used by node 'cache_v_l9 (view)' (SET_ROWS)
llama_graph_n_input_tensors: input tensor '                 attn_inp_v_idxs' [i64, ne = {   512,     1,     1,     1 }] is used by node 'cache_v_l10 (view)' (SET_ROWS)
llama_graph_n_input_tensors: input tensor '                 attn_inp_v_idxs' [i64, ne = {   512,     1,     1,     1 }] is used by node 'cache_v_l11 (view)' (SET_ROWS)
llama_graph_n_input_tensors: input tensor '                 attn_inp_v_idxs' [i64, ne = {   512,     1,     1,     1 }] is used by node 'cache_v_l12 (view)' (SET_ROWS)
llama_graph_n_input_tensors: input tensor '                 attn_inp_v_idxs' [i64, ne = {   512,     1,     1,     1 }] is used by node 'cache_v_l13 (view)' (SET_ROWS)
llama_graph_n_input_tensors: input tensor '                 attn_inp_v_idxs' [i64, ne = {   512,     1,     1,     1 }] is used by node 'cache_v_l14 (view)' (SET_ROWS)
llama_graph_n_input_tensors: input tensor '                 attn_inp_v_idxs' [i64, ne = {   512,     1,     1,     1 }] is used by node 'cache_v_l15 (view)' (SET_ROWS)
llama_graph_n_input_tensors: input tensor '                 attn_inp_v_idxs' [i64, ne = {   512,     1,     1,     1 }] is used by node 'cache_v_l16 (view)' (SET_ROWS)
llama_graph_n_input_tensors: input tensor '                 attn_inp_v_idxs' [i64, ne = {   512,     1,     1,     1 }] is used by node 'cache_v_l17 (view)' (SET_ROWS)
llama_graph_n_input_tensors: input tensor '                 attn_inp_v_idxs' [i64, ne = {   512,     1,     1,     1 }] is used by node 'cache_v_l18 (view)' (SET_ROWS)
llama_graph_n_input_tensors: input tensor '                 attn_inp_v_idxs' [i64, ne = {   512,     1,     1,     1 }] is used by node 'cache_v_l19 (view)' (SET_ROWS)
llama_graph_n_input_tensors: input tensor '                 attn_inp_v_idxs' [i64, ne = {   512,     1,     1,     1 }] is used by node 'cache_v_l20 (view)' (SET_ROWS)
llama_graph_n_input_tensors: input tensor '                 attn_inp_v_idxs' [i64, ne = {   512,     1,     1,     1 }] is used by node 'cache_v_l21 (view)' (SET_ROWS)
llama_graph_n_input_tensors: input tensor '                 attn_inp_v_idxs' [i64, ne = {   512,     1,     1,     1 }] is used by node 'cache_v_l22 (view)' (SET_ROWS)
llama_graph_n_input_tensors: input tensor '                 attn_inp_v_idxs' [i64, ne = {   512,     1,     1,     1 }] is used by node 'cache_v_l23 (view)' (SET_ROWS)
llama_graph_n_input_tensors: input tensor '                      inp_tokens' [i32, ne = {   512,     1,     1,     1 }] is used by node 'embd' (GET_ROWS)
llama_graph_n_input_tensors: input tensor '                 attn_inp_k_idxs' [i64, ne = {   512,     1,     1,     1 }] is used by node 'cache_k_l0 (view)' (SET_ROWS)
llama_graph_n_input_tensors: input tensor '                 attn_inp_k_idxs' [i64, ne = {   512,     1,     1,     1 }] is used by node 'cache_k_l1 (view)' (SET_ROWS)
llama_graph_n_input_tensors: input tensor '                 attn_inp_k_idxs' [i64, ne = {   512,     1,     1,     1 }] is used by node 'cache_k_l2 (view)' (SET_ROWS)
llama_graph_n_input_tensors: input tensor '                 attn_inp_k_idxs' [i64, ne = {   512,     1,     1,     1 }] is used by node 'cache_k_l3 (view)' (SET_ROWS)
llama_graph_n_input_tensors: input tensor '                 attn_inp_k_idxs' [i64, ne = {   512,     1,     1,     1 }] is used by node 'cache_k_l4 (view)' (SET_ROWS)
llama_graph_n_input_tensors: input tensor '                 attn_inp_k_idxs' [i64, ne = {   512,     1,     1,     1 }] is used by node 'cache_k_l5 (view)' (SET_ROWS)
llama_graph_n_input_tensors: input tensor '                 attn_inp_k_idxs' [i64, ne = {   512,     1,     1,     1 }] is used by node 'cache_k_l6 (view)' (SET_ROWS)
llama_graph_n_input_tensors: input tensor '                 attn_inp_k_idxs' [i64, ne = {   512,     1,     1,     1 }] is used by node 'cache_k_l7 (view)' (SET_ROWS)
llama_graph_n_input_tensors: input tensor '                 attn_inp_k_idxs' [i64, ne = {   512,     1,     1,     1 }] is used by node 'cache_k_l8 (view)' (SET_ROWS)
llama_graph_n_input_tensors: input tensor '                 attn_inp_k_idxs' [i64, ne = {   512,     1,     1,     1 }] is used by node 'cache_k_l9 (view)' (SET_ROWS)
llama_graph_n_input_tensors: input tensor '                 attn_inp_k_idxs' [i64, ne = {   512,     1,     1,     1 }] is used by node 'cache_k_l10 (view)' (SET_ROWS)
llama_graph_n_input_tensors: input tensor '                 attn_inp_k_idxs' [i64, ne = {   512,     1,     1,     1 }] is used by node 'cache_k_l11 (view)' (SET_ROWS)
llama_graph_n_input_tensors: input tensor '                 attn_inp_k_idxs' [i64, ne = {   512,     1,     1,     1 }] is used by node 'cache_k_l12 (view)' (SET_ROWS)
llama_graph_n_input_tensors: input tensor '                 attn_inp_k_idxs' [i64, ne = {   512,     1,     1,     1 }] is used by node 'cache_k_l13 (view)' (SET_ROWS)
llama_graph_n_input_tensors: input tensor '                 attn_inp_k_idxs' [i64, ne = {   512,     1,     1,     1 }] is used by node 'cache_k_l14 (view)' (SET_ROWS)
llama_graph_n_input_tensors: input tensor '                 attn_inp_k_idxs' [i64, ne = {   512,     1,     1,     1 }] is used by node 'cache_k_l15 (view)' (SET_ROWS)
llama_graph_n_input_tensors: input tensor '                 attn_inp_k_idxs' [i64, ne = {   512,     1,     1,     1 }] is used by node 'cache_k_l16 (view)' (SET_ROWS)
llama_graph_n_input_tensors: input tensor '                 attn_inp_k_idxs' [i64, ne = {   512,     1,     1,     1 }] is used by node 'cache_k_l17 (view)' (SET_ROWS)
llama_graph_n_input_tensors: input tensor '                 attn_inp_k_idxs' [i64, ne = {   512,     1,     1,     1 }] is used by node 'cache_k_l18 (view)' (SET_ROWS)
llama_graph_n_input_tensors: input tensor '                 attn_inp_k_idxs' [i64, ne = {   512,     1,     1,     1 }] is used by node 'cache_k_l19 (view)' (SET_ROWS)
llama_graph_n_input_tensors: input tensor '                 attn_inp_k_idxs' [i64, ne = {   512,     1,     1,     1 }] is used by node 'cache_k_l20 (view)' (SET_ROWS)
llama_graph_n_input_tensors: input tensor '                 attn_inp_k_idxs' [i64, ne = {   512,     1,     1,     1 }] is used by node 'cache_k_l21 (view)' (SET_ROWS)
llama_graph_n_input_tensors: input tensor '                 attn_inp_k_idxs' [i64, ne = {   512,     1,     1,     1 }] is used by node 'cache_k_l22 (view)' (SET_ROWS)
llama_graph_n_input_tensors: input tensor '                 attn_inp_k_idxs' [i64, ne = {   512,     1,     1,     1 }] is used by node 'cache_k_l23 (view)' (SET_ROWS)
llama_graph_n_input_tensors: input tensor '                         inp_pos' [i32, ne = {   512,     1,     1,     1 }] is used by node 'Qcur-0' (ROPE)
llama_graph_n_input_tensors: input tensor '                         inp_pos' [i32, ne = {   512,     1,     1,     1 }] is used by node 'Kcur-0' (ROPE)
llama_graph_n_input_tensors: input tensor '                         inp_pos' [i32, ne = {   512,     1,     1,     1 }] is used by node 'Qcur-1' (ROPE)
llama_graph_n_input_tensors: input tensor '                         inp_pos' [i32, ne = {   512,     1,     1,     1 }] is used by node 'Kcur-1' (ROPE)
llama_graph_n_input_tensors: input tensor '                         inp_pos' [i32, ne = {   512,     1,     1,     1 }] is used by node 'Qcur-2' (ROPE)
llama_graph_n_input_tensors: input tensor '                         inp_pos' [i32, ne = {   512,     1,     1,     1 }] is used by node 'Kcur-2' (ROPE)
llama_graph_n_input_tensors: input tensor '                         inp_pos' [i32, ne = {   512,     1,     1,     1 }] is used by node 'Qcur-3' (ROPE)
llama_graph_n_input_tensors: input tensor '                         inp_pos' [i32, ne = {   512,     1,     1,     1 }] is used by node 'Kcur-3' (ROPE)
llama_graph_n_input_tensors: input tensor '                         inp_pos' [i32, ne = {   512,     1,     1,     1 }] is used by node 'Qcur-4' (ROPE)
llama_graph_n_input_tensors: input tensor '                         inp_pos' [i32, ne = {   512,     1,     1,     1 }] is used by node 'Kcur-4' (ROPE)
llama_graph_n_input_tensors: input tensor '                         inp_pos' [i32, ne = {   512,     1,     1,     1 }] is used by node 'Qcur-5' (ROPE)
llama_graph_n_input_tensors: input tensor '                         inp_pos' [i32, ne = {   512,     1,     1,     1 }] is used by node 'Kcur-5' (ROPE)
llama_graph_n_input_tensors: input tensor '                         inp_pos' [i32, ne = {   512,     1,     1,     1 }] is used by node 'Qcur-6' (ROPE)
llama_graph_n_input_tensors: input tensor '                         inp_pos' [i32, ne = {   512,     1,     1,     1 }] is used by node 'Kcur-6' (ROPE)
llama_graph_n_input_tensors: input tensor '                         inp_pos' [i32, ne = {   512,     1,     1,     1 }] is used by node 'Qcur-7' (ROPE)
llama_graph_n_input_tensors: input tensor '                         inp_pos' [i32, ne = {   512,     1,     1,     1 }] is used by node 'Kcur-7' (ROPE)
llama_graph_n_input_tensors: input tensor '                         inp_pos' [i32, ne = {   512,     1,     1,     1 }] is used by node 'Qcur-8' (ROPE)
llama_graph_n_input_tensors: input tensor '                         inp_pos' [i32, ne = {   512,     1,     1,     1 }] is used by node 'Kcur-8' (ROPE)
llama_graph_n_input_tensors: input tensor '                         inp_pos' [i32, ne = {   512,     1,     1,     1 }] is used by node 'Qcur-9' (ROPE)
llama_graph_n_input_tensors: input tensor '                         inp_pos' [i32, ne = {   512,     1,     1,     1 }] is used by node 'Kcur-9' (ROPE)
llama_graph_n_input_tensors: input tensor '                         inp_pos' [i32, ne = {   512,     1,     1,     1 }] is used by node 'Qcur-10' (ROPE)
llama_graph_n_input_tensors: input tensor '                         inp_pos' [i32, ne = {   512,     1,     1,     1 }] is used by node 'Kcur-10' (ROPE)
llama_graph_n_input_tensors: input tensor '                         inp_pos' [i32, ne = {   512,     1,     1,     1 }] is used by node 'Qcur-11' (ROPE)
llama_graph_n_input_tensors: input tensor '                         inp_pos' [i32, ne = {   512,     1,     1,     1 }] is used by node 'Kcur-11' (ROPE)
llama_graph_n_input_tensors: input tensor '                         inp_pos' [i32, ne = {   512,     1,     1,     1 }] is used by node 'Qcur-12' (ROPE)
llama_graph_n_input_tensors: input tensor '                         inp_pos' [i32, ne = {   512,     1,     1,     1 }] is used by node 'Kcur-12' (ROPE)
llama_graph_n_input_tensors: input tensor '                         inp_pos' [i32, ne = {   512,     1,     1,     1 }] is used by node 'Qcur-13' (ROPE)
llama_graph_n_input_tensors: input tensor '                         inp_pos' [i32, ne = {   512,     1,     1,     1 }] is used by node 'Kcur-13' (ROPE)
llama_graph_n_input_tensors: input tensor '                         inp_pos' [i32, ne = {   512,     1,     1,     1 }] is used by node 'Qcur-14' (ROPE)
llama_graph_n_input_tensors: input tensor '                         inp_pos' [i32, ne = {   512,     1,     1,     1 }] is used by node 'Kcur-14' (ROPE)
llama_graph_n_input_tensors: input tensor '                         inp_pos' [i32, ne = {   512,     1,     1,     1 }] is used by node 'Qcur-15' (ROPE)
llama_graph_n_input_tensors: input tensor '                         inp_pos' [i32, ne = {   512,     1,     1,     1 }] is used by node 'Kcur-15' (ROPE)
llama_graph_n_input_tensors: input tensor '                         inp_pos' [i32, ne = {   512,     1,     1,     1 }] is used by node 'Qcur-16' (ROPE)
llama_graph_n_input_tensors: input tensor '                         inp_pos' [i32, ne = {   512,     1,     1,     1 }] is used by node 'Kcur-16' (ROPE)
llama_graph_n_input_tensors: input tensor '                         inp_pos' [i32, ne = {   512,     1,     1,     1 }] is used by node 'Qcur-17' (ROPE)
llama_graph_n_input_tensors: input tensor '                         inp_pos' [i32, ne = {   512,     1,     1,     1 }] is used by node 'Kcur-17' (ROPE)
llama_graph_n_input_tensors: input tensor '                         inp_pos' [i32, ne = {   512,     1,     1,     1 }] is used by node 'Qcur-18' (ROPE)
llama_graph_n_input_tensors: input tensor '                         inp_pos' [i32, ne = {   512,     1,     1,     1 }] is used by node 'Kcur-18' (ROPE)
llama_graph_n_input_tensors: input tensor '                         inp_pos' [i32, ne = {   512,     1,     1,     1 }] is used by node 'Qcur-19' (ROPE)
llama_graph_n_input_tensors: input tensor '                         inp_pos' [i32, ne = {   512,     1,     1,     1 }] is used by node 'Kcur-19' (ROPE)
llama_graph_n_input_tensors: input tensor '                         inp_pos' [i32, ne = {   512,     1,     1,     1 }] is used by node 'Qcur-20' (ROPE)
llama_graph_n_input_tensors: input tensor '                         inp_pos' [i32, ne = {   512,     1,     1,     1 }] is used by node 'Kcur-20' (ROPE)
llama_graph_n_input_tensors: input tensor '                         inp_pos' [i32, ne = {   512,     1,     1,     1 }] is used by node 'Qcur-21' (ROPE)
llama_graph_n_input_tensors: input tensor '                         inp_pos' [i32, ne = {   512,     1,     1,     1 }] is used by node 'Kcur-21' (ROPE)
llama_graph_n_input_tensors: input tensor '                         inp_pos' [i32, ne = {   512,     1,     1,     1 }] is used by node 'Qcur-22' (ROPE)
llama_graph_n_input_tensors: input tensor '                         inp_pos' [i32, ne = {   512,     1,     1,     1 }] is used by node 'Kcur-22' (ROPE)
llama_graph_n_input_tensors: input tensor '                         inp_pos' [i32, ne = {   512,     1,     1,     1 }] is used by node 'Qcur-23' (ROPE)
llama_graph_n_input_tensors: input tensor '                         inp_pos' [i32, ne = {   512,     1,     1,     1 }] is used by node 'Kcur-23' (ROPE)
sched_reserve:       MTL0 compute buffer size =   298.50 MiB
sched_reserve:        CPU compute buffer size =     7.51 MiB
sched_reserve: graph: nodes = 822, splits = 2, input objects = 4, input tensors = 6
sched_reserve: reserve took 10.26 ms, sched copies = 1
phase55_llama_matrix ready: version=0.5.0-dev commit=84e76d8a23162eca70490da131945ebec1f09bf4 n_ctx=4096 n_batch=2048 n_ubatch=512 kv=bf16 flash_attention=enabled gpu_layers=99
phase55_bench ready: format=GGUF weights=485309184 packed=485166080 tensors=291
ggml_metal_library_compile_pipeline: compiling pipeline: base = 'kernel_rms_norm_mul_f32_4', name = 'kernel_rms_norm_mul_f32_4'
ggml_metal_library_compile_pipeline: loaded kernel_rms_norm_mul_f32_4                     0x1013aa070 | th_max = 1024 | th_width =   32
ggml_metal_library_compile_pipeline: compiling pipeline: base = 'kernel_mul_mv_ext_q5_0_f32_r1_2', name = 'kernel_mul_mv_ext_q5_0_f32_r1_2_nsg=2_nxpsg=8_ne12=1_r2=1_r3=1'
ggml_metal_library_compile_pipeline: loaded kernel_mul_mv_ext_q5_0_f32_r1_2_nsg=2_nxpsg=8_ne12=1_r2=1_r3=1      0x101371800 | th_max = 1024 | th_width =   32
ggml_metal_library_compile_pipeline: compiling pipeline: base = 'kernel_mul_mv_ext_q8_0_f32_r1_2', name = 'kernel_mul_mv_ext_q8_0_f32_r1_2_nsg=2_nxpsg=8_ne12=1_r2=1_r3=1'
ggml_metal_library_compile_pipeline: loaded kernel_mul_mv_ext_q8_0_f32_r1_2_nsg=2_nxpsg=8_ne12=1_r2=1_r3=1      0x101371d80 | th_max = 1024 | th_width =   32
ggml_metal_library_compile_pipeline: compiling pipeline: base = 'kernel_bin_fuse_f32_f32_f32_4', name = 'kernel_bin_fuse_f32_f32_f32_4_op=0_nf=1_rb=1_cb=0'
ggml_metal_library_compile_pipeline: loaded kernel_bin_fuse_f32_f32_f32_4_op=0_nf=1_rb=1_cb=0      0x101372100 | th_max = 1024 | th_width =   32
ggml_metal_library_compile_pipeline: compiling pipeline: base = 'kernel_rope_neox_f32', name = 'kernel_rope_neox_f32_imrope=0_is_back=0'
ggml_metal_library_compile_pipeline: loaded kernel_rope_neox_f32_imrope=0_is_back=0      0x798d3cc000 | th_max = 1024 | th_width =   32
ggml_metal_library_compile_pipeline: compiling pipeline: base = 'kernel_set_rows_f32_i64_bf16', name = 'kernel_set_rows_f32_i64_bf16'
ggml_metal_library_compile_pipeline: loaded kernel_set_rows_f32_i64_bf16                 0x798d3cc380 | th_max = 1024 | th_width =   32
ggml_metal_library_compile_pipeline: compiling pipeline: base = 'kernel_flash_attn_ext_vec_bf16_dk64_dv64', name = 'kernel_flash_attn_ext_vec_bf16_dk64_dv64_mask=1_sink=0_bias=0_scap=0_kvpad=0_sparse=0_ns10=128_ns20=128_nsg=1_nwg=32'
ggml_metal_library_compile_pipeline: loaded kernel_flash_attn_ext_vec_bf16_dk64_dv64_mask=1_sink=0_bias=0_scap=0_kvpad=0_sparse=0_ns10=128_ns20=128_nsg=1_nwg=32     0x798d3cc700 | th_max = 1024 | th_width =   32
ggml_metal_library_compile_pipeline: compiling pipeline: base = 'kernel_flash_attn_ext_vec_reduce', name = 'kernel_flash_attn_ext_vec_reduce_dv=64_nwg=32'
ggml_metal_library_compile_pipeline: loaded kernel_flash_attn_ext_vec_reduce_dv=64_nwg=32     0x798d3cca80 | th_max = 1024 | th_width =   32
ggml_metal_library_compile_pipeline: compiling pipeline: base = 'kernel_bin_fuse_f32_f32_f32_4', name = 'kernel_bin_fuse_f32_f32_f32_4_op=0_nf=1_rb=0_cb=0'
ggml_metal_library_compile_pipeline: loaded kernel_bin_fuse_f32_f32_f32_4_op=0_nf=1_rb=0_cb=0     0x798d3cce00 | th_max = 1024 | th_width =   32
ggml_metal_library_compile_pipeline: compiling pipeline: base = 'kernel_swiglu_f32', name = 'kernel_swiglu_f32'
ggml_metal_library_compile_pipeline: loaded kernel_swiglu_f32                            0x798d3cd180 | th_max = 1024 | th_width =   32
ggml_metal_library_compile_pipeline: compiling pipeline: base = 'kernel_mul_mv_q6_K_f32', name = 'kernel_mul_mv_q6_K_f32_nsg=2_ne12=1_r2=1_r3=1_split=0'
ggml_metal_library_compile_pipeline: loaded kernel_mul_mv_q6_K_f32_nsg=2_ne12=1_r2=1_r3=1_split=0     0x798d3cd500 | th_max = 1024 | th_width =   32
ggml_metal_library_compile_pipeline: compiling pipeline: base = 'kernel_mul_mv_q4_K_f32', name = 'kernel_mul_mv_q4_K_f32_nsg=2_ne12=1_r2=1_r3=1_split=0'
ggml_metal_library_compile_pipeline: loaded kernel_mul_mv_q4_K_f32_nsg=2_ne12=1_r2=1_r3=1_split=0     0x798d3cdc00 | th_max = 1024 | th_width =   32
ggml_metal_library_compile_pipeline: compiling pipeline: base = 'kernel_get_rows_f32', name = 'kernel_get_rows_f32'
ggml_metal_library_compile_pipeline: loaded kernel_get_rows_f32                          0x798d3cdf80 | th_max = 1024 | th_width =   32
ggml_metal_library_compile_pipeline: compiling pipeline: base = 'kernel_mul_mv_q5_0_f32', name = 'kernel_mul_mv_q5_0_f32_nsg=2_ne12=1_r2=1_r3=1_split=0'
ggml_metal_library_compile_pipeline: loaded kernel_mul_mv_q5_0_f32_nsg=2_ne12=1_r2=1_r3=1_split=0     0x798d3ce300 | th_max = 1024 | th_width =   32
ggml_metal_library_compile_pipeline: compiling pipeline: base = 'kernel_mul_mv_q8_0_f32', name = 'kernel_mul_mv_q8_0_f32_nsg=4_ne12=1_r2=1_r3=1_split=0'
ggml_metal_library_compile_pipeline: loaded kernel_mul_mv_q8_0_f32_nsg=4_ne12=1_r2=1_r3=1_split=0     0x798d3ce680 | th_max = 1024 | th_width =   32
ggml_metal_library_compile_pipeline: compiling pipeline: base = 'kernel_mul_mv_ext_q5_0_f32_r1_4', name = 'kernel_mul_mv_ext_q5_0_f32_r1_4_nsg=2_nxpsg=8_ne12=1_r2=1_r3=1'
ggml_metal_library_compile_pipeline: loaded kernel_mul_mv_ext_q5_0_f32_r1_4_nsg=2_nxpsg=8_ne12=1_r2=1_r3=1     0x798d3cea00 | th_max = 1024 | th_width =   32
ggml_metal_library_compile_pipeline: compiling pipeline: base = 'kernel_mul_mv_ext_q8_0_f32_r1_4', name = 'kernel_mul_mv_ext_q8_0_f32_r1_4_nsg=2_nxpsg=8_ne12=1_r2=1_r3=1'
ggml_metal_library_compile_pipeline: loaded kernel_mul_mv_ext_q8_0_f32_r1_4_nsg=2_nxpsg=8_ne12=1_r2=1_r3=1     0x798d3cf100 | th_max = 1024 | th_width =   32
ggml_metal_library_compile_pipeline: compiling pipeline: base = 'kernel_mul_mv_ext_q6_K_f32_r1_4', name = 'kernel_mul_mv_ext_q6_K_f32_r1_4_nsg=2_nxpsg=8_ne12=1_r2=1_r3=1'
ggml_metal_library_compile_pipeline: loaded kernel_mul_mv_ext_q6_K_f32_r1_4_nsg=2_nxpsg=8_ne12=1_r2=1_r3=1     0x798d3cf480 | th_max = 1024 | th_width =   32
ggml_metal_library_compile_pipeline: compiling pipeline: base = 'kernel_mul_mv_ext_q4_K_f32_r1_4', name = 'kernel_mul_mv_ext_q4_K_f32_r1_4_nsg=2_nxpsg=8_ne12=1_r2=1_r3=1'
ggml_metal_library_compile_pipeline: loaded kernel_mul_mv_ext_q4_K_f32_r1_4_nsg=2_nxpsg=8_ne12=1_r2=1_r3=1     0x798d3ced80 | th_max = 1024 | th_width =   32
ggml_metal_library_compile_pipeline: compiling pipeline: base = 'kernel_mul_mm_q5_0_f32', name = 'kernel_mul_mm_q5_0_f32_bci=0_bco=1_ne12=1_ne13=1_r2=1_r3=1'
ggml_metal_library_compile_pipeline: loaded kernel_mul_mm_q5_0_f32_bci=0_bco=1_ne12=1_ne13=1_r2=1_r3=1     0x798d3cd880 | th_max = 1024 | th_width =   32
ggml_metal_library_compile_pipeline: compiling pipeline: base = 'kernel_mul_mm_q8_0_f32', name = 'kernel_mul_mm_q8_0_f32_bci=0_bco=1_ne12=1_ne13=1_r2=1_r3=1'
ggml_metal_library_compile_pipeline: loaded kernel_mul_mm_q8_0_f32_bci=0_bco=1_ne12=1_ne13=1_r2=1_r3=1     0x798d3ec000 | th_max = 1024 | th_width =   32
ggml_metal_library_compile_pipeline: compiling pipeline: base = 'kernel_mul_mm_q6_K_f32', name = 'kernel_mul_mm_q6_K_f32_bci=0_bco=1_ne12=1_ne13=1_r2=1_r3=1'
ggml_metal_library_compile_pipeline: loaded kernel_mul_mm_q6_K_f32_bci=0_bco=1_ne12=1_ne13=1_r2=1_r3=1     0x798d3ec380 | th_max = 1024 | th_width =   32
ggml_metal_library_compile_pipeline: compiling pipeline: base = 'kernel_mul_mm_q4_K_f32', name = 'kernel_mul_mm_q4_K_f32_bci=0_bco=1_ne12=1_ne13=1_r2=1_r3=1'
ggml_metal_library_compile_pipeline: loaded kernel_mul_mm_q4_K_f32_bci=0_bco=1_ne12=1_ne13=1_r2=1_r3=1     0x798d3eca80 | th_max = 1024 | th_width =   32
ggml_metal_library_compile_pipeline: compiling pipeline: base = 'kernel_flash_attn_ext_blk', name = 'kernel_flash_attn_ext_blk_nqptg=8_ncpsg=64'
ggml_metal_library_compile_pipeline: loaded kernel_flash_attn_ext_blk_nqptg=8_ncpsg=64     0x798d3ec700 | th_max = 1024 | th_width =   32
ggml_metal_library_compile_pipeline: compiling pipeline: base = 'kernel_flash_attn_ext_bf16_dk64_dv64', name = 'kernel_flash_attn_ext_bf16_dk64_dv64_mask=1_sinks=0_bias=0_scap=0_kvpad=0_bcm=1_ns10=128_ns20=128_nsg=4'
ggml_metal_library_compile_pipeline: loaded kernel_flash_attn_ext_bf16_dk64_dv64_mask=1_sinks=0_bias=0_scap=0_kvpad=0_bcm=1_ns10=128_ns20=128_nsg=4     0x798d3ed500 | th_max = 1024 | th_width =   32
{"case":"m02","decode_aggregate_tps":124.67903667789615,"decode_counters":[{"allocated_bytes":4,"allocation_time":{"nanos":4834,"secs":0},"allocations":1,"arena_capacity":60293120,"arena_high_water":60293120,"command_buffers":1,"completion_waits":1,"dispatches":531,"encode":{"nanos":192889,"secs":0},"gpu":{"nanos":7412167,"secs":0},"reused_bytes":2236416,"transient_live_bytes":524288,"transient_peak_bytes":2236416,"wait":{"nanos":7647000,"secs":0}},{"allocated_bytes":4,"allocation_time":{"nanos":4000,"secs":0},"allocations":1,"arena_capacity":60293120,"arena_high_water":60293120,"command_buffers":1,"completion_waits":1,"dispatches":531,"encode":{"nanos":181212,"secs":0},"gpu":{"nanos":7365375,"secs":0},"reused_bytes":2236416,"transient_live_bytes":524288,"transient_peak_bytes":2236416,"wait":{"nanos":7616667,"secs":0}},{"allocated_bytes":4,"allocation_time":{"nanos":3583,"secs":0},"allocations":1,"arena_capacity":60293120,"arena_high_water":60293120,"command_buffers":1,"completion_waits":1,"dispatches":531,"encode":{"nanos":182637,"secs":0},"gpu":{"nanos":7253125,"secs":0},"reused_bytes":2242560,"transient_live_bytes":524288,"transient_peak_bytes":2242560,"wait":{"nanos":7481584,"secs":0}},{"allocated_bytes":4,"allocation_time":{"nanos":6250,"secs":0},"allocations":1,"arena_capacity":60293120,"arena_high_water":60293120,"command_buffers":1,"completion_waits":1,"dispatches":531,"encode":{"nanos":213589,"secs":0},"gpu":{"nanos":7271500,"secs":0},"reused_bytes":2242560,"transient_live_bytes":524288,"transient_peak_bytes":2242560,"wait":{"nanos":7493666,"secs":0}},{"allocated_bytes":4,"allocation_time":{"nanos":4083,"secs":0},"allocations":1,"arena_capacity":60293120,"arena_high_water":60293120,"command_buffers":1,"completion_waits":1,"dispatches":531,"encode":{"nanos":179213,"secs":0},"gpu":{"nanos":7124875,"secs":0},"reused_bytes":2242560,"transient_live_bytes":524288,"transient_peak_bytes":2242560,"wait":{"nanos":7370250,"secs":0}},{"allocated_bytes":4,"allocation_time":{"nanos":8917,"secs":0},"allocations":1,"arena_capacity":60293120,"arena_high_water":60293120,"command_buffers":1,"completion_waits":1,"dispatches":531,"encode":{"nanos":201290,"secs":0},"gpu":{"nanos":7329125,"secs":0},"reused_bytes":2242560,"transient_live_bytes":524288,"transient_peak_bytes":2242560,"wait":{"nanos":7573709,"secs":0}},{"allocated_bytes":4,"allocation_time":{"nanos":4291,"secs":0},"allocations":1,"arena_capacity":60293120,"arena_high_water":60293120,"command_buffers":1,"completion_waits":1,"dispatches":531,"encode":{"nanos":181029,"secs":0},"gpu":{"nanos":7373583,"secs":0},"reused_bytes":2242560,"transient_live_bytes":524288,"transient_peak_bytes":2242560,"wait":{"nanos":7631167,"secs":0}},{"allocated_bytes":4,"allocation_time":{"nanos":4625,"secs":0},"allocations":1,"arena_capacity":60293120,"arena_high_water":60293120,"command_buffers":1,"completion_waits":1,"dispatches":531,"encode":{"nanos":184062,"secs":0},"gpu":{"nanos":7521250,"secs":0},"reused_bytes":2254848,"transient_live_bytes":524288,"transient_peak_bytes":2254848,"wait":{"nanos":7752542,"secs":0}},{"allocated_bytes":4,"allocation_time":{"nanos":2917,"secs":0},"allocations":1,"arena_capacity":60293120,"arena_high_water":60293120,"command_buffers":1,"completion_waits":1,"dispatches":531,"encode":{"nanos":187411,"secs":0},"gpu":{"nanos":7599125,"secs":0},"reused_bytes":2254848,"transient_live_bytes":524288,"transient_peak_bytes":2254848,"wait":{"nanos":7835292,"secs":0}},{"allocated_bytes":4,"allocation_time":{"nanos":3000,"secs":0},"allocations":1,"arena_capacity":60293120,"arena_high_water":60293120,"command_buffers":1,"completion_waits":1,"dispatches":531,"encode":{"nanos":195246,"secs":0},"gpu":{"nanos":7098750,"secs":0},"reused_bytes":2254848,"transient_live_bytes":524288,"transient_peak_bytes":2254848,"wait":{"nanos":7321375,"secs":0}},{"allocated_bytes":4,"allocation_time":{"nanos":3166,"secs":0},"allocations":1,"arena_capacity":60293120,"arena_high_water":60293120,"command_buffers":1,"completion_waits":1,"dispatches":531,"encode":{"nanos":189934,"secs":0},"gpu":{"nanos":7468000,"secs":0},"reused_bytes":2254848,"transient_live_bytes":524288,"transient_peak_bytes":2254848,"wait":{"nanos":7694083,"secs":0}},{"allocated_bytes":4,"allocation_time":{"nanos":3750,"secs":0},"allocations":1,"arena_capacity":60293120,"arena_high_water":60293120,"command_buffers":1,"completion_waits":1,"dispatches":531,"encode":{"nanos":179422,"secs":0},"gpu":{"nanos":7360333,"secs":0},"reused_bytes":2254848,"transient_live_bytes":524288,"transient_peak_bytes":2254848,"wait":{"nanos":7560875,"secs":0}},{"allocated_bytes":4,"allocation_time":{"nanos":3791,"secs":0},"allocations":1,"arena_capacity":60293120,"arena_high_water":60293120,"command_buffers":1,"completion_waits":1,"dispatches":531,"encode":{"nanos":178901,"secs":0},"gpu":{"nanos":7269250,"secs":0},"reused_bytes":2254848,"transient_live_bytes":524288,"transient_peak_bytes":2254848,"wait":{"nanos":7529083,"secs":0}},{"allocated_bytes":4,"allocation_time":{"nanos":3333,"secs":0},"allocations":1,"arena_capacity":60293120,"arena_high_water":60293120,"command_buffers":1,"completion_waits":1,"dispatches":531,"encode":{"nanos":175946,"secs":0},"gpu":{"nanos":7287250,"secs":0},"reused_bytes":2254848,"transient_live_bytes":524288,"transient_peak_bytes":2254848,"wait":{"nanos":7499625,"secs":0}},{"allocated_bytes":4,"allocation_time":{"nanos":3000,"secs":0},"allocations":1,"arena_capacity":60293120,"arena_high_water":60293120,"command_buffers":1,"completion_waits":1,"dispatches":531,"encode":{"nanos":175794,"secs":0},"gpu":{"nanos":7374583,"secs":0},"reused_bytes":2254848,"transient_live_bytes":524288,"transient_peak_bytes":2254848,"wait":{"nanos":7623083,"secs":0}}],"decode_median_ms":8.054333999999999,"decode_ms":[8.096083,8.057375,7.889375,8.001959,7.8016250000000005,8.054333999999999,8.070375,8.173125,8.284958999999999,7.817208000000001,8.146832999999999,7.9909170000000005,7.961209,7.909166000000001,8.054375],"decode_profiles":[{},{},{},{},{},{},{},{},{},{},{},{},{},{},{}],"decode_tps":124.15675833656763,"first_token_ms":18.974791,"generated_ids":[198,220,442,220,442,220,442,220,442,220,442,220,442,220,442,220],"generated_tokens":16,"generation_ms":142.935666,"generation_tps":111.93847167578176,"gguf_mpp_min_rows":16,"kv_active_bytes":208896,"kv_reserved_bytes":3145728,"model_format":"GGUF","model_repository":"Qwen/Qwen2.5-0.5B-Instruct-GGUF","model_revision":"9217f5db79a29953eb74d5343926648285ec7e67","moe_expert_tensorops":true,"moe_expert_tensorops_min_routes_per_expert":8,"moe_expert_tensorops_tile_k64":true,"packed_quantized_bytes":485166080,"pair":0,"pair_order":"ferrum-control>ferrum-candidate>llama.cpp","parameter_count":630167424,"prefill_counters":{"allocated_bytes":3145736,"allocation_time":{"nanos":332876,"secs":0},"allocations":49,"arena_capacity":60293120,"arena_high_water":60293120,"command_buffers":1,"completion_waits":1,"dispatches":531,"encode":{"nanos":238412,"secs":0},"gpu":{"nanos":17603042,"secs":0},"reused_bytes":3942400,"transient_live_bytes":0,"transient_peak_bytes":3942400,"wait":{"nanos":17882958,"secs":0}},"prefill_ms":18.671875,"prefill_profile":{},"prefill_tps":107.11297071129707,"prompt_ids":[151644,8948],"prompt_tokens":2,"q4_k_mpp_tile_k64":true,"q5_0_gemv_n4":false,"q5_1_mpp_tile_k64":true,"q8_0_mpp_tile_k64":true,"retained_weight_bytes":485309184,"runtime":"ferrum","sampling_ms":3.774042,"source_tensor_bytes":485452288,"tensor_count":291,"warmup":false,"process_rss_bytes":806305792,"ferrum_variant":"control","source_matrix_case_model":"qwen2.5-phase7a-small-batch-shape-probe-q4_k_m","engine_order":["ferrum-control","ferrum-candidate","llama.cpp"],"case_index":0,"engine_load_plus_first_warmup_ms":877.0456250058487}
{"case":"m02","decode_aggregate_tps":124.62038450024495,"decode_counters":[{"allocated_bytes":4,"allocation_time":{"nanos":8250,"secs":0},"allocations":1,"arena_capacity":60293120,"arena_high_water":60293120,"command_buffers":1,"completion_waits":1,"dispatches":531,"encode":{"nanos":204384,"secs":0},"gpu":{"nanos":7465750,"secs":0},"reused_bytes":2236416,"transient_live_bytes":524288,"transient_peak_bytes":2236416,"wait":{"nanos":7738083,"secs":0}},{"allocated_bytes":4,"allocation_time":{"nanos":7167,"secs":0},"allocations":1,"arena_capacity":60293120,"arena_high_water":60293120,"command_buffers":1,"completion_waits":1,"dispatches":531,"encode":{"nanos":231121,"secs":0},"gpu":{"nanos":7377625,"secs":0},"reused_bytes":2236416,"transient_live_bytes":524288,"transient_peak_bytes":2236416,"wait":{"nanos":7615750,"secs":0}},{"allocated_bytes":4,"allocation_time":{"nanos":4250,"secs":0},"allocations":1,"arena_capacity":60293120,"arena_high_water":60293120,"command_buffers":1,"completion_waits":1,"dispatches":531,"encode":{"nanos":178179,"secs":0},"gpu":{"nanos":7004750,"secs":0},"reused_bytes":2242560,"transient_live_bytes":524288,"transient_peak_bytes":2242560,"wait":{"nanos":7265750,"secs":0}},{"allocated_bytes":4,"allocation_time":{"nanos":6375,"secs":0},"allocations":1,"arena_capacity":60293120,"arena_high_water":60293120,"command_buffers":1,"completion_waits":1,"dispatches":531,"encode":{"nanos":185381,"secs":0},"gpu":{"nanos":7012833,"secs":0},"reused_bytes":2242560,"transient_live_bytes":524288,"transient_peak_bytes":2242560,"wait":{"nanos":7249875,"secs":0}},{"allocated_bytes":4,"allocation_time":{"nanos":3833,"secs":0},"allocations":1,"arena_capacity":60293120,"arena_high_water":60293120,"command_buffers":1,"completion_waits":1,"dispatches":531,"encode":{"nanos":177930,"secs":0},"gpu":{"nanos":7361375,"secs":0},"reused_bytes":2242560,"transient_live_bytes":524288,"transient_peak_bytes":2242560,"wait":{"nanos":7605166,"secs":0}},{"allocated_bytes":4,"allocation_time":{"nanos":5458,"secs":0},"allocations":1,"arena_capacity":60293120,"arena_high_water":60293120,"command_buffers":1,"completion_waits":1,"dispatches":531,"encode":{"nanos":179054,"secs":0},"gpu":{"nanos":7651667,"secs":0},"reused_bytes":2242560,"transient_live_bytes":524288,"transient_peak_bytes":2242560,"wait":{"nanos":7896625,"secs":0}},{"allocated_bytes":4,"allocation_time":{"nanos":3208,"secs":0},"allocations":1,"arena_capacity":60293120,"arena_high_water":60293120,"command_buffers":1,"completion_waits":1,"dispatches":531,"encode":{"nanos":177540,"secs":0},"gpu":{"nanos":7381167,"secs":0},"reused_bytes":2242560,"transient_live_bytes":524288,"transient_peak_bytes":2242560,"wait":{"nanos":7643666,"secs":0}},{"allocated_bytes":4,"allocation_time":{"nanos":3500,"secs":0},"allocations":1,"arena_capacity":60293120,"arena_high_water":60293120,"command_buffers":1,"completion_waits":1,"dispatches":531,"encode":{"nanos":175590,"secs":0},"gpu":{"nanos":7525375,"secs":0},"reused_bytes":2254848,"transient_live_bytes":524288,"transient_peak_bytes":2254848,"wait":{"nanos":7803541,"secs":0}},{"allocated_bytes":4,"allocation_time":{"nanos":3000,"secs":0},"allocations":1,"arena_capacity":60293120,"arena_high_water":60293120,"command_buffers":1,"completion_waits":1,"dispatches":531,"encode":{"nanos":182080,"secs":0},"gpu":{"nanos":7292000,"secs":0},"reused_bytes":2254848,"transient_live_bytes":524288,"transient_peak_bytes":2254848,"wait":{"nanos":7554792,"secs":0}},{"allocated_bytes":4,"allocation_time":{"nanos":3417,"secs":0},"allocations":1,"arena_capacity":60293120,"arena_high_water":60293120,"command_buffers":1,"completion_waits":1,"dispatches":531,"encode":{"nanos":188158,"secs":0},"gpu":{"nanos":6763250,"secs":0},"reused_bytes":2254848,"transient_live_bytes":524288,"transient_peak_bytes":2254848,"wait":{"nanos":6996584,"secs":0}},{"allocated_bytes":4,"allocation_time":{"nanos":3375,"secs":0},"allocations":1,"arena_capacity":60293120,"arena_high_water":60293120,"command_buffers":1,"completion_waits":1,"dispatches":531,"encode":{"nanos":174323,"secs":0},"gpu":{"nanos":7747375,"secs":0},"reused_bytes":2254848,"transient_live_bytes":524288,"transient_peak_bytes":2254848,"wait":{"nanos":7979583,"secs":0}},{"allocated_bytes":4,"allocation_time":{"nanos":3417,"secs":0},"allocations":1,"arena_capacity":60293120,"arena_high_water":60293120,"command_buffers":1,"completion_waits":1,"dispatches":531,"encode":{"nanos":173706,"secs":0},"gpu":{"nanos":7604042,"secs":0},"reused_bytes":2254848,"transient_live_bytes":524288,"transient_peak_bytes":2254848,"wait":{"nanos":7882834,"secs":0}},{"allocated_bytes":4,"allocation_time":{"nanos":2250,"secs":0},"allocations":1,"arena_capacity":60293120,"arena_high_water":60293120,"command_buffers":1,"completion_waits":1,"dispatches":531,"encode":{"nanos":174675,"secs":0},"gpu":{"nanos":7310208,"secs":0},"reused_bytes":2254848,"transient_live_bytes":524288,"transient_peak_bytes":2254848,"wait":{"nanos":7561792,"secs":0}},{"allocated_bytes":4,"allocation_time":{"nanos":3459,"secs":0},"allocations":1,"arena_capacity":60293120,"arena_high_water":60293120,"command_buffers":1,"completion_waits":1,"dispatches":531,"encode":{"nanos":173378,"secs":0},"gpu":{"nanos":7245000,"secs":0},"reused_bytes":2254848,"transient_live_bytes":524288,"transient_peak_bytes":2254848,"wait":{"nanos":7559583,"secs":0}},{"allocated_bytes":4,"allocation_time":{"nanos":2750,"secs":0},"allocations":1,"arena_capacity":60293120,"arena_high_water":60293120,"command_buffers":1,"completion_waits":1,"dispatches":531,"encode":{"nanos":172912,"secs":0},"gpu":{"nanos":7088458,"secs":0},"reused_bytes":2254848,"transient_live_bytes":524288,"transient_peak_bytes":2254848,"wait":{"nanos":7339042,"secs":0}}],"decode_median_ms":8.039666,"decode_ms":[8.235083000000001,8.136208,7.702917,7.704167,8.039666,8.338333,8.082875,8.236,7.98975,7.441625,8.401208,8.300084,8.004249999999999,7.984167,7.769208],"decode_profiles":[{},{},{},{},{},{},{},{},{},{},{},{},{},{},{}],"decode_tps":124.3832766187053,"first_token_ms":19.4695,"generated_ids":[198,220,442,220,442,220,442,220,442,220,442,220,442,220,442,220],"generated_tokens":16,"generation_ms":143.459542,"generation_tps":111.52970222085332,"gguf_mpp_min_rows":8,"kv_active_bytes":208896,"kv_reserved_bytes":3145728,"model_format":"GGUF","model_repository":"Qwen/Qwen2.5-0.5B-Instruct-GGUF","model_revision":"9217f5db79a29953eb74d5343926648285ec7e67","moe_expert_tensorops":true,"moe_expert_tensorops_min_routes_per_expert":8,"moe_expert_tensorops_tile_k64":true,"packed_quantized_bytes":485166080,"pair":0,"pair_order":"ferrum-control>ferrum-candidate>llama.cpp","parameter_count":630167424,"prefill_counters":{"allocated_bytes":3145736,"allocation_time":{"nanos":328292,"secs":0},"allocations":49,"arena_capacity":60293120,"arena_high_water":60293120,"command_buffers":1,"completion_waits":1,"dispatches":531,"encode":{"nanos":216370,"secs":0},"gpu":{"nanos":17976500,"secs":0},"reused_bytes":3942400,"transient_live_bytes":0,"transient_peak_bytes":3942400,"wait":{"nanos":18402666,"secs":0}},"prefill_ms":19.131333,"prefill_profile":{},"prefill_tps":104.54054612922162,"prompt_ids":[151644,8948],"prompt_tokens":2,"q4_k_mpp_tile_k64":true,"q5_0_gemv_n4":false,"q5_1_mpp_tile_k64":true,"q8_0_mpp_tile_k64":true,"retained_weight_bytes":485309184,"runtime":"ferrum","sampling_ms":3.7633330000000003,"source_tensor_bytes":485452288,"tensor_count":291,"warmup":false,"process_rss_bytes":806305792,"ferrum_variant":"candidate","source_matrix_case_model":"qwen2.5-phase7a-small-batch-shape-probe-q4_k_m","engine_order":["ferrum-control","ferrum-candidate","llama.cpp"],"case_index":0,"engine_load_plus_first_warmup_ms":877.0456250058487}
{"case":"m02","command_buffer_count":null,"decode_aggregate_tps":237.76296623692966,"decode_median_ms":4.096042,"decode_ms":[4.763375,4.061,4.364791,3.969,4.378875,4.01,4.017667,4.340292,3.979458,4.352459,4.034833,4.322792,4.096042,4.044458,4.353],"decode_tps":244.13812163058876,"dispatch_count":null,"first_token_ms":5.740666,"generated_ids":[198,220,442,220,16,13,220,45181,74393,15946,45912,20074,198,220,442,220],"generated_tokens":16,"generation_ms":72.522125,"generation_tps":220.62232732424758,"kv_context_capacity_tokens":4096,"kv_type":"bf16","llama_commit":"84e76d8a23162eca70490da131945ebec1f09bf4","llama_version":"0.5.0-dev","model_format":"GGUF","pair":0,"pair_order":"ferrum-control>ferrum-candidate>llama.cpp","prefill_ms":5.480083,"prefill_tps":364.9579760014584,"process_max_rss_bytes":662716416,"prompt_ids":[151644,8948],"prompt_tokens":2,"runtime":"llama.cpp","sampling_ms":3.952668,"warmup":false,"process_rss_bytes":662683648,"source_matrix_case_model":"qwen2.5-phase7a-small-batch-shape-probe-q4_k_m","engine_order":["ferrum-control","ferrum-candidate","llama.cpp"],"case_index":0,"engine_load_plus_first_warmup_ms":978.256624948699}
{"case":"m02","command_buffer_count":null,"decode_aggregate_tps":238.43744503023404,"decode_median_ms":4.080875,"decode_ms":[4.544167,4.347625,4.018,4.344667,4.026375,4.039042,4.080875,4.059458,4.366583,4.159333,4.466375,4.021041,4.339333,4.044125,4.052583],"decode_tps":245.0454865684443,"dispatch_count":null,"first_token_ms":5.892584,"generated_ids":[198,220,442,220,16,13,220,45181,74393,15946,45912,20074,198,220,442,220],"generated_tokens":16,"generation_ms":72.497625,"generation_tps":220.69688489795357,"kv_context_capacity_tokens":4096,"kv_type":"bf16","llama_commit":"84e76d8a23162eca70490da131945ebec1f09bf4","llama_version":"0.5.0-dev","model_format":"GGUF","pair":1,"pair_order":"llama.cpp>ferrum-candidate>ferrum-control","prefill_ms":5.607667,"prefill_tps":356.65455883881833,"process_max_rss_bytes":662716416,"prompt_ids":[151644,8948],"prompt_tokens":2,"runtime":"llama.cpp","sampling_ms":3.979,"warmup":false,"process_rss_bytes":662683648,"source_matrix_case_model":"qwen2.5-phase7a-small-batch-shape-probe-q4_k_m","engine_order":["llama.cpp","ferrum-candidate","ferrum-control"],"case_index":0,"engine_load_plus_first_warmup_ms":978.256624948699}
{"case":"m02","decode_aggregate_tps":124.57432848145946,"decode_counters":[{"allocated_bytes":4,"allocation_time":{"nanos":3459,"secs":0},"allocations":1,"arena_capacity":60293120,"arena_high_water":60293120,"command_buffers":1,"completion_waits":1,"dispatches":531,"encode":{"nanos":190215,"secs":0},"gpu":{"nanos":7137375,"secs":0},"reused_bytes":2236416,"transient_live_bytes":524288,"transient_peak_bytes":2236416,"wait":{"nanos":7365791,"secs":0}},{"allocated_bytes":4,"allocation_time":{"nanos":4666,"secs":0},"allocations":1,"arena_capacity":60293120,"arena_high_water":60293120,"command_buffers":1,"completion_waits":1,"dispatches":531,"encode":{"nanos":188569,"secs":0},"gpu":{"nanos":7104250,"secs":0},"reused_bytes":2236416,"transient_live_bytes":524288,"transient_peak_bytes":2236416,"wait":{"nanos":7355500,"secs":0}},{"allocated_bytes":4,"allocation_time":{"nanos":4959,"secs":0},"allocations":1,"arena_capacity":60293120,"arena_high_water":60293120,"command_buffers":1,"completion_waits":1,"dispatches":531,"encode":{"nanos":184721,"secs":0},"gpu":{"nanos":7286958,"secs":0},"reused_bytes":2242560,"transient_live_bytes":524288,"transient_peak_bytes":2242560,"wait":{"nanos":7526167,"secs":0}},{"allocated_bytes":4,"allocation_time":{"nanos":3375,"secs":0},"allocations":1,"arena_capacity":60293120,"arena_high_water":60293120,"command_buffers":1,"completion_waits":1,"dispatches":531,"encode":{"nanos":178413,"secs":0},"gpu":{"nanos":7294792,"secs":0},"reused_bytes":2242560,"transient_live_bytes":524288,"transient_peak_bytes":2242560,"wait":{"nanos":7523250,"secs":0}},{"allocated_bytes":4,"allocation_time":{"nanos":3000,"secs":0},"allocations":1,"arena_capacity":60293120,"arena_high_water":60293120,"command_buffers":1,"completion_waits":1,"dispatches":531,"encode":{"nanos":174691,"secs":0},"gpu":{"nanos":7370000,"secs":0},"reused_bytes":2242560,"transient_live_bytes":524288,"transient_peak_bytes":2242560,"wait":{"nanos":7693250,"secs":0}},{"allocated_bytes":4,"allocation_time":{"nanos":2542,"secs":0},"allocations":1,"arena_capacity":60293120,"arena_high_water":60293120,"command_buffers":1,"completion_waits":1,"dispatches":531,"encode":{"nanos":175420,"secs":0},"gpu":{"nanos":7595875,"secs":0},"reused_bytes":2242560,"transient_live_bytes":524288,"transient_peak_bytes":2242560,"wait":{"nanos":7850416,"secs":0}},{"allocated_bytes":4,"allocation_time":{"nanos":3041,"secs":0},"allocations":1,"arena_capacity":60293120,"arena_high_water":60293120,"command_buffers":1,"completion_waits":1,"dispatches":531,"encode":{"nanos":175764,"secs":0},"gpu":{"nanos":7125042,"secs":0},"reused_bytes":2242560,"transient_live_bytes":524288,"transient_peak_bytes":2242560,"wait":{"nanos":7379125,"secs":0}},{"allocated_bytes":4,"allocation_time":{"nanos":3625,"secs":0},"allocations":1,"arena_capacity":60293120,"arena_high_water":60293120,"command_buffers":1,"completion_waits":1,"dispatches":531,"encode":{"nanos":176588,"secs":0},"gpu":{"nanos":7502000,"secs":0},"reused_bytes":2254848,"transient_live_bytes":524288,"transient_peak_bytes":2254848,"wait":{"nanos":7753000,"secs":0}},{"allocated_bytes":4,"allocation_time":{"nanos":3209,"secs":0},"allocations":1,"arena_capacity":60293120,"arena_high_water":60293120,"command_buffers":1,"completion_waits":1,"dispatches":531,"encode":{"nanos":174875,"secs":0},"gpu":{"nanos":7566875,"secs":0},"reused_bytes":2254848,"transient_live_bytes":524288,"transient_peak_bytes":2254848,"wait":{"nanos":7822334,"secs":0}},{"allocated_bytes":4,"allocation_time":{"nanos":3542,"secs":0},"allocations":1,"arena_capacity":60293120,"arena_high_water":60293120,"command_buffers":1,"completion_waits":1,"dispatches":531,"encode":{"nanos":174576,"secs":0},"gpu":{"nanos":7184500,"secs":0},"reused_bytes":2254848,"transient_live_bytes":524288,"transient_peak_bytes":2254848,"wait":{"nanos":7401000,"secs":0}},{"allocated_bytes":4,"allocation_time":{"nanos":3000,"secs":0},"allocations":1,"arena_capacity":60293120,"arena_high_water":60293120,"command_buffers":1,"completion_waits":1,"dispatches":531,"encode":{"nanos":175515,"secs":0},"gpu":{"nanos":7802125,"secs":0},"reused_bytes":2254848,"transient_live_bytes":524288,"transient_peak_bytes":2254848,"wait":{"nanos":8029250,"secs":0}},{"allocated_bytes":4,"allocation_time":{"nanos":6291,"secs":0},"allocations":1,"arena_capacity":60293120,"arena_high_water":60293120,"command_buffers":1,"completion_waits":1,"dispatches":531,"encode":{"nanos":190544,"secs":0},"gpu":{"nanos":7589042,"secs":0},"reused_bytes":2254848,"transient_live_bytes":524288,"transient_peak_bytes":2254848,"wait":{"nanos":7849542,"secs":0}},{"allocated_bytes":4,"allocation_time":{"nanos":4625,"secs":0},"allocations":1,"arena_capacity":60293120,"arena_high_water":60293120,"command_buffers":1,"completion_waits":1,"dispatches":531,"encode":{"nanos":223061,"secs":0},"gpu":{"nanos":7019167,"secs":0},"reused_bytes":2254848,"transient_live_bytes":524288,"transient_peak_bytes":2254848,"wait":{"nanos":7264334,"secs":0}},{"allocated_bytes":4,"allocation_time":{"nanos":3584,"secs":0},"allocations":1,"arena_capacity":60293120,"arena_high_water":60293120,"command_buffers":1,"completion_waits":1,"dispatches":531,"encode":{"nanos":177325,"secs":0},"gpu":{"nanos":7238458,"secs":0},"reused_bytes":2254848,"transient_live_bytes":524288,"transient_peak_bytes":2254848,"wait":{"nanos":7497458,"secs":0}},{"allocated_bytes":4,"allocation_time":{"nanos":4333,"secs":0},"allocations":1,"arena_capacity":60293120,"arena_high_water":60293120,"command_buffers":1,"completion_waits":1,"dispatches":531,"encode":{"nanos":185616,"secs":0},"gpu":{"nanos":7332917,"secs":0},"reused_bytes":2254848,"transient_live_bytes":524288,"transient_peak_bytes":2254848,"wait":{"nanos":7580417,"secs":0}}],"decode_median_ms":7.967666,"decode_ms":[7.807083,7.805667,7.967666,7.931166999999999,8.122541,8.279290999999999,7.809709,8.184709,8.248916,7.794208,8.431625,8.306583,7.758583000000001,7.931459,8.030834],"decode_profiles":[{},{},{},{},{},{},{},{},{},{},{},{},{},{},{}],"decode_tps":125.50726900449892,"first_token_ms":19.405667,"generated_ids":[198,220,442,220,442,220,442,220,442,220,442,220,442,220,442,220],"generated_tokens":16,"generation_ms":143.425375,"generation_tps":111.5562709876129,"gguf_mpp_min_rows":8,"kv_active_bytes":208896,"kv_reserved_bytes":3145728,"model_format":"GGUF","model_repository":"Qwen/Qwen2.5-0.5B-Instruct-GGUF","model_revision":"9217f5db79a29953eb74d5343926648285ec7e67","moe_expert_tensorops":true,"moe_expert_tensorops_min_routes_per_expert":8,"moe_expert_tensorops_tile_k64":true,"packed_quantized_bytes":485166080,"pair":1,"pair_order":"llama.cpp>ferrum-candidate>ferrum-control","parameter_count":630167424,"prefill_counters":{"allocated_bytes":3145736,"allocation_time":{"nanos":376338,"secs":0},"allocations":49,"arena_capacity":60293120,"arena_high_water":60293120,"command_buffers":1,"completion_waits":1,"dispatches":531,"encode":{"nanos":217757,"secs":0},"gpu":{"nanos":17820125,"secs":0},"reused_bytes":3942400,"transient_live_bytes":0,"transient_peak_bytes":3942400,"wait":{"nanos":18292542,"secs":0}},"prefill_ms":19.106125000000002,"prefill_profile":{},"prefill_tps":104.67847352615979,"prompt_ids":[151644,8948],"prompt_tokens":2,"q4_k_mpp_tile_k64":true,"q5_0_gemv_n4":false,"q5_1_mpp_tile_k64":true,"q8_0_mpp_tile_k64":true,"retained_weight_bytes":485309184,"runtime":"ferrum","sampling_ms":3.732751,"source_tensor_bytes":485452288,"tensor_count":291,"warmup":false,"process_rss_bytes":806305792,"ferrum_variant":"candidate","source_matrix_case_model":"qwen2.5-phase7a-small-batch-shape-probe-q4_k_m","engine_order":["llama.cpp","ferrum-candidate","ferrum-control"],"case_index":0,"engine_load_plus_first_warmup_ms":877.0456250058487}
{"case":"m02","decode_aggregate_tps":124.46583516131466,"decode_counters":[{"allocated_bytes":4,"allocation_time":{"nanos":5292,"secs":0},"allocations":1,"arena_capacity":60293120,"arena_high_water":60293120,"command_buffers":1,"completion_waits":1,"dispatches":531,"encode":{"nanos":194180,"secs":0},"gpu":{"nanos":7337750,"secs":0},"reused_bytes":2236416,"transient_live_bytes":524288,"transient_peak_bytes":2236416,"wait":{"nanos":7584041,"secs":0}},{"allocated_bytes":4,"allocation_time":{"nanos":3833,"secs":0},"allocations":1,"arena_capacity":60293120,"arena_high_water":60293120,"command_buffers":1,"completion_waits":1,"dispatches":531,"encode":{"nanos":186740,"secs":0},"gpu":{"nanos":7419625,"secs":0},"reused_bytes":2236416,"transient_live_bytes":524288,"transient_peak_bytes":2236416,"wait":{"nanos":7626958,"secs":0}},{"allocated_bytes":4,"allocation_time":{"nanos":2958,"secs":0},"allocations":1,"arena_capacity":60293120,"arena_high_water":60293120,"command_buffers":1,"completion_waits":1,"dispatches":531,"encode":{"nanos":177752,"secs":0},"gpu":{"nanos":7263125,"secs":0},"reused_bytes":2242560,"transient_live_bytes":524288,"transient_peak_bytes":2242560,"wait":{"nanos":7567208,"secs":0}},{"allocated_bytes":4,"allocation_time":{"nanos":3625,"secs":0},"allocations":1,"arena_capacity":60293120,"arena_high_water":60293120,"command_buffers":1,"completion_waits":1,"dispatches":531,"encode":{"nanos":195132,"secs":0},"gpu":{"nanos":7282542,"secs":0},"reused_bytes":2242560,"transient_live_bytes":524288,"transient_peak_bytes":2242560,"wait":{"nanos":7555416,"secs":0}},{"allocated_bytes":4,"allocation_time":{"nanos":3375,"secs":0},"allocations":1,"arena_capacity":60293120,"arena_high_water":60293120,"command_buffers":1,"completion_waits":1,"dispatches":531,"encode":{"nanos":175464,"secs":0},"gpu":{"nanos":7104458,"secs":0},"reused_bytes":2242560,"transient_live_bytes":524288,"transient_peak_bytes":2242560,"wait":{"nanos":7355459,"secs":0}},{"allocated_bytes":4,"allocation_time":{"nanos":4042,"secs":0},"allocations":1,"arena_capacity":60293120,"arena_high_water":60293120,"command_buffers":1,"completion_waits":1,"dispatches":531,"encode":{"nanos":180170,"secs":0},"gpu":{"nanos":7514458,"secs":0},"reused_bytes":2242560,"transient_live_bytes":524288,"transient_peak_bytes":2242560,"wait":{"nanos":7727875,"secs":0}},{"allocated_bytes":4,"allocation_time":{"nanos":3916,"secs":0},"allocations":1,"arena_capacity":60293120,"arena_high_water":60293120,"command_buffers":1,"completion_waits":1,"dispatches":531,"encode":{"nanos":175964,"secs":0},"gpu":{"nanos":7403917,"secs":0},"reused_bytes":2242560,"transient_live_bytes":524288,"transient_peak_bytes":2242560,"wait":{"nanos":7714625,"secs":0}},{"allocated_bytes":4,"allocation_time":{"nanos":2916,"secs":0},"allocations":1,"arena_capacity":60293120,"arena_high_water":60293120,"command_buffers":1,"completion_waits":1,"dispatches":531,"encode":{"nanos":182331,"secs":0},"gpu":{"nanos":7560125,"secs":0},"reused_bytes":2254848,"transient_live_bytes":524288,"transient_peak_bytes":2254848,"wait":{"nanos":7791084,"secs":0}},{"allocated_bytes":4,"allocation_time":{"nanos":4083,"secs":0},"allocations":1,"arena_capacity":60293120,"arena_high_water":60293120,"command_buffers":1,"completion_waits":1,"dispatches":531,"encode":{"nanos":181090,"secs":0},"gpu":{"nanos":7568125,"secs":0},"reused_bytes":2254848,"transient_live_bytes":524288,"transient_peak_bytes":2254848,"wait":{"nanos":7803208,"secs":0}},{"allocated_bytes":4,"allocation_time":{"nanos":3375,"secs":0},"allocations":1,"arena_capacity":60293120,"arena_high_water":60293120,"command_buffers":1,"completion_waits":1,"dispatches":531,"encode":{"nanos":181288,"secs":0},"gpu":{"nanos":7034292,"secs":0},"reused_bytes":2254848,"transient_live_bytes":524288,"transient_peak_bytes":2254848,"wait":{"nanos":7292625,"secs":0}},{"allocated_bytes":4,"allocation_time":{"nanos":3125,"secs":0},"allocations":1,"arena_capacity":60293120,"arena_high_water":60293120,"command_buffers":1,"completion_waits":1,"dispatches":531,"encode":{"nanos":173512,"secs":0},"gpu":{"nanos":7478875,"secs":0},"reused_bytes":2254848,"transient_live_bytes":524288,"transient_peak_bytes":2254848,"wait":{"nanos":7711917,"secs":0}},{"allocated_bytes":4,"allocation_time":{"nanos":3667,"secs":0},"allocations":1,"arena_capacity":60293120,"arena_high_water":60293120,"command_buffers":1,"completion_waits":1,"dispatches":531,"encode":{"nanos":179185,"secs":0},"gpu":{"nanos":7528375,"secs":0},"reused_bytes":2254848,"transient_live_bytes":524288,"transient_peak_bytes":2254848,"wait":{"nanos":7740125,"secs":0}},{"allocated_bytes":4,"allocation_time":{"nanos":3209,"secs":0},"allocations":1,"arena_capacity":60293120,"arena_high_water":60293120,"command_buffers":1,"completion_waits":1,"dispatches":531,"encode":{"nanos":178668,"secs":0},"gpu":{"nanos":7285125,"secs":0},"reused_bytes":2254848,"transient_live_bytes":524288,"transient_peak_bytes":2254848,"wait":{"nanos":7525541,"secs":0}},{"allocated_bytes":4,"allocation_time":{"nanos":2875,"secs":0},"allocations":1,"arena_capacity":60293120,"arena_high_water":60293120,"command_buffers":1,"completion_waits":1,"dispatches":531,"encode":{"nanos":182879,"secs":0},"gpu":{"nanos":7256167,"secs":0},"reused_bytes":2254848,"transient_live_bytes":524288,"transient_peak_bytes":2254848,"wait":{"nanos":7499083,"secs":0}},{"allocated_bytes":4,"allocation_time":{"nanos":2542,"secs":0},"allocations":1,"arena_capacity":60293120,"arena_high_water":60293120,"command_buffers":1,"completion_waits":1,"dispatches":531,"encode":{"nanos":184080,"secs":0},"gpu":{"nanos":7369250,"secs":0},"reused_bytes":2254848,"transient_live_bytes":524288,"transient_peak_bytes":2254848,"wait":{"nanos":7619208,"secs":0}}],"decode_median_ms":8.0375,"decode_ms":[8.009292,8.0375,8.011542,7.982459,7.785292,8.169084,8.160792,8.209291,8.206458,7.739958,8.104416,8.180583,7.951458,7.907457999999999,8.059416],"decode_profiles":[{},{},{},{},{},{},{},{},{},{},{},{},{},{},{}],"decode_tps":124.41679626749612,"first_token_ms":19.676583,"generated_ids":[198,220,442,220,442,220,442,220,442,220,442,220,442,220,442,220],"generated_tokens":16,"generation_ms":143.865292,"generation_tps":111.21514979443408,"gguf_mpp_min_rows":16,"kv_active_bytes":208896,"kv_reserved_bytes":3145728,"model_format":"GGUF","model_repository":"Qwen/Qwen2.5-0.5B-Instruct-GGUF","model_revision":"9217f5db79a29953eb74d5343926648285ec7e67","moe_expert_tensorops":true,"moe_expert_tensorops_min_routes_per_expert":8,"moe_expert_tensorops_tile_k64":true,"packed_quantized_bytes":485166080,"pair":1,"pair_order":"llama.cpp>ferrum-candidate>ferrum-control","parameter_count":630167424,"prefill_counters":{"allocated_bytes":3145736,"allocation_time":{"nanos":306036,"secs":0},"allocations":49,"arena_capacity":60293120,"arena_high_water":60293120,"command_buffers":1,"completion_waits":1,"dispatches":531,"encode":{"nanos":205256,"secs":0},"gpu":{"nanos":18216083,"secs":0},"reused_bytes":3942400,"transient_live_bytes":0,"transient_peak_bytes":3942400,"wait":{"nanos":18694958,"secs":0}},"prefill_ms":19.377125,"prefill_profile":{},"prefill_tps":103.2144861531316,"prompt_ids":[151644,8948],"prompt_tokens":2,"q4_k_mpp_tile_k64":true,"q5_0_gemv_n4":false,"q5_1_mpp_tile_k64":true,"q8_0_mpp_tile_k64":true,"retained_weight_bytes":485309184,"runtime":"ferrum","sampling_ms":3.799792,"source_tensor_bytes":485452288,"tensor_count":291,"warmup":false,"process_rss_bytes":806305792,"ferrum_variant":"control","source_matrix_case_model":"qwen2.5-phase7a-small-batch-shape-probe-q4_k_m","engine_order":["llama.cpp","ferrum-candidate","ferrum-control"],"case_index":0,"engine_load_plus_first_warmup_ms":877.0456250058487}
{"case":"m02","decode_aggregate_tps":124.1460633721954,"decode_counters":[{"allocated_bytes":4,"allocation_time":{"nanos":3042,"secs":0},"allocations":1,"arena_capacity":60293120,"arena_high_water":60293120,"command_buffers":1,"completion_waits":1,"dispatches":531,"encode":{"nanos":187556,"secs":0},"gpu":{"nanos":7413833,"secs":0},"reused_bytes":2236416,"transient_live_bytes":524288,"transient_peak_bytes":2236416,"wait":{"nanos":7621208,"secs":0}},{"allocated_bytes":4,"allocation_time":{"nanos":4083,"secs":0},"allocations":1,"arena_capacity":60293120,"arena_high_water":60293120,"command_buffers":1,"completion_waits":1,"dispatches":531,"encode":{"nanos":210039,"secs":0},"gpu":{"nanos":7357333,"secs":0},"reused_bytes":2236416,"transient_live_bytes":524288,"transient_peak_bytes":2236416,"wait":{"nanos":7610500,"secs":0}},{"allocated_bytes":4,"allocation_time":{"nanos":5250,"secs":0},"allocations":1,"arena_capacity":60293120,"arena_high_water":60293120,"command_buffers":1,"completion_waits":1,"dispatches":531,"encode":{"nanos":185417,"secs":0},"gpu":{"nanos":7001125,"secs":0},"reused_bytes":2242560,"transient_live_bytes":524288,"transient_peak_bytes":2242560,"wait":{"nanos":7271458,"secs":0}},{"allocated_bytes":4,"allocation_time":{"nanos":4375,"secs":0},"allocations":1,"arena_capacity":60293120,"arena_high_water":60293120,"command_buffers":1,"completion_waits":1,"dispatches":531,"encode":{"nanos":179162,"secs":0},"gpu":{"nanos":7106458,"secs":0},"reused_bytes":2242560,"transient_live_bytes":524288,"transient_peak_bytes":2242560,"wait":{"nanos":7314375,"secs":0}},{"allocated_bytes":4,"allocation_time":{"nanos":3625,"secs":0},"allocations":1,"arena_capacity":60293120,"arena_high_water":60293120,"command_buffers":1,"completion_waits":1,"dispatches":531,"encode":{"nanos":177086,"secs":0},"gpu":{"nanos":7359667,"secs":0},"reused_bytes":2242560,"transient_live_bytes":524288,"transient_peak_bytes":2242560,"wait":{"nanos":7617583,"secs":0}},{"allocated_bytes":4,"allocation_time":{"nanos":4042,"secs":0},"allocations":1,"arena_capacity":60293120,"arena_high_water":60293120,"command_buffers":1,"completion_waits":1,"dispatches":531,"encode":{"nanos":177754,"secs":0},"gpu":{"nanos":7641750,"secs":0},"reused_bytes":2242560,"transient_live_bytes":524288,"transient_peak_bytes":2242560,"wait":{"nanos":7884500,"secs":0}},{"allocated_bytes":4,"allocation_time":{"nanos":3416,"secs":0},"allocations":1,"arena_capacity":60293120,"arena_high_water":60293120,"command_buffers":1,"completion_waits":1,"dispatches":531,"encode":{"nanos":177358,"secs":0},"gpu":{"nanos":7401083,"secs":0},"reused_bytes":2242560,"transient_live_bytes":524288,"transient_peak_bytes":2242560,"wait":{"nanos":7657292,"secs":0}},{"allocated_bytes":4,"allocation_time":{"nanos":3167,"secs":0},"allocations":1,"arena_capacity":60293120,"arena_high_water":60293120,"command_buffers":1,"completion_waits":1,"dispatches":531,"encode":{"nanos":176912,"secs":0},"gpu":{"nanos":7524292,"secs":0},"reused_bytes":2254848,"transient_live_bytes":524288,"transient_peak_bytes":2254848,"wait":{"nanos":7784083,"secs":0}},{"allocated_bytes":4,"allocation_time":{"nanos":2833,"secs":0},"allocations":1,"arena_capacity":60293120,"arena_high_water":60293120,"command_buffers":1,"completion_waits":1,"dispatches":531,"encode":{"nanos":178920,"secs":0},"gpu":{"nanos":7314000,"secs":0},"reused_bytes":2254848,"transient_live_bytes":524288,"transient_peak_bytes":2254848,"wait":{"nanos":7563250,"secs":0}},{"allocated_bytes":4,"allocation_time":{"nanos":3542,"secs":0},"allocations":1,"arena_capacity":60293120,"arena_high_water":60293120,"command_buffers":1,"completion_waits":1,"dispatches":531,"encode":{"nanos":178961,"secs":0},"gpu":{"nanos":6778625,"secs":0},"reused_bytes":2254848,"transient_live_bytes":524288,"transient_peak_bytes":2254848,"wait":{"nanos":7022250,"secs":0}},{"allocated_bytes":4,"allocation_time":{"nanos":3333,"secs":0},"allocations":1,"arena_capacity":60293120,"arena_high_water":60293120,"command_buffers":1,"completion_waits":1,"dispatches":531,"encode":{"nanos":173009,"secs":0},"gpu":{"nanos":7752167,"secs":0},"reused_bytes":2254848,"transient_live_bytes":524288,"transient_peak_bytes":2254848,"wait":{"nanos":7997500,"secs":0}},{"allocated_bytes":4,"allocation_time":{"nanos":4750,"secs":0},"allocations":1,"arena_capacity":60293120,"arena_high_water":60293120,"command_buffers":1,"completion_waits":1,"dispatches":531,"encode":{"nanos":185956,"secs":0},"gpu":{"nanos":7603833,"secs":0},"reused_bytes":2254848,"transient_live_bytes":524288,"transient_peak_bytes":2254848,"wait":{"nanos":7865125,"secs":0}},{"allocated_bytes":4,"allocation_time":{"nanos":5417,"secs":0},"allocations":1,"arena_capacity":60293120,"arena_high_water":60293120,"command_buffers":1,"completion_waits":1,"dispatches":531,"encode":{"nanos":219954,"secs":0},"gpu":{"nanos":7296500,"secs":0},"reused_bytes":2254848,"transient_live_bytes":524288,"transient_peak_bytes":2254848,"wait":{"nanos":7537791,"secs":0}},{"allocated_bytes":4,"allocation_time":{"nanos":3417,"secs":0},"allocations":1,"arena_capacity":60293120,"arena_high_water":60293120,"command_buffers":1,"completion_waits":1,"dispatches":531,"encode":{"nanos":175649,"secs":0},"gpu":{"nanos":7576333,"secs":0},"reused_bytes":2254848,"transient_live_bytes":524288,"transient_peak_bytes":2254848,"wait":{"nanos":7828166,"secs":0}},{"allocated_bytes":4,"allocation_time":{"nanos":3625,"secs":0},"allocations":1,"arena_capacity":60293120,"arena_high_water":60293120,"command_buffers":1,"completion_waits":1,"dispatches":531,"encode":{"nanos":188332,"secs":0},"gpu":{"nanos":7350375,"secs":0},"reused_bytes":2254848,"transient_live_bytes":524288,"transient_peak_bytes":2254848,"wait":{"nanos":7611250,"secs":0}}],"decode_median_ms":8.058625,"decode_ms":[8.058625,8.124958999999999,7.71775,7.753,8.052416999999998,8.295292,8.09425,8.225417,8.001458,7.476125,8.426167,8.286541999999999,7.9981670000000005,8.259583,8.055665999999999],"decode_profiles":[{},{},{},{},{},{},{},{},{},{},{},{},{},{},{}],"decode_tps":124.09064821852364,"first_token_ms":19.458209,"generated_ids":[198,220,442,220,442,220,442,220,442,220,442,220,442,220,442,220],"generated_tokens":16,"generation_ms":143.916041,"generation_tps":111.17593208390161,"gguf_mpp_min_rows":16,"kv_active_bytes":208896,"kv_reserved_bytes":3145728,"model_format":"GGUF","model_repository":"Qwen/Qwen2.5-0.5B-Instruct-GGUF","model_revision":"9217f5db79a29953eb74d5343926648285ec7e67","moe_expert_tensorops":true,"moe_expert_tensorops_min_routes_per_expert":8,"moe_expert_tensorops_tile_k64":true,"packed_quantized_bytes":485166080,"pair":2,"pair_order":"ferrum-control>ferrum-candidate>llama.cpp","parameter_count":630167424,"prefill_counters":{"allocated_bytes":3145736,"allocation_time":{"nanos":344749,"secs":0},"allocations":49,"arena_capacity":60293120,"arena_high_water":60293120,"command_buffers":1,"completion_waits":1,"dispatches":531,"encode":{"nanos":213844,"secs":0},"gpu":{"nanos":17863333,"secs":0},"reused_bytes":3942400,"transient_live_bytes":0,"transient_peak_bytes":3942400,"wait":{"nanos":18379541,"secs":0}},"prefill_ms":19.159084,"prefill_profile":{},"prefill_tps":104.38912423996888,"prompt_ids":[151644,8948],"prompt_tokens":2,"q4_k_mpp_tile_k64":true,"q5_0_gemv_n4":false,"q5_1_mpp_tile_k64":true,"q8_0_mpp_tile_k64":true,"retained_weight_bytes":485309184,"runtime":"ferrum","sampling_ms":3.755708,"source_tensor_bytes":485452288,"tensor_count":291,"warmup":false,"process_rss_bytes":806305792,"ferrum_variant":"control","source_matrix_case_model":"qwen2.5-phase7a-small-batch-shape-probe-q4_k_m","engine_order":["ferrum-control","ferrum-candidate","llama.cpp"],"case_index":0,"engine_load_plus_first_warmup_ms":877.0456250058487}
{"case":"m02","decode_aggregate_tps":124.94138999395385,"decode_counters":[{"allocated_bytes":4,"allocation_time":{"nanos":6667,"secs":0},"allocations":1,"arena_capacity":60293120,"arena_high_water":60293120,"command_buffers":1,"completion_waits":1,"dispatches":531,"encode":{"nanos":192241,"secs":0},"gpu":{"nanos":7136708,"secs":0},"reused_bytes":2236416,"transient_live_bytes":524288,"transient_peak_bytes":2236416,"wait":{"nanos":7367000,"secs":0}},{"allocated_bytes":4,"allocation_time":{"nanos":4541,"secs":0},"allocations":1,"arena_capacity":60293120,"arena_high_water":60293120,"command_buffers":1,"completion_waits":1,"dispatches":531,"encode":{"nanos":184030,"secs":0},"gpu":{"nanos":7104875,"secs":0},"reused_bytes":2236416,"transient_live_bytes":524288,"transient_peak_bytes":2236416,"wait":{"nanos":7324125,"secs":0}},{"allocated_bytes":4,"allocation_time":{"nanos":4459,"secs":0},"allocations":1,"arena_capacity":60293120,"arena_high_water":60293120,"command_buffers":1,"completion_waits":1,"dispatches":531,"encode":{"nanos":186743,"secs":0},"gpu":{"nanos":7259750,"secs":0},"reused_bytes":2242560,"transient_live_bytes":524288,"transient_peak_bytes":2242560,"wait":{"nanos":7510000,"secs":0}},{"allocated_bytes":4,"allocation_time":{"nanos":3041,"secs":0},"allocations":1,"arena_capacity":60293120,"arena_high_water":60293120,"command_buffers":1,"completion_waits":1,"dispatches":531,"encode":{"nanos":180087,"secs":0},"gpu":{"nanos":7300708,"secs":0},"reused_bytes":2242560,"transient_live_bytes":524288,"transient_peak_bytes":2242560,"wait":{"nanos":7536500,"secs":0}},{"allocated_bytes":4,"allocation_time":{"nanos":2833,"secs":0},"allocations":1,"arena_capacity":60293120,"arena_high_water":60293120,"command_buffers":1,"completion_waits":1,"dispatches":531,"encode":{"nanos":180110,"secs":0},"gpu":{"nanos":7399125,"secs":0},"reused_bytes":2242560,"transient_live_bytes":524288,"transient_peak_bytes":2242560,"wait":{"nanos":7656166,"secs":0}},{"allocated_bytes":4,"allocation_time":{"nanos":3542,"secs":0},"allocations":1,"arena_capacity":60293120,"arena_high_water":60293120,"command_buffers":1,"completion_waits":1,"dispatches":531,"encode":{"nanos":175966,"secs":0},"gpu":{"nanos":7584625,"secs":0},"reused_bytes":2242560,"transient_live_bytes":524288,"transient_peak_bytes":2242560,"wait":{"nanos":7817917,"secs":0}},{"allocated_bytes":4,"allocation_time":{"nanos":2667,"secs":0},"allocations":1,"arena_capacity":60293120,"arena_high_water":60293120,"command_buffers":1,"completion_waits":1,"dispatches":531,"encode":{"nanos":176046,"secs":0},"gpu":{"nanos":7124375,"secs":0},"reused_bytes":2242560,"transient_live_bytes":524288,"transient_peak_bytes":2242560,"wait":{"nanos":7362042,"secs":0}},{"allocated_bytes":4,"allocation_time":{"nanos":3375,"secs":0},"allocations":1,"arena_capacity":60293120,"arena_high_water":60293120,"command_buffers":1,"completion_waits":1,"dispatches":531,"encode":{"nanos":181098,"secs":0},"gpu":{"nanos":7518500,"secs":0},"reused_bytes":2254848,"transient_live_bytes":524288,"transient_peak_bytes":2254848,"wait":{"nanos":7768292,"secs":0}},{"allocated_bytes":4,"allocation_time":{"nanos":3000,"secs":0},"allocations":1,"arena_capacity":60293120,"arena_high_water":60293120,"command_buffers":1,"completion_waits":1,"dispatches":531,"encode":{"nanos":178346,"secs":0},"gpu":{"nanos":7592250,"secs":0},"reused_bytes":2254848,"transient_live_bytes":524288,"transient_peak_bytes":2254848,"wait":{"nanos":7840625,"secs":0}},{"allocated_bytes":4,"allocation_time":{"nanos":3167,"secs":0},"allocations":1,"arena_capacity":60293120,"arena_high_water":60293120,"command_buffers":1,"completion_waits":1,"dispatches":531,"encode":{"nanos":174174,"secs":0},"gpu":{"nanos":7088250,"secs":0},"reused_bytes":2254848,"transient_live_bytes":524288,"transient_peak_bytes":2254848,"wait":{"nanos":7319125,"secs":0}},{"allocated_bytes":4,"allocation_time":{"nanos":5000,"secs":0},"allocations":1,"arena_capacity":60293120,"arena_high_water":60293120,"command_buffers":1,"completion_waits":1,"dispatches":531,"encode":{"nanos":183306,"secs":0},"gpu":{"nanos":7749375,"secs":0},"reused_bytes":2254848,"transient_live_bytes":524288,"transient_peak_bytes":2254848,"wait":{"nanos":7949583,"secs":0}},{"allocated_bytes":4,"allocation_time":{"nanos":3500,"secs":0},"allocations":1,"arena_capacity":60293120,"arena_high_water":60293120,"command_buffers":1,"completion_waits":1,"dispatches":531,"encode":{"nanos":177751,"secs":0},"gpu":{"nanos":7651708,"secs":0},"reused_bytes":2254848,"transient_live_bytes":524288,"transient_peak_bytes":2254848,"wait":{"nanos":7866750,"secs":0}},{"allocated_bytes":4,"allocation_time":{"nanos":2583,"secs":0},"allocations":1,"arena_capacity":60293120,"arena_high_water":60293120,"command_buffers":1,"completion_waits":1,"dispatches":531,"encode":{"nanos":179488,"secs":0},"gpu":{"nanos":7037292,"secs":0},"reused_bytes":2254848,"transient_live_bytes":524288,"transient_peak_bytes":2254848,"wait":{"nanos":7278209,"secs":0}},{"allocated_bytes":4,"allocation_time":{"nanos":3500,"secs":0},"allocations":1,"arena_capacity":60293120,"arena_high_water":60293120,"command_buffers":1,"completion_waits":1,"dispatches":531,"encode":{"nanos":192204,"secs":0},"gpu":{"nanos":7019833,"secs":0},"reused_bytes":2254848,"transient_live_bytes":524288,"transient_peak_bytes":2254848,"wait":{"nanos":7233083,"secs":0}},{"allocated_bytes":4,"allocation_time":{"nanos":8334,"secs":0},"allocations":1,"arena_capacity":60293120,"arena_high_water":60293120,"command_buffers":1,"completion_waits":1,"dispatches":531,"encode":{"nanos":197699,"secs":0},"gpu":{"nanos":7499833,"secs":0},"reused_bytes":2254848,"transient_live_bytes":524288,"transient_peak_bytes":2254848,"wait":{"nanos":7739042,"secs":0}}],"decode_median_ms":7.955500000000001,"decode_ms":[7.831833,7.764625,7.955500000000001,7.9531670000000005,8.093459000000001,8.254292,7.759125,8.20425,8.265458,7.725167,8.384292,8.303208,7.7135,7.663833,8.184583],"decode_profiles":[{},{},{},{},{},{},{},{},{},{},{},{},{},{},{}],"decode_tps":125.6992018100685,"first_token_ms":19.373916,"generated_ids":[198,220,442,220,442,220,442,220,442,220,442,220,442,220,442,220],"generated_tokens":16,"generation_ms":143.13779200000002,"generation_tps":111.78040248098837,"gguf_mpp_min_rows":8,"kv_active_bytes":208896,"kv_reserved_bytes":3145728,"model_format":"GGUF","model_repository":"Qwen/Qwen2.5-0.5B-Instruct-GGUF","model_revision":"9217f5db79a29953eb74d5343926648285ec7e67","moe_expert_tensorops":true,"moe_expert_tensorops_min_routes_per_expert":8,"moe_expert_tensorops_tile_k64":true,"packed_quantized_bytes":485166080,"pair":2,"pair_order":"ferrum-control>ferrum-candidate>llama.cpp","parameter_count":630167424,"prefill_counters":{"allocated_bytes":3145736,"allocation_time":{"nanos":305834,"secs":0},"allocations":49,"arena_capacity":60293120,"arena_high_water":60293120,"command_buffers":1,"completion_waits":1,"dispatches":531,"encode":{"nanos":203452,"secs":0},"gpu":{"nanos":17856500,"secs":0},"reused_bytes":3942400,"transient_live_bytes":0,"transient_peak_bytes":3942400,"wait":{"nanos":18278083,"secs":0}},"prefill_ms":18.98725,"prefill_profile":{},"prefill_tps":105.33384244690515,"prompt_ids":[151644,8948],"prompt_tokens":2,"q4_k_mpp_tile_k64":true,"q5_0_gemv_n4":false,"q5_1_mpp_tile_k64":true,"q8_0_mpp_tile_k64":true,"retained_weight_bytes":485309184,"runtime":"ferrum","sampling_ms":3.8962939999999997,"source_tensor_bytes":485452288,"tensor_count":291,"warmup":false,"process_rss_bytes":806305792,"ferrum_variant":"candidate","source_matrix_case_model":"qwen2.5-phase7a-small-batch-shape-probe-q4_k_m","engine_order":["ferrum-control","ferrum-candidate","llama.cpp"],"case_index":0,"engine_load_plus_first_warmup_ms":877.0456250058487}
{"case":"m02","command_buffer_count":null,"decode_aggregate_tps":234.3920996361438,"decode_median_ms":4.347542,"decode_ms":[4.509875,4.403583,4.065375,4.35225,4.256583,4.490667,4.04875,4.34775,4.082958,4.110083,4.347542,4.033583,4.369541,4.05475,4.522041],"decode_tps":230.01502918200677,"dispatch_count":null,"first_token_ms":5.908292,"generated_ids":[198,220,442,220,16,13,220,45181,74393,15946,45912,20074,198,220,442,220],"generated_tokens":16,"generation_ms":73.760459,"generation_tps":216.91838983811095,"kv_context_capacity_tokens":4096,"kv_type":"bf16","llama_commit":"84e76d8a23162eca70490da131945ebec1f09bf4","llama_version":"0.5.0-dev","model_format":"GGUF","pair":2,"pair_order":"ferrum-control>ferrum-candidate>llama.cpp","prefill_ms":5.660042,"prefill_tps":353.35426839588825,"process_max_rss_bytes":662716416,"prompt_ids":[151644,8948],"prompt_tokens":2,"runtime":"llama.cpp","sampling_ms":4.103249,"warmup":false,"process_rss_bytes":662683648,"source_matrix_case_model":"qwen2.5-phase7a-small-batch-shape-probe-q4_k_m","engine_order":["ferrum-control","ferrum-candidate","llama.cpp"],"case_index":0,"engine_load_plus_first_warmup_ms":978.256624948699}
{"case":"m02","command_buffer_count":null,"decode_aggregate_tps":228.97690523668655,"decode_median_ms":4.31,"decode_ms":[4.515875,4.029125,4.488875,4.044,4.31,4.265708,4.6075,4.347416,4.649,4.276625,4.633,4.289958,4.1655,4.618083,4.268125],"decode_tps":232.01856148491882,"dispatch_count":null,"first_token_ms":5.203625,"generated_ids":[198,220,442,220,16,13,220,45181,74393,15946,45912,20074,198,220,442,220],"generated_tokens":16,"generation_ms":74.446792,"generation_tps":214.91859582075745,"kv_context_capacity_tokens":4096,"kv_type":"bf16","llama_commit":"84e76d8a23162eca70490da131945ebec1f09bf4","llama_version":"0.5.0-dev","model_format":"GGUF","pair":3,"pair_order":"llama.cpp>ferrum-candidate>ferrum-control","prefill_ms":4.942,"prefill_tps":404.6944556859571,"process_max_rss_bytes":662716416,"prompt_ids":[151644,8948],"prompt_tokens":2,"runtime":"llama.cpp","sampling_ms":3.9947900000000005,"warmup":false,"process_rss_bytes":662683648,"source_matrix_case_model":"qwen2.5-phase7a-small-batch-shape-probe-q4_k_m","engine_order":["llama.cpp","ferrum-candidate","ferrum-control"],"case_index":0,"engine_load_plus_first_warmup_ms":978.256624948699}
{"case":"m02","decode_aggregate_tps":123.49897188340897,"decode_counters":[{"allocated_bytes":4,"allocation_time":{"nanos":11417,"secs":0},"allocations":1,"arena_capacity":60293120,"arena_high_water":60293120,"command_buffers":1,"completion_waits":1,"dispatches":531,"encode":{"nanos":254337,"secs":0},"gpu":{"nanos":7139458,"secs":0},"reused_bytes":2236416,"transient_live_bytes":524288,"transient_peak_bytes":2236416,"wait":{"nanos":7410291,"secs":0}},{"allocated_bytes":4,"allocation_time":{"nanos":7375,"secs":0},"allocations":1,"arena_capacity":60293120,"arena_high_water":60293120,"command_buffers":1,"completion_waits":1,"dispatches":531,"encode":{"nanos":221836,"secs":0},"gpu":{"nanos":7121375,"secs":0},"reused_bytes":2236416,"transient_live_bytes":524288,"transient_peak_bytes":2236416,"wait":{"nanos":7362583,"secs":0}},{"allocated_bytes":4,"allocation_time":{"nanos":6875,"secs":0},"allocations":1,"arena_capacity":60293120,"arena_high_water":60293120,"command_buffers":1,"completion_waits":1,"dispatches":531,"encode":{"nanos":216415,"secs":0},"gpu":{"nanos":7300833,"secs":0},"reused_bytes":2242560,"transient_live_bytes":524288,"transient_peak_bytes":2242560,"wait":{"nanos":7538875,"secs":0}},{"allocated_bytes":4,"allocation_time":{"nanos":14667,"secs":0},"allocations":1,"arena_capacity":60293120,"arena_high_water":60293120,"command_buffers":1,"completion_waits":1,"dispatches":531,"encode":{"nanos":207332,"secs":0},"gpu":{"nanos":7328708,"secs":0},"reused_bytes":2242560,"transient_live_bytes":524288,"transient_peak_bytes":2242560,"wait":{"nanos":7558291,"secs":0}},{"allocated_bytes":4,"allocation_time":{"nanos":5583,"secs":0},"allocations":1,"arena_capacity":60293120,"arena_high_water":60293120,"command_buffers":1,"completion_waits":1,"dispatches":531,"encode":{"nanos":200001,"secs":0},"gpu":{"nanos":7399458,"secs":0},"reused_bytes":2242560,"transient_live_bytes":524288,"transient_peak_bytes":2242560,"wait":{"nanos":7637500,"secs":0}},{"allocated_bytes":4,"allocation_time":{"nanos":5000,"secs":0},"allocations":1,"arena_capacity":60293120,"arena_high_water":60293120,"command_buffers":1,"completion_waits":1,"dispatches":531,"encode":{"nanos":352412,"secs":0},"gpu":{"nanos":7651375,"secs":0},"reused_bytes":2242560,"transient_live_bytes":524288,"transient_peak_bytes":2242560,"wait":{"nanos":7848875,"secs":0}},{"allocated_bytes":4,"allocation_time":{"nanos":7959,"secs":0},"allocations":1,"arena_capacity":60293120,"arena_high_water":60293120,"command_buffers":1,"completion_waits":1,"dispatches":531,"encode":{"nanos":274591,"secs":0},"gpu":{"nanos":7433375,"secs":0},"reused_bytes":2242560,"transient_live_bytes":524288,"transient_peak_bytes":2242560,"wait":{"nanos":7656167,"secs":0}},{"allocated_bytes":4,"allocation_time":{"nanos":9167,"secs":0},"allocations":1,"arena_capacity":60293120,"arena_high_water":60293120,"command_buffers":1,"completion_waits":1,"dispatches":531,"encode":{"nanos":200083,"secs":0},"gpu":{"nanos":7256708,"secs":0},"reused_bytes":2254848,"transient_live_bytes":524288,"transient_peak_bytes":2254848,"wait":{"nanos":7505875,"secs":0}},{"allocated_bytes":4,"allocation_time":{"nanos":9583,"secs":0},"allocations":1,"arena_capacity":60293120,"arena_high_water":60293120,"command_buffers":1,"completion_waits":1,"dispatches":531,"encode":{"nanos":213776,"secs":0},"gpu":{"nanos":7580125,"secs":0},"reused_bytes":2254848,"transient_live_bytes":524288,"transient_peak_bytes":2254848,"wait":{"nanos":7822375,"secs":0}},{"allocated_bytes":4,"allocation_time":{"nanos":7417,"secs":0},"allocations":1,"arena_capacity":60293120,"arena_high_water":60293120,"command_buffers":1,"completion_waits":1,"dispatches":531,"encode":{"nanos":205018,"secs":0},"gpu":{"nanos":7082792,"secs":0},"reused_bytes":2254848,"transient_live_bytes":524288,"transient_peak_bytes":2254848,"wait":{"nanos":7318958,"secs":0}},{"allocated_bytes":4,"allocation_time":{"nanos":6667,"secs":0},"allocations":1,"arena_capacity":60293120,"arena_high_water":60293120,"command_buffers":1,"completion_waits":1,"dispatches":531,"encode":{"nanos":201678,"secs":0},"gpu":{"nanos":7814625,"secs":0},"reused_bytes":2254848,"transient_live_bytes":524288,"transient_peak_bytes":2254848,"wait":{"nanos":8028375,"secs":0}},{"allocated_bytes":4,"allocation_time":{"nanos":10334,"secs":0},"allocations":1,"arena_capacity":60293120,"arena_high_water":60293120,"command_buffers":1,"completion_waits":1,"dispatches":531,"encode":{"nanos":211909,"secs":0},"gpu":{"nanos":7633500,"secs":0},"reused_bytes":2254848,"transient_live_bytes":524288,"transient_peak_bytes":2254848,"wait":{"nanos":7878917,"secs":0}},{"allocated_bytes":4,"allocation_time":{"nanos":6833,"secs":0},"allocations":1,"arena_capacity":60293120,"arena_high_water":60293120,"command_buffers":1,"completion_waits":1,"dispatches":531,"encode":{"nanos":208672,"secs":0},"gpu":{"nanos":7365875,"secs":0},"reused_bytes":2254848,"transient_live_bytes":524288,"transient_peak_bytes":2254848,"wait":{"nanos":7582250,"secs":0}},{"allocated_bytes":4,"allocation_time":{"nanos":8416,"secs":0},"allocations":1,"arena_capacity":60293120,"arena_high_water":60293120,"command_buffers":1,"completion_waits":1,"dispatches":531,"encode":{"nanos":208377,"secs":0},"gpu":{"nanos":6997750,"secs":0},"reused_bytes":2254848,"transient_live_bytes":524288,"transient_peak_bytes":2254848,"wait":{"nanos":7261250,"secs":0}},{"allocated_bytes":4,"allocation_time":{"nanos":6459,"secs":0},"allocations":1,"arena_capacity":60293120,"arena_high_water":60293120,"command_buffers":1,"completion_waits":1,"dispatches":531,"encode":{"nanos":203252,"secs":0},"gpu":{"nanos":7366250,"secs":0},"reused_bytes":2254848,"transient_live_bytes":524288,"transient_peak_bytes":2254848,"wait":{"nanos":7609417,"secs":0}}],"decode_median_ms":8.053583,"decode_ms":[7.968709,7.8549999999999995,8.020792,8.030292,8.085917,8.536167,8.2325,7.959291,8.30025,7.773625,8.480959,8.355082999999999,8.053583,7.7295,8.076833],"decode_profiles":[{},{},{},{},{},{},{},{},{},{},{},{},{},{},{}],"decode_tps":124.16833600647067,"first_token_ms":19.527417,"generated_ids":[198,220,442,220,442,220,442,220,442,220,442,220,442,220,442,220],"generated_tokens":16,"generation_ms":144.936916,"generation_tps":110.39285533024588,"gguf_mpp_min_rows":8,"kv_active_bytes":208896,"kv_reserved_bytes":3145728,"model_format":"GGUF","model_repository":"Qwen/Qwen2.5-0.5B-Instruct-GGUF","model_revision":"9217f5db79a29953eb74d5343926648285ec7e67","moe_expert_tensorops":true,"moe_expert_tensorops_min_routes_per_expert":8,"moe_expert_tensorops_tile_k64":true,"packed_quantized_bytes":485166080,"pair":3,"pair_order":"llama.cpp>ferrum-candidate>ferrum-control","parameter_count":630167424,"prefill_counters":{"allocated_bytes":3145736,"allocation_time":{"nanos":397336,"secs":0},"allocations":49,"arena_capacity":60293120,"arena_high_water":60293120,"command_buffers":1,"completion_waits":1,"dispatches":531,"encode":{"nanos":242429,"secs":0},"gpu":{"nanos":17868375,"secs":0},"reused_bytes":3942400,"transient_live_bytes":0,"transient_peak_bytes":3942400,"wait":{"nanos":18303541,"secs":0}},"prefill_ms":19.155709,"prefill_profile":{},"prefill_tps":104.40751631798123,"prompt_ids":[151644,8948],"prompt_tokens":2,"q4_k_mpp_tile_k64":true,"q5_0_gemv_n4":false,"q5_1_mpp_tile_k64":true,"q8_0_mpp_tile_k64":true,"retained_weight_bytes":485309184,"runtime":"ferrum","sampling_ms":4.109959,"source_tensor_bytes":485452288,"tensor_count":291,"warmup":false,"process_rss_bytes":806305792,"ferrum_variant":"candidate","source_matrix_case_model":"qwen2.5-phase7a-small-batch-shape-probe-q4_k_m","engine_order":["llama.cpp","ferrum-candidate","ferrum-control"],"case_index":0,"engine_load_plus_first_warmup_ms":877.0456250058487}
{"case":"m02","decode_aggregate_tps":121.97902378772305,"decode_counters":[{"allocated_bytes":4,"allocation_time":{"nanos":7417,"secs":0},"allocations":1,"arena_capacity":60293120,"arena_high_water":60293120,"command_buffers":1,"completion_waits":1,"dispatches":531,"encode":{"nanos":206396,"secs":0},"gpu":{"nanos":7449375,"secs":0},"reused_bytes":2236416,"transient_live_bytes":524288,"transient_peak_bytes":2236416,"wait":{"nanos":7669000,"secs":0}},{"allocated_bytes":4,"allocation_time":{"nanos":4959,"secs":0},"allocations":1,"arena_capacity":60293120,"arena_high_water":60293120,"command_buffers":1,"completion_waits":1,"dispatches":531,"encode":{"nanos":207248,"secs":0},"gpu":{"nanos":7425833,"secs":0},"reused_bytes":2236416,"transient_live_bytes":524288,"transient_peak_bytes":2236416,"wait":{"nanos":7684750,"secs":0}},{"allocated_bytes":4,"allocation_time":{"nanos":4042,"secs":0},"allocations":1,"arena_capacity":60293120,"arena_high_water":60293120,"command_buffers":1,"completion_waits":1,"dispatches":531,"encode":{"nanos":212917,"secs":0},"gpu":{"nanos":7265125,"secs":0},"reused_bytes":2242560,"transient_live_bytes":524288,"transient_peak_bytes":2242560,"wait":{"nanos":7498541,"secs":0}},{"allocated_bytes":4,"allocation_time":{"nanos":3417,"secs":0},"allocations":1,"arena_capacity":60293120,"arena_high_water":60293120,"command_buffers":1,"completion_waits":1,"dispatches":531,"encode":{"nanos":216996,"secs":0},"gpu":{"nanos":7293958,"secs":0},"reused_bytes":2242560,"transient_live_bytes":524288,"transient_peak_bytes":2242560,"wait":{"nanos":7539917,"secs":0}},{"allocated_bytes":4,"allocation_time":{"nanos":3459,"secs":0},"allocations":1,"arena_capacity":60293120,"arena_high_water":60293120,"command_buffers":1,"completion_waits":1,"dispatches":531,"encode":{"nanos":236865,"secs":0},"gpu":{"nanos":7378958,"secs":0},"reused_bytes":2242560,"transient_live_bytes":524288,"transient_peak_bytes":2242560,"wait":{"nanos":7681084,"secs":0}},{"allocated_bytes":4,"allocation_time":{"nanos":3916,"secs":0},"allocations":1,"arena_capacity":60293120,"arena_high_water":60293120,"command_buffers":1,"completion_waits":1,"dispatches":531,"encode":{"nanos":230126,"secs":0},"gpu":{"nanos":7346583,"secs":0},"reused_bytes":2242560,"transient_live_bytes":524288,"transient_peak_bytes":2242560,"wait":{"nanos":7647083,"secs":0}},{"allocated_bytes":4,"allocation_time":{"nanos":3667,"secs":0},"allocations":1,"arena_capacity":60293120,"arena_high_water":60293120,"command_buffers":1,"completion_waits":1,"dispatches":531,"encode":{"nanos":252007,"secs":0},"gpu":{"nanos":7150833,"secs":0},"reused_bytes":2242560,"transient_live_bytes":524288,"transient_peak_bytes":2242560,"wait":{"nanos":7405667,"secs":0}},{"allocated_bytes":4,"allocation_time":{"nanos":4625,"secs":0},"allocations":1,"arena_capacity":60293120,"arena_high_water":60293120,"command_buffers":1,"completion_waits":1,"dispatches":531,"encode":{"nanos":244836,"secs":0},"gpu":{"nanos":7523042,"secs":0},"reused_bytes":2254848,"transient_live_bytes":524288,"transient_peak_bytes":2254848,"wait":{"nanos":7766083,"secs":0}},{"allocated_bytes":4,"allocation_time":{"nanos":3416,"secs":0},"allocations":1,"arena_capacity":60293120,"arena_high_water":60293120,"command_buffers":1,"completion_waits":1,"dispatches":531,"encode":{"nanos":261155,"secs":0},"gpu":{"nanos":7553458,"secs":0},"reused_bytes":2254848,"transient_live_bytes":524288,"transient_peak_bytes":2254848,"wait":{"nanos":7783833,"secs":0}},{"allocated_bytes":4,"allocation_time":{"nanos":3334,"secs":0},"allocations":1,"arena_capacity":60293120,"arena_high_water":60293120,"command_buffers":1,"completion_waits":1,"dispatches":531,"encode":{"nanos":282738,"secs":0},"gpu":{"nanos":7053458,"secs":0},"reused_bytes":2254848,"transient_live_bytes":524288,"transient_peak_bytes":2254848,"wait":{"nanos":7289083,"secs":0}},{"allocated_bytes":4,"allocation_time":{"nanos":4917,"secs":0},"allocations":1,"arena_capacity":60293120,"arena_high_water":60293120,"command_buffers":1,"completion_waits":1,"dispatches":531,"encode":{"nanos":283955,"secs":0},"gpu":{"nanos":7763500,"secs":0},"reused_bytes":2254848,"transient_live_bytes":524288,"transient_peak_bytes":2254848,"wait":{"nanos":8020583,"secs":0}},{"allocated_bytes":4,"allocation_time":{"nanos":4250,"secs":0},"allocations":1,"arena_capacity":60293120,"arena_high_water":60293120,"command_buffers":1,"completion_waits":1,"dispatches":531,"encode":{"nanos":321464,"secs":0},"gpu":{"nanos":7634250,"secs":0},"reused_bytes":2254848,"transient_live_bytes":524288,"transient_peak_bytes":2254848,"wait":{"nanos":7871334,"secs":0}},{"allocated_bytes":4,"allocation_time":{"nanos":7167,"secs":0},"allocations":1,"arena_capacity":60293120,"arena_high_water":60293120,"command_buffers":1,"completion_waits":1,"dispatches":531,"encode":{"nanos":324080,"secs":0},"gpu":{"nanos":7293167,"secs":0},"reused_bytes":2254848,"transient_live_bytes":524288,"transient_peak_bytes":2254848,"wait":{"nanos":7588291,"secs":0}},{"allocated_bytes":4,"allocation_time":{"nanos":5750,"secs":0},"allocations":1,"arena_capacity":60293120,"arena_high_water":60293120,"command_buffers":1,"completion_waits":1,"dispatches":531,"encode":{"nanos":322637,"secs":0},"gpu":{"nanos":6978500,"secs":0},"reused_bytes":2254848,"transient_live_bytes":524288,"transient_peak_bytes":2254848,"wait":{"nanos":7266458,"secs":0}},{"allocated_bytes":4,"allocation_time":{"nanos":4417,"secs":0},"allocations":1,"arena_capacity":60293120,"arena_high_water":60293120,"command_buffers":1,"completion_waits":1,"dispatches":531,"encode":{"nanos":261712,"secs":0},"gpu":{"nanos":7084708,"secs":0},"reused_bytes":2254848,"transient_live_bytes":524288,"transient_peak_bytes":2254848,"wait":{"nanos":7302875,"secs":0}}],"decode_median_ms":8.169292,"decode_ms":[8.159459,8.169292,7.9895000000000005,8.029834,8.236834,8.201375,7.9821670000000005,8.343542000000001,8.396374999999999,7.929291999999999,8.674917,8.611209,8.34125,7.988416999999999,7.9185],"decode_profiles":[{},{},{},{},{},{},{},{},{},{},{},{},{},{},{}],"decode_tps":122.40962864346139,"first_token_ms":19.1135,"generated_ids":[198,220,442,220,442,220,442,220,442,220,442,220,442,220,442,220],"generated_tokens":16,"generation_ms":147.35000000000002,"generation_tps":108.58500169664063,"gguf_mpp_min_rows":16,"kv_active_bytes":208896,"kv_reserved_bytes":3145728,"model_format":"GGUF","model_repository":"Qwen/Qwen2.5-0.5B-Instruct-GGUF","model_revision":"9217f5db79a29953eb74d5343926648285ec7e67","moe_expert_tensorops":true,"moe_expert_tensorops_min_routes_per_expert":8,"moe_expert_tensorops_tile_k64":true,"packed_quantized_bytes":485166080,"pair":3,"pair_order":"llama.cpp>ferrum-candidate>ferrum-control","parameter_count":630167424,"prefill_counters":{"allocated_bytes":3145736,"allocation_time":{"nanos":341873,"secs":0},"allocations":49,"arena_capacity":60293120,"arena_high_water":60293120,"command_buffers":1,"completion_waits":1,"dispatches":531,"encode":{"nanos":218792,"secs":0},"gpu":{"nanos":17642583,"secs":0},"reused_bytes":3942400,"transient_live_bytes":0,"transient_peak_bytes":3942400,"wait":{"nanos":18022375,"secs":0}},"prefill_ms":18.801083,"prefill_profile":{},"prefill_tps":106.37685073780058,"prompt_ids":[151644,8948],"prompt_tokens":2,"q4_k_mpp_tile_k64":true,"q5_0_gemv_n4":false,"q5_1_mpp_tile_k64":true,"q8_0_mpp_tile_k64":true,"retained_weight_bytes":485309184,"runtime":"ferrum","sampling_ms":5.370918,"source_tensor_bytes":485452288,"tensor_count":291,"warmup":false,"process_rss_bytes":806305792,"ferrum_variant":"control","source_matrix_case_model":"qwen2.5-phase7a-small-batch-shape-probe-q4_k_m","engine_order":["llama.cpp","ferrum-candidate","ferrum-control"],"case_index":0,"engine_load_plus_first_warmup_ms":877.0456250058487}
{"case":"m02","decode_aggregate_tps":124.55618451723281,"decode_counters":[{"allocated_bytes":4,"allocation_time":{"nanos":3333,"secs":0},"allocations":1,"arena_capacity":60293120,"arena_high_water":60293120,"command_buffers":1,"completion_waits":1,"dispatches":531,"encode":{"nanos":192375,"secs":0},"gpu":{"nanos":7167208,"secs":0},"reused_bytes":2236416,"transient_live_bytes":524288,"transient_peak_bytes":2236416,"wait":{"nanos":7404959,"secs":0}},{"allocated_bytes":4,"allocation_time":{"nanos":3417,"secs":0},"allocations":1,"arena_capacity":60293120,"arena_high_water":60293120,"command_buffers":1,"completion_waits":1,"dispatches":531,"encode":{"nanos":183995,"secs":0},"gpu":{"nanos":7287667,"secs":0},"reused_bytes":2236416,"transient_live_bytes":524288,"transient_peak_bytes":2236416,"wait":{"nanos":7509500,"secs":0}},{"allocated_bytes":4,"allocation_time":{"nanos":3000,"secs":0},"allocations":1,"arena_capacity":60293120,"arena_high_water":60293120,"command_buffers":1,"completion_waits":1,"dispatches":531,"encode":{"nanos":177798,"secs":0},"gpu":{"nanos":7248042,"secs":0},"reused_bytes":2242560,"transient_live_bytes":524288,"transient_peak_bytes":2242560,"wait":{"nanos":7519875,"secs":0}},{"allocated_bytes":4,"allocation_time":{"nanos":4209,"secs":0},"allocations":1,"arena_capacity":60293120,"arena_high_water":60293120,"command_buffers":1,"completion_waits":1,"dispatches":531,"encode":{"nanos":187459,"secs":0},"gpu":{"nanos":7274125,"secs":0},"reused_bytes":2242560,"transient_live_bytes":524288,"transient_peak_bytes":2242560,"wait":{"nanos":7516292,"secs":0}},{"allocated_bytes":4,"allocation_time":{"nanos":3542,"secs":0},"allocations":1,"arena_capacity":60293120,"arena_high_water":60293120,"command_buffers":1,"completion_waits":1,"dispatches":531,"encode":{"nanos":177374,"secs":0},"gpu":{"nanos":7403792,"secs":0},"reused_bytes":2242560,"transient_live_bytes":524288,"transient_peak_bytes":2242560,"wait":{"nanos":7650458,"secs":0}},{"allocated_bytes":4,"allocation_time":{"nanos":3417,"secs":0},"allocations":1,"arena_capacity":60293120,"arena_high_water":60293120,"command_buffers":1,"completion_waits":1,"dispatches":531,"encode":{"nanos":173923,"secs":0},"gpu":{"nanos":7597000,"secs":0},"reused_bytes":2242560,"transient_live_bytes":524288,"transient_peak_bytes":2242560,"wait":{"nanos":7854333,"secs":0}},{"allocated_bytes":4,"allocation_time":{"nanos":3500,"secs":0},"allocations":1,"arena_capacity":60293120,"arena_high_water":60293120,"command_buffers":1,"completion_waits":1,"dispatches":531,"encode":{"nanos":199980,"secs":0},"gpu":{"nanos":7149708,"secs":0},"reused_bytes":2242560,"transient_live_bytes":524288,"transient_peak_bytes":2242560,"wait":{"nanos":7405041,"secs":0}},{"allocated_bytes":4,"allocation_time":{"nanos":3334,"secs":0},"allocations":1,"arena_capacity":60293120,"arena_high_water":60293120,"command_buffers":1,"completion_waits":1,"dispatches":531,"encode":{"nanos":176908,"secs":0},"gpu":{"nanos":7517250,"secs":0},"reused_bytes":2254848,"transient_live_bytes":524288,"transient_peak_bytes":2254848,"wait":{"nanos":7763833,"secs":0}},{"allocated_bytes":4,"allocation_time":{"nanos":3500,"secs":0},"allocations":1,"arena_capacity":60293120,"arena_high_water":60293120,"command_buffers":1,"completion_waits":1,"dispatches":531,"encode":{"nanos":175839,"secs":0},"gpu":{"nanos":7573625,"secs":0},"reused_bytes":2254848,"transient_live_bytes":524288,"transient_peak_bytes":2254848,"wait":{"nanos":7815542,"secs":0}},{"allocated_bytes":4,"allocation_time":{"nanos":3625,"secs":0},"allocations":1,"arena_capacity":60293120,"arena_high_water":60293120,"command_buffers":1,"completion_waits":1,"dispatches":531,"encode":{"nanos":180739,"secs":0},"gpu":{"nanos":7043333,"secs":0},"reused_bytes":2254848,"transient_live_bytes":524288,"transient_peak_bytes":2254848,"wait":{"nanos":7299167,"secs":0}},{"allocated_bytes":4,"allocation_time":{"nanos":2875,"secs":0},"allocations":1,"arena_capacity":60293120,"arena_high_water":60293120,"command_buffers":1,"completion_waits":1,"dispatches":531,"encode":{"nanos":174268,"secs":0},"gpu":{"nanos":7739500,"secs":0},"reused_bytes":2254848,"transient_live_bytes":524288,"transient_peak_bytes":2254848,"wait":{"nanos":7980167,"secs":0}},{"allocated_bytes":4,"allocation_time":{"nanos":3417,"secs":0},"allocations":1,"arena_capacity":60293120,"arena_high_water":60293120,"command_buffers":1,"completion_waits":1,"dispatches":531,"encode":{"nanos":181002,"secs":0},"gpu":{"nanos":7596875,"secs":0},"reused_bytes":2254848,"transient_live_bytes":524288,"transient_peak_bytes":2254848,"wait":{"nanos":7852000,"secs":0}},{"allocated_bytes":4,"allocation_time":{"nanos":3833,"secs":0},"allocations":1,"arena_capacity":60293120,"arena_high_water":60293120,"command_buffers":1,"completion_waits":1,"dispatches":531,"encode":{"nanos":186046,"secs":0},"gpu":{"nanos":7018292,"secs":0},"reused_bytes":2254848,"transient_live_bytes":524288,"transient_peak_bytes":2254848,"wait":{"nanos":7278541,"secs":0}},{"allocated_bytes":4,"allocation_time":{"nanos":4041,"secs":0},"allocations":1,"arena_capacity":60293120,"arena_high_water":60293120,"command_buffers":1,"completion_waits":1,"dispatches":531,"encode":{"nanos":175987,"secs":0},"gpu":{"nanos":7221125,"secs":0},"reused_bytes":2254848,"transient_live_bytes":524288,"transient_peak_bytes":2254848,"wait":{"nanos":7460791,"secs":0}},{"allocated_bytes":4,"allocation_time":{"nanos":3583,"secs":0},"allocations":1,"arena_capacity":60293120,"arena_high_water":60293120,"command_buffers":1,"completion_waits":1,"dispatches":531,"encode":{"nanos":174658,"secs":0},"gpu":{"nanos":7335417,"secs":0},"reused_bytes":2254848,"transient_live_bytes":524288,"transient_peak_bytes":2254848,"wait":{"nanos":7589291,"secs":0}}],"decode_median_ms":7.9590000000000005,"decode_ms":[7.851291999999999,7.952374999999999,7.9590000000000005,7.933583,8.084042,8.286416,7.864,8.202208,8.2445,7.723083000000001,8.408708,8.288708,7.719459,7.8917910000000004,8.018416],"decode_profiles":[{},{},{},{},{},{},{},{},{},{},{},{},{},{},{}],"decode_tps":125.64392511622063,"first_token_ms":19.682624999999998,"generated_ids":[198,220,442,220,442,220,442,220,442,220,442,220,442,220,442,220],"generated_tokens":16,"generation_ms":143.717375,"generation_tps":111.32961480823039,"gguf_mpp_min_rows":16,"kv_active_bytes":208896,"kv_reserved_bytes":3145728,"model_format":"GGUF","model_repository":"Qwen/Qwen2.5-0.5B-Instruct-GGUF","model_revision":"9217f5db79a29953eb74d5343926648285ec7e67","moe_expert_tensorops":true,"moe_expert_tensorops_min_routes_per_expert":8,"moe_expert_tensorops_tile_k64":true,"packed_quantized_bytes":485166080,"pair":4,"pair_order":"ferrum-control>ferrum-candidate>llama.cpp","parameter_count":630167424,"prefill_counters":{"allocated_bytes":3145736,"allocation_time":{"nanos":471747,"secs":0},"allocations":49,"arena_capacity":60293120,"arena_high_water":60293120,"command_buffers":1,"completion_waits":1,"dispatches":531,"encode":{"nanos":339886,"secs":0},"gpu":{"nanos":17841125,"secs":0},"reused_bytes":3942400,"transient_live_bytes":0,"transient_peak_bytes":3942400,"wait":{"nanos":18208042,"secs":0}},"prefill_ms":19.366,"prefill_profile":{},"prefill_tps":103.27377878756583,"prompt_ids":[151644,8948],"prompt_tokens":2,"q4_k_mpp_tile_k64":true,"q5_0_gemv_n4":false,"q5_1_mpp_tile_k64":true,"q8_0_mpp_tile_k64":true,"retained_weight_bytes":485309184,"runtime":"ferrum","sampling_ms":3.748085,"source_tensor_bytes":485452288,"tensor_count":291,"warmup":false,"process_rss_bytes":806305792,"ferrum_variant":"control","source_matrix_case_model":"qwen2.5-phase7a-small-batch-shape-probe-q4_k_m","engine_order":["ferrum-control","ferrum-candidate","llama.cpp"],"case_index":0,"engine_load_plus_first_warmup_ms":877.0456250058487}
{"case":"m02","decode_aggregate_tps":122.79962615536745,"decode_counters":[{"allocated_bytes":4,"allocation_time":{"nanos":5125,"secs":0},"allocations":1,"arena_capacity":60293120,"arena_high_water":60293120,"command_buffers":1,"completion_waits":1,"dispatches":531,"encode":{"nanos":191949,"secs":0},"gpu":{"nanos":7419625,"secs":0},"reused_bytes":2236416,"transient_live_bytes":524288,"transient_peak_bytes":2236416,"wait":{"nanos":7655167,"secs":0}},{"allocated_bytes":4,"allocation_time":{"nanos":3500,"secs":0},"allocations":1,"arena_capacity":60293120,"arena_high_water":60293120,"command_buffers":1,"completion_waits":1,"dispatches":531,"encode":{"nanos":181120,"secs":0},"gpu":{"nanos":7358167,"secs":0},"reused_bytes":2236416,"transient_live_bytes":524288,"transient_peak_bytes":2236416,"wait":{"nanos":7605333,"secs":0}},{"allocated_bytes":4,"allocation_time":{"nanos":3500,"secs":0},"allocations":1,"arena_capacity":60293120,"arena_high_water":60293120,"command_buffers":1,"completion_waits":1,"dispatches":531,"encode":{"nanos":187123,"secs":0},"gpu":{"nanos":7276000,"secs":0},"reused_bytes":2242560,"transient_live_bytes":524288,"transient_peak_bytes":2242560,"wait":{"nanos":7541667,"secs":0}},{"allocated_bytes":4,"allocation_time":{"nanos":3542,"secs":0},"allocations":1,"arena_capacity":60293120,"arena_high_water":60293120,"command_buffers":1,"completion_waits":1,"dispatches":531,"encode":{"nanos":173543,"secs":0},"gpu":{"nanos":7278125,"secs":0},"reused_bytes":2242560,"transient_live_bytes":524288,"transient_peak_bytes":2242560,"wait":{"nanos":7523875,"secs":0}},{"allocated_bytes":4,"allocation_time":{"nanos":3208,"secs":0},"allocations":1,"arena_capacity":60293120,"arena_high_water":60293120,"command_buffers":1,"completion_waits":1,"dispatches":531,"encode":{"nanos":185588,"secs":0},"gpu":{"nanos":7123500,"secs":0},"reused_bytes":2242560,"transient_live_bytes":524288,"transient_peak_bytes":2242560,"wait":{"nanos":7385292,"secs":0}},{"allocated_bytes":4,"allocation_time":{"nanos":2875,"secs":0},"allocations":1,"arena_capacity":60293120,"arena_high_water":60293120,"command_buffers":1,"completion_waits":1,"dispatches":531,"encode":{"nanos":184590,"secs":0},"gpu":{"nanos":7377583,"secs":0},"reused_bytes":2242560,"transient_live_bytes":524288,"transient_peak_bytes":2242560,"wait":{"nanos":7643375,"secs":0}},{"allocated_bytes":4,"allocation_time":{"nanos":4375,"secs":0},"allocations":1,"arena_capacity":60293120,"arena_high_water":60293120,"command_buffers":1,"completion_waits":1,"dispatches":531,"encode":{"nanos":176834,"secs":0},"gpu":{"nanos":7401083,"secs":0},"reused_bytes":2242560,"transient_live_bytes":524288,"transient_peak_bytes":2242560,"wait":{"nanos":7633083,"secs":0}},{"allocated_bytes":4,"allocation_time":{"nanos":3333,"secs":0},"allocations":1,"arena_capacity":60293120,"arena_high_water":60293120,"command_buffers":1,"completion_waits":1,"dispatches":531,"encode":{"nanos":176303,"secs":0},"gpu":{"nanos":7513083,"secs":0},"reused_bytes":2254848,"transient_live_bytes":524288,"transient_peak_bytes":2254848,"wait":{"nanos":7766959,"secs":0}},{"allocated_bytes":4,"allocation_time":{"nanos":3084,"secs":0},"allocations":1,"arena_capacity":60293120,"arena_high_water":60293120,"command_buffers":1,"completion_waits":1,"dispatches":531,"encode":{"nanos":188733,"secs":0},"gpu":{"nanos":7591125,"secs":0},"reused_bytes":2254848,"transient_live_bytes":524288,"transient_peak_bytes":2254848,"wait":{"nanos":7835584,"secs":0}},{"allocated_bytes":4,"allocation_time":{"nanos":5417,"secs":0},"allocations":1,"arena_capacity":60293120,"arena_high_water":60293120,"command_buffers":1,"completion_waits":1,"dispatches":531,"encode":{"nanos":183921,"secs":0},"gpu":{"nanos":7038500,"secs":0},"reused_bytes":2254848,"transient_live_bytes":524288,"transient_peak_bytes":2254848,"wait":{"nanos":7248708,"secs":0}},{"allocated_bytes":4,"allocation_time":{"nanos":3291,"secs":0},"allocations":1,"arena_capacity":60293120,"arena_high_water":60293120,"command_buffers":1,"completion_waits":1,"dispatches":531,"encode":{"nanos":177324,"secs":0},"gpu":{"nanos":7514417,"secs":0},"reused_bytes":2254848,"transient_live_bytes":524288,"transient_peak_bytes":2254848,"wait":{"nanos":7746958,"secs":0}},{"allocated_bytes":4,"allocation_time":{"nanos":4250,"secs":0},"allocations":1,"arena_capacity":60293120,"arena_high_water":60293120,"command_buffers":1,"completion_waits":1,"dispatches":531,"encode":{"nanos":182796,"secs":0},"gpu":{"nanos":8509708,"secs":0},"reused_bytes":2254848,"transient_live_bytes":524288,"transient_peak_bytes":2254848,"wait":{"nanos":8677542,"secs":0}},{"allocated_bytes":4,"allocation_time":{"nanos":3834,"secs":0},"allocations":1,"arena_capacity":60293120,"arena_high_water":60293120,"command_buffers":1,"completion_waits":1,"dispatches":531,"encode":{"nanos":193607,"secs":0},"gpu":{"nanos":8144625,"secs":0},"reused_bytes":2254848,"transient_live_bytes":524288,"transient_peak_bytes":2254848,"wait":{"nanos":8373708,"secs":0}},{"allocated_bytes":4,"allocation_time":{"nanos":4375,"secs":0},"allocations":1,"arena_capacity":60293120,"arena_high_water":60293120,"command_buffers":1,"completion_waits":1,"dispatches":531,"encode":{"nanos":194750,"secs":0},"gpu":{"nanos":6981250,"secs":0},"reused_bytes":2254848,"transient_live_bytes":524288,"transient_peak_bytes":2254848,"wait":{"nanos":7203292,"secs":0}},{"allocated_bytes":4,"allocation_time":{"nanos":3500,"secs":0},"allocations":1,"arena_capacity":60293120,"arena_high_water":60293120,"command_buffers":1,"completion_waits":1,"dispatches":531,"encode":{"nanos":181594,"secs":0},"gpu":{"nanos":7564000,"secs":0},"reused_bytes":2254848,"transient_live_bytes":524288,"transient_peak_bytes":2254848,"wait":{"nanos":7818084,"secs":0}}],"decode_median_ms":8.080708000000001,"decode_ms":[8.111540999999999,8.039833,7.956542000000001,7.952834000000001,7.830083999999999,8.080708000000001,8.030792,8.198291999999999,8.264333,7.695833,8.181167,9.115084000000001,8.825917,7.627166,8.240083],"decode_profiles":[{},{},{},{},{},{},{},{},{},{},{},{},{},{},{}],"decode_tps":123.751532662732,"first_token_ms":20.041125,"generated_ids":[198,220,442,220,442,220,442,220,442,220,442,220,442,220,442,220],"generated_tokens":16,"generation_ms":145.8585,"generation_tps":109.6953554300915,"gguf_mpp_min_rows":8,"kv_active_bytes":208896,"kv_reserved_bytes":3145728,"model_format":"GGUF","model_repository":"Qwen/Qwen2.5-0.5B-Instruct-GGUF","model_revision":"9217f5db79a29953eb74d5343926648285ec7e67","moe_expert_tensorops":true,"moe_expert_tensorops_min_routes_per_expert":8,"moe_expert_tensorops_tile_k64":true,"packed_quantized_bytes":485166080,"pair":4,"pair_order":"ferrum-control>ferrum-candidate>llama.cpp","parameter_count":630167424,"prefill_counters":{"allocated_bytes":3145736,"allocation_time":{"nanos":461081,"secs":0},"allocations":49,"arena_capacity":60293120,"arena_high_water":60293120,"command_buffers":1,"completion_waits":1,"dispatches":531,"encode":{"nanos":252745,"secs":0},"gpu":{"nanos":18085375,"secs":0},"reused_bytes":3942400,"transient_live_bytes":0,"transient_peak_bytes":3942400,"wait":{"nanos":18807334,"secs":0}},"prefill_ms":19.741958,"prefill_profile":{},"prefill_tps":101.30707399944828,"prompt_ids":[151644,8948],"prompt_tokens":2,"q4_k_mpp_tile_k64":true,"q5_0_gemv_n4":false,"q5_1_mpp_tile_k64":true,"q8_0_mpp_tile_k64":true,"retained_weight_bytes":485309184,"runtime":"ferrum","sampling_ms":3.7805820000000003,"source_tensor_bytes":485452288,"tensor_count":291,"warmup":false,"process_rss_bytes":806305792,"ferrum_variant":"candidate","source_matrix_case_model":"qwen2.5-phase7a-small-batch-shape-probe-q4_k_m","engine_order":["ferrum-control","ferrum-candidate","llama.cpp"],"case_index":0,"engine_load_plus_first_warmup_ms":877.0456250058487}
{"case":"m02","command_buffer_count":null,"decode_aggregate_tps":233.0259943137618,"decode_median_ms":4.216083,"decode_ms":[4.754583,4.053709,4.09675,4.368292,4.126542,4.462042,4.056666,4.418417,4.216083,4.165083,4.416167,4.122042,4.494416,4.204375,4.415334],"decode_tps":237.18698137584101,"dispatch_count":null,"first_token_ms":5.620541,"generated_ids":[198,220,442,220,16,13,220,45181,74393,15946,45912,20074,198,220,442,220],"generated_tokens":16,"generation_ms":73.779,"generation_tps":216.86387725504548,"kv_context_capacity_tokens":4096,"kv_type":"bf16","llama_commit":"84e76d8a23162eca70490da131945ebec1f09bf4","llama_version":"0.5.0-dev","model_format":"GGUF","pair":4,"pair_order":"ferrum-control>ferrum-candidate>llama.cpp","prefill_ms":5.373583,"prefill_tps":372.1911432278984,"process_max_rss_bytes":662716416,"prompt_ids":[151644,8948],"prompt_tokens":2,"runtime":"llama.cpp","sampling_ms":4.033208999999999,"warmup":false,"process_rss_bytes":662683648,"source_matrix_case_model":"qwen2.5-phase7a-small-batch-shape-probe-q4_k_m","engine_order":["ferrum-control","ferrum-candidate","llama.cpp"],"case_index":0,"engine_load_plus_first_warmup_ms":978.256624948699}
{"case":"m04","decode_aggregate_tps":124.71048149943702,"decode_counters":[{"allocated_bytes":4,"allocation_time":{"nanos":4958,"secs":0},"allocations":1,"arena_capacity":60293120,"arena_high_water":60293120,"command_buffers":1,"completion_waits":1,"dispatches":531,"encode":{"nanos":195332,"secs":0},"gpu":{"nanos":7332375,"secs":0},"reused_bytes":2242560,"transient_live_bytes":524288,"transient_peak_bytes":2242560,"wait":{"nanos":7563667,"secs":0}},{"allocated_bytes":4,"allocation_time":{"nanos":3666,"secs":0},"allocations":1,"arena_capacity":60293120,"arena_high_water":60293120,"command_buffers":1,"completion_waits":1,"dispatches":531,"encode":{"nanos":184680,"secs":0},"gpu":{"nanos":7352375,"secs":0},"reused_bytes":2242560,"transient_live_bytes":524288,"transient_peak_bytes":2242560,"wait":{"nanos":7584459,"secs":0}},{"allocated_bytes":4,"allocation_time":{"nanos":4583,"secs":0},"allocations":1,"arena_capacity":60293120,"arena_high_water":60293120,"command_buffers":1,"completion_waits":1,"dispatches":531,"encode":{"nanos":185871,"secs":0},"gpu":{"nanos":7347333,"secs":0},"reused_bytes":2242560,"transient_live_bytes":524288,"transient_peak_bytes":2242560,"wait":{"nanos":7562959,"secs":0}},{"allocated_bytes":4,"allocation_time":{"nanos":4042,"secs":0},"allocations":1,"arena_capacity":60293120,"arena_high_water":60293120,"command_buffers":1,"completion_waits":1,"dispatches":531,"encode":{"nanos":187306,"secs":0},"gpu":{"nanos":7413833,"secs":0},"reused_bytes":2242560,"transient_live_bytes":524288,"transient_peak_bytes":2242560,"wait":{"nanos":7692500,"secs":0}},{"allocated_bytes":4,"allocation_time":{"nanos":3125,"secs":0},"allocations":1,"arena_capacity":60293120,"arena_high_water":60293120,"command_buffers":1,"completion_waits":1,"dispatches":531,"encode":{"nanos":188010,"secs":0},"gpu":{"nanos":7445958,"secs":0},"reused_bytes":2242560,"transient_live_bytes":524288,"transient_peak_bytes":2242560,"wait":{"nanos":7688250,"secs":0}},{"allocated_bytes":4,"allocation_time":{"nanos":3958,"secs":0},"allocations":1,"arena_capacity":60293120,"arena_high_water":60293120,"command_buffers":1,"completion_waits":1,"dispatches":531,"encode":{"nanos":192456,"secs":0},"gpu":{"nanos":7454917,"secs":0},"reused_bytes":2254848,"transient_live_bytes":524288,"transient_peak_bytes":2254848,"wait":{"nanos":7692375,"secs":0}},{"allocated_bytes":4,"allocation_time":{"nanos":2584,"secs":0},"allocations":1,"arena_capacity":60293120,"arena_high_water":60293120,"command_buffers":1,"completion_waits":1,"dispatches":531,"encode":{"nanos":176284,"secs":0},"gpu":{"nanos":7230875,"secs":0},"reused_bytes":2254848,"transient_live_bytes":524288,"transient_peak_bytes":2254848,"wait":{"nanos":7468083,"secs":0}},{"allocated_bytes":4,"allocation_time":{"nanos":3500,"secs":0},"allocations":1,"arena_capacity":60293120,"arena_high_water":60293120,"command_buffers":1,"completion_waits":1,"dispatches":531,"encode":{"nanos":177241,"secs":0},"gpu":{"nanos":7139375,"secs":0},"reused_bytes":2254848,"transient_live_bytes":524288,"transient_peak_bytes":2254848,"wait":{"nanos":7420666,"secs":0}},{"allocated_bytes":4,"allocation_time":{"nanos":2458,"secs":0},"allocations":1,"arena_capacity":60293120,"arena_high_water":60293120,"command_buffers":1,"completion_waits":1,"dispatches":531,"encode":{"nanos":187039,"secs":0},"gpu":{"nanos":7246958,"secs":0},"reused_bytes":2254848,"transient_live_bytes":524288,"transient_peak_bytes":2254848,"wait":{"nanos":7449958,"secs":0}},{"allocated_bytes":4,"allocation_time":{"nanos":3541,"secs":0},"allocations":1,"arena_capacity":60293120,"arena_high_water":60293120,"command_buffers":1,"completion_waits":1,"dispatches":531,"encode":{"nanos":178010,"secs":0},"gpu":{"nanos":7390250,"secs":0},"reused_bytes":2254848,"transient_live_bytes":524288,"transient_peak_bytes":2254848,"wait":{"nanos":7633875,"secs":0}},{"allocated_bytes":4,"allocation_time":{"nanos":2292,"secs":0},"allocations":1,"arena_capacity":60293120,"arena_high_water":60293120,"command_buffers":1,"completion_waits":1,"dispatches":531,"encode":{"nanos":176839,"secs":0},"gpu":{"nanos":7431500,"secs":0},"reused_bytes":2254848,"transient_live_bytes":524288,"transient_peak_bytes":2254848,"wait":{"nanos":7661750,"secs":0}},{"allocated_bytes":4,"allocation_time":{"nanos":2625,"secs":0},"allocations":1,"arena_capacity":60293120,"arena_high_water":60293120,"command_buffers":1,"completion_waits":1,"dispatches":531,"encode":{"nanos":177423,"secs":0},"gpu":{"nanos":7356125,"secs":0},"reused_bytes":2254848,"transient_live_bytes":524288,"transient_peak_bytes":2254848,"wait":{"nanos":7576000,"secs":0}},{"allocated_bytes":4,"allocation_time":{"nanos":2625,"secs":0},"allocations":1,"arena_capacity":60293120,"arena_high_water":60293120,"command_buffers":1,"completion_waits":1,"dispatches":531,"encode":{"nanos":181305,"secs":0},"gpu":{"nanos":7507000,"secs":0},"reused_bytes":2254848,"transient_live_bytes":524288,"transient_peak_bytes":2254848,"wait":{"nanos":7713125,"secs":0}},{"allocated_bytes":4,"allocation_time":{"nanos":3333,"secs":0},"allocations":1,"arena_capacity":60293120,"arena_high_water":60293120,"command_buffers":1,"completion_waits":1,"dispatches":531,"encode":{"nanos":188110,"secs":0},"gpu":{"nanos":7161417,"secs":0},"reused_bytes":2254848,"transient_live_bytes":524288,"transient_peak_bytes":2254848,"wait":{"nanos":7400250,"secs":0}},{"allocated_bytes":4,"allocation_time":{"nanos":2750,"secs":0},"allocations":1,"arena_capacity":60293120,"arena_high_water":60293120,"command_buffers":1,"completion_waits":1,"dispatches":531,"encode":{"nanos":185794,"secs":0},"gpu":{"nanos":7295625,"secs":0},"reused_bytes":2279424,"transient_live_bytes":524288,"transient_peak_bytes":2279424,"wait":{"nanos":7514542,"secs":0}}],"decode_median_ms":8.026874999999999,"decode_ms":[8.026874999999999,8.032791,8.012500000000001,8.147542000000001,8.107542,8.153541,7.917000000000001,7.854583,7.8887920000000005,8.068499999999998,8.114125,8.008917,8.144125,7.8435,7.95825],"decode_profiles":[{},{},{},{},{},{},{},{},{},{},{},{},{},{},{}],"decode_tps":124.58148407692909,"first_token_ms":27.894084,"generated_ids":[525,264,10950,17847,498,646,4226,4755,1075,25,5489,13151,311,1486,2766,3868],"generated_tokens":16,"generation_ms":151.86279199999998,"generation_tps":105.35826313531757,"gguf_mpp_min_rows":8,"kv_active_bytes":233472,"kv_reserved_bytes":3145728,"model_format":"GGUF","model_repository":"Qwen/Qwen2.5-0.5B-Instruct-GGUF","model_revision":"9217f5db79a29953eb74d5343926648285ec7e67","moe_expert_tensorops":true,"moe_expert_tensorops_min_routes_per_expert":8,"moe_expert_tensorops_tile_k64":true,"packed_quantized_bytes":485166080,"pair":0,"pair_order":"ferrum-candidate>llama.cpp>ferrum-control","parameter_count":630167424,"prefill_counters":{"allocated_bytes":3145744,"allocation_time":{"nanos":387709,"secs":0},"allocations":49,"arena_capacity":60293120,"arena_high_water":60293120,"command_buffers":1,"completion_waits":1,"dispatches":531,"encode":{"nanos":222074,"secs":0},"gpu":{"nanos":26344375,"secs":0},"reused_bytes":7372800,"transient_live_bytes":0,"transient_peak_bytes":7372800,"wait":{"nanos":26749875,"secs":0}},"prefill_ms":27.578875,"prefill_profile":{},"prefill_tps":145.03854852672563,"prompt_ids":[151644,8948,198,2610],"prompt_tokens":4,"q4_k_mpp_tile_k64":true,"q5_0_gemv_n4":false,"q5_1_mpp_tile_k64":true,"q8_0_mpp_tile_k64":true,"retained_weight_bytes":485309184,"runtime":"ferrum","sampling_ms":3.8297090000000003,"source_tensor_bytes":485452288,"tensor_count":291,"warmup":false,"process_rss_bytes":806305792,"ferrum_variant":"candidate","source_matrix_case_model":"qwen2.5-phase7a-small-batch-shape-probe-q4_k_m","engine_order":["ferrum-candidate","llama.cpp","ferrum-control"],"case_index":1,"engine_load_plus_first_warmup_ms":877.0456250058487}
{"case":"m04","command_buffer_count":null,"decode_aggregate_tps":232.83745423288792,"decode_median_ms":4.213541,"decode_ms":[4.942958,4.177375,4.398667,4.097666,4.107875,4.476792,4.128458,4.39825,4.213541,4.486208,4.074667,4.436417,4.105542,4.116542,4.261667],"decode_tps":237.33007463318856,"dispatch_count":null,"first_token_ms":6.105792,"generated_ids":[525,1588,25,5379,861,5398,861,5398,271,2,220,17,15,16,24,7948],"generated_tokens":16,"generation_ms":74.29475,"generation_tps":215.3584203459868,"kv_context_capacity_tokens":4096,"kv_type":"bf16","llama_commit":"84e76d8a23162eca70490da131945ebec1f09bf4","llama_version":"0.5.0-dev","model_format":"GGUF","pair":0,"pair_order":"ferrum-candidate>llama.cpp>ferrum-control","prefill_ms":5.867292,"prefill_tps":681.7455139440818,"process_max_rss_bytes":662716416,"prompt_ids":[151644,8948,198,2610],"prompt_tokens":4,"runtime":"llama.cpp","sampling_ms":4.002834999999999,"warmup":false,"process_rss_bytes":662683648,"source_matrix_case_model":"qwen2.5-phase7a-small-batch-shape-probe-q4_k_m","engine_order":["ferrum-candidate","llama.cpp","ferrum-control"],"case_index":1,"engine_load_plus_first_warmup_ms":978.256624948699}
{"case":"m04","decode_aggregate_tps":125.04259054836236,"decode_counters":[{"allocated_bytes":4,"allocation_time":{"nanos":5208,"secs":0},"allocations":1,"arena_capacity":60293120,"arena_high_water":60293120,"command_buffers":1,"completion_waits":1,"dispatches":531,"encode":{"nanos":196274,"secs":0},"gpu":{"nanos":7288708,"secs":0},"reused_bytes":2242560,"transient_live_bytes":524288,"transient_peak_bytes":2242560,"wait":{"nanos":7509333,"secs":0}},{"allocated_bytes":4,"allocation_time":{"nanos":3458,"secs":0},"allocations":1,"arena_capacity":60293120,"arena_high_water":60293120,"command_buffers":1,"completion_waits":1,"dispatches":531,"encode":{"nanos":181698,"secs":0},"gpu":{"nanos":7608375,"secs":0},"reused_bytes":2242560,"transient_live_bytes":524288,"transient_peak_bytes":2242560,"wait":{"nanos":7883375,"secs":0}},{"allocated_bytes":4,"allocation_time":{"nanos":2834,"secs":0},"allocations":1,"arena_capacity":60293120,"arena_high_water":60293120,"command_buffers":1,"completion_waits":1,"dispatches":531,"encode":{"nanos":179365,"secs":0},"gpu":{"nanos":7351000,"secs":0},"reused_bytes":2242560,"transient_live_bytes":524288,"transient_peak_bytes":2242560,"wait":{"nanos":7567791,"secs":0}},{"allocated_bytes":4,"allocation_time":{"nanos":3042,"secs":0},"allocations":1,"arena_capacity":60293120,"arena_high_water":60293120,"command_buffers":1,"completion_waits":1,"dispatches":531,"encode":{"nanos":197420,"secs":0},"gpu":{"nanos":7168750,"secs":0},"reused_bytes":2242560,"transient_live_bytes":524288,"transient_peak_bytes":2242560,"wait":{"nanos":7368000,"secs":0}},{"allocated_bytes":4,"allocation_time":{"nanos":3834,"secs":0},"allocations":1,"arena_capacity":60293120,"arena_high_water":60293120,"command_buffers":1,"completion_waits":1,"dispatches":531,"encode":{"nanos":182032,"secs":0},"gpu":{"nanos":7415125,"secs":0},"reused_bytes":2242560,"transient_live_bytes":524288,"transient_peak_bytes":2242560,"wait":{"nanos":7618167,"secs":0}},{"allocated_bytes":4,"allocation_time":{"nanos":3750,"secs":0},"allocations":1,"arena_capacity":60293120,"arena_high_water":60293120,"command_buffers":1,"completion_waits":1,"dispatches":531,"encode":{"nanos":178971,"secs":0},"gpu":{"nanos":7433875,"secs":0},"reused_bytes":2254848,"transient_live_bytes":524288,"transient_peak_bytes":2254848,"wait":{"nanos":7686625,"secs":0}},{"allocated_bytes":4,"allocation_time":{"nanos":4833,"secs":0},"allocations":1,"arena_capacity":60293120,"arena_high_water":60293120,"command_buffers":1,"completion_waits":1,"dispatches":531,"encode":{"nanos":186171,"secs":0},"gpu":{"nanos":7254792,"secs":0},"reused_bytes":2254848,"transient_live_bytes":524288,"transient_peak_bytes":2254848,"wait":{"nanos":7453791,"secs":0}},{"allocated_bytes":4,"allocation_time":{"nanos":3083,"secs":0},"allocations":1,"arena_capacity":60293120,"arena_high_water":60293120,"command_buffers":1,"completion_waits":1,"dispatches":531,"encode":{"nanos":177047,"secs":0},"gpu":{"nanos":7381042,"secs":0},"reused_bytes":2254848,"transient_live_bytes":524288,"transient_peak_bytes":2254848,"wait":{"nanos":7629250,"secs":0}},{"allocated_bytes":4,"allocation_time":{"nanos":4792,"secs":0},"allocations":1,"arena_capacity":60293120,"arena_high_water":60293120,"command_buffers":1,"completion_waits":1,"dispatches":531,"encode":{"nanos":200750,"secs":0},"gpu":{"nanos":7229167,"secs":0},"reused_bytes":2254848,"transient_live_bytes":524288,"transient_peak_bytes":2254848,"wait":{"nanos":7478666,"secs":0}},{"allocated_bytes":4,"allocation_time":{"nanos":4916,"secs":0},"allocations":1,"arena_capacity":60293120,"arena_high_water":60293120,"command_buffers":1,"completion_waits":1,"dispatches":531,"encode":{"nanos":182370,"secs":0},"gpu":{"nanos":7306750,"secs":0},"reused_bytes":2254848,"transient_live_bytes":524288,"transient_peak_bytes":2254848,"wait":{"nanos":7550708,"secs":0}},{"allocated_bytes":4,"allocation_time":{"nanos":3959,"secs":0},"allocations":1,"arena_capacity":60293120,"arena_high_water":60293120,"command_buffers":1,"completion_waits":1,"dispatches":531,"encode":{"nanos":178458,"secs":0},"gpu":{"nanos":7391292,"secs":0},"reused_bytes":2254848,"transient_live_bytes":524288,"transient_peak_bytes":2254848,"wait":{"nanos":7666375,"secs":0}},{"allocated_bytes":4,"allocation_time":{"nanos":4041,"secs":0},"allocations":1,"arena_capacity":60293120,"arena_high_water":60293120,"command_buffers":1,"completion_waits":1,"dispatches":531,"encode":{"nanos":179373,"secs":0},"gpu":{"nanos":7296250,"secs":0},"reused_bytes":2254848,"transient_live_bytes":524288,"transient_peak_bytes":2254848,"wait":{"nanos":7535792,"secs":0}},{"allocated_bytes":4,"allocation_time":{"nanos":3417,"secs":0},"allocations":1,"arena_capacity":60293120,"arena_high_water":60293120,"command_buffers":1,"completion_waits":1,"dispatches":531,"encode":{"nanos":185844,"secs":0},"gpu":{"nanos":7453375,"secs":0},"reused_bytes":2254848,"transient_live_bytes":524288,"transient_peak_bytes":2254848,"wait":{"nanos":7722416,"secs":0}},{"allocated_bytes":4,"allocation_time":{"nanos":3500,"secs":0},"allocations":1,"arena_capacity":60293120,"arena_high_water":60293120,"command_buffers":1,"completion_waits":1,"dispatches":531,"encode":{"nanos":176746,"secs":0},"gpu":{"nanos":7147542,"secs":0},"reused_bytes":2254848,"transient_live_bytes":524288,"transient_peak_bytes":2254848,"wait":{"nanos":7388958,"secs":0}},{"allocated_bytes":4,"allocation_time":{"nanos":3417,"secs":0},"allocations":1,"arena_capacity":60293120,"arena_high_water":60293120,"command_buffers":1,"completion_waits":1,"dispatches":531,"encode":{"nanos":179496,"secs":0},"gpu":{"nanos":7120875,"secs":0},"reused_bytes":2279424,"transient_live_bytes":524288,"transient_peak_bytes":2279424,"wait":{"nanos":7325000,"secs":0}}],"decode_median_ms":7.990875,"decode_ms":[7.9490419999999995,8.328000000000001,7.9963750000000005,7.831542000000001,8.05325,8.129791,7.865749999999999,8.064542,7.94775,7.990875,8.104875,7.935042,8.174042,7.819459000000001,7.768792],"decode_profiles":[{},{},{},{},{},{},{},{},{},{},{},{},{},{},{}],"decode_tps":125.14274093888342,"first_token_ms":27.404708,"generated_ids":[525,264,10950,17847,498,646,4226,4755,1075,25,5489,13151,311,1486,2766,3868],"generated_tokens":16,"generation_ms":151.019542,"generation_tps":105.9465535923821,"gguf_mpp_min_rows":16,"kv_active_bytes":233472,"kv_reserved_bytes":3145728,"model_format":"GGUF","model_repository":"Qwen/Qwen2.5-0.5B-Instruct-GGUF","model_revision":"9217f5db79a29953eb74d5343926648285ec7e67","moe_expert_tensorops":true,"moe_expert_tensorops_min_routes_per_expert":8,"moe_expert_tensorops_tile_k64":true,"packed_quantized_bytes":485166080,"pair":0,"pair_order":"ferrum-candidate>llama.cpp>ferrum-control","parameter_count":630167424,"prefill_counters":{"allocated_bytes":3145744,"allocation_time":{"nanos":352459,"secs":0},"allocations":49,"arena_capacity":60293120,"arena_high_water":60293120,"command_buffers":1,"completion_waits":1,"dispatches":531,"encode":{"nanos":227779,"secs":0},"gpu":{"nanos":26054125,"secs":0},"reused_bytes":7372800,"transient_live_bytes":0,"transient_peak_bytes":7372800,"wait":{"nanos":26316959,"secs":0}},"prefill_ms":27.102125,"prefill_profile":{},"prefill_tps":147.58990300576062,"prompt_ids":[151644,8948,198,2610],"prompt_tokens":4,"q4_k_mpp_tile_k64":true,"q5_0_gemv_n4":false,"q5_1_mpp_tile_k64":true,"q8_0_mpp_tile_k64":true,"retained_weight_bytes":485309184,"runtime":"ferrum","sampling_ms":3.774627,"source_tensor_bytes":485452288,"tensor_count":291,"warmup":false,"process_rss_bytes":806305792,"ferrum_variant":"control","source_matrix_case_model":"qwen2.5-phase7a-small-batch-shape-probe-q4_k_m","engine_order":["ferrum-candidate","llama.cpp","ferrum-control"],"case_index":1,"engine_load_plus_first_warmup_ms":877.0456250058487}
{"case":"m04","decode_aggregate_tps":124.29029413447255,"decode_counters":[{"allocated_bytes":4,"allocation_time":{"nanos":4000,"secs":0},"allocations":1,"arena_capacity":60293120,"arena_high_water":60293120,"command_buffers":1,"completion_waits":1,"dispatches":531,"encode":{"nanos":189669,"secs":0},"gpu":{"nanos":7285500,"secs":0},"reused_bytes":2242560,"transient_live_bytes":524288,"transient_peak_bytes":2242560,"wait":{"nanos":7524291,"secs":0}},{"allocated_bytes":4,"allocation_time":{"nanos":3042,"secs":0},"allocations":1,"arena_capacity":60293120,"arena_high_water":60293120,"command_buffers":1,"completion_waits":1,"dispatches":531,"encode":{"nanos":178657,"secs":0},"gpu":{"nanos":7616333,"secs":0},"reused_bytes":2242560,"transient_live_bytes":524288,"transient_peak_bytes":2242560,"wait":{"nanos":7917083,"secs":0}},{"allocated_bytes":4,"allocation_time":{"nanos":3334,"secs":0},"allocations":1,"arena_capacity":60293120,"arena_high_water":60293120,"command_buffers":1,"completion_waits":1,"dispatches":531,"encode":{"nanos":180076,"secs":0},"gpu":{"nanos":7599375,"secs":0},"reused_bytes":2242560,"transient_live_bytes":524288,"transient_peak_bytes":2242560,"wait":{"nanos":7839792,"secs":0}},{"allocated_bytes":4,"allocation_time":{"nanos":4250,"secs":0},"allocations":1,"arena_capacity":60293120,"arena_high_water":60293120,"command_buffers":1,"completion_waits":1,"dispatches":531,"encode":{"nanos":184667,"secs":0},"gpu":{"nanos":7402625,"secs":0},"reused_bytes":2242560,"transient_live_bytes":524288,"transient_peak_bytes":2242560,"wait":{"nanos":7636459,"secs":0}},{"allocated_bytes":4,"allocation_time":{"nanos":3458,"secs":0},"allocations":1,"arena_capacity":60293120,"arena_high_water":60293120,"command_buffers":1,"completion_waits":1,"dispatches":531,"encode":{"nanos":183335,"secs":0},"gpu":{"nanos":7134250,"secs":0},"reused_bytes":2242560,"transient_live_bytes":524288,"transient_peak_bytes":2242560,"wait":{"nanos":7363958,"secs":0}},{"allocated_bytes":4,"allocation_time":{"nanos":3583,"secs":0},"allocations":1,"arena_capacity":60293120,"arena_high_water":60293120,"command_buffers":1,"completion_waits":1,"dispatches":531,"encode":{"nanos":178836,"secs":0},"gpu":{"nanos":7425292,"secs":0},"reused_bytes":2254848,"transient_live_bytes":524288,"transient_peak_bytes":2254848,"wait":{"nanos":7686542,"secs":0}},{"allocated_bytes":4,"allocation_time":{"nanos":3416,"secs":0},"allocations":1,"arena_capacity":60293120,"arena_high_water":60293120,"command_buffers":1,"completion_waits":1,"dispatches":531,"encode":{"nanos":176457,"secs":0},"gpu":{"nanos":7181500,"secs":0},"reused_bytes":2254848,"transient_live_bytes":524288,"transient_peak_bytes":2254848,"wait":{"nanos":7448459,"secs":0}},{"allocated_bytes":4,"allocation_time":{"nanos":2500,"secs":0},"allocations":1,"arena_capacity":60293120,"arena_high_water":60293120,"command_buffers":1,"completion_waits":1,"dispatches":531,"encode":{"nanos":177579,"secs":0},"gpu":{"nanos":7388667,"secs":0},"reused_bytes":2254848,"transient_live_bytes":524288,"transient_peak_bytes":2254848,"wait":{"nanos":7619959,"secs":0}},{"allocated_bytes":4,"allocation_time":{"nanos":2834,"secs":0},"allocations":1,"arena_capacity":60293120,"arena_high_water":60293120,"command_buffers":1,"completion_waits":1,"dispatches":531,"encode":{"nanos":175823,"secs":0},"gpu":{"nanos":7513375,"secs":0},"reused_bytes":2254848,"transient_live_bytes":524288,"transient_peak_bytes":2254848,"wait":{"nanos":7755167,"secs":0}},{"allocated_bytes":4,"allocation_time":{"nanos":2916,"secs":0},"allocations":1,"arena_capacity":60293120,"arena_high_water":60293120,"command_buffers":1,"completion_waits":1,"dispatches":531,"encode":{"nanos":174130,"secs":0},"gpu":{"nanos":7359250,"secs":0},"reused_bytes":2254848,"transient_live_bytes":524288,"transient_peak_bytes":2254848,"wait":{"nanos":7610583,"secs":0}},{"allocated_bytes":4,"allocation_time":{"nanos":3583,"secs":0},"allocations":1,"arena_capacity":60293120,"arena_high_water":60293120,"command_buffers":1,"completion_waits":1,"dispatches":531,"encode":{"nanos":182884,"secs":0},"gpu":{"nanos":7124792,"secs":0},"reused_bytes":2254848,"transient_live_bytes":524288,"transient_peak_bytes":2254848,"wait":{"nanos":7379916,"secs":0}},{"allocated_bytes":4,"allocation_time":{"nanos":3292,"secs":0},"allocations":1,"arena_capacity":60293120,"arena_high_water":60293120,"command_buffers":1,"completion_waits":1,"dispatches":531,"encode":{"nanos":182500,"secs":0},"gpu":{"nanos":7299417,"secs":0},"reused_bytes":2254848,"transient_live_bytes":524288,"transient_peak_bytes":2254848,"wait":{"nanos":7556750,"secs":0}},{"allocated_bytes":4,"allocation_time":{"nanos":3917,"secs":0},"allocations":1,"arena_capacity":60293120,"arena_high_water":60293120,"command_buffers":1,"completion_waits":1,"dispatches":531,"encode":{"nanos":207350,"secs":0},"gpu":{"nanos":7462125,"secs":0},"reused_bytes":2254848,"transient_live_bytes":524288,"transient_peak_bytes":2254848,"wait":{"nanos":7692709,"secs":0}},{"allocated_bytes":4,"allocation_time":{"nanos":3000,"secs":0},"allocations":1,"arena_capacity":60293120,"arena_high_water":60293120,"command_buffers":1,"completion_waits":1,"dispatches":531,"encode":{"nanos":176215,"secs":0},"gpu":{"nanos":7424500,"secs":0},"reused_bytes":2254848,"transient_live_bytes":524288,"transient_peak_bytes":2254848,"wait":{"nanos":7656750,"secs":0}},{"allocated_bytes":4,"allocation_time":{"nanos":3083,"secs":0},"allocations":1,"arena_capacity":60293120,"arena_high_water":60293120,"command_buffers":1,"completion_waits":1,"dispatches":531,"encode":{"nanos":183961,"secs":0},"gpu":{"nanos":7303875,"secs":0},"reused_bytes":2279424,"transient_live_bytes":524288,"transient_peak_bytes":2279424,"wait":{"nanos":7528250,"secs":0}}],"decode_median_ms":8.038292,"decode_ms":[7.975083000000001,8.35375,8.2695,8.082875,7.770334,8.120041,7.878665999999999,8.025042,8.182541,8.038292,7.817625,7.99275,8.133375,8.077084,7.968249999999999],"decode_profiles":[{},{},{},{},{},{},{},{},{},{},{},{},{},{},{}],"decode_tps":124.40453768039279,"first_token_ms":26.998375000000003,"generated_ids":[525,264,10950,17847,498,646,4226,4755,1075,25,5489,13151,311,1486,2766,3868],"generated_tokens":16,"generation_ms":151.32516700000002,"generation_tps":105.73257784675036,"gguf_mpp_min_rows":16,"kv_active_bytes":233472,"kv_reserved_bytes":3145728,"model_format":"GGUF","model_repository":"Qwen/Qwen2.5-0.5B-Instruct-GGUF","model_revision":"9217f5db79a29953eb74d5343926648285ec7e67","moe_expert_tensorops":true,"moe_expert_tensorops_min_routes_per_expert":8,"moe_expert_tensorops_tile_k64":true,"packed_quantized_bytes":485166080,"pair":1,"pair_order":"ferrum-control>llama.cpp>ferrum-candidate","parameter_count":630167424,"prefill_counters":{"allocated_bytes":3145744,"allocation_time":{"nanos":359164,"secs":0},"allocations":49,"arena_capacity":60293120,"arena_high_water":60293120,"command_buffers":1,"completion_waits":1,"dispatches":531,"encode":{"nanos":215124,"secs":0},"gpu":{"nanos":25633750,"secs":0},"reused_bytes":7372800,"transient_live_bytes":0,"transient_peak_bytes":7372800,"wait":{"nanos":25914125,"secs":0}},"prefill_ms":26.6985,"prefill_profile":{},"prefill_tps":149.82115100099256,"prompt_ids":[151644,8948,198,2610],"prompt_tokens":4,"q4_k_mpp_tile_k64":true,"q5_0_gemv_n4":false,"q5_1_mpp_tile_k64":true,"q8_0_mpp_tile_k64":true,"retained_weight_bytes":485309184,"runtime":"ferrum","sampling_ms":3.7702500000000003,"source_tensor_bytes":485452288,"tensor_count":291,"warmup":false,"process_rss_bytes":806305792,"ferrum_variant":"control","source_matrix_case_model":"qwen2.5-phase7a-small-batch-shape-probe-q4_k_m","engine_order":["ferrum-control","llama.cpp","ferrum-candidate"],"case_index":1,"engine_load_plus_first_warmup_ms":877.0456250058487}
{"case":"m04","command_buffer_count":null,"decode_aggregate_tps":237.64024002107834,"decode_median_ms":4.117041,"decode_ms":[4.546,4.412083,4.082291,4.116291,4.140333,4.117041,4.436208,4.016375,4.333,4.038667,4.318208,4.012709,4.044541,4.408792,4.098084],"decode_tps":242.8928932211265,"dispatch_count":null,"first_token_ms":6.380083,"generated_ids":[525,1588,25,5379,861,5398,861,5398,271,2,220,17,15,16,24,7948],"generated_tokens":16,"generation_ms":73.212041,"generation_tps":218.5432857963897,"kv_context_capacity_tokens":4096,"kv_type":"bf16","llama_commit":"84e76d8a23162eca70490da131945ebec1f09bf4","llama_version":"0.5.0-dev","model_format":"GGUF","pair":1,"pair_order":"ferrum-control>llama.cpp>ferrum-candidate","prefill_ms":6.103333,"prefill_tps":655.379609796811,"process_max_rss_bytes":662716416,"prompt_ids":[151644,8948,198,2610],"prompt_tokens":4,"runtime":"llama.cpp","sampling_ms":3.9863310000000003,"warmup":false,"process_rss_bytes":662683648,"source_matrix_case_model":"qwen2.5-phase7a-small-batch-shape-probe-q4_k_m","engine_order":["ferrum-control","llama.cpp","ferrum-candidate"],"case_index":1,"engine_load_plus_first_warmup_ms":978.256624948699}
{"case":"m04","decode_aggregate_tps":124.64290638274053,"decode_counters":[{"allocated_bytes":4,"allocation_time":{"nanos":4333,"secs":0},"allocations":1,"arena_capacity":60293120,"arena_high_water":60293120,"command_buffers":1,"completion_waits":1,"dispatches":531,"encode":{"nanos":191516,"secs":0},"gpu":{"nanos":7273500,"secs":0},"reused_bytes":2242560,"transient_live_bytes":524288,"transient_peak_bytes":2242560,"wait":{"nanos":7499500,"secs":0}},{"allocated_bytes":4,"allocation_time":{"nanos":3083,"secs":0},"allocations":1,"arena_capacity":60293120,"arena_high_water":60293120,"command_buffers":1,"completion_waits":1,"dispatches":531,"encode":{"nanos":186195,"secs":0},"gpu":{"nanos":7619583,"secs":0},"reused_bytes":2242560,"transient_live_bytes":524288,"transient_peak_bytes":2242560,"wait":{"nanos":7938833,"secs":0}},{"allocated_bytes":4,"allocation_time":{"nanos":3500,"secs":0},"allocations":1,"arena_capacity":60293120,"arena_high_water":60293120,"command_buffers":1,"completion_waits":1,"dispatches":531,"encode":{"nanos":179634,"secs":0},"gpu":{"nanos":7607625,"secs":0},"reused_bytes":2242560,"transient_live_bytes":524288,"transient_peak_bytes":2242560,"wait":{"nanos":7865709,"secs":0}},{"allocated_bytes":4,"allocation_time":{"nanos":4084,"secs":0},"allocations":1,"arena_capacity":60293120,"arena_high_water":60293120,"command_buffers":1,"completion_waits":1,"dispatches":531,"encode":{"nanos":193922,"secs":0},"gpu":{"nanos":7465833,"secs":0},"reused_bytes":2242560,"transient_live_bytes":524288,"transient_peak_bytes":2242560,"wait":{"nanos":7670416,"secs":0}},{"allocated_bytes":4,"allocation_time":{"nanos":3375,"secs":0},"allocations":1,"arena_capacity":60293120,"arena_high_water":60293120,"command_buffers":1,"completion_waits":1,"dispatches":531,"encode":{"nanos":176617,"secs":0},"gpu":{"nanos":7125167,"secs":0},"reused_bytes":2242560,"transient_live_bytes":524288,"transient_peak_bytes":2242560,"wait":{"nanos":7385709,"secs":0}},{"allocated_bytes":4,"allocation_time":{"nanos":4500,"secs":0},"allocations":1,"arena_capacity":60293120,"arena_high_water":60293120,"command_buffers":1,"completion_waits":1,"dispatches":531,"encode":{"nanos":184030,"secs":0},"gpu":{"nanos":7144375,"secs":0},"reused_bytes":2254848,"transient_live_bytes":524288,"transient_peak_bytes":2254848,"wait":{"nanos":7393375,"secs":0}},{"allocated_bytes":4,"allocation_time":{"nanos":4125,"secs":0},"allocations":1,"arena_capacity":60293120,"arena_high_water":60293120,"command_buffers":1,"completion_waits":1,"dispatches":531,"encode":{"nanos":180995,"secs":0},"gpu":{"nanos":7209125,"secs":0},"reused_bytes":2254848,"transient_live_bytes":524288,"transient_peak_bytes":2254848,"wait":{"nanos":7466042,"secs":0}},{"allocated_bytes":4,"allocation_time":{"nanos":3417,"secs":0},"allocations":1,"arena_capacity":60293120,"arena_high_water":60293120,"command_buffers":1,"completion_waits":1,"dispatches":531,"encode":{"nanos":177957,"secs":0},"gpu":{"nanos":7382417,"secs":0},"reused_bytes":2254848,"transient_live_bytes":524288,"transient_peak_bytes":2254848,"wait":{"nanos":7612708,"secs":0}},{"allocated_bytes":4,"allocation_time":{"nanos":2000,"secs":0},"allocations":1,"arena_capacity":60293120,"arena_high_water":60293120,"command_buffers":1,"completion_waits":1,"dispatches":531,"encode":{"nanos":185658,"secs":0},"gpu":{"nanos":7469042,"secs":0},"reused_bytes":2254848,"transient_live_bytes":524288,"transient_peak_bytes":2254848,"wait":{"nanos":7722875,"secs":0}},{"allocated_bytes":4,"allocation_time":{"nanos":3125,"secs":0},"allocations":1,"arena_capacity":60293120,"arena_high_water":60293120,"command_buffers":1,"completion_waits":1,"dispatches":531,"encode":{"nanos":176496,"secs":0},"gpu":{"nanos":7334125,"secs":0},"reused_bytes":2254848,"transient_live_bytes":524288,"transient_peak_bytes":2254848,"wait":{"nanos":7578875,"secs":0}},{"allocated_bytes":4,"allocation_time":{"nanos":3500,"secs":0},"allocations":1,"arena_capacity":60293120,"arena_high_water":60293120,"command_buffers":1,"completion_waits":1,"dispatches":531,"encode":{"nanos":176738,"secs":0},"gpu":{"nanos":7116750,"secs":0},"reused_bytes":2254848,"transient_live_bytes":524288,"transient_peak_bytes":2254848,"wait":{"nanos":7353417,"secs":0}},{"allocated_bytes":4,"allocation_time":{"nanos":3166,"secs":0},"allocations":1,"arena_capacity":60293120,"arena_high_water":60293120,"command_buffers":1,"completion_waits":1,"dispatches":531,"encode":{"nanos":178113,"secs":0},"gpu":{"nanos":7307833,"secs":0},"reused_bytes":2254848,"transient_live_bytes":524288,"transient_peak_bytes":2254848,"wait":{"nanos":7575666,"secs":0}},{"allocated_bytes":4,"allocation_time":{"nanos":3292,"secs":0},"allocations":1,"arena_capacity":60293120,"arena_high_water":60293120,"command_buffers":1,"completion_waits":1,"dispatches":531,"encode":{"nanos":177452,"secs":0},"gpu":{"nanos":7457625,"secs":0},"reused_bytes":2254848,"transient_live_bytes":524288,"transient_peak_bytes":2254848,"wait":{"nanos":7677458,"secs":0}},{"allocated_bytes":4,"allocation_time":{"nanos":3375,"secs":0},"allocations":1,"arena_capacity":60293120,"arena_high_water":60293120,"command_buffers":1,"completion_waits":1,"dispatches":531,"encode":{"nanos":177672,"secs":0},"gpu":{"nanos":7425792,"secs":0},"reused_bytes":2254848,"transient_live_bytes":524288,"transient_peak_bytes":2254848,"wait":{"nanos":7686167,"secs":0}},{"allocated_bytes":4,"allocation_time":{"nanos":3000,"secs":0},"allocations":1,"arena_capacity":60293120,"arena_high_water":60293120,"command_buffers":1,"completion_waits":1,"dispatches":531,"encode":{"nanos":178502,"secs":0},"gpu":{"nanos":7321917,"secs":0},"reused_bytes":2279424,"transient_live_bytes":524288,"transient_peak_bytes":2279424,"wait":{"nanos":7554125,"secs":0}}],"decode_median_ms":7.998333999999999,"decode_ms":[7.946292000000001,8.355042,8.300708,8.094667,7.819542,7.8422909999999995,7.9005410000000005,8.014791,8.171625,7.997041,7.749583,7.998333999999999,8.073542,8.093584,7.986209],"decode_profiles":[{},{},{},{},{},{},{},{},{},{},{},{},{},{},{}],"decode_tps":125.02603667213698,"first_token_ms":27.037125,"generated_ids":[525,264,10950,17847,498,646,4226,4755,1075,25,5489,13151,311,1486,2766,3868],"generated_tokens":16,"generation_ms":151.048916,"generation_tps":105.92595050466964,"gguf_mpp_min_rows":8,"kv_active_bytes":233472,"kv_reserved_bytes":3145728,"model_format":"GGUF","model_repository":"Qwen/Qwen2.5-0.5B-Instruct-GGUF","model_revision":"9217f5db79a29953eb74d5343926648285ec7e67","moe_expert_tensorops":true,"moe_expert_tensorops_min_routes_per_expert":8,"moe_expert_tensorops_tile_k64":true,"packed_quantized_bytes":485166080,"pair":1,"pair_order":"ferrum-control>llama.cpp>ferrum-candidate","parameter_count":630167424,"prefill_counters":{"allocated_bytes":3145744,"allocation_time":{"nanos":429042,"secs":0},"allocations":49,"arena_capacity":60293120,"arena_high_water":60293120,"command_buffers":1,"completion_waits":1,"dispatches":531,"encode":{"nanos":213963,"secs":0},"gpu":{"nanos":25585500,"secs":0},"reused_bytes":7372800,"transient_live_bytes":0,"transient_peak_bytes":7372800,"wait":{"nanos":25879750,"secs":0}},"prefill_ms":26.73725,"prefill_profile":{},"prefill_tps":149.6040168678529,"prompt_ids":[151644,8948,198,2610],"prompt_tokens":4,"q4_k_mpp_tile_k64":true,"q5_0_gemv_n4":false,"q5_1_mpp_tile_k64":true,"q8_0_mpp_tile_k64":true,"retained_weight_bytes":485309184,"runtime":"ferrum","sampling_ms":3.798749,"source_tensor_bytes":485452288,"tensor_count":291,"warmup":false,"process_rss_bytes":806305792,"ferrum_variant":"candidate","source_matrix_case_model":"qwen2.5-phase7a-small-batch-shape-probe-q4_k_m","engine_order":["ferrum-control","llama.cpp","ferrum-candidate"],"case_index":1,"engine_load_plus_first_warmup_ms":877.0456250058487}
{"case":"m04","decode_aggregate_tps":125.27687023501072,"decode_counters":[{"allocated_bytes":4,"allocation_time":{"nanos":3375,"secs":0},"allocations":1,"arena_capacity":60293120,"arena_high_water":60293120,"command_buffers":1,"completion_waits":1,"dispatches":531,"encode":{"nanos":188374,"secs":0},"gpu":{"nanos":7003375,"secs":0},"reused_bytes":2242560,"transient_live_bytes":524288,"transient_peak_bytes":2242560,"wait":{"nanos":7249708,"secs":0}},{"allocated_bytes":4,"allocation_time":{"nanos":4500,"secs":0},"allocations":1,"arena_capacity":60293120,"arena_high_water":60293120,"command_buffers":1,"completion_waits":1,"dispatches":531,"encode":{"nanos":180790,"secs":0},"gpu":{"nanos":7333250,"secs":0},"reused_bytes":2242560,"transient_live_bytes":524288,"transient_peak_bytes":2242560,"wait":{"nanos":7591833,"secs":0}},{"allocated_bytes":4,"allocation_time":{"nanos":3625,"secs":0},"allocations":1,"arena_capacity":60293120,"arena_high_water":60293120,"command_buffers":1,"completion_waits":1,"dispatches":531,"encode":{"nanos":176664,"secs":0},"gpu":{"nanos":7554625,"secs":0},"reused_bytes":2242560,"transient_live_bytes":524288,"transient_peak_bytes":2242560,"wait":{"nanos":7804958,"secs":0}},{"allocated_bytes":4,"allocation_time":{"nanos":3916,"secs":0},"allocations":1,"arena_capacity":60293120,"arena_high_water":60293120,"command_buffers":1,"completion_waits":1,"dispatches":531,"encode":{"nanos":181080,"secs":0},"gpu":{"nanos":7406417,"secs":0},"reused_bytes":2242560,"transient_live_bytes":524288,"transient_peak_bytes":2242560,"wait":{"nanos":7668625,"secs":0}},{"allocated_bytes":4,"allocation_time":{"nanos":2500,"secs":0},"allocations":1,"arena_capacity":60293120,"arena_high_water":60293120,"command_buffers":1,"completion_waits":1,"dispatches":531,"encode":{"nanos":178375,"secs":0},"gpu":{"nanos":7401833,"secs":0},"reused_bytes":2242560,"transient_live_bytes":524288,"transient_peak_bytes":2242560,"wait":{"nanos":7641334,"secs":0}},{"allocated_bytes":4,"allocation_time":{"nanos":4042,"secs":0},"allocations":1,"arena_capacity":60293120,"arena_high_water":60293120,"command_buffers":1,"completion_waits":1,"dispatches":531,"encode":{"nanos":210458,"secs":0},"gpu":{"nanos":7424458,"secs":0},"reused_bytes":2254848,"transient_live_bytes":524288,"transient_peak_bytes":2254848,"wait":{"nanos":7635959,"secs":0}},{"allocated_bytes":4,"allocation_time":{"nanos":3333,"secs":0},"allocations":1,"arena_capacity":60293120,"arena_high_water":60293120,"command_buffers":1,"completion_waits":1,"dispatches":531,"encode":{"nanos":175179,"secs":0},"gpu":{"nanos":6934750,"secs":0},"reused_bytes":2254848,"transient_live_bytes":524288,"transient_peak_bytes":2254848,"wait":{"nanos":7256125,"secs":0}},{"allocated_bytes":4,"allocation_time":{"nanos":3000,"secs":0},"allocations":1,"arena_capacity":60293120,"arena_high_water":60293120,"command_buffers":1,"completion_waits":1,"dispatches":531,"encode":{"nanos":177955,"secs":0},"gpu":{"nanos":7102583,"secs":0},"reused_bytes":2254848,"transient_live_bytes":524288,"transient_peak_bytes":2254848,"wait":{"nanos":7309000,"secs":0}},{"allocated_bytes":4,"allocation_time":{"nanos":3208,"secs":0},"allocations":1,"arena_capacity":60293120,"arena_high_water":60293120,"command_buffers":1,"completion_waits":1,"dispatches":531,"encode":{"nanos":173306,"secs":0},"gpu":{"nanos":7484958,"secs":0},"reused_bytes":2254848,"transient_live_bytes":524288,"transient_peak_bytes":2254848,"wait":{"nanos":7732667,"secs":0}},{"allocated_bytes":4,"allocation_time":{"nanos":3250,"secs":0},"allocations":1,"arena_capacity":60293120,"arena_high_water":60293120,"command_buffers":1,"completion_waits":1,"dispatches":531,"encode":{"nanos":176336,"secs":0},"gpu":{"nanos":7350000,"secs":0},"reused_bytes":2254848,"transient_live_bytes":524288,"transient_peak_bytes":2254848,"wait":{"nanos":7580583,"secs":0}},{"allocated_bytes":4,"allocation_time":{"nanos":2917,"secs":0},"allocations":1,"arena_capacity":60293120,"arena_high_water":60293120,"command_buffers":1,"completion_waits":1,"dispatches":531,"encode":{"nanos":177570,"secs":0},"gpu":{"nanos":7402000,"secs":0},"reused_bytes":2254848,"transient_live_bytes":524288,"transient_peak_bytes":2254848,"wait":{"nanos":7643333,"secs":0}},{"allocated_bytes":4,"allocation_time":{"nanos":2500,"secs":0},"allocations":1,"arena_capacity":60293120,"arena_high_water":60293120,"command_buffers":1,"completion_waits":1,"dispatches":531,"encode":{"nanos":175993,"secs":0},"gpu":{"nanos":7313333,"secs":0},"reused_bytes":2254848,"transient_live_bytes":524288,"transient_peak_bytes":2254848,"wait":{"nanos":7545458,"secs":0}},{"allocated_bytes":4,"allocation_time":{"nanos":3167,"secs":0},"allocations":1,"arena_capacity":60293120,"arena_high_water":60293120,"command_buffers":1,"completion_waits":1,"dispatches":531,"encode":{"nanos":204929,"secs":0},"gpu":{"nanos":7199375,"secs":0},"reused_bytes":2254848,"transient_live_bytes":524288,"transient_peak_bytes":2254848,"wait":{"nanos":7440542,"secs":0}},{"allocated_bytes":4,"allocation_time":{"nanos":3667,"secs":0},"allocations":1,"arena_capacity":60293120,"arena_high_water":60293120,"command_buffers":1,"completion_waits":1,"dispatches":531,"encode":{"nanos":175223,"secs":0},"gpu":{"nanos":7381458,"secs":0},"reused_bytes":2254848,"transient_live_bytes":524288,"transient_peak_bytes":2254848,"wait":{"nanos":7638250,"secs":0}},{"allocated_bytes":4,"allocation_time":{"nanos":3375,"secs":0},"allocations":1,"arena_capacity":60293120,"arena_high_water":60293120,"command_buffers":1,"completion_waits":1,"dispatches":531,"encode":{"nanos":174151,"secs":0},"gpu":{"nanos":7286000,"secs":0},"reused_bytes":2279424,"transient_live_bytes":524288,"transient_peak_bytes":2279424,"wait":{"nanos":7503041,"secs":0}}],"decode_median_ms":8.039833,"decode_ms":[7.6995,8.039833,8.249542,8.097584,8.067834,8.07475,7.688417,7.747125,8.157541,7.987665999999999,8.074,7.9725,7.9178749999999996,8.064207999999999,7.896417],"decode_profiles":[{},{},{},{},{},{},{},{},{},{},{},{},{},{},{}],"decode_tps":124.38069298205572,"first_token_ms":27.121459,"generated_ids":[525,264,10950,17847,498,646,4226,4755,1075,25,5489,13151,311,1486,2766,3868],"generated_tokens":16,"generation_ms":150.50387500000002,"generation_tps":106.30955515264972,"gguf_mpp_min_rows":8,"kv_active_bytes":233472,"kv_reserved_bytes":3145728,"model_format":"GGUF","model_repository":"Qwen/Qwen2.5-0.5B-Instruct-GGUF","model_revision":"9217f5db79a29953eb74d5343926648285ec7e67","moe_expert_tensorops":true,"moe_expert_tensorops_min_routes_per_expert":8,"moe_expert_tensorops_tile_k64":true,"packed_quantized_bytes":485166080,"pair":2,"pair_order":"ferrum-candidate>llama.cpp>ferrum-control","parameter_count":630167424,"prefill_counters":{"allocated_bytes":3145744,"allocation_time":{"nanos":347999,"secs":0},"allocations":49,"arena_capacity":60293120,"arena_high_water":60293120,"command_buffers":1,"completion_waits":1,"dispatches":531,"encode":{"nanos":202942,"secs":0},"gpu":{"nanos":25771250,"secs":0},"reused_bytes":7372800,"transient_live_bytes":0,"transient_peak_bytes":7372800,"wait":{"nanos":26065625,"secs":0}},"prefill_ms":26.821959,"prefill_profile":{},"prefill_tps":149.13153808042134,"prompt_ids":[151644,8948,198,2610],"prompt_tokens":4,"q4_k_mpp_tile_k64":true,"q5_0_gemv_n4":false,"q5_1_mpp_tile_k64":true,"q8_0_mpp_tile_k64":true,"retained_weight_bytes":485309184,"runtime":"ferrum","sampling_ms":3.772376,"source_tensor_bytes":485452288,"tensor_count":291,"warmup":false,"process_rss_bytes":806305792,"ferrum_variant":"candidate","source_matrix_case_model":"qwen2.5-phase7a-small-batch-shape-probe-q4_k_m","engine_order":["ferrum-candidate","llama.cpp","ferrum-control"],"case_index":1,"engine_load_plus_first_warmup_ms":877.0456250058487}
{"case":"m04","command_buffer_count":null,"decode_aggregate_tps":233.72662044302044,"decode_median_ms":4.260791,"decode_ms":[4.559834,4.339208,4.082334,4.422292,4.11025,4.432041,4.088333,4.423958,4.051417,4.04475,4.260791,4.106292,4.602875,4.177125,4.476042],"decode_tps":234.69820509853685,"dispatch_count":null,"first_token_ms":6.606334,"generated_ids":[525,1588,25,5379,861,5398,861,5398,271,2,220,17,15,16,24,7948],"generated_tokens":16,"generation_ms":74.474792,"generation_tps":214.83779370609054,"kv_context_capacity_tokens":4096,"kv_type":"bf16","llama_commit":"84e76d8a23162eca70490da131945ebec1f09bf4","llama_version":"0.5.0-dev","model_format":"GGUF","pair":2,"pair_order":"ferrum-candidate>llama.cpp>ferrum-control","prefill_ms":6.345875,"prefill_tps":630.3307266531408,"process_max_rss_bytes":662716416,"prompt_ids":[151644,8948,198,2610],"prompt_tokens":4,"runtime":"llama.cpp","sampling_ms":3.949876,"warmup":false,"process_rss_bytes":662601728,"source_matrix_case_model":"qwen2.5-phase7a-small-batch-shape-probe-q4_k_m","engine_order":["ferrum-candidate","llama.cpp","ferrum-control"],"case_index":1,"engine_load_plus_first_warmup_ms":978.256624948699}
{"case":"m04","decode_aggregate_tps":123.08386525940344,"decode_counters":[{"allocated_bytes":4,"allocation_time":{"nanos":4959,"secs":0},"allocations":1,"arena_capacity":60293120,"arena_high_water":60293120,"command_buffers":1,"completion_waits":1,"dispatches":531,"encode":{"nanos":229343,"secs":0},"gpu":{"nanos":7450625,"secs":0},"reused_bytes":2242560,"transient_live_bytes":524288,"transient_peak_bytes":2242560,"wait":{"nanos":7685958,"secs":0}},{"allocated_bytes":4,"allocation_time":{"nanos":5250,"secs":0},"allocations":1,"arena_capacity":60293120,"arena_high_water":60293120,"command_buffers":1,"completion_waits":1,"dispatches":531,"encode":{"nanos":237348,"secs":0},"gpu":{"nanos":7544250,"secs":0},"reused_bytes":2242560,"transient_live_bytes":524288,"transient_peak_bytes":2242560,"wait":{"nanos":7807584,"secs":0}},{"allocated_bytes":4,"allocation_time":{"nanos":5500,"secs":0},"allocations":1,"arena_capacity":60293120,"arena_high_water":60293120,"command_buffers":1,"completion_waits":1,"dispatches":531,"encode":{"nanos":195725,"secs":0},"gpu":{"nanos":7602750,"secs":0},"reused_bytes":2242560,"transient_live_bytes":524288,"transient_peak_bytes":2242560,"wait":{"nanos":7862292,"secs":0}},{"allocated_bytes":4,"allocation_time":{"nanos":4209,"secs":0},"allocations":1,"arena_capacity":60293120,"arena_high_water":60293120,"command_buffers":1,"completion_waits":1,"dispatches":531,"encode":{"nanos":181597,"secs":0},"gpu":{"nanos":7675958,"secs":0},"reused_bytes":2242560,"transient_live_bytes":524288,"transient_peak_bytes":2242560,"wait":{"nanos":7955959,"secs":0}},{"allocated_bytes":4,"allocation_time":{"nanos":3791,"secs":0},"allocations":1,"arena_capacity":60293120,"arena_high_water":60293120,"command_buffers":1,"completion_waits":1,"dispatches":531,"encode":{"nanos":178211,"secs":0},"gpu":{"nanos":7539542,"secs":0},"reused_bytes":2242560,"transient_live_bytes":524288,"transient_peak_bytes":2242560,"wait":{"nanos":7791584,"secs":0}},{"allocated_bytes":4,"allocation_time":{"nanos":2958,"secs":0},"allocations":1,"arena_capacity":60293120,"arena_high_water":60293120,"command_buffers":1,"completion_waits":1,"dispatches":531,"encode":{"nanos":179725,"secs":0},"gpu":{"nanos":7427042,"secs":0},"reused_bytes":2254848,"transient_live_bytes":524288,"transient_peak_bytes":2254848,"wait":{"nanos":7668167,"secs":0}},{"allocated_bytes":4,"allocation_time":{"nanos":3459,"secs":0},"allocations":1,"arena_capacity":60293120,"arena_high_water":60293120,"command_buffers":1,"completion_waits":1,"dispatches":531,"encode":{"nanos":187337,"secs":0},"gpu":{"nanos":7264875,"secs":0},"reused_bytes":2254848,"transient_live_bytes":524288,"transient_peak_bytes":2254848,"wait":{"nanos":7496291,"secs":0}},{"allocated_bytes":4,"allocation_time":{"nanos":5042,"secs":0},"allocations":1,"arena_capacity":60293120,"arena_high_water":60293120,"command_buffers":1,"completion_waits":1,"dispatches":531,"encode":{"nanos":183344,"secs":0},"gpu":{"nanos":7513292,"secs":0},"reused_bytes":2254848,"transient_live_bytes":524288,"transient_peak_bytes":2254848,"wait":{"nanos":7741083,"secs":0}},{"allocated_bytes":4,"allocation_time":{"nanos":3459,"secs":0},"allocations":1,"arena_capacity":60293120,"arena_high_water":60293120,"command_buffers":1,"completion_waits":1,"dispatches":531,"encode":{"nanos":185165,"secs":0},"gpu":{"nanos":7611500,"secs":0},"reused_bytes":2254848,"transient_live_bytes":524288,"transient_peak_bytes":2254848,"wait":{"nanos":7822959,"secs":0}},{"allocated_bytes":4,"allocation_time":{"nanos":4000,"secs":0},"allocations":1,"arena_capacity":60293120,"arena_high_water":60293120,"command_buffers":1,"completion_waits":1,"dispatches":531,"encode":{"nanos":191929,"secs":0},"gpu":{"nanos":7181583,"secs":0},"reused_bytes":2254848,"transient_live_bytes":524288,"transient_peak_bytes":2254848,"wait":{"nanos":7359083,"secs":0}},{"allocated_bytes":4,"allocation_time":{"nanos":3500,"secs":0},"allocations":1,"arena_capacity":60293120,"arena_high_water":60293120,"command_buffers":1,"completion_waits":1,"dispatches":531,"encode":{"nanos":181492,"secs":0},"gpu":{"nanos":7508250,"secs":0},"reused_bytes":2254848,"transient_live_bytes":524288,"transient_peak_bytes":2254848,"wait":{"nanos":7678875,"secs":0}},{"allocated_bytes":4,"allocation_time":{"nanos":3166,"secs":0},"allocations":1,"arena_capacity":60293120,"arena_high_water":60293120,"command_buffers":1,"completion_waits":1,"dispatches":531,"encode":{"nanos":183336,"secs":0},"gpu":{"nanos":7326000,"secs":0},"reused_bytes":2254848,"transient_live_bytes":524288,"transient_peak_bytes":2254848,"wait":{"nanos":7504292,"secs":0}},{"allocated_bytes":4,"allocation_time":{"nanos":3750,"secs":0},"allocations":1,"arena_capacity":60293120,"arena_high_water":60293120,"command_buffers":1,"completion_waits":1,"dispatches":531,"encode":{"nanos":178558,"secs":0},"gpu":{"nanos":7466125,"secs":0},"reused_bytes":2254848,"transient_live_bytes":524288,"transient_peak_bytes":2254848,"wait":{"nanos":7680583,"secs":0}},{"allocated_bytes":4,"allocation_time":{"nanos":2541,"secs":0},"allocations":1,"arena_capacity":60293120,"arena_high_water":60293120,"command_buffers":1,"completion_waits":1,"dispatches":531,"encode":{"nanos":175658,"secs":0},"gpu":{"nanos":7514625,"secs":0},"reused_bytes":2254848,"transient_live_bytes":524288,"transient_peak_bytes":2254848,"wait":{"nanos":7744958,"secs":0}},{"allocated_bytes":4,"allocation_time":{"nanos":2500,"secs":0},"allocations":1,"arena_capacity":60293120,"arena_high_water":60293120,"command_buffers":1,"completion_waits":1,"dispatches":531,"encode":{"nanos":177606,"secs":0},"gpu":{"nanos":7166375,"secs":0},"reused_bytes":2279424,"transient_live_bytes":524288,"transient_peak_bytes":2279424,"wait":{"nanos":7371916,"secs":0}}],"decode_median_ms":8.176457999999998,"decode_ms":[8.207958,8.353292,8.330375,8.399125,8.23225,8.074667,7.9225,8.189416999999999,8.262042000000001,7.81075,8.111749999999999,7.917084,8.110583,8.176457999999998,7.769875],"decode_profiles":[{},{},{},{},{},{},{},{},{},{},{},{},{},{},{}],"decode_tps":122.30234656620264,"first_token_ms":27.746084,"generated_ids":[525,264,10950,17847,498,646,4226,4755,1075,25,5489,13151,311,1486,2766,3868],"generated_tokens":16,"generation_ms":153.29933400000002,"generation_tps":104.3709687610254,"gguf_mpp_min_rows":16,"kv_active_bytes":233472,"kv_reserved_bytes":3145728,"model_format":"GGUF","model_repository":"Qwen/Qwen2.5-0.5B-Instruct-GGUF","model_revision":"9217f5db79a29953eb74d5343926648285ec7e67","moe_expert_tensorops":true,"moe_expert_tensorops_min_routes_per_expert":8,"moe_expert_tensorops_tile_k64":true,"packed_quantized_bytes":485166080,"pair":2,"pair_order":"ferrum-candidate>llama.cpp>ferrum-control","parameter_count":630167424,"prefill_counters":{"allocated_bytes":3145744,"allocation_time":{"nanos":356586,"secs":0},"allocations":49,"arena_capacity":60293120,"arena_high_water":60293120,"command_buffers":1,"completion_waits":1,"dispatches":531,"encode":{"nanos":218153,"secs":0},"gpu":{"nanos":26355417,"secs":0},"reused_bytes":7372800,"transient_live_bytes":0,"transient_peak_bytes":7372800,"wait":{"nanos":26638917,"secs":0}},"prefill_ms":27.432875,"prefill_profile":{},"prefill_tps":145.8104555209762,"prompt_ids":[151644,8948,198,2610],"prompt_tokens":4,"q4_k_mpp_tile_k64":true,"q5_0_gemv_n4":false,"q5_1_mpp_tile_k64":true,"q8_0_mpp_tile_k64":true,"retained_weight_bytes":485309184,"runtime":"ferrum","sampling_ms":3.7850029999999997,"source_tensor_bytes":485452288,"tensor_count":291,"warmup":false,"process_rss_bytes":806305792,"ferrum_variant":"control","source_matrix_case_model":"qwen2.5-phase7a-small-batch-shape-probe-q4_k_m","engine_order":["ferrum-candidate","llama.cpp","ferrum-control"],"case_index":1,"engine_load_plus_first_warmup_ms":877.0456250058487}
{"case":"m04","decode_aggregate_tps":123.25613826045308,"decode_counters":[{"allocated_bytes":4,"allocation_time":{"nanos":4125,"secs":0},"allocations":1,"arena_capacity":60293120,"arena_high_water":60293120,"command_buffers":1,"completion_waits":1,"dispatches":531,"encode":{"nanos":217772,"secs":0},"gpu":{"nanos":7123792,"secs":0},"reused_bytes":2242560,"transient_live_bytes":524288,"transient_peak_bytes":2242560,"wait":{"nanos":7332166,"secs":0}},{"allocated_bytes":4,"allocation_time":{"nanos":4167,"secs":0},"allocations":1,"arena_capacity":60293120,"arena_high_water":60293120,"command_buffers":1,"completion_waits":1,"dispatches":531,"encode":{"nanos":189283,"secs":0},"gpu":{"nanos":7757125,"secs":0},"reused_bytes":2242560,"transient_live_bytes":524288,"transient_peak_bytes":2242560,"wait":{"nanos":7985959,"secs":0}},{"allocated_bytes":4,"allocation_time":{"nanos":8167,"secs":0},"allocations":1,"arena_capacity":60293120,"arena_high_water":60293120,"command_buffers":1,"completion_waits":1,"dispatches":531,"encode":{"nanos":195762,"secs":0},"gpu":{"nanos":7616083,"secs":0},"reused_bytes":2242560,"transient_live_bytes":524288,"transient_peak_bytes":2242560,"wait":{"nanos":7844000,"secs":0}},{"allocated_bytes":4,"allocation_time":{"nanos":4042,"secs":0},"allocations":1,"arena_capacity":60293120,"arena_high_water":60293120,"command_buffers":1,"completion_waits":1,"dispatches":531,"encode":{"nanos":181172,"secs":0},"gpu":{"nanos":7410208,"secs":0},"reused_bytes":2242560,"transient_live_bytes":524288,"transient_peak_bytes":2242560,"wait":{"nanos":7650250,"secs":0}},{"allocated_bytes":4,"allocation_time":{"nanos":3417,"secs":0},"allocations":1,"arena_capacity":60293120,"arena_high_water":60293120,"command_buffers":1,"completion_waits":1,"dispatches":531,"encode":{"nanos":182372,"secs":0},"gpu":{"nanos":7528500,"secs":0},"reused_bytes":2242560,"transient_live_bytes":524288,"transient_peak_bytes":2242560,"wait":{"nanos":7771584,"secs":0}},{"allocated_bytes":4,"allocation_time":{"nanos":3208,"secs":0},"allocations":1,"arena_capacity":60293120,"arena_high_water":60293120,"command_buffers":1,"completion_waits":1,"dispatches":531,"encode":{"nanos":187575,"secs":0},"gpu":{"nanos":7246292,"secs":0},"reused_bytes":2254848,"transient_live_bytes":524288,"transient_peak_bytes":2254848,"wait":{"nanos":7472042,"secs":0}},{"allocated_bytes":4,"allocation_time":{"nanos":3250,"secs":0},"allocations":1,"arena_capacity":60293120,"arena_high_water":60293120,"command_buffers":1,"completion_waits":1,"dispatches":531,"encode":{"nanos":183344,"secs":0},"gpu":{"nanos":7298083,"secs":0},"reused_bytes":2254848,"transient_live_bytes":524288,"transient_peak_bytes":2254848,"wait":{"nanos":7546208,"secs":0}},{"allocated_bytes":4,"allocation_time":{"nanos":4709,"secs":0},"allocations":1,"arena_capacity":60293120,"arena_high_water":60293120,"command_buffers":1,"completion_waits":1,"dispatches":531,"encode":{"nanos":180234,"secs":0},"gpu":{"nanos":7508458,"secs":0},"reused_bytes":2254848,"transient_live_bytes":524288,"transient_peak_bytes":2254848,"wait":{"nanos":7785583,"secs":0}},{"allocated_bytes":4,"allocation_time":{"nanos":3000,"secs":0},"allocations":1,"arena_capacity":60293120,"arena_high_water":60293120,"command_buffers":1,"completion_waits":1,"dispatches":531,"encode":{"nanos":184119,"secs":0},"gpu":{"nanos":7515625,"secs":0},"reused_bytes":2254848,"transient_live_bytes":524288,"transient_peak_bytes":2254848,"wait":{"nanos":7760792,"secs":0}},{"allocated_bytes":4,"allocation_time":{"nanos":4500,"secs":0},"allocations":1,"arena_capacity":60293120,"arena_high_water":60293120,"command_buffers":1,"completion_waits":1,"dispatches":531,"encode":{"nanos":185876,"secs":0},"gpu":{"nanos":7369625,"secs":0},"reused_bytes":2254848,"transient_live_bytes":524288,"transient_peak_bytes":2254848,"wait":{"nanos":7636458,"secs":0}},{"allocated_bytes":4,"allocation_time":{"nanos":3417,"secs":0},"allocations":1,"arena_capacity":60293120,"arena_high_water":60293120,"command_buffers":1,"completion_waits":1,"dispatches":531,"encode":{"nanos":179027,"secs":0},"gpu":{"nanos":7545000,"secs":0},"reused_bytes":2254848,"transient_live_bytes":524288,"transient_peak_bytes":2254848,"wait":{"nanos":7813875,"secs":0}},{"allocated_bytes":4,"allocation_time":{"nanos":2791,"secs":0},"allocations":1,"arena_capacity":60293120,"arena_high_water":60293120,"command_buffers":1,"completion_waits":1,"dispatches":531,"encode":{"nanos":180009,"secs":0},"gpu":{"nanos":7137125,"secs":0},"reused_bytes":2254848,"transient_live_bytes":524288,"transient_peak_bytes":2254848,"wait":{"nanos":7399041,"secs":0}},{"allocated_bytes":4,"allocation_time":{"nanos":3208,"secs":0},"allocations":1,"arena_capacity":60293120,"arena_high_water":60293120,"command_buffers":1,"completion_waits":1,"dispatches":531,"encode":{"nanos":178472,"secs":0},"gpu":{"nanos":7610000,"secs":0},"reused_bytes":2254848,"transient_live_bytes":524288,"transient_peak_bytes":2254848,"wait":{"nanos":7867916,"secs":0}},{"allocated_bytes":4,"allocation_time":{"nanos":5041,"secs":0},"allocations":1,"arena_capacity":60293120,"arena_high_water":60293120,"command_buffers":1,"completion_waits":1,"dispatches":531,"encode":{"nanos":186147,"secs":0},"gpu":{"nanos":7478875,"secs":0},"reused_bytes":2254848,"transient_live_bytes":524288,"transient_peak_bytes":2254848,"wait":{"nanos":7734291,"secs":0}},{"allocated_bytes":4,"allocation_time":{"nanos":3167,"secs":0},"allocations":1,"arena_capacity":60293120,"arena_high_water":60293120,"command_buffers":1,"completion_waits":1,"dispatches":531,"encode":{"nanos":185991,"secs":0},"gpu":{"nanos":7322750,"secs":0},"reused_bytes":2279424,"transient_live_bytes":524288,"transient_peak_bytes":2279424,"wait":{"nanos":7558875,"secs":0}}],"decode_median_ms":8.174458000000001,"decode_ms":[7.794834,8.409708,8.299542,8.082459,8.212917000000001,7.883625,7.9858329999999995,8.224625,8.174458000000001,8.079792000000001,8.24725,7.8309999999999995,8.30275,8.179917,7.989082999999999],"decode_profiles":[{},{},{},{},{},{},{},{},{},{},{},{},{},{},{}],"decode_tps":122.3322696134716,"first_token_ms":27.355875,"generated_ids":[525,264,10950,17847,498,646,4226,4755,1075,25,5489,13151,311,1486,2766,3868],"generated_tokens":16,"generation_ms":152.70425,"generation_tps":104.77769937640896,"gguf_mpp_min_rows":16,"kv_active_bytes":233472,"kv_reserved_bytes":3145728,"model_format":"GGUF","model_repository":"Qwen/Qwen2.5-0.5B-Instruct-GGUF","model_revision":"9217f5db79a29953eb74d5343926648285ec7e67","moe_expert_tensorops":true,"moe_expert_tensorops_min_routes_per_expert":8,"moe_expert_tensorops_tile_k64":true,"packed_quantized_bytes":485166080,"pair":3,"pair_order":"ferrum-control>llama.cpp>ferrum-candidate","parameter_count":630167424,"prefill_counters":{"allocated_bytes":3145744,"allocation_time":{"nanos":324755,"secs":0},"allocations":49,"arena_capacity":60293120,"arena_high_water":60293120,"command_buffers":1,"completion_waits":1,"dispatches":531,"encode":{"nanos":228001,"secs":0},"gpu":{"nanos":25825083,"secs":0},"reused_bytes":7372800,"transient_live_bytes":0,"transient_peak_bytes":7372800,"wait":{"nanos":26293625,"secs":0}},"prefill_ms":27.054959,"prefill_profile":{},"prefill_tps":147.84720242969135,"prompt_ids":[151644,8948,198,2610],"prompt_tokens":4,"q4_k_mpp_tile_k64":true,"q5_0_gemv_n4":false,"q5_1_mpp_tile_k64":true,"q8_0_mpp_tile_k64":true,"retained_weight_bytes":485309184,"runtime":"ferrum","sampling_ms":3.770378,"source_tensor_bytes":485452288,"tensor_count":291,"warmup":false,"process_rss_bytes":806305792,"ferrum_variant":"control","source_matrix_case_model":"qwen2.5-phase7a-small-batch-shape-probe-q4_k_m","engine_order":["ferrum-control","llama.cpp","ferrum-candidate"],"case_index":1,"engine_load_plus_first_warmup_ms":877.0456250058487}
{"case":"m04","command_buffer_count":null,"decode_aggregate_tps":233.93606648949594,"decode_median_ms":4.251917,"decode_ms":[4.621,4.404084,4.251917,4.399541,4.182583,4.352375,4.181875,4.0815,4.098083,4.062667,4.3925,4.087042,4.438208,4.200291,4.366417],"decode_tps":235.1880340091305,"dispatch_count":null,"first_token_ms":6.563667,"generated_ids":[525,1588,25,5379,861,5398,861,5398,271,2,220,17,15,16,24,7948],"generated_tokens":16,"generation_ms":74.439542,"generation_tps":214.93952770424085,"kv_context_capacity_tokens":4096,"kv_type":"bf16","llama_commit":"84e76d8a23162eca70490da131945ebec1f09bf4","llama_version":"0.5.0-dev","model_format":"GGUF","pair":3,"pair_order":"ferrum-control>llama.cpp>ferrum-candidate","prefill_ms":6.280333,"prefill_tps":636.908902760411,"process_max_rss_bytes":662716416,"prompt_ids":[151644,8948,198,2610],"prompt_tokens":4,"runtime":"llama.cpp","sampling_ms":4.037377000000001,"warmup":false,"process_rss_bytes":662437888,"source_matrix_case_model":"qwen2.5-phase7a-small-batch-shape-probe-q4_k_m","engine_order":["ferrum-control","llama.cpp","ferrum-candidate"],"case_index":1,"engine_load_plus_first_warmup_ms":978.256624948699}
{"case":"m04","decode_aggregate_tps":124.67497856463095,"decode_counters":[{"allocated_bytes":4,"allocation_time":{"nanos":4042,"secs":0},"allocations":1,"arena_capacity":60293120,"arena_high_water":60293120,"command_buffers":1,"completion_waits":1,"dispatches":531,"encode":{"nanos":203045,"secs":0},"gpu":{"nanos":7135250,"secs":0},"reused_bytes":2242560,"transient_live_bytes":524288,"transient_peak_bytes":2242560,"wait":{"nanos":7372750,"secs":0}},{"allocated_bytes":4,"allocation_time":{"nanos":3667,"secs":0},"allocations":1,"arena_capacity":60293120,"arena_high_water":60293120,"command_buffers":1,"completion_waits":1,"dispatches":531,"encode":{"nanos":200037,"secs":0},"gpu":{"nanos":7440000,"secs":0},"reused_bytes":2242560,"transient_live_bytes":524288,"transient_peak_bytes":2242560,"wait":{"nanos":7671416,"secs":0}},{"allocated_bytes":4,"allocation_time":{"nanos":3416,"secs":0},"allocations":1,"arena_capacity":60293120,"arena_high_water":60293120,"command_buffers":1,"completion_waits":1,"dispatches":531,"encode":{"nanos":187003,"secs":0},"gpu":{"nanos":7729625,"secs":0},"reused_bytes":2242560,"transient_live_bytes":524288,"transient_peak_bytes":2242560,"wait":{"nanos":7963500,"secs":0}},{"allocated_bytes":4,"allocation_time":{"nanos":3334,"secs":0},"allocations":1,"arena_capacity":60293120,"arena_high_water":60293120,"command_buffers":1,"completion_waits":1,"dispatches":531,"encode":{"nanos":186492,"secs":0},"gpu":{"nanos":7429000,"secs":0},"reused_bytes":2242560,"transient_live_bytes":524288,"transient_peak_bytes":2242560,"wait":{"nanos":7658375,"secs":0}},{"allocated_bytes":4,"allocation_time":{"nanos":4250,"secs":0},"allocations":1,"arena_capacity":60293120,"arena_high_water":60293120,"command_buffers":1,"completion_waits":1,"dispatches":531,"encode":{"nanos":181123,"secs":0},"gpu":{"nanos":7387583,"secs":0},"reused_bytes":2242560,"transient_live_bytes":524288,"transient_peak_bytes":2242560,"wait":{"nanos":7640958,"secs":0}},{"allocated_bytes":4,"allocation_time":{"nanos":3417,"secs":0},"allocations":1,"arena_capacity":60293120,"arena_high_water":60293120,"command_buffers":1,"completion_waits":1,"dispatches":531,"encode":{"nanos":201928,"secs":0},"gpu":{"nanos":7435042,"secs":0},"reused_bytes":2254848,"transient_live_bytes":524288,"transient_peak_bytes":2254848,"wait":{"nanos":7662709,"secs":0}},{"allocated_bytes":4,"allocation_time":{"nanos":3250,"secs":0},"allocations":1,"arena_capacity":60293120,"arena_high_water":60293120,"command_buffers":1,"completion_waits":1,"dispatches":531,"encode":{"nanos":183806,"secs":0},"gpu":{"nanos":6937833,"secs":0},"reused_bytes":2254848,"transient_live_bytes":524288,"transient_peak_bytes":2254848,"wait":{"nanos":7165916,"secs":0}},{"allocated_bytes":4,"allocation_time":{"nanos":3375,"secs":0},"allocations":1,"arena_capacity":60293120,"arena_high_water":60293120,"command_buffers":1,"completion_waits":1,"dispatches":531,"encode":{"nanos":184040,"secs":0},"gpu":{"nanos":7100250,"secs":0},"reused_bytes":2254848,"transient_live_bytes":524288,"transient_peak_bytes":2254848,"wait":{"nanos":7366500,"secs":0}},{"allocated_bytes":4,"allocation_time":{"nanos":3167,"secs":0},"allocations":1,"arena_capacity":60293120,"arena_high_water":60293120,"command_buffers":1,"completion_waits":1,"dispatches":531,"encode":{"nanos":183710,"secs":0},"gpu":{"nanos":7522333,"secs":0},"reused_bytes":2254848,"transient_live_bytes":524288,"transient_peak_bytes":2254848,"wait":{"nanos":7729792,"secs":0}},{"allocated_bytes":4,"allocation_time":{"nanos":2959,"secs":0},"allocations":1,"arena_capacity":60293120,"arena_high_water":60293120,"command_buffers":1,"completion_waits":1,"dispatches":531,"encode":{"nanos":183130,"secs":0},"gpu":{"nanos":7339375,"secs":0},"reused_bytes":2254848,"transient_live_bytes":524288,"transient_peak_bytes":2254848,"wait":{"nanos":7581209,"secs":0}},{"allocated_bytes":4,"allocation_time":{"nanos":2625,"secs":0},"allocations":1,"arena_capacity":60293120,"arena_high_water":60293120,"command_buffers":1,"completion_waits":1,"dispatches":531,"encode":{"nanos":177433,"secs":0},"gpu":{"nanos":7421875,"secs":0},"reused_bytes":2254848,"transient_live_bytes":524288,"transient_peak_bytes":2254848,"wait":{"nanos":7661250,"secs":0}},{"allocated_bytes":4,"allocation_time":{"nanos":2917,"secs":0},"allocations":1,"arena_capacity":60293120,"arena_high_water":60293120,"command_buffers":1,"completion_waits":1,"dispatches":531,"encode":{"nanos":182469,"secs":0},"gpu":{"nanos":7312667,"secs":0},"reused_bytes":2254848,"transient_live_bytes":524288,"transient_peak_bytes":2254848,"wait":{"nanos":7579250,"secs":0}},{"allocated_bytes":4,"allocation_time":{"nanos":2917,"secs":0},"allocations":1,"arena_capacity":60293120,"arena_high_water":60293120,"command_buffers":1,"completion_waits":1,"dispatches":531,"encode":{"nanos":177511,"secs":0},"gpu":{"nanos":7213625,"secs":0},"reused_bytes":2254848,"transient_live_bytes":524288,"transient_peak_bytes":2254848,"wait":{"nanos":7469625,"secs":0}},{"allocated_bytes":4,"allocation_time":{"nanos":2875,"secs":0},"allocations":1,"arena_capacity":60293120,"arena_high_water":60293120,"command_buffers":1,"completion_waits":1,"dispatches":531,"encode":{"nanos":181146,"secs":0},"gpu":{"nanos":7411250,"secs":0},"reused_bytes":2254848,"transient_live_bytes":524288,"transient_peak_bytes":2254848,"wait":{"nanos":7684458,"secs":0}},{"allocated_bytes":4,"allocation_time":{"nanos":3166,"secs":0},"allocations":1,"arena_capacity":60293120,"arena_high_water":60293120,"command_buffers":1,"completion_waits":1,"dispatches":531,"encode":{"nanos":178567,"secs":0},"gpu":{"nanos":7315750,"secs":0},"reused_bytes":2279424,"transient_live_bytes":524288,"transient_peak_bytes":2279424,"wait":{"nanos":7558083,"secs":0}}],"decode_median_ms":8.075791,"decode_ms":[7.834041,8.138334,8.374958,8.084959,8.075791,8.142584,7.604459,7.81175,8.131541,7.996333,8.090791999999999,8.012417000000001,7.90425,8.120708,7.989916999999999],"decode_profiles":[{},{},{},{},{},{},{},{},{},{},{},{},{},{},{}],"decode_tps":123.82687962083217,"first_token_ms":27.376417,"generated_ids":[525,264,10950,17847,498,646,4226,4755,1075,25,5489,13151,311,1486,2766,3868],"generated_tokens":16,"generation_ms":151.413834,"generation_tps":105.67066150639842,"gguf_mpp_min_rows":8,"kv_active_bytes":233472,"kv_reserved_bytes":3145728,"model_format":"GGUF","model_repository":"Qwen/Qwen2.5-0.5B-Instruct-GGUF","model_revision":"9217f5db79a29953eb74d5343926648285ec7e67","moe_expert_tensorops":true,"moe_expert_tensorops_min_routes_per_expert":8,"moe_expert_tensorops_tile_k64":true,"packed_quantized_bytes":485166080,"pair":3,"pair_order":"ferrum-control>llama.cpp>ferrum-candidate","parameter_count":630167424,"prefill_counters":{"allocated_bytes":3145744,"allocation_time":{"nanos":355835,"secs":0},"allocations":49,"arena_capacity":60293120,"arena_high_water":60293120,"command_buffers":1,"completion_waits":1,"dispatches":531,"encode":{"nanos":217861,"secs":0},"gpu":{"nanos":26002500,"secs":0},"reused_bytes":7372800,"transient_live_bytes":0,"transient_peak_bytes":7372800,"wait":{"nanos":26289417,"secs":0}},"prefill_ms":27.076959000000002,"prefill_profile":{},"prefill_tps":147.72707673708854,"prompt_ids":[151644,8948,198,2610],"prompt_tokens":4,"q4_k_mpp_tile_k64":true,"q5_0_gemv_n4":false,"q5_1_mpp_tile_k64":true,"q8_0_mpp_tile_k64":true,"retained_weight_bytes":485309184,"runtime":"ferrum","sampling_ms":3.84958,"source_tensor_bytes":485452288,"tensor_count":291,"warmup":false,"process_rss_bytes":806305792,"ferrum_variant":"candidate","source_matrix_case_model":"qwen2.5-phase7a-small-batch-shape-probe-q4_k_m","engine_order":["ferrum-control","llama.cpp","ferrum-candidate"],"case_index":1,"engine_load_plus_first_warmup_ms":877.0456250058487}
{"case":"m04","decode_aggregate_tps":124.58890230499104,"decode_counters":[{"allocated_bytes":4,"allocation_time":{"nanos":4541,"secs":0},"allocations":1,"arena_capacity":60293120,"arena_high_water":60293120,"command_buffers":1,"completion_waits":1,"dispatches":531,"encode":{"nanos":193031,"secs":0},"gpu":{"nanos":7277417,"secs":0},"reused_bytes":2242560,"transient_live_bytes":524288,"transient_peak_bytes":2242560,"wait":{"nanos":7505500,"secs":0}},{"allocated_bytes":4,"allocation_time":{"nanos":3500,"secs":0},"allocations":1,"arena_capacity":60293120,"arena_high_water":60293120,"command_buffers":1,"completion_waits":1,"dispatches":531,"encode":{"nanos":189246,"secs":0},"gpu":{"nanos":7601917,"secs":0},"reused_bytes":2242560,"transient_live_bytes":524288,"transient_peak_bytes":2242560,"wait":{"nanos":7849667,"secs":0}},{"allocated_bytes":4,"allocation_time":{"nanos":3000,"secs":0},"allocations":1,"arena_capacity":60293120,"arena_high_water":60293120,"command_buffers":1,"completion_waits":1,"dispatches":531,"encode":{"nanos":185073,"secs":0},"gpu":{"nanos":7598292,"secs":0},"reused_bytes":2242560,"transient_live_bytes":524288,"transient_peak_bytes":2242560,"wait":{"nanos":7838250,"secs":0}},{"allocated_bytes":4,"allocation_time":{"nanos":3583,"secs":0},"allocations":1,"arena_capacity":60293120,"arena_high_water":60293120,"command_buffers":1,"completion_waits":1,"dispatches":531,"encode":{"nanos":193812,"secs":0},"gpu":{"nanos":7130250,"secs":0},"reused_bytes":2242560,"transient_live_bytes":524288,"transient_peak_bytes":2242560,"wait":{"nanos":7441416,"secs":0}},{"allocated_bytes":4,"allocation_time":{"nanos":3375,"secs":0},"allocations":1,"arena_capacity":60293120,"arena_high_water":60293120,"command_buffers":1,"completion_waits":1,"dispatches":531,"encode":{"nanos":177881,"secs":0},"gpu":{"nanos":7395750,"secs":0},"reused_bytes":2242560,"transient_live_bytes":524288,"transient_peak_bytes":2242560,"wait":{"nanos":7626166,"secs":0}},{"allocated_bytes":4,"allocation_time":{"nanos":3583,"secs":0},"allocations":1,"arena_capacity":60293120,"arena_high_water":60293120,"command_buffers":1,"completion_waits":1,"dispatches":531,"encode":{"nanos":177509,"secs":0},"gpu":{"nanos":7381750,"secs":0},"reused_bytes":2254848,"transient_live_bytes":524288,"transient_peak_bytes":2254848,"wait":{"nanos":7629291,"secs":0}},{"allocated_bytes":4,"allocation_time":{"nanos":2792,"secs":0},"allocations":1,"arena_capacity":60293120,"arena_high_water":60293120,"command_buffers":1,"completion_waits":1,"dispatches":531,"encode":{"nanos":178191,"secs":0},"gpu":{"nanos":7222500,"secs":0},"reused_bytes":2254848,"transient_live_bytes":524288,"transient_peak_bytes":2254848,"wait":{"nanos":7466791,"secs":0}},{"allocated_bytes":4,"allocation_time":{"nanos":2458,"secs":0},"allocations":1,"arena_capacity":60293120,"arena_high_water":60293120,"command_buffers":1,"completion_waits":1,"dispatches":531,"encode":{"nanos":185139,"secs":0},"gpu":{"nanos":7366250,"secs":0},"reused_bytes":2254848,"transient_live_bytes":524288,"transient_peak_bytes":2254848,"wait":{"nanos":7634458,"secs":0}},{"allocated_bytes":4,"allocation_time":{"nanos":3042,"secs":0},"allocations":1,"arena_capacity":60293120,"arena_high_water":60293120,"command_buffers":1,"completion_waits":1,"dispatches":531,"encode":{"nanos":183293,"secs":0},"gpu":{"nanos":7467125,"secs":0},"reused_bytes":2254848,"transient_live_bytes":524288,"transient_peak_bytes":2254848,"wait":{"nanos":7724333,"secs":0}},{"allocated_bytes":4,"allocation_time":{"nanos":2667,"secs":0},"allocations":1,"arena_capacity":60293120,"arena_high_water":60293120,"command_buffers":1,"completion_waits":1,"dispatches":531,"encode":{"nanos":183936,"secs":0},"gpu":{"nanos":7072500,"secs":0},"reused_bytes":2254848,"transient_live_bytes":524288,"transient_peak_bytes":2254848,"wait":{"nanos":7316917,"secs":0}},{"allocated_bytes":4,"allocation_time":{"nanos":2833,"secs":0},"allocations":1,"arena_capacity":60293120,"arena_high_water":60293120,"command_buffers":1,"completion_waits":1,"dispatches":531,"encode":{"nanos":175760,"secs":0},"gpu":{"nanos":7390625,"secs":0},"reused_bytes":2254848,"transient_live_bytes":524288,"transient_peak_bytes":2254848,"wait":{"nanos":7619208,"secs":0}},{"allocated_bytes":4,"allocation_time":{"nanos":3125,"secs":0},"allocations":1,"arena_capacity":60293120,"arena_high_water":60293120,"command_buffers":1,"completion_waits":1,"dispatches":531,"encode":{"nanos":179895,"secs":0},"gpu":{"nanos":7295542,"secs":0},"reused_bytes":2254848,"transient_live_bytes":524288,"transient_peak_bytes":2254848,"wait":{"nanos":7559750,"secs":0}},{"allocated_bytes":4,"allocation_time":{"nanos":4459,"secs":0},"allocations":1,"arena_capacity":60293120,"arena_high_water":60293120,"command_buffers":1,"completion_waits":1,"dispatches":531,"encode":{"nanos":177167,"secs":0},"gpu":{"nanos":7450333,"secs":0},"reused_bytes":2254848,"transient_live_bytes":524288,"transient_peak_bytes":2254848,"wait":{"nanos":7708291,"secs":0}},{"allocated_bytes":4,"allocation_time":{"nanos":3292,"secs":0},"allocations":1,"arena_capacity":60293120,"arena_high_water":60293120,"command_buffers":1,"completion_waits":1,"dispatches":531,"encode":{"nanos":175746,"secs":0},"gpu":{"nanos":7424000,"secs":0},"reused_bytes":2254848,"transient_live_bytes":524288,"transient_peak_bytes":2254848,"wait":{"nanos":7649583,"secs":0}},{"allocated_bytes":4,"allocation_time":{"nanos":3000,"secs":0},"allocations":1,"arena_capacity":60293120,"arena_high_water":60293120,"command_buffers":1,"completion_waits":1,"dispatches":531,"encode":{"nanos":183204,"secs":0},"gpu":{"nanos":7048417,"secs":0},"reused_bytes":2279424,"transient_live_bytes":524288,"transient_peak_bytes":2279424,"wait":{"nanos":7305584,"secs":0}}],"decode_median_ms":8.059000000000001,"decode_ms":[7.9462909999999995,8.299666,8.276042,7.893084,8.06025,8.059000000000001,7.875750000000001,8.074084000000001,8.167125,7.752333,8.011791,7.9800830000000005,8.153708,8.076041,7.770708],"decode_profiles":[{},{},{},{},{},{},{},{},{},{},{},{},{},{},{}],"decode_tps":124.08487405385281,"first_token_ms":27.076541,"generated_ids":[525,264,10950,17847,498,646,4226,4755,1075,25,5489,13151,311,1486,2766,3868],"generated_tokens":16,"generation_ms":151.145375,"generation_tps":105.85834994951053,"gguf_mpp_min_rows":8,"kv_active_bytes":233472,"kv_reserved_bytes":3145728,"model_format":"GGUF","model_repository":"Qwen/Qwen2.5-0.5B-Instruct-GGUF","model_revision":"9217f5db79a29953eb74d5343926648285ec7e67","moe_expert_tensorops":true,"moe_expert_tensorops_min_routes_per_expert":8,"moe_expert_tensorops_tile_k64":true,"packed_quantized_bytes":485166080,"pair":4,"pair_order":"ferrum-candidate>llama.cpp>ferrum-control","parameter_count":630167424,"prefill_counters":{"allocated_bytes":3145744,"allocation_time":{"nanos":424542,"secs":0},"allocations":49,"arena_capacity":60293120,"arena_high_water":60293120,"command_buffers":1,"completion_waits":1,"dispatches":531,"encode":{"nanos":243198,"secs":0},"gpu":{"nanos":25572000,"secs":0},"reused_bytes":7372800,"transient_live_bytes":0,"transient_peak_bytes":7372800,"wait":{"nanos":25923917,"secs":0}},"prefill_ms":26.776375,"prefill_profile":{},"prefill_tps":149.3854190494419,"prompt_ids":[151644,8948,198,2610],"prompt_tokens":4,"q4_k_mpp_tile_k64":true,"q5_0_gemv_n4":false,"q5_1_mpp_tile_k64":true,"q8_0_mpp_tile_k64":true,"retained_weight_bytes":485309184,"runtime":"ferrum","sampling_ms":3.761041,"source_tensor_bytes":485452288,"tensor_count":291,"warmup":false,"process_rss_bytes":806305792,"ferrum_variant":"candidate","source_matrix_case_model":"qwen2.5-phase7a-small-batch-shape-probe-q4_k_m","engine_order":["ferrum-candidate","llama.cpp","ferrum-control"],"case_index":1,"engine_load_plus_first_warmup_ms":877.0456250058487}
{"case":"m04","command_buffer_count":null,"decode_aggregate_tps":238.50046932122356,"decode_median_ms":4.081542,"decode_ms":[4.496,4.025,4.315416,4.081542,4.356292,4.013917,4.363042,4.019833,4.080667,4.288667,4.033791,4.35425,4.070416,4.405708,3.988417],"decode_tps":245.0054415708573,"dispatch_count":null,"first_token_ms":6.248334,"generated_ids":[525,1588,25,5379,861,5398,861,5398,271,2,220,17,15,16,24,7948],"generated_tokens":16,"generation_ms":73.007209,"generation_tps":219.15643974282045,"kv_context_capacity_tokens":4096,"kv_type":"bf16","llama_commit":"84e76d8a23162eca70490da131945ebec1f09bf4","llama_version":"0.5.0-dev","model_format":"GGUF","pair":4,"pair_order":"ferrum-candidate>llama.cpp>ferrum-control","prefill_ms":5.970584,"prefill_tps":669.9512141525854,"process_max_rss_bytes":662716416,"prompt_ids":[151644,8948,198,2610],"prompt_tokens":4,"runtime":"llama.cpp","sampling_ms":4.14196,"warmup":false,"process_rss_bytes":662437888,"source_matrix_case_model":"qwen2.5-phase7a-small-batch-shape-probe-q4_k_m","engine_order":["ferrum-candidate","llama.cpp","ferrum-control"],"case_index":1,"engine_load_plus_first_warmup_ms":978.256624948699}
{"case":"m04","decode_aggregate_tps":124.92959592621578,"decode_counters":[{"allocated_bytes":4,"allocation_time":{"nanos":5375,"secs":0},"allocations":1,"arena_capacity":60293120,"arena_high_water":60293120,"command_buffers":1,"completion_waits":1,"dispatches":531,"encode":{"nanos":196122,"secs":0},"gpu":{"nanos":7261500,"secs":0},"reused_bytes":2242560,"transient_live_bytes":524288,"transient_peak_bytes":2242560,"wait":{"nanos":7476958,"secs":0}},{"allocated_bytes":4,"allocation_time":{"nanos":3458,"secs":0},"allocations":1,"arena_capacity":60293120,"arena_high_water":60293120,"command_buffers":1,"completion_waits":1,"dispatches":531,"encode":{"nanos":179368,"secs":0},"gpu":{"nanos":7567708,"secs":0},"reused_bytes":2242560,"transient_live_bytes":524288,"transient_peak_bytes":2242560,"wait":{"nanos":7825083,"secs":0}},{"allocated_bytes":4,"allocation_time":{"nanos":3292,"secs":0},"allocations":1,"arena_capacity":60293120,"arena_high_water":60293120,"command_buffers":1,"completion_waits":1,"dispatches":531,"encode":{"nanos":246128,"secs":0},"gpu":{"nanos":7630917,"secs":0},"reused_bytes":2242560,"transient_live_bytes":524288,"transient_peak_bytes":2242560,"wait":{"nanos":7842083,"secs":0}},{"allocated_bytes":4,"allocation_time":{"nanos":3625,"secs":0},"allocations":1,"arena_capacity":60293120,"arena_high_water":60293120,"command_buffers":1,"completion_waits":1,"dispatches":531,"encode":{"nanos":182626,"secs":0},"gpu":{"nanos":7136042,"secs":0},"reused_bytes":2242560,"transient_live_bytes":524288,"transient_peak_bytes":2242560,"wait":{"nanos":7393166,"secs":0}},{"allocated_bytes":4,"allocation_time":{"nanos":3334,"secs":0},"allocations":1,"arena_capacity":60293120,"arena_high_water":60293120,"command_buffers":1,"completion_waits":1,"dispatches":531,"encode":{"nanos":179470,"secs":0},"gpu":{"nanos":7180208,"secs":0},"reused_bytes":2242560,"transient_live_bytes":524288,"transient_peak_bytes":2242560,"wait":{"nanos":7382833,"secs":0}},{"allocated_bytes":4,"allocation_time":{"nanos":2875,"secs":0},"allocations":1,"arena_capacity":60293120,"arena_high_water":60293120,"command_buffers":1,"completion_waits":1,"dispatches":531,"encode":{"nanos":177663,"secs":0},"gpu":{"nanos":7359542,"secs":0},"reused_bytes":2254848,"transient_live_bytes":524288,"transient_peak_bytes":2254848,"wait":{"nanos":7602042,"secs":0}},{"allocated_bytes":4,"allocation_time":{"nanos":3083,"secs":0},"allocations":1,"arena_capacity":60293120,"arena_high_water":60293120,"command_buffers":1,"completion_waits":1,"dispatches":531,"encode":{"nanos":186161,"secs":0},"gpu":{"nanos":7218583,"secs":0},"reused_bytes":2254848,"transient_live_bytes":524288,"transient_peak_bytes":2254848,"wait":{"nanos":7449375,"secs":0}},{"allocated_bytes":4,"allocation_time":{"nanos":2959,"secs":0},"allocations":1,"arena_capacity":60293120,"arena_high_water":60293120,"command_buffers":1,"completion_waits":1,"dispatches":531,"encode":{"nanos":180161,"secs":0},"gpu":{"nanos":7380875,"secs":0},"reused_bytes":2254848,"transient_live_bytes":524288,"transient_peak_bytes":2254848,"wait":{"nanos":7583583,"secs":0}},{"allocated_bytes":4,"allocation_time":{"nanos":2959,"secs":0},"allocations":1,"arena_capacity":60293120,"arena_high_water":60293120,"command_buffers":1,"completion_waits":1,"dispatches":531,"encode":{"nanos":179723,"secs":0},"gpu":{"nanos":7511292,"secs":0},"reused_bytes":2254848,"transient_live_bytes":524288,"transient_peak_bytes":2254848,"wait":{"nanos":7755708,"secs":0}},{"allocated_bytes":4,"allocation_time":{"nanos":2417,"secs":0},"allocations":1,"arena_capacity":60293120,"arena_high_water":60293120,"command_buffers":1,"completion_waits":1,"dispatches":531,"encode":{"nanos":175326,"secs":0},"gpu":{"nanos":7059417,"secs":0},"reused_bytes":2254848,"transient_live_bytes":524288,"transient_peak_bytes":2254848,"wait":{"nanos":7276417,"secs":0}},{"allocated_bytes":4,"allocation_time":{"nanos":3041,"secs":0},"allocations":1,"arena_capacity":60293120,"arena_high_water":60293120,"command_buffers":1,"completion_waits":1,"dispatches":531,"encode":{"nanos":179258,"secs":0},"gpu":{"nanos":7429042,"secs":0},"reused_bytes":2254848,"transient_live_bytes":524288,"transient_peak_bytes":2254848,"wait":{"nanos":7666417,"secs":0}},{"allocated_bytes":4,"allocation_time":{"nanos":3500,"secs":0},"allocations":1,"arena_capacity":60293120,"arena_high_water":60293120,"command_buffers":1,"completion_waits":1,"dispatches":531,"encode":{"nanos":179266,"secs":0},"gpu":{"nanos":7300375,"secs":0},"reused_bytes":2254848,"transient_live_bytes":524288,"transient_peak_bytes":2254848,"wait":{"nanos":7541875,"secs":0}},{"allocated_bytes":4,"allocation_time":{"nanos":2875,"secs":0},"allocations":1,"arena_capacity":60293120,"arena_high_water":60293120,"command_buffers":1,"completion_waits":1,"dispatches":531,"encode":{"nanos":178527,"secs":0},"gpu":{"nanos":7461167,"secs":0},"reused_bytes":2254848,"transient_live_bytes":524288,"transient_peak_bytes":2254848,"wait":{"nanos":7731625,"secs":0}},{"allocated_bytes":4,"allocation_time":{"nanos":3042,"secs":0},"allocations":1,"arena_capacity":60293120,"arena_high_water":60293120,"command_buffers":1,"completion_waits":1,"dispatches":531,"encode":{"nanos":175664,"secs":0},"gpu":{"nanos":7431875,"secs":0},"reused_bytes":2254848,"transient_live_bytes":524288,"transient_peak_bytes":2254848,"wait":{"nanos":7654667,"secs":0}},{"allocated_bytes":4,"allocation_time":{"nanos":3084,"secs":0},"allocations":1,"arena_capacity":60293120,"arena_high_water":60293120,"command_buffers":1,"completion_waits":1,"dispatches":531,"encode":{"nanos":178527,"secs":0},"gpu":{"nanos":7038000,"secs":0},"reused_bytes":2279424,"transient_live_bytes":524288,"transient_peak_bytes":2279424,"wait":{"nanos":7299583,"secs":0}}],"decode_median_ms":7.996834,"decode_ms":[7.905374999999999,8.264959000000001,8.383583999999999,7.844042000000001,7.827875,8.024916,7.860709000000001,7.996834,8.190790999999999,7.694999999999999,8.099125,7.978333000000001,8.180083,8.086041999999999,7.729958],"decode_profiles":[{},{},{},{},{},{},{},{},{},{},{},{},{},{},{}],"decode_tps":125.04948833500859,"first_token_ms":27.252584,"generated_ids":[525,264,10950,17847,498,646,4226,4755,1075,25,5489,13151,311,1486,2766,3868],"generated_tokens":16,"generation_ms":151.020333,"generation_tps":105.94599867555583,"gguf_mpp_min_rows":16,"kv_active_bytes":233472,"kv_reserved_bytes":3145728,"model_format":"GGUF","model_repository":"Qwen/Qwen2.5-0.5B-Instruct-GGUF","model_revision":"9217f5db79a29953eb74d5343926648285ec7e67","moe_expert_tensorops":true,"moe_expert_tensorops_min_routes_per_expert":8,"moe_expert_tensorops_tile_k64":true,"packed_quantized_bytes":485166080,"pair":4,"pair_order":"ferrum-candidate>llama.cpp>ferrum-control","parameter_count":630167424,"prefill_counters":{"allocated_bytes":3145744,"allocation_time":{"nanos":391788,"secs":0},"allocations":49,"arena_capacity":60293120,"arena_high_water":60293120,"command_buffers":1,"completion_waits":1,"dispatches":531,"encode":{"nanos":224992,"secs":0},"gpu":{"nanos":25787500,"secs":0},"reused_bytes":7372800,"transient_live_bytes":0,"transient_peak_bytes":7372800,"wait":{"nanos":26118125,"secs":0}},"prefill_ms":26.952459,"prefill_profile":{},"prefill_tps":148.40946423478465,"prompt_ids":[151644,8948,198,2610],"prompt_tokens":4,"q4_k_mpp_tile_k64":true,"q5_0_gemv_n4":false,"q5_1_mpp_tile_k64":true,"q8_0_mpp_tile_k64":true,"retained_weight_bytes":485309184,"runtime":"ferrum","sampling_ms":3.759917,"source_tensor_bytes":485452288,"tensor_count":291,"warmup":false,"process_rss_bytes":806305792,"ferrum_variant":"control","source_matrix_case_model":"qwen2.5-phase7a-small-batch-shape-probe-q4_k_m","engine_order":["ferrum-candidate","llama.cpp","ferrum-control"],"case_index":1,"engine_load_plus_first_warmup_ms":877.0456250058487}
{"case":"m08","command_buffer_count":null,"decode_aggregate_tps":238.3384681767379,"decode_median_ms":4.174792,"decode_ms":[4.461791,4.357416,4.006458,4.224375,4.090958,4.043625,4.324709,4.027166,4.312375,4.001625,4.385459,4.174792,4.128625,4.224333,4.172],"decode_tps":239.53289169855648,"dispatch_count":null,"first_token_ms":9.190084,"generated_ids":[448,264,671,16,3405,369,671,17,11253,382,3838,374,279,4226,369,279],"generated_tokens":16,"generation_ms":75.927667,"generation_tps":210.7268750928433,"kv_context_capacity_tokens":4096,"kv_type":"bf16","llama_commit":"84e76d8a23162eca70490da131945ebec1f09bf4","llama_version":"0.5.0-dev","model_format":"GGUF","pair":0,"pair_order":"llama.cpp>ferrum-control>ferrum-candidate","prefill_ms":8.94,"prefill_tps":894.854586129754,"process_max_rss_bytes":662716416,"prompt_ids":[151644,8948,198,2610,525,264,10950,17847],"prompt_tokens":8,"runtime":"llama.cpp","sampling_ms":4.050416,"warmup":false,"process_rss_bytes":662437888,"source_matrix_case_model":"qwen2.5-phase7a-small-batch-shape-probe-q4_k_m","engine_order":["llama.cpp","ferrum-control","ferrum-candidate"],"case_index":2,"engine_load_plus_first_warmup_ms":978.256624948699}
{"case":"m08","decode_aggregate_tps":123.44485000924026,"decode_counters":[{"allocated_bytes":4,"allocation_time":{"nanos":6708,"secs":0},"allocations":1,"arena_capacity":60293120,"arena_high_water":60293120,"command_buffers":1,"completion_waits":1,"dispatches":531,"encode":{"nanos":209661,"secs":0},"gpu":{"nanos":7498792,"secs":0},"reused_bytes":2242560,"transient_live_bytes":524288,"transient_peak_bytes":2242560,"wait":{"nanos":7749667,"secs":0}},{"allocated_bytes":4,"allocation_time":{"nanos":4334,"secs":0},"allocations":1,"arena_capacity":60293120,"arena_high_water":60293120,"command_buffers":1,"completion_waits":1,"dispatches":531,"encode":{"nanos":187781,"secs":0},"gpu":{"nanos":7066958,"secs":0},"reused_bytes":2254848,"transient_live_bytes":524288,"transient_peak_bytes":2254848,"wait":{"nanos":7278208,"secs":0}},{"allocated_bytes":4,"allocation_time":{"nanos":4583,"secs":0},"allocations":1,"arena_capacity":60293120,"arena_high_water":60293120,"command_buffers":1,"completion_waits":1,"dispatches":531,"encode":{"nanos":185054,"secs":0},"gpu":{"nanos":7549500,"secs":0},"reused_bytes":2254848,"transient_live_bytes":524288,"transient_peak_bytes":2254848,"wait":{"nanos":7795125,"secs":0}},{"allocated_bytes":4,"allocation_time":{"nanos":3666,"secs":0},"allocations":1,"arena_capacity":60293120,"arena_high_water":60293120,"command_buffers":1,"completion_waits":1,"dispatches":531,"encode":{"nanos":181083,"secs":0},"gpu":{"nanos":7443125,"secs":0},"reused_bytes":2254848,"transient_live_bytes":524288,"transient_peak_bytes":2254848,"wait":{"nanos":7685875,"secs":0}},{"allocated_bytes":4,"allocation_time":{"nanos":2917,"secs":0},"allocations":1,"arena_capacity":60293120,"arena_high_water":60293120,"command_buffers":1,"completion_waits":1,"dispatches":531,"encode":{"nanos":177963,"secs":0},"gpu":{"nanos":7469917,"secs":0},"reused_bytes":2254848,"transient_live_bytes":524288,"transient_peak_bytes":2254848,"wait":{"nanos":7726500,"secs":0}},{"allocated_bytes":4,"allocation_time":{"nanos":4625,"secs":0},"allocations":1,"arena_capacity":60293120,"arena_high_water":60293120,"command_buffers":1,"completion_waits":1,"dispatches":531,"encode":{"nanos":183169,"secs":0},"gpu":{"nanos":7394375,"secs":0},"reused_bytes":2254848,"transient_live_bytes":524288,"transient_peak_bytes":2254848,"wait":{"nanos":7648417,"secs":0}},{"allocated_bytes":4,"allocation_time":{"nanos":3417,"secs":0},"allocations":1,"arena_capacity":60293120,"arena_high_water":60293120,"command_buffers":1,"completion_waits":1,"dispatches":531,"encode":{"nanos":179818,"secs":0},"gpu":{"nanos":7111542,"secs":0},"reused_bytes":2254848,"transient_live_bytes":524288,"transient_peak_bytes":2254848,"wait":{"nanos":7371708,"secs":0}},{"allocated_bytes":4,"allocation_time":{"nanos":3541,"secs":0},"allocations":1,"arena_capacity":60293120,"arena_high_water":60293120,"command_buffers":1,"completion_waits":1,"dispatches":531,"encode":{"nanos":178418,"secs":0},"gpu":{"nanos":7692625,"secs":0},"reused_bytes":2254848,"transient_live_bytes":524288,"transient_peak_bytes":2254848,"wait":{"nanos":7940667,"secs":0}},{"allocated_bytes":4,"allocation_time":{"nanos":4292,"secs":0},"allocations":1,"arena_capacity":60293120,"arena_high_water":60293120,"command_buffers":1,"completion_waits":1,"dispatches":531,"encode":{"nanos":179382,"secs":0},"gpu":{"nanos":7400750,"secs":0},"reused_bytes":2254848,"transient_live_bytes":524288,"transient_peak_bytes":2254848,"wait":{"nanos":7645416,"secs":0}},{"allocated_bytes":4,"allocation_time":{"nanos":3250,"secs":0},"allocations":1,"arena_capacity":60293120,"arena_high_water":60293120,"command_buffers":1,"completion_waits":1,"dispatches":531,"encode":{"nanos":177131,"secs":0},"gpu":{"nanos":7403500,"secs":0},"reused_bytes":2254848,"transient_live_bytes":524288,"transient_peak_bytes":2254848,"wait":{"nanos":7640292,"secs":0}},{"allocated_bytes":4,"allocation_time":{"nanos":2458,"secs":0},"allocations":1,"arena_capacity":60293120,"arena_high_water":60293120,"command_buffers":1,"completion_waits":1,"dispatches":531,"encode":{"nanos":178544,"secs":0},"gpu":{"nanos":7516250,"secs":0},"reused_bytes":2279424,"transient_live_bytes":524288,"transient_peak_bytes":2279424,"wait":{"nanos":7754416,"secs":0}},{"allocated_bytes":4,"allocation_time":{"nanos":3292,"secs":0},"allocations":1,"arena_capacity":60293120,"arena_high_water":60293120,"command_buffers":1,"completion_waits":1,"dispatches":531,"encode":{"nanos":177294,"secs":0},"gpu":{"nanos":7564500,"secs":0},"reused_bytes":2279424,"transient_live_bytes":524288,"transient_peak_bytes":2279424,"wait":{"nanos":7821250,"secs":0}},{"allocated_bytes":4,"allocation_time":{"nanos":3583,"secs":0},"allocations":1,"arena_capacity":60293120,"arena_high_water":60293120,"command_buffers":1,"completion_waits":1,"dispatches":531,"encode":{"nanos":188447,"secs":0},"gpu":{"nanos":7340250,"secs":0},"reused_bytes":2279424,"transient_live_bytes":524288,"transient_peak_bytes":2279424,"wait":{"nanos":7601000,"secs":0}},{"allocated_bytes":4,"allocation_time":{"nanos":3459,"secs":0},"allocations":1,"arena_capacity":60293120,"arena_high_water":60293120,"command_buffers":1,"completion_waits":1,"dispatches":531,"encode":{"nanos":178162,"secs":0},"gpu":{"nanos":7448500,"secs":0},"reused_bytes":2279424,"transient_live_bytes":524288,"transient_peak_bytes":2279424,"wait":{"nanos":7694250,"secs":0}},{"allocated_bytes":4,"allocation_time":{"nanos":4334,"secs":0},"allocations":1,"arena_capacity":60293120,"arena_high_water":60293120,"command_buffers":1,"completion_waits":1,"dispatches":531,"encode":{"nanos":179581,"secs":0},"gpu":{"nanos":7355792,"secs":0},"reused_bytes":2279424,"transient_live_bytes":524288,"transient_peak_bytes":2279424,"wait":{"nanos":7613500,"secs":0}}],"decode_median_ms":8.100959,"decode_ms":[8.225875,7.7310419999999995,8.234542,8.100959,8.158999999999999,8.092,7.814042000000001,8.383792,8.078208,8.05375,8.15725,8.255958000000001,8.046417,8.129459,8.049458000000001],"decode_profiles":[{},{},{},{},{},{},{},{},{},{},{},{},{},{},{}],"decode_tps":123.44217517950653,"first_token_ms":49.089792,"generated_ids":[498,646,4226,4755,1075,25,5489,8014,304,419,8544,30,476,3170,653,498],"generated_tokens":16,"generation_ms":174.228916,"generation_tps":91.83320637775189,"gguf_mpp_min_rows":16,"kv_active_bytes":282624,"kv_reserved_bytes":3145728,"model_format":"GGUF","model_repository":"Qwen/Qwen2.5-0.5B-Instruct-GGUF","model_revision":"9217f5db79a29953eb74d5343926648285ec7e67","moe_expert_tensorops":true,"moe_expert_tensorops_min_routes_per_expert":8,"moe_expert_tensorops_tile_k64":true,"packed_quantized_bytes":485166080,"pair":0,"pair_order":"llama.cpp>ferrum-control>ferrum-candidate","parameter_count":630167424,"prefill_counters":{"allocated_bytes":3145760,"allocation_time":{"nanos":365500,"secs":0},"allocations":49,"arena_capacity":60293120,"arena_high_water":60293120,"command_buffers":1,"completion_waits":1,"dispatches":531,"encode":{"nanos":212084,"secs":0},"gpu":{"nanos":47388583,"secs":0},"reused_bytes":14270464,"transient_live_bytes":0,"transient_peak_bytes":14270464,"wait":{"nanos":47993625,"secs":0}},"prefill_ms":48.788125,"prefill_profile":{},"prefill_tps":163.97432776930862,"prompt_ids":[151644,8948,198,2610,525,264,10950,17847],"prompt_tokens":8,"q4_k_mpp_tile_k64":true,"q5_0_gemv_n4":false,"q5_1_mpp_tile_k64":true,"q8_0_mpp_tile_k64":true,"retained_weight_bytes":485309184,"runtime":"ferrum","sampling_ms":3.730251,"source_tensor_bytes":485452288,"tensor_count":291,"warmup":false,"process_rss_bytes":806256640,"ferrum_variant":"control","source_matrix_case_model":"qwen2.5-phase7a-small-batch-shape-probe-q4_k_m","engine_order":["llama.cpp","ferrum-control","ferrum-candidate"],"case_index":2,"engine_load_plus_first_warmup_ms":877.0456250058487}
{"case":"m08","decode_aggregate_tps":123.63095816119028,"decode_counters":[{"allocated_bytes":4,"allocation_time":{"nanos":6875,"secs":0},"allocations":1,"arena_capacity":60293120,"arena_high_water":60293120,"command_buffers":1,"completion_waits":1,"dispatches":531,"encode":{"nanos":193990,"secs":0},"gpu":{"nanos":7385500,"secs":0},"reused_bytes":2242560,"transient_live_bytes":524288,"transient_peak_bytes":2242560,"wait":{"nanos":7595458,"secs":0}},{"allocated_bytes":4,"allocation_time":{"nanos":3541,"secs":0},"allocations":1,"arena_capacity":60293120,"arena_high_water":60293120,"command_buffers":1,"completion_waits":1,"dispatches":531,"encode":{"nanos":183470,"secs":0},"gpu":{"nanos":7309500,"secs":0},"reused_bytes":2254848,"transient_live_bytes":524288,"transient_peak_bytes":2254848,"wait":{"nanos":7546583,"secs":0}},{"allocated_bytes":4,"allocation_time":{"nanos":3209,"secs":0},"allocations":1,"arena_capacity":60293120,"arena_high_water":60293120,"command_buffers":1,"completion_waits":1,"dispatches":531,"encode":{"nanos":211505,"secs":0},"gpu":{"nanos":7142083,"secs":0},"reused_bytes":2254848,"transient_live_bytes":524288,"transient_peak_bytes":2254848,"wait":{"nanos":7399542,"secs":0}},{"allocated_bytes":4,"allocation_time":{"nanos":5000,"secs":0},"allocations":1,"arena_capacity":60293120,"arena_high_water":60293120,"command_buffers":1,"completion_waits":1,"dispatches":531,"encode":{"nanos":178488,"secs":0},"gpu":{"nanos":7356250,"secs":0},"reused_bytes":2254848,"transient_live_bytes":524288,"transient_peak_bytes":2254848,"wait":{"nanos":7689000,"secs":0}},{"allocated_bytes":4,"allocation_time":{"nanos":4167,"secs":0},"allocations":1,"arena_capacity":60293120,"arena_high_water":60293120,"command_buffers":1,"completion_waits":1,"dispatches":531,"encode":{"nanos":183590,"secs":0},"gpu":{"nanos":7431875,"secs":0},"reused_bytes":2254848,"transient_live_bytes":524288,"transient_peak_bytes":2254848,"wait":{"nanos":7690166,"secs":0}},{"allocated_bytes":4,"allocation_time":{"nanos":4875,"secs":0},"allocations":1,"arena_capacity":60293120,"arena_high_water":60293120,"command_buffers":1,"completion_waits":1,"dispatches":531,"encode":{"nanos":183578,"secs":0},"gpu":{"nanos":7241542,"secs":0},"reused_bytes":2254848,"transient_live_bytes":524288,"transient_peak_bytes":2254848,"wait":{"nanos":7499000,"secs":0}},{"allocated_bytes":4,"allocation_time":{"nanos":4291,"secs":0},"allocations":1,"arena_capacity":60293120,"arena_high_water":60293120,"command_buffers":1,"completion_waits":1,"dispatches":531,"encode":{"nanos":178877,"secs":0},"gpu":{"nanos":7526542,"secs":0},"reused_bytes":2254848,"transient_live_bytes":524288,"transient_peak_bytes":2254848,"wait":{"nanos":7845958,"secs":0}},{"allocated_bytes":4,"allocation_time":{"nanos":3125,"secs":0},"allocations":1,"arena_capacity":60293120,"arena_high_water":60293120,"command_buffers":1,"completion_waits":1,"dispatches":531,"encode":{"nanos":177433,"secs":0},"gpu":{"nanos":7513375,"secs":0},"reused_bytes":2254848,"transient_live_bytes":524288,"transient_peak_bytes":2254848,"wait":{"nanos":7761000,"secs":0}},{"allocated_bytes":4,"allocation_time":{"nanos":3583,"secs":0},"allocations":1,"arena_capacity":60293120,"arena_high_water":60293120,"command_buffers":1,"completion_waits":1,"dispatches":531,"encode":{"nanos":209954,"secs":0},"gpu":{"nanos":7452750,"secs":0},"reused_bytes":2254848,"transient_live_bytes":524288,"transient_peak_bytes":2254848,"wait":{"nanos":7687541,"secs":0}},{"allocated_bytes":4,"allocation_time":{"nanos":3333,"secs":0},"allocations":1,"arena_capacity":60293120,"arena_high_water":60293120,"command_buffers":1,"completion_waits":1,"dispatches":531,"encode":{"nanos":177777,"secs":0},"gpu":{"nanos":7437875,"secs":0},"reused_bytes":2254848,"transient_live_bytes":524288,"transient_peak_bytes":2254848,"wait":{"nanos":7703250,"secs":0}},{"allocated_bytes":4,"allocation_time":{"nanos":3709,"secs":0},"allocations":1,"arena_capacity":60293120,"arena_high_water":60293120,"command_buffers":1,"completion_waits":1,"dispatches":531,"encode":{"nanos":187120,"secs":0},"gpu":{"nanos":7315792,"secs":0},"reused_bytes":2279424,"transient_live_bytes":524288,"transient_peak_bytes":2279424,"wait":{"nanos":7620208,"secs":0}},{"allocated_bytes":4,"allocation_time":{"nanos":4125,"secs":0},"allocations":1,"arena_capacity":60293120,"arena_high_water":60293120,"command_buffers":1,"completion_waits":1,"dispatches":531,"encode":{"nanos":177050,"secs":0},"gpu":{"nanos":7312667,"secs":0},"reused_bytes":2279424,"transient_live_bytes":524288,"transient_peak_bytes":2279424,"wait":{"nanos":7543917,"secs":0}},{"allocated_bytes":4,"allocation_time":{"nanos":3666,"secs":0},"allocations":1,"arena_capacity":60293120,"arena_high_water":60293120,"command_buffers":1,"completion_waits":1,"dispatches":531,"encode":{"nanos":186336,"secs":0},"gpu":{"nanos":7459625,"secs":0},"reused_bytes":2279424,"transient_live_bytes":524288,"transient_peak_bytes":2279424,"wait":{"nanos":7720708,"secs":0}},{"allocated_bytes":4,"allocation_time":{"nanos":4000,"secs":0},"allocations":1,"arena_capacity":60293120,"arena_high_water":60293120,"command_buffers":1,"completion_waits":1,"dispatches":531,"encode":{"nanos":187374,"secs":0},"gpu":{"nanos":7388750,"secs":0},"reused_bytes":2279424,"transient_live_bytes":524288,"transient_peak_bytes":2279424,"wait":{"nanos":7640750,"secs":0}},{"allocated_bytes":4,"allocation_time":{"nanos":3042,"secs":0},"allocations":1,"arena_capacity":60293120,"arena_high_water":60293120,"command_buffers":1,"completion_waits":1,"dispatches":531,"encode":{"nanos":197844,"secs":0},"gpu":{"nanos":7520583,"secs":0},"reused_bytes":2279424,"transient_live_bytes":524288,"transient_peak_bytes":2279424,"wait":{"nanos":7752000,"secs":0}}],"decode_median_ms":8.125958,"decode_ms":[8.026416999999999,7.991084000000001,7.88875,8.125958,8.135375,7.9430000000000005,8.256584,8.187415999999999,8.168708,8.134250000000002,8.067084000000001,7.9430000000000005,8.161833,8.088875,8.210500000000001],"decode_profiles":[{},{},{},{},{},{},{},{},{},{},{},{},{},{},{}],"decode_tps":123.06241307178796,"first_token_ms":27.375417,"generated_ids":[498,646,4226,4755,1075,25,5489,8014,304,419,3832,30,476,3170,653,498],"generated_tokens":16,"generation_ms":152.34966699999998,"generation_tps":105.02156200971545,"gguf_mpp_min_rows":8,"kv_active_bytes":282624,"kv_reserved_bytes":3145728,"model_format":"GGUF","model_repository":"Qwen/Qwen2.5-0.5B-Instruct-GGUF","model_revision":"9217f5db79a29953eb74d5343926648285ec7e67","moe_expert_tensorops":true,"moe_expert_tensorops_min_routes_per_expert":8,"moe_expert_tensorops_tile_k64":true,"packed_quantized_bytes":485166080,"pair":0,"pair_order":"llama.cpp>ferrum-control>ferrum-candidate","parameter_count":630167424,"prefill_counters":{"allocated_bytes":3145760,"allocation_time":{"nanos":341708,"secs":0},"allocations":49,"arena_capacity":60293120,"arena_high_water":60293120,"command_buffers":1,"completion_waits":1,"dispatches":531,"encode":{"nanos":222217,"secs":0},"gpu":{"nanos":26016875,"secs":0},"reused_bytes":14270464,"transient_live_bytes":0,"transient_peak_bytes":14270464,"wait":{"nanos":26303208,"secs":0}},"prefill_ms":27.074792,"prefill_profile":{},"prefill_tps":295.4778009005572,"prompt_ids":[151644,8948,198,2610,525,264,10950,17847],"prompt_tokens":8,"q4_k_mpp_tile_k64":true,"q5_0_gemv_n4":false,"q5_1_mpp_tile_k64":true,"q8_0_mpp_tile_k64":true,"retained_weight_bytes":485309184,"runtime":"ferrum","sampling_ms":3.760167,"source_tensor_bytes":485452288,"tensor_count":291,"warmup":false,"process_rss_bytes":806256640,"ferrum_variant":"candidate","source_matrix_case_model":"qwen2.5-phase7a-small-batch-shape-probe-q4_k_m","engine_order":["llama.cpp","ferrum-control","ferrum-candidate"],"case_index":2,"engine_load_plus_first_warmup_ms":877.0456250058487}
{"case":"m08","decode_aggregate_tps":124.19497541407287,"decode_counters":[{"allocated_bytes":4,"allocation_time":{"nanos":4042,"secs":0},"allocations":1,"arena_capacity":60293120,"arena_high_water":60293120,"command_buffers":1,"completion_waits":1,"dispatches":531,"encode":{"nanos":188350,"secs":0},"gpu":{"nanos":7084042,"secs":0},"reused_bytes":2242560,"transient_live_bytes":524288,"transient_peak_bytes":2242560,"wait":{"nanos":7338875,"secs":0}},{"allocated_bytes":4,"allocation_time":{"nanos":3792,"secs":0},"allocations":1,"arena_capacity":60293120,"arena_high_water":60293120,"command_buffers":1,"completion_waits":1,"dispatches":531,"encode":{"nanos":180047,"secs":0},"gpu":{"nanos":7045875,"secs":0},"reused_bytes":2254848,"transient_live_bytes":524288,"transient_peak_bytes":2254848,"wait":{"nanos":7307625,"secs":0}},{"allocated_bytes":4,"allocation_time":{"nanos":3333,"secs":0},"allocations":1,"arena_capacity":60293120,"arena_high_water":60293120,"command_buffers":1,"completion_waits":1,"dispatches":531,"encode":{"nanos":175189,"secs":0},"gpu":{"nanos":7157750,"secs":0},"reused_bytes":2254848,"transient_live_bytes":524288,"transient_peak_bytes":2254848,"wait":{"nanos":7393167,"secs":0}},{"allocated_bytes":4,"allocation_time":{"nanos":3958,"secs":0},"allocations":1,"arena_capacity":60293120,"arena_high_water":60293120,"command_buffers":1,"completion_waits":1,"dispatches":531,"encode":{"nanos":178124,"secs":0},"gpu":{"nanos":7697750,"secs":0},"reused_bytes":2254848,"transient_live_bytes":524288,"transient_peak_bytes":2254848,"wait":{"nanos":7999708,"secs":0}},{"allocated_bytes":4,"allocation_time":{"nanos":3250,"secs":0},"allocations":1,"arena_capacity":60293120,"arena_high_water":60293120,"command_buffers":1,"completion_waits":1,"dispatches":531,"encode":{"nanos":178576,"secs":0},"gpu":{"nanos":7702417,"secs":0},"reused_bytes":2254848,"transient_live_bytes":524288,"transient_peak_bytes":2254848,"wait":{"nanos":7963625,"secs":0}},{"allocated_bytes":4,"allocation_time":{"nanos":2833,"secs":0},"allocations":1,"arena_capacity":60293120,"arena_high_water":60293120,"command_buffers":1,"completion_waits":1,"dispatches":531,"encode":{"nanos":174558,"secs":0},"gpu":{"nanos":7241042,"secs":0},"reused_bytes":2254848,"transient_live_bytes":524288,"transient_peak_bytes":2254848,"wait":{"nanos":7487958,"secs":0}},{"allocated_bytes":4,"allocation_time":{"nanos":2625,"secs":0},"allocations":1,"arena_capacity":60293120,"arena_high_water":60293120,"command_buffers":1,"completion_waits":1,"dispatches":531,"encode":{"nanos":172624,"secs":0},"gpu":{"nanos":7507917,"secs":0},"reused_bytes":2254848,"transient_live_bytes":524288,"transient_peak_bytes":2254848,"wait":{"nanos":7759084,"secs":0}},{"allocated_bytes":4,"allocation_time":{"nanos":3042,"secs":0},"allocations":1,"arena_capacity":60293120,"arena_high_water":60293120,"command_buffers":1,"completion_waits":1,"dispatches":531,"encode":{"nanos":185226,"secs":0},"gpu":{"nanos":7252625,"secs":0},"reused_bytes":2254848,"transient_live_bytes":524288,"transient_peak_bytes":2254848,"wait":{"nanos":7505875,"secs":0}},{"allocated_bytes":4,"allocation_time":{"nanos":3458,"secs":0},"allocations":1,"arena_capacity":60293120,"arena_high_water":60293120,"command_buffers":1,"completion_waits":1,"dispatches":531,"encode":{"nanos":176992,"secs":0},"gpu":{"nanos":7442333,"secs":0},"reused_bytes":2254848,"transient_live_bytes":524288,"transient_peak_bytes":2254848,"wait":{"nanos":7691958,"secs":0}},{"allocated_bytes":4,"allocation_time":{"nanos":3292,"secs":0},"allocations":1,"arena_capacity":60293120,"arena_high_water":60293120,"command_buffers":1,"completion_waits":1,"dispatches":531,"encode":{"nanos":177251,"secs":0},"gpu":{"nanos":7697958,"secs":0},"reused_bytes":2254848,"transient_live_bytes":524288,"transient_peak_bytes":2254848,"wait":{"nanos":7913667,"secs":0}},{"allocated_bytes":4,"allocation_time":{"nanos":3167,"secs":0},"allocations":1,"arena_capacity":60293120,"arena_high_water":60293120,"command_buffers":1,"completion_waits":1,"dispatches":531,"encode":{"nanos":178650,"secs":0},"gpu":{"nanos":7566958,"secs":0},"reused_bytes":2279424,"transient_live_bytes":524288,"transient_peak_bytes":2279424,"wait":{"nanos":7804625,"secs":0}},{"allocated_bytes":4,"allocation_time":{"nanos":2792,"secs":0},"allocations":1,"arena_capacity":60293120,"arena_high_water":60293120,"command_buffers":1,"completion_waits":1,"dispatches":531,"encode":{"nanos":177293,"secs":0},"gpu":{"nanos":7354750,"secs":0},"reused_bytes":2279424,"transient_live_bytes":524288,"transient_peak_bytes":2279424,"wait":{"nanos":7619625,"secs":0}},{"allocated_bytes":4,"allocation_time":{"nanos":3167,"secs":0},"allocations":1,"arena_capacity":60293120,"arena_high_water":60293120,"command_buffers":1,"completion_waits":1,"dispatches":531,"encode":{"nanos":176728,"secs":0},"gpu":{"nanos":7171208,"secs":0},"reused_bytes":2279424,"transient_live_bytes":524288,"transient_peak_bytes":2279424,"wait":{"nanos":7406500,"secs":0}},{"allocated_bytes":4,"allocation_time":{"nanos":3750,"secs":0},"allocations":1,"arena_capacity":60293120,"arena_high_water":60293120,"command_buffers":1,"completion_waits":1,"dispatches":531,"encode":{"nanos":179169,"secs":0},"gpu":{"nanos":7114625,"secs":0},"reused_bytes":2279424,"transient_live_bytes":524288,"transient_peak_bytes":2279424,"wait":{"nanos":7364166,"secs":0}},{"allocated_bytes":4,"allocation_time":{"nanos":3250,"secs":0},"allocations":1,"arena_capacity":60293120,"arena_high_water":60293120,"command_buffers":1,"completion_waits":1,"dispatches":531,"encode":{"nanos":178173,"secs":0},"gpu":{"nanos":7519875,"secs":0},"reused_bytes":2279424,"transient_live_bytes":524288,"transient_peak_bytes":2279424,"wait":{"nanos":7770208,"secs":0}}],"decode_median_ms":8.0495,"decode_ms":[7.794874999999999,7.743791,7.791250000000001,8.43825,8.427833,7.917040999999999,8.187458,7.946458999999999,8.122209,8.308625,8.22275,8.0495,7.82825,7.797667000000001,8.201875000000001],"decode_profiles":[{},{},{},{},{},{},{},{},{},{},{},{},{},{},{}],"decode_tps":124.23131871544817,"first_token_ms":27.608625,"generated_ids":[498,646,4226,4755,1075,25,5489,8014,304,419,3832,30,476,3170,653,498],"generated_tokens":16,"generation_ms":152.070791,"generation_tps":105.21415647795243,"gguf_mpp_min_rows":8,"kv_active_bytes":282624,"kv_reserved_bytes":3145728,"model_format":"GGUF","model_repository":"Qwen/Qwen2.5-0.5B-Instruct-GGUF","model_revision":"9217f5db79a29953eb74d5343926648285ec7e67","moe_expert_tensorops":true,"moe_expert_tensorops_min_routes_per_expert":8,"moe_expert_tensorops_tile_k64":true,"packed_quantized_bytes":485166080,"pair":1,"pair_order":"ferrum-candidate>ferrum-control>llama.cpp","parameter_count":630167424,"prefill_counters":{"allocated_bytes":3145760,"allocation_time":{"nanos":326702,"secs":0},"allocations":49,"arena_capacity":60293120,"arena_high_water":60293120,"command_buffers":1,"completion_waits":1,"dispatches":531,"encode":{"nanos":205258,"secs":0},"gpu":{"nanos":26274125,"secs":0},"reused_bytes":14270464,"transient_live_bytes":0,"transient_peak_bytes":14270464,"wait":{"nanos":26568917,"secs":0}},"prefill_ms":27.309125,"prefill_profile":{},"prefill_tps":292.94237731893645,"prompt_ids":[151644,8948,198,2610,525,264,10950,17847],"prompt_tokens":8,"q4_k_mpp_tile_k64":true,"q5_0_gemv_n4":false,"q5_1_mpp_tile_k64":true,"q8_0_mpp_tile_k64":true,"retained_weight_bytes":485309184,"runtime":"ferrum","sampling_ms":3.7980430000000003,"source_tensor_bytes":485452288,"tensor_count":291,"warmup":false,"process_rss_bytes":806256640,"ferrum_variant":"candidate","source_matrix_case_model":"qwen2.5-phase7a-small-batch-shape-probe-q4_k_m","engine_order":["ferrum-candidate","ferrum-control","llama.cpp"],"case_index":2,"engine_load_plus_first_warmup_ms":877.0456250058487}
{"case":"m08","decode_aggregate_tps":123.53304814164417,"decode_counters":[{"allocated_bytes":4,"allocation_time":{"nanos":3750,"secs":0},"allocations":1,"arena_capacity":60293120,"arena_high_water":60293120,"command_buffers":1,"completion_waits":1,"dispatches":531,"encode":{"nanos":189581,"secs":0},"gpu":{"nanos":7514500,"secs":0},"reused_bytes":2242560,"transient_live_bytes":524288,"transient_peak_bytes":2242560,"wait":{"nanos":7750750,"secs":0}},{"allocated_bytes":4,"allocation_time":{"nanos":3250,"secs":0},"allocations":1,"arena_capacity":60293120,"arena_high_water":60293120,"command_buffers":1,"completion_waits":1,"dispatches":531,"encode":{"nanos":180671,"secs":0},"gpu":{"nanos":7250250,"secs":0},"reused_bytes":2254848,"transient_live_bytes":524288,"transient_peak_bytes":2254848,"wait":{"nanos":7466333,"secs":0}},{"allocated_bytes":4,"allocation_time":{"nanos":4500,"secs":0},"allocations":1,"arena_capacity":60293120,"arena_high_water":60293120,"command_buffers":1,"completion_waits":1,"dispatches":531,"encode":{"nanos":180329,"secs":0},"gpu":{"nanos":7478292,"secs":0},"reused_bytes":2254848,"transient_live_bytes":524288,"transient_peak_bytes":2254848,"wait":{"nanos":7796459,"secs":0}},{"allocated_bytes":4,"allocation_time":{"nanos":2667,"secs":0},"allocations":1,"arena_capacity":60293120,"arena_high_water":60293120,"command_buffers":1,"completion_waits":1,"dispatches":531,"encode":{"nanos":177959,"secs":0},"gpu":{"nanos":7410375,"secs":0},"reused_bytes":2254848,"transient_live_bytes":524288,"transient_peak_bytes":2254848,"wait":{"nanos":7669000,"secs":0}},{"allocated_bytes":4,"allocation_time":{"nanos":3292,"secs":0},"allocations":1,"arena_capacity":60293120,"arena_high_water":60293120,"command_buffers":1,"completion_waits":1,"dispatches":531,"encode":{"nanos":177367,"secs":0},"gpu":{"nanos":7157708,"secs":0},"reused_bytes":2254848,"transient_live_bytes":524288,"transient_peak_bytes":2254848,"wait":{"nanos":7415458,"secs":0}},{"allocated_bytes":4,"allocation_time":{"nanos":3625,"secs":0},"allocations":1,"arena_capacity":60293120,"arena_high_water":60293120,"command_buffers":1,"completion_waits":1,"dispatches":531,"encode":{"nanos":178374,"secs":0},"gpu":{"nanos":7400417,"secs":0},"reused_bytes":2254848,"transient_live_bytes":524288,"transient_peak_bytes":2254848,"wait":{"nanos":7640667,"secs":0}},{"allocated_bytes":4,"allocation_time":{"nanos":3333,"secs":0},"allocations":1,"arena_capacity":60293120,"arena_high_water":60293120,"command_buffers":1,"completion_waits":1,"dispatches":531,"encode":{"nanos":179472,"secs":0},"gpu":{"nanos":7417500,"secs":0},"reused_bytes":2254848,"transient_live_bytes":524288,"transient_peak_bytes":2254848,"wait":{"nanos":7629500,"secs":0}},{"allocated_bytes":4,"allocation_time":{"nanos":2875,"secs":0},"allocations":1,"arena_capacity":60293120,"arena_high_water":60293120,"command_buffers":1,"completion_waits":1,"dispatches":531,"encode":{"nanos":175802,"secs":0},"gpu":{"nanos":7651458,"secs":0},"reused_bytes":2254848,"transient_live_bytes":524288,"transient_peak_bytes":2254848,"wait":{"nanos":7904792,"secs":0}},{"allocated_bytes":4,"allocation_time":{"nanos":5125,"secs":0},"allocations":1,"arena_capacity":60293120,"arena_high_water":60293120,"command_buffers":1,"completion_waits":1,"dispatches":531,"encode":{"nanos":183629,"secs":0},"gpu":{"nanos":7414625,"secs":0},"reused_bytes":2254848,"transient_live_bytes":524288,"transient_peak_bytes":2254848,"wait":{"nanos":7684958,"secs":0}},{"allocated_bytes":4,"allocation_time":{"nanos":3708,"secs":0},"allocations":1,"arena_capacity":60293120,"arena_high_water":60293120,"command_buffers":1,"completion_waits":1,"dispatches":531,"encode":{"nanos":178719,"secs":0},"gpu":{"nanos":7424125,"secs":0},"reused_bytes":2254848,"transient_live_bytes":524288,"transient_peak_bytes":2254848,"wait":{"nanos":7683959,"secs":0}},{"allocated_bytes":4,"allocation_time":{"nanos":2792,"secs":0},"allocations":1,"arena_capacity":60293120,"arena_high_water":60293120,"command_buffers":1,"completion_waits":1,"dispatches":531,"encode":{"nanos":178428,"secs":0},"gpu":{"nanos":7212583,"secs":0},"reused_bytes":2279424,"transient_live_bytes":524288,"transient_peak_bytes":2279424,"wait":{"nanos":7447208,"secs":0}},{"allocated_bytes":4,"allocation_time":{"nanos":3083,"secs":0},"allocations":1,"arena_capacity":60293120,"arena_high_water":60293120,"command_buffers":1,"completion_waits":1,"dispatches":531,"encode":{"nanos":175127,"secs":0},"gpu":{"nanos":7524083,"secs":0},"reused_bytes":2279424,"transient_live_bytes":524288,"transient_peak_bytes":2279424,"wait":{"nanos":7774875,"secs":0}},{"allocated_bytes":4,"allocation_time":{"nanos":3167,"secs":0},"allocations":1,"arena_capacity":60293120,"arena_high_water":60293120,"command_buffers":1,"completion_waits":1,"dispatches":531,"encode":{"nanos":176338,"secs":0},"gpu":{"nanos":7607500,"secs":0},"reused_bytes":2279424,"transient_live_bytes":524288,"transient_peak_bytes":2279424,"wait":{"nanos":7843333,"secs":0}},{"allocated_bytes":4,"allocation_time":{"nanos":3625,"secs":0},"allocations":1,"arena_capacity":60293120,"arena_high_water":60293120,"command_buffers":1,"completion_waits":1,"dispatches":531,"encode":{"nanos":178993,"secs":0},"gpu":{"nanos":7438750,"secs":0},"reused_bytes":2279424,"transient_live_bytes":524288,"transient_peak_bytes":2279424,"wait":{"nanos":7685458,"secs":0}},{"allocated_bytes":4,"allocation_time":{"nanos":2708,"secs":0},"allocations":1,"arena_capacity":60293120,"arena_high_water":60293120,"command_buffers":1,"completion_waits":1,"dispatches":531,"encode":{"nanos":179445,"secs":0},"gpu":{"nanos":7395750,"secs":0},"reused_bytes":2279424,"transient_live_bytes":524288,"transient_peak_bytes":2279424,"wait":{"nanos":7634458,"secs":0}}],"decode_median_ms":8.114333,"decode_ms":[8.206583,7.868666999999999,8.238208,8.114333,7.85375,8.066208,8.027125,8.305250000000001,8.128125,8.122541,7.844500000000001,8.215290999999999,8.268915999999999,8.102208,8.063292],"decode_profiles":[{},{},{},{},{},{},{},{},{},{},{},{},{},{},{}],"decode_tps":123.23871845042592,"first_token_ms":47.748666,"generated_ids":[498,646,4226,4755,1075,25,5489,8014,304,419,8544,30,476,3170,653,498],"generated_tokens":16,"generation_ms":172.8185,"generation_tps":92.58268067365472,"gguf_mpp_min_rows":16,"kv_active_bytes":282624,"kv_reserved_bytes":3145728,"model_format":"GGUF","model_repository":"Qwen/Qwen2.5-0.5B-Instruct-GGUF","model_revision":"9217f5db79a29953eb74d5343926648285ec7e67","moe_expert_tensorops":true,"moe_expert_tensorops_min_routes_per_expert":8,"moe_expert_tensorops_tile_k64":true,"packed_quantized_bytes":485166080,"pair":1,"pair_order":"ferrum-candidate>ferrum-control>llama.cpp","parameter_count":630167424,"prefill_counters":{"allocated_bytes":3145760,"allocation_time":{"nanos":341412,"secs":0},"allocations":49,"arena_capacity":60293120,"arena_high_water":60293120,"command_buffers":1,"completion_waits":1,"dispatches":531,"encode":{"nanos":226867,"secs":0},"gpu":{"nanos":46387208,"secs":0},"reused_bytes":14270464,"transient_live_bytes":0,"transient_peak_bytes":14270464,"wait":{"nanos":46668459,"secs":0}},"prefill_ms":47.448666,"prefill_profile":{},"prefill_tps":168.60326484205055,"prompt_ids":[151644,8948,198,2610,525,264,10950,17847],"prompt_tokens":8,"q4_k_mpp_tile_k64":true,"q5_0_gemv_n4":false,"q5_1_mpp_tile_k64":true,"q8_0_mpp_tile_k64":true,"retained_weight_bytes":485309184,"runtime":"ferrum","sampling_ms":3.7679549999999997,"source_tensor_bytes":485452288,"tensor_count":291,"warmup":false,"process_rss_bytes":806256640,"ferrum_variant":"control","source_matrix_case_model":"qwen2.5-phase7a-small-batch-shape-probe-q4_k_m","engine_order":["ferrum-candidate","ferrum-control","llama.cpp"],"case_index":2,"engine_load_plus_first_warmup_ms":877.0456250058487}
{"case":"m08","command_buffer_count":null,"decode_aggregate_tps":238.41896563743742,"decode_median_ms":4.108666,"decode_ms":[4.468458,4.076208,4.029084,4.342166,4.021334,4.394791,4.022959,4.342583,4.040375,4.108666,4.345042,4.034875,4.329667,4.002917,4.355333],"decode_tps":243.38799990069768,"dispatch_count":null,"first_token_ms":9.616958,"generated_ids":[448,264,671,16,3405,369,671,17,11253,382,3838,374,279,4226,369,279],"generated_tokens":16,"generation_ms":76.257875,"generation_tps":209.8143962180955,"kv_context_capacity_tokens":4096,"kv_type":"bf16","llama_commit":"84e76d8a23162eca70490da131945ebec1f09bf4","llama_version":"0.5.0-dev","model_format":"GGUF","pair":1,"pair_order":"ferrum-candidate>ferrum-control>llama.cpp","prefill_ms":9.362208,"prefill_tps":854.4992805116058,"process_max_rss_bytes":662716416,"prompt_ids":[151644,8948,198,2610,525,264,10950,17847],"prompt_tokens":8,"runtime":"llama.cpp","sampling_ms":3.9795,"warmup":false,"process_rss_bytes":662437888,"source_matrix_case_model":"qwen2.5-phase7a-small-batch-shape-probe-q4_k_m","engine_order":["ferrum-candidate","ferrum-control","llama.cpp"],"case_index":2,"engine_load_plus_first_warmup_ms":978.256624948699}
{"case":"m08","command_buffer_count":null,"decode_aggregate_tps":238.3757003497941,"decode_median_ms":4.162709,"decode_ms":[4.533125,4.329292,4.027083,4.332333,4.061542,4.381291,4.162709,4.029791,4.312709,4.014292,4.315042,4.024,4.343792,4.015792,4.043084],"decode_tps":240.2281783329077,"dispatch_count":null,"first_token_ms":8.916625,"generated_ids":[448,264,671,16,3405,369,671,17,11253,382,3838,374,279,4226,369,279],"generated_tokens":16,"generation_ms":75.660208,"generation_tps":211.47179505507043,"kv_context_capacity_tokens":4096,"kv_type":"bf16","llama_commit":"84e76d8a23162eca70490da131945ebec1f09bf4","llama_version":"0.5.0-dev","model_format":"GGUF","pair":2,"pair_order":"llama.cpp>ferrum-control>ferrum-candidate","prefill_ms":8.644166,"prefill_tps":925.4796819033785,"process_max_rss_bytes":662716416,"prompt_ids":[151644,8948,198,2610,525,264,10950,17847],"prompt_tokens":8,"runtime":"llama.cpp","sampling_ms":4.088709000000001,"warmup":false,"process_rss_bytes":662437888,"source_matrix_case_model":"qwen2.5-phase7a-small-batch-shape-probe-q4_k_m","engine_order":["llama.cpp","ferrum-control","ferrum-candidate"],"case_index":2,"engine_load_plus_first_warmup_ms":978.256624948699}
{"case":"m08","decode_aggregate_tps":124.36985937914565,"decode_counters":[{"allocated_bytes":4,"allocation_time":{"nanos":4084,"secs":0},"allocations":1,"arena_capacity":60293120,"arena_high_water":60293120,"command_buffers":1,"completion_waits":1,"dispatches":531,"encode":{"nanos":191613,"secs":0},"gpu":{"nanos":7255958,"secs":0},"reused_bytes":2242560,"transient_live_bytes":524288,"transient_peak_bytes":2242560,"wait":{"nanos":7495667,"secs":0}},{"allocated_bytes":4,"allocation_time":{"nanos":4375,"secs":0},"allocations":1,"arena_capacity":60293120,"arena_high_water":60293120,"command_buffers":1,"completion_waits":1,"dispatches":531,"encode":{"nanos":186967,"secs":0},"gpu":{"nanos":6916000,"secs":0},"reused_bytes":2254848,"transient_live_bytes":524288,"transient_peak_bytes":2254848,"wait":{"nanos":7156708,"secs":0}},{"allocated_bytes":4,"allocation_time":{"nanos":3625,"secs":0},"allocations":1,"arena_capacity":60293120,"arena_high_water":60293120,"command_buffers":1,"completion_waits":1,"dispatches":531,"encode":{"nanos":176533,"secs":0},"gpu":{"nanos":7467875,"secs":0},"reused_bytes":2254848,"transient_live_bytes":524288,"transient_peak_bytes":2254848,"wait":{"nanos":7770708,"secs":0}},{"allocated_bytes":4,"allocation_time":{"nanos":2333,"secs":0},"allocations":1,"arena_capacity":60293120,"arena_high_water":60293120,"command_buffers":1,"completion_waits":1,"dispatches":531,"encode":{"nanos":176879,"secs":0},"gpu":{"nanos":7411375,"secs":0},"reused_bytes":2254848,"transient_live_bytes":524288,"transient_peak_bytes":2254848,"wait":{"nanos":7650167,"secs":0}},{"allocated_bytes":4,"allocation_time":{"nanos":4208,"secs":0},"allocations":1,"arena_capacity":60293120,"arena_high_water":60293120,"command_buffers":1,"completion_waits":1,"dispatches":531,"encode":{"nanos":175704,"secs":0},"gpu":{"nanos":7459333,"secs":0},"reused_bytes":2254848,"transient_live_bytes":524288,"transient_peak_bytes":2254848,"wait":{"nanos":7688250,"secs":0}},{"allocated_bytes":4,"allocation_time":{"nanos":3292,"secs":0},"allocations":1,"arena_capacity":60293120,"arena_high_water":60293120,"command_buffers":1,"completion_waits":1,"dispatches":531,"encode":{"nanos":182324,"secs":0},"gpu":{"nanos":7116625,"secs":0},"reused_bytes":2254848,"transient_live_bytes":524288,"transient_peak_bytes":2254848,"wait":{"nanos":7372875,"secs":0}},{"allocated_bytes":4,"allocation_time":{"nanos":3625,"secs":0},"allocations":1,"arena_capacity":60293120,"arena_high_water":60293120,"command_buffers":1,"completion_waits":1,"dispatches":531,"encode":{"nanos":177669,"secs":0},"gpu":{"nanos":7110042,"secs":0},"reused_bytes":2254848,"transient_live_bytes":524288,"transient_peak_bytes":2254848,"wait":{"nanos":7362459,"secs":0}},{"allocated_bytes":4,"allocation_time":{"nanos":3583,"secs":0},"allocations":1,"arena_capacity":60293120,"arena_high_water":60293120,"command_buffers":1,"completion_waits":1,"dispatches":531,"encode":{"nanos":173456,"secs":0},"gpu":{"nanos":7650250,"secs":0},"reused_bytes":2254848,"transient_live_bytes":524288,"transient_peak_bytes":2254848,"wait":{"nanos":7905291,"secs":0}},{"allocated_bytes":4,"allocation_time":{"nanos":3250,"secs":0},"allocations":1,"arena_capacity":60293120,"arena_high_water":60293120,"command_buffers":1,"completion_waits":1,"dispatches":531,"encode":{"nanos":174594,"secs":0},"gpu":{"nanos":7450375,"secs":0},"reused_bytes":2254848,"transient_live_bytes":524288,"transient_peak_bytes":2254848,"wait":{"nanos":7680875,"secs":0}},{"allocated_bytes":4,"allocation_time":{"nanos":2958,"secs":0},"allocations":1,"arena_capacity":60293120,"arena_high_water":60293120,"command_buffers":1,"completion_waits":1,"dispatches":531,"encode":{"nanos":173255,"secs":0},"gpu":{"nanos":7422000,"secs":0},"reused_bytes":2254848,"transient_live_bytes":524288,"transient_peak_bytes":2254848,"wait":{"nanos":7681084,"secs":0}},{"allocated_bytes":4,"allocation_time":{"nanos":3875,"secs":0},"allocations":1,"arena_capacity":60293120,"arena_high_water":60293120,"command_buffers":1,"completion_waits":1,"dispatches":531,"encode":{"nanos":211242,"secs":0},"gpu":{"nanos":7472125,"secs":0},"reused_bytes":2279424,"transient_live_bytes":524288,"transient_peak_bytes":2279424,"wait":{"nanos":7706292,"secs":0}},{"allocated_bytes":4,"allocation_time":{"nanos":4042,"secs":0},"allocations":1,"arena_capacity":60293120,"arena_high_water":60293120,"command_buffers":1,"completion_waits":1,"dispatches":531,"encode":{"nanos":177700,"secs":0},"gpu":{"nanos":7261042,"secs":0},"reused_bytes":2279424,"transient_live_bytes":524288,"transient_peak_bytes":2279424,"wait":{"nanos":7518375,"secs":0}},{"allocated_bytes":4,"allocation_time":{"nanos":3958,"secs":0},"allocations":1,"arena_capacity":60293120,"arena_high_water":60293120,"command_buffers":1,"completion_waits":1,"dispatches":531,"encode":{"nanos":180335,"secs":0},"gpu":{"nanos":7329625,"secs":0},"reused_bytes":2279424,"transient_live_bytes":524288,"transient_peak_bytes":2279424,"wait":{"nanos":7564917,"secs":0}},{"allocated_bytes":4,"allocation_time":{"nanos":3375,"secs":0},"allocations":1,"arena_capacity":60293120,"arena_high_water":60293120,"command_buffers":1,"completion_waits":1,"dispatches":531,"encode":{"nanos":176790,"secs":0},"gpu":{"nanos":7500875,"secs":0},"reused_bytes":2279424,"transient_live_bytes":524288,"transient_peak_bytes":2279424,"wait":{"nanos":7752500,"secs":0}},{"allocated_bytes":4,"allocation_time":{"nanos":4583,"secs":0},"allocations":1,"arena_capacity":60293120,"arena_high_water":60293120,"command_buffers":1,"completion_waits":1,"dispatches":531,"encode":{"nanos":216047,"secs":0},"gpu":{"nanos":7564958,"secs":0},"reused_bytes":2279424,"transient_live_bytes":524288,"transient_peak_bytes":2279424,"wait":{"nanos":7794209,"secs":0}}],"decode_median_ms":8.07425,"decode_ms":[7.952917,7.611375,8.20625,8.066624999999998,8.120000000000001,7.816208,7.802792,8.332541,8.07425,8.107084,8.184292,7.953375,7.966374999999999,8.159082999999999,8.254833],"decode_profiles":[{},{},{},{},{},{},{},{},{},{},{},{},{},{},{}],"decode_tps":123.85051243149519,"first_token_ms":48.122459,"generated_ids":[498,646,4226,4755,1075,25,5489,8014,304,419,8544,30,476,3170,653,498],"generated_tokens":16,"generation_ms":172.45,"generation_tps":92.78051609162077,"gguf_mpp_min_rows":16,"kv_active_bytes":282624,"kv_reserved_bytes":3145728,"model_format":"GGUF","model_repository":"Qwen/Qwen2.5-0.5B-Instruct-GGUF","model_revision":"9217f5db79a29953eb74d5343926648285ec7e67","moe_expert_tensorops":true,"moe_expert_tensorops_min_routes_per_expert":8,"moe_expert_tensorops_tile_k64":true,"packed_quantized_bytes":485166080,"pair":2,"pair_order":"llama.cpp>ferrum-control>ferrum-candidate","parameter_count":630167424,"prefill_counters":{"allocated_bytes":3145760,"allocation_time":{"nanos":439712,"secs":0},"allocations":49,"arena_capacity":60293120,"arena_high_water":60293120,"command_buffers":1,"completion_waits":1,"dispatches":531,"encode":{"nanos":250750,"secs":0},"gpu":{"nanos":46633542,"secs":0},"reused_bytes":14270464,"transient_live_bytes":0,"transient_peak_bytes":14270464,"wait":{"nanos":46884792,"secs":0}},"prefill_ms":47.822167,"prefill_profile":{},"prefill_tps":167.28643852546458,"prompt_ids":[151644,8948,198,2610,525,264,10950,17847],"prompt_tokens":8,"q4_k_mpp_tile_k64":true,"q5_0_gemv_n4":false,"q5_1_mpp_tile_k64":true,"q8_0_mpp_tile_k64":true,"retained_weight_bytes":485309184,"runtime":"ferrum","sampling_ms":3.828793,"source_tensor_bytes":485452288,"tensor_count":291,"warmup":false,"process_rss_bytes":806256640,"ferrum_variant":"control","source_matrix_case_model":"qwen2.5-phase7a-small-batch-shape-probe-q4_k_m","engine_order":["llama.cpp","ferrum-control","ferrum-candidate"],"case_index":2,"engine_load_plus_first_warmup_ms":877.0456250058487}
{"case":"m08","decode_aggregate_tps":123.75688580218682,"decode_counters":[{"allocated_bytes":4,"allocation_time":{"nanos":5958,"secs":0},"allocations":1,"arena_capacity":60293120,"arena_high_water":60293120,"command_buffers":1,"completion_waits":1,"dispatches":531,"encode":{"nanos":200969,"secs":0},"gpu":{"nanos":7355375,"secs":0},"reused_bytes":2242560,"transient_live_bytes":524288,"transient_peak_bytes":2242560,"wait":{"nanos":7628292,"secs":0}},{"allocated_bytes":4,"allocation_time":{"nanos":4333,"secs":0},"allocations":1,"arena_capacity":60293120,"arena_high_water":60293120,"command_buffers":1,"completion_waits":1,"dispatches":531,"encode":{"nanos":181206,"secs":0},"gpu":{"nanos":7301667,"secs":0},"reused_bytes":2254848,"transient_live_bytes":524288,"transient_peak_bytes":2254848,"wait":{"nanos":7559084,"secs":0}},{"allocated_bytes":4,"allocation_time":{"nanos":3250,"secs":0},"allocations":1,"arena_capacity":60293120,"arena_high_water":60293120,"command_buffers":1,"completion_waits":1,"dispatches":531,"encode":{"nanos":181077,"secs":0},"gpu":{"nanos":7156375,"secs":0},"reused_bytes":2254848,"transient_live_bytes":524288,"transient_peak_bytes":2254848,"wait":{"nanos":7372083,"secs":0}},{"allocated_bytes":4,"allocation_time":{"nanos":3667,"secs":0},"allocations":1,"arena_capacity":60293120,"arena_high_water":60293120,"command_buffers":1,"completion_waits":1,"dispatches":531,"encode":{"nanos":175208,"secs":0},"gpu":{"nanos":7355792,"secs":0},"reused_bytes":2254848,"transient_live_bytes":524288,"transient_peak_bytes":2254848,"wait":{"nanos":7674667,"secs":0}},{"allocated_bytes":4,"allocation_time":{"nanos":2459,"secs":0},"allocations":1,"arena_capacity":60293120,"arena_high_water":60293120,"command_buffers":1,"completion_waits":1,"dispatches":531,"encode":{"nanos":174493,"secs":0},"gpu":{"nanos":7643375,"secs":0},"reused_bytes":2254848,"transient_live_bytes":524288,"transient_peak_bytes":2254848,"wait":{"nanos":7898083,"secs":0}},{"allocated_bytes":4,"allocation_time":{"nanos":3750,"secs":0},"allocations":1,"arena_capacity":60293120,"arena_high_water":60293120,"command_buffers":1,"completion_waits":1,"dispatches":531,"encode":{"nanos":177191,"secs":0},"gpu":{"nanos":7213000,"secs":0},"reused_bytes":2254848,"transient_live_bytes":524288,"transient_peak_bytes":2254848,"wait":{"nanos":7472209,"secs":0}},{"allocated_bytes":4,"allocation_time":{"nanos":3000,"secs":0},"allocations":1,"arena_capacity":60293120,"arena_high_water":60293120,"command_buffers":1,"completion_waits":1,"dispatches":531,"encode":{"nanos":178002,"secs":0},"gpu":{"nanos":7506500,"secs":0},"reused_bytes":2254848,"transient_live_bytes":524288,"transient_peak_bytes":2254848,"wait":{"nanos":7808875,"secs":0}},{"allocated_bytes":4,"allocation_time":{"nanos":2792,"secs":0},"allocations":1,"arena_capacity":60293120,"arena_high_water":60293120,"command_buffers":1,"completion_waits":1,"dispatches":531,"encode":{"nanos":175361,"secs":0},"gpu":{"nanos":7510375,"secs":0},"reused_bytes":2254848,"transient_live_bytes":524288,"transient_peak_bytes":2254848,"wait":{"nanos":7745750,"secs":0}},{"allocated_bytes":4,"allocation_time":{"nanos":5458,"secs":0},"allocations":1,"arena_capacity":60293120,"arena_high_water":60293120,"command_buffers":1,"completion_waits":1,"dispatches":531,"encode":{"nanos":180914,"secs":0},"gpu":{"nanos":7483042,"secs":0},"reused_bytes":2254848,"transient_live_bytes":524288,"transient_peak_bytes":2254848,"wait":{"nanos":7721167,"secs":0}},{"allocated_bytes":4,"allocation_time":{"nanos":3750,"secs":0},"allocations":1,"arena_capacity":60293120,"arena_high_water":60293120,"command_buffers":1,"completion_waits":1,"dispatches":531,"encode":{"nanos":178496,"secs":0},"gpu":{"nanos":7409208,"secs":0},"reused_bytes":2254848,"transient_live_bytes":524288,"transient_peak_bytes":2254848,"wait":{"nanos":7651625,"secs":0}},{"allocated_bytes":4,"allocation_time":{"nanos":6000,"secs":0},"allocations":1,"arena_capacity":60293120,"arena_high_water":60293120,"command_buffers":1,"completion_waits":1,"dispatches":531,"encode":{"nanos":191588,"secs":0},"gpu":{"nanos":7336375,"secs":0},"reused_bytes":2279424,"transient_live_bytes":524288,"transient_peak_bytes":2279424,"wait":{"nanos":7551833,"secs":0}},{"allocated_bytes":4,"allocation_time":{"nanos":3708,"secs":0},"allocations":1,"arena_capacity":60293120,"arena_high_water":60293120,"command_buffers":1,"completion_waits":1,"dispatches":531,"encode":{"nanos":181399,"secs":0},"gpu":{"nanos":7316375,"secs":0},"reused_bytes":2279424,"transient_live_bytes":524288,"transient_peak_bytes":2279424,"wait":{"nanos":7563500,"secs":0}},{"allocated_bytes":4,"allocation_time":{"nanos":3125,"secs":0},"allocations":1,"arena_capacity":60293120,"arena_high_water":60293120,"command_buffers":1,"completion_waits":1,"dispatches":531,"encode":{"nanos":176401,"secs":0},"gpu":{"nanos":7492667,"secs":0},"reused_bytes":2279424,"transient_live_bytes":524288,"transient_peak_bytes":2279424,"wait":{"nanos":7703959,"secs":0}},{"allocated_bytes":4,"allocation_time":{"nanos":2875,"secs":0},"allocations":1,"arena_capacity":60293120,"arena_high_water":60293120,"command_buffers":1,"completion_waits":1,"dispatches":531,"encode":{"nanos":172999,"secs":0},"gpu":{"nanos":7374542,"secs":0},"reused_bytes":2279424,"transient_live_bytes":524288,"transient_peak_bytes":2279424,"wait":{"nanos":7637541,"secs":0}},{"allocated_bytes":4,"allocation_time":{"nanos":3625,"secs":0},"allocations":1,"arena_capacity":60293120,"arena_high_water":60293120,"command_buffers":1,"completion_waits":1,"dispatches":531,"encode":{"nanos":177630,"secs":0},"gpu":{"nanos":7513167,"secs":0},"reused_bytes":2279424,"transient_live_bytes":524288,"transient_peak_bytes":2279424,"wait":{"nanos":7772458,"secs":0}}],"decode_median_ms":8.096417,"decode_ms":[8.096417,7.9986250000000005,7.795375,8.111875,8.325792,7.9048750000000005,8.244833999999999,8.142916999999999,8.161042,8.086375,7.977125,7.995375000000001,8.099083,8.062708,8.202959],"decode_profiles":[{},{},{},{},{},{},{},{},{},{},{},{},{},{},{}],"decode_tps":123.51142486855605,"first_token_ms":28.551792,"generated_ids":[498,646,4226,4755,1075,25,5489,8014,304,419,3832,30,476,3170,653,498],"generated_tokens":16,"generation_ms":153.38854099999998,"generation_tps":104.31026917454025,"gguf_mpp_min_rows":8,"kv_active_bytes":282624,"kv_reserved_bytes":3145728,"model_format":"GGUF","model_repository":"Qwen/Qwen2.5-0.5B-Instruct-GGUF","model_revision":"9217f5db79a29953eb74d5343926648285ec7e67","moe_expert_tensorops":true,"moe_expert_tensorops_min_routes_per_expert":8,"moe_expert_tensorops_tile_k64":true,"packed_quantized_bytes":485166080,"pair":2,"pair_order":"llama.cpp>ferrum-control>ferrum-candidate","parameter_count":630167424,"prefill_counters":{"allocated_bytes":3145760,"allocation_time":{"nanos":335036,"secs":0},"allocations":49,"arena_capacity":60293120,"arena_high_water":60293120,"command_buffers":1,"completion_waits":1,"dispatches":531,"encode":{"nanos":203256,"secs":0},"gpu":{"nanos":27063708,"secs":0},"reused_bytes":14270464,"transient_live_bytes":0,"transient_peak_bytes":14270464,"wait":{"nanos":27504250,"secs":0}},"prefill_ms":28.252084,"prefill_profile":{},"prefill_tps":283.1649516545399,"prompt_ids":[151644,8948,198,2610,525,264,10950,17847],"prompt_tokens":8,"q4_k_mpp_tile_k64":true,"q5_0_gemv_n4":false,"q5_1_mpp_tile_k64":true,"q8_0_mpp_tile_k64":true,"retained_weight_bytes":485309184,"runtime":"ferrum","sampling_ms":3.7577059999999998,"source_tensor_bytes":485452288,"tensor_count":291,"warmup":false,"process_rss_bytes":806256640,"ferrum_variant":"candidate","source_matrix_case_model":"qwen2.5-phase7a-small-batch-shape-probe-q4_k_m","engine_order":["llama.cpp","ferrum-control","ferrum-candidate"],"case_index":2,"engine_load_plus_first_warmup_ms":877.0456250058487}
{"case":"m08","decode_aggregate_tps":124.37870865696293,"decode_counters":[{"allocated_bytes":4,"allocation_time":{"nanos":3584,"secs":0},"allocations":1,"arena_capacity":60293120,"arena_high_water":60293120,"command_buffers":1,"completion_waits":1,"dispatches":531,"encode":{"nanos":188037,"secs":0},"gpu":{"nanos":7094042,"secs":0},"reused_bytes":2242560,"transient_live_bytes":524288,"transient_peak_bytes":2242560,"wait":{"nanos":7322042,"secs":0}},{"allocated_bytes":4,"allocation_time":{"nanos":3875,"secs":0},"allocations":1,"arena_capacity":60293120,"arena_high_water":60293120,"command_buffers":1,"completion_waits":1,"dispatches":531,"encode":{"nanos":184960,"secs":0},"gpu":{"nanos":7041000,"secs":0},"reused_bytes":2254848,"transient_live_bytes":524288,"transient_peak_bytes":2254848,"wait":{"nanos":7285458,"secs":0}},{"allocated_bytes":4,"allocation_time":{"nanos":4375,"secs":0},"allocations":1,"arena_capacity":60293120,"arena_high_water":60293120,"command_buffers":1,"completion_waits":1,"dispatches":531,"encode":{"nanos":186447,"secs":0},"gpu":{"nanos":7146875,"secs":0},"reused_bytes":2254848,"transient_live_bytes":524288,"transient_peak_bytes":2254848,"wait":{"nanos":7353083,"secs":0}},{"allocated_bytes":4,"allocation_time":{"nanos":3792,"secs":0},"allocations":1,"arena_capacity":60293120,"arena_high_water":60293120,"command_buffers":1,"completion_waits":1,"dispatches":531,"encode":{"nanos":180876,"secs":0},"gpu":{"nanos":7642500,"secs":0},"reused_bytes":2254848,"transient_live_bytes":524288,"transient_peak_bytes":2254848,"wait":{"nanos":7856208,"secs":0}},{"allocated_bytes":4,"allocation_time":{"nanos":4500,"secs":0},"allocations":1,"arena_capacity":60293120,"arena_high_water":60293120,"command_buffers":1,"completion_waits":1,"dispatches":531,"encode":{"nanos":183633,"secs":0},"gpu":{"nanos":7686583,"secs":0},"reused_bytes":2254848,"transient_live_bytes":524288,"transient_peak_bytes":2254848,"wait":{"nanos":7922583,"secs":0}},{"allocated_bytes":4,"allocation_time":{"nanos":3333,"secs":0},"allocations":1,"arena_capacity":60293120,"arena_high_water":60293120,"command_buffers":1,"completion_waits":1,"dispatches":531,"encode":{"nanos":189163,"secs":0},"gpu":{"nanos":7265625,"secs":0},"reused_bytes":2254848,"transient_live_bytes":524288,"transient_peak_bytes":2254848,"wait":{"nanos":7527875,"secs":0}},{"allocated_bytes":4,"allocation_time":{"nanos":2583,"secs":0},"allocations":1,"arena_capacity":60293120,"arena_high_water":60293120,"command_buffers":1,"completion_waits":1,"dispatches":531,"encode":{"nanos":179351,"secs":0},"gpu":{"nanos":7245208,"secs":0},"reused_bytes":2254848,"transient_live_bytes":524288,"transient_peak_bytes":2254848,"wait":{"nanos":7482959,"secs":0}},{"allocated_bytes":4,"allocation_time":{"nanos":3792,"secs":0},"allocations":1,"arena_capacity":60293120,"arena_high_water":60293120,"command_buffers":1,"completion_waits":1,"dispatches":531,"encode":{"nanos":181176,"secs":0},"gpu":{"nanos":7237667,"secs":0},"reused_bytes":2254848,"transient_live_bytes":524288,"transient_peak_bytes":2254848,"wait":{"nanos":7468167,"secs":0}},{"allocated_bytes":4,"allocation_time":{"nanos":3375,"secs":0},"allocations":1,"arena_capacity":60293120,"arena_high_water":60293120,"command_buffers":1,"completion_waits":1,"dispatches":531,"encode":{"nanos":178010,"secs":0},"gpu":{"nanos":7455375,"secs":0},"reused_bytes":2254848,"transient_live_bytes":524288,"transient_peak_bytes":2254848,"wait":{"nanos":7704416,"secs":0}},{"allocated_bytes":4,"allocation_time":{"nanos":3000,"secs":0},"allocations":1,"arena_capacity":60293120,"arena_high_water":60293120,"command_buffers":1,"completion_waits":1,"dispatches":531,"encode":{"nanos":177500,"secs":0},"gpu":{"nanos":7705333,"secs":0},"reused_bytes":2254848,"transient_live_bytes":524288,"transient_peak_bytes":2254848,"wait":{"nanos":7935417,"secs":0}},{"allocated_bytes":4,"allocation_time":{"nanos":3041,"secs":0},"allocations":1,"arena_capacity":60293120,"arena_high_water":60293120,"command_buffers":1,"completion_waits":1,"dispatches":531,"encode":{"nanos":180381,"secs":0},"gpu":{"nanos":7586208,"secs":0},"reused_bytes":2279424,"transient_live_bytes":524288,"transient_peak_bytes":2279424,"wait":{"nanos":7833541,"secs":0}},{"allocated_bytes":4,"allocation_time":{"nanos":3000,"secs":0},"allocations":1,"arena_capacity":60293120,"arena_high_water":60293120,"command_buffers":1,"completion_waits":1,"dispatches":531,"encode":{"nanos":177639,"secs":0},"gpu":{"nanos":7330250,"secs":0},"reused_bytes":2279424,"transient_live_bytes":524288,"transient_peak_bytes":2279424,"wait":{"nanos":7603875,"secs":0}},{"allocated_bytes":4,"allocation_time":{"nanos":3125,"secs":0},"allocations":1,"arena_capacity":60293120,"arena_high_water":60293120,"command_buffers":1,"completion_waits":1,"dispatches":531,"encode":{"nanos":177738,"secs":0},"gpu":{"nanos":7194042,"secs":0},"reused_bytes":2279424,"transient_live_bytes":524288,"transient_peak_bytes":2279424,"wait":{"nanos":7512083,"secs":0}},{"allocated_bytes":4,"allocation_time":{"nanos":3500,"secs":0},"allocations":1,"arena_capacity":60293120,"arena_high_water":60293120,"command_buffers":1,"completion_waits":1,"dispatches":531,"encode":{"nanos":181581,"secs":0},"gpu":{"nanos":7326250,"secs":0},"reused_bytes":2279424,"transient_live_bytes":524288,"transient_peak_bytes":2279424,"wait":{"nanos":7542209,"secs":0}},{"allocated_bytes":4,"allocation_time":{"nanos":3750,"secs":0},"allocations":1,"arena_capacity":60293120,"arena_high_water":60293120,"command_buffers":1,"completion_waits":1,"dispatches":531,"encode":{"nanos":180156,"secs":0},"gpu":{"nanos":7493917,"secs":0},"reused_bytes":2279424,"transient_live_bytes":524288,"transient_peak_bytes":2279424,"wait":{"nanos":7742542,"secs":0}}],"decode_median_ms":7.98025,"decode_ms":[7.768542,7.735291,7.7777080000000005,8.269209,8.368667,7.965542000000001,7.928958,7.916292,8.133,8.332667,8.270833,8.029542000000001,7.944833999999999,7.98025,8.178084],"decode_profiles":[{},{},{},{},{},{},{},{},{},{},{},{},{},{},{}],"decode_tps":125.30935747626954,"first_token_ms":27.996584000000002,"generated_ids":[498,646,4226,4755,1075,25,5489,8014,304,419,3832,30,476,3170,653,498],"generated_tokens":16,"generation_ms":152.212042,"generation_tps":105.11651896766486,"gguf_mpp_min_rows":8,"kv_active_bytes":282624,"kv_reserved_bytes":3145728,"model_format":"GGUF","model_repository":"Qwen/Qwen2.5-0.5B-Instruct-GGUF","model_revision":"9217f5db79a29953eb74d5343926648285ec7e67","moe_expert_tensorops":true,"moe_expert_tensorops_min_routes_per_expert":8,"moe_expert_tensorops_tile_k64":true,"packed_quantized_bytes":485166080,"pair":3,"pair_order":"ferrum-candidate>ferrum-control>llama.cpp","parameter_count":630167424,"prefill_counters":{"allocated_bytes":3145760,"allocation_time":{"nanos":366668,"secs":0},"allocations":49,"arena_capacity":60293120,"arena_high_water":60293120,"command_buffers":1,"completion_waits":1,"dispatches":531,"encode":{"nanos":208809,"secs":0},"gpu":{"nanos":26377042,"secs":0},"reused_bytes":14270464,"transient_live_bytes":0,"transient_peak_bytes":14270464,"wait":{"nanos":26915500,"secs":0}},"prefill_ms":27.697209,"prefill_profile":{},"prefill_tps":288.8377670111093,"prompt_ids":[151644,8948,198,2610,525,264,10950,17847],"prompt_tokens":8,"q4_k_mpp_tile_k64":true,"q5_0_gemv_n4":false,"q5_1_mpp_tile_k64":true,"q8_0_mpp_tile_k64":true,"retained_weight_bytes":485309184,"runtime":"ferrum","sampling_ms":3.734125,"source_tensor_bytes":485452288,"tensor_count":291,"warmup":false,"process_rss_bytes":806256640,"ferrum_variant":"candidate","source_matrix_case_model":"qwen2.5-phase7a-small-batch-shape-probe-q4_k_m","engine_order":["ferrum-candidate","ferrum-control","llama.cpp"],"case_index":2,"engine_load_plus_first_warmup_ms":877.0456250058487}
{"case":"m08","decode_aggregate_tps":123.93770718976354,"decode_counters":[{"allocated_bytes":4,"allocation_time":{"nanos":5583,"secs":0},"allocations":1,"arena_capacity":60293120,"arena_high_water":60293120,"command_buffers":1,"completion_waits":1,"dispatches":531,"encode":{"nanos":192497,"secs":0},"gpu":{"nanos":7508250,"secs":0},"reused_bytes":2242560,"transient_live_bytes":524288,"transient_peak_bytes":2242560,"wait":{"nanos":7805292,"secs":0}},{"allocated_bytes":4,"allocation_time":{"nanos":3292,"secs":0},"allocations":1,"arena_capacity":60293120,"arena_high_water":60293120,"command_buffers":1,"completion_waits":1,"dispatches":531,"encode":{"nanos":181710,"secs":0},"gpu":{"nanos":7193125,"secs":0},"reused_bytes":2254848,"transient_live_bytes":524288,"transient_peak_bytes":2254848,"wait":{"nanos":7452333,"secs":0}},{"allocated_bytes":4,"allocation_time":{"nanos":4666,"secs":0},"allocations":1,"arena_capacity":60293120,"arena_high_water":60293120,"command_buffers":1,"completion_waits":1,"dispatches":531,"encode":{"nanos":186103,"secs":0},"gpu":{"nanos":7459125,"secs":0},"reused_bytes":2254848,"transient_live_bytes":524288,"transient_peak_bytes":2254848,"wait":{"nanos":7669500,"secs":0}},{"allocated_bytes":4,"allocation_time":{"nanos":3417,"secs":0},"allocations":1,"arena_capacity":60293120,"arena_high_water":60293120,"command_buffers":1,"completion_waits":1,"dispatches":531,"encode":{"nanos":181087,"secs":0},"gpu":{"nanos":7162833,"secs":0},"reused_bytes":2254848,"transient_live_bytes":524288,"transient_peak_bytes":2254848,"wait":{"nanos":7432166,"secs":0}},{"allocated_bytes":4,"allocation_time":{"nanos":3959,"secs":0},"allocations":1,"arena_capacity":60293120,"arena_high_water":60293120,"command_buffers":1,"completion_waits":1,"dispatches":531,"encode":{"nanos":184423,"secs":0},"gpu":{"nanos":7166875,"secs":0},"reused_bytes":2254848,"transient_live_bytes":524288,"transient_peak_bytes":2254848,"wait":{"nanos":7398042,"secs":0}},{"allocated_bytes":4,"allocation_time":{"nanos":3333,"secs":0},"allocations":1,"arena_capacity":60293120,"arena_high_water":60293120,"command_buffers":1,"completion_waits":1,"dispatches":531,"encode":{"nanos":179381,"secs":0},"gpu":{"nanos":7390125,"secs":0},"reused_bytes":2254848,"transient_live_bytes":524288,"transient_peak_bytes":2254848,"wait":{"nanos":7644333,"secs":0}},{"allocated_bytes":4,"allocation_time":{"nanos":4125,"secs":0},"allocations":1,"arena_capacity":60293120,"arena_high_water":60293120,"command_buffers":1,"completion_waits":1,"dispatches":531,"encode":{"nanos":186387,"secs":0},"gpu":{"nanos":7437625,"secs":0},"reused_bytes":2254848,"transient_live_bytes":524288,"transient_peak_bytes":2254848,"wait":{"nanos":7665625,"secs":0}},{"allocated_bytes":4,"allocation_time":{"nanos":3209,"secs":0},"allocations":1,"arena_capacity":60293120,"arena_high_water":60293120,"command_buffers":1,"completion_waits":1,"dispatches":531,"encode":{"nanos":176424,"secs":0},"gpu":{"nanos":7664667,"secs":0},"reused_bytes":2254848,"transient_live_bytes":524288,"transient_peak_bytes":2254848,"wait":{"nanos":7927250,"secs":0}},{"allocated_bytes":4,"allocation_time":{"nanos":4041,"secs":0},"allocations":1,"arena_capacity":60293120,"arena_high_water":60293120,"command_buffers":1,"completion_waits":1,"dispatches":531,"encode":{"nanos":192790,"secs":0},"gpu":{"nanos":7419833,"secs":0},"reused_bytes":2254848,"transient_live_bytes":524288,"transient_peak_bytes":2254848,"wait":{"nanos":7655625,"secs":0}},{"allocated_bytes":4,"allocation_time":{"nanos":2666,"secs":0},"allocations":1,"arena_capacity":60293120,"arena_high_water":60293120,"command_buffers":1,"completion_waits":1,"dispatches":531,"encode":{"nanos":176714,"secs":0},"gpu":{"nanos":7136542,"secs":0},"reused_bytes":2254848,"transient_live_bytes":524288,"transient_peak_bytes":2254848,"wait":{"nanos":7412125,"secs":0}},{"allocated_bytes":4,"allocation_time":{"nanos":3666,"secs":0},"allocations":1,"arena_capacity":60293120,"arena_high_water":60293120,"command_buffers":1,"completion_waits":1,"dispatches":531,"encode":{"nanos":197462,"secs":0},"gpu":{"nanos":7180750,"secs":0},"reused_bytes":2279424,"transient_live_bytes":524288,"transient_peak_bytes":2279424,"wait":{"nanos":7425125,"secs":0}},{"allocated_bytes":4,"allocation_time":{"nanos":3167,"secs":0},"allocations":1,"arena_capacity":60293120,"arena_high_water":60293120,"command_buffers":1,"completion_waits":1,"dispatches":531,"encode":{"nanos":176794,"secs":0},"gpu":{"nanos":7555750,"secs":0},"reused_bytes":2279424,"transient_live_bytes":524288,"transient_peak_bytes":2279424,"wait":{"nanos":7789709,"secs":0}},{"allocated_bytes":4,"allocation_time":{"nanos":3833,"secs":0},"allocations":1,"arena_capacity":60293120,"arena_high_water":60293120,"command_buffers":1,"completion_waits":1,"dispatches":531,"encode":{"nanos":178836,"secs":0},"gpu":{"nanos":7612875,"secs":0},"reused_bytes":2279424,"transient_live_bytes":524288,"transient_peak_bytes":2279424,"wait":{"nanos":7834125,"secs":0}},{"allocated_bytes":4,"allocation_time":{"nanos":2750,"secs":0},"allocations":1,"arena_capacity":60293120,"arena_high_water":60293120,"command_buffers":1,"completion_waits":1,"dispatches":531,"encode":{"nanos":176308,"secs":0},"gpu":{"nanos":7522208,"secs":0},"reused_bytes":2279424,"transient_live_bytes":524288,"transient_peak_bytes":2279424,"wait":{"nanos":7806125,"secs":0}},{"allocated_bytes":4,"allocation_time":{"nanos":2458,"secs":0},"allocations":1,"arena_capacity":60293120,"arena_high_water":60293120,"command_buffers":1,"completion_waits":1,"dispatches":531,"encode":{"nanos":177820,"secs":0},"gpu":{"nanos":7416083,"secs":0},"reused_bytes":2279424,"transient_live_bytes":524288,"transient_peak_bytes":2279424,"wait":{"nanos":7661167,"secs":0}}],"decode_median_ms":8.078667,"decode_ms":[8.286417,7.894,8.078292000000001,7.832083,7.833125,8.078667,8.074375,8.355375,8.1125,7.844250000000001,7.887542000000001,8.18525,8.239625,8.236666,8.090375],"decode_profiles":[{},{},{},{},{},{},{},{},{},{},{},{},{},{},{}],"decode_tps":123.78279733525346,"first_token_ms":47.784542,"generated_ids":[498,646,4226,4755,1075,25,5489,8014,304,419,8544,30,476,3170,653,498],"generated_tokens":16,"generation_ms":172.54329199999998,"generation_tps":92.73035082696812,"gguf_mpp_min_rows":16,"kv_active_bytes":282624,"kv_reserved_bytes":3145728,"model_format":"GGUF","model_repository":"Qwen/Qwen2.5-0.5B-Instruct-GGUF","model_revision":"9217f5db79a29953eb74d5343926648285ec7e67","moe_expert_tensorops":true,"moe_expert_tensorops_min_routes_per_expert":8,"moe_expert_tensorops_tile_k64":true,"packed_quantized_bytes":485166080,"pair":3,"pair_order":"ferrum-candidate>ferrum-control>llama.cpp","parameter_count":630167424,"prefill_counters":{"allocated_bytes":3145760,"allocation_time":{"nanos":321670,"secs":0},"allocations":49,"arena_capacity":60293120,"arena_high_water":60293120,"command_buffers":1,"completion_waits":1,"dispatches":531,"encode":{"nanos":207990,"secs":0},"gpu":{"nanos":46418875,"secs":0},"reused_bytes":14270464,"transient_live_bytes":0,"transient_peak_bytes":14270464,"wait":{"nanos":46747667,"secs":0}},"prefill_ms":47.483834,"prefill_profile":{},"prefill_tps":168.47839203548727,"prompt_ids":[151644,8948,198,2610,525,264,10950,17847],"prompt_tokens":8,"q4_k_mpp_tile_k64":true,"q5_0_gemv_n4":false,"q5_1_mpp_tile_k64":true,"q8_0_mpp_tile_k64":true,"retained_weight_bytes":485309184,"runtime":"ferrum","sampling_ms":3.8527489999999998,"source_tensor_bytes":485452288,"tensor_count":291,"warmup":false,"process_rss_bytes":806256640,"ferrum_variant":"control","source_matrix_case_model":"qwen2.5-phase7a-small-batch-shape-probe-q4_k_m","engine_order":["ferrum-candidate","ferrum-control","llama.cpp"],"case_index":2,"engine_load_plus_first_warmup_ms":877.0456250058487}
{"case":"m08","command_buffer_count":null,"decode_aggregate_tps":237.83317990714897,"decode_median_ms":4.102709,"decode_ms":[4.511583,4.15625,4.065167,4.367459,4.07575,4.481791,4.069166,4.102709,4.034208,4.060292,4.332667,4.030208,4.452125,3.991625,4.338417],"decode_tps":243.74139135873395,"dispatch_count":null,"first_token_ms":9.199042,"generated_ids":[448,264,671,16,3405,369,671,17,11253,382,3838,374,279,4226,369,279],"generated_tokens":16,"generation_ms":76.055458,"generation_tps":210.3728045395506,"kv_context_capacity_tokens":4096,"kv_type":"bf16","llama_commit":"84e76d8a23162eca70490da131945ebec1f09bf4","llama_version":"0.5.0-dev","model_format":"GGUF","pair":3,"pair_order":"ferrum-candidate>ferrum-control>llama.cpp","prefill_ms":8.938292,"prefill_tps":895.0255820686995,"process_max_rss_bytes":662716416,"prompt_ids":[151644,8948,198,2610,525,264,10950,17847],"prompt_tokens":8,"runtime":"llama.cpp","sampling_ms":4.046207999999999,"warmup":false,"process_rss_bytes":662437888,"source_matrix_case_model":"qwen2.5-phase7a-small-batch-shape-probe-q4_k_m","engine_order":["ferrum-candidate","ferrum-control","llama.cpp"],"case_index":2,"engine_load_plus_first_warmup_ms":978.256624948699}
{"case":"m08","command_buffer_count":null,"decode_aggregate_tps":238.80598155491256,"decode_median_ms":4.098542,"decode_ms":[4.427041,4.356208,4.035166,4.339083,3.981166,4.051375,4.357625,4.015125,4.405375,4.098542,4.350208,4.016458,4.32525,4.067708,3.986167],"decode_tps":243.98920396570293,"dispatch_count":null,"first_token_ms":8.964958,"generated_ids":[448,264,671,16,3405,369,671,17,11253,382,3838,374,279,4226,369,279],"generated_tokens":16,"generation_ms":75.552708,"generation_tps":211.7726872212178,"kv_context_capacity_tokens":4096,"kv_type":"bf16","llama_commit":"84e76d8a23162eca70490da131945ebec1f09bf4","llama_version":"0.5.0-dev","model_format":"GGUF","pair":4,"pair_order":"llama.cpp>ferrum-control>ferrum-candidate","prefill_ms":8.6635,"prefill_tps":923.4143244647082,"process_max_rss_bytes":662716416,"prompt_ids":[151644,8948,198,2610,525,264,10950,17847],"prompt_tokens":8,"runtime":"llama.cpp","sampling_ms":4.075165,"warmup":false,"process_rss_bytes":662437888,"source_matrix_case_model":"qwen2.5-phase7a-small-batch-shape-probe-q4_k_m","engine_order":["llama.cpp","ferrum-control","ferrum-candidate"],"case_index":2,"engine_load_plus_first_warmup_ms":978.256624948699}
{"case":"m08","decode_aggregate_tps":123.96160667729276,"decode_counters":[{"allocated_bytes":4,"allocation_time":{"nanos":6709,"secs":0},"allocations":1,"arena_capacity":60293120,"arena_high_water":60293120,"command_buffers":1,"completion_waits":1,"dispatches":531,"encode":{"nanos":233378,"secs":0},"gpu":{"nanos":7251250,"secs":0},"reused_bytes":2242560,"transient_live_bytes":524288,"transient_peak_bytes":2242560,"wait":{"nanos":7509792,"secs":0}},{"allocated_bytes":4,"allocation_time":{"nanos":4000,"secs":0},"allocations":1,"arena_capacity":60293120,"arena_high_water":60293120,"command_buffers":1,"completion_waits":1,"dispatches":531,"encode":{"nanos":181402,"secs":0},"gpu":{"nanos":7206125,"secs":0},"reused_bytes":2254848,"transient_live_bytes":524288,"transient_peak_bytes":2254848,"wait":{"nanos":7462750,"secs":0}},{"allocated_bytes":4,"allocation_time":{"nanos":4333,"secs":0},"allocations":1,"arena_capacity":60293120,"arena_high_water":60293120,"command_buffers":1,"completion_waits":1,"dispatches":531,"encode":{"nanos":202835,"secs":0},"gpu":{"nanos":7523083,"secs":0},"reused_bytes":2254848,"transient_live_bytes":524288,"transient_peak_bytes":2254848,"wait":{"nanos":7759333,"secs":0}},{"allocated_bytes":4,"allocation_time":{"nanos":3042,"secs":0},"allocations":1,"arena_capacity":60293120,"arena_high_water":60293120,"command_buffers":1,"completion_waits":1,"dispatches":531,"encode":{"nanos":178008,"secs":0},"gpu":{"nanos":7392500,"secs":0},"reused_bytes":2254848,"transient_live_bytes":524288,"transient_peak_bytes":2254848,"wait":{"nanos":7640333,"secs":0}},{"allocated_bytes":4,"allocation_time":{"nanos":4583,"secs":0},"allocations":1,"arena_capacity":60293120,"arena_high_water":60293120,"command_buffers":1,"completion_waits":1,"dispatches":531,"encode":{"nanos":188229,"secs":0},"gpu":{"nanos":7435083,"secs":0},"reused_bytes":2254848,"transient_live_bytes":524288,"transient_peak_bytes":2254848,"wait":{"nanos":7738208,"secs":0}},{"allocated_bytes":4,"allocation_time":{"nanos":3500,"secs":0},"allocations":1,"arena_capacity":60293120,"arena_high_water":60293120,"command_buffers":1,"completion_waits":1,"dispatches":531,"encode":{"nanos":176782,"secs":0},"gpu":{"nanos":7131000,"secs":0},"reused_bytes":2254848,"transient_live_bytes":524288,"transient_peak_bytes":2254848,"wait":{"nanos":7378792,"secs":0}},{"allocated_bytes":4,"allocation_time":{"nanos":3625,"secs":0},"allocations":1,"arena_capacity":60293120,"arena_high_water":60293120,"command_buffers":1,"completion_waits":1,"dispatches":531,"encode":{"nanos":177705,"secs":0},"gpu":{"nanos":7144458,"secs":0},"reused_bytes":2254848,"transient_live_bytes":524288,"transient_peak_bytes":2254848,"wait":{"nanos":7352250,"secs":0}},{"allocated_bytes":4,"allocation_time":{"nanos":3417,"secs":0},"allocations":1,"arena_capacity":60293120,"arena_high_water":60293120,"command_buffers":1,"completion_waits":1,"dispatches":531,"encode":{"nanos":177970,"secs":0},"gpu":{"nanos":7669708,"secs":0},"reused_bytes":2254848,"transient_live_bytes":524288,"transient_peak_bytes":2254848,"wait":{"nanos":7899417,"secs":0}},{"allocated_bytes":4,"allocation_time":{"nanos":3333,"secs":0},"allocations":1,"arena_capacity":60293120,"arena_high_water":60293120,"command_buffers":1,"completion_waits":1,"dispatches":531,"encode":{"nanos":174505,"secs":0},"gpu":{"nanos":7409250,"secs":0},"reused_bytes":2254848,"transient_live_bytes":524288,"transient_peak_bytes":2254848,"wait":{"nanos":7642875,"secs":0}},{"allocated_bytes":4,"allocation_time":{"nanos":2916,"secs":0},"allocations":1,"arena_capacity":60293120,"arena_high_water":60293120,"command_buffers":1,"completion_waits":1,"dispatches":531,"encode":{"nanos":173990,"secs":0},"gpu":{"nanos":7413000,"secs":0},"reused_bytes":2254848,"transient_live_bytes":524288,"transient_peak_bytes":2254848,"wait":{"nanos":7677875,"secs":0}},{"allocated_bytes":4,"allocation_time":{"nanos":3542,"secs":0},"allocations":1,"arena_capacity":60293120,"arena_high_water":60293120,"command_buffers":1,"completion_waits":1,"dispatches":531,"encode":{"nanos":179627,"secs":0},"gpu":{"nanos":7466875,"secs":0},"reused_bytes":2279424,"transient_live_bytes":524288,"transient_peak_bytes":2279424,"wait":{"nanos":7716709,"secs":0}},{"allocated_bytes":4,"allocation_time":{"nanos":3708,"secs":0},"allocations":1,"arena_capacity":60293120,"arena_high_water":60293120,"command_buffers":1,"completion_waits":1,"dispatches":531,"encode":{"nanos":188976,"secs":0},"gpu":{"nanos":7277250,"secs":0},"reused_bytes":2279424,"transient_live_bytes":524288,"transient_peak_bytes":2279424,"wait":{"nanos":7589500,"secs":0}},{"allocated_bytes":4,"allocation_time":{"nanos":2667,"secs":0},"allocations":1,"arena_capacity":60293120,"arena_high_water":60293120,"command_buffers":1,"completion_waits":1,"dispatches":531,"encode":{"nanos":177873,"secs":0},"gpu":{"nanos":7526458,"secs":0},"reused_bytes":2279424,"transient_live_bytes":524288,"transient_peak_bytes":2279424,"wait":{"nanos":7718250,"secs":0}},{"allocated_bytes":4,"allocation_time":{"nanos":3292,"secs":0},"allocations":1,"arena_capacity":60293120,"arena_high_water":60293120,"command_buffers":1,"completion_waits":1,"dispatches":531,"encode":{"nanos":178802,"secs":0},"gpu":{"nanos":7461625,"secs":0},"reused_bytes":2279424,"transient_live_bytes":524288,"transient_peak_bytes":2279424,"wait":{"nanos":7716167,"secs":0}},{"allocated_bytes":4,"allocation_time":{"nanos":3167,"secs":0},"allocations":1,"arena_capacity":60293120,"arena_high_water":60293120,"command_buffers":1,"completion_waits":1,"dispatches":531,"encode":{"nanos":177584,"secs":0},"gpu":{"nanos":7402000,"secs":0},"reused_bytes":2279424,"transient_live_bytes":524288,"transient_peak_bytes":2279424,"wait":{"nanos":7637209,"secs":0}}],"decode_median_ms":8.066833,"decode_ms":[8.031542,7.904082999999999,8.208125,8.066833,8.198375,7.806834,7.791959,8.331583,8.048458,8.105958,8.154333,8.051791000000001,8.115542,8.147,8.042792],"decode_profiles":[{},{},{},{},{},{},{},{},{},{},{},{},{},{},{}],"decode_tps":123.96438602361049,"first_token_ms":47.869541,"generated_ids":[498,646,4226,4755,1075,25,5489,8014,304,419,8544,30,476,3170,653,498],"generated_tokens":16,"generation_ms":172.490541,"generation_tps":92.75870959208135,"gguf_mpp_min_rows":16,"kv_active_bytes":282624,"kv_reserved_bytes":3145728,"model_format":"GGUF","model_repository":"Qwen/Qwen2.5-0.5B-Instruct-GGUF","model_revision":"9217f5db79a29953eb74d5343926648285ec7e67","moe_expert_tensorops":true,"moe_expert_tensorops_min_routes_per_expert":8,"moe_expert_tensorops_tile_k64":true,"packed_quantized_bytes":485166080,"pair":4,"pair_order":"llama.cpp>ferrum-control>ferrum-candidate","parameter_count":630167424,"prefill_counters":{"allocated_bytes":3145760,"allocation_time":{"nanos":355708,"secs":0},"allocations":49,"arena_capacity":60293120,"arena_high_water":60293120,"command_buffers":1,"completion_waits":1,"dispatches":531,"encode":{"nanos":219585,"secs":0},"gpu":{"nanos":46321375,"secs":0},"reused_bytes":14270464,"transient_live_bytes":0,"transient_peak_bytes":14270464,"wait":{"nanos":46752708,"secs":0}},"prefill_ms":47.558707999999996,"prefill_profile":{},"prefill_tps":168.2131482629848,"prompt_ids":[151644,8948,198,2610,525,264,10950,17847],"prompt_tokens":8,"q4_k_mpp_tile_k64":true,"q5_0_gemv_n4":false,"q5_1_mpp_tile_k64":true,"q8_0_mpp_tile_k64":true,"retained_weight_bytes":485309184,"runtime":"ferrum","sampling_ms":3.7395039999999997,"source_tensor_bytes":485452288,"tensor_count":291,"warmup":false,"process_rss_bytes":806256640,"ferrum_variant":"control","source_matrix_case_model":"qwen2.5-phase7a-small-batch-shape-probe-q4_k_m","engine_order":["llama.cpp","ferrum-control","ferrum-candidate"],"case_index":2,"engine_load_plus_first_warmup_ms":877.0456250058487}
{"case":"m08","decode_aggregate_tps":124.15026180972744,"decode_counters":[{"allocated_bytes":4,"allocation_time":{"nanos":4583,"secs":0},"allocations":1,"arena_capacity":60293120,"arena_high_water":60293120,"command_buffers":1,"completion_waits":1,"dispatches":531,"encode":{"nanos":199505,"secs":0},"gpu":{"nanos":7364375,"secs":0},"reused_bytes":2242560,"transient_live_bytes":524288,"transient_peak_bytes":2242560,"wait":{"nanos":7606083,"secs":0}},{"allocated_bytes":4,"allocation_time":{"nanos":2541,"secs":0},"allocations":1,"arena_capacity":60293120,"arena_high_water":60293120,"command_buffers":1,"completion_waits":1,"dispatches":531,"encode":{"nanos":221483,"secs":0},"gpu":{"nanos":7313875,"secs":0},"reused_bytes":2254848,"transient_live_bytes":524288,"transient_peak_bytes":2254848,"wait":{"nanos":7518542,"secs":0}},{"allocated_bytes":4,"allocation_time":{"nanos":3125,"secs":0},"allocations":1,"arena_capacity":60293120,"arena_high_water":60293120,"command_buffers":1,"completion_waits":1,"dispatches":531,"encode":{"nanos":177583,"secs":0},"gpu":{"nanos":6891292,"secs":0},"reused_bytes":2254848,"transient_live_bytes":524288,"transient_peak_bytes":2254848,"wait":{"nanos":7135458,"secs":0}},{"allocated_bytes":4,"allocation_time":{"nanos":3791,"secs":0},"allocations":1,"arena_capacity":60293120,"arena_high_water":60293120,"command_buffers":1,"completion_waits":1,"dispatches":531,"encode":{"nanos":199084,"secs":0},"gpu":{"nanos":7457542,"secs":0},"reused_bytes":2254848,"transient_live_bytes":524288,"transient_peak_bytes":2254848,"wait":{"nanos":7666125,"secs":0}},{"allocated_bytes":4,"allocation_time":{"nanos":4583,"secs":0},"allocations":1,"arena_capacity":60293120,"arena_high_water":60293120,"command_buffers":1,"completion_waits":1,"dispatches":531,"encode":{"nanos":190533,"secs":0},"gpu":{"nanos":7669875,"secs":0},"reused_bytes":2254848,"transient_live_bytes":524288,"transient_peak_bytes":2254848,"wait":{"nanos":7929292,"secs":0}},{"allocated_bytes":4,"allocation_time":{"nanos":3750,"secs":0},"allocations":1,"arena_capacity":60293120,"arena_high_water":60293120,"command_buffers":1,"completion_waits":1,"dispatches":531,"encode":{"nanos":191076,"secs":0},"gpu":{"nanos":7281583,"secs":0},"reused_bytes":2254848,"transient_live_bytes":524288,"transient_peak_bytes":2254848,"wait":{"nanos":7496084,"secs":0}},{"allocated_bytes":4,"allocation_time":{"nanos":3042,"secs":0},"allocations":1,"arena_capacity":60293120,"arena_high_water":60293120,"command_buffers":1,"completion_waits":1,"dispatches":531,"encode":{"nanos":175723,"secs":0},"gpu":{"nanos":7489125,"secs":0},"reused_bytes":2254848,"transient_live_bytes":524288,"transient_peak_bytes":2254848,"wait":{"nanos":7742125,"secs":0}},{"allocated_bytes":4,"allocation_time":{"nanos":3000,"secs":0},"allocations":1,"arena_capacity":60293120,"arena_high_water":60293120,"command_buffers":1,"completion_waits":1,"dispatches":531,"encode":{"nanos":174719,"secs":0},"gpu":{"nanos":7500500,"secs":0},"reused_bytes":2254848,"transient_live_bytes":524288,"transient_peak_bytes":2254848,"wait":{"nanos":7762292,"secs":0}},{"allocated_bytes":4,"allocation_time":{"nanos":3417,"secs":0},"allocations":1,"arena_capacity":60293120,"arena_high_water":60293120,"command_buffers":1,"completion_waits":1,"dispatches":531,"encode":{"nanos":181569,"secs":0},"gpu":{"nanos":7183083,"secs":0},"reused_bytes":2254848,"transient_live_bytes":524288,"transient_peak_bytes":2254848,"wait":{"nanos":7447958,"secs":0}},{"allocated_bytes":4,"allocation_time":{"nanos":3209,"secs":0},"allocations":1,"arena_capacity":60293120,"arena_high_water":60293120,"command_buffers":1,"completion_waits":1,"dispatches":531,"encode":{"nanos":184337,"secs":0},"gpu":{"nanos":7408000,"secs":0},"reused_bytes":2254848,"transient_live_bytes":524288,"transient_peak_bytes":2254848,"wait":{"nanos":7650000,"secs":0}},{"allocated_bytes":4,"allocation_time":{"nanos":3208,"secs":0},"allocations":1,"arena_capacity":60293120,"arena_high_water":60293120,"command_buffers":1,"completion_waits":1,"dispatches":531,"encode":{"nanos":183207,"secs":0},"gpu":{"nanos":7581750,"secs":0},"reused_bytes":2279424,"transient_live_bytes":524288,"transient_peak_bytes":2279424,"wait":{"nanos":7824125,"secs":0}},{"allocated_bytes":4,"allocation_time":{"nanos":3792,"secs":0},"allocations":1,"arena_capacity":60293120,"arena_high_water":60293120,"command_buffers":1,"completion_waits":1,"dispatches":531,"encode":{"nanos":175509,"secs":0},"gpu":{"nanos":7315667,"secs":0},"reused_bytes":2279424,"transient_live_bytes":524288,"transient_peak_bytes":2279424,"wait":{"nanos":7615333,"secs":0}},{"allocated_bytes":4,"allocation_time":{"nanos":2375,"secs":0},"allocations":1,"arena_capacity":60293120,"arena_high_water":60293120,"command_buffers":1,"completion_waits":1,"dispatches":531,"encode":{"nanos":182393,"secs":0},"gpu":{"nanos":7439958,"secs":0},"reused_bytes":2279424,"transient_live_bytes":524288,"transient_peak_bytes":2279424,"wait":{"nanos":7687333,"secs":0}},{"allocated_bytes":4,"allocation_time":{"nanos":2959,"secs":0},"allocations":1,"arena_capacity":60293120,"arena_high_water":60293120,"command_buffers":1,"completion_waits":1,"dispatches":531,"encode":{"nanos":175682,"secs":0},"gpu":{"nanos":7378667,"secs":0},"reused_bytes":2279424,"transient_live_bytes":524288,"transient_peak_bytes":2279424,"wait":{"nanos":7632625,"secs":0}},{"allocated_bytes":4,"allocation_time":{"nanos":3084,"secs":0},"allocations":1,"arena_capacity":60293120,"arena_high_water":60293120,"command_buffers":1,"completion_waits":1,"dispatches":531,"encode":{"nanos":181337,"secs":0},"gpu":{"nanos":7226000,"secs":0},"reused_bytes":2279424,"transient_live_bytes":524288,"transient_peak_bytes":2279424,"wait":{"nanos":7501833,"secs":0}}],"decode_median_ms":8.079291000000001,"decode_ms":[8.079291000000001,8.003959,7.567416000000001,8.125583,8.381207999999999,7.909083000000001,8.173167,8.192582999999999,7.88125,8.091833999999999,8.256583,8.044,8.111416,8.059792,7.944167],"decode_profiles":[{},{},{},{},{},{},{},{},{},{},{},{},{},{},{}],"decode_tps":123.77323703280398,"first_token_ms":27.614541,"generated_ids":[498,646,4226,4755,1075,25,5489,8014,304,419,3832,30,476,3170,653,498],"generated_tokens":16,"generation_ms":152.08875,"generation_tps":105.20173254103278,"gguf_mpp_min_rows":8,"kv_active_bytes":282624,"kv_reserved_bytes":3145728,"model_format":"GGUF","model_repository":"Qwen/Qwen2.5-0.5B-Instruct-GGUF","model_revision":"9217f5db79a29953eb74d5343926648285ec7e67","moe_expert_tensorops":true,"moe_expert_tensorops_min_routes_per_expert":8,"moe_expert_tensorops_tile_k64":true,"packed_quantized_bytes":485166080,"pair":4,"pair_order":"llama.cpp>ferrum-control>ferrum-candidate","parameter_count":630167424,"prefill_counters":{"allocated_bytes":3145760,"allocation_time":{"nanos":326244,"secs":0},"allocations":49,"arena_capacity":60293120,"arena_high_water":60293120,"command_buffers":1,"completion_waits":1,"dispatches":531,"encode":{"nanos":204824,"secs":0},"gpu":{"nanos":26205083,"secs":0},"reused_bytes":14270464,"transient_live_bytes":0,"transient_peak_bytes":14270464,"wait":{"nanos":26615959,"secs":0}},"prefill_ms":27.314666000000003,"prefill_profile":{},"prefill_tps":292.8829515982366,"prompt_ids":[151644,8948,198,2610,525,264,10950,17847],"prompt_tokens":8,"q4_k_mpp_tile_k64":true,"q5_0_gemv_n4":false,"q5_1_mpp_tile_k64":true,"q8_0_mpp_tile_k64":true,"retained_weight_bytes":485309184,"runtime":"ferrum","sampling_ms":3.767126,"source_tensor_bytes":485452288,"tensor_count":291,"warmup":false,"process_rss_bytes":806256640,"ferrum_variant":"candidate","source_matrix_case_model":"qwen2.5-phase7a-small-batch-shape-probe-q4_k_m","engine_order":["llama.cpp","ferrum-control","ferrum-candidate"],"case_index":2,"engine_load_plus_first_warmup_ms":877.0456250058487}
{"case":"m12","decode_aggregate_tps":122.76310984590178,"decode_counters":[{"allocated_bytes":4,"allocation_time":{"nanos":5708,"secs":0},"allocations":1,"arena_capacity":60293120,"arena_high_water":60293120,"command_buffers":1,"completion_waits":1,"dispatches":531,"encode":{"nanos":210173,"secs":0},"gpu":{"nanos":7241417,"secs":0},"reused_bytes":2254848,"transient_live_bytes":524288,"transient_peak_bytes":2254848,"wait":{"nanos":7476416,"secs":0}},{"allocated_bytes":4,"allocation_time":{"nanos":4833,"secs":0},"allocations":1,"arena_capacity":60293120,"arena_high_water":60293120,"command_buffers":1,"completion_waits":1,"dispatches":531,"encode":{"nanos":180745,"secs":0},"gpu":{"nanos":7217333,"secs":0},"reused_bytes":2254848,"transient_live_bytes":524288,"transient_peak_bytes":2254848,"wait":{"nanos":7472667,"secs":0}},{"allocated_bytes":4,"allocation_time":{"nanos":3917,"secs":0},"allocations":1,"arena_capacity":60293120,"arena_high_water":60293120,"command_buffers":1,"completion_waits":1,"dispatches":531,"encode":{"nanos":178913,"secs":0},"gpu":{"nanos":7612125,"secs":0},"reused_bytes":2254848,"transient_live_bytes":524288,"transient_peak_bytes":2254848,"wait":{"nanos":7859542,"secs":0}},{"allocated_bytes":4,"allocation_time":{"nanos":4917,"secs":0},"allocations":1,"arena_capacity":60293120,"arena_high_water":60293120,"command_buffers":1,"completion_waits":1,"dispatches":531,"encode":{"nanos":187007,"secs":0},"gpu":{"nanos":7621125,"secs":0},"reused_bytes":2254848,"transient_live_bytes":524288,"transient_peak_bytes":2254848,"wait":{"nanos":7881125,"secs":0}},{"allocated_bytes":4,"allocation_time":{"nanos":3292,"secs":0},"allocations":1,"arena_capacity":60293120,"arena_high_water":60293120,"command_buffers":1,"completion_waits":1,"dispatches":531,"encode":{"nanos":185370,"secs":0},"gpu":{"nanos":7533458,"secs":0},"reused_bytes":2254848,"transient_live_bytes":524288,"transient_peak_bytes":2254848,"wait":{"nanos":7763375,"secs":0}},{"allocated_bytes":4,"allocation_time":{"nanos":3000,"secs":0},"allocations":1,"arena_capacity":60293120,"arena_high_water":60293120,"command_buffers":1,"completion_waits":1,"dispatches":531,"encode":{"nanos":185915,"secs":0},"gpu":{"nanos":7368500,"secs":0},"reused_bytes":2254848,"transient_live_bytes":524288,"transient_peak_bytes":2254848,"wait":{"nanos":7620083,"secs":0}},{"allocated_bytes":4,"allocation_time":{"nanos":3209,"secs":0},"allocations":1,"arena_capacity":60293120,"arena_high_water":60293120,"command_buffers":1,"completion_waits":1,"dispatches":531,"encode":{"nanos":185007,"secs":0},"gpu":{"nanos":7624708,"secs":0},"reused_bytes":2279424,"transient_live_bytes":524288,"transient_peak_bytes":2279424,"wait":{"nanos":7874542,"secs":0}},{"allocated_bytes":4,"allocation_time":{"nanos":3500,"secs":0},"allocations":1,"arena_capacity":60293120,"arena_high_water":60293120,"command_buffers":1,"completion_waits":1,"dispatches":531,"encode":{"nanos":185625,"secs":0},"gpu":{"nanos":7527375,"secs":0},"reused_bytes":2279424,"transient_live_bytes":524288,"transient_peak_bytes":2279424,"wait":{"nanos":7789959,"secs":0}},{"allocated_bytes":4,"allocation_time":{"nanos":3209,"secs":0},"allocations":1,"arena_capacity":60293120,"arena_high_water":60293120,"command_buffers":1,"completion_waits":1,"dispatches":531,"encode":{"nanos":189849,"secs":0},"gpu":{"nanos":7451500,"secs":0},"reused_bytes":2279424,"transient_live_bytes":524288,"transient_peak_bytes":2279424,"wait":{"nanos":7651959,"secs":0}},{"allocated_bytes":4,"allocation_time":{"nanos":3125,"secs":0},"allocations":1,"arena_capacity":60293120,"arena_high_water":60293120,"command_buffers":1,"completion_waits":1,"dispatches":531,"encode":{"nanos":175594,"secs":0},"gpu":{"nanos":7403000,"secs":0},"reused_bytes":2279424,"transient_live_bytes":524288,"transient_peak_bytes":2279424,"wait":{"nanos":7661166,"secs":0}},{"allocated_bytes":4,"allocation_time":{"nanos":3250,"secs":0},"allocations":1,"arena_capacity":60293120,"arena_high_water":60293120,"command_buffers":1,"completion_waits":1,"dispatches":531,"encode":{"nanos":184672,"secs":0},"gpu":{"nanos":7343375,"secs":0},"reused_bytes":2279424,"transient_live_bytes":524288,"transient_peak_bytes":2279424,"wait":{"nanos":7645916,"secs":0}},{"allocated_bytes":4,"allocation_time":{"nanos":2416,"secs":0},"allocations":1,"arena_capacity":60293120,"arena_high_water":60293120,"command_buffers":1,"completion_waits":1,"dispatches":531,"encode":{"nanos":182569,"secs":0},"gpu":{"nanos":7656458,"secs":0},"reused_bytes":2279424,"transient_live_bytes":524288,"transient_peak_bytes":2279424,"wait":{"nanos":7898417,"secs":0}},{"allocated_bytes":4,"allocation_time":{"nanos":3000,"secs":0},"allocations":1,"arena_capacity":60293120,"arena_high_water":60293120,"command_buffers":1,"completion_waits":1,"dispatches":531,"encode":{"nanos":194334,"secs":0},"gpu":{"nanos":7580375,"secs":0},"reused_bytes":2279424,"transient_live_bytes":524288,"transient_peak_bytes":2279424,"wait":{"nanos":7809458,"secs":0}},{"allocated_bytes":4,"allocation_time":{"nanos":2792,"secs":0},"allocations":1,"arena_capacity":60293120,"arena_high_water":60293120,"command_buffers":1,"completion_waits":1,"dispatches":531,"encode":{"nanos":184294,"secs":0},"gpu":{"nanos":7406292,"secs":0},"reused_bytes":2279424,"transient_live_bytes":524288,"transient_peak_bytes":2279424,"wait":{"nanos":7666125,"secs":0}},{"allocated_bytes":4,"allocation_time":{"nanos":6375,"secs":0},"allocations":1,"arena_capacity":60293120,"arena_high_water":60293120,"command_buffers":1,"completion_waits":1,"dispatches":531,"encode":{"nanos":195221,"secs":0},"gpu":{"nanos":7154042,"secs":0},"reused_bytes":2279424,"transient_live_bytes":524288,"transient_peak_bytes":2279424,"wait":{"nanos":7404917,"secs":0}}],"decode_median_ms":8.10725,"decode_ms":[7.973834000000001,7.934042000000001,8.293083,8.323209,8.186166,8.062167,8.313291,8.238292,8.089292,8.105417000000001,8.084292,8.331667,8.281833,8.10725,7.862708],"decode_profiles":[{},{},{},{},{},{},{},{},{},{},{},{},{},{},{}],"decode_tps":123.3463874926763,"first_token_ms":69.837875,"generated_ids":[8948,198,39814,11,358,646,1492,498,448,894,4755,476,9079,498,614,13],"generated_tokens":16,"generation_ms":195.68754099999998,"generation_tps":81.76299788038115,"gguf_mpp_min_rows":16,"kv_active_bytes":331776,"kv_reserved_bytes":3145728,"model_format":"GGUF","model_repository":"Qwen/Qwen2.5-0.5B-Instruct-GGUF","model_revision":"9217f5db79a29953eb74d5343926648285ec7e67","moe_expert_tensorops":true,"moe_expert_tensorops_min_routes_per_expert":8,"moe_expert_tensorops_tile_k64":true,"packed_quantized_bytes":485166080,"pair":0,"pair_order":"ferrum-control>ferrum-candidate>llama.cpp","parameter_count":630167424,"prefill_counters":{"allocated_bytes":3145776,"allocation_time":{"nanos":356245,"secs":0},"allocations":49,"arena_capacity":60293120,"arena_high_water":60293120,"command_buffers":1,"completion_waits":1,"dispatches":531,"encode":{"nanos":236379,"secs":0},"gpu":{"nanos":67959250,"secs":0},"reused_bytes":18579456,"transient_live_bytes":0,"transient_peak_bytes":18579456,"wait":{"nanos":68727833,"secs":0}},"prefill_ms":69.53824999999999,"prefill_profile":{},"prefill_tps":172.56689663602407,"prompt_ids":[151644,8948,198,2610,525,264,10950,17847,13,151645,198,151644],"prompt_tokens":12,"q4_k_mpp_tile_k64":true,"q5_0_gemv_n4":false,"q5_1_mpp_tile_k64":true,"q8_0_mpp_tile_k64":true,"retained_weight_bytes":485309184,"runtime":"ferrum","sampling_ms":3.754416,"source_tensor_bytes":485452288,"tensor_count":291,"warmup":false,"process_rss_bytes":806256640,"ferrum_variant":"control","source_matrix_case_model":"qwen2.5-phase7a-small-batch-shape-probe-q4_k_m","engine_order":["ferrum-control","ferrum-candidate","llama.cpp"],"case_index":3,"engine_load_plus_first_warmup_ms":877.0456250058487}
{"case":"m12","decode_aggregate_tps":123.5834657186881,"decode_counters":[{"allocated_bytes":4,"allocation_time":{"nanos":7541,"secs":0},"allocations":1,"arena_capacity":60293120,"arena_high_water":60293120,"command_buffers":1,"completion_waits":1,"dispatches":531,"encode":{"nanos":198592,"secs":0},"gpu":{"nanos":7488583,"secs":0},"reused_bytes":2254848,"transient_live_bytes":524288,"transient_peak_bytes":2254848,"wait":{"nanos":7733333,"secs":0}},{"allocated_bytes":4,"allocation_time":{"nanos":4375,"secs":0},"allocations":1,"arena_capacity":60293120,"arena_high_water":60293120,"command_buffers":1,"completion_waits":1,"dispatches":531,"encode":{"nanos":181204,"secs":0},"gpu":{"nanos":7155500,"secs":0},"reused_bytes":2254848,"transient_live_bytes":524288,"transient_peak_bytes":2254848,"wait":{"nanos":7409917,"secs":0}},{"allocated_bytes":4,"allocation_time":{"nanos":3333,"secs":0},"allocations":1,"arena_capacity":60293120,"arena_high_water":60293120,"command_buffers":1,"completion_waits":1,"dispatches":531,"encode":{"nanos":177941,"secs":0},"gpu":{"nanos":7344667,"secs":0},"reused_bytes":2254848,"transient_live_bytes":524288,"transient_peak_bytes":2254848,"wait":{"nanos":7601916,"secs":0}},{"allocated_bytes":4,"allocation_time":{"nanos":5208,"secs":0},"allocations":1,"arena_capacity":60293120,"arena_high_water":60293120,"command_buffers":1,"completion_waits":1,"dispatches":531,"encode":{"nanos":193837,"secs":0},"gpu":{"nanos":7543083,"secs":0},"reused_bytes":2254848,"transient_live_bytes":524288,"transient_peak_bytes":2254848,"wait":{"nanos":7772084,"secs":0}},{"allocated_bytes":4,"allocation_time":{"nanos":2584,"secs":0},"allocations":1,"arena_capacity":60293120,"arena_high_water":60293120,"command_buffers":1,"completion_waits":1,"dispatches":531,"encode":{"nanos":178456,"secs":0},"gpu":{"nanos":7042917,"secs":0},"reused_bytes":2254848,"transient_live_bytes":524288,"transient_peak_bytes":2254848,"wait":{"nanos":7295833,"secs":0}},{"allocated_bytes":4,"allocation_time":{"nanos":3625,"secs":0},"allocations":1,"arena_capacity":60293120,"arena_high_water":60293120,"command_buffers":1,"completion_waits":1,"dispatches":531,"encode":{"nanos":179861,"secs":0},"gpu":{"nanos":7474125,"secs":0},"reused_bytes":2254848,"transient_live_bytes":524288,"transient_peak_bytes":2254848,"wait":{"nanos":7726000,"secs":0}},{"allocated_bytes":4,"allocation_time":{"nanos":3125,"secs":0},"allocations":1,"arena_capacity":60293120,"arena_high_water":60293120,"command_buffers":1,"completion_waits":1,"dispatches":531,"encode":{"nanos":181295,"secs":0},"gpu":{"nanos":7480750,"secs":0},"reused_bytes":2279424,"transient_live_bytes":524288,"transient_peak_bytes":2279424,"wait":{"nanos":7808083,"secs":0}},{"allocated_bytes":4,"allocation_time":{"nanos":3167,"secs":0},"allocations":1,"arena_capacity":60293120,"arena_high_water":60293120,"command_buffers":1,"completion_waits":1,"dispatches":531,"encode":{"nanos":178958,"secs":0},"gpu":{"nanos":7478458,"secs":0},"reused_bytes":2279424,"transient_live_bytes":524288,"transient_peak_bytes":2279424,"wait":{"nanos":7725666,"secs":0}},{"allocated_bytes":4,"allocation_time":{"nanos":2333,"secs":0},"allocations":1,"arena_capacity":60293120,"arena_high_water":60293120,"command_buffers":1,"completion_waits":1,"dispatches":531,"encode":{"nanos":175846,"secs":0},"gpu":{"nanos":7425250,"secs":0},"reused_bytes":2279424,"transient_live_bytes":524288,"transient_peak_bytes":2279424,"wait":{"nanos":7666791,"secs":0}},{"allocated_bytes":4,"allocation_time":{"nanos":4542,"secs":0},"allocations":1,"arena_capacity":60293120,"arena_high_water":60293120,"command_buffers":1,"completion_waits":1,"dispatches":531,"encode":{"nanos":178645,"secs":0},"gpu":{"nanos":7384583,"secs":0},"reused_bytes":2279424,"transient_live_bytes":524288,"transient_peak_bytes":2279424,"wait":{"nanos":7617125,"secs":0}},{"allocated_bytes":4,"allocation_time":{"nanos":3416,"secs":0},"allocations":1,"arena_capacity":60293120,"arena_high_water":60293120,"command_buffers":1,"completion_waits":1,"dispatches":531,"encode":{"nanos":176084,"secs":0},"gpu":{"nanos":6974542,"secs":0},"reused_bytes":2279424,"transient_live_bytes":524288,"transient_peak_bytes":2279424,"wait":{"nanos":7251042,"secs":0}},{"allocated_bytes":4,"allocation_time":{"nanos":5125,"secs":0},"allocations":1,"arena_capacity":60293120,"arena_high_water":60293120,"command_buffers":1,"completion_waits":1,"dispatches":531,"encode":{"nanos":191920,"secs":0},"gpu":{"nanos":7290833,"secs":0},"reused_bytes":2279424,"transient_live_bytes":524288,"transient_peak_bytes":2279424,"wait":{"nanos":7551250,"secs":0}},{"allocated_bytes":4,"allocation_time":{"nanos":4125,"secs":0},"allocations":1,"arena_capacity":60293120,"arena_high_water":60293120,"command_buffers":1,"completion_waits":1,"dispatches":531,"encode":{"nanos":191240,"secs":0},"gpu":{"nanos":7730250,"secs":0},"reused_bytes":2279424,"transient_live_bytes":524288,"transient_peak_bytes":2279424,"wait":{"nanos":7981583,"secs":0}},{"allocated_bytes":4,"allocation_time":{"nanos":4041,"secs":0},"allocations":1,"arena_capacity":60293120,"arena_high_water":60293120,"command_buffers":1,"completion_waits":1,"dispatches":531,"encode":{"nanos":176954,"secs":0},"gpu":{"nanos":7291667,"secs":0},"reused_bytes":2279424,"transient_live_bytes":524288,"transient_peak_bytes":2279424,"wait":{"nanos":7541000,"secs":0}},{"allocated_bytes":4,"allocation_time":{"nanos":3666,"secs":0},"allocations":1,"arena_capacity":60293120,"arena_high_water":60293120,"command_buffers":1,"completion_waits":1,"dispatches":531,"encode":{"nanos":179827,"secs":0},"gpu":{"nanos":7838000,"secs":0},"reused_bytes":2279424,"transient_live_bytes":524288,"transient_peak_bytes":2279424,"wait":{"nanos":8090958,"secs":0}}],"decode_median_ms":8.097292000000001,"decode_ms":[8.203958,7.8652500000000005,8.043834,8.230042,7.729917,8.161208,8.243500000000001,8.159292,8.097292000000001,8.052416999999998,7.685957999999999,8.012834,8.436375,7.967625000000001,8.485958],"decode_profiles":[{},{},{},{},{},{},{},{},{},{},{},{},{},{},{}],"decode_tps":123.49807812290823,"first_token_ms":27.856625,"generated_ids":[8948,198,39814,11,358,4172,387,6247,311,1492,448,894,4755,498,614,13],"generated_tokens":16,"generation_ms":152.958583,"generation_tps":104.60347949222306,"gguf_mpp_min_rows":8,"kv_active_bytes":331776,"kv_reserved_bytes":3145728,"model_format":"GGUF","model_repository":"Qwen/Qwen2.5-0.5B-Instruct-GGUF","model_revision":"9217f5db79a29953eb74d5343926648285ec7e67","moe_expert_tensorops":true,"moe_expert_tensorops_min_routes_per_expert":8,"moe_expert_tensorops_tile_k64":true,"packed_quantized_bytes":485166080,"pair":0,"pair_order":"ferrum-control>ferrum-candidate>llama.cpp","parameter_count":630167424,"prefill_counters":{"allocated_bytes":3145776,"allocation_time":{"nanos":386160,"secs":0},"allocations":49,"arena_capacity":60293120,"arena_high_water":60293120,"command_buffers":1,"completion_waits":1,"dispatches":531,"encode":{"nanos":211865,"secs":0},"gpu":{"nanos":26454875,"secs":0},"reused_bytes":18579456,"transient_live_bytes":0,"transient_peak_bytes":18579456,"wait":{"nanos":26752500,"secs":0}},"prefill_ms":27.556291,"prefill_profile":{},"prefill_tps":435.47224842414386,"prompt_ids":[151644,8948,198,2610,525,264,10950,17847,13,151645,198,151644],"prompt_tokens":12,"q4_k_mpp_tile_k64":true,"q5_0_gemv_n4":false,"q5_1_mpp_tile_k64":true,"q8_0_mpp_tile_k64":true,"retained_weight_bytes":485309184,"runtime":"ferrum","sampling_ms":3.846248,"source_tensor_bytes":485452288,"tensor_count":291,"warmup":false,"process_rss_bytes":806256640,"ferrum_variant":"candidate","source_matrix_case_model":"qwen2.5-phase7a-small-batch-shape-probe-q4_k_m","engine_order":["ferrum-control","ferrum-candidate","llama.cpp"],"case_index":3,"engine_load_plus_first_warmup_ms":877.0456250058487}
{"case":"m12","command_buffer_count":null,"decode_aggregate_tps":238.94180511804427,"decode_median_ms":4.079333,"decode_ms":[4.490583,4.442084,3.9855,4.368167,4.003708,4.032667,4.1255,4.022083,4.424292,4.079333,4.347208,4.012208,4.318875,4.059834,4.06475],"decode_tps":245.13811449077582,"dispatch_count":null,"first_token_ms":15.836125,"generated_ids":[8948,198,39814,11,358,4172,387,6247,311,1492,448,894,4755,498,614,0],"generated_tokens":16,"generation_ms":82.291708,"generation_tps":194.4302820886887,"kv_context_capacity_tokens":4096,"kv_type":"bf16","llama_commit":"84e76d8a23162eca70490da131945ebec1f09bf4","llama_version":"0.5.0-dev","model_format":"GGUF","pair":0,"pair_order":"ferrum-control>ferrum-candidate>llama.cpp","prefill_ms":15.570333,"prefill_tps":770.6964263384733,"process_max_rss_bytes":662716416,"prompt_ids":[151644,8948,198,2610,525,264,10950,17847,13,151645,198,151644],"prompt_tokens":12,"runtime":"llama.cpp","sampling_ms":3.942997,"warmup":false,"process_rss_bytes":662437888,"source_matrix_case_model":"qwen2.5-phase7a-small-batch-shape-probe-q4_k_m","engine_order":["ferrum-control","ferrum-candidate","llama.cpp"],"case_index":3,"engine_load_plus_first_warmup_ms":978.256624948699}
{"case":"m12","command_buffer_count":null,"decode_aggregate_tps":238.26085586349163,"decode_median_ms":4.109459,"decode_ms":[4.813666,3.979083,4.3195,4.109459,4.058584,4.332625,4.01775,4.326,4.014875,4.322833,3.976125,4.321292,4.023291,4.010666,4.330459],"decode_tps":243.34103345476862,"dispatch_count":null,"first_token_ms":14.9955,"generated_ids":[8948,198,39814,11,358,4172,387,6247,311,1492,448,894,4755,498,614,0],"generated_tokens":16,"generation_ms":81.685416,"generation_tps":195.87339801268809,"kv_context_capacity_tokens":4096,"kv_type":"bf16","llama_commit":"84e76d8a23162eca70490da131945ebec1f09bf4","llama_version":"0.5.0-dev","model_format":"GGUF","pair":1,"pair_order":"llama.cpp>ferrum-candidate>ferrum-control","prefill_ms":14.725833,"prefill_tps":814.8944782953874,"process_max_rss_bytes":662716416,"prompt_ids":[151644,8948,198,2610,525,264,10950,17847,13,151645,198,151644],"prompt_tokens":12,"runtime":"llama.cpp","sampling_ms":4.001748,"warmup":false,"process_rss_bytes":662437888,"source_matrix_case_model":"qwen2.5-phase7a-small-batch-shape-probe-q4_k_m","engine_order":["llama.cpp","ferrum-candidate","ferrum-control"],"case_index":3,"engine_load_plus_first_warmup_ms":978.256624948699}
{"case":"m12","decode_aggregate_tps":123.84548555050961,"decode_counters":[{"allocated_bytes":4,"allocation_time":{"nanos":3708,"secs":0},"allocations":1,"arena_capacity":60293120,"arena_high_water":60293120,"command_buffers":1,"completion_waits":1,"dispatches":531,"encode":{"nanos":192779,"secs":0},"gpu":{"nanos":7502750,"secs":0},"reused_bytes":2254848,"transient_live_bytes":524288,"transient_peak_bytes":2254848,"wait":{"nanos":7729041,"secs":0}},{"allocated_bytes":4,"allocation_time":{"nanos":2625,"secs":0},"allocations":1,"arena_capacity":60293120,"arena_high_water":60293120,"command_buffers":1,"completion_waits":1,"dispatches":531,"encode":{"nanos":185655,"secs":0},"gpu":{"nanos":7181125,"secs":0},"reused_bytes":2254848,"transient_live_bytes":524288,"transient_peak_bytes":2254848,"wait":{"nanos":7415625,"secs":0}},{"allocated_bytes":4,"allocation_time":{"nanos":2708,"secs":0},"allocations":1,"arena_capacity":60293120,"arena_high_water":60293120,"command_buffers":1,"completion_waits":1,"dispatches":531,"encode":{"nanos":177254,"secs":0},"gpu":{"nanos":7088708,"secs":0},"reused_bytes":2254848,"transient_live_bytes":524288,"transient_peak_bytes":2254848,"wait":{"nanos":7326917,"secs":0}},{"allocated_bytes":4,"allocation_time":{"nanos":3625,"secs":0},"allocations":1,"arena_capacity":60293120,"arena_high_water":60293120,"command_buffers":1,"completion_waits":1,"dispatches":531,"encode":{"nanos":188672,"secs":0},"gpu":{"nanos":7288375,"secs":0},"reused_bytes":2254848,"transient_live_bytes":524288,"transient_peak_bytes":2254848,"wait":{"nanos":7518833,"secs":0}},{"allocated_bytes":4,"allocation_time":{"nanos":3708,"secs":0},"allocations":1,"arena_capacity":60293120,"arena_high_water":60293120,"command_buffers":1,"completion_waits":1,"dispatches":531,"encode":{"nanos":182004,"secs":0},"gpu":{"nanos":7295875,"secs":0},"reused_bytes":2254848,"transient_live_bytes":524288,"transient_peak_bytes":2254848,"wait":{"nanos":7552666,"secs":0}},{"allocated_bytes":4,"allocation_time":{"nanos":4500,"secs":0},"allocations":1,"arena_capacity":60293120,"arena_high_water":60293120,"command_buffers":1,"completion_waits":1,"dispatches":531,"encode":{"nanos":181674,"secs":0},"gpu":{"nanos":7757208,"secs":0},"reused_bytes":2254848,"transient_live_bytes":524288,"transient_peak_bytes":2254848,"wait":{"nanos":7981375,"secs":0}},{"allocated_bytes":4,"allocation_time":{"nanos":2791,"secs":0},"allocations":1,"arena_capacity":60293120,"arena_high_water":60293120,"command_buffers":1,"completion_waits":1,"dispatches":531,"encode":{"nanos":180833,"secs":0},"gpu":{"nanos":7454000,"secs":0},"reused_bytes":2279424,"transient_live_bytes":524288,"transient_peak_bytes":2279424,"wait":{"nanos":7718833,"secs":0}},{"allocated_bytes":4,"allocation_time":{"nanos":3083,"secs":0},"allocations":1,"arena_capacity":60293120,"arena_high_water":60293120,"command_buffers":1,"completion_waits":1,"dispatches":531,"encode":{"nanos":180131,"secs":0},"gpu":{"nanos":7475000,"secs":0},"reused_bytes":2279424,"transient_live_bytes":524288,"transient_peak_bytes":2279424,"wait":{"nanos":7720167,"secs":0}},{"allocated_bytes":4,"allocation_time":{"nanos":3000,"secs":0},"allocations":1,"arena_capacity":60293120,"arena_high_water":60293120,"command_buffers":1,"completion_waits":1,"dispatches":531,"encode":{"nanos":185117,"secs":0},"gpu":{"nanos":7120750,"secs":0},"reused_bytes":2279424,"transient_live_bytes":524288,"transient_peak_bytes":2279424,"wait":{"nanos":7371792,"secs":0}},{"allocated_bytes":4,"allocation_time":{"nanos":3083,"secs":0},"allocations":1,"arena_capacity":60293120,"arena_high_water":60293120,"command_buffers":1,"completion_waits":1,"dispatches":531,"encode":{"nanos":178256,"secs":0},"gpu":{"nanos":7374708,"secs":0},"reused_bytes":2279424,"transient_live_bytes":524288,"transient_peak_bytes":2279424,"wait":{"nanos":7641333,"secs":0}},{"allocated_bytes":4,"allocation_time":{"nanos":3209,"secs":0},"allocations":1,"arena_capacity":60293120,"arena_high_water":60293120,"command_buffers":1,"completion_waits":1,"dispatches":531,"encode":{"nanos":181832,"secs":0},"gpu":{"nanos":7229750,"secs":0},"reused_bytes":2279424,"transient_live_bytes":524288,"transient_peak_bytes":2279424,"wait":{"nanos":7531459,"secs":0}},{"allocated_bytes":4,"allocation_time":{"nanos":2792,"secs":0},"allocations":1,"arena_capacity":60293120,"arena_high_water":60293120,"command_buffers":1,"completion_waits":1,"dispatches":531,"encode":{"nanos":176206,"secs":0},"gpu":{"nanos":7555208,"secs":0},"reused_bytes":2279424,"transient_live_bytes":524288,"transient_peak_bytes":2279424,"wait":{"nanos":7809625,"secs":0}},{"allocated_bytes":4,"allocation_time":{"nanos":2791,"secs":0},"allocations":1,"arena_capacity":60293120,"arena_high_water":60293120,"command_buffers":1,"completion_waits":1,"dispatches":531,"encode":{"nanos":177003,"secs":0},"gpu":{"nanos":7716625,"secs":0},"reused_bytes":2279424,"transient_live_bytes":524288,"transient_peak_bytes":2279424,"wait":{"nanos":7945792,"secs":0}},{"allocated_bytes":4,"allocation_time":{"nanos":3458,"secs":0},"allocations":1,"arena_capacity":60293120,"arena_high_water":60293120,"command_buffers":1,"completion_waits":1,"dispatches":531,"encode":{"nanos":181997,"secs":0},"gpu":{"nanos":7264250,"secs":0},"reused_bytes":2279424,"transient_live_bytes":524288,"transient_peak_bytes":2279424,"wait":{"nanos":7501375,"secs":0}},{"allocated_bytes":4,"allocation_time":{"nanos":3291,"secs":0},"allocations":1,"arena_capacity":60293120,"arena_high_water":60293120,"command_buffers":1,"completion_waits":1,"dispatches":531,"encode":{"nanos":187113,"secs":0},"gpu":{"nanos":7585875,"secs":0},"reused_bytes":2279424,"transient_live_bytes":524288,"transient_peak_bytes":2279424,"wait":{"nanos":7843083,"secs":0}}],"decode_median_ms":8.070375,"decode_ms":[8.186125,7.863958000000001,7.761959,7.979208,8.002375,8.403041,8.152792000000002,8.156833,7.776792,8.070375,7.966709000000001,8.20375,8.378583,7.930833,8.285333000000001],"decode_profiles":[{},{},{},{},{},{},{},{},{},{},{},{},{},{},{}],"decode_tps":123.90997939996592,"first_token_ms":28.329125,"generated_ids":[8948,198,39814,11,358,4172,387,6247,311,1492,448,894,4755,498,614,13],"generated_tokens":16,"generation_ms":153.10925,"generation_tps":104.50054454580635,"gguf_mpp_min_rows":8,"kv_active_bytes":331776,"kv_reserved_bytes":3145728,"model_format":"GGUF","model_repository":"Qwen/Qwen2.5-0.5B-Instruct-GGUF","model_revision":"9217f5db79a29953eb74d5343926648285ec7e67","moe_expert_tensorops":true,"moe_expert_tensorops_min_routes_per_expert":8,"moe_expert_tensorops_tile_k64":true,"packed_quantized_bytes":485166080,"pair":1,"pair_order":"llama.cpp>ferrum-candidate>ferrum-control","parameter_count":630167424,"prefill_counters":{"allocated_bytes":3145776,"allocation_time":{"nanos":410124,"secs":0},"allocations":49,"arena_capacity":60293120,"arena_high_water":60293120,"command_buffers":1,"completion_waits":1,"dispatches":531,"encode":{"nanos":225741,"secs":0},"gpu":{"nanos":26757375,"secs":0},"reused_bytes":18579456,"transient_live_bytes":0,"transient_peak_bytes":18579456,"wait":{"nanos":27203208,"secs":0}},"prefill_ms":28.029208,"prefill_profile":{},"prefill_tps":428.1248332097004,"prompt_ids":[151644,8948,198,2610,525,264,10950,17847,13,151645,198,151644],"prompt_tokens":12,"q4_k_mpp_tile_k64":true,"q5_0_gemv_n4":false,"q5_1_mpp_tile_k64":true,"q8_0_mpp_tile_k64":true,"retained_weight_bytes":485309184,"runtime":"ferrum","sampling_ms":3.785252,"source_tensor_bytes":485452288,"tensor_count":291,"warmup":false,"process_rss_bytes":806256640,"ferrum_variant":"candidate","source_matrix_case_model":"qwen2.5-phase7a-small-batch-shape-probe-q4_k_m","engine_order":["llama.cpp","ferrum-candidate","ferrum-control"],"case_index":3,"engine_load_plus_first_warmup_ms":877.0456250058487}
{"case":"m12","decode_aggregate_tps":122.88467749809352,"decode_counters":[{"allocated_bytes":4,"allocation_time":{"nanos":6167,"secs":0},"allocations":1,"arena_capacity":60293120,"arena_high_water":60293120,"command_buffers":1,"completion_waits":1,"dispatches":531,"encode":{"nanos":206003,"secs":0},"gpu":{"nanos":6960167,"secs":0},"reused_bytes":2254848,"transient_live_bytes":524288,"transient_peak_bytes":2254848,"wait":{"nanos":7234709,"secs":0}},{"allocated_bytes":4,"allocation_time":{"nanos":4125,"secs":0},"allocations":1,"arena_capacity":60293120,"arena_high_water":60293120,"command_buffers":1,"completion_waits":1,"dispatches":531,"encode":{"nanos":180872,"secs":0},"gpu":{"nanos":7477000,"secs":0},"reused_bytes":2254848,"transient_live_bytes":524288,"transient_peak_bytes":2254848,"wait":{"nanos":7757000,"secs":0}},{"allocated_bytes":4,"allocation_time":{"nanos":3541,"secs":0},"allocations":1,"arena_capacity":60293120,"arena_high_water":60293120,"command_buffers":1,"completion_waits":1,"dispatches":531,"encode":{"nanos":176250,"secs":0},"gpu":{"nanos":7612875,"secs":0},"reused_bytes":2254848,"transient_live_bytes":524288,"transient_peak_bytes":2254848,"wait":{"nanos":7868042,"secs":0}},{"allocated_bytes":4,"allocation_time":{"nanos":2667,"secs":0},"allocations":1,"arena_capacity":60293120,"arena_high_water":60293120,"command_buffers":1,"completion_waits":1,"dispatches":531,"encode":{"nanos":178289,"secs":0},"gpu":{"nanos":7601250,"secs":0},"reused_bytes":2254848,"transient_live_bytes":524288,"transient_peak_bytes":2254848,"wait":{"nanos":7851250,"secs":0}},{"allocated_bytes":4,"allocation_time":{"nanos":2917,"secs":0},"allocations":1,"arena_capacity":60293120,"arena_high_water":60293120,"command_buffers":1,"completion_waits":1,"dispatches":531,"encode":{"nanos":182921,"secs":0},"gpu":{"nanos":7534500,"secs":0},"reused_bytes":2254848,"transient_live_bytes":524288,"transient_peak_bytes":2254848,"wait":{"nanos":7796041,"secs":0}},{"allocated_bytes":4,"allocation_time":{"nanos":2791,"secs":0},"allocations":1,"arena_capacity":60293120,"arena_high_water":60293120,"command_buffers":1,"completion_waits":1,"dispatches":531,"encode":{"nanos":184462,"secs":0},"gpu":{"nanos":7370292,"secs":0},"reused_bytes":2254848,"transient_live_bytes":524288,"transient_peak_bytes":2254848,"wait":{"nanos":7601041,"secs":0}},{"allocated_bytes":4,"allocation_time":{"nanos":2375,"secs":0},"allocations":1,"arena_capacity":60293120,"arena_high_water":60293120,"command_buffers":1,"completion_waits":1,"dispatches":531,"encode":{"nanos":187383,"secs":0},"gpu":{"nanos":7364250,"secs":0},"reused_bytes":2279424,"transient_live_bytes":524288,"transient_peak_bytes":2279424,"wait":{"nanos":7606084,"secs":0}},{"allocated_bytes":4,"allocation_time":{"nanos":4083,"secs":0},"allocations":1,"arena_capacity":60293120,"arena_high_water":60293120,"command_buffers":1,"completion_waits":1,"dispatches":531,"encode":{"nanos":192475,"secs":0},"gpu":{"nanos":7610250,"secs":0},"reused_bytes":2279424,"transient_live_bytes":524288,"transient_peak_bytes":2279424,"wait":{"nanos":7830000,"secs":0}},{"allocated_bytes":4,"allocation_time":{"nanos":3458,"secs":0},"allocations":1,"arena_capacity":60293120,"arena_high_water":60293120,"command_buffers":1,"completion_waits":1,"dispatches":531,"encode":{"nanos":187128,"secs":0},"gpu":{"nanos":7626625,"secs":0},"reused_bytes":2279424,"transient_live_bytes":524288,"transient_peak_bytes":2279424,"wait":{"nanos":7858375,"secs":0}},{"allocated_bytes":4,"allocation_time":{"nanos":3125,"secs":0},"allocations":1,"arena_capacity":60293120,"arena_high_water":60293120,"command_buffers":1,"completion_waits":1,"dispatches":531,"encode":{"nanos":179857,"secs":0},"gpu":{"nanos":7391875,"secs":0},"reused_bytes":2279424,"transient_live_bytes":524288,"transient_peak_bytes":2279424,"wait":{"nanos":7680875,"secs":0}},{"allocated_bytes":4,"allocation_time":{"nanos":2583,"secs":0},"allocations":1,"arena_capacity":60293120,"arena_high_water":60293120,"command_buffers":1,"completion_waits":1,"dispatches":531,"encode":{"nanos":186151,"secs":0},"gpu":{"nanos":7327833,"secs":0},"reused_bytes":2279424,"transient_live_bytes":524288,"transient_peak_bytes":2279424,"wait":{"nanos":7574708,"secs":0}},{"allocated_bytes":4,"allocation_time":{"nanos":3459,"secs":0},"allocations":1,"arena_capacity":60293120,"arena_high_water":60293120,"command_buffers":1,"completion_waits":1,"dispatches":531,"encode":{"nanos":237502,"secs":0},"gpu":{"nanos":7644500,"secs":0},"reused_bytes":2279424,"transient_live_bytes":524288,"transient_peak_bytes":2279424,"wait":{"nanos":7860125,"secs":0}},{"allocated_bytes":4,"allocation_time":{"nanos":3500,"secs":0},"allocations":1,"arena_capacity":60293120,"arena_high_water":60293120,"command_buffers":1,"completion_waits":1,"dispatches":531,"encode":{"nanos":176708,"secs":0},"gpu":{"nanos":7305250,"secs":0},"reused_bytes":2279424,"transient_live_bytes":524288,"transient_peak_bytes":2279424,"wait":{"nanos":7565791,"secs":0}},{"allocated_bytes":4,"allocation_time":{"nanos":3042,"secs":0},"allocations":1,"arena_capacity":60293120,"arena_high_water":60293120,"command_buffers":1,"completion_waits":1,"dispatches":531,"encode":{"nanos":176919,"secs":0},"gpu":{"nanos":7459417,"secs":0},"reused_bytes":2279424,"transient_live_bytes":524288,"transient_peak_bytes":2279424,"wait":{"nanos":7684667,"secs":0}},{"allocated_bytes":4,"allocation_time":{"nanos":2959,"secs":0},"allocations":1,"arena_capacity":60293120,"arena_high_water":60293120,"command_buffers":1,"completion_waits":1,"dispatches":531,"encode":{"nanos":175708,"secs":0},"gpu":{"nanos":7430750,"secs":0},"reused_bytes":2279424,"transient_live_bytes":524288,"transient_peak_bytes":2279424,"wait":{"nanos":7664875,"secs":0}}],"decode_median_ms":8.117708,"decode_ms":[7.722792,8.193166,8.301917000000001,8.250834000000001,8.226166,8.047083,8.044083,8.283458000000001,8.270084,8.102458,8.015834,8.3865,8.003207999999999,8.117708,8.100375],"decode_profiles":[{},{},{},{},{},{},{},{},{},{},{},{},{},{},{}],"decode_tps":123.18748099833105,"first_token_ms":68.796083,"generated_ids":[8948,198,39814,11,358,646,1492,498,448,894,4755,476,9079,498,614,13],"generated_tokens":16,"generation_ms":194.528792,"generation_tps":82.25003525442136,"gguf_mpp_min_rows":16,"kv_active_bytes":331776,"kv_reserved_bytes":3145728,"model_format":"GGUF","model_repository":"Qwen/Qwen2.5-0.5B-Instruct-GGUF","model_revision":"9217f5db79a29953eb74d5343926648285ec7e67","moe_expert_tensorops":true,"moe_expert_tensorops_min_routes_per_expert":8,"moe_expert_tensorops_tile_k64":true,"packed_quantized_bytes":485166080,"pair":1,"pair_order":"llama.cpp>ferrum-candidate>ferrum-control","parameter_count":630167424,"prefill_counters":{"allocated_bytes":3145776,"allocation_time":{"nanos":319001,"secs":0},"allocations":49,"arena_capacity":60293120,"arena_high_water":60293120,"command_buffers":1,"completion_waits":1,"dispatches":531,"encode":{"nanos":210900,"secs":0},"gpu":{"nanos":67343125,"secs":0},"reused_bytes":18579456,"transient_live_bytes":0,"transient_peak_bytes":18579456,"wait":{"nanos":67763083,"secs":0}},"prefill_ms":68.496333,"prefill_profile":{},"prefill_tps":175.19186027082645,"prompt_ids":[151644,8948,198,2610,525,264,10950,17847,13,151645,198,151644],"prompt_tokens":12,"q4_k_mpp_tile_k64":true,"q5_0_gemv_n4":false,"q5_1_mpp_tile_k64":true,"q8_0_mpp_tile_k64":true,"retained_weight_bytes":485309184,"runtime":"ferrum","sampling_ms":3.788919,"source_tensor_bytes":485452288,"tensor_count":291,"warmup":false,"process_rss_bytes":806256640,"ferrum_variant":"control","source_matrix_case_model":"qwen2.5-phase7a-small-batch-shape-probe-q4_k_m","engine_order":["llama.cpp","ferrum-candidate","ferrum-control"],"case_index":3,"engine_load_plus_first_warmup_ms":877.0456250058487}
{"case":"m12","decode_aggregate_tps":121.32306686757228,"decode_counters":[{"allocated_bytes":4,"allocation_time":{"nanos":5042,"secs":0},"allocations":1,"arena_capacity":60293120,"arena_high_water":60293120,"command_buffers":1,"completion_waits":1,"dispatches":531,"encode":{"nanos":193751,"secs":0},"gpu":{"nanos":7224458,"secs":0},"reused_bytes":2254848,"transient_live_bytes":524288,"transient_peak_bytes":2254848,"wait":{"nanos":7465625,"secs":0}},{"allocated_bytes":4,"allocation_time":{"nanos":3458,"secs":0},"allocations":1,"arena_capacity":60293120,"arena_high_water":60293120,"command_buffers":1,"completion_waits":1,"dispatches":531,"encode":{"nanos":176287,"secs":0},"gpu":{"nanos":7455750,"secs":0},"reused_bytes":2254848,"transient_live_bytes":524288,"transient_peak_bytes":2254848,"wait":{"nanos":7673708,"secs":0}},{"allocated_bytes":4,"allocation_time":{"nanos":3959,"secs":0},"allocations":1,"arena_capacity":60293120,"arena_high_water":60293120,"command_buffers":1,"completion_waits":1,"dispatches":531,"encode":{"nanos":182676,"secs":0},"gpu":{"nanos":7560125,"secs":0},"reused_bytes":2254848,"transient_live_bytes":524288,"transient_peak_bytes":2254848,"wait":{"nanos":7844042,"secs":0}},{"allocated_bytes":4,"allocation_time":{"nanos":2583,"secs":0},"allocations":1,"arena_capacity":60293120,"arena_high_water":60293120,"command_buffers":1,"completion_waits":1,"dispatches":531,"encode":{"nanos":174747,"secs":0},"gpu":{"nanos":7607875,"secs":0},"reused_bytes":2254848,"transient_live_bytes":524288,"transient_peak_bytes":2254848,"wait":{"nanos":7833583,"secs":0}},{"allocated_bytes":4,"allocation_time":{"nanos":2917,"secs":0},"allocations":1,"arena_capacity":60293120,"arena_high_water":60293120,"command_buffers":1,"completion_waits":1,"dispatches":531,"encode":{"nanos":174371,"secs":0},"gpu":{"nanos":7528000,"secs":0},"reused_bytes":2254848,"transient_live_bytes":524288,"transient_peak_bytes":2254848,"wait":{"nanos":7779250,"secs":0}},{"allocated_bytes":4,"allocation_time":{"nanos":3750,"secs":0},"allocations":1,"arena_capacity":60293120,"arena_high_water":60293120,"command_buffers":1,"completion_waits":1,"dispatches":531,"encode":{"nanos":186420,"secs":0},"gpu":{"nanos":7101500,"secs":0},"reused_bytes":2254848,"transient_live_bytes":524288,"transient_peak_bytes":2254848,"wait":{"nanos":7362583,"secs":0}},{"allocated_bytes":4,"allocation_time":{"nanos":3416,"secs":0},"allocations":1,"arena_capacity":60293120,"arena_high_water":60293120,"command_buffers":1,"completion_waits":1,"dispatches":531,"encode":{"nanos":180961,"secs":0},"gpu":{"nanos":7630833,"secs":0},"reused_bytes":2279424,"transient_live_bytes":524288,"transient_peak_bytes":2279424,"wait":{"nanos":7858125,"secs":0}},{"allocated_bytes":4,"allocation_time":{"nanos":3250,"secs":0},"allocations":1,"arena_capacity":60293120,"arena_high_water":60293120,"command_buffers":1,"completion_waits":1,"dispatches":531,"encode":{"nanos":180635,"secs":0},"gpu":{"nanos":7844250,"secs":0},"reused_bytes":2279424,"transient_live_bytes":524288,"transient_peak_bytes":2279424,"wait":{"nanos":8108500,"secs":0}},{"allocated_bytes":4,"allocation_time":{"nanos":7208,"secs":0},"allocations":1,"arena_capacity":60293120,"arena_high_water":60293120,"command_buffers":1,"completion_waits":1,"dispatches":531,"encode":{"nanos":196246,"secs":0},"gpu":{"nanos":7881125,"secs":0},"reused_bytes":2279424,"transient_live_bytes":524288,"transient_peak_bytes":2279424,"wait":{"nanos":8212125,"secs":0}},{"allocated_bytes":4,"allocation_time":{"nanos":3375,"secs":0},"allocations":1,"arena_capacity":60293120,"arena_high_water":60293120,"command_buffers":1,"completion_waits":1,"dispatches":531,"encode":{"nanos":181682,"secs":0},"gpu":{"nanos":7405208,"secs":0},"reused_bytes":2279424,"transient_live_bytes":524288,"transient_peak_bytes":2279424,"wait":{"nanos":7782334,"secs":0}},{"allocated_bytes":4,"allocation_time":{"nanos":4125,"secs":0},"allocations":1,"arena_capacity":60293120,"arena_high_water":60293120,"command_buffers":1,"completion_waits":1,"dispatches":531,"encode":{"nanos":181287,"secs":0},"gpu":{"nanos":7344500,"secs":0},"reused_bytes":2279424,"transient_live_bytes":524288,"transient_peak_bytes":2279424,"wait":{"nanos":7601666,"secs":0}},{"allocated_bytes":4,"allocation_time":{"nanos":5083,"secs":0},"allocations":1,"arena_capacity":60293120,"arena_high_water":60293120,"command_buffers":1,"completion_waits":1,"dispatches":531,"encode":{"nanos":211083,"secs":0},"gpu":{"nanos":7472500,"secs":0},"reused_bytes":2279424,"transient_live_bytes":524288,"transient_peak_bytes":2279424,"wait":{"nanos":7745709,"secs":0}},{"allocated_bytes":4,"allocation_time":{"nanos":3708,"secs":0},"allocations":1,"arena_capacity":60293120,"arena_high_water":60293120,"command_buffers":1,"completion_waits":1,"dispatches":531,"encode":{"nanos":185879,"secs":0},"gpu":{"nanos":7454708,"secs":0},"reused_bytes":2279424,"transient_live_bytes":524288,"transient_peak_bytes":2279424,"wait":{"nanos":7696542,"secs":0}},{"allocated_bytes":4,"allocation_time":{"nanos":5583,"secs":0},"allocations":1,"arena_capacity":60293120,"arena_high_water":60293120,"command_buffers":1,"completion_waits":1,"dispatches":531,"encode":{"nanos":198957,"secs":0},"gpu":{"nanos":7874333,"secs":0},"reused_bytes":2279424,"transient_live_bytes":524288,"transient_peak_bytes":2279424,"wait":{"nanos":8143500,"secs":0}},{"allocated_bytes":4,"allocation_time":{"nanos":4792,"secs":0},"allocations":1,"arena_capacity":60293120,"arena_high_water":60293120,"command_buffers":1,"completion_waits":1,"dispatches":531,"encode":{"nanos":191208,"secs":0},"gpu":{"nanos":7667708,"secs":0},"reused_bytes":2279424,"transient_live_bytes":524288,"transient_peak_bytes":2279424,"wait":{"nanos":7900584,"secs":0}}],"decode_median_ms":8.241708000000001,"decode_ms":[7.9235,8.071333,8.328375000000001,8.262584,8.197291,7.803709,8.257792,8.543792,8.681709,8.197332999999999,8.041833,8.241708000000001,8.151209,8.612667,8.322],"decode_profiles":[{},{},{},{},{},{},{},{},{},{},{},{},{},{},{}],"decode_tps":121.33407298584224,"first_token_ms":68.534667,"generated_ids":[8948,198,39814,11,358,646,1492,498,448,894,4755,476,9079,498,614,13],"generated_tokens":16,"generation_ms":195.967,"generation_tps":81.64639964892048,"gguf_mpp_min_rows":16,"kv_active_bytes":331776,"kv_reserved_bytes":3145728,"model_format":"GGUF","model_repository":"Qwen/Qwen2.5-0.5B-Instruct-GGUF","model_revision":"9217f5db79a29953eb74d5343926648285ec7e67","moe_expert_tensorops":true,"moe_expert_tensorops_min_routes_per_expert":8,"moe_expert_tensorops_tile_k64":true,"packed_quantized_bytes":485166080,"pair":2,"pair_order":"ferrum-control>ferrum-candidate>llama.cpp","parameter_count":630167424,"prefill_counters":{"allocated_bytes":3145776,"allocation_time":{"nanos":374793,"secs":0},"allocations":49,"arena_capacity":60293120,"arena_high_water":60293120,"command_buffers":1,"completion_waits":1,"dispatches":531,"encode":{"nanos":209118,"secs":0},"gpu":{"nanos":67134208,"secs":0},"reused_bytes":18579456,"transient_live_bytes":0,"transient_peak_bytes":18579456,"wait":{"nanos":67440667,"secs":0}},"prefill_ms":68.23454199999999,"prefill_profile":{},"prefill_tps":175.86400741137825,"prompt_ids":[151644,8948,198,2610,525,264,10950,17847,13,151645,198,151644],"prompt_tokens":12,"q4_k_mpp_tile_k64":true,"q5_0_gemv_n4":false,"q5_1_mpp_tile_k64":true,"q8_0_mpp_tile_k64":true,"retained_weight_bytes":485309184,"runtime":"ferrum","sampling_ms":3.911042,"source_tensor_bytes":485452288,"tensor_count":291,"warmup":false,"process_rss_bytes":806256640,"ferrum_variant":"control","source_matrix_case_model":"qwen2.5-phase7a-small-batch-shape-probe-q4_k_m","engine_order":["ferrum-control","ferrum-candidate","llama.cpp"],"case_index":3,"engine_load_plus_first_warmup_ms":877.0456250058487}
{"case":"m12","decode_aggregate_tps":121.71409966559051,"decode_counters":[{"allocated_bytes":4,"allocation_time":{"nanos":5250,"secs":0},"allocations":1,"arena_capacity":60293120,"arena_high_water":60293120,"command_buffers":1,"completion_waits":1,"dispatches":531,"encode":{"nanos":198966,"secs":0},"gpu":{"nanos":7633250,"secs":0},"reused_bytes":2254848,"transient_live_bytes":524288,"transient_peak_bytes":2254848,"wait":{"nanos":7877500,"secs":0}},{"allocated_bytes":4,"allocation_time":{"nanos":3500,"secs":0},"allocations":1,"arena_capacity":60293120,"arena_high_water":60293120,"command_buffers":1,"completion_waits":1,"dispatches":531,"encode":{"nanos":186608,"secs":0},"gpu":{"nanos":7297125,"secs":0},"reused_bytes":2254848,"transient_live_bytes":524288,"transient_peak_bytes":2254848,"wait":{"nanos":7508167,"secs":0}},{"allocated_bytes":4,"allocation_time":{"nanos":3125,"secs":0},"allocations":1,"arena_capacity":60293120,"arena_high_water":60293120,"command_buffers":1,"completion_waits":1,"dispatches":531,"encode":{"nanos":182475,"secs":0},"gpu":{"nanos":7352667,"secs":0},"reused_bytes":2254848,"transient_live_bytes":524288,"transient_peak_bytes":2254848,"wait":{"nanos":7585792,"secs":0}},{"allocated_bytes":4,"allocation_time":{"nanos":2625,"secs":0},"allocations":1,"arena_capacity":60293120,"arena_high_water":60293120,"command_buffers":1,"completion_waits":1,"dispatches":531,"encode":{"nanos":177875,"secs":0},"gpu":{"nanos":7759583,"secs":0},"reused_bytes":2254848,"transient_live_bytes":524288,"transient_peak_bytes":2254848,"wait":{"nanos":7978959,"secs":0}},{"allocated_bytes":4,"allocation_time":{"nanos":3708,"secs":0},"allocations":1,"arena_capacity":60293120,"arena_high_water":60293120,"command_buffers":1,"completion_waits":1,"dispatches":531,"encode":{"nanos":182073,"secs":0},"gpu":{"nanos":7464125,"secs":0},"reused_bytes":2254848,"transient_live_bytes":524288,"transient_peak_bytes":2254848,"wait":{"nanos":7675208,"secs":0}},{"allocated_bytes":4,"allocation_time":{"nanos":3125,"secs":0},"allocations":1,"arena_capacity":60293120,"arena_high_water":60293120,"command_buffers":1,"completion_waits":1,"dispatches":531,"encode":{"nanos":189246,"secs":0},"gpu":{"nanos":7560458,"secs":0},"reused_bytes":2254848,"transient_live_bytes":524288,"transient_peak_bytes":2254848,"wait":{"nanos":7802417,"secs":0}},{"allocated_bytes":4,"allocation_time":{"nanos":2708,"secs":0},"allocations":1,"arena_capacity":60293120,"arena_high_water":60293120,"command_buffers":1,"completion_waits":1,"dispatches":531,"encode":{"nanos":181282,"secs":0},"gpu":{"nanos":8577917,"secs":0},"reused_bytes":2279424,"transient_live_bytes":524288,"transient_peak_bytes":2279424,"wait":{"nanos":8793750,"secs":0}},{"allocated_bytes":4,"allocation_time":{"nanos":4042,"secs":0},"allocations":1,"arena_capacity":60293120,"arena_high_water":60293120,"command_buffers":1,"completion_waits":1,"dispatches":531,"encode":{"nanos":187416,"secs":0},"gpu":{"nanos":7319833,"secs":0},"reused_bytes":2279424,"transient_live_bytes":524288,"transient_peak_bytes":2279424,"wait":{"nanos":7561542,"secs":0}},{"allocated_bytes":4,"allocation_time":{"nanos":2917,"secs":0},"allocations":1,"arena_capacity":60293120,"arena_high_water":60293120,"command_buffers":1,"completion_waits":1,"dispatches":531,"encode":{"nanos":185163,"secs":0},"gpu":{"nanos":7466667,"secs":0},"reused_bytes":2279424,"transient_live_bytes":524288,"transient_peak_bytes":2279424,"wait":{"nanos":7702667,"secs":0}},{"allocated_bytes":4,"allocation_time":{"nanos":3334,"secs":0},"allocations":1,"arena_capacity":60293120,"arena_high_water":60293120,"command_buffers":1,"completion_waits":1,"dispatches":531,"encode":{"nanos":178951,"secs":0},"gpu":{"nanos":7392375,"secs":0},"reused_bytes":2279424,"transient_live_bytes":524288,"transient_peak_bytes":2279424,"wait":{"nanos":7638708,"secs":0}},{"allocated_bytes":4,"allocation_time":{"nanos":4084,"secs":0},"allocations":1,"arena_capacity":60293120,"arena_high_water":60293120,"command_buffers":1,"completion_waits":1,"dispatches":531,"encode":{"nanos":189030,"secs":0},"gpu":{"nanos":7257208,"secs":0},"reused_bytes":2279424,"transient_live_bytes":524288,"transient_peak_bytes":2279424,"wait":{"nanos":7450000,"secs":0}},{"allocated_bytes":4,"allocation_time":{"nanos":3708,"secs":0},"allocations":1,"arena_capacity":60293120,"arena_high_water":60293120,"command_buffers":1,"completion_waits":1,"dispatches":531,"encode":{"nanos":182673,"secs":0},"gpu":{"nanos":7414375,"secs":0},"reused_bytes":2279424,"transient_live_bytes":524288,"transient_peak_bytes":2279424,"wait":{"nanos":7652625,"secs":0}},{"allocated_bytes":4,"allocation_time":{"nanos":3625,"secs":0},"allocations":1,"arena_capacity":60293120,"arena_high_water":60293120,"command_buffers":1,"completion_waits":1,"dispatches":531,"encode":{"nanos":188503,"secs":0},"gpu":{"nanos":7590708,"secs":0},"reused_bytes":2279424,"transient_live_bytes":524288,"transient_peak_bytes":2279424,"wait":{"nanos":7775542,"secs":0}},{"allocated_bytes":4,"allocation_time":{"nanos":3917,"secs":0},"allocations":1,"arena_capacity":60293120,"arena_high_water":60293120,"command_buffers":1,"completion_waits":1,"dispatches":531,"encode":{"nanos":186791,"secs":0},"gpu":{"nanos":7409542,"secs":0},"reused_bytes":2279424,"transient_live_bytes":524288,"transient_peak_bytes":2279424,"wait":{"nanos":7607792,"secs":0}},{"allocated_bytes":4,"allocation_time":{"nanos":7666,"secs":0},"allocations":1,"arena_capacity":60293120,"arena_high_water":60293120,"command_buffers":1,"completion_waits":1,"dispatches":531,"encode":{"nanos":191616,"secs":0},"gpu":{"nanos":7884125,"secs":0},"reused_bytes":2279424,"transient_live_bytes":524288,"transient_peak_bytes":2279424,"wait":{"nanos":8108750,"secs":0}}],"decode_median_ms":8.112083,"decode_ms":[8.341,7.924874999999999,8.025459,8.410917,8.113666,8.255291999999999,9.238708,8.014333,8.112083,8.075459,7.867542,8.07925,8.1895,8.040541,8.551],"decode_profiles":[{},{},{},{},{},{},{},{},{},{},{},{},{},{},{}],"decode_tps":123.2729004375325,"first_token_ms":28.344834,"generated_ids":[8948,198,39814,11,358,4172,387,6247,311,1492,448,894,4755,498,614,13],"generated_tokens":16,"generation_ms":155.322667,"generation_tps":103.01136536626686,"gguf_mpp_min_rows":8,"kv_active_bytes":331776,"kv_reserved_bytes":3145728,"model_format":"GGUF","model_repository":"Qwen/Qwen2.5-0.5B-Instruct-GGUF","model_revision":"9217f5db79a29953eb74d5343926648285ec7e67","moe_expert_tensorops":true,"moe_expert_tensorops_min_routes_per_expert":8,"moe_expert_tensorops_tile_k64":true,"packed_quantized_bytes":485166080,"pair":2,"pair_order":"ferrum-control>ferrum-candidate>llama.cpp","parameter_count":630167424,"prefill_counters":{"allocated_bytes":3145776,"allocation_time":{"nanos":326084,"secs":0},"allocations":49,"arena_capacity":60293120,"arena_high_water":60293120,"command_buffers":1,"completion_waits":1,"dispatches":531,"encode":{"nanos":214497,"secs":0},"gpu":{"nanos":27029750,"secs":0},"reused_bytes":18579456,"transient_live_bytes":0,"transient_peak_bytes":18579456,"wait":{"nanos":27294959,"secs":0}},"prefill_ms":28.037584000000003,"prefill_profile":{},"prefill_tps":427.9969344006245,"prompt_ids":[151644,8948,198,2610,525,264,10950,17847,13,151645,198,151644],"prompt_tokens":12,"q4_k_mpp_tile_k64":true,"q5_0_gemv_n4":false,"q5_1_mpp_tile_k64":true,"q8_0_mpp_tile_k64":true,"retained_weight_bytes":485309184,"runtime":"ferrum","sampling_ms":3.8688759999999998,"source_tensor_bytes":485452288,"tensor_count":291,"warmup":false,"process_rss_bytes":806256640,"ferrum_variant":"candidate","source_matrix_case_model":"qwen2.5-phase7a-small-batch-shape-probe-q4_k_m","engine_order":["ferrum-control","ferrum-candidate","llama.cpp"],"case_index":3,"engine_load_plus_first_warmup_ms":877.0456250058487}
{"case":"m12","command_buffer_count":null,"decode_aggregate_tps":231.54892367878878,"decode_median_ms":4.33825,"decode_ms":[4.625291,4.479583,4.169709,4.393625,4.18075,4.483959,4.201292,4.354584,4.034667,4.122834,4.336625,4.33825,4.387041,4.230083,4.442833],"decode_tps":230.50769319426033,"dispatch_count":null,"first_token_ms":15.673917,"generated_ids":[8948,198,39814,11,358,4172,387,6247,311,1492,448,894,4755,498,614,0],"generated_tokens":16,"generation_ms":84.026125,"generation_tps":190.41696853210834,"kv_context_capacity_tokens":4096,"kv_type":"bf16","llama_commit":"84e76d8a23162eca70490da131945ebec1f09bf4","llama_version":"0.5.0-dev","model_format":"GGUF","pair":2,"pair_order":"ferrum-control>ferrum-candidate>llama.cpp","prefill_ms":15.397042,"prefill_tps":779.3704790829303,"process_max_rss_bytes":662716416,"prompt_ids":[151644,8948,198,2610,525,264,10950,17847,13,151645,198,151644],"prompt_tokens":12,"runtime":"llama.cpp","sampling_ms":3.8465010000000004,"warmup":false,"process_rss_bytes":662437888,"source_matrix_case_model":"qwen2.5-phase7a-small-batch-shape-probe-q4_k_m","engine_order":["ferrum-control","ferrum-candidate","llama.cpp"],"case_index":3,"engine_load_plus_first_warmup_ms":978.256624948699}
{"case":"m12","command_buffer_count":null,"decode_aggregate_tps":234.07813771678252,"decode_median_ms":4.260917,"decode_ms":[4.616166,4.138375,4.335833,4.206875,4.352666,4.180833,4.468209,4.180458,4.48925,4.29475,4.013,4.260917,4.0605,4.316542,4.166792],"decode_tps":234.69126481459273,"dispatch_count":null,"first_token_ms":15.162167,"generated_ids":[8948,198,39814,11,358,4172,387,6247,311,1492,448,894,4755,498,614,0],"generated_tokens":16,"generation_ms":83.032458,"generation_tps":192.69572869925156,"kv_context_capacity_tokens":4096,"kv_type":"bf16","llama_commit":"84e76d8a23162eca70490da131945ebec1f09bf4","llama_version":"0.5.0-dev","model_format":"GGUF","pair":3,"pair_order":"llama.cpp>ferrum-candidate>ferrum-control","prefill_ms":14.895542,"prefill_tps":805.6101617517509,"process_max_rss_bytes":662716416,"prompt_ids":[151644,8948,198,2610,525,264,10950,17847,13,151645,198,151644],"prompt_tokens":12,"runtime":"llama.cpp","sampling_ms":4.053123,"warmup":false,"process_rss_bytes":662437888,"source_matrix_case_model":"qwen2.5-phase7a-small-batch-shape-probe-q4_k_m","engine_order":["llama.cpp","ferrum-candidate","ferrum-control"],"case_index":3,"engine_load_plus_first_warmup_ms":978.256624948699}
{"case":"m12","decode_aggregate_tps":123.0717467423688,"decode_counters":[{"allocated_bytes":4,"allocation_time":{"nanos":5042,"secs":0},"allocations":1,"arena_capacity":60293120,"arena_high_water":60293120,"command_buffers":1,"completion_waits":1,"dispatches":531,"encode":{"nanos":192746,"secs":0},"gpu":{"nanos":7626750,"secs":0},"reused_bytes":2254848,"transient_live_bytes":524288,"transient_peak_bytes":2254848,"wait":{"nanos":7863625,"secs":0}},{"allocated_bytes":4,"allocation_time":{"nanos":3917,"secs":0},"allocations":1,"arena_capacity":60293120,"arena_high_water":60293120,"command_buffers":1,"completion_waits":1,"dispatches":531,"encode":{"nanos":181099,"secs":0},"gpu":{"nanos":7258417,"secs":0},"reused_bytes":2254848,"transient_live_bytes":524288,"transient_peak_bytes":2254848,"wait":{"nanos":7578750,"secs":0}},{"allocated_bytes":4,"allocation_time":{"nanos":4333,"secs":0},"allocations":1,"arena_capacity":60293120,"arena_high_water":60293120,"command_buffers":1,"completion_waits":1,"dispatches":531,"encode":{"nanos":185695,"secs":0},"gpu":{"nanos":7351375,"secs":0},"reused_bytes":2254848,"transient_live_bytes":524288,"transient_peak_bytes":2254848,"wait":{"nanos":7671125,"secs":0}},{"allocated_bytes":4,"allocation_time":{"nanos":5875,"secs":0},"allocations":1,"arena_capacity":60293120,"arena_high_water":60293120,"command_buffers":1,"completion_waits":1,"dispatches":531,"encode":{"nanos":192298,"secs":0},"gpu":{"nanos":7597083,"secs":0},"reused_bytes":2254848,"transient_live_bytes":524288,"transient_peak_bytes":2254848,"wait":{"nanos":7833125,"secs":0}},{"allocated_bytes":4,"allocation_time":{"nanos":2959,"secs":0},"allocations":1,"arena_capacity":60293120,"arena_high_water":60293120,"command_buffers":1,"completion_waits":1,"dispatches":531,"encode":{"nanos":177746,"secs":0},"gpu":{"nanos":7036333,"secs":0},"reused_bytes":2254848,"transient_live_bytes":524288,"transient_peak_bytes":2254848,"wait":{"nanos":7318250,"secs":0}},{"allocated_bytes":4,"allocation_time":{"nanos":4000,"secs":0},"allocations":1,"arena_capacity":60293120,"arena_high_water":60293120,"command_buffers":1,"completion_waits":1,"dispatches":531,"encode":{"nanos":196128,"secs":0},"gpu":{"nanos":7475125,"secs":0},"reused_bytes":2254848,"transient_live_bytes":524288,"transient_peak_bytes":2254848,"wait":{"nanos":7731000,"secs":0}},{"allocated_bytes":4,"allocation_time":{"nanos":4208,"secs":0},"allocations":1,"arena_capacity":60293120,"arena_high_water":60293120,"command_buffers":1,"completion_waits":1,"dispatches":531,"encode":{"nanos":181122,"secs":0},"gpu":{"nanos":7481667,"secs":0},"reused_bytes":2279424,"transient_live_bytes":524288,"transient_peak_bytes":2279424,"wait":{"nanos":7711084,"secs":0}},{"allocated_bytes":4,"allocation_time":{"nanos":3542,"secs":0},"allocations":1,"arena_capacity":60293120,"arena_high_water":60293120,"command_buffers":1,"completion_waits":1,"dispatches":531,"encode":{"nanos":178945,"secs":0},"gpu":{"nanos":7492208,"secs":0},"reused_bytes":2279424,"transient_live_bytes":524288,"transient_peak_bytes":2279424,"wait":{"nanos":7786708,"secs":0}},{"allocated_bytes":4,"allocation_time":{"nanos":2333,"secs":0},"allocations":1,"arena_capacity":60293120,"arena_high_water":60293120,"command_buffers":1,"completion_waits":1,"dispatches":531,"encode":{"nanos":175362,"secs":0},"gpu":{"nanos":7374250,"secs":0},"reused_bytes":2279424,"transient_live_bytes":524288,"transient_peak_bytes":2279424,"wait":{"nanos":7650416,"secs":0}},{"allocated_bytes":4,"allocation_time":{"nanos":3666,"secs":0},"allocations":1,"arena_capacity":60293120,"arena_high_water":60293120,"command_buffers":1,"completion_waits":1,"dispatches":531,"encode":{"nanos":178633,"secs":0},"gpu":{"nanos":7420792,"secs":0},"reused_bytes":2279424,"transient_live_bytes":524288,"transient_peak_bytes":2279424,"wait":{"nanos":7640625,"secs":0}},{"allocated_bytes":4,"allocation_time":{"nanos":3208,"secs":0},"allocations":1,"arena_capacity":60293120,"arena_high_water":60293120,"command_buffers":1,"completion_waits":1,"dispatches":531,"encode":{"nanos":178406,"secs":0},"gpu":{"nanos":7223000,"secs":0},"reused_bytes":2279424,"transient_live_bytes":524288,"transient_peak_bytes":2279424,"wait":{"nanos":7468875,"secs":0}},{"allocated_bytes":4,"allocation_time":{"nanos":3375,"secs":0},"allocations":1,"arena_capacity":60293120,"arena_high_water":60293120,"command_buffers":1,"completion_waits":1,"dispatches":531,"encode":{"nanos":177164,"secs":0},"gpu":{"nanos":7297875,"secs":0},"reused_bytes":2279424,"transient_live_bytes":524288,"transient_peak_bytes":2279424,"wait":{"nanos":7538292,"secs":0}},{"allocated_bytes":4,"allocation_time":{"nanos":3083,"secs":0},"allocations":1,"arena_capacity":60293120,"arena_high_water":60293120,"command_buffers":1,"completion_waits":1,"dispatches":531,"encode":{"nanos":178242,"secs":0},"gpu":{"nanos":7745625,"secs":0},"reused_bytes":2279424,"transient_live_bytes":524288,"transient_peak_bytes":2279424,"wait":{"nanos":7956333,"secs":0}},{"allocated_bytes":4,"allocation_time":{"nanos":3167,"secs":0},"allocations":1,"arena_capacity":60293120,"arena_high_water":60293120,"command_buffers":1,"completion_waits":1,"dispatches":531,"encode":{"nanos":177880,"secs":0},"gpu":{"nanos":7268625,"secs":0},"reused_bytes":2279424,"transient_live_bytes":524288,"transient_peak_bytes":2279424,"wait":{"nanos":7528000,"secs":0}},{"allocated_bytes":4,"allocation_time":{"nanos":3000,"secs":0},"allocations":1,"arena_capacity":60293120,"arena_high_water":60293120,"command_buffers":1,"completion_waits":1,"dispatches":531,"encode":{"nanos":176905,"secs":0},"gpu":{"nanos":7862125,"secs":0},"reused_bytes":2279424,"transient_live_bytes":524288,"transient_peak_bytes":2279424,"wait":{"nanos":8080458,"secs":0}}],"decode_median_ms":8.112708999999999,"decode_ms":[8.320292,8.016499999999999,8.120834,8.296375,7.755667,8.193833,8.112708999999999,8.219166999999999,8.100665999999999,8.078458,7.90775,7.969291999999999,8.357125,7.956333,8.475125],"decode_profiles":[{},{},{},{},{},{},{},{},{},{},{},{},{},{},{}],"decode_tps":123.26338834537269,"first_token_ms":28.054040999999998,"generated_ids":[8948,198,39814,11,358,4172,387,6247,311,1492,448,894,4755,498,614,13],"generated_tokens":16,"generation_ms":153.680375,"generation_tps":104.11218738892327,"gguf_mpp_min_rows":8,"kv_active_bytes":331776,"kv_reserved_bytes":3145728,"model_format":"GGUF","model_repository":"Qwen/Qwen2.5-0.5B-Instruct-GGUF","model_revision":"9217f5db79a29953eb74d5343926648285ec7e67","moe_expert_tensorops":true,"moe_expert_tensorops_min_routes_per_expert":8,"moe_expert_tensorops_tile_k64":true,"packed_quantized_bytes":485166080,"pair":3,"pair_order":"llama.cpp>ferrum-candidate>ferrum-control","parameter_count":630167424,"prefill_counters":{"allocated_bytes":3145776,"allocation_time":{"nanos":410623,"secs":0},"allocations":49,"arena_capacity":60293120,"arena_high_water":60293120,"command_buffers":1,"completion_waits":1,"dispatches":531,"encode":{"nanos":229334,"secs":0},"gpu":{"nanos":26619833,"secs":0},"reused_bytes":18579456,"transient_live_bytes":0,"transient_peak_bytes":18579456,"wait":{"nanos":26902292,"secs":0}},"prefill_ms":27.754166,"prefill_profile":{},"prefill_tps":432.367522771176,"prompt_ids":[151644,8948,198,2610,525,264,10950,17847,13,151645,198,151644],"prompt_tokens":12,"q4_k_mpp_tile_k64":true,"q5_0_gemv_n4":false,"q5_1_mpp_tile_k64":true,"q8_0_mpp_tile_k64":true,"retained_weight_bytes":485309184,"runtime":"ferrum","sampling_ms":3.8740419999999998,"source_tensor_bytes":485452288,"tensor_count":291,"warmup":false,"process_rss_bytes":806256640,"ferrum_variant":"candidate","source_matrix_case_model":"qwen2.5-phase7a-small-batch-shape-probe-q4_k_m","engine_order":["llama.cpp","ferrum-candidate","ferrum-control"],"case_index":3,"engine_load_plus_first_warmup_ms":877.0456250058487}
{"case":"m12","decode_aggregate_tps":122.67016140326487,"decode_counters":[{"allocated_bytes":4,"allocation_time":{"nanos":5375,"secs":0},"allocations":1,"arena_capacity":60293120,"arena_high_water":60293120,"command_buffers":1,"completion_waits":1,"dispatches":531,"encode":{"nanos":205272,"secs":0},"gpu":{"nanos":7214542,"secs":0},"reused_bytes":2254848,"transient_live_bytes":524288,"transient_peak_bytes":2254848,"wait":{"nanos":7421667,"secs":0}},{"allocated_bytes":4,"allocation_time":{"nanos":5125,"secs":0},"allocations":1,"arena_capacity":60293120,"arena_high_water":60293120,"command_buffers":1,"completion_waits":1,"dispatches":531,"encode":{"nanos":183244,"secs":0},"gpu":{"nanos":7526167,"secs":0},"reused_bytes":2254848,"transient_live_bytes":524288,"transient_peak_bytes":2254848,"wait":{"nanos":7720917,"secs":0}},{"allocated_bytes":4,"allocation_time":{"nanos":3250,"secs":0},"allocations":1,"arena_capacity":60293120,"arena_high_water":60293120,"command_buffers":1,"completion_waits":1,"dispatches":531,"encode":{"nanos":177840,"secs":0},"gpu":{"nanos":7632917,"secs":0},"reused_bytes":2254848,"transient_live_bytes":524288,"transient_peak_bytes":2254848,"wait":{"nanos":7860625,"secs":0}},{"allocated_bytes":4,"allocation_time":{"nanos":2625,"secs":0},"allocations":1,"arena_capacity":60293120,"arena_high_water":60293120,"command_buffers":1,"completion_waits":1,"dispatches":531,"encode":{"nanos":176565,"secs":0},"gpu":{"nanos":7338125,"secs":0},"reused_bytes":2254848,"transient_live_bytes":524288,"transient_peak_bytes":2254848,"wait":{"nanos":7566959,"secs":0}},{"allocated_bytes":4,"allocation_time":{"nanos":4750,"secs":0},"allocations":1,"arena_capacity":60293120,"arena_high_water":60293120,"command_buffers":1,"completion_waits":1,"dispatches":531,"encode":{"nanos":180017,"secs":0},"gpu":{"nanos":7263542,"secs":0},"reused_bytes":2254848,"transient_live_bytes":524288,"transient_peak_bytes":2254848,"wait":{"nanos":7494250,"secs":0}},{"allocated_bytes":4,"allocation_time":{"nanos":3167,"secs":0},"allocations":1,"arena_capacity":60293120,"arena_high_water":60293120,"command_buffers":1,"completion_waits":1,"dispatches":531,"encode":{"nanos":177629,"secs":0},"gpu":{"nanos":7360208,"secs":0},"reused_bytes":2254848,"transient_live_bytes":524288,"transient_peak_bytes":2254848,"wait":{"nanos":7622750,"secs":0}},{"allocated_bytes":4,"allocation_time":{"nanos":3584,"secs":0},"allocations":1,"arena_capacity":60293120,"arena_high_water":60293120,"command_buffers":1,"completion_waits":1,"dispatches":531,"encode":{"nanos":180660,"secs":0},"gpu":{"nanos":7659500,"secs":0},"reused_bytes":2279424,"transient_live_bytes":524288,"transient_peak_bytes":2279424,"wait":{"nanos":7926292,"secs":0}},{"allocated_bytes":4,"allocation_time":{"nanos":2667,"secs":0},"allocations":1,"arena_capacity":60293120,"arena_high_water":60293120,"command_buffers":1,"completion_waits":1,"dispatches":531,"encode":{"nanos":178085,"secs":0},"gpu":{"nanos":7789625,"secs":0},"reused_bytes":2279424,"transient_live_bytes":524288,"transient_peak_bytes":2279424,"wait":{"nanos":8003709,"secs":0}},{"allocated_bytes":4,"allocation_time":{"nanos":3292,"secs":0},"allocations":1,"arena_capacity":60293120,"arena_high_water":60293120,"command_buffers":1,"completion_waits":1,"dispatches":531,"encode":{"nanos":178246,"secs":0},"gpu":{"nanos":7646083,"secs":0},"reused_bytes":2279424,"transient_live_bytes":524288,"transient_peak_bytes":2279424,"wait":{"nanos":7903667,"secs":0}},{"allocated_bytes":4,"allocation_time":{"nanos":3792,"secs":0},"allocations":1,"arena_capacity":60293120,"arena_high_water":60293120,"command_buffers":1,"completion_waits":1,"dispatches":531,"encode":{"nanos":180236,"secs":0},"gpu":{"nanos":7132917,"secs":0},"reused_bytes":2279424,"transient_live_bytes":524288,"transient_peak_bytes":2279424,"wait":{"nanos":7384375,"secs":0}},{"allocated_bytes":4,"allocation_time":{"nanos":3417,"secs":0},"allocations":1,"arena_capacity":60293120,"arena_high_water":60293120,"command_buffers":1,"completion_waits":1,"dispatches":531,"encode":{"nanos":174745,"secs":0},"gpu":{"nanos":7337375,"secs":0},"reused_bytes":2279424,"transient_live_bytes":524288,"transient_peak_bytes":2279424,"wait":{"nanos":7564625,"secs":0}},{"allocated_bytes":4,"allocation_time":{"nanos":3250,"secs":0},"allocations":1,"arena_capacity":60293120,"arena_high_water":60293120,"command_buffers":1,"completion_waits":1,"dispatches":531,"encode":{"nanos":176374,"secs":0},"gpu":{"nanos":7652333,"secs":0},"reused_bytes":2279424,"transient_live_bytes":524288,"transient_peak_bytes":2279424,"wait":{"nanos":7907500,"secs":0}},{"allocated_bytes":4,"allocation_time":{"nanos":3084,"secs":0},"allocations":1,"arena_capacity":60293120,"arena_high_water":60293120,"command_buffers":1,"completion_waits":1,"dispatches":531,"encode":{"nanos":189173,"secs":0},"gpu":{"nanos":7569417,"secs":0},"reused_bytes":2279424,"transient_live_bytes":524288,"transient_peak_bytes":2279424,"wait":{"nanos":7829208,"secs":0}},{"allocated_bytes":4,"allocation_time":{"nanos":2333,"secs":0},"allocations":1,"arena_capacity":60293120,"arena_high_water":60293120,"command_buffers":1,"completion_waits":1,"dispatches":531,"encode":{"nanos":177039,"secs":0},"gpu":{"nanos":7684500,"secs":0},"reused_bytes":2279424,"transient_live_bytes":524288,"transient_peak_bytes":2279424,"wait":{"nanos":7934000,"secs":0}},{"allocated_bytes":4,"allocation_time":{"nanos":2958,"secs":0},"allocations":1,"arena_capacity":60293120,"arena_high_water":60293120,"command_buffers":1,"completion_waits":1,"dispatches":531,"encode":{"nanos":189721,"secs":0},"gpu":{"nanos":7434292,"secs":0},"reused_bytes":2279424,"transient_live_bytes":524288,"transient_peak_bytes":2279424,"wait":{"nanos":7675750,"secs":0}}],"decode_median_ms":8.128125,"decode_ms":[7.868583999999999,8.128125,8.29425,7.996625,7.950417,8.054959,8.34,8.415833,8.338333,7.825917,7.995833000000001,8.33825,8.271208,8.358208000000001,8.102583],"decode_profiles":[{},{},{},{},{},{},{},{},{},{},{},{},{},{},{}],"decode_tps":123.02960399846212,"first_token_ms":68.836584,"generated_ids":[8948,198,39814,11,358,646,1492,498,448,894,4755,476,9079,498,614,13],"generated_tokens":16,"generation_ms":194.74570899999998,"generation_tps":82.15842126719208,"gguf_mpp_min_rows":16,"kv_active_bytes":331776,"kv_reserved_bytes":3145728,"model_format":"GGUF","model_repository":"Qwen/Qwen2.5-0.5B-Instruct-GGUF","model_revision":"9217f5db79a29953eb74d5343926648285ec7e67","moe_expert_tensorops":true,"moe_expert_tensorops_min_routes_per_expert":8,"moe_expert_tensorops_tile_k64":true,"packed_quantized_bytes":485166080,"pair":3,"pair_order":"llama.cpp>ferrum-candidate>ferrum-control","parameter_count":630167424,"prefill_counters":{"allocated_bytes":3145776,"allocation_time":{"nanos":345125,"secs":0},"allocations":49,"arena_capacity":60293120,"arena_high_water":60293120,"command_buffers":1,"completion_waits":1,"dispatches":531,"encode":{"nanos":231356,"secs":0},"gpu":{"nanos":67339958,"secs":0},"reused_bytes":18579456,"transient_live_bytes":0,"transient_peak_bytes":18579456,"wait":{"nanos":67755375,"secs":0}},"prefill_ms":68.537042,"prefill_profile":{},"prefill_tps":175.08780142568742,"prompt_ids":[151644,8948,198,2610,525,264,10950,17847,13,151645,198,151644],"prompt_tokens":12,"q4_k_mpp_tile_k64":true,"q5_0_gemv_n4":false,"q5_1_mpp_tile_k64":true,"q8_0_mpp_tile_k64":true,"retained_weight_bytes":485309184,"runtime":"ferrum","sampling_ms":3.7533760000000003,"source_tensor_bytes":485452288,"tensor_count":291,"warmup":false,"process_rss_bytes":806256640,"ferrum_variant":"control","source_matrix_case_model":"qwen2.5-phase7a-small-batch-shape-probe-q4_k_m","engine_order":["llama.cpp","ferrum-candidate","ferrum-control"],"case_index":3,"engine_load_plus_first_warmup_ms":877.0456250058487}
{"case":"m12","decode_aggregate_tps":122.57513992953254,"decode_counters":[{"allocated_bytes":4,"allocation_time":{"nanos":4583,"secs":0},"allocations":1,"arena_capacity":60293120,"arena_high_water":60293120,"command_buffers":1,"completion_waits":1,"dispatches":531,"encode":{"nanos":201582,"secs":0},"gpu":{"nanos":7224625,"secs":0},"reused_bytes":2254848,"transient_live_bytes":524288,"transient_peak_bytes":2254848,"wait":{"nanos":7450000,"secs":0}},{"allocated_bytes":4,"allocation_time":{"nanos":4959,"secs":0},"allocations":1,"arena_capacity":60293120,"arena_high_water":60293120,"command_buffers":1,"completion_waits":1,"dispatches":531,"encode":{"nanos":182905,"secs":0},"gpu":{"nanos":7234250,"secs":0},"reused_bytes":2254848,"transient_live_bytes":524288,"transient_peak_bytes":2254848,"wait":{"nanos":7485708,"secs":0}},{"allocated_bytes":4,"allocation_time":{"nanos":3583,"secs":0},"allocations":1,"arena_capacity":60293120,"arena_high_water":60293120,"command_buffers":1,"completion_waits":1,"dispatches":531,"encode":{"nanos":178595,"secs":0},"gpu":{"nanos":7624750,"secs":0},"reused_bytes":2254848,"transient_live_bytes":524288,"transient_peak_bytes":2254848,"wait":{"nanos":7890208,"secs":0}},{"allocated_bytes":4,"allocation_time":{"nanos":3291,"secs":0},"allocations":1,"arena_capacity":60293120,"arena_high_water":60293120,"command_buffers":1,"completion_waits":1,"dispatches":531,"encode":{"nanos":178748,"secs":0},"gpu":{"nanos":7615917,"secs":0},"reused_bytes":2254848,"transient_live_bytes":524288,"transient_peak_bytes":2254848,"wait":{"nanos":7861625,"secs":0}},{"allocated_bytes":4,"allocation_time":{"nanos":2583,"secs":0},"allocations":1,"arena_capacity":60293120,"arena_high_water":60293120,"command_buffers":1,"completion_waits":1,"dispatches":531,"encode":{"nanos":175915,"secs":0},"gpu":{"nanos":7533250,"secs":0},"reused_bytes":2254848,"transient_live_bytes":524288,"transient_peak_bytes":2254848,"wait":{"nanos":7765750,"secs":0}},{"allocated_bytes":4,"allocation_time":{"nanos":3417,"secs":0},"allocations":1,"arena_capacity":60293120,"arena_high_water":60293120,"command_buffers":1,"completion_waits":1,"dispatches":531,"encode":{"nanos":185305,"secs":0},"gpu":{"nanos":7398833,"secs":0},"reused_bytes":2254848,"transient_live_bytes":524288,"transient_peak_bytes":2254848,"wait":{"nanos":7646000,"secs":0}},{"allocated_bytes":4,"allocation_time":{"nanos":2542,"secs":0},"allocations":1,"arena_capacity":60293120,"arena_high_water":60293120,"command_buffers":1,"completion_waits":1,"dispatches":531,"encode":{"nanos":202389,"secs":0},"gpu":{"nanos":7637250,"secs":0},"reused_bytes":2279424,"transient_live_bytes":524288,"transient_peak_bytes":2279424,"wait":{"nanos":7785334,"secs":0}},{"allocated_bytes":4,"allocation_time":{"nanos":3000,"secs":0},"allocations":1,"arena_capacity":60293120,"arena_high_water":60293120,"command_buffers":1,"completion_waits":1,"dispatches":531,"encode":{"nanos":175358,"secs":0},"gpu":{"nanos":7805375,"secs":0},"reused_bytes":2279424,"transient_live_bytes":524288,"transient_peak_bytes":2279424,"wait":{"nanos":8033167,"secs":0}},{"allocated_bytes":4,"allocation_time":{"nanos":3417,"secs":0},"allocations":1,"arena_capacity":60293120,"arena_high_water":60293120,"command_buffers":1,"completion_waits":1,"dispatches":531,"encode":{"nanos":180009,"secs":0},"gpu":{"nanos":7382208,"secs":0},"reused_bytes":2279424,"transient_live_bytes":524288,"transient_peak_bytes":2279424,"wait":{"nanos":7621584,"secs":0}},{"allocated_bytes":4,"allocation_time":{"nanos":3166,"secs":0},"allocations":1,"arena_capacity":60293120,"arena_high_water":60293120,"command_buffers":1,"completion_waits":1,"dispatches":531,"encode":{"nanos":178653,"secs":0},"gpu":{"nanos":7378750,"secs":0},"reused_bytes":2279424,"transient_live_bytes":524288,"transient_peak_bytes":2279424,"wait":{"nanos":7605333,"secs":0}},{"allocated_bytes":4,"allocation_time":{"nanos":2625,"secs":0},"allocations":1,"arena_capacity":60293120,"arena_high_water":60293120,"command_buffers":1,"completion_waits":1,"dispatches":531,"encode":{"nanos":177037,"secs":0},"gpu":{"nanos":7363000,"secs":0},"reused_bytes":2279424,"transient_live_bytes":524288,"transient_peak_bytes":2279424,"wait":{"nanos":7577958,"secs":0}},{"allocated_bytes":4,"allocation_time":{"nanos":2875,"secs":0},"allocations":1,"arena_capacity":60293120,"arena_high_water":60293120,"command_buffers":1,"completion_waits":1,"dispatches":531,"encode":{"nanos":175421,"secs":0},"gpu":{"nanos":7665375,"secs":0},"reused_bytes":2279424,"transient_live_bytes":524288,"transient_peak_bytes":2279424,"wait":{"nanos":7919250,"secs":0}},{"allocated_bytes":4,"allocation_time":{"nanos":2958,"secs":0},"allocations":1,"arena_capacity":60293120,"arena_high_water":60293120,"command_buffers":1,"completion_waits":1,"dispatches":531,"encode":{"nanos":175378,"secs":0},"gpu":{"nanos":7577625,"secs":0},"reused_bytes":2279424,"transient_live_bytes":524288,"transient_peak_bytes":2279424,"wait":{"nanos":7801875,"secs":0}},{"allocated_bytes":4,"allocation_time":{"nanos":2875,"secs":0},"allocations":1,"arena_capacity":60293120,"arena_high_water":60293120,"command_buffers":1,"completion_waits":1,"dispatches":531,"encode":{"nanos":173200,"secs":0},"gpu":{"nanos":7694667,"secs":0},"reused_bytes":2279424,"transient_live_bytes":524288,"transient_peak_bytes":2279424,"wait":{"nanos":7941709,"secs":0}},{"allocated_bytes":4,"allocation_time":{"nanos":3334,"secs":0},"allocations":1,"arena_capacity":60293120,"arena_high_water":60293120,"command_buffers":1,"completion_waits":1,"dispatches":531,"encode":{"nanos":178113,"secs":0},"gpu":{"nanos":7151917,"secs":0},"reused_bytes":2279424,"transient_live_bytes":524288,"transient_peak_bytes":2279424,"wait":{"nanos":7404917,"secs":0}}],"decode_median_ms":8.198542,"decode_ms":[7.926417,7.922166,8.326125,8.295208,8.198542,8.089832999999999,8.226208,8.46275,8.057459,8.044084,7.97175,8.417333000000001,8.230334000000001,8.370083000000001,7.835625],"decode_profiles":[{},{},{},{},{},{},{},{},{},{},{},{},{},{},{}],"decode_tps":121.97290689002996,"first_token_ms":68.597166,"generated_ids":[8948,198,39814,11,358,646,1492,498,448,894,4755,476,9079,498,614,13],"generated_tokens":16,"generation_ms":194.643125,"generation_tps":82.2017217407499,"gguf_mpp_min_rows":16,"kv_active_bytes":331776,"kv_reserved_bytes":3145728,"model_format":"GGUF","model_repository":"Qwen/Qwen2.5-0.5B-Instruct-GGUF","model_revision":"9217f5db79a29953eb74d5343926648285ec7e67","moe_expert_tensorops":true,"moe_expert_tensorops_min_routes_per_expert":8,"moe_expert_tensorops_tile_k64":true,"packed_quantized_bytes":485166080,"pair":4,"pair_order":"ferrum-control>ferrum-candidate>llama.cpp","parameter_count":630167424,"prefill_counters":{"allocated_bytes":3145776,"allocation_time":{"nanos":310745,"secs":0},"allocations":49,"arena_capacity":60293120,"arena_high_water":60293120,"command_buffers":1,"completion_waits":1,"dispatches":531,"encode":{"nanos":202039,"secs":0},"gpu":{"nanos":67302417,"secs":0},"reused_bytes":18579456,"transient_live_bytes":0,"transient_peak_bytes":18579456,"wait":{"nanos":67589750,"secs":0}},"prefill_ms":68.297708,"prefill_profile":{},"prefill_tps":175.70135735740942,"prompt_ids":[151644,8948,198,2610,525,264,10950,17847,13,151645,198,151644],"prompt_tokens":12,"q4_k_mpp_tile_k64":true,"q5_0_gemv_n4":false,"q5_1_mpp_tile_k64":true,"q8_0_mpp_tile_k64":true,"retained_weight_bytes":485309184,"runtime":"ferrum","sampling_ms":3.790541,"source_tensor_bytes":485452288,"tensor_count":291,"warmup":false,"process_rss_bytes":806256640,"ferrum_variant":"control","source_matrix_case_model":"qwen2.5-phase7a-small-batch-shape-probe-q4_k_m","engine_order":["ferrum-control","ferrum-candidate","llama.cpp"],"case_index":3,"engine_load_plus_first_warmup_ms":877.0456250058487}
{"case":"m12","decode_aggregate_tps":122.08438876643916,"decode_counters":[{"allocated_bytes":4,"allocation_time":{"nanos":3667,"secs":0},"allocations":1,"arena_capacity":60293120,"arena_high_water":60293120,"command_buffers":1,"completion_waits":1,"dispatches":531,"encode":{"nanos":199860,"secs":0},"gpu":{"nanos":7238250,"secs":0},"reused_bytes":2254848,"transient_live_bytes":524288,"transient_peak_bytes":2254848,"wait":{"nanos":7465708,"secs":0}},{"allocated_bytes":4,"allocation_time":{"nanos":3458,"secs":0},"allocations":1,"arena_capacity":60293120,"arena_high_water":60293120,"command_buffers":1,"completion_waits":1,"dispatches":531,"encode":{"nanos":179459,"secs":0},"gpu":{"nanos":7141875,"secs":0},"reused_bytes":2254848,"transient_live_bytes":524288,"transient_peak_bytes":2254848,"wait":{"nanos":7395875,"secs":0}},{"allocated_bytes":4,"allocation_time":{"nanos":3000,"secs":0},"allocations":1,"arena_capacity":60293120,"arena_high_water":60293120,"command_buffers":1,"completion_waits":1,"dispatches":531,"encode":{"nanos":176130,"secs":0},"gpu":{"nanos":7495875,"secs":0},"reused_bytes":2254848,"transient_live_bytes":524288,"transient_peak_bytes":2254848,"wait":{"nanos":7723083,"secs":0}},{"allocated_bytes":4,"allocation_time":{"nanos":7375,"secs":0},"allocations":1,"arena_capacity":60293120,"arena_high_water":60293120,"command_buffers":1,"completion_waits":1,"dispatches":531,"encode":{"nanos":185777,"secs":0},"gpu":{"nanos":7554875,"secs":0},"reused_bytes":2254848,"transient_live_bytes":524288,"transient_peak_bytes":2254848,"wait":{"nanos":7899250,"secs":0}},{"allocated_bytes":4,"allocation_time":{"nanos":4500,"secs":0},"allocations":1,"arena_capacity":60293120,"arena_high_water":60293120,"command_buffers":1,"completion_waits":1,"dispatches":531,"encode":{"nanos":204574,"secs":0},"gpu":{"nanos":7404750,"secs":0},"reused_bytes":2254848,"transient_live_bytes":524288,"transient_peak_bytes":2254848,"wait":{"nanos":7624208,"secs":0}},{"allocated_bytes":4,"allocation_time":{"nanos":2584,"secs":0},"allocations":1,"arena_capacity":60293120,"arena_high_water":60293120,"command_buffers":1,"completion_waits":1,"dispatches":531,"encode":{"nanos":175092,"secs":0},"gpu":{"nanos":8063375,"secs":0},"reused_bytes":2254848,"transient_live_bytes":524288,"transient_peak_bytes":2254848,"wait":{"nanos":8319167,"secs":0}},{"allocated_bytes":4,"allocation_time":{"nanos":6292,"secs":0},"allocations":1,"arena_capacity":60293120,"arena_high_water":60293120,"command_buffers":1,"completion_waits":1,"dispatches":531,"encode":{"nanos":199250,"secs":0},"gpu":{"nanos":7516750,"secs":0},"reused_bytes":2279424,"transient_live_bytes":524288,"transient_peak_bytes":2279424,"wait":{"nanos":7773459,"secs":0}},{"allocated_bytes":4,"allocation_time":{"nanos":4625,"secs":0},"allocations":1,"arena_capacity":60293120,"arena_high_water":60293120,"command_buffers":1,"completion_waits":1,"dispatches":531,"encode":{"nanos":190330,"secs":0},"gpu":{"nanos":7609792,"secs":0},"reused_bytes":2279424,"transient_live_bytes":524288,"transient_peak_bytes":2279424,"wait":{"nanos":7872459,"secs":0}},{"allocated_bytes":4,"allocation_time":{"nanos":6250,"secs":0},"allocations":1,"arena_capacity":60293120,"arena_high_water":60293120,"command_buffers":1,"completion_waits":1,"dispatches":531,"encode":{"nanos":195194,"secs":0},"gpu":{"nanos":7657125,"secs":0},"reused_bytes":2279424,"transient_live_bytes":524288,"transient_peak_bytes":2279424,"wait":{"nanos":7917625,"secs":0}},{"allocated_bytes":4,"allocation_time":{"nanos":5417,"secs":0},"allocations":1,"arena_capacity":60293120,"arena_high_water":60293120,"command_buffers":1,"completion_waits":1,"dispatches":531,"encode":{"nanos":201166,"secs":0},"gpu":{"nanos":7417542,"secs":0},"reused_bytes":2279424,"transient_live_bytes":524288,"transient_peak_bytes":2279424,"wait":{"nanos":7686875,"secs":0}},{"allocated_bytes":4,"allocation_time":{"nanos":4750,"secs":0},"allocations":1,"arena_capacity":60293120,"arena_high_water":60293120,"command_buffers":1,"completion_waits":1,"dispatches":531,"encode":{"nanos":184650,"secs":0},"gpu":{"nanos":7237125,"secs":0},"reused_bytes":2279424,"transient_live_bytes":524288,"transient_peak_bytes":2279424,"wait":{"nanos":7488417,"secs":0}},{"allocated_bytes":4,"allocation_time":{"nanos":4000,"secs":0},"allocations":1,"arena_capacity":60293120,"arena_high_water":60293120,"command_buffers":1,"completion_waits":1,"dispatches":531,"encode":{"nanos":230429,"secs":0},"gpu":{"nanos":7647375,"secs":0},"reused_bytes":2279424,"transient_live_bytes":524288,"transient_peak_bytes":2279424,"wait":{"nanos":7849000,"secs":0}},{"allocated_bytes":4,"allocation_time":{"nanos":3666,"secs":0},"allocations":1,"arena_capacity":60293120,"arena_high_water":60293120,"command_buffers":1,"completion_waits":1,"dispatches":531,"encode":{"nanos":181257,"secs":0},"gpu":{"nanos":7463542,"secs":0},"reused_bytes":2279424,"transient_live_bytes":524288,"transient_peak_bytes":2279424,"wait":{"nanos":7712250,"secs":0}},{"allocated_bytes":4,"allocation_time":{"nanos":3541,"secs":0},"allocations":1,"arena_capacity":60293120,"arena_high_water":60293120,"command_buffers":1,"completion_waits":1,"dispatches":531,"encode":{"nanos":183167,"secs":0},"gpu":{"nanos":6990833,"secs":0},"reused_bytes":2279424,"transient_live_bytes":524288,"transient_peak_bytes":2279424,"wait":{"nanos":7242542,"secs":0}},{"allocated_bytes":4,"allocation_time":{"nanos":3375,"secs":0},"allocations":1,"arena_capacity":60293120,"arena_high_water":60293120,"command_buffers":1,"completion_waits":1,"dispatches":531,"encode":{"nanos":184346,"secs":0},"gpu":{"nanos":7848625,"secs":0},"reused_bytes":2279424,"transient_live_bytes":524288,"transient_peak_bytes":2279424,"wait":{"nanos":8101166,"secs":0}}],"decode_median_ms":8.152542,"decode_ms":[7.917833000000001,7.828375,8.132375000000001,8.345917,8.107083,8.718874999999999,8.249166,8.32925,8.385083,8.152542,7.927166,8.411375,8.1425,7.678875,8.539417],"decode_profiles":[{},{},{},{},{},{},{},{},{},{},{},{},{},{},{}],"decode_tps":122.66112827140294,"first_token_ms":28.522209,"generated_ids":[8948,198,39814,11,358,4172,387,6247,311,1492,448,894,4755,498,614,13],"generated_tokens":16,"generation_ms":155.105083,"generation_tps":103.155871429436,"gguf_mpp_min_rows":8,"kv_active_bytes":331776,"kv_reserved_bytes":3145728,"model_format":"GGUF","model_repository":"Qwen/Qwen2.5-0.5B-Instruct-GGUF","model_revision":"9217f5db79a29953eb74d5343926648285ec7e67","moe_expert_tensorops":true,"moe_expert_tensorops_min_routes_per_expert":8,"moe_expert_tensorops_tile_k64":true,"packed_quantized_bytes":485166080,"pair":4,"pair_order":"ferrum-control>ferrum-candidate>llama.cpp","parameter_count":630167424,"prefill_counters":{"allocated_bytes":3145776,"allocation_time":{"nanos":397915,"secs":0},"allocations":49,"arena_capacity":60293120,"arena_high_water":60293120,"command_buffers":1,"completion_waits":1,"dispatches":531,"encode":{"nanos":231929,"secs":0},"gpu":{"nanos":26723500,"secs":0},"reused_bytes":18579456,"transient_live_bytes":0,"transient_peak_bytes":18579456,"wait":{"nanos":27369792,"secs":0}},"prefill_ms":28.222250000000003,"prefill_profile":{},"prefill_tps":425.1964318932757,"prompt_ids":[151644,8948,198,2610,525,264,10950,17847,13,151645,198,151644],"prompt_tokens":12,"q4_k_mpp_tile_k64":true,"q5_0_gemv_n4":false,"q5_1_mpp_tile_k64":true,"q8_0_mpp_tile_k64":true,"retained_weight_bytes":485309184,"runtime":"ferrum","sampling_ms":3.834667,"source_tensor_bytes":485452288,"tensor_count":291,"warmup":false,"process_rss_bytes":806256640,"ferrum_variant":"candidate","source_matrix_case_model":"qwen2.5-phase7a-small-batch-shape-probe-q4_k_m","engine_order":["ferrum-control","ferrum-candidate","llama.cpp"],"case_index":3,"engine_load_plus_first_warmup_ms":877.0456250058487}
{"case":"m12","command_buffer_count":null,"decode_aggregate_tps":237.79768147894686,"decode_median_ms":4.120208,"decode_ms":[4.630084,4.256291,4.028208,4.356708,4.0025,4.37775,4.028459,4.318,4.060875,4.0655,4.120208,4.050416,4.318333,4.04725,4.41825],"decode_tps":242.70619347372755,"dispatch_count":null,"first_token_ms":15.283542,"generated_ids":[8948,198,39814,11,358,4172,387,6247,311,1492,448,894,4755,498,614,0],"generated_tokens":16,"generation_ms":82.036958,"generation_tps":195.03404794702408,"kv_context_capacity_tokens":4096,"kv_type":"bf16","llama_commit":"84e76d8a23162eca70490da131945ebec1f09bf4","llama_version":"0.5.0-dev","model_format":"GGUF","pair":4,"pair_order":"ferrum-control>ferrum-candidate>llama.cpp","prefill_ms":15.021542,"prefill_tps":798.8527409502966,"process_max_rss_bytes":662716416,"prompt_ids":[151644,8948,198,2610,525,264,10950,17847,13,151645,198,151644],"prompt_tokens":12,"runtime":"llama.cpp","sampling_ms":3.934666,"warmup":false,"process_rss_bytes":662437888,"source_matrix_case_model":"qwen2.5-phase7a-small-batch-shape-probe-q4_k_m","engine_order":["ferrum-control","ferrum-candidate","llama.cpp"],"case_index":3,"engine_load_plus_first_warmup_ms":978.256624948699}
{"case":"m15","decode_aggregate_tps":123.91799863576196,"decode_counters":[{"allocated_bytes":4,"allocation_time":{"nanos":8666,"secs":0},"allocations":1,"arena_capacity":60293120,"arena_high_water":60293120,"command_buffers":1,"completion_waits":1,"dispatches":531,"encode":{"nanos":234952,"secs":0},"gpu":{"nanos":7362500,"secs":0},"reused_bytes":2254848,"transient_live_bytes":524288,"transient_peak_bytes":2254848,"wait":{"nanos":7583375,"secs":0}},{"allocated_bytes":4,"allocation_time":{"nanos":3833,"secs":0},"allocations":1,"arena_capacity":60293120,"arena_high_water":60293120,"command_buffers":1,"completion_waits":1,"dispatches":531,"encode":{"nanos":179377,"secs":0},"gpu":{"nanos":7254000,"secs":0},"reused_bytes":2254848,"transient_live_bytes":524288,"transient_peak_bytes":2254848,"wait":{"nanos":7504584,"secs":0}},{"allocated_bytes":4,"allocation_time":{"nanos":3459,"secs":0},"allocations":1,"arena_capacity":60293120,"arena_high_water":60293120,"command_buffers":1,"completion_waits":1,"dispatches":531,"encode":{"nanos":186340,"secs":0},"gpu":{"nanos":7329250,"secs":0},"reused_bytes":2254848,"transient_live_bytes":524288,"transient_peak_bytes":2254848,"wait":{"nanos":7573083,"secs":0}},{"allocated_bytes":4,"allocation_time":{"nanos":3250,"secs":0},"allocations":1,"arena_capacity":60293120,"arena_high_water":60293120,"command_buffers":1,"completion_waits":1,"dispatches":531,"encode":{"nanos":179214,"secs":0},"gpu":{"nanos":7322000,"secs":0},"reused_bytes":2279424,"transient_live_bytes":524288,"transient_peak_bytes":2279424,"wait":{"nanos":7562375,"secs":0}},{"allocated_bytes":4,"allocation_time":{"nanos":2875,"secs":0},"allocations":1,"arena_capacity":60293120,"arena_high_water":60293120,"command_buffers":1,"completion_waits":1,"dispatches":531,"encode":{"nanos":178620,"secs":0},"gpu":{"nanos":7490250,"secs":0},"reused_bytes":2279424,"transient_live_bytes":524288,"transient_peak_bytes":2279424,"wait":{"nanos":7791375,"secs":0}},{"allocated_bytes":4,"allocation_time":{"nanos":2916,"secs":0},"allocations":1,"arena_capacity":60293120,"arena_high_water":60293120,"command_buffers":1,"completion_waits":1,"dispatches":531,"encode":{"nanos":179369,"secs":0},"gpu":{"nanos":7441750,"secs":0},"reused_bytes":2279424,"transient_live_bytes":524288,"transient_peak_bytes":2279424,"wait":{"nanos":7692334,"secs":0}},{"allocated_bytes":4,"allocation_time":{"nanos":4334,"secs":0},"allocations":1,"arena_capacity":60293120,"arena_high_water":60293120,"command_buffers":1,"completion_waits":1,"dispatches":531,"encode":{"nanos":233093,"secs":0},"gpu":{"nanos":7453792,"secs":0},"reused_bytes":2279424,"transient_live_bytes":524288,"transient_peak_bytes":2279424,"wait":{"nanos":7669666,"secs":0}},{"allocated_bytes":4,"allocation_time":{"nanos":3250,"secs":0},"allocations":1,"arena_capacity":60293120,"arena_high_water":60293120,"command_buffers":1,"completion_waits":1,"dispatches":531,"encode":{"nanos":176412,"secs":0},"gpu":{"nanos":7347625,"secs":0},"reused_bytes":2279424,"transient_live_bytes":524288,"transient_peak_bytes":2279424,"wait":{"nanos":7608584,"secs":0}},{"allocated_bytes":4,"allocation_time":{"nanos":4167,"secs":0},"allocations":1,"arena_capacity":60293120,"arena_high_water":60293120,"command_buffers":1,"completion_waits":1,"dispatches":531,"encode":{"nanos":180566,"secs":0},"gpu":{"nanos":7243875,"secs":0},"reused_bytes":2279424,"transient_live_bytes":524288,"transient_peak_bytes":2279424,"wait":{"nanos":7500709,"secs":0}},{"allocated_bytes":4,"allocation_time":{"nanos":3250,"secs":0},"allocations":1,"arena_capacity":60293120,"arena_high_water":60293120,"command_buffers":1,"completion_waits":1,"dispatches":531,"encode":{"nanos":178674,"secs":0},"gpu":{"nanos":7260583,"secs":0},"reused_bytes":2279424,"transient_live_bytes":524288,"transient_peak_bytes":2279424,"wait":{"nanos":7487208,"secs":0}},{"allocated_bytes":4,"allocation_time":{"nanos":3791,"secs":0},"allocations":1,"arena_capacity":60293120,"arena_high_water":60293120,"command_buffers":1,"completion_waits":1,"dispatches":531,"encode":{"nanos":179959,"secs":0},"gpu":{"nanos":7544500,"secs":0},"reused_bytes":2279424,"transient_live_bytes":524288,"transient_peak_bytes":2279424,"wait":{"nanos":7761833,"secs":0}},{"allocated_bytes":4,"allocation_time":{"nanos":3458,"secs":0},"allocations":1,"arena_capacity":60293120,"arena_high_water":60293120,"command_buffers":1,"completion_waits":1,"dispatches":531,"encode":{"nanos":179670,"secs":0},"gpu":{"nanos":7449208,"secs":0},"reused_bytes":2279424,"transient_live_bytes":524288,"transient_peak_bytes":2279424,"wait":{"nanos":7709125,"secs":0}},{"allocated_bytes":4,"allocation_time":{"nanos":3000,"secs":0},"allocations":1,"arena_capacity":60293120,"arena_high_water":60293120,"command_buffers":1,"completion_waits":1,"dispatches":531,"encode":{"nanos":189621,"secs":0},"gpu":{"nanos":7534375,"secs":0},"reused_bytes":2279424,"transient_live_bytes":524288,"transient_peak_bytes":2279424,"wait":{"nanos":7857042,"secs":0}},{"allocated_bytes":4,"allocation_time":{"nanos":5959,"secs":0},"allocations":1,"arena_capacity":60293120,"arena_high_water":60293120,"command_buffers":1,"completion_waits":1,"dispatches":531,"encode":{"nanos":184171,"secs":0},"gpu":{"nanos":7325500,"secs":0},"reused_bytes":2279424,"transient_live_bytes":524288,"transient_peak_bytes":2279424,"wait":{"nanos":7580708,"secs":0}},{"allocated_bytes":4,"allocation_time":{"nanos":4875,"secs":0},"allocations":1,"arena_capacity":60293120,"arena_high_water":60293120,"command_buffers":1,"completion_waits":1,"dispatches":531,"encode":{"nanos":189394,"secs":0},"gpu":{"nanos":7120042,"secs":0},"reused_bytes":2279424,"transient_live_bytes":524288,"transient_peak_bytes":2279424,"wait":{"nanos":7431250,"secs":0}}],"decode_median_ms":8.039333,"decode_ms":[8.153209,7.945208,8.017083,7.994041999999999,8.222583,8.129667,8.176083,8.039333,7.945041999999999,7.888291000000001,8.161958,8.142,8.32175,8.024458,7.887084000000001],"decode_profiles":[{},{},{},{},{},{},{},{},{},{},{},{},{},{},{}],"decode_tps":124.38842874153865,"first_token_ms":28.5325,"generated_ids":[0,2585,646,358,7789,498,3351,30,151645,198,151644,872,198,9707,0,2585],"generated_tokens":16,"generation_ms":153.08333299999998,"generation_tps":104.51823648234783,"gguf_mpp_min_rows":8,"kv_active_bytes":368640,"kv_reserved_bytes":3145728,"model_format":"GGUF","model_repository":"Qwen/Qwen2.5-0.5B-Instruct-GGUF","model_revision":"9217f5db79a29953eb74d5343926648285ec7e67","moe_expert_tensorops":true,"moe_expert_tensorops_min_routes_per_expert":8,"moe_expert_tensorops_tile_k64":true,"packed_quantized_bytes":485166080,"pair":0,"pair_order":"ferrum-candidate>llama.cpp>ferrum-control","parameter_count":630167424,"prefill_counters":{"allocated_bytes":3145788,"allocation_time":{"nanos":393877,"secs":0},"allocations":49,"arena_capacity":60293120,"arena_high_water":60293120,"command_buffers":1,"completion_waits":1,"dispatches":531,"encode":{"nanos":238259,"secs":0},"gpu":{"nanos":26798667,"secs":0},"reused_bytes":28213248,"transient_live_bytes":0,"transient_peak_bytes":28213248,"wait":{"nanos":27364958,"secs":0}},"prefill_ms":28.217417,"prefill_profile":{},"prefill_tps":531.5865729311794,"prompt_ids":[151644,8948,198,2610,525,264,10950,17847,13,151645,198,151644,872,198,9707],"prompt_tokens":15,"q4_k_mpp_tile_k64":true,"q5_0_gemv_n4":false,"q5_1_mpp_tile_k64":true,"q8_0_mpp_tile_k64":true,"retained_weight_bytes":485309184,"runtime":"ferrum","sampling_ms":3.6371659999999997,"source_tensor_bytes":485452288,"tensor_count":291,"warmup":false,"process_rss_bytes":806256640,"ferrum_variant":"candidate","source_matrix_case_model":"qwen2.5-phase7a-small-batch-shape-probe-q4_k_m","engine_order":["ferrum-candidate","llama.cpp","ferrum-control"],"case_index":4,"engine_load_plus_first_warmup_ms":877.0456250058487}
{"case":"m15","command_buffer_count":null,"decode_aggregate_tps":236.75721783184022,"decode_median_ms":4.124708,"decode_ms":[4.875833,4.034417,4.347666,4.124708,4.06525,4.361542,4.023583,4.3405,4.037334,4.335458,4.02,4.366167,4.080417,4.028791,4.314375],"decode_tps":242.44140433698578,"dispatch_count":null,"first_token_ms":15.328333,"generated_ids":[0,2585,646,358,7789,498,3351,30,151645,198,151644,872,198,9707,0,2585],"generated_tokens":16,"generation_ms":82.476375,"generation_tps":193.99494703786385,"kv_context_capacity_tokens":4096,"kv_type":"bf16","llama_commit":"84e76d8a23162eca70490da131945ebec1f09bf4","llama_version":"0.5.0-dev","model_format":"GGUF","pair":0,"pair_order":"ferrum-candidate>llama.cpp>ferrum-control","prefill_ms":15.086458,"prefill_tps":994.2691651015765,"process_max_rss_bytes":662716416,"prompt_ids":[151644,8948,198,2610,525,264,10950,17847,13,151645,198,151644,872,198,9707],"prompt_tokens":15,"runtime":"llama.cpp","sampling_ms":4.032458,"warmup":false,"process_rss_bytes":662437888,"source_matrix_case_model":"qwen2.5-phase7a-small-batch-shape-probe-q4_k_m","engine_order":["ferrum-candidate","llama.cpp","ferrum-control"],"case_index":4,"engine_load_plus_first_warmup_ms":978.256624948699}
{"case":"m15","decode_aggregate_tps":122.31675966790445,"decode_counters":[{"allocated_bytes":4,"allocation_time":{"nanos":5042,"secs":0},"allocations":1,"arena_capacity":60293120,"arena_high_water":60293120,"command_buffers":1,"completion_waits":1,"dispatches":531,"encode":{"nanos":195840,"secs":0},"gpu":{"nanos":7583917,"secs":0},"reused_bytes":2254848,"transient_live_bytes":524288,"transient_peak_bytes":2254848,"wait":{"nanos":7822750,"secs":0}},{"allocated_bytes":4,"allocation_time":{"nanos":4000,"secs":0},"allocations":1,"arena_capacity":60293120,"arena_high_water":60293120,"command_buffers":1,"completion_waits":1,"dispatches":531,"encode":{"nanos":182507,"secs":0},"gpu":{"nanos":7301500,"secs":0},"reused_bytes":2254848,"transient_live_bytes":524288,"transient_peak_bytes":2254848,"wait":{"nanos":7557958,"secs":0}},{"allocated_bytes":4,"allocation_time":{"nanos":4042,"secs":0},"allocations":1,"arena_capacity":60293120,"arena_high_water":60293120,"command_buffers":1,"completion_waits":1,"dispatches":531,"encode":{"nanos":180989,"secs":0},"gpu":{"nanos":7619792,"secs":0},"reused_bytes":2254848,"transient_live_bytes":524288,"transient_peak_bytes":2254848,"wait":{"nanos":7871459,"secs":0}},{"allocated_bytes":4,"allocation_time":{"nanos":3666,"secs":0},"allocations":1,"arena_capacity":60293120,"arena_high_water":60293120,"command_buffers":1,"completion_waits":1,"dispatches":531,"encode":{"nanos":180297,"secs":0},"gpu":{"nanos":7616417,"secs":0},"reused_bytes":2279424,"transient_live_bytes":524288,"transient_peak_bytes":2279424,"wait":{"nanos":7862542,"secs":0}},{"allocated_bytes":4,"allocation_time":{"nanos":3042,"secs":0},"allocations":1,"arena_capacity":60293120,"arena_high_water":60293120,"command_buffers":1,"completion_waits":1,"dispatches":531,"encode":{"nanos":176122,"secs":0},"gpu":{"nanos":7756167,"secs":0},"reused_bytes":2279424,"transient_live_bytes":524288,"transient_peak_bytes":2279424,"wait":{"nanos":8032750,"secs":0}},{"allocated_bytes":4,"allocation_time":{"nanos":3583,"secs":0},"allocations":1,"arena_capacity":60293120,"arena_high_water":60293120,"command_buffers":1,"completion_waits":1,"dispatches":531,"encode":{"nanos":182214,"secs":0},"gpu":{"nanos":7499500,"secs":0},"reused_bytes":2279424,"transient_live_bytes":524288,"transient_peak_bytes":2279424,"wait":{"nanos":7760084,"secs":0}},{"allocated_bytes":4,"allocation_time":{"nanos":3333,"secs":0},"allocations":1,"arena_capacity":60293120,"arena_high_water":60293120,"command_buffers":1,"completion_waits":1,"dispatches":531,"encode":{"nanos":200125,"secs":0},"gpu":{"nanos":7616000,"secs":0},"reused_bytes":2279424,"transient_live_bytes":524288,"transient_peak_bytes":2279424,"wait":{"nanos":7842625,"secs":0}},{"allocated_bytes":4,"allocation_time":{"nanos":2875,"secs":0},"allocations":1,"arena_capacity":60293120,"arena_high_water":60293120,"command_buffers":1,"completion_waits":1,"dispatches":531,"encode":{"nanos":175546,"secs":0},"gpu":{"nanos":7285250,"secs":0},"reused_bytes":2279424,"transient_live_bytes":524288,"transient_peak_bytes":2279424,"wait":{"nanos":7525792,"secs":0}},{"allocated_bytes":4,"allocation_time":{"nanos":3250,"secs":0},"allocations":1,"arena_capacity":60293120,"arena_high_water":60293120,"command_buffers":1,"completion_waits":1,"dispatches":531,"encode":{"nanos":177878,"secs":0},"gpu":{"nanos":7180000,"secs":0},"reused_bytes":2279424,"transient_live_bytes":524288,"transient_peak_bytes":2279424,"wait":{"nanos":7424583,"secs":0}},{"allocated_bytes":4,"allocation_time":{"nanos":3958,"secs":0},"allocations":1,"arena_capacity":60293120,"arena_high_water":60293120,"command_buffers":1,"completion_waits":1,"dispatches":531,"encode":{"nanos":179045,"secs":0},"gpu":{"nanos":7572833,"secs":0},"reused_bytes":2279424,"transient_live_bytes":524288,"transient_peak_bytes":2279424,"wait":{"nanos":7798833,"secs":0}},{"allocated_bytes":4,"allocation_time":{"nanos":3334,"secs":0},"allocations":1,"arena_capacity":60293120,"arena_high_water":60293120,"command_buffers":1,"completion_waits":1,"dispatches":531,"encode":{"nanos":175461,"secs":0},"gpu":{"nanos":7571000,"secs":0},"reused_bytes":2279424,"transient_live_bytes":524288,"transient_peak_bytes":2279424,"wait":{"nanos":7801541,"secs":0}},{"allocated_bytes":4,"allocation_time":{"nanos":2667,"secs":0},"allocations":1,"arena_capacity":60293120,"arena_high_water":60293120,"command_buffers":1,"completion_waits":1,"dispatches":531,"encode":{"nanos":175863,"secs":0},"gpu":{"nanos":7317250,"secs":0},"reused_bytes":2279424,"transient_live_bytes":524288,"transient_peak_bytes":2279424,"wait":{"nanos":7597084,"secs":0}},{"allocated_bytes":4,"allocation_time":{"nanos":6292,"secs":0},"allocations":1,"arena_capacity":60293120,"arena_high_water":60293120,"command_buffers":1,"completion_waits":1,"dispatches":531,"encode":{"nanos":229154,"secs":0},"gpu":{"nanos":7708375,"secs":0},"reused_bytes":2279424,"transient_live_bytes":524288,"transient_peak_bytes":2279424,"wait":{"nanos":7930333,"secs":0}},{"allocated_bytes":4,"allocation_time":{"nanos":3125,"secs":0},"allocations":1,"arena_capacity":60293120,"arena_high_water":60293120,"command_buffers":1,"completion_waits":1,"dispatches":531,"encode":{"nanos":175840,"secs":0},"gpu":{"nanos":7455500,"secs":0},"reused_bytes":2279424,"transient_live_bytes":524288,"transient_peak_bytes":2279424,"wait":{"nanos":7699375,"secs":0}},{"allocated_bytes":4,"allocation_time":{"nanos":3042,"secs":0},"allocations":1,"arena_capacity":60293120,"arena_high_water":60293120,"command_buffers":1,"completion_waits":1,"dispatches":531,"encode":{"nanos":177335,"secs":0},"gpu":{"nanos":7290500,"secs":0},"reused_bytes":2279424,"transient_live_bytes":524288,"transient_peak_bytes":2279424,"wait":{"nanos":7539916,"secs":0}}],"decode_median_ms":8.197833,"decode_ms":[8.286,8.000375,8.313667,8.307209,8.453792,8.197833,8.317292,7.954833999999999,7.857042,8.199167000000001,8.194208,8.022082999999999,8.427624999999999,8.129124999999998,7.972166],"decode_profiles":[{},{},{},{},{},{},{},{},{},{},{},{},{},{},{}],"decode_tps":121.98345587181394,"first_token_ms":85.922292,"generated_ids":[0,2585,646,358,7789,498,3351,30,151645,198,151644,872,198,9707,0,2585],"generated_tokens":16,"generation_ms":212.260042,"generation_tps":75.37923694559525,"gguf_mpp_min_rows":16,"kv_active_bytes":368640,"kv_reserved_bytes":3145728,"model_format":"GGUF","model_repository":"Qwen/Qwen2.5-0.5B-Instruct-GGUF","model_revision":"9217f5db79a29953eb74d5343926648285ec7e67","moe_expert_tensorops":true,"moe_expert_tensorops_min_routes_per_expert":8,"moe_expert_tensorops_tile_k64":true,"packed_quantized_bytes":485166080,"pair":0,"pair_order":"ferrum-candidate>llama.cpp>ferrum-control","parameter_count":630167424,"prefill_counters":{"allocated_bytes":3145788,"allocation_time":{"nanos":384961,"secs":0},"allocations":49,"arena_capacity":60293120,"arena_high_water":60293120,"command_buffers":1,"completion_waits":1,"dispatches":531,"encode":{"nanos":225784,"secs":0},"gpu":{"nanos":84327292,"secs":0},"reused_bytes":28213248,"transient_live_bytes":0,"transient_peak_bytes":28213248,"wait":{"nanos":84789500,"secs":0}},"prefill_ms":85.622292,"prefill_profile":{},"prefill_tps":175.18802229681026,"prompt_ids":[151644,8948,198,2610,525,264,10950,17847,13,151645,198,151644,872,198,9707],"prompt_tokens":15,"q4_k_mpp_tile_k64":true,"q5_0_gemv_n4":false,"q5_1_mpp_tile_k64":true,"q8_0_mpp_tile_k64":true,"retained_weight_bytes":485309184,"runtime":"ferrum","sampling_ms":3.823373,"source_tensor_bytes":485452288,"tensor_count":291,"warmup":false,"process_rss_bytes":806256640,"ferrum_variant":"control","source_matrix_case_model":"qwen2.5-phase7a-small-batch-shape-probe-q4_k_m","engine_order":["ferrum-candidate","llama.cpp","ferrum-control"],"case_index":4,"engine_load_plus_first_warmup_ms":877.0456250058487}
{"case":"m15","decode_aggregate_tps":122.02223347592607,"decode_counters":[{"allocated_bytes":4,"allocation_time":{"nanos":5459,"secs":0},"allocations":1,"arena_capacity":60293120,"arena_high_water":60293120,"command_buffers":1,"completion_waits":1,"dispatches":531,"encode":{"nanos":194505,"secs":0},"gpu":{"nanos":7559833,"secs":0},"reused_bytes":2254848,"transient_live_bytes":524288,"transient_peak_bytes":2254848,"wait":{"nanos":7778583,"secs":0}},{"allocated_bytes":4,"allocation_time":{"nanos":3292,"secs":0},"allocations":1,"arena_capacity":60293120,"arena_high_water":60293120,"command_buffers":1,"completion_waits":1,"dispatches":531,"encode":{"nanos":181297,"secs":0},"gpu":{"nanos":7567750,"secs":0},"reused_bytes":2254848,"transient_live_bytes":524288,"transient_peak_bytes":2254848,"wait":{"nanos":7809958,"secs":0}},{"allocated_bytes":4,"allocation_time":{"nanos":4083,"secs":0},"allocations":1,"arena_capacity":60293120,"arena_high_water":60293120,"command_buffers":1,"completion_waits":1,"dispatches":531,"encode":{"nanos":180547,"secs":0},"gpu":{"nanos":7639375,"secs":0},"reused_bytes":2254848,"transient_live_bytes":524288,"transient_peak_bytes":2254848,"wait":{"nanos":7899958,"secs":0}},{"allocated_bytes":4,"allocation_time":{"nanos":3417,"secs":0},"allocations":1,"arena_capacity":60293120,"arena_high_water":60293120,"command_buffers":1,"completion_waits":1,"dispatches":531,"encode":{"nanos":179619,"secs":0},"gpu":{"nanos":7647250,"secs":0},"reused_bytes":2279424,"transient_live_bytes":524288,"transient_peak_bytes":2279424,"wait":{"nanos":7905042,"secs":0}},{"allocated_bytes":4,"allocation_time":{"nanos":3916,"secs":0},"allocations":1,"arena_capacity":60293120,"arena_high_water":60293120,"command_buffers":1,"completion_waits":1,"dispatches":531,"encode":{"nanos":197134,"secs":0},"gpu":{"nanos":7475000,"secs":0},"reused_bytes":2279424,"transient_live_bytes":524288,"transient_peak_bytes":2279424,"wait":{"nanos":7728833,"secs":0}},{"allocated_bytes":4,"allocation_time":{"nanos":4500,"secs":0},"allocations":1,"arena_capacity":60293120,"arena_high_water":60293120,"command_buffers":1,"completion_waits":1,"dispatches":531,"encode":{"nanos":180865,"secs":0},"gpu":{"nanos":7217083,"secs":0},"reused_bytes":2279424,"transient_live_bytes":524288,"transient_peak_bytes":2279424,"wait":{"nanos":7461792,"secs":0}},{"allocated_bytes":4,"allocation_time":{"nanos":3333,"secs":0},"allocations":1,"arena_capacity":60293120,"arena_high_water":60293120,"command_buffers":1,"completion_waits":1,"dispatches":531,"encode":{"nanos":178737,"secs":0},"gpu":{"nanos":7599458,"secs":0},"reused_bytes":2279424,"transient_live_bytes":524288,"transient_peak_bytes":2279424,"wait":{"nanos":7856458,"secs":0}},{"allocated_bytes":4,"allocation_time":{"nanos":3208,"secs":0},"allocations":1,"arena_capacity":60293120,"arena_high_water":60293120,"command_buffers":1,"completion_waits":1,"dispatches":531,"encode":{"nanos":184376,"secs":0},"gpu":{"nanos":7587792,"secs":0},"reused_bytes":2279424,"transient_live_bytes":524288,"transient_peak_bytes":2279424,"wait":{"nanos":7801792,"secs":0}},{"allocated_bytes":4,"allocation_time":{"nanos":2875,"secs":0},"allocations":1,"arena_capacity":60293120,"arena_high_water":60293120,"command_buffers":1,"completion_waits":1,"dispatches":531,"encode":{"nanos":175130,"secs":0},"gpu":{"nanos":7448583,"secs":0},"reused_bytes":2279424,"transient_live_bytes":524288,"transient_peak_bytes":2279424,"wait":{"nanos":7767750,"secs":0}},{"allocated_bytes":4,"allocation_time":{"nanos":2500,"secs":0},"allocations":1,"arena_capacity":60293120,"arena_high_water":60293120,"command_buffers":1,"completion_waits":1,"dispatches":531,"encode":{"nanos":193170,"secs":0},"gpu":{"nanos":7569500,"secs":0},"reused_bytes":2279424,"transient_live_bytes":524288,"transient_peak_bytes":2279424,"wait":{"nanos":7854583,"secs":0}},{"allocated_bytes":4,"allocation_time":{"nanos":3083,"secs":0},"allocations":1,"arena_capacity":60293120,"arena_high_water":60293120,"command_buffers":1,"completion_waits":1,"dispatches":531,"encode":{"nanos":176091,"secs":0},"gpu":{"nanos":7251375,"secs":0},"reused_bytes":2279424,"transient_live_bytes":524288,"transient_peak_bytes":2279424,"wait":{"nanos":7504750,"secs":0}},{"allocated_bytes":4,"allocation_time":{"nanos":4792,"secs":0},"allocations":1,"arena_capacity":60293120,"arena_high_water":60293120,"command_buffers":1,"completion_waits":1,"dispatches":531,"encode":{"nanos":186001,"secs":0},"gpu":{"nanos":7068542,"secs":0},"reused_bytes":2279424,"transient_live_bytes":524288,"transient_peak_bytes":2279424,"wait":{"nanos":7318333,"secs":0}},{"allocated_bytes":4,"allocation_time":{"nanos":3708,"secs":0},"allocations":1,"arena_capacity":60293120,"arena_high_water":60293120,"command_buffers":1,"completion_waits":1,"dispatches":531,"encode":{"nanos":177544,"secs":0},"gpu":{"nanos":7665208,"secs":0},"reused_bytes":2279424,"transient_live_bytes":524288,"transient_peak_bytes":2279424,"wait":{"nanos":7892708,"secs":0}},{"allocated_bytes":4,"allocation_time":{"nanos":3083,"secs":0},"allocations":1,"arena_capacity":60293120,"arena_high_water":60293120,"command_buffers":1,"completion_waits":1,"dispatches":531,"encode":{"nanos":178463,"secs":0},"gpu":{"nanos":7754958,"secs":0},"reused_bytes":2279424,"transient_live_bytes":524288,"transient_peak_bytes":2279424,"wait":{"nanos":7987541,"secs":0}},{"allocated_bytes":4,"allocation_time":{"nanos":2208,"secs":0},"allocations":1,"arena_capacity":60293120,"arena_high_water":60293120,"command_buffers":1,"completion_waits":1,"dispatches":531,"encode":{"nanos":177321,"secs":0},"gpu":{"nanos":7565958,"secs":0},"reused_bytes":2279424,"transient_live_bytes":524288,"transient_peak_bytes":2279424,"wait":{"nanos":7793459,"secs":0}}],"decode_median_ms":8.222167,"decode_ms":[8.203583,8.222167,8.336291,8.340667,8.193834,7.908416999999999,8.302792,8.213458999999999,8.199708,8.310958,7.938917,7.779958,8.314625000000001,8.4265,8.236541],"decode_profiles":[{},{},{},{},{},{},{},{},{},{},{},{},{},{},{}],"decode_tps":121.62243846421508,"first_token_ms":85.470958,"generated_ids":[0,2585,646,358,7789,498,3351,30,151645,198,151644,872,198,9707,0,2585],"generated_tokens":16,"generation_ms":212.038792,"generation_tps":75.45789074293538,"gguf_mpp_min_rows":16,"kv_active_bytes":368640,"kv_reserved_bytes":3145728,"model_format":"GGUF","model_repository":"Qwen/Qwen2.5-0.5B-Instruct-GGUF","model_revision":"9217f5db79a29953eb74d5343926648285ec7e67","moe_expert_tensorops":true,"moe_expert_tensorops_min_routes_per_expert":8,"moe_expert_tensorops_tile_k64":true,"packed_quantized_bytes":485166080,"pair":1,"pair_order":"ferrum-control>llama.cpp>ferrum-candidate","parameter_count":630167424,"prefill_counters":{"allocated_bytes":3145788,"allocation_time":{"nanos":318839,"secs":0},"allocations":49,"arena_capacity":60293120,"arena_high_water":60293120,"command_buffers":1,"completion_waits":1,"dispatches":531,"encode":{"nanos":208493,"secs":0},"gpu":{"nanos":84004333,"secs":0},"reused_bytes":28213248,"transient_live_bytes":0,"transient_peak_bytes":28213248,"wait":{"nanos":84437417,"secs":0}},"prefill_ms":85.17125,"prefill_profile":{},"prefill_tps":176.11576676401955,"prompt_ids":[151644,8948,198,2610,525,264,10950,17847,13,151645,198,151644,872,198,9707],"prompt_tokens":15,"q4_k_mpp_tile_k64":true,"q5_0_gemv_n4":false,"q5_1_mpp_tile_k64":true,"q8_0_mpp_tile_k64":true,"retained_weight_bytes":485309184,"runtime":"ferrum","sampling_ms":3.768374,"source_tensor_bytes":485452288,"tensor_count":291,"warmup":false,"process_rss_bytes":806256640,"ferrum_variant":"control","source_matrix_case_model":"qwen2.5-phase7a-small-batch-shape-probe-q4_k_m","engine_order":["ferrum-control","llama.cpp","ferrum-candidate"],"case_index":4,"engine_load_plus_first_warmup_ms":877.0456250058487}
{"case":"m15","command_buffer_count":null,"decode_aggregate_tps":238.28531034445618,"decode_median_ms":4.070166,"decode_ms":[4.806167,4.387708,4.146792,4.399291,4.027083,4.070166,4.047542,4.012833,4.331708,4.007166,4.335042,4.035625,4.355083,3.975458,4.012083],"decode_tps":245.69022491957327,"dispatch_count":null,"first_token_ms":15.830375,"generated_ids":[0,2585,646,358,7789,498,3351,30,151645,198,151644,872,198,9707,0,2585],"generated_tokens":16,"generation_ms":82.46675,"generation_tps":194.01758890704434,"kv_context_capacity_tokens":4096,"kv_type":"bf16","llama_commit":"84e76d8a23162eca70490da131945ebec1f09bf4","llama_version":"0.5.0-dev","model_format":"GGUF","pair":1,"pair_order":"ferrum-control>llama.cpp>ferrum-candidate","prefill_ms":15.552875,"prefill_tps":964.4519100166368,"process_max_rss_bytes":662716416,"prompt_ids":[151644,8948,198,2610,525,264,10950,17847,13,151645,198,151644,872,198,9707],"prompt_tokens":15,"runtime":"llama.cpp","sampling_ms":3.961959,"warmup":false,"process_rss_bytes":662437888,"source_matrix_case_model":"qwen2.5-phase7a-small-batch-shape-probe-q4_k_m","engine_order":["ferrum-control","llama.cpp","ferrum-candidate"],"case_index":4,"engine_load_plus_first_warmup_ms":978.256624948699}
{"case":"m15","decode_aggregate_tps":122.74214092913853,"decode_counters":[{"allocated_bytes":4,"allocation_time":{"nanos":7458,"secs":0},"allocations":1,"arena_capacity":60293120,"arena_high_water":60293120,"command_buffers":1,"completion_waits":1,"dispatches":531,"encode":{"nanos":214743,"secs":0},"gpu":{"nanos":7092583,"secs":0},"reused_bytes":2254848,"transient_live_bytes":524288,"transient_peak_bytes":2254848,"wait":{"nanos":7330167,"secs":0}},{"allocated_bytes":4,"allocation_time":{"nanos":3542,"secs":0},"allocations":1,"arena_capacity":60293120,"arena_high_water":60293120,"command_buffers":1,"completion_waits":1,"dispatches":531,"encode":{"nanos":174828,"secs":0},"gpu":{"nanos":7536125,"secs":0},"reused_bytes":2254848,"transient_live_bytes":524288,"transient_peak_bytes":2254848,"wait":{"nanos":7804291,"secs":0}},{"allocated_bytes":4,"allocation_time":{"nanos":2833,"secs":0},"allocations":1,"arena_capacity":60293120,"arena_high_water":60293120,"command_buffers":1,"completion_waits":1,"dispatches":531,"encode":{"nanos":175413,"secs":0},"gpu":{"nanos":7688875,"secs":0},"reused_bytes":2254848,"transient_live_bytes":524288,"transient_peak_bytes":2254848,"wait":{"nanos":7911583,"secs":0}},{"allocated_bytes":4,"allocation_time":{"nanos":8834,"secs":0},"allocations":1,"arena_capacity":60293120,"arena_high_water":60293120,"command_buffers":1,"completion_waits":1,"dispatches":531,"encode":{"nanos":192207,"secs":0},"gpu":{"nanos":7313708,"secs":0},"reused_bytes":2279424,"transient_live_bytes":524288,"transient_peak_bytes":2279424,"wait":{"nanos":7552166,"secs":0}},{"allocated_bytes":4,"allocation_time":{"nanos":5291,"secs":0},"allocations":1,"arena_capacity":60293120,"arena_high_water":60293120,"command_buffers":1,"completion_waits":1,"dispatches":531,"encode":{"nanos":211960,"secs":0},"gpu":{"nanos":7585250,"secs":0},"reused_bytes":2279424,"transient_live_bytes":524288,"transient_peak_bytes":2279424,"wait":{"nanos":7974917,"secs":0}},{"allocated_bytes":4,"allocation_time":{"nanos":3667,"secs":0},"allocations":1,"arena_capacity":60293120,"arena_high_water":60293120,"command_buffers":1,"completion_waits":1,"dispatches":531,"encode":{"nanos":180591,"secs":0},"gpu":{"nanos":7676500,"secs":0},"reused_bytes":2279424,"transient_live_bytes":524288,"transient_peak_bytes":2279424,"wait":{"nanos":7934458,"secs":0}},{"allocated_bytes":4,"allocation_time":{"nanos":4042,"secs":0},"allocations":1,"arena_capacity":60293120,"arena_high_water":60293120,"command_buffers":1,"completion_waits":1,"dispatches":531,"encode":{"nanos":188263,"secs":0},"gpu":{"nanos":7425458,"secs":0},"reused_bytes":2279424,"transient_live_bytes":524288,"transient_peak_bytes":2279424,"wait":{"nanos":7691166,"secs":0}},{"allocated_bytes":4,"allocation_time":{"nanos":3708,"secs":0},"allocations":1,"arena_capacity":60293120,"arena_high_water":60293120,"command_buffers":1,"completion_waits":1,"dispatches":531,"encode":{"nanos":178888,"secs":0},"gpu":{"nanos":7566500,"secs":0},"reused_bytes":2279424,"transient_live_bytes":524288,"transient_peak_bytes":2279424,"wait":{"nanos":7824250,"secs":0}},{"allocated_bytes":4,"allocation_time":{"nanos":3541,"secs":0},"allocations":1,"arena_capacity":60293120,"arena_high_water":60293120,"command_buffers":1,"completion_waits":1,"dispatches":531,"encode":{"nanos":176291,"secs":0},"gpu":{"nanos":7499083,"secs":0},"reused_bytes":2279424,"transient_live_bytes":524288,"transient_peak_bytes":2279424,"wait":{"nanos":7755041,"secs":0}},{"allocated_bytes":4,"allocation_time":{"nanos":3208,"secs":0},"allocations":1,"arena_capacity":60293120,"arena_high_water":60293120,"command_buffers":1,"completion_waits":1,"dispatches":531,"encode":{"nanos":175741,"secs":0},"gpu":{"nanos":7251667,"secs":0},"reused_bytes":2279424,"transient_live_bytes":524288,"transient_peak_bytes":2279424,"wait":{"nanos":7479292,"secs":0}},{"allocated_bytes":4,"allocation_time":{"nanos":2500,"secs":0},"allocations":1,"arena_capacity":60293120,"arena_high_water":60293120,"command_buffers":1,"completion_waits":1,"dispatches":531,"encode":{"nanos":179955,"secs":0},"gpu":{"nanos":7484958,"secs":0},"reused_bytes":2279424,"transient_live_bytes":524288,"transient_peak_bytes":2279424,"wait":{"nanos":7727959,"secs":0}},{"allocated_bytes":4,"allocation_time":{"nanos":3042,"secs":0},"allocations":1,"arena_capacity":60293120,"arena_high_water":60293120,"command_buffers":1,"completion_waits":1,"dispatches":531,"encode":{"nanos":177010,"secs":0},"gpu":{"nanos":7428417,"secs":0},"reused_bytes":2279424,"transient_live_bytes":524288,"transient_peak_bytes":2279424,"wait":{"nanos":7678291,"secs":0}},{"allocated_bytes":4,"allocation_time":{"nanos":3209,"secs":0},"allocations":1,"arena_capacity":60293120,"arena_high_water":60293120,"command_buffers":1,"completion_waits":1,"dispatches":531,"encode":{"nanos":179234,"secs":0},"gpu":{"nanos":7281125,"secs":0},"reused_bytes":2279424,"transient_live_bytes":524288,"transient_peak_bytes":2279424,"wait":{"nanos":7549334,"secs":0}},{"allocated_bytes":4,"allocation_time":{"nanos":3333,"secs":0},"allocations":1,"arena_capacity":60293120,"arena_high_water":60293120,"command_buffers":1,"completion_waits":1,"dispatches":531,"encode":{"nanos":177494,"secs":0},"gpu":{"nanos":7607875,"secs":0},"reused_bytes":2279424,"transient_live_bytes":524288,"transient_peak_bytes":2279424,"wait":{"nanos":7841375,"secs":0}},{"allocated_bytes":4,"allocation_time":{"nanos":3334,"secs":0},"allocations":1,"arena_capacity":60293120,"arena_high_water":60293120,"command_buffers":1,"completion_waits":1,"dispatches":531,"encode":{"nanos":172515,"secs":0},"gpu":{"nanos":7394167,"secs":0},"reused_bytes":2279424,"transient_live_bytes":524288,"transient_peak_bytes":2279424,"wait":{"nanos":7650083,"secs":0}}],"decode_median_ms":8.140125,"decode_ms":[7.8154580000000005,8.24,8.322375,7.97875,8.474499999999999,8.375667,8.140125,8.257,8.184500000000002,7.886000000000001,8.127667,8.111749999999999,7.9805410000000006,8.23775,8.075334],"decode_profiles":[{},{},{},{},{},{},{},{},{},{},{},{},{},{},{}],"decode_tps":122.84823636000677,"first_token_ms":28.18875,"generated_ids":[0,2585,646,358,7789,498,3351,30,151645,198,151644,872,198,9707,0,2585],"generated_tokens":16,"generation_ms":154.10999999999999,"generation_tps":103.82194536370126,"gguf_mpp_min_rows":8,"kv_active_bytes":368640,"kv_reserved_bytes":3145728,"model_format":"GGUF","model_repository":"Qwen/Qwen2.5-0.5B-Instruct-GGUF","model_revision":"9217f5db79a29953eb74d5343926648285ec7e67","moe_expert_tensorops":true,"moe_expert_tensorops_min_routes_per_expert":8,"moe_expert_tensorops_tile_k64":true,"packed_quantized_bytes":485166080,"pair":1,"pair_order":"ferrum-control>llama.cpp>ferrum-candidate","parameter_count":630167424,"prefill_counters":{"allocated_bytes":3145788,"allocation_time":{"nanos":383123,"secs":0},"allocations":49,"arena_capacity":60293120,"arena_high_water":60293120,"command_buffers":1,"completion_waits":1,"dispatches":531,"encode":{"nanos":225096,"secs":0},"gpu":{"nanos":26592500,"secs":0},"reused_bytes":28213248,"transient_live_bytes":0,"transient_peak_bytes":28213248,"wait":{"nanos":27068291,"secs":0}},"prefill_ms":27.888832999999998,"prefill_profile":{},"prefill_tps":537.8496834198835,"prompt_ids":[151644,8948,198,2610,525,264,10950,17847,13,151645,198,151644,872,198,9707],"prompt_tokens":15,"q4_k_mpp_tile_k64":true,"q5_0_gemv_n4":false,"q5_1_mpp_tile_k64":true,"q8_0_mpp_tile_k64":true,"retained_weight_bytes":485309184,"runtime":"ferrum","sampling_ms":3.841498,"source_tensor_bytes":485452288,"tensor_count":291,"warmup":false,"process_rss_bytes":806256640,"ferrum_variant":"candidate","source_matrix_case_model":"qwen2.5-phase7a-small-batch-shape-probe-q4_k_m","engine_order":["ferrum-control","llama.cpp","ferrum-candidate"],"case_index":4,"engine_load_plus_first_warmup_ms":877.0456250058487}
{"case":"m15","decode_aggregate_tps":123.70215717017163,"decode_counters":[{"allocated_bytes":4,"allocation_time":{"nanos":4708,"secs":0},"allocations":1,"arena_capacity":60293120,"arena_high_water":60293120,"command_buffers":1,"completion_waits":1,"dispatches":531,"encode":{"nanos":190370,"secs":0},"gpu":{"nanos":7346250,"secs":0},"reused_bytes":2254848,"transient_live_bytes":524288,"transient_peak_bytes":2254848,"wait":{"nanos":7570458,"secs":0}},{"allocated_bytes":4,"allocation_time":{"nanos":2917,"secs":0},"allocations":1,"arena_capacity":60293120,"arena_high_water":60293120,"command_buffers":1,"completion_waits":1,"dispatches":531,"encode":{"nanos":181441,"secs":0},"gpu":{"nanos":7584417,"secs":0},"reused_bytes":2254848,"transient_live_bytes":524288,"transient_peak_bytes":2254848,"wait":{"nanos":7837709,"secs":0}},{"allocated_bytes":4,"allocation_time":{"nanos":3875,"secs":0},"allocations":1,"arena_capacity":60293120,"arena_high_water":60293120,"command_buffers":1,"completion_waits":1,"dispatches":531,"encode":{"nanos":180256,"secs":0},"gpu":{"nanos":7571125,"secs":0},"reused_bytes":2254848,"transient_live_bytes":524288,"transient_peak_bytes":2254848,"wait":{"nanos":7805042,"secs":0}},{"allocated_bytes":4,"allocation_time":{"nanos":3291,"secs":0},"allocations":1,"arena_capacity":60293120,"arena_high_water":60293120,"command_buffers":1,"completion_waits":1,"dispatches":531,"encode":{"nanos":177996,"secs":0},"gpu":{"nanos":7378625,"secs":0},"reused_bytes":2279424,"transient_live_bytes":524288,"transient_peak_bytes":2279424,"wait":{"nanos":7636791,"secs":0}},{"allocated_bytes":4,"allocation_time":{"nanos":3708,"secs":0},"allocations":1,"arena_capacity":60293120,"arena_high_water":60293120,"command_buffers":1,"completion_waits":1,"dispatches":531,"encode":{"nanos":182324,"secs":0},"gpu":{"nanos":7195958,"secs":0},"reused_bytes":2279424,"transient_live_bytes":524288,"transient_peak_bytes":2279424,"wait":{"nanos":7444125,"secs":0}},{"allocated_bytes":4,"allocation_time":{"nanos":3416,"secs":0},"allocations":1,"arena_capacity":60293120,"arena_high_water":60293120,"command_buffers":1,"completion_waits":1,"dispatches":531,"encode":{"nanos":179992,"secs":0},"gpu":{"nanos":7160000,"secs":0},"reused_bytes":2279424,"transient_live_bytes":524288,"transient_peak_bytes":2279424,"wait":{"nanos":7461375,"secs":0}},{"allocated_bytes":4,"allocation_time":{"nanos":2834,"secs":0},"allocations":1,"arena_capacity":60293120,"arena_high_water":60293120,"command_buffers":1,"completion_waits":1,"dispatches":531,"encode":{"nanos":191590,"secs":0},"gpu":{"nanos":7440125,"secs":0},"reused_bytes":2279424,"transient_live_bytes":524288,"transient_peak_bytes":2279424,"wait":{"nanos":7686125,"secs":0}},{"allocated_bytes":4,"allocation_time":{"nanos":2833,"secs":0},"allocations":1,"arena_capacity":60293120,"arena_high_water":60293120,"command_buffers":1,"completion_waits":1,"dispatches":531,"encode":{"nanos":175462,"secs":0},"gpu":{"nanos":7614458,"secs":0},"reused_bytes":2279424,"transient_live_bytes":524288,"transient_peak_bytes":2279424,"wait":{"nanos":7853000,"secs":0}},{"allocated_bytes":4,"allocation_time":{"nanos":5459,"secs":0},"allocations":1,"arena_capacity":60293120,"arena_high_water":60293120,"command_buffers":1,"completion_waits":1,"dispatches":531,"encode":{"nanos":181286,"secs":0},"gpu":{"nanos":7494958,"secs":0},"reused_bytes":2279424,"transient_live_bytes":524288,"transient_peak_bytes":2279424,"wait":{"nanos":7764000,"secs":0}},{"allocated_bytes":4,"allocation_time":{"nanos":3667,"secs":0},"allocations":1,"arena_capacity":60293120,"arena_high_water":60293120,"command_buffers":1,"completion_waits":1,"dispatches":531,"encode":{"nanos":175462,"secs":0},"gpu":{"nanos":6991208,"secs":0},"reused_bytes":2279424,"transient_live_bytes":524288,"transient_peak_bytes":2279424,"wait":{"nanos":7254917,"secs":0}},{"allocated_bytes":4,"allocation_time":{"nanos":9208,"secs":0},"allocations":1,"arena_capacity":60293120,"arena_high_water":60293120,"command_buffers":1,"completion_waits":1,"dispatches":531,"encode":{"nanos":203210,"secs":0},"gpu":{"nanos":7203000,"secs":0},"reused_bytes":2279424,"transient_live_bytes":524288,"transient_peak_bytes":2279424,"wait":{"nanos":7467250,"secs":0}},{"allocated_bytes":4,"allocation_time":{"nanos":4292,"secs":0},"allocations":1,"arena_capacity":60293120,"arena_high_water":60293120,"command_buffers":1,"completion_waits":1,"dispatches":531,"encode":{"nanos":180224,"secs":0},"gpu":{"nanos":7400250,"secs":0},"reused_bytes":2279424,"transient_live_bytes":524288,"transient_peak_bytes":2279424,"wait":{"nanos":7652833,"secs":0}},{"allocated_bytes":4,"allocation_time":{"nanos":3875,"secs":0},"allocations":1,"arena_capacity":60293120,"arena_high_water":60293120,"command_buffers":1,"completion_waits":1,"dispatches":531,"encode":{"nanos":178569,"secs":0},"gpu":{"nanos":7539250,"secs":0},"reused_bytes":2279424,"transient_live_bytes":524288,"transient_peak_bytes":2279424,"wait":{"nanos":7791834,"secs":0}},{"allocated_bytes":4,"allocation_time":{"nanos":3125,"secs":0},"allocations":1,"arena_capacity":60293120,"arena_high_water":60293120,"command_buffers":1,"completion_waits":1,"dispatches":531,"encode":{"nanos":175800,"secs":0},"gpu":{"nanos":7564125,"secs":0},"reused_bytes":2279424,"transient_live_bytes":524288,"transient_peak_bytes":2279424,"wait":{"nanos":7828417,"secs":0}},{"allocated_bytes":4,"allocation_time":{"nanos":3917,"secs":0},"allocations":1,"arena_capacity":60293120,"arena_high_water":60293120,"command_buffers":1,"completion_waits":1,"dispatches":531,"encode":{"nanos":174406,"secs":0},"gpu":{"nanos":7392667,"secs":0},"reused_bytes":2279424,"transient_live_bytes":524288,"transient_peak_bytes":2279424,"wait":{"nanos":7633583,"secs":0}}],"decode_median_ms":8.091125,"decode_ms":[8.02125,8.253541,8.241292000000001,8.073542,7.8866249999999996,7.897875,8.143167,8.264209,8.20375,7.679041,7.955709,8.091125,8.202208,8.278667,8.067],"decode_profiles":[{},{},{},{},{},{},{},{},{},{},{},{},{},{},{}],"decode_tps":123.59220751131642,"first_token_ms":28.387708,"generated_ids":[0,2585,646,358,7789,498,3351,30,151645,198,151644,872,198,9707,0,2585],"generated_tokens":16,"generation_ms":153.349917,"generation_tps":104.33654163634141,"gguf_mpp_min_rows":8,"kv_active_bytes":368640,"kv_reserved_bytes":3145728,"model_format":"GGUF","model_repository":"Qwen/Qwen2.5-0.5B-Instruct-GGUF","model_revision":"9217f5db79a29953eb74d5343926648285ec7e67","moe_expert_tensorops":true,"moe_expert_tensorops_min_routes_per_expert":8,"moe_expert_tensorops_tile_k64":true,"packed_quantized_bytes":485166080,"pair":2,"pair_order":"ferrum-candidate>llama.cpp>ferrum-control","parameter_count":630167424,"prefill_counters":{"allocated_bytes":3145788,"allocation_time":{"nanos":320624,"secs":0},"allocations":49,"arena_capacity":60293120,"arena_high_water":60293120,"command_buffers":1,"completion_waits":1,"dispatches":531,"encode":{"nanos":210672,"secs":0},"gpu":{"nanos":26880125,"secs":0},"reused_bytes":28213248,"transient_live_bytes":0,"transient_peak_bytes":28213248,"wait":{"nanos":27340209,"secs":0}},"prefill_ms":28.07675,"prefill_profile":{},"prefill_tps":534.2498686635739,"prompt_ids":[151644,8948,198,2610,525,264,10950,17847,13,151645,198,151644,872,198,9707],"prompt_tokens":15,"q4_k_mpp_tile_k64":true,"q5_0_gemv_n4":false,"q5_1_mpp_tile_k64":true,"q8_0_mpp_tile_k64":true,"retained_weight_bytes":485309184,"runtime":"ferrum","sampling_ms":3.826918,"source_tensor_bytes":485452288,"tensor_count":291,"warmup":false,"process_rss_bytes":806256640,"ferrum_variant":"candidate","source_matrix_case_model":"qwen2.5-phase7a-small-batch-shape-probe-q4_k_m","engine_order":["ferrum-candidate","llama.cpp","ferrum-control"],"case_index":4,"engine_load_plus_first_warmup_ms":877.0456250058487}
{"case":"m15","command_buffer_count":null,"decode_aggregate_tps":237.72560119932885,"decode_median_ms":4.098875,"decode_ms":[4.464542,4.34575,4.098875,4.015166,4.429458,4.056958,4.353917,4.048166,4.364875,4.012417,4.331334,4.074083,4.040792,4.402375,4.05925],"decode_tps":243.96938184257877,"dispatch_count":null,"first_token_ms":15.995292,"generated_ids":[0,2585,646,358,7789,498,3351,30,151645,198,151644,872,198,9707,0,2585],"generated_tokens":16,"generation_ms":82.812917,"generation_tps":193.20657428357464,"kv_context_capacity_tokens":4096,"kv_type":"bf16","llama_commit":"84e76d8a23162eca70490da131945ebec1f09bf4","llama_version":"0.5.0-dev","model_format":"GGUF","pair":2,"pair_order":"ferrum-candidate>llama.cpp>ferrum-control","prefill_ms":15.727917,"prefill_tps":953.7181560660576,"process_max_rss_bytes":662716416,"prompt_ids":[151644,8948,198,2610,525,264,10950,17847,13,151645,198,151644,872,198,9707],"prompt_tokens":15,"runtime":"llama.cpp","sampling_ms":3.9857079999999994,"warmup":false,"process_rss_bytes":662437888,"source_matrix_case_model":"qwen2.5-phase7a-small-batch-shape-probe-q4_k_m","engine_order":["ferrum-candidate","llama.cpp","ferrum-control"],"case_index":4,"engine_load_plus_first_warmup_ms":978.256624948699}
{"case":"m15","decode_aggregate_tps":121.5248136412932,"decode_counters":[{"allocated_bytes":4,"allocation_time":{"nanos":6250,"secs":0},"allocations":1,"arena_capacity":60293120,"arena_high_water":60293120,"command_buffers":1,"completion_waits":1,"dispatches":531,"encode":{"nanos":198486,"secs":0},"gpu":{"nanos":7527125,"secs":0},"reused_bytes":2254848,"transient_live_bytes":524288,"transient_peak_bytes":2254848,"wait":{"nanos":7839625,"secs":0}},{"allocated_bytes":4,"allocation_time":{"nanos":3000,"secs":0},"allocations":1,"arena_capacity":60293120,"arena_high_water":60293120,"command_buffers":1,"completion_waits":1,"dispatches":531,"encode":{"nanos":188873,"secs":0},"gpu":{"nanos":7570375,"secs":0},"reused_bytes":2254848,"transient_live_bytes":524288,"transient_peak_bytes":2254848,"wait":{"nanos":7826625,"secs":0}},{"allocated_bytes":4,"allocation_time":{"nanos":4583,"secs":0},"allocations":1,"arena_capacity":60293120,"arena_high_water":60293120,"command_buffers":1,"completion_waits":1,"dispatches":531,"encode":{"nanos":214454,"secs":0},"gpu":{"nanos":7681625,"secs":0},"reused_bytes":2254848,"transient_live_bytes":524288,"transient_peak_bytes":2254848,"wait":{"nanos":7896625,"secs":0}},{"allocated_bytes":4,"allocation_time":{"nanos":3500,"secs":0},"allocations":1,"arena_capacity":60293120,"arena_high_water":60293120,"command_buffers":1,"completion_waits":1,"dispatches":531,"encode":{"nanos":181577,"secs":0},"gpu":{"nanos":7653375,"secs":0},"reused_bytes":2279424,"transient_live_bytes":524288,"transient_peak_bytes":2279424,"wait":{"nanos":7897417,"secs":0}},{"allocated_bytes":4,"allocation_time":{"nanos":3708,"secs":0},"allocations":1,"arena_capacity":60293120,"arena_high_water":60293120,"command_buffers":1,"completion_waits":1,"dispatches":531,"encode":{"nanos":186159,"secs":0},"gpu":{"nanos":7492833,"secs":0},"reused_bytes":2279424,"transient_live_bytes":524288,"transient_peak_bytes":2279424,"wait":{"nanos":7723958,"secs":0}},{"allocated_bytes":4,"allocation_time":{"nanos":3250,"secs":0},"allocations":1,"arena_capacity":60293120,"arena_high_water":60293120,"command_buffers":1,"completion_waits":1,"dispatches":531,"encode":{"nanos":174956,"secs":0},"gpu":{"nanos":7492500,"secs":0},"reused_bytes":2279424,"transient_live_bytes":524288,"transient_peak_bytes":2279424,"wait":{"nanos":7743667,"secs":0}},{"allocated_bytes":4,"allocation_time":{"nanos":3333,"secs":0},"allocations":1,"arena_capacity":60293120,"arena_high_water":60293120,"command_buffers":1,"completion_waits":1,"dispatches":531,"encode":{"nanos":177883,"secs":0},"gpu":{"nanos":7602958,"secs":0},"reused_bytes":2279424,"transient_live_bytes":524288,"transient_peak_bytes":2279424,"wait":{"nanos":7899459,"secs":0}},{"allocated_bytes":4,"allocation_time":{"nanos":2375,"secs":0},"allocations":1,"arena_capacity":60293120,"arena_high_water":60293120,"command_buffers":1,"completion_waits":1,"dispatches":531,"encode":{"nanos":177131,"secs":0},"gpu":{"nanos":7572708,"secs":0},"reused_bytes":2279424,"transient_live_bytes":524288,"transient_peak_bytes":2279424,"wait":{"nanos":7859542,"secs":0}},{"allocated_bytes":4,"allocation_time":{"nanos":4292,"secs":0},"allocations":1,"arena_capacity":60293120,"arena_high_water":60293120,"command_buffers":1,"completion_waits":1,"dispatches":531,"encode":{"nanos":185427,"secs":0},"gpu":{"nanos":7480375,"secs":0},"reused_bytes":2279424,"transient_live_bytes":524288,"transient_peak_bytes":2279424,"wait":{"nanos":7731958,"secs":0}},{"allocated_bytes":4,"allocation_time":{"nanos":3958,"secs":0},"allocations":1,"arena_capacity":60293120,"arena_high_water":60293120,"command_buffers":1,"completion_waits":1,"dispatches":531,"encode":{"nanos":177839,"secs":0},"gpu":{"nanos":7571500,"secs":0},"reused_bytes":2279424,"transient_live_bytes":524288,"transient_peak_bytes":2279424,"wait":{"nanos":7804583,"secs":0}},{"allocated_bytes":4,"allocation_time":{"nanos":2625,"secs":0},"allocations":1,"arena_capacity":60293120,"arena_high_water":60293120,"command_buffers":1,"completion_waits":1,"dispatches":531,"encode":{"nanos":177829,"secs":0},"gpu":{"nanos":7262667,"secs":0},"reused_bytes":2279424,"transient_live_bytes":524288,"transient_peak_bytes":2279424,"wait":{"nanos":7516167,"secs":0}},{"allocated_bytes":4,"allocation_time":{"nanos":3542,"secs":0},"allocations":1,"arena_capacity":60293120,"arena_high_water":60293120,"command_buffers":1,"completion_waits":1,"dispatches":531,"encode":{"nanos":182488,"secs":0},"gpu":{"nanos":7075625,"secs":0},"reused_bytes":2279424,"transient_live_bytes":524288,"transient_peak_bytes":2279424,"wait":{"nanos":7336083,"secs":0}},{"allocated_bytes":4,"allocation_time":{"nanos":3750,"secs":0},"allocations":1,"arena_capacity":60293120,"arena_high_water":60293120,"command_buffers":1,"completion_waits":1,"dispatches":531,"encode":{"nanos":177944,"secs":0},"gpu":{"nanos":7689417,"secs":0},"reused_bytes":2279424,"transient_live_bytes":524288,"transient_peak_bytes":2279424,"wait":{"nanos":7938917,"secs":0}},{"allocated_bytes":4,"allocation_time":{"nanos":3042,"secs":0},"allocations":1,"arena_capacity":60293120,"arena_high_water":60293120,"command_buffers":1,"completion_waits":1,"dispatches":531,"encode":{"nanos":174547,"secs":0},"gpu":{"nanos":7773458,"secs":0},"reused_bytes":2279424,"transient_live_bytes":524288,"transient_peak_bytes":2279424,"wait":{"nanos":8076958,"secs":0}},{"allocated_bytes":4,"allocation_time":{"nanos":2458,"secs":0},"allocations":1,"arena_capacity":60293120,"arena_high_water":60293120,"command_buffers":1,"completion_waits":1,"dispatches":531,"encode":{"nanos":178959,"secs":0},"gpu":{"nanos":7548625,"secs":0},"reused_bytes":2279424,"transient_live_bytes":524288,"transient_peak_bytes":2279424,"wait":{"nanos":7805083,"secs":0}}],"decode_median_ms":8.270332999999999,"decode_ms":[8.281666,8.270332999999999,8.347415999999999,8.323417,8.131499999999999,8.172916,8.346834,8.291667,8.18875,8.236833,7.9473329999999995,7.77175,8.374125,8.504667000000001,8.242375],"decode_profiles":[{},{},{},{},{},{},{},{},{},{},{},{},{},{},{}],"decode_tps":120.91411555012357,"first_token_ms":85.49929200000001,"generated_ids":[0,2585,646,358,7789,498,3351,30,151645,198,151644,872,198,9707,0,2585],"generated_tokens":16,"generation_ms":212.610625,"generation_tps":75.25494081022526,"gguf_mpp_min_rows":16,"kv_active_bytes":368640,"kv_reserved_bytes":3145728,"model_format":"GGUF","model_repository":"Qwen/Qwen2.5-0.5B-Instruct-GGUF","model_revision":"9217f5db79a29953eb74d5343926648285ec7e67","moe_expert_tensorops":true,"moe_expert_tensorops_min_routes_per_expert":8,"moe_expert_tensorops_tile_k64":true,"packed_quantized_bytes":485166080,"pair":2,"pair_order":"ferrum-candidate>llama.cpp>ferrum-control","parameter_count":630167424,"prefill_counters":{"allocated_bytes":3145788,"allocation_time":{"nanos":401748,"secs":0},"allocations":49,"arena_capacity":60293120,"arena_high_water":60293120,"command_buffers":1,"completion_waits":1,"dispatches":531,"encode":{"nanos":215655,"secs":0},"gpu":{"nanos":84080000,"secs":0},"reused_bytes":28213248,"transient_live_bytes":0,"transient_peak_bytes":28213248,"wait":{"nanos":84368000,"secs":0}},"prefill_ms":85.19975000000001,"prefill_profile":{},"prefill_tps":176.05685462692085,"prompt_ids":[151644,8948,198,2610,525,264,10950,17847,13,151645,198,151644,872,198,9707],"prompt_tokens":15,"q4_k_mpp_tile_k64":true,"q5_0_gemv_n4":false,"q5_1_mpp_tile_k64":true,"q8_0_mpp_tile_k64":true,"retained_weight_bytes":485309184,"runtime":"ferrum","sampling_ms":3.761623,"source_tensor_bytes":485452288,"tensor_count":291,"warmup":false,"process_rss_bytes":806256640,"ferrum_variant":"control","source_matrix_case_model":"qwen2.5-phase7a-small-batch-shape-probe-q4_k_m","engine_order":["ferrum-candidate","llama.cpp","ferrum-control"],"case_index":4,"engine_load_plus_first_warmup_ms":877.0456250058487}
{"case":"m15","decode_aggregate_tps":121.83326708040269,"decode_counters":[{"allocated_bytes":4,"allocation_time":{"nanos":4125,"secs":0},"allocations":1,"arena_capacity":60293120,"arena_high_water":60293120,"command_buffers":1,"completion_waits":1,"dispatches":531,"encode":{"nanos":194300,"secs":0},"gpu":{"nanos":7562125,"secs":0},"reused_bytes":2254848,"transient_live_bytes":524288,"transient_peak_bytes":2254848,"wait":{"nanos":7797000,"secs":0}},{"allocated_bytes":4,"allocation_time":{"nanos":3333,"secs":0},"allocations":1,"arena_capacity":60293120,"arena_high_water":60293120,"command_buffers":1,"completion_waits":1,"dispatches":531,"encode":{"nanos":178984,"secs":0},"gpu":{"nanos":7311375,"secs":0},"reused_bytes":2254848,"transient_live_bytes":524288,"transient_peak_bytes":2254848,"wait":{"nanos":7568750,"secs":0}},{"allocated_bytes":4,"allocation_time":{"nanos":4542,"secs":0},"allocations":1,"arena_capacity":60293120,"arena_high_water":60293120,"command_buffers":1,"completion_waits":1,"dispatches":531,"encode":{"nanos":181675,"secs":0},"gpu":{"nanos":7634583,"secs":0},"reused_bytes":2254848,"transient_live_bytes":524288,"transient_peak_bytes":2254848,"wait":{"nanos":7893250,"secs":0}},{"allocated_bytes":4,"allocation_time":{"nanos":3708,"secs":0},"allocations":1,"arena_capacity":60293120,"arena_high_water":60293120,"command_buffers":1,"completion_waits":1,"dispatches":531,"encode":{"nanos":200616,"secs":0},"gpu":{"nanos":7616417,"secs":0},"reused_bytes":2279424,"transient_live_bytes":524288,"transient_peak_bytes":2279424,"wait":{"nanos":7866375,"secs":0}},{"allocated_bytes":4,"allocation_time":{"nanos":3125,"secs":0},"allocations":1,"arena_capacity":60293120,"arena_high_water":60293120,"command_buffers":1,"completion_waits":1,"dispatches":531,"encode":{"nanos":178870,"secs":0},"gpu":{"nanos":7762375,"secs":0},"reused_bytes":2279424,"transient_live_bytes":524288,"transient_peak_bytes":2279424,"wait":{"nanos":8041208,"secs":0}},{"allocated_bytes":4,"allocation_time":{"nanos":2750,"secs":0},"allocations":1,"arena_capacity":60293120,"arena_high_water":60293120,"command_buffers":1,"completion_waits":1,"dispatches":531,"encode":{"nanos":174268,"secs":0},"gpu":{"nanos":7499750,"secs":0},"reused_bytes":2279424,"transient_live_bytes":524288,"transient_peak_bytes":2279424,"wait":{"nanos":7754500,"secs":0}},{"allocated_bytes":4,"allocation_time":{"nanos":42167,"secs":0},"allocations":1,"arena_capacity":60293120,"arena_high_water":60293120,"command_buffers":1,"completion_waits":1,"dispatches":531,"encode":{"nanos":193136,"secs":0},"gpu":{"nanos":7608417,"secs":0},"reused_bytes":2279424,"transient_live_bytes":524288,"transient_peak_bytes":2279424,"wait":{"nanos":7814000,"secs":0}},{"allocated_bytes":4,"allocation_time":{"nanos":3584,"secs":0},"allocations":1,"arena_capacity":60293120,"arena_high_water":60293120,"command_buffers":1,"completion_waits":1,"dispatches":531,"encode":{"nanos":178632,"secs":0},"gpu":{"nanos":7307500,"secs":0},"reused_bytes":2279424,"transient_live_bytes":524288,"transient_peak_bytes":2279424,"wait":{"nanos":7567292,"secs":0}},{"allocated_bytes":4,"allocation_time":{"nanos":4083,"secs":0},"allocations":1,"arena_capacity":60293120,"arena_high_water":60293120,"command_buffers":1,"completion_waits":1,"dispatches":531,"encode":{"nanos":189546,"secs":0},"gpu":{"nanos":7215958,"secs":0},"reused_bytes":2279424,"transient_live_bytes":524288,"transient_peak_bytes":2279424,"wait":{"nanos":7470083,"secs":0}},{"allocated_bytes":4,"allocation_time":{"nanos":3250,"secs":0},"allocations":1,"arena_capacity":60293120,"arena_high_water":60293120,"command_buffers":1,"completion_waits":1,"dispatches":531,"encode":{"nanos":178169,"secs":0},"gpu":{"nanos":7561708,"secs":0},"reused_bytes":2279424,"transient_live_bytes":524288,"transient_peak_bytes":2279424,"wait":{"nanos":7795041,"secs":0}},{"allocated_bytes":4,"allocation_time":{"nanos":4209,"secs":0},"allocations":1,"arena_capacity":60293120,"arena_high_water":60293120,"command_buffers":1,"completion_waits":1,"dispatches":531,"encode":{"nanos":179159,"secs":0},"gpu":{"nanos":7566542,"secs":0},"reused_bytes":2279424,"transient_live_bytes":524288,"transient_peak_bytes":2279424,"wait":{"nanos":7886292,"secs":0}},{"allocated_bytes":4,"allocation_time":{"nanos":2833,"secs":0},"allocations":1,"arena_capacity":60293120,"arena_high_water":60293120,"command_buffers":1,"completion_waits":1,"dispatches":531,"encode":{"nanos":177706,"secs":0},"gpu":{"nanos":7310792,"secs":0},"reused_bytes":2279424,"transient_live_bytes":524288,"transient_peak_bytes":2279424,"wait":{"nanos":7582291,"secs":0}},{"allocated_bytes":4,"allocation_time":{"nanos":5167,"secs":0},"allocations":1,"arena_capacity":60293120,"arena_high_water":60293120,"command_buffers":1,"completion_waits":1,"dispatches":531,"encode":{"nanos":180111,"secs":0},"gpu":{"nanos":7694250,"secs":0},"reused_bytes":2279424,"transient_live_bytes":524288,"transient_peak_bytes":2279424,"wait":{"nanos":7923875,"secs":0}},{"allocated_bytes":4,"allocation_time":{"nanos":2833,"secs":0},"allocations":1,"arena_capacity":60293120,"arena_high_water":60293120,"command_buffers":1,"completion_waits":1,"dispatches":531,"encode":{"nanos":174458,"secs":0},"gpu":{"nanos":7724708,"secs":0},"reused_bytes":2279424,"transient_live_bytes":524288,"transient_peak_bytes":2279424,"wait":{"nanos":7984959,"secs":0}},{"allocated_bytes":4,"allocation_time":{"nanos":3458,"secs":0},"allocations":1,"arena_capacity":60293120,"arena_high_water":60293120,"command_buffers":1,"completion_waits":1,"dispatches":531,"encode":{"nanos":176877,"secs":0},"gpu":{"nanos":7282500,"secs":0},"reused_bytes":2279424,"transient_live_bytes":524288,"transient_peak_bytes":2279424,"wait":{"nanos":7547041,"secs":0}}],"decode_median_ms":8.254333,"decode_ms":[8.254333,8.005834,8.331583,8.332125,8.458541,8.181375,8.282375,8.006792,7.932084000000001,8.229667,8.322666,8.036166000000001,8.361541,8.40925,7.974749999999999],"decode_profiles":[{},{},{},{},{},{},{},{},{},{},{},{},{},{},{}],"decode_tps":121.14849255536454,"first_token_ms":85.937042,"generated_ids":[0,2585,646,358,7789,498,3351,30,151645,198,151644,872,198,9707,0,2585],"generated_tokens":16,"generation_ms":212.738541,"generation_tps":75.20969131775703,"gguf_mpp_min_rows":16,"kv_active_bytes":368640,"kv_reserved_bytes":3145728,"model_format":"GGUF","model_repository":"Qwen/Qwen2.5-0.5B-Instruct-GGUF","model_revision":"9217f5db79a29953eb74d5343926648285ec7e67","moe_expert_tensorops":true,"moe_expert_tensorops_min_routes_per_expert":8,"moe_expert_tensorops_tile_k64":true,"packed_quantized_bytes":485166080,"pair":3,"pair_order":"ferrum-control>llama.cpp>ferrum-candidate","parameter_count":630167424,"prefill_counters":{"allocated_bytes":3145788,"allocation_time":{"nanos":451752,"secs":0},"allocations":49,"arena_capacity":60293120,"arena_high_water":60293120,"command_buffers":1,"completion_waits":1,"dispatches":531,"encode":{"nanos":235446,"secs":0},"gpu":{"nanos":84186875,"secs":0},"reused_bytes":28213248,"transient_live_bytes":0,"transient_peak_bytes":28213248,"wait":{"nanos":84723292,"secs":0}},"prefill_ms":85.63745899999999,"prefill_profile":{},"prefill_tps":175.15699525834833,"prompt_ids":[151644,8948,198,2610,525,264,10950,17847,13,151645,198,151644,872,198,9707],"prompt_tokens":15,"q4_k_mpp_tile_k64":true,"q5_0_gemv_n4":false,"q5_1_mpp_tile_k64":true,"q8_0_mpp_tile_k64":true,"retained_weight_bytes":485309184,"runtime":"ferrum","sampling_ms":3.800248,"source_tensor_bytes":485452288,"tensor_count":291,"warmup":false,"process_rss_bytes":806256640,"ferrum_variant":"control","source_matrix_case_model":"qwen2.5-phase7a-small-batch-shape-probe-q4_k_m","engine_order":["ferrum-control","llama.cpp","ferrum-candidate"],"case_index":4,"engine_load_plus_first_warmup_ms":877.0456250058487}
{"case":"m15","command_buffer_count":null,"decode_aggregate_tps":236.91239467684383,"decode_median_ms":4.115375,"decode_ms":[4.849959,3.991542,4.355167,4.020541,4.0965,4.127792,4.037459,4.352042,4.088084,4.439,4.004083,4.356833,4.115375,4.385833,4.094333],"decode_tps":242.99122194210733,"dispatch_count":null,"first_token_ms":15.582167,"generated_ids":[0,2585,646,358,7789,498,3351,30,151645,198,151644,872,198,9707,0,2585],"generated_tokens":16,"generation_ms":82.575417,"generation_tps":193.7622670437135,"kv_context_capacity_tokens":4096,"kv_type":"bf16","llama_commit":"84e76d8a23162eca70490da131945ebec1f09bf4","llama_version":"0.5.0-dev","model_format":"GGUF","pair":3,"pair_order":"ferrum-control>llama.cpp>ferrum-candidate","prefill_ms":15.2985,"prefill_tps":980.4882831650161,"process_max_rss_bytes":662716416,"prompt_ids":[151644,8948,198,2610,525,264,10950,17847,13,151645,198,151644,872,198,9707],"prompt_tokens":15,"runtime":"llama.cpp","sampling_ms":3.960916,"warmup":false,"process_rss_bytes":662437888,"source_matrix_case_model":"qwen2.5-phase7a-small-batch-shape-probe-q4_k_m","engine_order":["ferrum-control","llama.cpp","ferrum-candidate"],"case_index":4,"engine_load_plus_first_warmup_ms":978.256624948699}
{"case":"m15","decode_aggregate_tps":122.96707551634367,"decode_counters":[{"allocated_bytes":4,"allocation_time":{"nanos":4250,"secs":0},"allocations":1,"arena_capacity":60293120,"arena_high_water":60293120,"command_buffers":1,"completion_waits":1,"dispatches":531,"encode":{"nanos":192921,"secs":0},"gpu":{"nanos":7386708,"secs":0},"reused_bytes":2254848,"transient_live_bytes":524288,"transient_peak_bytes":2254848,"wait":{"nanos":7612666,"secs":0}},{"allocated_bytes":4,"allocation_time":{"nanos":2833,"secs":0},"allocations":1,"arena_capacity":60293120,"arena_high_water":60293120,"command_buffers":1,"completion_waits":1,"dispatches":531,"encode":{"nanos":177471,"secs":0},"gpu":{"nanos":7529458,"secs":0},"reused_bytes":2254848,"transient_live_bytes":524288,"transient_peak_bytes":2254848,"wait":{"nanos":7760666,"secs":0}},{"allocated_bytes":4,"allocation_time":{"nanos":3250,"secs":0},"allocations":1,"arena_capacity":60293120,"arena_high_water":60293120,"command_buffers":1,"completion_waits":1,"dispatches":531,"encode":{"nanos":175544,"secs":0},"gpu":{"nanos":7615333,"secs":0},"reused_bytes":2254848,"transient_live_bytes":524288,"transient_peak_bytes":2254848,"wait":{"nanos":7869250,"secs":0}},{"allocated_bytes":4,"allocation_time":{"nanos":4583,"secs":0},"allocations":1,"arena_capacity":60293120,"arena_high_water":60293120,"command_buffers":1,"completion_waits":1,"dispatches":531,"encode":{"nanos":183096,"secs":0},"gpu":{"nanos":7048500,"secs":0},"reused_bytes":2279424,"transient_live_bytes":524288,"transient_peak_bytes":2279424,"wait":{"nanos":7269959,"secs":0}},{"allocated_bytes":4,"allocation_time":{"nanos":3541,"secs":0},"allocations":1,"arena_capacity":60293120,"arena_high_water":60293120,"command_buffers":1,"completion_waits":1,"dispatches":531,"encode":{"nanos":180284,"secs":0},"gpu":{"nanos":7489792,"secs":0},"reused_bytes":2279424,"transient_live_bytes":524288,"transient_peak_bytes":2279424,"wait":{"nanos":7695583,"secs":0}},{"allocated_bytes":4,"allocation_time":{"nanos":3625,"secs":0},"allocations":1,"arena_capacity":60293120,"arena_high_water":60293120,"command_buffers":1,"completion_waits":1,"dispatches":531,"encode":{"nanos":178208,"secs":0},"gpu":{"nanos":7431375,"secs":0},"reused_bytes":2279424,"transient_live_bytes":524288,"transient_peak_bytes":2279424,"wait":{"nanos":7701792,"secs":0}},{"allocated_bytes":4,"allocation_time":{"nanos":2333,"secs":0},"allocations":1,"arena_capacity":60293120,"arena_high_water":60293120,"command_buffers":1,"completion_waits":1,"dispatches":531,"encode":{"nanos":176374,"secs":0},"gpu":{"nanos":7442625,"secs":0},"reused_bytes":2279424,"transient_live_bytes":524288,"transient_peak_bytes":2279424,"wait":{"nanos":7679583,"secs":0}},{"allocated_bytes":4,"allocation_time":{"nanos":3875,"secs":0},"allocations":1,"arena_capacity":60293120,"arena_high_water":60293120,"command_buffers":1,"completion_waits":1,"dispatches":531,"encode":{"nanos":184995,"secs":0},"gpu":{"nanos":7602375,"secs":0},"reused_bytes":2279424,"transient_live_bytes":524288,"transient_peak_bytes":2279424,"wait":{"nanos":7843708,"secs":0}},{"allocated_bytes":4,"allocation_time":{"nanos":3333,"secs":0},"allocations":1,"arena_capacity":60293120,"arena_high_water":60293120,"command_buffers":1,"completion_waits":1,"dispatches":531,"encode":{"nanos":181849,"secs":0},"gpu":{"nanos":7523042,"secs":0},"reused_bytes":2279424,"transient_live_bytes":524288,"transient_peak_bytes":2279424,"wait":{"nanos":7781167,"secs":0}},{"allocated_bytes":4,"allocation_time":{"nanos":3125,"secs":0},"allocations":1,"arena_capacity":60293120,"arena_high_water":60293120,"command_buffers":1,"completion_waits":1,"dispatches":531,"encode":{"nanos":189412,"secs":0},"gpu":{"nanos":6987625,"secs":0},"reused_bytes":2279424,"transient_live_bytes":524288,"transient_peak_bytes":2279424,"wait":{"nanos":7217958,"secs":0}},{"allocated_bytes":4,"allocation_time":{"nanos":3417,"secs":0},"allocations":1,"arena_capacity":60293120,"arena_high_water":60293120,"command_buffers":1,"completion_waits":1,"dispatches":531,"encode":{"nanos":177100,"secs":0},"gpu":{"nanos":7474042,"secs":0},"reused_bytes":2279424,"transient_live_bytes":524288,"transient_peak_bytes":2279424,"wait":{"nanos":7723000,"secs":0}},{"allocated_bytes":4,"allocation_time":{"nanos":4000,"secs":0},"allocations":1,"arena_capacity":60293120,"arena_high_water":60293120,"command_buffers":1,"completion_waits":1,"dispatches":531,"encode":{"nanos":175423,"secs":0},"gpu":{"nanos":7411542,"secs":0},"reused_bytes":2279424,"transient_live_bytes":524288,"transient_peak_bytes":2279424,"wait":{"nanos":7670417,"secs":0}},{"allocated_bytes":4,"allocation_time":{"nanos":3292,"secs":0},"allocations":1,"arena_capacity":60293120,"arena_high_water":60293120,"command_buffers":1,"completion_waits":1,"dispatches":531,"encode":{"nanos":175662,"secs":0},"gpu":{"nanos":7624667,"secs":0},"reused_bytes":2279424,"transient_live_bytes":524288,"transient_peak_bytes":2279424,"wait":{"nanos":7857667,"secs":0}},{"allocated_bytes":4,"allocation_time":{"nanos":4250,"secs":0},"allocations":1,"arena_capacity":60293120,"arena_high_water":60293120,"command_buffers":1,"completion_waits":1,"dispatches":531,"encode":{"nanos":208011,"secs":0},"gpu":{"nanos":7596000,"secs":0},"reused_bytes":2279424,"transient_live_bytes":524288,"transient_peak_bytes":2279424,"wait":{"nanos":7869875,"secs":0}},{"allocated_bytes":4,"allocation_time":{"nanos":3583,"secs":0},"allocations":1,"arena_capacity":60293120,"arena_high_water":60293120,"command_buffers":1,"completion_waits":1,"dispatches":531,"encode":{"nanos":184120,"secs":0},"gpu":{"nanos":7705375,"secs":0},"reused_bytes":2279424,"transient_live_bytes":524288,"transient_peak_bytes":2279424,"wait":{"nanos":7961375,"secs":0}}],"decode_median_ms":8.15175,"decode_ms":[8.050082999999999,8.19825,8.300459,7.677291,8.129291,8.133833,8.081875,8.280916,8.216125,7.642709,8.15175,8.100166000000002,8.264624999999999,8.352458,8.404041],"decode_profiles":[{},{},{},{},{},{},{},{},{},{},{},{},{},{},{}],"decode_tps":122.67304566504126,"first_token_ms":28.534125,"generated_ids":[0,2585,646,358,7789,498,3351,30,151645,198,151644,872,198,9707,0,2585],"generated_tokens":16,"generation_ms":154.161458,"generation_tps":103.78729033556493,"gguf_mpp_min_rows":8,"kv_active_bytes":368640,"kv_reserved_bytes":3145728,"model_format":"GGUF","model_repository":"Qwen/Qwen2.5-0.5B-Instruct-GGUF","model_revision":"9217f5db79a29953eb74d5343926648285ec7e67","moe_expert_tensorops":true,"moe_expert_tensorops_min_routes_per_expert":8,"moe_expert_tensorops_tile_k64":true,"packed_quantized_bytes":485166080,"pair":3,"pair_order":"ferrum-control>llama.cpp>ferrum-candidate","parameter_count":630167424,"prefill_counters":{"allocated_bytes":3145788,"allocation_time":{"nanos":417758,"secs":0},"allocations":49,"arena_capacity":60293120,"arena_high_water":60293120,"command_buffers":1,"completion_waits":1,"dispatches":531,"encode":{"nanos":224077,"secs":0},"gpu":{"nanos":26920208,"secs":0},"reused_bytes":28213248,"transient_live_bytes":0,"transient_peak_bytes":28213248,"wait":{"nanos":27374250,"secs":0}},"prefill_ms":28.235083,"prefill_profile":{},"prefill_tps":531.2539722302215,"prompt_ids":[151644,8948,198,2610,525,264,10950,17847,13,151645,198,151644,872,198,9707],"prompt_tokens":15,"q4_k_mpp_tile_k64":true,"q5_0_gemv_n4":false,"q5_1_mpp_tile_k64":true,"q8_0_mpp_tile_k64":true,"retained_weight_bytes":485309184,"runtime":"ferrum","sampling_ms":3.765999,"source_tensor_bytes":485452288,"tensor_count":291,"warmup":false,"process_rss_bytes":806256640,"ferrum_variant":"candidate","source_matrix_case_model":"qwen2.5-phase7a-small-batch-shape-probe-q4_k_m","engine_order":["ferrum-control","llama.cpp","ferrum-candidate"],"case_index":4,"engine_load_plus_first_warmup_ms":877.0456250058487}
{"case":"m15","decode_aggregate_tps":123.56527127865638,"decode_counters":[{"allocated_bytes":4,"allocation_time":{"nanos":4416,"secs":0},"allocations":1,"arena_capacity":60293120,"arena_high_water":60293120,"command_buffers":1,"completion_waits":1,"dispatches":531,"encode":{"nanos":190589,"secs":0},"gpu":{"nanos":7351625,"secs":0},"reused_bytes":2254848,"transient_live_bytes":524288,"transient_peak_bytes":2254848,"wait":{"nanos":7592000,"secs":0}},{"allocated_bytes":4,"allocation_time":{"nanos":3000,"secs":0},"allocations":1,"arena_capacity":60293120,"arena_high_water":60293120,"command_buffers":1,"completion_waits":1,"dispatches":531,"encode":{"nanos":187085,"secs":0},"gpu":{"nanos":7253083,"secs":0},"reused_bytes":2254848,"transient_live_bytes":524288,"transient_peak_bytes":2254848,"wait":{"nanos":7513458,"secs":0}},{"allocated_bytes":4,"allocation_time":{"nanos":4125,"secs":0},"allocations":1,"arena_capacity":60293120,"arena_high_water":60293120,"command_buffers":1,"completion_waits":1,"dispatches":531,"encode":{"nanos":179085,"secs":0},"gpu":{"nanos":7563375,"secs":0},"reused_bytes":2254848,"transient_live_bytes":524288,"transient_peak_bytes":2254848,"wait":{"nanos":7785084,"secs":0}},{"allocated_bytes":4,"allocation_time":{"nanos":4167,"secs":0},"allocations":1,"arena_capacity":60293120,"arena_high_water":60293120,"command_buffers":1,"completion_waits":1,"dispatches":531,"encode":{"nanos":184937,"secs":0},"gpu":{"nanos":7310792,"secs":0},"reused_bytes":2279424,"transient_live_bytes":524288,"transient_peak_bytes":2279424,"wait":{"nanos":7558750,"secs":0}},{"allocated_bytes":4,"allocation_time":{"nanos":3583,"secs":0},"allocations":1,"arena_capacity":60293120,"arena_high_water":60293120,"command_buffers":1,"completion_waits":1,"dispatches":531,"encode":{"nanos":178537,"secs":0},"gpu":{"nanos":7480750,"secs":0},"reused_bytes":2279424,"transient_live_bytes":524288,"transient_peak_bytes":2279424,"wait":{"nanos":7727375,"secs":0}},{"allocated_bytes":4,"allocation_time":{"nanos":3625,"secs":0},"allocations":1,"arena_capacity":60293120,"arena_high_water":60293120,"command_buffers":1,"completion_waits":1,"dispatches":531,"encode":{"nanos":182287,"secs":0},"gpu":{"nanos":7431333,"secs":0},"reused_bytes":2279424,"transient_live_bytes":524288,"transient_peak_bytes":2279424,"wait":{"nanos":7697083,"secs":0}},{"allocated_bytes":4,"allocation_time":{"nanos":2875,"secs":0},"allocations":1,"arena_capacity":60293120,"arena_high_water":60293120,"command_buffers":1,"completion_waits":1,"dispatches":531,"encode":{"nanos":176968,"secs":0},"gpu":{"nanos":7457667,"secs":0},"reused_bytes":2279424,"transient_live_bytes":524288,"transient_peak_bytes":2279424,"wait":{"nanos":7736167,"secs":0}},{"allocated_bytes":4,"allocation_time":{"nanos":3458,"secs":0},"allocations":1,"arena_capacity":60293120,"arena_high_water":60293120,"command_buffers":1,"completion_waits":1,"dispatches":531,"encode":{"nanos":184040,"secs":0},"gpu":{"nanos":7360750,"secs":0},"reused_bytes":2279424,"transient_live_bytes":524288,"transient_peak_bytes":2279424,"wait":{"nanos":7653250,"secs":0}},{"allocated_bytes":4,"allocation_time":{"nanos":3375,"secs":0},"allocations":1,"arena_capacity":60293120,"arena_high_water":60293120,"command_buffers":1,"completion_waits":1,"dispatches":531,"encode":{"nanos":177014,"secs":0},"gpu":{"nanos":7499500,"secs":0},"reused_bytes":2279424,"transient_live_bytes":524288,"transient_peak_bytes":2279424,"wait":{"nanos":7773375,"secs":0}},{"allocated_bytes":4,"allocation_time":{"nanos":3125,"secs":0},"allocations":1,"arena_capacity":60293120,"arena_high_water":60293120,"command_buffers":1,"completion_waits":1,"dispatches":531,"encode":{"nanos":176833,"secs":0},"gpu":{"nanos":7262500,"secs":0},"reused_bytes":2279424,"transient_live_bytes":524288,"transient_peak_bytes":2279424,"wait":{"nanos":7522666,"secs":0}},{"allocated_bytes":4,"allocation_time":{"nanos":3666,"secs":0},"allocations":1,"arena_capacity":60293120,"arena_high_water":60293120,"command_buffers":1,"completion_waits":1,"dispatches":531,"encode":{"nanos":180923,"secs":0},"gpu":{"nanos":7509750,"secs":0},"reused_bytes":2279424,"transient_live_bytes":524288,"transient_peak_bytes":2279424,"wait":{"nanos":7727084,"secs":0}},{"allocated_bytes":4,"allocation_time":{"nanos":2458,"secs":0},"allocations":1,"arena_capacity":60293120,"arena_high_water":60293120,"command_buffers":1,"completion_waits":1,"dispatches":531,"encode":{"nanos":176072,"secs":0},"gpu":{"nanos":7417792,"secs":0},"reused_bytes":2279424,"transient_live_bytes":524288,"transient_peak_bytes":2279424,"wait":{"nanos":7664583,"secs":0}},{"allocated_bytes":4,"allocation_time":{"nanos":4125,"secs":0},"allocations":1,"arena_capacity":60293120,"arena_high_water":60293120,"command_buffers":1,"completion_waits":1,"dispatches":531,"encode":{"nanos":178805,"secs":0},"gpu":{"nanos":7546625,"secs":0},"reused_bytes":2279424,"transient_live_bytes":524288,"transient_peak_bytes":2279424,"wait":{"nanos":7810292,"secs":0}},{"allocated_bytes":4,"allocation_time":{"nanos":3334,"secs":0},"allocations":1,"arena_capacity":60293120,"arena_high_water":60293120,"command_buffers":1,"completion_waits":1,"dispatches":531,"encode":{"nanos":180633,"secs":0},"gpu":{"nanos":7335333,"secs":0},"reused_bytes":2279424,"transient_live_bytes":524288,"transient_peak_bytes":2279424,"wait":{"nanos":7589625,"secs":0}},{"allocated_bytes":4,"allocation_time":{"nanos":4417,"secs":0},"allocations":1,"arena_capacity":60293120,"arena_high_water":60293120,"command_buffers":1,"completion_waits":1,"dispatches":531,"encode":{"nanos":179490,"secs":0},"gpu":{"nanos":7341625,"secs":0},"reused_bytes":2279424,"transient_live_bytes":524288,"transient_peak_bytes":2279424,"wait":{"nanos":7526500,"secs":0}}],"decode_median_ms":8.099916,"decode_ms":[8.058917000000001,7.957250000000001,8.220292,8.004166999999999,8.131583,8.132458,8.169208000000001,8.091583,8.204667,7.953250000000001,8.139624999999999,8.099916,8.244207999999999,8.0195,7.966708],"decode_profiles":[{},{},{},{},{},{},{},{},{},{},{},{},{},{},{}],"decode_tps":123.45807042937236,"first_token_ms":28.372917,"generated_ids":[0,2585,646,358,7789,498,3351,30,151645,198,151644,872,198,9707,0,2585],"generated_tokens":16,"generation_ms":153.395542,"generation_tps":104.30550843517995,"gguf_mpp_min_rows":8,"kv_active_bytes":368640,"kv_reserved_bytes":3145728,"model_format":"GGUF","model_repository":"Qwen/Qwen2.5-0.5B-Instruct-GGUF","model_revision":"9217f5db79a29953eb74d5343926648285ec7e67","moe_expert_tensorops":true,"moe_expert_tensorops_min_routes_per_expert":8,"moe_expert_tensorops_tile_k64":true,"packed_quantized_bytes":485166080,"pair":4,"pair_order":"ferrum-candidate>llama.cpp>ferrum-control","parameter_count":630167424,"prefill_counters":{"allocated_bytes":3145788,"allocation_time":{"nanos":323291,"secs":0},"allocations":49,"arena_capacity":60293120,"arena_high_water":60293120,"command_buffers":1,"completion_waits":1,"dispatches":531,"encode":{"nanos":209200,"secs":0},"gpu":{"nanos":27018167,"secs":0},"reused_bytes":28213248,"transient_live_bytes":0,"transient_peak_bytes":28213248,"wait":{"nanos":27327458,"secs":0}},"prefill_ms":28.073583,"prefill_profile":{},"prefill_tps":534.3101377547711,"prompt_ids":[151644,8948,198,2610,525,264,10950,17847,13,151645,198,151644,872,198,9707],"prompt_tokens":15,"q4_k_mpp_tile_k64":true,"q5_0_gemv_n4":false,"q5_1_mpp_tile_k64":true,"q8_0_mpp_tile_k64":true,"retained_weight_bytes":485309184,"runtime":"ferrum","sampling_ms":3.725251,"source_tensor_bytes":485452288,"tensor_count":291,"warmup":false,"process_rss_bytes":806256640,"ferrum_variant":"candidate","source_matrix_case_model":"qwen2.5-phase7a-small-batch-shape-probe-q4_k_m","engine_order":["ferrum-candidate","llama.cpp","ferrum-control"],"case_index":4,"engine_load_plus_first_warmup_ms":877.0456250058487}
{"case":"m15","command_buffer_count":null,"decode_aggregate_tps":237.4923994515762,"decode_median_ms":4.111709,"decode_ms":[4.837334,4.043125,4.368,4.047917,4.090916,4.174542,4.090958,4.384333,4.052208,4.451708,4.019917,4.111709,4.13375,4.023083,4.330416],"decode_tps":243.2078729306962,"dispatch_count":null,"first_token_ms":15.322959,"generated_ids":[0,2585,646,358,7789,498,3351,30,151645,198,151644,872,198,9707,0,2585],"generated_tokens":16,"generation_ms":82.170167,"generation_tps":194.7178712682913,"kv_context_capacity_tokens":4096,"kv_type":"bf16","llama_commit":"84e76d8a23162eca70490da131945ebec1f09bf4","llama_version":"0.5.0-dev","model_format":"GGUF","pair":4,"pair_order":"ferrum-candidate>llama.cpp>ferrum-control","prefill_ms":15.078,"prefill_tps":994.8269001193793,"process_max_rss_bytes":662716416,"prompt_ids":[151644,8948,198,2610,525,264,10950,17847,13,151645,198,151644,872,198,9707],"prompt_tokens":15,"runtime":"llama.cpp","sampling_ms":3.9305400000000006,"warmup":false,"process_rss_bytes":662437888,"source_matrix_case_model":"qwen2.5-phase7a-small-batch-shape-probe-q4_k_m","engine_order":["ferrum-candidate","llama.cpp","ferrum-control"],"case_index":4,"engine_load_plus_first_warmup_ms":978.256624948699}
{"case":"m15","decode_aggregate_tps":122.91413181876902,"decode_counters":[{"allocated_bytes":4,"allocation_time":{"nanos":5500,"secs":0},"allocations":1,"arena_capacity":60293120,"arena_high_water":60293120,"command_buffers":1,"completion_waits":1,"dispatches":531,"encode":{"nanos":200599,"secs":0},"gpu":{"nanos":7279792,"secs":0},"reused_bytes":2254848,"transient_live_bytes":524288,"transient_peak_bytes":2254848,"wait":{"nanos":7519292,"secs":0}},{"allocated_bytes":4,"allocation_time":{"nanos":6292,"secs":0},"allocations":1,"arena_capacity":60293120,"arena_high_water":60293120,"command_buffers":1,"completion_waits":1,"dispatches":531,"encode":{"nanos":200863,"secs":0},"gpu":{"nanos":7315167,"secs":0},"reused_bytes":2254848,"transient_live_bytes":524288,"transient_peak_bytes":2254848,"wait":{"nanos":7567000,"secs":0}},{"allocated_bytes":4,"allocation_time":{"nanos":4458,"secs":0},"allocations":1,"arena_capacity":60293120,"arena_high_water":60293120,"command_buffers":1,"completion_waits":1,"dispatches":531,"encode":{"nanos":180239,"secs":0},"gpu":{"nanos":7630292,"secs":0},"reused_bytes":2254848,"transient_live_bytes":524288,"transient_peak_bytes":2254848,"wait":{"nanos":7862583,"secs":0}},{"allocated_bytes":4,"allocation_time":{"nanos":3334,"secs":0},"allocations":1,"arena_capacity":60293120,"arena_high_water":60293120,"command_buffers":1,"completion_waits":1,"dispatches":531,"encode":{"nanos":179764,"secs":0},"gpu":{"nanos":7629833,"secs":0},"reused_bytes":2279424,"transient_live_bytes":524288,"transient_peak_bytes":2279424,"wait":{"nanos":7844625,"secs":0}},{"allocated_bytes":4,"allocation_time":{"nanos":3083,"secs":0},"allocations":1,"arena_capacity":60293120,"arena_high_water":60293120,"command_buffers":1,"completion_waits":1,"dispatches":531,"encode":{"nanos":176552,"secs":0},"gpu":{"nanos":7745750,"secs":0},"reused_bytes":2279424,"transient_live_bytes":524288,"transient_peak_bytes":2279424,"wait":{"nanos":7990500,"secs":0}},{"allocated_bytes":4,"allocation_time":{"nanos":2708,"secs":0},"allocations":1,"arena_capacity":60293120,"arena_high_water":60293120,"command_buffers":1,"completion_waits":1,"dispatches":531,"encode":{"nanos":176291,"secs":0},"gpu":{"nanos":7502500,"secs":0},"reused_bytes":2279424,"transient_live_bytes":524288,"transient_peak_bytes":2279424,"wait":{"nanos":7703917,"secs":0}},{"allocated_bytes":4,"allocation_time":{"nanos":3166,"secs":0},"allocations":1,"arena_capacity":60293120,"arena_high_water":60293120,"command_buffers":1,"completion_waits":1,"dispatches":531,"encode":{"nanos":175297,"secs":0},"gpu":{"nanos":7337500,"secs":0},"reused_bytes":2279424,"transient_live_bytes":524288,"transient_peak_bytes":2279424,"wait":{"nanos":7554250,"secs":0}},{"allocated_bytes":4,"allocation_time":{"nanos":4542,"secs":0},"allocations":1,"arena_capacity":60293120,"arena_high_water":60293120,"command_buffers":1,"completion_waits":1,"dispatches":531,"encode":{"nanos":178337,"secs":0},"gpu":{"nanos":7287708,"secs":0},"reused_bytes":2279424,"transient_live_bytes":524288,"transient_peak_bytes":2279424,"wait":{"nanos":7541708,"secs":0}},{"allocated_bytes":4,"allocation_time":{"nanos":3292,"secs":0},"allocations":1,"arena_capacity":60293120,"arena_high_water":60293120,"command_buffers":1,"completion_waits":1,"dispatches":531,"encode":{"nanos":175167,"secs":0},"gpu":{"nanos":7439458,"secs":0},"reused_bytes":2279424,"transient_live_bytes":524288,"transient_peak_bytes":2279424,"wait":{"nanos":7690208,"secs":0}},{"allocated_bytes":4,"allocation_time":{"nanos":3417,"secs":0},"allocations":1,"arena_capacity":60293120,"arena_high_water":60293120,"command_buffers":1,"completion_waits":1,"dispatches":531,"encode":{"nanos":174891,"secs":0},"gpu":{"nanos":7595833,"secs":0},"reused_bytes":2279424,"transient_live_bytes":524288,"transient_peak_bytes":2279424,"wait":{"nanos":7855333,"secs":0}},{"allocated_bytes":4,"allocation_time":{"nanos":2875,"secs":0},"allocations":1,"arena_capacity":60293120,"arena_high_water":60293120,"command_buffers":1,"completion_waits":1,"dispatches":531,"encode":{"nanos":178215,"secs":0},"gpu":{"nanos":7499500,"secs":0},"reused_bytes":2279424,"transient_live_bytes":524288,"transient_peak_bytes":2279424,"wait":{"nanos":7735667,"secs":0}},{"allocated_bytes":4,"allocation_time":{"nanos":5375,"secs":0},"allocations":1,"arena_capacity":60293120,"arena_high_water":60293120,"command_buffers":1,"completion_waits":1,"dispatches":531,"encode":{"nanos":179383,"secs":0},"gpu":{"nanos":7298250,"secs":0},"reused_bytes":2279424,"transient_live_bytes":524288,"transient_peak_bytes":2279424,"wait":{"nanos":7519708,"secs":0}},{"allocated_bytes":4,"allocation_time":{"nanos":3542,"secs":0},"allocations":1,"arena_capacity":60293120,"arena_high_water":60293120,"command_buffers":1,"completion_waits":1,"dispatches":531,"encode":{"nanos":175380,"secs":0},"gpu":{"nanos":7423083,"secs":0},"reused_bytes":2279424,"transient_live_bytes":524288,"transient_peak_bytes":2279424,"wait":{"nanos":7679542,"secs":0}},{"allocated_bytes":4,"allocation_time":{"nanos":3167,"secs":0},"allocations":1,"arena_capacity":60293120,"arena_high_water":60293120,"command_buffers":1,"completion_waits":1,"dispatches":531,"encode":{"nanos":177453,"secs":0},"gpu":{"nanos":7443458,"secs":0},"reused_bytes":2279424,"transient_live_bytes":524288,"transient_peak_bytes":2279424,"wait":{"nanos":7715791,"secs":0}},{"allocated_bytes":4,"allocation_time":{"nanos":3166,"secs":0},"allocations":1,"arena_capacity":60293120,"arena_high_water":60293120,"command_buffers":1,"completion_waits":1,"dispatches":531,"encode":{"nanos":177502,"secs":0},"gpu":{"nanos":7557375,"secs":0},"reused_bytes":2279424,"transient_live_bytes":524288,"transient_peak_bytes":2279424,"wait":{"nanos":7805000,"secs":0}}],"decode_median_ms":8.117166000000001,"decode_ms":[7.990499999999999,8.042875,8.302083,8.244875,8.443958,8.097999999999999,7.947584000000001,7.974958000000001,8.117166000000001,8.296666,8.156417,7.922999999999999,8.111875,8.146749999999999,8.239708],"decode_profiles":[{},{},{},{},{},{},{},{},{},{},{},{},{},{},{}],"decode_tps":123.19570648179425,"first_token_ms":85.837792,"generated_ids":[0,2585,646,358,7789,498,3351,30,151645,198,151644,872,198,9707,0,2585],"generated_tokens":16,"generation_ms":211.594708,"generation_tps":75.61625785083434,"gguf_mpp_min_rows":16,"kv_active_bytes":368640,"kv_reserved_bytes":3145728,"model_format":"GGUF","model_repository":"Qwen/Qwen2.5-0.5B-Instruct-GGUF","model_revision":"9217f5db79a29953eb74d5343926648285ec7e67","moe_expert_tensorops":true,"moe_expert_tensorops_min_routes_per_expert":8,"moe_expert_tensorops_tile_k64":true,"packed_quantized_bytes":485166080,"pair":4,"pair_order":"ferrum-candidate>llama.cpp>ferrum-control","parameter_count":630167424,"prefill_counters":{"allocated_bytes":3145788,"allocation_time":{"nanos":357669,"secs":0},"allocations":49,"arena_capacity":60293120,"arena_high_water":60293120,"command_buffers":1,"completion_waits":1,"dispatches":531,"encode":{"nanos":213501,"secs":0},"gpu":{"nanos":84317625,"secs":0},"reused_bytes":28213248,"transient_live_bytes":0,"transient_peak_bytes":28213248,"wait":{"nanos":84752083,"secs":0}},"prefill_ms":85.537792,"prefill_profile":{},"prefill_tps":175.36108484072162,"prompt_ids":[151644,8948,198,2610,525,264,10950,17847,13,151645,198,151644,872,198,9707],"prompt_tokens":15,"q4_k_mpp_tile_k64":true,"q5_0_gemv_n4":false,"q5_1_mpp_tile_k64":true,"q8_0_mpp_tile_k64":true,"retained_weight_bytes":485309184,"runtime":"ferrum","sampling_ms":3.840045,"source_tensor_bytes":485452288,"tensor_count":291,"warmup":false,"process_rss_bytes":806256640,"ferrum_variant":"control","source_matrix_case_model":"qwen2.5-phase7a-small-batch-shape-probe-q4_k_m","engine_order":["ferrum-candidate","llama.cpp","ferrum-control"],"case_index":4,"engine_load_plus_first_warmup_ms":877.0456250058487}
{"case":"m16","command_buffer_count":null,"decode_aggregate_tps":236.38938475502164,"decode_median_ms":4.122416,"decode_ms":[4.833792,4.093417,4.338917,4.035584,4.014459,4.423791,4.122416,4.34025,4.067833,4.360833,4.0385,4.00475,4.297542,4.061667,4.420875],"decode_tps":242.57619803532683,"dispatch_count":null,"first_token_ms":15.490334,"generated_ids":[2585,646,358,7789,498,3351,30,151645,198,151644,872,198,9707,0,2585,646],"generated_tokens":16,"generation_ms":82.663417,"generation_tps":193.55599587662823,"kv_context_capacity_tokens":4096,"kv_type":"bf16","llama_commit":"84e76d8a23162eca70490da131945ebec1f09bf4","llama_version":"0.5.0-dev","model_format":"GGUF","pair":0,"pair_order":"llama.cpp>ferrum-control>ferrum-candidate","prefill_ms":15.20425,"prefill_tps":1052.337339888518,"process_max_rss_bytes":662716416,"prompt_ids":[151644,8948,198,2610,525,264,10950,17847,13,151645,198,151644,872,198,9707,0],"prompt_tokens":16,"runtime":"llama.cpp","sampling_ms":4.002877000000001,"warmup":false,"process_rss_bytes":662437888,"source_matrix_case_model":"qwen2.5-phase7a-small-batch-shape-probe-q4_k_m","engine_order":["llama.cpp","ferrum-control","ferrum-candidate"],"case_index":5,"engine_load_plus_first_warmup_ms":978.256624948699}
{"case":"m16","decode_aggregate_tps":121.14400059454245,"decode_counters":[{"allocated_bytes":4,"allocation_time":{"nanos":4042,"secs":0},"allocations":1,"arena_capacity":60293120,"arena_high_water":60293120,"command_buffers":1,"completion_waits":1,"dispatches":531,"encode":{"nanos":192286,"secs":0},"gpu":{"nanos":7584667,"secs":0},"reused_bytes":2254848,"transient_live_bytes":524288,"transient_peak_bytes":2254848,"wait":{"nanos":7828292,"secs":0}},{"allocated_bytes":4,"allocation_time":{"nanos":3083,"secs":0},"allocations":1,"arena_capacity":60293120,"arena_high_water":60293120,"command_buffers":1,"completion_waits":1,"dispatches":531,"encode":{"nanos":175636,"secs":0},"gpu":{"nanos":7530875,"secs":0},"reused_bytes":2254848,"transient_live_bytes":524288,"transient_peak_bytes":2254848,"wait":{"nanos":7787875,"secs":0}},{"allocated_bytes":4,"allocation_time":{"nanos":4333,"secs":0},"allocations":1,"arena_capacity":60293120,"arena_high_water":60293120,"command_buffers":1,"completion_waits":1,"dispatches":531,"encode":{"nanos":182500,"secs":0},"gpu":{"nanos":7253625,"secs":0},"reused_bytes":2279424,"transient_live_bytes":524288,"transient_peak_bytes":2279424,"wait":{"nanos":7569417,"secs":0}},{"allocated_bytes":4,"allocation_time":{"nanos":2833,"secs":0},"allocations":1,"arena_capacity":60293120,"arena_high_water":60293120,"command_buffers":1,"completion_waits":1,"dispatches":531,"encode":{"nanos":185592,"secs":0},"gpu":{"nanos":7277875,"secs":0},"reused_bytes":2279424,"transient_live_bytes":524288,"transient_peak_bytes":2279424,"wait":{"nanos":7596709,"secs":0}},{"allocated_bytes":4,"allocation_time":{"nanos":3209,"secs":0},"allocations":1,"arena_capacity":60293120,"arena_high_water":60293120,"command_buffers":1,"completion_waits":1,"dispatches":531,"encode":{"nanos":178119,"secs":0},"gpu":{"nanos":7545917,"secs":0},"reused_bytes":2279424,"transient_live_bytes":524288,"transient_peak_bytes":2279424,"wait":{"nanos":7860417,"secs":0}},{"allocated_bytes":4,"allocation_time":{"nanos":2292,"secs":0},"allocations":1,"arena_capacity":60293120,"arena_high_water":60293120,"command_buffers":1,"completion_waits":1,"dispatches":531,"encode":{"nanos":177494,"secs":0},"gpu":{"nanos":7652167,"secs":0},"reused_bytes":2279424,"transient_live_bytes":524288,"transient_peak_bytes":2279424,"wait":{"nanos":7969333,"secs":0}},{"allocated_bytes":4,"allocation_time":{"nanos":2625,"secs":0},"allocations":1,"arena_capacity":60293120,"arena_high_water":60293120,"command_buffers":1,"completion_waits":1,"dispatches":531,"encode":{"nanos":173819,"secs":0},"gpu":{"nanos":7604875,"secs":0},"reused_bytes":2279424,"transient_live_bytes":524288,"transient_peak_bytes":2279424,"wait":{"nanos":7863166,"secs":0}},{"allocated_bytes":4,"allocation_time":{"nanos":3417,"secs":0},"allocations":1,"arena_capacity":60293120,"arena_high_water":60293120,"command_buffers":1,"completion_waits":1,"dispatches":531,"encode":{"nanos":212534,"secs":0},"gpu":{"nanos":7603792,"secs":0},"reused_bytes":2279424,"transient_live_bytes":524288,"transient_peak_bytes":2279424,"wait":{"nanos":7832000,"secs":0}},{"allocated_bytes":4,"allocation_time":{"nanos":4333,"secs":0},"allocations":1,"arena_capacity":60293120,"arena_high_water":60293120,"command_buffers":1,"completion_waits":1,"dispatches":531,"encode":{"nanos":177542,"secs":0},"gpu":{"nanos":7632167,"secs":0},"reused_bytes":2279424,"transient_live_bytes":524288,"transient_peak_bytes":2279424,"wait":{"nanos":7888542,"secs":0}},{"allocated_bytes":4,"allocation_time":{"nanos":3708,"secs":0},"allocations":1,"arena_capacity":60293120,"arena_high_water":60293120,"command_buffers":1,"completion_waits":1,"dispatches":531,"encode":{"nanos":177909,"secs":0},"gpu":{"nanos":7306750,"secs":0},"reused_bytes":2279424,"transient_live_bytes":524288,"transient_peak_bytes":2279424,"wait":{"nanos":7559000,"secs":0}},{"allocated_bytes":4,"allocation_time":{"nanos":3458,"secs":0},"allocations":1,"arena_capacity":60293120,"arena_high_water":60293120,"command_buffers":1,"completion_waits":1,"dispatches":531,"encode":{"nanos":179759,"secs":0},"gpu":{"nanos":7576500,"secs":0},"reused_bytes":2279424,"transient_live_bytes":524288,"transient_peak_bytes":2279424,"wait":{"nanos":7828250,"secs":0}},{"allocated_bytes":4,"allocation_time":{"nanos":3458,"secs":0},"allocations":1,"arena_capacity":60293120,"arena_high_water":60293120,"command_buffers":1,"completion_waits":1,"dispatches":531,"encode":{"nanos":179334,"secs":0},"gpu":{"nanos":7634500,"secs":0},"reused_bytes":2279424,"transient_live_bytes":524288,"transient_peak_bytes":2279424,"wait":{"nanos":7882250,"secs":0}},{"allocated_bytes":4,"allocation_time":{"nanos":2583,"secs":0},"allocations":1,"arena_capacity":60293120,"arena_high_water":60293120,"command_buffers":1,"completion_waits":1,"dispatches":531,"encode":{"nanos":178997,"secs":0},"gpu":{"nanos":7748125,"secs":0},"reused_bytes":2279424,"transient_live_bytes":524288,"transient_peak_bytes":2279424,"wait":{"nanos":8044834,"secs":0}},{"allocated_bytes":4,"allocation_time":{"nanos":2708,"secs":0},"allocations":1,"arena_capacity":60293120,"arena_high_water":60293120,"command_buffers":1,"completion_waits":1,"dispatches":531,"encode":{"nanos":174725,"secs":0},"gpu":{"nanos":7746333,"secs":0},"reused_bytes":2279424,"transient_live_bytes":524288,"transient_peak_bytes":2279424,"wait":{"nanos":7999084,"secs":0}},{"allocated_bytes":4,"allocation_time":{"nanos":2792,"secs":0},"allocations":1,"arena_capacity":60293120,"arena_high_water":60293120,"command_buffers":1,"completion_waits":1,"dispatches":531,"encode":{"nanos":198247,"secs":0},"gpu":{"nanos":7400167,"secs":0},"reused_bytes":2279424,"transient_live_bytes":524288,"transient_peak_bytes":2279424,"wait":{"nanos":7685083,"secs":0}}],"decode_median_ms":8.290125,"decode_ms":[8.281792,8.2255,8.017375,8.002749999999999,8.297834,8.400875000000001,8.290125,8.369209000000001,8.310417000000001,7.995749999999999,8.267167,8.313374999999999,8.479667,8.4215,8.14625],"decode_profiles":[{},{},{},{},{},{},{},{},{},{},{},{},{},{},{}],"decode_tps":120.62544292154823,"first_token_ms":28.575416,"generated_ids":[2585,646,358,7789,498,3351,30,151645,198,151644,872,198,9707,0,2585,646],"generated_tokens":16,"generation_ms":156.020833,"generation_tps":102.55040748308272,"gguf_mpp_min_rows":16,"kv_active_bytes":380928,"kv_reserved_bytes":3145728,"model_format":"GGUF","model_repository":"Qwen/Qwen2.5-0.5B-Instruct-GGUF","model_revision":"9217f5db79a29953eb74d5343926648285ec7e67","moe_expert_tensorops":true,"moe_expert_tensorops_min_routes_per_expert":8,"moe_expert_tensorops_tile_k64":true,"packed_quantized_bytes":485166080,"pair":0,"pair_order":"llama.cpp>ferrum-control>ferrum-candidate","parameter_count":630167424,"prefill_counters":{"allocated_bytes":3145792,"allocation_time":{"nanos":405502,"secs":0},"allocations":49,"arena_capacity":60293120,"arena_high_water":60293120,"command_buffers":1,"completion_waits":1,"dispatches":531,"encode":{"nanos":214247,"secs":0},"gpu":{"nanos":27058625,"secs":0},"reused_bytes":28213248,"transient_live_bytes":0,"transient_peak_bytes":28213248,"wait":{"nanos":27468875,"secs":0}},"prefill_ms":28.276125,"prefill_profile":{},"prefill_tps":565.8483968365538,"prompt_ids":[151644,8948,198,2610,525,264,10950,17847,13,151645,198,151644,872,198,9707,0],"prompt_tokens":16,"q4_k_mpp_tile_k64":true,"q5_0_gemv_n4":false,"q5_1_mpp_tile_k64":true,"q8_0_mpp_tile_k64":true,"retained_weight_bytes":485309184,"runtime":"ferrum","sampling_ms":3.7500799999999996,"source_tensor_bytes":485452288,"tensor_count":291,"warmup":false,"process_rss_bytes":806256640,"ferrum_variant":"control","source_matrix_case_model":"qwen2.5-phase7a-small-batch-shape-probe-q4_k_m","engine_order":["llama.cpp","ferrum-control","ferrum-candidate"],"case_index":5,"engine_load_plus_first_warmup_ms":877.0456250058487}
{"case":"m16","decode_aggregate_tps":122.05947038477173,"decode_counters":[{"allocated_bytes":4,"allocation_time":{"nanos":4667,"secs":0},"allocations":1,"arena_capacity":60293120,"arena_high_water":60293120,"command_buffers":1,"completion_waits":1,"dispatches":531,"encode":{"nanos":204029,"secs":0},"gpu":{"nanos":7603500,"secs":0},"reused_bytes":2254848,"transient_live_bytes":524288,"transient_peak_bytes":2254848,"wait":{"nanos":7783292,"secs":0}},{"allocated_bytes":4,"allocation_time":{"nanos":3459,"secs":0},"allocations":1,"arena_capacity":60293120,"arena_high_water":60293120,"command_buffers":1,"completion_waits":1,"dispatches":531,"encode":{"nanos":185800,"secs":0},"gpu":{"nanos":7262625,"secs":0},"reused_bytes":2254848,"transient_live_bytes":524288,"transient_peak_bytes":2254848,"wait":{"nanos":7583917,"secs":0}},{"allocated_bytes":4,"allocation_time":{"nanos":4000,"secs":0},"allocations":1,"arena_capacity":60293120,"arena_high_water":60293120,"command_buffers":1,"completion_waits":1,"dispatches":531,"encode":{"nanos":183402,"secs":0},"gpu":{"nanos":7257375,"secs":0},"reused_bytes":2279424,"transient_live_bytes":524288,"transient_peak_bytes":2279424,"wait":{"nanos":7468708,"secs":0}},{"allocated_bytes":4,"allocation_time":{"nanos":3333,"secs":0},"allocations":1,"arena_capacity":60293120,"arena_high_water":60293120,"command_buffers":1,"completion_waits":1,"dispatches":531,"encode":{"nanos":176828,"secs":0},"gpu":{"nanos":7525000,"secs":0},"reused_bytes":2279424,"transient_live_bytes":524288,"transient_peak_bytes":2279424,"wait":{"nanos":7780125,"secs":0}},{"allocated_bytes":4,"allocation_time":{"nanos":3000,"secs":0},"allocations":1,"arena_capacity":60293120,"arena_high_water":60293120,"command_buffers":1,"completion_waits":1,"dispatches":531,"encode":{"nanos":175883,"secs":0},"gpu":{"nanos":7555000,"secs":0},"reused_bytes":2279424,"transient_live_bytes":524288,"transient_peak_bytes":2279424,"wait":{"nanos":7875875,"secs":0}},{"allocated_bytes":4,"allocation_time":{"nanos":3125,"secs":0},"allocations":1,"arena_capacity":60293120,"arena_high_water":60293120,"command_buffers":1,"completion_waits":1,"dispatches":531,"encode":{"nanos":183958,"secs":0},"gpu":{"nanos":7574667,"secs":0},"reused_bytes":2279424,"transient_live_bytes":524288,"transient_peak_bytes":2279424,"wait":{"nanos":7820083,"secs":0}},{"allocated_bytes":4,"allocation_time":{"nanos":5042,"secs":0},"allocations":1,"arena_capacity":60293120,"arena_high_water":60293120,"command_buffers":1,"completion_waits":1,"dispatches":531,"encode":{"nanos":196296,"secs":0},"gpu":{"nanos":7597458,"secs":0},"reused_bytes":2279424,"transient_live_bytes":524288,"transient_peak_bytes":2279424,"wait":{"nanos":7826541,"secs":0}},{"allocated_bytes":4,"allocation_time":{"nanos":3167,"secs":0},"allocations":1,"arena_capacity":60293120,"arena_high_water":60293120,"command_buffers":1,"completion_waits":1,"dispatches":531,"encode":{"nanos":176719,"secs":0},"gpu":{"nanos":7356875,"secs":0},"reused_bytes":2279424,"transient_live_bytes":524288,"transient_peak_bytes":2279424,"wait":{"nanos":7614792,"secs":0}},{"allocated_bytes":4,"allocation_time":{"nanos":4208,"secs":0},"allocations":1,"arena_capacity":60293120,"arena_high_water":60293120,"command_buffers":1,"completion_waits":1,"dispatches":531,"encode":{"nanos":184681,"secs":0},"gpu":{"nanos":7349833,"secs":0},"reused_bytes":2279424,"transient_live_bytes":524288,"transient_peak_bytes":2279424,"wait":{"nanos":7607709,"secs":0}},{"allocated_bytes":4,"allocation_time":{"nanos":3834,"secs":0},"allocations":1,"arena_capacity":60293120,"arena_high_water":60293120,"command_buffers":1,"completion_waits":1,"dispatches":531,"encode":{"nanos":174286,"secs":0},"gpu":{"nanos":7575792,"secs":0},"reused_bytes":2279424,"transient_live_bytes":524288,"transient_peak_bytes":2279424,"wait":{"nanos":7814917,"secs":0}},{"allocated_bytes":4,"allocation_time":{"nanos":2708,"secs":0},"allocations":1,"arena_capacity":60293120,"arena_high_water":60293120,"command_buffers":1,"completion_waits":1,"dispatches":531,"encode":{"nanos":175790,"secs":0},"gpu":{"nanos":7591125,"secs":0},"reused_bytes":2279424,"transient_live_bytes":524288,"transient_peak_bytes":2279424,"wait":{"nanos":7815875,"secs":0}},{"allocated_bytes":4,"allocation_time":{"nanos":2542,"secs":0},"allocations":1,"arena_capacity":60293120,"arena_high_water":60293120,"command_buffers":1,"completion_waits":1,"dispatches":531,"encode":{"nanos":184872,"secs":0},"gpu":{"nanos":7647250,"secs":0},"reused_bytes":2279424,"transient_live_bytes":524288,"transient_peak_bytes":2279424,"wait":{"nanos":7901334,"secs":0}},{"allocated_bytes":4,"allocation_time":{"nanos":2958,"secs":0},"allocations":1,"arena_capacity":60293120,"arena_high_water":60293120,"command_buffers":1,"completion_waits":1,"dispatches":531,"encode":{"nanos":176124,"secs":0},"gpu":{"nanos":7757750,"secs":0},"reused_bytes":2279424,"transient_live_bytes":524288,"transient_peak_bytes":2279424,"wait":{"nanos":8043125,"secs":0}},{"allocated_bytes":4,"allocation_time":{"nanos":2583,"secs":0},"allocations":1,"arena_capacity":60293120,"arena_high_water":60293120,"command_buffers":1,"completion_waits":1,"dispatches":531,"encode":{"nanos":181773,"secs":0},"gpu":{"nanos":7757125,"secs":0},"reused_bytes":2279424,"transient_live_bytes":524288,"transient_peak_bytes":2279424,"wait":{"nanos":7997208,"secs":0}},{"allocated_bytes":4,"allocation_time":{"nanos":3375,"secs":0},"allocations":1,"arena_capacity":60293120,"arena_high_water":60293120,"command_buffers":1,"completion_waits":1,"dispatches":531,"encode":{"nanos":174827,"secs":0},"gpu":{"nanos":7152708,"secs":0},"reused_bytes":2279424,"transient_live_bytes":524288,"transient_peak_bytes":2279424,"wait":{"nanos":7447708,"secs":0}}],"decode_median_ms":8.247792,"decode_ms":[8.251750000000001,8.028667,7.904540999999999,8.209792,8.2885,8.263583,8.29125,8.034417,8.048833,8.246,8.247792,8.325208,8.477165999999999,8.396916000000001,7.8765],"decode_profiles":[{},{},{},{},{},{},{},{},{},{},{},{},{},{},{}],"decode_tps":121.24457066812548,"first_token_ms":28.14475,"generated_ids":[2585,646,358,7789,498,3351,30,151645,198,151644,872,198,9707,0,2585,646],"generated_tokens":16,"generation_ms":154.667125,"generation_tps":103.44796930828062,"gguf_mpp_min_rows":8,"kv_active_bytes":380928,"kv_reserved_bytes":3145728,"model_format":"GGUF","model_repository":"Qwen/Qwen2.5-0.5B-Instruct-GGUF","model_revision":"9217f5db79a29953eb74d5343926648285ec7e67","moe_expert_tensorops":true,"moe_expert_tensorops_min_routes_per_expert":8,"moe_expert_tensorops_tile_k64":true,"packed_quantized_bytes":485166080,"pair":0,"pair_order":"llama.cpp>ferrum-control>ferrum-candidate","parameter_count":630167424,"prefill_counters":{"allocated_bytes":3145792,"allocation_time":{"nanos":341746,"secs":0},"allocations":49,"arena_capacity":60293120,"arena_high_water":60293120,"command_buffers":1,"completion_waits":1,"dispatches":531,"encode":{"nanos":205212,"secs":0},"gpu":{"nanos":26784250,"secs":0},"reused_bytes":28213248,"transient_live_bytes":0,"transient_peak_bytes":28213248,"wait":{"nanos":27092667,"secs":0}},"prefill_ms":27.845042,"prefill_profile":{},"prefill_tps":574.6085784320239,"prompt_ids":[151644,8948,198,2610,525,264,10950,17847,13,151645,198,151644,872,198,9707,0],"prompt_tokens":16,"q4_k_mpp_tile_k64":true,"q5_0_gemv_n4":false,"q5_1_mpp_tile_k64":true,"q8_0_mpp_tile_k64":true,"retained_weight_bytes":485309184,"runtime":"ferrum","sampling_ms":3.736791,"source_tensor_bytes":485452288,"tensor_count":291,"warmup":false,"process_rss_bytes":806256640,"ferrum_variant":"candidate","source_matrix_case_model":"qwen2.5-phase7a-small-batch-shape-probe-q4_k_m","engine_order":["llama.cpp","ferrum-control","ferrum-candidate"],"case_index":5,"engine_load_plus_first_warmup_ms":877.0456250058487}
{"case":"m16","decode_aggregate_tps":121.4739247595855,"decode_counters":[{"allocated_bytes":4,"allocation_time":{"nanos":5083,"secs":0},"allocations":1,"arena_capacity":60293120,"arena_high_water":60293120,"command_buffers":1,"completion_waits":1,"dispatches":531,"encode":{"nanos":198388,"secs":0},"gpu":{"nanos":7310875,"secs":0},"reused_bytes":2254848,"transient_live_bytes":524288,"transient_peak_bytes":2254848,"wait":{"nanos":7554791,"secs":0}},{"allocated_bytes":4,"allocation_time":{"nanos":4792,"secs":0},"allocations":1,"arena_capacity":60293120,"arena_high_water":60293120,"command_buffers":1,"completion_waits":1,"dispatches":531,"encode":{"nanos":187334,"secs":0},"gpu":{"nanos":7248750,"secs":0},"reused_bytes":2254848,"transient_live_bytes":524288,"transient_peak_bytes":2254848,"wait":{"nanos":7500792,"secs":0}},{"allocated_bytes":4,"allocation_time":{"nanos":3375,"secs":0},"allocations":1,"arena_capacity":60293120,"arena_high_water":60293120,"command_buffers":1,"completion_waits":1,"dispatches":531,"encode":{"nanos":178994,"secs":0},"gpu":{"nanos":7520583,"secs":0},"reused_bytes":2279424,"transient_live_bytes":524288,"transient_peak_bytes":2279424,"wait":{"nanos":7772250,"secs":0}},{"allocated_bytes":4,"allocation_time":{"nanos":3000,"secs":0},"allocations":1,"arena_capacity":60293120,"arena_high_water":60293120,"command_buffers":1,"completion_waits":1,"dispatches":531,"encode":{"nanos":196288,"secs":0},"gpu":{"nanos":7551333,"secs":0},"reused_bytes":2279424,"transient_live_bytes":524288,"transient_peak_bytes":2279424,"wait":{"nanos":7803791,"secs":0}},{"allocated_bytes":4,"allocation_time":{"nanos":3834,"secs":0},"allocations":1,"arena_capacity":60293120,"arena_high_water":60293120,"command_buffers":1,"completion_waits":1,"dispatches":531,"encode":{"nanos":176078,"secs":0},"gpu":{"nanos":7536292,"secs":0},"reused_bytes":2279424,"transient_live_bytes":524288,"transient_peak_bytes":2279424,"wait":{"nanos":7780625,"secs":0}},{"allocated_bytes":4,"allocation_time":{"nanos":3333,"secs":0},"allocations":1,"arena_capacity":60293120,"arena_high_water":60293120,"command_buffers":1,"completion_waits":1,"dispatches":531,"encode":{"nanos":218838,"secs":0},"gpu":{"nanos":7611125,"secs":0},"reused_bytes":2279424,"transient_live_bytes":524288,"transient_peak_bytes":2279424,"wait":{"nanos":7825500,"secs":0}},{"allocated_bytes":4,"allocation_time":{"nanos":3166,"secs":0},"allocations":1,"arena_capacity":60293120,"arena_high_water":60293120,"command_buffers":1,"completion_waits":1,"dispatches":531,"encode":{"nanos":205212,"secs":0},"gpu":{"nanos":7332000,"secs":0},"reused_bytes":2279424,"transient_live_bytes":524288,"transient_peak_bytes":2279424,"wait":{"nanos":7592417,"secs":0}},{"allocated_bytes":4,"allocation_time":{"nanos":3625,"secs":0},"allocations":1,"arena_capacity":60293120,"arena_high_water":60293120,"command_buffers":1,"completion_waits":1,"dispatches":531,"encode":{"nanos":212767,"secs":0},"gpu":{"nanos":7347125,"secs":0},"reused_bytes":2279424,"transient_live_bytes":524288,"transient_peak_bytes":2279424,"wait":{"nanos":7581458,"secs":0}},{"allocated_bytes":4,"allocation_time":{"nanos":3292,"secs":0},"allocations":1,"arena_capacity":60293120,"arena_high_water":60293120,"command_buffers":1,"completion_waits":1,"dispatches":531,"encode":{"nanos":201990,"secs":0},"gpu":{"nanos":7616375,"secs":0},"reused_bytes":2279424,"transient_live_bytes":524288,"transient_peak_bytes":2279424,"wait":{"nanos":7870583,"secs":0}},{"allocated_bytes":4,"allocation_time":{"nanos":2958,"secs":0},"allocations":1,"arena_capacity":60293120,"arena_high_water":60293120,"command_buffers":1,"completion_waits":1,"dispatches":531,"encode":{"nanos":172948,"secs":0},"gpu":{"nanos":7528208,"secs":0},"reused_bytes":2279424,"transient_live_bytes":524288,"transient_peak_bytes":2279424,"wait":{"nanos":7824125,"secs":0}},{"allocated_bytes":4,"allocation_time":{"nanos":3625,"secs":0},"allocations":1,"arena_capacity":60293120,"arena_high_water":60293120,"command_buffers":1,"completion_waits":1,"dispatches":531,"encode":{"nanos":178464,"secs":0},"gpu":{"nanos":7603542,"secs":0},"reused_bytes":2279424,"transient_live_bytes":524288,"transient_peak_bytes":2279424,"wait":{"nanos":7849084,"secs":0}},{"allocated_bytes":4,"allocation_time":{"nanos":3583,"secs":0},"allocations":1,"arena_capacity":60293120,"arena_high_water":60293120,"command_buffers":1,"completion_waits":1,"dispatches":531,"encode":{"nanos":184605,"secs":0},"gpu":{"nanos":7655750,"secs":0},"reused_bytes":2279424,"transient_live_bytes":524288,"transient_peak_bytes":2279424,"wait":{"nanos":7897000,"secs":0}},{"allocated_bytes":4,"allocation_time":{"nanos":3917,"secs":0},"allocations":1,"arena_capacity":60293120,"arena_high_water":60293120,"command_buffers":1,"completion_waits":1,"dispatches":531,"encode":{"nanos":207244,"secs":0},"gpu":{"nanos":7971125,"secs":0},"reused_bytes":2279424,"transient_live_bytes":524288,"transient_peak_bytes":2279424,"wait":{"nanos":8223208,"secs":0}},{"allocated_bytes":4,"allocation_time":{"nanos":3750,"secs":0},"allocations":1,"arena_capacity":60293120,"arena_high_water":60293120,"command_buffers":1,"completion_waits":1,"dispatches":531,"encode":{"nanos":211800,"secs":0},"gpu":{"nanos":7716583,"secs":0},"reused_bytes":2279424,"transient_live_bytes":524288,"transient_peak_bytes":2279424,"wait":{"nanos":7988500,"secs":0}},{"allocated_bytes":4,"allocation_time":{"nanos":5333,"secs":0},"allocations":1,"arena_capacity":60293120,"arena_high_water":60293120,"command_buffers":1,"completion_waits":1,"dispatches":531,"encode":{"nanos":187952,"secs":0},"gpu":{"nanos":7387875,"secs":0},"reused_bytes":2279424,"transient_live_bytes":524288,"transient_peak_bytes":2279424,"wait":{"nanos":7627500,"secs":0}}],"decode_median_ms":8.255500000000001,"decode_ms":[8.024708,7.9557080000000004,8.204583,8.264875,8.204875000000001,8.290458000000001,8.059958,8.052792,8.329709,8.26375,8.255500000000001,8.339875,8.694291999999999,8.471291,8.070917],"decode_profiles":[{},{},{},{},{},{},{},{},{},{},{},{},{},{},{}],"decode_tps":121.13136696747621,"first_token_ms":28.688458999999998,"generated_ids":[2585,646,358,7789,498,3351,30,151645,198,151644,872,198,9707,0,2585,646],"generated_tokens":16,"generation_ms":155.81604199999998,"generation_tps":102.68519078414276,"gguf_mpp_min_rows":8,"kv_active_bytes":380928,"kv_reserved_bytes":3145728,"model_format":"GGUF","model_repository":"Qwen/Qwen2.5-0.5B-Instruct-GGUF","model_revision":"9217f5db79a29953eb74d5343926648285ec7e67","moe_expert_tensorops":true,"moe_expert_tensorops_min_routes_per_expert":8,"moe_expert_tensorops_tile_k64":true,"packed_quantized_bytes":485166080,"pair":1,"pair_order":"ferrum-candidate>ferrum-control>llama.cpp","parameter_count":630167424,"prefill_counters":{"allocated_bytes":3145792,"allocation_time":{"nanos":408750,"secs":0},"allocations":49,"arena_capacity":60293120,"arena_high_water":60293120,"command_buffers":1,"completion_waits":1,"dispatches":531,"encode":{"nanos":233664,"secs":0},"gpu":{"nanos":26962375,"secs":0},"reused_bytes":28213248,"transient_live_bytes":0,"transient_peak_bytes":28213248,"wait":{"nanos":27525667,"secs":0}},"prefill_ms":28.381834,"prefill_profile":{},"prefill_tps":563.7408773513367,"prompt_ids":[151644,8948,198,2610,525,264,10950,17847,13,151645,198,151644,872,198,9707,0],"prompt_tokens":16,"q4_k_mpp_tile_k64":true,"q5_0_gemv_n4":false,"q5_1_mpp_tile_k64":true,"q8_0_mpp_tile_k64":true,"retained_weight_bytes":485309184,"runtime":"ferrum","sampling_ms":3.77,"source_tensor_bytes":485452288,"tensor_count":291,"warmup":false,"process_rss_bytes":805208064,"ferrum_variant":"candidate","source_matrix_case_model":"qwen2.5-phase7a-small-batch-shape-probe-q4_k_m","engine_order":["ferrum-candidate","ferrum-control","llama.cpp"],"case_index":5,"engine_load_plus_first_warmup_ms":877.0456250058487}
{"case":"m16","decode_aggregate_tps":120.72811221056682,"decode_counters":[{"allocated_bytes":4,"allocation_time":{"nanos":5916,"secs":0},"allocations":1,"arena_capacity":60293120,"arena_high_water":60293120,"command_buffers":1,"completion_waits":1,"dispatches":531,"encode":{"nanos":201484,"secs":0},"gpu":{"nanos":7500000,"secs":0},"reused_bytes":2254848,"transient_live_bytes":524288,"transient_peak_bytes":2254848,"wait":{"nanos":7716292,"secs":0}},{"allocated_bytes":4,"allocation_time":{"nanos":4084,"secs":0},"allocations":1,"arena_capacity":60293120,"arena_high_water":60293120,"command_buffers":1,"completion_waits":1,"dispatches":531,"encode":{"nanos":180253,"secs":0},"gpu":{"nanos":7641292,"secs":0},"reused_bytes":2254848,"transient_live_bytes":524288,"transient_peak_bytes":2254848,"wait":{"nanos":7890083,"secs":0}},{"allocated_bytes":4,"allocation_time":{"nanos":4250,"secs":0},"allocations":1,"arena_capacity":60293120,"arena_high_water":60293120,"command_buffers":1,"completion_waits":1,"dispatches":531,"encode":{"nanos":180371,"secs":0},"gpu":{"nanos":7584375,"secs":0},"reused_bytes":2279424,"transient_live_bytes":524288,"transient_peak_bytes":2279424,"wait":{"nanos":7841333,"secs":0}},{"allocated_bytes":4,"allocation_time":{"nanos":4125,"secs":0},"allocations":1,"arena_capacity":60293120,"arena_high_water":60293120,"command_buffers":1,"completion_waits":1,"dispatches":531,"encode":{"nanos":182047,"secs":0},"gpu":{"nanos":7539500,"secs":0},"reused_bytes":2279424,"transient_live_bytes":524288,"transient_peak_bytes":2279424,"wait":{"nanos":7817166,"secs":0}},{"allocated_bytes":4,"allocation_time":{"nanos":3500,"secs":0},"allocations":1,"arena_capacity":60293120,"arena_high_water":60293120,"command_buffers":1,"completion_waits":1,"dispatches":531,"encode":{"nanos":178798,"secs":0},"gpu":{"nanos":7555375,"secs":0},"reused_bytes":2279424,"transient_live_bytes":524288,"transient_peak_bytes":2279424,"wait":{"nanos":7803958,"secs":0}},{"allocated_bytes":4,"allocation_time":{"nanos":3625,"secs":0},"allocations":1,"arena_capacity":60293120,"arena_high_water":60293120,"command_buffers":1,"completion_waits":1,"dispatches":531,"encode":{"nanos":188033,"secs":0},"gpu":{"nanos":7707000,"secs":0},"reused_bytes":2279424,"transient_live_bytes":524288,"transient_peak_bytes":2279424,"wait":{"nanos":7968084,"secs":0}},{"allocated_bytes":4,"allocation_time":{"nanos":3375,"secs":0},"allocations":1,"arena_capacity":60293120,"arena_high_water":60293120,"command_buffers":1,"completion_waits":1,"dispatches":531,"encode":{"nanos":186964,"secs":0},"gpu":{"nanos":7469417,"secs":0},"reused_bytes":2279424,"transient_live_bytes":524288,"transient_peak_bytes":2279424,"wait":{"nanos":7787292,"secs":0}},{"allocated_bytes":4,"allocation_time":{"nanos":3333,"secs":0},"allocations":1,"arena_capacity":60293120,"arena_high_water":60293120,"command_buffers":1,"completion_waits":1,"dispatches":531,"encode":{"nanos":192416,"secs":0},"gpu":{"nanos":7480917,"secs":0},"reused_bytes":2279424,"transient_live_bytes":524288,"transient_peak_bytes":2279424,"wait":{"nanos":7813542,"secs":0}},{"allocated_bytes":4,"allocation_time":{"nanos":3625,"secs":0},"allocations":1,"arena_capacity":60293120,"arena_high_water":60293120,"command_buffers":1,"completion_waits":1,"dispatches":531,"encode":{"nanos":183017,"secs":0},"gpu":{"nanos":7722333,"secs":0},"reused_bytes":2279424,"transient_live_bytes":524288,"transient_peak_bytes":2279424,"wait":{"nanos":7977625,"secs":0}},{"allocated_bytes":4,"allocation_time":{"nanos":3875,"secs":0},"allocations":1,"arena_capacity":60293120,"arena_high_water":60293120,"command_buffers":1,"completion_waits":1,"dispatches":531,"encode":{"nanos":183943,"secs":0},"gpu":{"nanos":7610125,"secs":0},"reused_bytes":2279424,"transient_live_bytes":524288,"transient_peak_bytes":2279424,"wait":{"nanos":7897000,"secs":0}},{"allocated_bytes":4,"allocation_time":{"nanos":2875,"secs":0},"allocations":1,"arena_capacity":60293120,"arena_high_water":60293120,"command_buffers":1,"completion_waits":1,"dispatches":531,"encode":{"nanos":176038,"secs":0},"gpu":{"nanos":7610542,"secs":0},"reused_bytes":2279424,"transient_live_bytes":524288,"transient_peak_bytes":2279424,"wait":{"nanos":7857750,"secs":0}},{"allocated_bytes":4,"allocation_time":{"nanos":3583,"secs":0},"allocations":1,"arena_capacity":60293120,"arena_high_water":60293120,"command_buffers":1,"completion_waits":1,"dispatches":531,"encode":{"nanos":179108,"secs":0},"gpu":{"nanos":7655125,"secs":0},"reused_bytes":2279424,"transient_live_bytes":524288,"transient_peak_bytes":2279424,"wait":{"nanos":7880292,"secs":0}},{"allocated_bytes":4,"allocation_time":{"nanos":2416,"secs":0},"allocations":1,"arena_capacity":60293120,"arena_high_water":60293120,"command_buffers":1,"completion_waits":1,"dispatches":531,"encode":{"nanos":175758,"secs":0},"gpu":{"nanos":7858708,"secs":0},"reused_bytes":2279424,"transient_live_bytes":524288,"transient_peak_bytes":2279424,"wait":{"nanos":8068125,"secs":0}},{"allocated_bytes":4,"allocation_time":{"nanos":3041,"secs":0},"allocations":1,"arena_capacity":60293120,"arena_high_water":60293120,"command_buffers":1,"completion_waits":1,"dispatches":531,"encode":{"nanos":177393,"secs":0},"gpu":{"nanos":7578000,"secs":0},"reused_bytes":2279424,"transient_live_bytes":524288,"transient_peak_bytes":2279424,"wait":{"nanos":7818083,"secs":0}},{"allocated_bytes":4,"allocation_time":{"nanos":3417,"secs":0},"allocations":1,"arena_capacity":60293120,"arena_high_water":60293120,"command_buffers":1,"completion_waits":1,"dispatches":531,"encode":{"nanos":176655,"secs":0},"gpu":{"nanos":7373750,"secs":0},"reused_bytes":2279424,"transient_live_bytes":524288,"transient_peak_bytes":2279424,"wait":{"nanos":7597416,"secs":0}}],"decode_median_ms":8.268583,"decode_ms":[8.153,8.334833999999999,8.281165999999999,8.231083,8.256708,8.424792,8.236875,8.268583,8.415125000000002,8.317042,8.259832999999999,8.316542,8.475375,8.243583000000001,8.031583],"decode_profiles":[{},{},{},{},{},{},{},{},{},{},{},{},{},{},{}],"decode_tps":120.93970635597418,"first_token_ms":28.671083,"generated_ids":[2585,646,358,7789,498,3351,30,151645,198,151644,872,198,9707,0,2585,646],"generated_tokens":16,"generation_ms":156.61125,"generation_tps":102.16379730064091,"gguf_mpp_min_rows":16,"kv_active_bytes":380928,"kv_reserved_bytes":3145728,"model_format":"GGUF","model_repository":"Qwen/Qwen2.5-0.5B-Instruct-GGUF","model_revision":"9217f5db79a29953eb74d5343926648285ec7e67","moe_expert_tensorops":true,"moe_expert_tensorops_min_routes_per_expert":8,"moe_expert_tensorops_tile_k64":true,"packed_quantized_bytes":485166080,"pair":1,"pair_order":"ferrum-candidate>ferrum-control>llama.cpp","parameter_count":630167424,"prefill_counters":{"allocated_bytes":3145792,"allocation_time":{"nanos":310791,"secs":0},"allocations":49,"arena_capacity":60293120,"arena_high_water":60293120,"command_buffers":1,"completion_waits":1,"dispatches":531,"encode":{"nanos":205623,"secs":0},"gpu":{"nanos":27350792,"secs":0},"reused_bytes":28213248,"transient_live_bytes":0,"transient_peak_bytes":28213248,"wait":{"nanos":27639458,"secs":0}},"prefill_ms":28.36225,"prefill_profile":{},"prefill_tps":564.1301377711571,"prompt_ids":[151644,8948,198,2610,525,264,10950,17847,13,151645,198,151644,872,198,9707,0],"prompt_tokens":16,"q4_k_mpp_tile_k64":true,"q5_0_gemv_n4":false,"q5_1_mpp_tile_k64":true,"q8_0_mpp_tile_k64":true,"retained_weight_bytes":485309184,"runtime":"ferrum","sampling_ms":3.81046,"source_tensor_bytes":485452288,"tensor_count":291,"warmup":false,"process_rss_bytes":806256640,"ferrum_variant":"control","source_matrix_case_model":"qwen2.5-phase7a-small-batch-shape-probe-q4_k_m","engine_order":["ferrum-candidate","ferrum-control","llama.cpp"],"case_index":5,"engine_load_plus_first_warmup_ms":877.0456250058487}
{"case":"m16","command_buffer_count":null,"decode_aggregate_tps":234.66940743846953,"decode_median_ms":4.220167,"decode_ms":[4.868458,4.220167,4.3135,4.208625,4.097584,4.377792,4.0815,4.346292,4.00775,4.371458,4.233583,4.40725,4.175,4.060416,4.150333],"decode_tps":236.95744741855003,"dispatch_count":null,"first_token_ms":15.563583,"generated_ids":[2585,646,358,7789,498,3351,30,151645,198,151644,872,198,9707,0,2585,646],"generated_tokens":16,"generation_ms":83.162542,"generation_tps":192.3943113715788,"kv_context_capacity_tokens":4096,"kv_type":"bf16","llama_commit":"84e76d8a23162eca70490da131945ebec1f09bf4","llama_version":"0.5.0-dev","model_format":"GGUF","pair":1,"pair_order":"ferrum-candidate>ferrum-control>llama.cpp","prefill_ms":15.318583,"prefill_tps":1044.4830308390794,"process_max_rss_bytes":662716416,"prompt_ids":[151644,8948,198,2610,525,264,10950,17847,13,151645,198,151644,872,198,9707,0],"prompt_tokens":16,"runtime":"llama.cpp","sampling_ms":3.9216670000000002,"warmup":false,"process_rss_bytes":662437888,"source_matrix_case_model":"qwen2.5-phase7a-small-batch-shape-probe-q4_k_m","engine_order":["ferrum-candidate","ferrum-control","llama.cpp"],"case_index":5,"engine_load_plus_first_warmup_ms":978.256624948699}
{"case":"m16","command_buffer_count":null,"decode_aggregate_tps":229.46187702018238,"decode_median_ms":4.324917,"decode_ms":[4.714625,4.356,4.256958,4.362292,4.202959,4.219083,4.217542,4.778875,4.550083,4.299834,4.324917,4.12575,4.336625,4.211209,4.413584],"decode_tps":231.21831008548833,"dispatch_count":null,"first_token_ms":16.160333,"generated_ids":[2585,646,358,7789,498,3351,30,151645,198,151644,872,198,9707,0,2585,646],"generated_tokens":16,"generation_ms":85.273833,"generation_tps":187.63082926036643,"kv_context_capacity_tokens":4096,"kv_type":"bf16","llama_commit":"84e76d8a23162eca70490da131945ebec1f09bf4","llama_version":"0.5.0-dev","model_format":"GGUF","pair":2,"pair_order":"llama.cpp>ferrum-control>ferrum-candidate","prefill_ms":15.895583,"prefill_tps":1006.5689317592189,"process_max_rss_bytes":662716416,"prompt_ids":[151644,8948,198,2610,525,264,10950,17847,13,151645,198,151644,872,198,9707,0],"prompt_tokens":16,"runtime":"llama.cpp","sampling_ms":4.006374,"warmup":false,"process_rss_bytes":662437888,"source_matrix_case_model":"qwen2.5-phase7a-small-batch-shape-probe-q4_k_m","engine_order":["llama.cpp","ferrum-control","ferrum-candidate"],"case_index":5,"engine_load_plus_first_warmup_ms":978.256624948699}
{"case":"m16","decode_aggregate_tps":121.11681915839411,"decode_counters":[{"allocated_bytes":4,"allocation_time":{"nanos":9125,"secs":0},"allocations":1,"arena_capacity":60293120,"arena_high_water":60293120,"command_buffers":1,"completion_waits":1,"dispatches":531,"encode":{"nanos":229881,"secs":0},"gpu":{"nanos":7575917,"secs":0},"reused_bytes":2254848,"transient_live_bytes":524288,"transient_peak_bytes":2254848,"wait":{"nanos":7816750,"secs":0}},{"allocated_bytes":4,"allocation_time":{"nanos":4292,"secs":0},"allocations":1,"arena_capacity":60293120,"arena_high_water":60293120,"command_buffers":1,"completion_waits":1,"dispatches":531,"encode":{"nanos":181004,"secs":0},"gpu":{"nanos":7637750,"secs":0},"reused_bytes":2254848,"transient_live_bytes":524288,"transient_peak_bytes":2254848,"wait":{"nanos":7887583,"secs":0}},{"allocated_bytes":4,"allocation_time":{"nanos":3500,"secs":0},"allocations":1,"arena_capacity":60293120,"arena_high_water":60293120,"command_buffers":1,"completion_waits":1,"dispatches":531,"encode":{"nanos":183001,"secs":0},"gpu":{"nanos":7378333,"secs":0},"reused_bytes":2279424,"transient_live_bytes":524288,"transient_peak_bytes":2279424,"wait":{"nanos":7611375,"secs":0}},{"allocated_bytes":4,"allocation_time":{"nanos":3625,"secs":0},"allocations":1,"arena_capacity":60293120,"arena_high_water":60293120,"command_buffers":1,"completion_waits":1,"dispatches":531,"encode":{"nanos":178649,"secs":0},"gpu":{"nanos":7626250,"secs":0},"reused_bytes":2279424,"transient_live_bytes":524288,"transient_peak_bytes":2279424,"wait":{"nanos":7886750,"secs":0}},{"allocated_bytes":4,"allocation_time":{"nanos":3625,"secs":0},"allocations":1,"arena_capacity":60293120,"arena_high_water":60293120,"command_buffers":1,"completion_waits":1,"dispatches":531,"encode":{"nanos":188427,"secs":0},"gpu":{"nanos":7641750,"secs":0},"reused_bytes":2279424,"transient_live_bytes":524288,"transient_peak_bytes":2279424,"wait":{"nanos":7899500,"secs":0}},{"allocated_bytes":4,"allocation_time":{"nanos":3291,"secs":0},"allocations":1,"arena_capacity":60293120,"arena_high_water":60293120,"command_buffers":1,"completion_waits":1,"dispatches":531,"encode":{"nanos":176615,"secs":0},"gpu":{"nanos":7645250,"secs":0},"reused_bytes":2279424,"transient_live_bytes":524288,"transient_peak_bytes":2279424,"wait":{"nanos":7900459,"secs":0}},{"allocated_bytes":4,"allocation_time":{"nanos":4958,"secs":0},"allocations":1,"arena_capacity":60293120,"arena_high_water":60293120,"command_buffers":1,"completion_waits":1,"dispatches":531,"encode":{"nanos":184248,"secs":0},"gpu":{"nanos":7594792,"secs":0},"reused_bytes":2279424,"transient_live_bytes":524288,"transient_peak_bytes":2279424,"wait":{"nanos":7846292,"secs":0}},{"allocated_bytes":4,"allocation_time":{"nanos":3375,"secs":0},"allocations":1,"arena_capacity":60293120,"arena_high_water":60293120,"command_buffers":1,"completion_waits":1,"dispatches":531,"encode":{"nanos":185048,"secs":0},"gpu":{"nanos":7622375,"secs":0},"reused_bytes":2279424,"transient_live_bytes":524288,"transient_peak_bytes":2279424,"wait":{"nanos":7875416,"secs":0}},{"allocated_bytes":4,"allocation_time":{"nanos":3417,"secs":0},"allocations":1,"arena_capacity":60293120,"arena_high_water":60293120,"command_buffers":1,"completion_waits":1,"dispatches":531,"encode":{"nanos":178164,"secs":0},"gpu":{"nanos":7357875,"secs":0},"reused_bytes":2279424,"transient_live_bytes":524288,"transient_peak_bytes":2279424,"wait":{"nanos":7622250,"secs":0}},{"allocated_bytes":4,"allocation_time":{"nanos":4375,"secs":0},"allocations":1,"arena_capacity":60293120,"arena_high_water":60293120,"command_buffers":1,"completion_waits":1,"dispatches":531,"encode":{"nanos":188466,"secs":0},"gpu":{"nanos":7310167,"secs":0},"reused_bytes":2279424,"transient_live_bytes":524288,"transient_peak_bytes":2279424,"wait":{"nanos":7580875,"secs":0}},{"allocated_bytes":4,"allocation_time":{"nanos":5083,"secs":0},"allocations":1,"arena_capacity":60293120,"arena_high_water":60293120,"command_buffers":1,"completion_waits":1,"dispatches":531,"encode":{"nanos":185917,"secs":0},"gpu":{"nanos":7553417,"secs":0},"reused_bytes":2279424,"transient_live_bytes":524288,"transient_peak_bytes":2279424,"wait":{"nanos":7769584,"secs":0}},{"allocated_bytes":4,"allocation_time":{"nanos":3916,"secs":0},"allocations":1,"arena_capacity":60293120,"arena_high_water":60293120,"command_buffers":1,"completion_waits":1,"dispatches":531,"encode":{"nanos":182374,"secs":0},"gpu":{"nanos":7651458,"secs":0},"reused_bytes":2279424,"transient_live_bytes":524288,"transient_peak_bytes":2279424,"wait":{"nanos":7893334,"secs":0}},{"allocated_bytes":4,"allocation_time":{"nanos":4167,"secs":0},"allocations":1,"arena_capacity":60293120,"arena_high_water":60293120,"command_buffers":1,"completion_waits":1,"dispatches":531,"encode":{"nanos":179379,"secs":0},"gpu":{"nanos":7763708,"secs":0},"reused_bytes":2279424,"transient_live_bytes":524288,"transient_peak_bytes":2279424,"wait":{"nanos":7978666,"secs":0}},{"allocated_bytes":4,"allocation_time":{"nanos":3375,"secs":0},"allocations":1,"arena_capacity":60293120,"arena_high_water":60293120,"command_buffers":1,"completion_waits":1,"dispatches":531,"encode":{"nanos":179117,"secs":0},"gpu":{"nanos":7797000,"secs":0},"reused_bytes":2279424,"transient_live_bytes":524288,"transient_peak_bytes":2279424,"wait":{"nanos":8032417,"secs":0}},{"allocated_bytes":4,"allocation_time":{"nanos":3375,"secs":0},"allocations":1,"arena_capacity":60293120,"arena_high_water":60293120,"command_buffers":1,"completion_waits":1,"dispatches":531,"encode":{"nanos":193743,"secs":0},"gpu":{"nanos":7394917,"secs":0},"reused_bytes":2279424,"transient_live_bytes":524288,"transient_peak_bytes":2279424,"wait":{"nanos":7652334,"secs":0}}],"decode_median_ms":8.320583,"decode_ms":[8.324207999999999,8.329167,8.018042,8.321083,8.353083000000002,8.300125,8.289916,8.320583,8.054041,8.032667,8.191875,8.332125,8.413749999999999,8.464042,8.102666999999999],"decode_profiles":[{},{},{},{},{},{},{},{},{},{},{},{},{},{},{}],"decode_tps":120.18388615316981,"first_token_ms":28.565916,"generated_ids":[2585,646,358,7789,498,3351,30,151645,198,151644,872,198,9707,0,2585,646],"generated_tokens":16,"generation_ms":156.060833,"generation_tps":102.52412275666886,"gguf_mpp_min_rows":16,"kv_active_bytes":380928,"kv_reserved_bytes":3145728,"model_format":"GGUF","model_repository":"Qwen/Qwen2.5-0.5B-Instruct-GGUF","model_revision":"9217f5db79a29953eb74d5343926648285ec7e67","moe_expert_tensorops":true,"moe_expert_tensorops_min_routes_per_expert":8,"moe_expert_tensorops_tile_k64":true,"packed_quantized_bytes":485166080,"pair":2,"pair_order":"llama.cpp>ferrum-control>ferrum-candidate","parameter_count":630167424,"prefill_counters":{"allocated_bytes":3145792,"allocation_time":{"nanos":381079,"secs":0},"allocations":49,"arena_capacity":60293120,"arena_high_water":60293120,"command_buffers":1,"completion_waits":1,"dispatches":531,"encode":{"nanos":214989,"secs":0},"gpu":{"nanos":27100500,"secs":0},"reused_bytes":28213248,"transient_live_bytes":0,"transient_peak_bytes":28213248,"wait":{"nanos":27405958,"secs":0}},"prefill_ms":28.226083,"prefill_profile":{},"prefill_tps":566.8515890072314,"prompt_ids":[151644,8948,198,2610,525,264,10950,17847,13,151645,198,151644,872,198,9707,0],"prompt_tokens":16,"q4_k_mpp_tile_k64":true,"q5_0_gemv_n4":false,"q5_1_mpp_tile_k64":true,"q8_0_mpp_tile_k64":true,"retained_weight_bytes":485309184,"runtime":"ferrum","sampling_ms":3.801543,"source_tensor_bytes":485452288,"tensor_count":291,"warmup":false,"process_rss_bytes":806256640,"ferrum_variant":"control","source_matrix_case_model":"qwen2.5-phase7a-small-batch-shape-probe-q4_k_m","engine_order":["llama.cpp","ferrum-control","ferrum-candidate"],"case_index":5,"engine_load_plus_first_warmup_ms":877.0456250058487}
{"case":"m16","decode_aggregate_tps":121.8742217569227,"decode_counters":[{"allocated_bytes":4,"allocation_time":{"nanos":4667,"secs":0},"allocations":1,"arena_capacity":60293120,"arena_high_water":60293120,"command_buffers":1,"completion_waits":1,"dispatches":531,"encode":{"nanos":190500,"secs":0},"gpu":{"nanos":7575625,"secs":0},"reused_bytes":2254848,"transient_live_bytes":524288,"transient_peak_bytes":2254848,"wait":{"nanos":7818291,"secs":0}},{"allocated_bytes":4,"allocation_time":{"nanos":3958,"secs":0},"allocations":1,"arena_capacity":60293120,"arena_high_water":60293120,"command_buffers":1,"completion_waits":1,"dispatches":531,"encode":{"nanos":182697,"secs":0},"gpu":{"nanos":7255875,"secs":0},"reused_bytes":2254848,"transient_live_bytes":524288,"transient_peak_bytes":2254848,"wait":{"nanos":7497709,"secs":0}},{"allocated_bytes":4,"allocation_time":{"nanos":3375,"secs":0},"allocations":1,"arena_capacity":60293120,"arena_high_water":60293120,"command_buffers":1,"completion_waits":1,"dispatches":531,"encode":{"nanos":176635,"secs":0},"gpu":{"nanos":7524417,"secs":0},"reused_bytes":2279424,"transient_live_bytes":524288,"transient_peak_bytes":2279424,"wait":{"nanos":7763125,"secs":0}},{"allocated_bytes":4,"allocation_time":{"nanos":3541,"secs":0},"allocations":1,"arena_capacity":60293120,"arena_high_water":60293120,"command_buffers":1,"completion_waits":1,"dispatches":531,"encode":{"nanos":175347,"secs":0},"gpu":{"nanos":7515625,"secs":0},"reused_bytes":2279424,"transient_live_bytes":524288,"transient_peak_bytes":2279424,"wait":{"nanos":7774583,"secs":0}},{"allocated_bytes":4,"allocation_time":{"nanos":3333,"secs":0},"allocations":1,"arena_capacity":60293120,"arena_high_water":60293120,"command_buffers":1,"completion_waits":1,"dispatches":531,"encode":{"nanos":175883,"secs":0},"gpu":{"nanos":7542875,"secs":0},"reused_bytes":2279424,"transient_live_bytes":524288,"transient_peak_bytes":2279424,"wait":{"nanos":7783333,"secs":0}},{"allocated_bytes":4,"allocation_time":{"nanos":4209,"secs":0},"allocations":1,"arena_capacity":60293120,"arena_high_water":60293120,"command_buffers":1,"completion_waits":1,"dispatches":531,"encode":{"nanos":182374,"secs":0},"gpu":{"nanos":7601875,"secs":0},"reused_bytes":2279424,"transient_live_bytes":524288,"transient_peak_bytes":2279424,"wait":{"nanos":7866792,"secs":0}},{"allocated_bytes":4,"allocation_time":{"nanos":3333,"secs":0},"allocations":1,"arena_capacity":60293120,"arena_high_water":60293120,"command_buffers":1,"completion_waits":1,"dispatches":531,"encode":{"nanos":176698,"secs":0},"gpu":{"nanos":7604792,"secs":0},"reused_bytes":2279424,"transient_live_bytes":524288,"transient_peak_bytes":2279424,"wait":{"nanos":7849875,"secs":0}},{"allocated_bytes":4,"allocation_time":{"nanos":4500,"secs":0},"allocations":1,"arena_capacity":60293120,"arena_high_water":60293120,"command_buffers":1,"completion_waits":1,"dispatches":531,"encode":{"nanos":179956,"secs":0},"gpu":{"nanos":7340208,"secs":0},"reused_bytes":2279424,"transient_live_bytes":524288,"transient_peak_bytes":2279424,"wait":{"nanos":7666125,"secs":0}},{"allocated_bytes":4,"allocation_time":{"nanos":2875,"secs":0},"allocations":1,"arena_capacity":60293120,"arena_high_water":60293120,"command_buffers":1,"completion_waits":1,"dispatches":531,"encode":{"nanos":189372,"secs":0},"gpu":{"nanos":7392083,"secs":0},"reused_bytes":2279424,"transient_live_bytes":524288,"transient_peak_bytes":2279424,"wait":{"nanos":7585417,"secs":0}},{"allocated_bytes":4,"allocation_time":{"nanos":4208,"secs":0},"allocations":1,"arena_capacity":60293120,"arena_high_water":60293120,"command_buffers":1,"completion_waits":1,"dispatches":531,"encode":{"nanos":216093,"secs":0},"gpu":{"nanos":7584417,"secs":0},"reused_bytes":2279424,"transient_live_bytes":524288,"transient_peak_bytes":2279424,"wait":{"nanos":7800916,"secs":0}},{"allocated_bytes":4,"allocation_time":{"nanos":3791,"secs":0},"allocations":1,"arena_capacity":60293120,"arena_high_water":60293120,"command_buffers":1,"completion_waits":1,"dispatches":531,"encode":{"nanos":184902,"secs":0},"gpu":{"nanos":7646583,"secs":0},"reused_bytes":2279424,"transient_live_bytes":524288,"transient_peak_bytes":2279424,"wait":{"nanos":7948500,"secs":0}},{"allocated_bytes":4,"allocation_time":{"nanos":3333,"secs":0},"allocations":1,"arena_capacity":60293120,"arena_high_water":60293120,"command_buffers":1,"completion_waits":1,"dispatches":531,"encode":{"nanos":178753,"secs":0},"gpu":{"nanos":7639875,"secs":0},"reused_bytes":2279424,"transient_live_bytes":524288,"transient_peak_bytes":2279424,"wait":{"nanos":7900208,"secs":0}},{"allocated_bytes":4,"allocation_time":{"nanos":5667,"secs":0},"allocations":1,"arena_capacity":60293120,"arena_high_water":60293120,"command_buffers":1,"completion_waits":1,"dispatches":531,"encode":{"nanos":177449,"secs":0},"gpu":{"nanos":7746583,"secs":0},"reused_bytes":2279424,"transient_live_bytes":524288,"transient_peak_bytes":2279424,"wait":{"nanos":7975834,"secs":0}},{"allocated_bytes":4,"allocation_time":{"nanos":3458,"secs":0},"allocations":1,"arena_capacity":60293120,"arena_high_water":60293120,"command_buffers":1,"completion_waits":1,"dispatches":531,"encode":{"nanos":174766,"secs":0},"gpu":{"nanos":7757625,"secs":0},"reused_bytes":2279424,"transient_live_bytes":524288,"transient_peak_bytes":2279424,"wait":{"nanos":7987375,"secs":0}},{"allocated_bytes":4,"allocation_time":{"nanos":3000,"secs":0},"allocations":1,"arena_capacity":60293120,"arena_high_water":60293120,"command_buffers":1,"completion_waits":1,"dispatches":531,"encode":{"nanos":174850,"secs":0},"gpu":{"nanos":7132708,"secs":0},"reused_bytes":2279424,"transient_live_bytes":524288,"transient_peak_bytes":2279424,"wait":{"nanos":7379125,"secs":0}}],"decode_median_ms":8.246125,"decode_ms":[8.279083,7.907792000000001,8.188542,8.203709,8.190417,8.303125,8.246125,8.110958,8.001458,8.294875,8.388375,8.345875000000001,8.394874999999999,8.420542,7.801958],"decode_profiles":[{},{},{},{},{},{},{},{},{},{},{},{},{},{},{}],"decode_tps":121.2690809319529,"first_token_ms":28.377541,"generated_ids":[2585,646,358,7789,498,3351,30,151645,198,151644,872,198,9707,0,2585,646],"generated_tokens":16,"generation_ms":155.169959,"generation_tps":103.11274233178086,"gguf_mpp_min_rows":8,"kv_active_bytes":380928,"kv_reserved_bytes":3145728,"model_format":"GGUF","model_repository":"Qwen/Qwen2.5-0.5B-Instruct-GGUF","model_revision":"9217f5db79a29953eb74d5343926648285ec7e67","moe_expert_tensorops":true,"moe_expert_tensorops_min_routes_per_expert":8,"moe_expert_tensorops_tile_k64":true,"packed_quantized_bytes":485166080,"pair":2,"pair_order":"llama.cpp>ferrum-control>ferrum-candidate","parameter_count":630167424,"prefill_counters":{"allocated_bytes":3145792,"allocation_time":{"nanos":333334,"secs":0},"allocations":49,"arena_capacity":60293120,"arena_high_water":60293120,"command_buffers":1,"completion_waits":1,"dispatches":531,"encode":{"nanos":203662,"secs":0},"gpu":{"nanos":26872250,"secs":0},"reused_bytes":28213248,"transient_live_bytes":0,"transient_peak_bytes":28213248,"wait":{"nanos":27330542,"secs":0}},"prefill_ms":28.077125000000002,"prefill_profile":{},"prefill_tps":569.8589153982111,"prompt_ids":[151644,8948,198,2610,525,264,10950,17847,13,151645,198,151644,872,198,9707,0],"prompt_tokens":16,"q4_k_mpp_tile_k64":true,"q5_0_gemv_n4":false,"q5_1_mpp_tile_k64":true,"q8_0_mpp_tile_k64":true,"retained_weight_bytes":485309184,"runtime":"ferrum","sampling_ms":3.8392880000000003,"source_tensor_bytes":485452288,"tensor_count":291,"warmup":false,"process_rss_bytes":806256640,"ferrum_variant":"candidate","source_matrix_case_model":"qwen2.5-phase7a-small-batch-shape-probe-q4_k_m","engine_order":["llama.cpp","ferrum-control","ferrum-candidate"],"case_index":5,"engine_load_plus_first_warmup_ms":877.0456250058487}
{"case":"m16","decode_aggregate_tps":121.64973191561978,"decode_counters":[{"allocated_bytes":4,"allocation_time":{"nanos":5125,"secs":0},"allocations":1,"arena_capacity":60293120,"arena_high_water":60293120,"command_buffers":1,"completion_waits":1,"dispatches":531,"encode":{"nanos":189877,"secs":0},"gpu":{"nanos":7308333,"secs":0},"reused_bytes":2254848,"transient_live_bytes":524288,"transient_peak_bytes":2254848,"wait":{"nanos":7556584,"secs":0}},{"allocated_bytes":4,"allocation_time":{"nanos":3667,"secs":0},"allocations":1,"arena_capacity":60293120,"arena_high_water":60293120,"command_buffers":1,"completion_waits":1,"dispatches":531,"encode":{"nanos":174222,"secs":0},"gpu":{"nanos":7547125,"secs":0},"reused_bytes":2254848,"transient_live_bytes":524288,"transient_peak_bytes":2254848,"wait":{"nanos":7785542,"secs":0}},{"allocated_bytes":4,"allocation_time":{"nanos":3708,"secs":0},"allocations":1,"arena_capacity":60293120,"arena_high_water":60293120,"command_buffers":1,"completion_waits":1,"dispatches":531,"encode":{"nanos":177500,"secs":0},"gpu":{"nanos":7503750,"secs":0},"reused_bytes":2279424,"transient_live_bytes":524288,"transient_peak_bytes":2279424,"wait":{"nanos":7824250,"secs":0}},{"allocated_bytes":4,"allocation_time":{"nanos":2583,"secs":0},"allocations":1,"arena_capacity":60293120,"arena_high_water":60293120,"command_buffers":1,"completion_waits":1,"dispatches":531,"encode":{"nanos":174615,"secs":0},"gpu":{"nanos":7540250,"secs":0},"reused_bytes":2279424,"transient_live_bytes":524288,"transient_peak_bytes":2279424,"wait":{"nanos":7798375,"secs":0}},{"allocated_bytes":4,"allocation_time":{"nanos":3666,"secs":0},"allocations":1,"arena_capacity":60293120,"arena_high_water":60293120,"command_buffers":1,"completion_waits":1,"dispatches":531,"encode":{"nanos":176122,"secs":0},"gpu":{"nanos":7518042,"secs":0},"reused_bytes":2279424,"transient_live_bytes":524288,"transient_peak_bytes":2279424,"wait":{"nanos":7835875,"secs":0}},{"allocated_bytes":4,"allocation_time":{"nanos":2709,"secs":0},"allocations":1,"arena_capacity":60293120,"arena_high_water":60293120,"command_buffers":1,"completion_waits":1,"dispatches":531,"encode":{"nanos":196012,"secs":0},"gpu":{"nanos":7614875,"secs":0},"reused_bytes":2279424,"transient_live_bytes":524288,"transient_peak_bytes":2279424,"wait":{"nanos":7885333,"secs":0}},{"allocated_bytes":4,"allocation_time":{"nanos":3958,"secs":0},"allocations":1,"arena_capacity":60293120,"arena_high_water":60293120,"command_buffers":1,"completion_waits":1,"dispatches":531,"encode":{"nanos":180127,"secs":0},"gpu":{"nanos":7347417,"secs":0},"reused_bytes":2279424,"transient_live_bytes":524288,"transient_peak_bytes":2279424,"wait":{"nanos":7597917,"secs":0}},{"allocated_bytes":4,"allocation_time":{"nanos":3750,"secs":0},"allocations":1,"arena_capacity":60293120,"arena_high_water":60293120,"command_buffers":1,"completion_waits":1,"dispatches":531,"encode":{"nanos":178628,"secs":0},"gpu":{"nanos":7622167,"secs":0},"reused_bytes":2279424,"transient_live_bytes":524288,"transient_peak_bytes":2279424,"wait":{"nanos":7891292,"secs":0}},{"allocated_bytes":4,"allocation_time":{"nanos":3417,"secs":0},"allocations":1,"arena_capacity":60293120,"arena_high_water":60293120,"command_buffers":1,"completion_waits":1,"dispatches":531,"encode":{"nanos":177513,"secs":0},"gpu":{"nanos":7624875,"secs":0},"reused_bytes":2279424,"transient_live_bytes":524288,"transient_peak_bytes":2279424,"wait":{"nanos":7885333,"secs":0}},{"allocated_bytes":4,"allocation_time":{"nanos":3334,"secs":0},"allocations":1,"arena_capacity":60293120,"arena_high_water":60293120,"command_buffers":1,"completion_waits":1,"dispatches":531,"encode":{"nanos":184092,"secs":0},"gpu":{"nanos":7615833,"secs":0},"reused_bytes":2279424,"transient_live_bytes":524288,"transient_peak_bytes":2279424,"wait":{"nanos":7833209,"secs":0}},{"allocated_bytes":4,"allocation_time":{"nanos":3834,"secs":0},"allocations":1,"arena_capacity":60293120,"arena_high_water":60293120,"command_buffers":1,"completion_waits":1,"dispatches":531,"encode":{"nanos":177555,"secs":0},"gpu":{"nanos":7556250,"secs":0},"reused_bytes":2279424,"transient_live_bytes":524288,"transient_peak_bytes":2279424,"wait":{"nanos":7814917,"secs":0}},{"allocated_bytes":4,"allocation_time":{"nanos":3709,"secs":0},"allocations":1,"arena_capacity":60293120,"arena_high_water":60293120,"command_buffers":1,"completion_waits":1,"dispatches":531,"encode":{"nanos":190105,"secs":0},"gpu":{"nanos":7650083,"secs":0},"reused_bytes":2279424,"transient_live_bytes":524288,"transient_peak_bytes":2279424,"wait":{"nanos":7870416,"secs":0}},{"allocated_bytes":4,"allocation_time":{"nanos":3542,"secs":0},"allocations":1,"arena_capacity":60293120,"arena_high_water":60293120,"command_buffers":1,"completion_waits":1,"dispatches":531,"encode":{"nanos":175250,"secs":0},"gpu":{"nanos":7872792,"secs":0},"reused_bytes":2279424,"transient_live_bytes":524288,"transient_peak_bytes":2279424,"wait":{"nanos":8113250,"secs":0}},{"allocated_bytes":4,"allocation_time":{"nanos":2375,"secs":0},"allocations":1,"arena_capacity":60293120,"arena_high_water":60293120,"command_buffers":1,"completion_waits":1,"dispatches":531,"encode":{"nanos":177340,"secs":0},"gpu":{"nanos":7526583,"secs":0},"reused_bytes":2279424,"transient_live_bytes":524288,"transient_peak_bytes":2279424,"wait":{"nanos":7763000,"secs":0}},{"allocated_bytes":4,"allocation_time":{"nanos":3417,"secs":0},"allocations":1,"arena_capacity":60293120,"arena_high_water":60293120,"command_buffers":1,"completion_waits":1,"dispatches":531,"encode":{"nanos":179081,"secs":0},"gpu":{"nanos":7188333,"secs":0},"reused_bytes":2279424,"transient_live_bytes":524288,"transient_peak_bytes":2279424,"wait":{"nanos":7380000,"secs":0}}],"decode_median_ms":8.251166000000001,"decode_ms":[8.008875,8.209708,8.256916,8.1965,8.269584,8.349709,8.030584000000001,8.327875,8.316625,8.236916,8.251166000000001,8.328624999999999,8.544667,8.158541999999999,7.818542],"decode_profiles":[{},{},{},{},{},{},{},{},{},{},{},{},{},{},{}],"decode_tps":121.19499231987332,"first_token_ms":28.301167,"generated_ids":[2585,646,358,7789,498,3351,30,151645,198,151644,872,198,9707,0,2585,646],"generated_tokens":16,"generation_ms":155.222083,"generation_tps":103.07811679089501,"gguf_mpp_min_rows":8,"kv_active_bytes":380928,"kv_reserved_bytes":3145728,"model_format":"GGUF","model_repository":"Qwen/Qwen2.5-0.5B-Instruct-GGUF","model_revision":"9217f5db79a29953eb74d5343926648285ec7e67","moe_expert_tensorops":true,"moe_expert_tensorops_min_routes_per_expert":8,"moe_expert_tensorops_tile_k64":true,"packed_quantized_bytes":485166080,"pair":3,"pair_order":"ferrum-candidate>ferrum-control>llama.cpp","parameter_count":630167424,"prefill_counters":{"allocated_bytes":3145792,"allocation_time":{"nanos":326250,"secs":0},"allocations":49,"arena_capacity":60293120,"arena_high_water":60293120,"command_buffers":1,"completion_waits":1,"dispatches":531,"encode":{"nanos":204915,"secs":0},"gpu":{"nanos":26712250,"secs":0},"reused_bytes":28213248,"transient_live_bytes":0,"transient_peak_bytes":28213248,"wait":{"nanos":27225750,"secs":0}},"prefill_ms":27.978416999999997,"prefill_profile":{},"prefill_tps":571.8693806014829,"prompt_ids":[151644,8948,198,2610,525,264,10950,17847,13,151645,198,151644,872,198,9707,0],"prompt_tokens":16,"q4_k_mpp_tile_k64":true,"q5_0_gemv_n4":false,"q5_1_mpp_tile_k64":true,"q8_0_mpp_tile_k64":true,"retained_weight_bytes":485309184,"runtime":"ferrum","sampling_ms":3.764377,"source_tensor_bytes":485452288,"tensor_count":291,"warmup":false,"process_rss_bytes":806256640,"ferrum_variant":"candidate","source_matrix_case_model":"qwen2.5-phase7a-small-batch-shape-probe-q4_k_m","engine_order":["ferrum-candidate","ferrum-control","llama.cpp"],"case_index":5,"engine_load_plus_first_warmup_ms":877.0456250058487}
{"case":"m16","decode_aggregate_tps":121.45724401367607,"decode_counters":[{"allocated_bytes":4,"allocation_time":{"nanos":4333,"secs":0},"allocations":1,"arena_capacity":60293120,"arena_high_water":60293120,"command_buffers":1,"completion_waits":1,"dispatches":531,"encode":{"nanos":187990,"secs":0},"gpu":{"nanos":7570542,"secs":0},"reused_bytes":2254848,"transient_live_bytes":524288,"transient_peak_bytes":2254848,"wait":{"nanos":7805833,"secs":0}},{"allocated_bytes":4,"allocation_time":{"nanos":3958,"secs":0},"allocations":1,"arena_capacity":60293120,"arena_high_water":60293120,"command_buffers":1,"completion_waits":1,"dispatches":531,"encode":{"nanos":178126,"secs":0},"gpu":{"nanos":7540250,"secs":0},"reused_bytes":2254848,"transient_live_bytes":524288,"transient_peak_bytes":2254848,"wait":{"nanos":7796584,"secs":0}},{"allocated_bytes":4,"allocation_time":{"nanos":3334,"secs":0},"allocations":1,"arena_capacity":60293120,"arena_high_water":60293120,"command_buffers":1,"completion_waits":1,"dispatches":531,"encode":{"nanos":184610,"secs":0},"gpu":{"nanos":7561250,"secs":0},"reused_bytes":2279424,"transient_live_bytes":524288,"transient_peak_bytes":2279424,"wait":{"nanos":7825500,"secs":0}},{"allocated_bytes":4,"allocation_time":{"nanos":3792,"secs":0},"allocations":1,"arena_capacity":60293120,"arena_high_water":60293120,"command_buffers":1,"completion_waits":1,"dispatches":531,"encode":{"nanos":181227,"secs":0},"gpu":{"nanos":7533375,"secs":0},"reused_bytes":2279424,"transient_live_bytes":524288,"transient_peak_bytes":2279424,"wait":{"nanos":7782708,"secs":0}},{"allocated_bytes":4,"allocation_time":{"nanos":2750,"secs":0},"allocations":1,"arena_capacity":60293120,"arena_high_water":60293120,"command_buffers":1,"completion_waits":1,"dispatches":531,"encode":{"nanos":184075,"secs":0},"gpu":{"nanos":7554125,"secs":0},"reused_bytes":2279424,"transient_live_bytes":524288,"transient_peak_bytes":2279424,"wait":{"nanos":7805542,"secs":0}},{"allocated_bytes":4,"allocation_time":{"nanos":10417,"secs":0},"allocations":1,"arena_capacity":60293120,"arena_high_water":60293120,"command_buffers":1,"completion_waits":1,"dispatches":531,"encode":{"nanos":175007,"secs":0},"gpu":{"nanos":7334000,"secs":0},"reused_bytes":2279424,"transient_live_bytes":524288,"transient_peak_bytes":2279424,"wait":{"nanos":7579084,"secs":0}},{"allocated_bytes":4,"allocation_time":{"nanos":4333,"secs":0},"allocations":1,"arena_capacity":60293120,"arena_high_water":60293120,"command_buffers":1,"completion_waits":1,"dispatches":531,"encode":{"nanos":184822,"secs":0},"gpu":{"nanos":7619750,"secs":0},"reused_bytes":2279424,"transient_live_bytes":524288,"transient_peak_bytes":2279424,"wait":{"nanos":7866708,"secs":0}},{"allocated_bytes":4,"allocation_time":{"nanos":3709,"secs":0},"allocations":1,"arena_capacity":60293120,"arena_high_water":60293120,"command_buffers":1,"completion_waits":1,"dispatches":531,"encode":{"nanos":183702,"secs":0},"gpu":{"nanos":7602625,"secs":0},"reused_bytes":2279424,"transient_live_bytes":524288,"transient_peak_bytes":2279424,"wait":{"nanos":7844083,"secs":0}},{"allocated_bytes":4,"allocation_time":{"nanos":3250,"secs":0},"allocations":1,"arena_capacity":60293120,"arena_high_water":60293120,"command_buffers":1,"completion_waits":1,"dispatches":531,"encode":{"nanos":185663,"secs":0},"gpu":{"nanos":7634375,"secs":0},"reused_bytes":2279424,"transient_live_bytes":524288,"transient_peak_bytes":2279424,"wait":{"nanos":7878416,"secs":0}},{"allocated_bytes":4,"allocation_time":{"nanos":3083,"secs":0},"allocations":1,"arena_capacity":60293120,"arena_high_water":60293120,"command_buffers":1,"completion_waits":1,"dispatches":531,"encode":{"nanos":186370,"secs":0},"gpu":{"nanos":7577958,"secs":0},"reused_bytes":2279424,"transient_live_bytes":524288,"transient_peak_bytes":2279424,"wait":{"nanos":7844875,"secs":0}},{"allocated_bytes":4,"allocation_time":{"nanos":2917,"secs":0},"allocations":1,"arena_capacity":60293120,"arena_high_water":60293120,"command_buffers":1,"completion_waits":1,"dispatches":531,"encode":{"nanos":180339,"secs":0},"gpu":{"nanos":7599625,"secs":0},"reused_bytes":2279424,"transient_live_bytes":524288,"transient_peak_bytes":2279424,"wait":{"nanos":7870000,"secs":0}},{"allocated_bytes":4,"allocation_time":{"nanos":3708,"secs":0},"allocations":1,"arena_capacity":60293120,"arena_high_water":60293120,"command_buffers":1,"completion_waits":1,"dispatches":531,"encode":{"nanos":184580,"secs":0},"gpu":{"nanos":7367625,"secs":0},"reused_bytes":2279424,"transient_live_bytes":524288,"transient_peak_bytes":2279424,"wait":{"nanos":7622291,"secs":0}},{"allocated_bytes":4,"allocation_time":{"nanos":3541,"secs":0},"allocations":1,"arena_capacity":60293120,"arena_high_water":60293120,"command_buffers":1,"completion_waits":1,"dispatches":531,"encode":{"nanos":179195,"secs":0},"gpu":{"nanos":7490125,"secs":0},"reused_bytes":2279424,"transient_live_bytes":524288,"transient_peak_bytes":2279424,"wait":{"nanos":7697167,"secs":0}},{"allocated_bytes":4,"allocation_time":{"nanos":3500,"secs":0},"allocations":1,"arena_capacity":60293120,"arena_high_water":60293120,"command_buffers":1,"completion_waits":1,"dispatches":531,"encode":{"nanos":182866,"secs":0},"gpu":{"nanos":7719958,"secs":0},"reused_bytes":2279424,"transient_live_bytes":524288,"transient_peak_bytes":2279424,"wait":{"nanos":7978709,"secs":0}},{"allocated_bytes":4,"allocation_time":{"nanos":3209,"secs":0},"allocations":1,"arena_capacity":60293120,"arena_high_water":60293120,"command_buffers":1,"completion_waits":1,"dispatches":531,"encode":{"nanos":180450,"secs":0},"gpu":{"nanos":7518875,"secs":0},"reused_bytes":2279424,"transient_live_bytes":524288,"transient_peak_bytes":2279424,"wait":{"nanos":7740333,"secs":0}}],"decode_median_ms":8.255708,"decode_ms":[8.255708,8.253834,8.270958,8.223333,8.24825,8.01025,8.305791999999999,8.275708999999999,8.294625,8.297749999999999,8.297708,8.062875,8.130917,8.413666000000001,8.158875],"decode_profiles":[{},{},{},{},{},{},{},{},{},{},{},{},{},{},{}],"decode_tps":121.12831510029181,"first_token_ms":27.9785,"generated_ids":[2585,646,358,7789,498,3351,30,151645,198,151644,872,198,9707,0,2585,646],"generated_tokens":16,"generation_ms":155.11529199999998,"generation_tps":103.1490821678626,"gguf_mpp_min_rows":16,"kv_active_bytes":380928,"kv_reserved_bytes":3145728,"model_format":"GGUF","model_repository":"Qwen/Qwen2.5-0.5B-Instruct-GGUF","model_revision":"9217f5db79a29953eb74d5343926648285ec7e67","moe_expert_tensorops":true,"moe_expert_tensorops_min_routes_per_expert":8,"moe_expert_tensorops_tile_k64":true,"packed_quantized_bytes":485166080,"pair":3,"pair_order":"ferrum-candidate>ferrum-control>llama.cpp","parameter_count":630167424,"prefill_counters":{"allocated_bytes":3145792,"allocation_time":{"nanos":326456,"secs":0},"allocations":49,"arena_capacity":60293120,"arena_high_water":60293120,"command_buffers":1,"completion_waits":1,"dispatches":531,"encode":{"nanos":202584,"secs":0},"gpu":{"nanos":26634958,"secs":0},"reused_bytes":28213248,"transient_live_bytes":0,"transient_peak_bytes":28213248,"wait":{"nanos":26939375,"secs":0}},"prefill_ms":27.678958,"prefill_profile":{},"prefill_tps":578.0564427316954,"prompt_ids":[151644,8948,198,2610,525,264,10950,17847,13,151645,198,151644,872,198,9707,0],"prompt_tokens":16,"q4_k_mpp_tile_k64":true,"q5_0_gemv_n4":false,"q5_1_mpp_tile_k64":true,"q8_0_mpp_tile_k64":true,"retained_weight_bytes":485309184,"runtime":"ferrum","sampling_ms":3.752916,"source_tensor_bytes":485452288,"tensor_count":291,"warmup":false,"process_rss_bytes":806256640,"ferrum_variant":"control","source_matrix_case_model":"qwen2.5-phase7a-small-batch-shape-probe-q4_k_m","engine_order":["ferrum-candidate","ferrum-control","llama.cpp"],"case_index":5,"engine_load_plus_first_warmup_ms":877.0456250058487}
{"case":"m16","command_buffer_count":null,"decode_aggregate_tps":230.87889469222657,"decode_median_ms":4.377958,"decode_ms":[4.6295,4.475,4.262417,4.37975,4.442666,4.377958,4.428458,4.395917,4.024292,4.385167,4.373042,4.052167,4.375542,4.033125,4.334125],"decode_tps":228.4169925796456,"dispatch_count":null,"first_token_ms":16.331,"generated_ids":[2585,646,358,7789,498,3351,30,151645,198,151644,872,198,9707,0,2585,646],"generated_tokens":16,"generation_ms":85.106042,"generation_tps":188.0007532250178,"kv_context_capacity_tokens":4096,"kv_type":"bf16","llama_commit":"84e76d8a23162eca70490da131945ebec1f09bf4","llama_version":"0.5.0-dev","model_format":"GGUF","pair":3,"pair_order":"ferrum-candidate>ferrum-control>llama.cpp","prefill_ms":16.06725,"prefill_tps":995.814467317058,"process_max_rss_bytes":662716416,"prompt_ids":[151644,8948,198,2610,525,264,10950,17847,13,151645,198,151644,872,198,9707,0],"prompt_tokens":16,"runtime":"llama.cpp","sampling_ms":4.067209,"warmup":false,"process_rss_bytes":662437888,"source_matrix_case_model":"qwen2.5-phase7a-small-batch-shape-probe-q4_k_m","engine_order":["ferrum-candidate","ferrum-control","llama.cpp"],"case_index":5,"engine_load_plus_first_warmup_ms":978.256624948699}
{"case":"m16","command_buffer_count":null,"decode_aggregate_tps":238.85873677741728,"decode_median_ms":4.069917,"decode_ms":[4.45125,4.345333,4.019833,4.080291,4.068917,4.039375,4.336917,3.999458,4.359375,3.975917,4.443041,4.06225,4.487458,4.069917,4.059292],"decode_tps":245.70525639712062,"dispatch_count":null,"first_token_ms":16.018833,"generated_ids":[2585,646,358,7789,498,3351,30,151645,198,151644,872,198,9707,0,2585,646],"generated_tokens":16,"generation_ms":82.566917,"generation_tps":193.78221424932215,"kv_context_capacity_tokens":4096,"kv_type":"bf16","llama_commit":"84e76d8a23162eca70490da131945ebec1f09bf4","llama_version":"0.5.0-dev","model_format":"GGUF","pair":4,"pair_order":"llama.cpp>ferrum-control>ferrum-candidate","prefill_ms":15.755917,"prefill_tps":1015.4915134422198,"process_max_rss_bytes":662716416,"prompt_ids":[151644,8948,198,2610,525,264,10950,17847,13,151645,198,151644,872,198,9707,0],"prompt_tokens":16,"runtime":"llama.cpp","sampling_ms":4.010870999999999,"warmup":false,"process_rss_bytes":662437888,"source_matrix_case_model":"qwen2.5-phase7a-small-batch-shape-probe-q4_k_m","engine_order":["llama.cpp","ferrum-control","ferrum-candidate"],"case_index":5,"engine_load_plus_first_warmup_ms":978.256624948699}
{"case":"m16","decode_aggregate_tps":119.77243429120566,"decode_counters":[{"allocated_bytes":4,"allocation_time":{"nanos":8459,"secs":0},"allocations":1,"arena_capacity":60293120,"arena_high_water":60293120,"command_buffers":1,"completion_waits":1,"dispatches":531,"encode":{"nanos":214379,"secs":0},"gpu":{"nanos":7297292,"secs":0},"reused_bytes":2254848,"transient_live_bytes":524288,"transient_peak_bytes":2254848,"wait":{"nanos":7555000,"secs":0}},{"allocated_bytes":4,"allocation_time":{"nanos":4959,"secs":0},"allocations":1,"arena_capacity":60293120,"arena_high_water":60293120,"command_buffers":1,"completion_waits":1,"dispatches":531,"encode":{"nanos":183042,"secs":0},"gpu":{"nanos":7518375,"secs":0},"reused_bytes":2254848,"transient_live_bytes":524288,"transient_peak_bytes":2254848,"wait":{"nanos":7772083,"secs":0}},{"allocated_bytes":4,"allocation_time":{"nanos":3458,"secs":0},"allocations":1,"arena_capacity":60293120,"arena_high_water":60293120,"command_buffers":1,"completion_waits":1,"dispatches":531,"encode":{"nanos":201128,"secs":0},"gpu":{"nanos":7538750,"secs":0},"reused_bytes":2279424,"transient_live_bytes":524288,"transient_peak_bytes":2279424,"wait":{"nanos":7767542,"secs":0}},{"allocated_bytes":4,"allocation_time":{"nanos":3166,"secs":0},"allocations":1,"arena_capacity":60293120,"arena_high_water":60293120,"command_buffers":1,"completion_waits":1,"dispatches":531,"encode":{"nanos":177819,"secs":0},"gpu":{"nanos":7514917,"secs":0},"reused_bytes":2279424,"transient_live_bytes":524288,"transient_peak_bytes":2279424,"wait":{"nanos":7759209,"secs":0}},{"allocated_bytes":4,"allocation_time":{"nanos":5458,"secs":0},"allocations":1,"arena_capacity":60293120,"arena_high_water":60293120,"command_buffers":1,"completion_waits":1,"dispatches":531,"encode":{"nanos":200041,"secs":0},"gpu":{"nanos":7550500,"secs":0},"reused_bytes":2279424,"transient_live_bytes":524288,"transient_peak_bytes":2279424,"wait":{"nanos":7786833,"secs":0}},{"allocated_bytes":4,"allocation_time":{"nanos":3834,"secs":0},"allocations":1,"arena_capacity":60293120,"arena_high_water":60293120,"command_buffers":1,"completion_waits":1,"dispatches":531,"encode":{"nanos":187332,"secs":0},"gpu":{"nanos":7615000,"secs":0},"reused_bytes":2279424,"transient_live_bytes":524288,"transient_peak_bytes":2279424,"wait":{"nanos":7861209,"secs":0}},{"allocated_bytes":4,"allocation_time":{"nanos":3291,"secs":0},"allocations":1,"arena_capacity":60293120,"arena_high_water":60293120,"command_buffers":1,"completion_waits":1,"dispatches":531,"encode":{"nanos":176467,"secs":0},"gpu":{"nanos":7356458,"secs":0},"reused_bytes":2279424,"transient_live_bytes":524288,"transient_peak_bytes":2279424,"wait":{"nanos":7612459,"secs":0}},{"allocated_bytes":4,"allocation_time":{"nanos":2625,"secs":0},"allocations":1,"arena_capacity":60293120,"arena_high_water":60293120,"command_buffers":1,"completion_waits":1,"dispatches":531,"encode":{"nanos":174253,"secs":0},"gpu":{"nanos":7669250,"secs":0},"reused_bytes":2279424,"transient_live_bytes":524288,"transient_peak_bytes":2279424,"wait":{"nanos":7885542,"secs":0}},{"allocated_bytes":4,"allocation_time":{"nanos":11417,"secs":0},"allocations":1,"arena_capacity":60293120,"arena_high_water":60293120,"command_buffers":1,"completion_waits":1,"dispatches":531,"encode":{"nanos":206489,"secs":0},"gpu":{"nanos":7909292,"secs":0},"reused_bytes":2279424,"transient_live_bytes":524288,"transient_peak_bytes":2279424,"wait":{"nanos":8143042,"secs":0}},{"allocated_bytes":4,"allocation_time":{"nanos":11750,"secs":0},"allocations":1,"arena_capacity":60293120,"arena_high_water":60293120,"command_buffers":1,"completion_waits":1,"dispatches":531,"encode":{"nanos":205252,"secs":0},"gpu":{"nanos":7670792,"secs":0},"reused_bytes":2279424,"transient_live_bytes":524288,"transient_peak_bytes":2279424,"wait":{"nanos":7902375,"secs":0}},{"allocated_bytes":4,"allocation_time":{"nanos":6125,"secs":0},"allocations":1,"arena_capacity":60293120,"arena_high_water":60293120,"command_buffers":1,"completion_waits":1,"dispatches":531,"encode":{"nanos":188912,"secs":0},"gpu":{"nanos":7613125,"secs":0},"reused_bytes":2279424,"transient_live_bytes":524288,"transient_peak_bytes":2279424,"wait":{"nanos":7799750,"secs":0}},{"allocated_bytes":4,"allocation_time":{"nanos":3833,"secs":0},"allocations":1,"arena_capacity":60293120,"arena_high_water":60293120,"command_buffers":1,"completion_waits":1,"dispatches":531,"encode":{"nanos":201415,"secs":0},"gpu":{"nanos":7724833,"secs":0},"reused_bytes":2279424,"transient_live_bytes":524288,"transient_peak_bytes":2279424,"wait":{"nanos":7960416,"secs":0}},{"allocated_bytes":4,"allocation_time":{"nanos":4208,"secs":0},"allocations":1,"arena_capacity":60293120,"arena_high_water":60293120,"command_buffers":1,"completion_waits":1,"dispatches":531,"encode":{"nanos":196202,"secs":0},"gpu":{"nanos":7801708,"secs":0},"reused_bytes":2279424,"transient_live_bytes":524288,"transient_peak_bytes":2279424,"wait":{"nanos":8025875,"secs":0}},{"allocated_bytes":4,"allocation_time":{"nanos":3625,"secs":0},"allocations":1,"arena_capacity":60293120,"arena_high_water":60293120,"command_buffers":1,"completion_waits":1,"dispatches":531,"encode":{"nanos":183162,"secs":0},"gpu":{"nanos":8856500,"secs":0},"reused_bytes":2279424,"transient_live_bytes":524288,"transient_peak_bytes":2279424,"wait":{"nanos":9071458,"secs":0}},{"allocated_bytes":4,"allocation_time":{"nanos":5750,"secs":0},"allocations":1,"arena_capacity":60293120,"arena_high_water":60293120,"command_buffers":1,"completion_waits":1,"dispatches":531,"encode":{"nanos":214417,"secs":0},"gpu":{"nanos":7279333,"secs":0},"reused_bytes":2279424,"transient_live_bytes":524288,"transient_peak_bytes":2279424,"wait":{"nanos":7513875,"secs":0}}],"decode_median_ms":8.2675,"decode_ms":[8.046916,8.217584,8.198084,8.190083000000001,8.2675,8.297458,8.045583,8.29225,8.609541,8.380666,8.224874999999999,8.450833,8.495249999999999,9.521042,7.999833],"decode_profiles":[{},{},{},{},{},{},{},{},{},{},{},{},{},{},{}],"decode_tps":120.95554883580284,"first_token_ms":28.247,"generated_ids":[2585,646,358,7789,498,3351,30,151645,198,151644,872,198,9707,0,2585,646],"generated_tokens":16,"generation_ms":157.168042,"generation_tps":101.80186631070966,"gguf_mpp_min_rows":16,"kv_active_bytes":380928,"kv_reserved_bytes":3145728,"model_format":"GGUF","model_repository":"Qwen/Qwen2.5-0.5B-Instruct-GGUF","model_revision":"9217f5db79a29953eb74d5343926648285ec7e67","moe_expert_tensorops":true,"moe_expert_tensorops_min_routes_per_expert":8,"moe_expert_tensorops_tile_k64":true,"packed_quantized_bytes":485166080,"pair":4,"pair_order":"llama.cpp>ferrum-control>ferrum-candidate","parameter_count":630167424,"prefill_counters":{"allocated_bytes":3145792,"allocation_time":{"nanos":377039,"secs":0},"allocations":49,"arena_capacity":60293120,"arena_high_water":60293120,"command_buffers":1,"completion_waits":1,"dispatches":531,"encode":{"nanos":215327,"secs":0},"gpu":{"nanos":26594458,"secs":0},"reused_bytes":28213248,"transient_live_bytes":0,"transient_peak_bytes":28213248,"wait":{"nanos":27135625,"secs":0}},"prefill_ms":27.946458,"prefill_profile":{},"prefill_tps":572.5233587741244,"prompt_ids":[151644,8948,198,2610,525,264,10950,17847,13,151645,198,151644,872,198,9707,0],"prompt_tokens":16,"q4_k_mpp_tile_k64":true,"q5_0_gemv_n4":false,"q5_1_mpp_tile_k64":true,"q8_0_mpp_tile_k64":true,"retained_weight_bytes":485309184,"runtime":"ferrum","sampling_ms":3.7945409999999997,"source_tensor_bytes":485452288,"tensor_count":291,"warmup":false,"process_rss_bytes":806256640,"ferrum_variant":"control","source_matrix_case_model":"qwen2.5-phase7a-small-batch-shape-probe-q4_k_m","engine_order":["llama.cpp","ferrum-control","ferrum-candidate"],"case_index":5,"engine_load_plus_first_warmup_ms":877.0456250058487}
{"case":"m16","decode_aggregate_tps":121.40584176906312,"decode_counters":[{"allocated_bytes":4,"allocation_time":{"nanos":6916,"secs":0},"allocations":1,"arena_capacity":60293120,"arena_high_water":60293120,"command_buffers":1,"completion_waits":1,"dispatches":531,"encode":{"nanos":202236,"secs":0},"gpu":{"nanos":7347625,"secs":0},"reused_bytes":2254848,"transient_live_bytes":524288,"transient_peak_bytes":2254848,"wait":{"nanos":7590667,"secs":0}},{"allocated_bytes":4,"allocation_time":{"nanos":4125,"secs":0},"allocations":1,"arena_capacity":60293120,"arena_high_water":60293120,"command_buffers":1,"completion_waits":1,"dispatches":531,"encode":{"nanos":186978,"secs":0},"gpu":{"nanos":7550208,"secs":0},"reused_bytes":2254848,"transient_live_bytes":524288,"transient_peak_bytes":2254848,"wait":{"nanos":7886000,"secs":0}},{"allocated_bytes":4,"allocation_time":{"nanos":3083,"secs":0},"allocations":1,"arena_capacity":60293120,"arena_high_water":60293120,"command_buffers":1,"completion_waits":1,"dispatches":531,"encode":{"nanos":180107,"secs":0},"gpu":{"nanos":7568375,"secs":0},"reused_bytes":2279424,"transient_live_bytes":524288,"transient_peak_bytes":2279424,"wait":{"nanos":7790958,"secs":0}},{"allocated_bytes":4,"allocation_time":{"nanos":3416,"secs":0},"allocations":1,"arena_capacity":60293120,"arena_high_water":60293120,"command_buffers":1,"completion_waits":1,"dispatches":531,"encode":{"nanos":177164,"secs":0},"gpu":{"nanos":7565792,"secs":0},"reused_bytes":2279424,"transient_live_bytes":524288,"transient_peak_bytes":2279424,"wait":{"nanos":7815208,"secs":0}},{"allocated_bytes":4,"allocation_time":{"nanos":2458,"secs":0},"allocations":1,"arena_capacity":60293120,"arena_high_water":60293120,"command_buffers":1,"completion_waits":1,"dispatches":531,"encode":{"nanos":174559,"secs":0},"gpu":{"nanos":7573083,"secs":0},"reused_bytes":2279424,"transient_live_bytes":524288,"transient_peak_bytes":2279424,"wait":{"nanos":7773541,"secs":0}},{"allocated_bytes":4,"allocation_time":{"nanos":2916,"secs":0},"allocations":1,"arena_capacity":60293120,"arena_high_water":60293120,"command_buffers":1,"completion_waits":1,"dispatches":531,"encode":{"nanos":172827,"secs":0},"gpu":{"nanos":7633125,"secs":0},"reused_bytes":2279424,"transient_live_bytes":524288,"transient_peak_bytes":2279424,"wait":{"nanos":7862875,"secs":0}},{"allocated_bytes":4,"allocation_time":{"nanos":3833,"secs":0},"allocations":1,"arena_capacity":60293120,"arena_high_water":60293120,"command_buffers":1,"completion_waits":1,"dispatches":531,"encode":{"nanos":179267,"secs":0},"gpu":{"nanos":7341125,"secs":0},"reused_bytes":2279424,"transient_live_bytes":524288,"transient_peak_bytes":2279424,"wait":{"nanos":7579167,"secs":0}},{"allocated_bytes":4,"allocation_time":{"nanos":2792,"secs":0},"allocations":1,"arena_capacity":60293120,"arena_high_water":60293120,"command_buffers":1,"completion_waits":1,"dispatches":531,"encode":{"nanos":187532,"secs":0},"gpu":{"nanos":7658458,"secs":0},"reused_bytes":2279424,"transient_live_bytes":524288,"transient_peak_bytes":2279424,"wait":{"nanos":7873000,"secs":0}},{"allocated_bytes":4,"allocation_time":{"nanos":2916,"secs":0},"allocations":1,"arena_capacity":60293120,"arena_high_water":60293120,"command_buffers":1,"completion_waits":1,"dispatches":531,"encode":{"nanos":175137,"secs":0},"gpu":{"nanos":7647500,"secs":0},"reused_bytes":2279424,"transient_live_bytes":524288,"transient_peak_bytes":2279424,"wait":{"nanos":7865250,"secs":0}},{"allocated_bytes":4,"allocation_time":{"nanos":3208,"secs":0},"allocations":1,"arena_capacity":60293120,"arena_high_water":60293120,"command_buffers":1,"completion_waits":1,"dispatches":531,"encode":{"nanos":176836,"secs":0},"gpu":{"nanos":7593292,"secs":0},"reused_bytes":2279424,"transient_live_bytes":524288,"transient_peak_bytes":2279424,"wait":{"nanos":7879125,"secs":0}},{"allocated_bytes":4,"allocation_time":{"nanos":3625,"secs":0},"allocations":1,"arena_capacity":60293120,"arena_high_water":60293120,"command_buffers":1,"completion_waits":1,"dispatches":531,"encode":{"nanos":178875,"secs":0},"gpu":{"nanos":7586917,"secs":0},"reused_bytes":2279424,"transient_live_bytes":524288,"transient_peak_bytes":2279424,"wait":{"nanos":7850208,"secs":0}},{"allocated_bytes":4,"allocation_time":{"nanos":3375,"secs":0},"allocations":1,"arena_capacity":60293120,"arena_high_water":60293120,"command_buffers":1,"completion_waits":1,"dispatches":531,"encode":{"nanos":203418,"secs":0},"gpu":{"nanos":7710500,"secs":0},"reused_bytes":2279424,"transient_live_bytes":524288,"transient_peak_bytes":2279424,"wait":{"nanos":7912750,"secs":0}},{"allocated_bytes":4,"allocation_time":{"nanos":2791,"secs":0},"allocations":1,"arena_capacity":60293120,"arena_high_water":60293120,"command_buffers":1,"completion_waits":1,"dispatches":531,"encode":{"nanos":244893,"secs":0},"gpu":{"nanos":7541042,"secs":0},"reused_bytes":2279424,"transient_live_bytes":524288,"transient_peak_bytes":2279424,"wait":{"nanos":7758417,"secs":0}},{"allocated_bytes":4,"allocation_time":{"nanos":2917,"secs":0},"allocations":1,"arena_capacity":60293120,"arena_high_water":60293120,"command_buffers":1,"completion_waits":1,"dispatches":531,"encode":{"nanos":174874,"secs":0},"gpu":{"nanos":7798583,"secs":0},"reused_bytes":2279424,"transient_live_bytes":524288,"transient_peak_bytes":2279424,"wait":{"nanos":8023583,"secs":0}},{"allocated_bytes":4,"allocation_time":{"nanos":3375,"secs":0},"allocations":1,"arena_capacity":60293120,"arena_high_water":60293120,"command_buffers":1,"completion_waits":1,"dispatches":531,"encode":{"nanos":186737,"secs":0},"gpu":{"nanos":7142500,"secs":0},"reused_bytes":2279424,"transient_live_bytes":524288,"transient_peak_bytes":2279424,"wait":{"nanos":7365834,"secs":0}}],"decode_median_ms":8.289833,"decode_ms":[8.068708,8.352958000000001,8.231792,8.237665999999999,8.170208,8.291958000000001,8.016583,8.336833,8.290792,8.317375,8.289833,8.404874999999999,8.288583000000001,8.444333,7.810041999999999],"decode_profiles":[{},{},{},{},{},{},{},{},{},{},{},{},{},{},{}],"decode_tps":120.62969181646965,"first_token_ms":28.521708,"generated_ids":[2585,646,358,7789,498,3351,30,151645,198,151644,872,198,9707,0,2585,646],"generated_tokens":16,"generation_ms":155.671583,"generation_tps":102.7804798516117,"gguf_mpp_min_rows":8,"kv_active_bytes":380928,"kv_reserved_bytes":3145728,"model_format":"GGUF","model_repository":"Qwen/Qwen2.5-0.5B-Instruct-GGUF","model_revision":"9217f5db79a29953eb74d5343926648285ec7e67","moe_expert_tensorops":true,"moe_expert_tensorops_min_routes_per_expert":8,"moe_expert_tensorops_tile_k64":true,"packed_quantized_bytes":485166080,"pair":4,"pair_order":"llama.cpp>ferrum-control>ferrum-candidate","parameter_count":630167424,"prefill_counters":{"allocated_bytes":3145792,"allocation_time":{"nanos":316036,"secs":0},"allocations":49,"arena_capacity":60293120,"arena_high_water":60293120,"command_buffers":1,"completion_waits":1,"dispatches":531,"encode":{"nanos":212842,"secs":0},"gpu":{"nanos":26975292,"secs":0},"reused_bytes":28213248,"transient_live_bytes":0,"transient_peak_bytes":28213248,"wait":{"nanos":27475958,"secs":0}},"prefill_ms":28.221541,"prefill_profile":{},"prefill_tps":566.9428186079563,"prompt_ids":[151644,8948,198,2610,525,264,10950,17847,13,151645,198,151644,872,198,9707,0],"prompt_tokens":16,"q4_k_mpp_tile_k64":true,"q5_0_gemv_n4":false,"q5_1_mpp_tile_k64":true,"q8_0_mpp_tile_k64":true,"retained_weight_bytes":485309184,"runtime":"ferrum","sampling_ms":3.717962,"source_tensor_bytes":485452288,"tensor_count":291,"warmup":false,"process_rss_bytes":806256640,"ferrum_variant":"candidate","source_matrix_case_model":"qwen2.5-phase7a-small-batch-shape-probe-q4_k_m","engine_order":["llama.cpp","ferrum-control","ferrum-candidate"],"case_index":5,"engine_load_plus_first_warmup_ms":877.0456250058487}
{"case":"m21","decode_aggregate_tps":122.07374979796793,"decode_counters":[{"allocated_bytes":4,"allocation_time":{"nanos":4334,"secs":0},"allocations":1,"arena_capacity":60293120,"arena_high_water":60293120,"command_buffers":1,"completion_waits":1,"dispatches":531,"encode":{"nanos":194917,"secs":0},"gpu":{"nanos":7709250,"secs":0},"reused_bytes":2279424,"transient_live_bytes":524288,"transient_peak_bytes":2279424,"wait":{"nanos":7918584,"secs":0}},{"allocated_bytes":4,"allocation_time":{"nanos":2625,"secs":0},"allocations":1,"arena_capacity":60293120,"arena_high_water":60293120,"command_buffers":1,"completion_waits":1,"dispatches":531,"encode":{"nanos":181964,"secs":0},"gpu":{"nanos":7721375,"secs":0},"reused_bytes":2279424,"transient_live_bytes":524288,"transient_peak_bytes":2279424,"wait":{"nanos":7946625,"secs":0}},{"allocated_bytes":4,"allocation_time":{"nanos":3750,"secs":0},"allocations":1,"arena_capacity":60293120,"arena_high_water":60293120,"command_buffers":1,"completion_waits":1,"dispatches":531,"encode":{"nanos":181166,"secs":0},"gpu":{"nanos":7554625,"secs":0},"reused_bytes":2279424,"transient_live_bytes":524288,"transient_peak_bytes":2279424,"wait":{"nanos":7836417,"secs":0}},{"allocated_bytes":4,"allocation_time":{"nanos":3291,"secs":0},"allocations":1,"arena_capacity":60293120,"arena_high_water":60293120,"command_buffers":1,"completion_waits":1,"dispatches":531,"encode":{"nanos":176206,"secs":0},"gpu":{"nanos":7641167,"secs":0},"reused_bytes":2279424,"transient_live_bytes":524288,"transient_peak_bytes":2279424,"wait":{"nanos":7897125,"secs":0}},{"allocated_bytes":4,"allocation_time":{"nanos":3375,"secs":0},"allocations":1,"arena_capacity":60293120,"arena_high_water":60293120,"command_buffers":1,"completion_waits":1,"dispatches":531,"encode":{"nanos":191793,"secs":0},"gpu":{"nanos":7883583,"secs":0},"reused_bytes":2279424,"transient_live_bytes":524288,"transient_peak_bytes":2279424,"wait":{"nanos":8107500,"secs":0}},{"allocated_bytes":4,"allocation_time":{"nanos":3125,"secs":0},"allocations":1,"arena_capacity":60293120,"arena_high_water":60293120,"command_buffers":1,"completion_waits":1,"dispatches":531,"encode":{"nanos":177335,"secs":0},"gpu":{"nanos":7500250,"secs":0},"reused_bytes":2279424,"transient_live_bytes":524288,"transient_peak_bytes":2279424,"wait":{"nanos":7730833,"secs":0}},{"allocated_bytes":4,"allocation_time":{"nanos":2750,"secs":0},"allocations":1,"arena_capacity":60293120,"arena_high_water":60293120,"command_buffers":1,"completion_waits":1,"dispatches":531,"encode":{"nanos":176381,"secs":0},"gpu":{"nanos":7497125,"secs":0},"reused_bytes":2279424,"transient_live_bytes":524288,"transient_peak_bytes":2279424,"wait":{"nanos":7721958,"secs":0}},{"allocated_bytes":4,"allocation_time":{"nanos":2833,"secs":0},"allocations":1,"arena_capacity":60293120,"arena_high_water":60293120,"command_buffers":1,"completion_waits":1,"dispatches":531,"encode":{"nanos":187812,"secs":0},"gpu":{"nanos":7015250,"secs":0},"reused_bytes":2279424,"transient_live_bytes":524288,"transient_peak_bytes":2279424,"wait":{"nanos":7254292,"secs":0}},{"allocated_bytes":4,"allocation_time":{"nanos":3125,"secs":0},"allocations":1,"arena_capacity":60293120,"arena_high_water":60293120,"command_buffers":1,"completion_waits":1,"dispatches":531,"encode":{"nanos":175174,"secs":0},"gpu":{"nanos":7479375,"secs":0},"reused_bytes":2279424,"transient_live_bytes":524288,"transient_peak_bytes":2279424,"wait":{"nanos":7781208,"secs":0}},{"allocated_bytes":4,"allocation_time":{"nanos":2750,"secs":0},"allocations":1,"arena_capacity":60293120,"arena_high_water":60293120,"command_buffers":1,"completion_waits":1,"dispatches":531,"encode":{"nanos":182705,"secs":0},"gpu":{"nanos":7606000,"secs":0},"reused_bytes":2279424,"transient_live_bytes":524288,"transient_peak_bytes":2279424,"wait":{"nanos":7846875,"secs":0}},{"allocated_bytes":4,"allocation_time":{"nanos":3042,"secs":0},"allocations":1,"arena_capacity":60293120,"arena_high_water":60293120,"command_buffers":1,"completion_waits":1,"dispatches":531,"encode":{"nanos":176965,"secs":0},"gpu":{"nanos":7459458,"secs":0},"reused_bytes":2279424,"transient_live_bytes":524288,"transient_peak_bytes":2279424,"wait":{"nanos":7677583,"secs":0}},{"allocated_bytes":4,"allocation_time":{"nanos":3167,"secs":0},"allocations":1,"arena_capacity":60293120,"arena_high_water":60293120,"command_buffers":1,"completion_waits":1,"dispatches":531,"encode":{"nanos":177658,"secs":0},"gpu":{"nanos":6996292,"secs":0},"reused_bytes":2279424,"transient_live_bytes":524288,"transient_peak_bytes":2279424,"wait":{"nanos":7189792,"secs":0}},{"allocated_bytes":4,"allocation_time":{"nanos":3375,"secs":0},"allocations":1,"arena_capacity":60293120,"arena_high_water":60293120,"command_buffers":1,"completion_waits":1,"dispatches":531,"encode":{"nanos":175442,"secs":0},"gpu":{"nanos":7499750,"secs":0},"reused_bytes":2279424,"transient_live_bytes":524288,"transient_peak_bytes":2279424,"wait":{"nanos":7726000,"secs":0}},{"allocated_bytes":4,"allocation_time":{"nanos":2666,"secs":0},"allocations":1,"arena_capacity":60293120,"arena_high_water":60293120,"command_buffers":1,"completion_waits":1,"dispatches":531,"encode":{"nanos":174999,"secs":0},"gpu":{"nanos":7447000,"secs":0},"reused_bytes":2279424,"transient_live_bytes":524288,"transient_peak_bytes":2279424,"wait":{"nanos":7690875,"secs":0}},{"allocated_bytes":4,"allocation_time":{"nanos":3417,"secs":0},"allocations":1,"arena_capacity":60293120,"arena_high_water":60293120,"command_buffers":1,"completion_waits":1,"dispatches":531,"encode":{"nanos":179957,"secs":0},"gpu":{"nanos":7780042,"secs":0},"reused_bytes":2279424,"transient_live_bytes":524288,"transient_peak_bytes":2279424,"wait":{"nanos":8016458,"secs":0}}],"decode_median_ms":8.186583,"decode_ms":[8.38,8.384291000000001,8.27925,8.319333,8.565790999999999,8.165000000000001,8.15825,7.697167,8.186583,8.311708,8.099209,7.604417,8.150915999999999,8.119375,8.45525],"decode_profiles":[{},{},{},{},{},{},{},{},{},{},{},{},{},{},{}],"decode_tps":122.15108550172886,"first_token_ms":28.495209,"generated_ids":[9707,0,2585,646,358,7789,498,3351,30,151645,198,151643,33975,25,2585,646],"generated_tokens":16,"generation_ms":155.015958,"generation_tps":103.21517994940882,"gguf_mpp_min_rows":16,"kv_active_bytes":442368,"kv_reserved_bytes":3145728,"model_format":"GGUF","model_repository":"Qwen/Qwen2.5-0.5B-Instruct-GGUF","model_revision":"9217f5db79a29953eb74d5343926648285ec7e67","moe_expert_tensorops":true,"moe_expert_tensorops_min_routes_per_expert":8,"moe_expert_tensorops_tile_k64":true,"packed_quantized_bytes":485166080,"pair":0,"pair_order":"ferrum-control>ferrum-candidate>llama.cpp","parameter_count":630167424,"prefill_counters":{"allocated_bytes":3145812,"allocation_time":{"nanos":320658,"secs":0},"allocations":49,"arena_capacity":60293120,"arena_high_water":60293120,"command_buffers":1,"completion_waits":1,"dispatches":531,"encode":{"nanos":209997,"secs":0},"gpu":{"nanos":26828750,"secs":0},"reused_bytes":37027840,"transient_live_bytes":0,"transient_peak_bytes":37027840,"wait":{"nanos":27458958,"secs":0}},"prefill_ms":28.195375000000002,"prefill_profile":{},"prefill_tps":744.8030040387829,"prompt_ids":[151644,8948,198,2610,525,264,10950,17847,13,151645,198,151644,872,198,9707,0,151645,198,151644,77091,198],"prompt_tokens":21,"q4_k_mpp_tile_k64":true,"q5_0_gemv_n4":false,"q5_1_mpp_tile_k64":true,"q8_0_mpp_tile_k64":true,"retained_weight_bytes":485309184,"runtime":"ferrum","sampling_ms":3.7721270000000002,"source_tensor_bytes":485452288,"tensor_count":291,"warmup":false,"process_rss_bytes":806256640,"ferrum_variant":"control","source_matrix_case_model":"qwen2.5-phase7a-small-batch-shape-probe-q4_k_m","engine_order":["ferrum-control","ferrum-candidate","llama.cpp"],"case_index":6,"engine_load_plus_first_warmup_ms":877.0456250058487}
{"case":"m21","decode_aggregate_tps":122.38574462595628,"decode_counters":[{"allocated_bytes":4,"allocation_time":{"nanos":10250,"secs":0},"allocations":1,"arena_capacity":60293120,"arena_high_water":60293120,"command_buffers":1,"completion_waits":1,"dispatches":531,"encode":{"nanos":202485,"secs":0},"gpu":{"nanos":7675917,"secs":0},"reused_bytes":2279424,"transient_live_bytes":524288,"transient_peak_bytes":2279424,"wait":{"nanos":7909417,"secs":0}},{"allocated_bytes":4,"allocation_time":{"nanos":5458,"secs":0},"allocations":1,"arena_capacity":60293120,"arena_high_water":60293120,"command_buffers":1,"completion_waits":1,"dispatches":531,"encode":{"nanos":193393,"secs":0},"gpu":{"nanos":7610708,"secs":0},"reused_bytes":2279424,"transient_live_bytes":524288,"transient_peak_bytes":2279424,"wait":{"nanos":7851166,"secs":0}},{"allocated_bytes":4,"allocation_time":{"nanos":3458,"secs":0},"allocations":1,"arena_capacity":60293120,"arena_high_water":60293120,"command_buffers":1,"completion_waits":1,"dispatches":531,"encode":{"nanos":178294,"secs":0},"gpu":{"nanos":7513292,"secs":0},"reused_bytes":2279424,"transient_live_bytes":524288,"transient_peak_bytes":2279424,"wait":{"nanos":7830083,"secs":0}},{"allocated_bytes":4,"allocation_time":{"nanos":3958,"secs":0},"allocations":1,"arena_capacity":60293120,"arena_high_water":60293120,"command_buffers":1,"completion_waits":1,"dispatches":531,"encode":{"nanos":187190,"secs":0},"gpu":{"nanos":7653375,"secs":0},"reused_bytes":2279424,"transient_live_bytes":524288,"transient_peak_bytes":2279424,"wait":{"nanos":7914500,"secs":0}},{"allocated_bytes":4,"allocation_time":{"nanos":3292,"secs":0},"allocations":1,"arena_capacity":60293120,"arena_high_water":60293120,"command_buffers":1,"completion_waits":1,"dispatches":531,"encode":{"nanos":184869,"secs":0},"gpu":{"nanos":7567250,"secs":0},"reused_bytes":2279424,"transient_live_bytes":524288,"transient_peak_bytes":2279424,"wait":{"nanos":7805458,"secs":0}},{"allocated_bytes":4,"allocation_time":{"nanos":3333,"secs":0},"allocations":1,"arena_capacity":60293120,"arena_high_water":60293120,"command_buffers":1,"completion_waits":1,"dispatches":531,"encode":{"nanos":186727,"secs":0},"gpu":{"nanos":7484542,"secs":0},"reused_bytes":2279424,"transient_live_bytes":524288,"transient_peak_bytes":2279424,"wait":{"nanos":7739375,"secs":0}},{"allocated_bytes":4,"allocation_time":{"nanos":3458,"secs":0},"allocations":1,"arena_capacity":60293120,"arena_high_water":60293120,"command_buffers":1,"completion_waits":1,"dispatches":531,"encode":{"nanos":195331,"secs":0},"gpu":{"nanos":7488167,"secs":0},"reused_bytes":2279424,"transient_live_bytes":524288,"transient_peak_bytes":2279424,"wait":{"nanos":7732417,"secs":0}},{"allocated_bytes":4,"allocation_time":{"nanos":3791,"secs":0},"allocations":1,"arena_capacity":60293120,"arena_high_water":60293120,"command_buffers":1,"completion_waits":1,"dispatches":531,"encode":{"nanos":180673,"secs":0},"gpu":{"nanos":7277958,"secs":0},"reused_bytes":2279424,"transient_live_bytes":524288,"transient_peak_bytes":2279424,"wait":{"nanos":7529666,"secs":0}},{"allocated_bytes":4,"allocation_time":{"nanos":4458,"secs":0},"allocations":1,"arena_capacity":60293120,"arena_high_water":60293120,"command_buffers":1,"completion_waits":1,"dispatches":531,"encode":{"nanos":177754,"secs":0},"gpu":{"nanos":7442292,"secs":0},"reused_bytes":2279424,"transient_live_bytes":524288,"transient_peak_bytes":2279424,"wait":{"nanos":7698833,"secs":0}},{"allocated_bytes":4,"allocation_time":{"nanos":5208,"secs":0},"allocations":1,"arena_capacity":60293120,"arena_high_water":60293120,"command_buffers":1,"completion_waits":1,"dispatches":531,"encode":{"nanos":210840,"secs":0},"gpu":{"nanos":7581625,"secs":0},"reused_bytes":2279424,"transient_live_bytes":524288,"transient_peak_bytes":2279424,"wait":{"nanos":7810958,"secs":0}},{"allocated_bytes":4,"allocation_time":{"nanos":4208,"secs":0},"allocations":1,"arena_capacity":60293120,"arena_high_water":60293120,"command_buffers":1,"completion_waits":1,"dispatches":531,"encode":{"nanos":177452,"secs":0},"gpu":{"nanos":7136875,"secs":0},"reused_bytes":2279424,"transient_live_bytes":524288,"transient_peak_bytes":2279424,"wait":{"nanos":7387500,"secs":0}},{"allocated_bytes":4,"allocation_time":{"nanos":4833,"secs":0},"allocations":1,"arena_capacity":60293120,"arena_high_water":60293120,"command_buffers":1,"completion_waits":1,"dispatches":531,"encode":{"nanos":178468,"secs":0},"gpu":{"nanos":6979750,"secs":0},"reused_bytes":2279424,"transient_live_bytes":524288,"transient_peak_bytes":2279424,"wait":{"nanos":7231583,"secs":0}},{"allocated_bytes":4,"allocation_time":{"nanos":3667,"secs":0},"allocations":1,"arena_capacity":60293120,"arena_high_water":60293120,"command_buffers":1,"completion_waits":1,"dispatches":531,"encode":{"nanos":175927,"secs":0},"gpu":{"nanos":7478917,"secs":0},"reused_bytes":2279424,"transient_live_bytes":524288,"transient_peak_bytes":2279424,"wait":{"nanos":7711292,"secs":0}},{"allocated_bytes":4,"allocation_time":{"nanos":2833,"secs":0},"allocations":1,"arena_capacity":60293120,"arena_high_water":60293120,"command_buffers":1,"completion_waits":1,"dispatches":531,"encode":{"nanos":175009,"secs":0},"gpu":{"nanos":7454167,"secs":0},"reused_bytes":2279424,"transient_live_bytes":524288,"transient_peak_bytes":2279424,"wait":{"nanos":7752250,"secs":0}},{"allocated_bytes":4,"allocation_time":{"nanos":3250,"secs":0},"allocations":1,"arena_capacity":60293120,"arena_high_water":60293120,"command_buffers":1,"completion_waits":1,"dispatches":531,"encode":{"nanos":178972,"secs":0},"gpu":{"nanos":7748958,"secs":0},"reused_bytes":2279424,"transient_live_bytes":524288,"transient_peak_bytes":2279424,"wait":{"nanos":7982500,"secs":0}}],"decode_median_ms":8.197875,"decode_ms":[8.359833,8.287834,8.27275,8.376166000000001,8.251290999999998,8.183,8.197875,7.9588339999999995,8.135917,8.295834000000001,7.822875,7.670209,8.142959,8.186917,8.421],"decode_profiles":[{},{},{},{},{},{},{},{},{},{},{},{},{},{},{}],"decode_tps":121.9828309165485,"first_token_ms":29.207832999999997,"generated_ids":[9707,0,2585,646,358,7789,498,3351,30,151645,198,151643,33975,25,2585,646],"generated_tokens":16,"generation_ms":155.494959,"generation_tps":102.89722639818827,"gguf_mpp_min_rows":8,"kv_active_bytes":442368,"kv_reserved_bytes":3145728,"model_format":"GGUF","model_repository":"Qwen/Qwen2.5-0.5B-Instruct-GGUF","model_revision":"9217f5db79a29953eb74d5343926648285ec7e67","moe_expert_tensorops":true,"moe_expert_tensorops_min_routes_per_expert":8,"moe_expert_tensorops_tile_k64":true,"packed_quantized_bytes":485166080,"pair":0,"pair_order":"ferrum-control>ferrum-candidate>llama.cpp","parameter_count":630167424,"prefill_counters":{"allocated_bytes":3145812,"allocation_time":{"nanos":384164,"secs":0},"allocations":49,"arena_capacity":60293120,"arena_high_water":60293120,"command_buffers":1,"completion_waits":1,"dispatches":531,"encode":{"nanos":253956,"secs":0},"gpu":{"nanos":27509292,"secs":0},"reused_bytes":37027840,"transient_live_bytes":0,"transient_peak_bytes":37027840,"wait":{"nanos":28075250,"secs":0}},"prefill_ms":28.906833,"prefill_profile":{},"prefill_tps":726.4718345313026,"prompt_ids":[151644,8948,198,2610,525,264,10950,17847,13,151645,198,151644,872,198,9707,0,151645,198,151644,77091,198],"prompt_tokens":21,"q4_k_mpp_tile_k64":true,"q5_0_gemv_n4":false,"q5_1_mpp_tile_k64":true,"q8_0_mpp_tile_k64":true,"retained_weight_bytes":485309184,"runtime":"ferrum","sampling_ms":3.8273349999999997,"source_tensor_bytes":485452288,"tensor_count":291,"warmup":false,"process_rss_bytes":806256640,"ferrum_variant":"candidate","source_matrix_case_model":"qwen2.5-phase7a-small-batch-shape-probe-q4_k_m","engine_order":["ferrum-control","ferrum-candidate","llama.cpp"],"case_index":6,"engine_load_plus_first_warmup_ms":877.0456250058487}
{"case":"m21","command_buffer_count":null,"decode_aggregate_tps":238.36639689788066,"decode_median_ms":4.117916,"decode_ms":[4.525542,4.422833,4.04,4.345917,4.117916,4.093542,4.361,4.05025,4.379458,3.981584,4.346542,4.035416,4.043875,4.159958,4.0245],"decode_tps":242.84128185227672,"dispatch_count":null,"first_token_ms":15.454416,"generated_ids":[9707,0,2585,646,358,7789,498,3351,30,151645,198,151643,33975,25,358,2776],"generated_tokens":16,"generation_ms":82.066625,"generation_tps":194.963543340548,"kv_context_capacity_tokens":4096,"kv_type":"bf16","llama_commit":"84e76d8a23162eca70490da131945ebec1f09bf4","llama_version":"0.5.0-dev","model_format":"GGUF","pair":0,"pair_order":"ferrum-control>ferrum-candidate>llama.cpp","prefill_ms":15.1975,"prefill_tps":1381.8062181279815,"process_max_rss_bytes":662716416,"prompt_ids":[151644,8948,198,2610,525,264,10950,17847,13,151645,198,151644,872,198,9707,0,151645,198,151644,77091,198],"prompt_tokens":21,"runtime":"llama.cpp","sampling_ms":3.9389570000000003,"warmup":false,"process_rss_bytes":662437888,"source_matrix_case_model":"qwen2.5-phase7a-small-batch-shape-probe-q4_k_m","engine_order":["ferrum-control","ferrum-candidate","llama.cpp"],"case_index":6,"engine_load_plus_first_warmup_ms":978.256624948699}
{"case":"m21","command_buffer_count":null,"decode_aggregate_tps":237.61781487291094,"decode_median_ms":4.103833,"decode_ms":[4.86325,4.046708,4.103833,4.130916,4.06175,4.329208,4.064375,4.388541,4.007625,4.347458,4.031333,4.063375,4.30525,4.014416,4.368542],"decode_tps":243.67463295899225,"dispatch_count":null,"first_token_ms":14.667167,"generated_ids":[9707,0,2585,646,358,7789,498,3351,30,151645,198,151643,33975,25,358,2776],"generated_tokens":16,"generation_ms":81.4725,"generation_tps":196.38528337782688,"kv_context_capacity_tokens":4096,"kv_type":"bf16","llama_commit":"84e76d8a23162eca70490da131945ebec1f09bf4","llama_version":"0.5.0-dev","model_format":"GGUF","pair":1,"pair_order":"llama.cpp>ferrum-candidate>ferrum-control","prefill_ms":14.398625,"prefill_tps":1458.472597209803,"process_max_rss_bytes":662716416,"prompt_ids":[151644,8948,198,2610,525,264,10950,17847,13,151645,198,151644,872,198,9707,0,151645,198,151644,77091,198],"prompt_tokens":21,"runtime":"llama.cpp","sampling_ms":3.9457929999999997,"warmup":false,"process_rss_bytes":662437888,"source_matrix_case_model":"qwen2.5-phase7a-small-batch-shape-probe-q4_k_m","engine_order":["llama.cpp","ferrum-candidate","ferrum-control"],"case_index":6,"engine_load_plus_first_warmup_ms":978.256624948699}
{"case":"m21","decode_aggregate_tps":121.81862934291128,"decode_counters":[{"allocated_bytes":4,"allocation_time":{"nanos":7541,"secs":0},"allocations":1,"arena_capacity":60293120,"arena_high_water":60293120,"command_buffers":1,"completion_waits":1,"dispatches":531,"encode":{"nanos":203737,"secs":0},"gpu":{"nanos":7648625,"secs":0},"reused_bytes":2279424,"transient_live_bytes":524288,"transient_peak_bytes":2279424,"wait":{"nanos":7895625,"secs":0}},{"allocated_bytes":4,"allocation_time":{"nanos":4000,"secs":0},"allocations":1,"arena_capacity":60293120,"arena_high_water":60293120,"command_buffers":1,"completion_waits":1,"dispatches":531,"encode":{"nanos":251583,"secs":0},"gpu":{"nanos":7830750,"secs":0},"reused_bytes":2279424,"transient_live_bytes":524288,"transient_peak_bytes":2279424,"wait":{"nanos":8080084,"secs":0}},{"allocated_bytes":4,"allocation_time":{"nanos":6000,"secs":0},"allocations":1,"arena_capacity":60293120,"arena_high_water":60293120,"command_buffers":1,"completion_waits":1,"dispatches":531,"encode":{"nanos":213820,"secs":0},"gpu":{"nanos":7279750,"secs":0},"reused_bytes":2279424,"transient_live_bytes":524288,"transient_peak_bytes":2279424,"wait":{"nanos":7587042,"secs":0}},{"allocated_bytes":4,"allocation_time":{"nanos":4292,"secs":0},"allocations":1,"arena_capacity":60293120,"arena_high_water":60293120,"command_buffers":1,"completion_waits":1,"dispatches":531,"encode":{"nanos":179711,"secs":0},"gpu":{"nanos":7368500,"secs":0},"reused_bytes":2279424,"transient_live_bytes":524288,"transient_peak_bytes":2279424,"wait":{"nanos":7599542,"secs":0}},{"allocated_bytes":4,"allocation_time":{"nanos":3833,"secs":0},"allocations":1,"arena_capacity":60293120,"arena_high_water":60293120,"command_buffers":1,"completion_waits":1,"dispatches":531,"encode":{"nanos":177386,"secs":0},"gpu":{"nanos":7853250,"secs":0},"reused_bytes":2279424,"transient_live_bytes":524288,"transient_peak_bytes":2279424,"wait":{"nanos":8121542,"secs":0}},{"allocated_bytes":4,"allocation_time":{"nanos":4833,"secs":0},"allocations":1,"arena_capacity":60293120,"arena_high_water":60293120,"command_buffers":1,"completion_waits":1,"dispatches":531,"encode":{"nanos":183280,"secs":0},"gpu":{"nanos":7728875,"secs":0},"reused_bytes":2279424,"transient_live_bytes":524288,"transient_peak_bytes":2279424,"wait":{"nanos":7991375,"secs":0}},{"allocated_bytes":4,"allocation_time":{"nanos":3666,"secs":0},"allocations":1,"arena_capacity":60293120,"arena_high_water":60293120,"command_buffers":1,"completion_waits":1,"dispatches":531,"encode":{"nanos":179019,"secs":0},"gpu":{"nanos":7524667,"secs":0},"reused_bytes":2279424,"transient_live_bytes":524288,"transient_peak_bytes":2279424,"wait":{"nanos":7793958,"secs":0}},{"allocated_bytes":4,"allocation_time":{"nanos":4125,"secs":0},"allocations":1,"arena_capacity":60293120,"arena_high_water":60293120,"command_buffers":1,"completion_waits":1,"dispatches":531,"encode":{"nanos":178288,"secs":0},"gpu":{"nanos":7284083,"secs":0},"reused_bytes":2279424,"transient_live_bytes":524288,"transient_peak_bytes":2279424,"wait":{"nanos":7538083,"secs":0}},{"allocated_bytes":4,"allocation_time":{"nanos":4084,"secs":0},"allocations":1,"arena_capacity":60293120,"arena_high_water":60293120,"command_buffers":1,"completion_waits":1,"dispatches":531,"encode":{"nanos":178521,"secs":0},"gpu":{"nanos":7446000,"secs":0},"reused_bytes":2279424,"transient_live_bytes":524288,"transient_peak_bytes":2279424,"wait":{"nanos":7747333,"secs":0}},{"allocated_bytes":4,"allocation_time":{"nanos":3375,"secs":0},"allocations":1,"arena_capacity":60293120,"arena_high_water":60293120,"command_buffers":1,"completion_waits":1,"dispatches":531,"encode":{"nanos":186319,"secs":0},"gpu":{"nanos":7299000,"secs":0},"reused_bytes":2279424,"transient_live_bytes":524288,"transient_peak_bytes":2279424,"wait":{"nanos":7560541,"secs":0}},{"allocated_bytes":4,"allocation_time":{"nanos":3167,"secs":0},"allocations":1,"arena_capacity":60293120,"arena_high_water":60293120,"command_buffers":1,"completion_waits":1,"dispatches":531,"encode":{"nanos":176358,"secs":0},"gpu":{"nanos":7398958,"secs":0},"reused_bytes":2279424,"transient_live_bytes":524288,"transient_peak_bytes":2279424,"wait":{"nanos":7671542,"secs":0}},{"allocated_bytes":4,"allocation_time":{"nanos":3083,"secs":0},"allocations":1,"arena_capacity":60293120,"arena_high_water":60293120,"command_buffers":1,"completion_waits":1,"dispatches":531,"encode":{"nanos":174955,"secs":0},"gpu":{"nanos":7222917,"secs":0},"reused_bytes":2279424,"transient_live_bytes":524288,"transient_peak_bytes":2279424,"wait":{"nanos":7475084,"secs":0}},{"allocated_bytes":4,"allocation_time":{"nanos":3333,"secs":0},"allocations":1,"arena_capacity":60293120,"arena_high_water":60293120,"command_buffers":1,"completion_waits":1,"dispatches":531,"encode":{"nanos":177291,"secs":0},"gpu":{"nanos":7483542,"secs":0},"reused_bytes":2279424,"transient_live_bytes":524288,"transient_peak_bytes":2279424,"wait":{"nanos":7766667,"secs":0}},{"allocated_bytes":4,"allocation_time":{"nanos":2417,"secs":0},"allocations":1,"arena_capacity":60293120,"arena_high_water":60293120,"command_buffers":1,"completion_waits":1,"dispatches":531,"encode":{"nanos":176999,"secs":0},"gpu":{"nanos":7438375,"secs":0},"reused_bytes":2279424,"transient_live_bytes":524288,"transient_peak_bytes":2279424,"wait":{"nanos":7680584,"secs":0}},{"allocated_bytes":4,"allocation_time":{"nanos":3208,"secs":0},"allocations":1,"arena_capacity":60293120,"arena_high_water":60293120,"command_buffers":1,"completion_waits":1,"dispatches":531,"encode":{"nanos":174604,"secs":0},"gpu":{"nanos":7737458,"secs":0},"reused_bytes":2279424,"transient_live_bytes":524288,"transient_peak_bytes":2279424,"wait":{"nanos":7980750,"secs":0}}],"decode_median_ms":8.17825,"decode_ms":[8.381583999999998,8.615708999999999,8.0825,8.003708,8.555333,8.437625,8.240958,7.975334,8.17825,8.004125,8.10375,7.904292,8.199207999999999,8.075958,8.375542],"decode_profiles":[{},{},{},{},{},{},{},{},{},{},{},{},{},{},{}],"decode_tps":122.27554794729923,"first_token_ms":28.843,"generated_ids":[9707,0,2585,646,358,7789,498,3351,30,151645,198,151643,33975,25,2585,646],"generated_tokens":16,"generation_ms":155.698333,"generation_tps":102.76282148762634,"gguf_mpp_min_rows":8,"kv_active_bytes":442368,"kv_reserved_bytes":3145728,"model_format":"GGUF","model_repository":"Qwen/Qwen2.5-0.5B-Instruct-GGUF","model_revision":"9217f5db79a29953eb74d5343926648285ec7e67","moe_expert_tensorops":true,"moe_expert_tensorops_min_routes_per_expert":8,"moe_expert_tensorops_tile_k64":true,"packed_quantized_bytes":485166080,"pair":1,"pair_order":"llama.cpp>ferrum-candidate>ferrum-control","parameter_count":630167424,"prefill_counters":{"allocated_bytes":3145812,"allocation_time":{"nanos":403416,"secs":0},"allocations":49,"arena_capacity":60293120,"arena_high_water":60293120,"command_buffers":1,"completion_waits":1,"dispatches":531,"encode":{"nanos":226089,"secs":0},"gpu":{"nanos":27113875,"secs":0},"reused_bytes":37027840,"transient_live_bytes":0,"transient_peak_bytes":37027840,"wait":{"nanos":27683708,"secs":0}},"prefill_ms":28.521083,"prefill_profile":{},"prefill_tps":736.2974260128902,"prompt_ids":[151644,8948,198,2610,525,264,10950,17847,13,151645,198,151644,872,198,9707,0,151645,198,151644,77091,198],"prompt_tokens":21,"q4_k_mpp_tile_k64":true,"q5_0_gemv_n4":false,"q5_1_mpp_tile_k64":true,"q8_0_mpp_tile_k64":true,"retained_weight_bytes":485309184,"runtime":"ferrum","sampling_ms":3.8572480000000002,"source_tensor_bytes":485452288,"tensor_count":291,"warmup":false,"process_rss_bytes":806256640,"ferrum_variant":"candidate","source_matrix_case_model":"qwen2.5-phase7a-small-batch-shape-probe-q4_k_m","engine_order":["llama.cpp","ferrum-candidate","ferrum-control"],"case_index":6,"engine_load_plus_first_warmup_ms":877.0456250058487}
{"case":"m21","decode_aggregate_tps":122.92621629221784,"decode_counters":[{"allocated_bytes":4,"allocation_time":{"nanos":4250,"secs":0},"allocations":1,"arena_capacity":60293120,"arena_high_water":60293120,"command_buffers":1,"completion_waits":1,"dispatches":531,"encode":{"nanos":191377,"secs":0},"gpu":{"nanos":7692167,"secs":0},"reused_bytes":2279424,"transient_live_bytes":524288,"transient_peak_bytes":2279424,"wait":{"nanos":7946667,"secs":0}},{"allocated_bytes":4,"allocation_time":{"nanos":3166,"secs":0},"allocations":1,"arena_capacity":60293120,"arena_high_water":60293120,"command_buffers":1,"completion_waits":1,"dispatches":531,"encode":{"nanos":178810,"secs":0},"gpu":{"nanos":7629000,"secs":0},"reused_bytes":2279424,"transient_live_bytes":524288,"transient_peak_bytes":2279424,"wait":{"nanos":7862042,"secs":0}},{"allocated_bytes":4,"allocation_time":{"nanos":2667,"secs":0},"allocations":1,"arena_capacity":60293120,"arena_high_water":60293120,"command_buffers":1,"completion_waits":1,"dispatches":531,"encode":{"nanos":175555,"secs":0},"gpu":{"nanos":7243583,"secs":0},"reused_bytes":2279424,"transient_live_bytes":524288,"transient_peak_bytes":2279424,"wait":{"nanos":7474666,"secs":0}},{"allocated_bytes":4,"allocation_time":{"nanos":5250,"secs":0},"allocations":1,"arena_capacity":60293120,"arena_high_water":60293120,"command_buffers":1,"completion_waits":1,"dispatches":531,"encode":{"nanos":179695,"secs":0},"gpu":{"nanos":7623125,"secs":0},"reused_bytes":2279424,"transient_live_bytes":524288,"transient_peak_bytes":2279424,"wait":{"nanos":7844583,"secs":0}},{"allocated_bytes":4,"allocation_time":{"nanos":5000,"secs":0},"allocations":1,"arena_capacity":60293120,"arena_high_water":60293120,"command_buffers":1,"completion_waits":1,"dispatches":531,"encode":{"nanos":190575,"secs":0},"gpu":{"nanos":7879333,"secs":0},"reused_bytes":2279424,"transient_live_bytes":524288,"transient_peak_bytes":2279424,"wait":{"nanos":8099833,"secs":0}},{"allocated_bytes":4,"allocation_time":{"nanos":5916,"secs":0},"allocations":1,"arena_capacity":60293120,"arena_high_water":60293120,"command_buffers":1,"completion_waits":1,"dispatches":531,"encode":{"nanos":192725,"secs":0},"gpu":{"nanos":7772250,"secs":0},"reused_bytes":2279424,"transient_live_bytes":524288,"transient_peak_bytes":2279424,"wait":{"nanos":8030750,"secs":0}},{"allocated_bytes":4,"allocation_time":{"nanos":3708,"secs":0},"allocations":1,"arena_capacity":60293120,"arena_high_water":60293120,"command_buffers":1,"completion_waits":1,"dispatches":531,"encode":{"nanos":181795,"secs":0},"gpu":{"nanos":7498500,"secs":0},"reused_bytes":2279424,"transient_live_bytes":524288,"transient_peak_bytes":2279424,"wait":{"nanos":7758458,"secs":0}},{"allocated_bytes":4,"allocation_time":{"nanos":3208,"secs":0},"allocations":1,"arena_capacity":60293120,"arena_high_water":60293120,"command_buffers":1,"completion_waits":1,"dispatches":531,"encode":{"nanos":176054,"secs":0},"gpu":{"nanos":7006083,"secs":0},"reused_bytes":2279424,"transient_live_bytes":524288,"transient_peak_bytes":2279424,"wait":{"nanos":7241417,"secs":0}},{"allocated_bytes":4,"allocation_time":{"nanos":4750,"secs":0},"allocations":1,"arena_capacity":60293120,"arena_high_water":60293120,"command_buffers":1,"completion_waits":1,"dispatches":531,"encode":{"nanos":180753,"secs":0},"gpu":{"nanos":7242500,"secs":0},"reused_bytes":2279424,"transient_live_bytes":524288,"transient_peak_bytes":2279424,"wait":{"nanos":7483125,"secs":0}},{"allocated_bytes":4,"allocation_time":{"nanos":6334,"secs":0},"allocations":1,"arena_capacity":60293120,"arena_high_water":60293120,"command_buffers":1,"completion_waits":1,"dispatches":531,"encode":{"nanos":199291,"secs":0},"gpu":{"nanos":7546458,"secs":0},"reused_bytes":2279424,"transient_live_bytes":524288,"transient_peak_bytes":2279424,"wait":{"nanos":7804292,"secs":0}},{"allocated_bytes":4,"allocation_time":{"nanos":4792,"secs":0},"allocations":1,"arena_capacity":60293120,"arena_high_water":60293120,"command_buffers":1,"completion_waits":1,"dispatches":531,"encode":{"nanos":181044,"secs":0},"gpu":{"nanos":7396500,"secs":0},"reused_bytes":2279424,"transient_live_bytes":524288,"transient_peak_bytes":2279424,"wait":{"nanos":7650417,"secs":0}},{"allocated_bytes":4,"allocation_time":{"nanos":3833,"secs":0},"allocations":1,"arena_capacity":60293120,"arena_high_water":60293120,"command_buffers":1,"completion_waits":1,"dispatches":531,"encode":{"nanos":178619,"secs":0},"gpu":{"nanos":7248625,"secs":0},"reused_bytes":2279424,"transient_live_bytes":524288,"transient_peak_bytes":2279424,"wait":{"nanos":7475583,"secs":0}},{"allocated_bytes":4,"allocation_time":{"nanos":2958,"secs":0},"allocations":1,"arena_capacity":60293120,"arena_high_water":60293120,"command_buffers":1,"completion_waits":1,"dispatches":531,"encode":{"nanos":175913,"secs":0},"gpu":{"nanos":7473000,"secs":0},"reused_bytes":2279424,"transient_live_bytes":524288,"transient_peak_bytes":2279424,"wait":{"nanos":7710666,"secs":0}},{"allocated_bytes":4,"allocation_time":{"nanos":3125,"secs":0},"allocations":1,"arena_capacity":60293120,"arena_high_water":60293120,"command_buffers":1,"completion_waits":1,"dispatches":531,"encode":{"nanos":175757,"secs":0},"gpu":{"nanos":7150625,"secs":0},"reused_bytes":2279424,"transient_live_bytes":524288,"transient_peak_bytes":2279424,"wait":{"nanos":7393500,"secs":0}},{"allocated_bytes":4,"allocation_time":{"nanos":3083,"secs":0},"allocations":1,"arena_capacity":60293120,"arena_high_water":60293120,"command_buffers":1,"completion_waits":1,"dispatches":531,"encode":{"nanos":178184,"secs":0},"gpu":{"nanos":7477375,"secs":0},"reused_bytes":2279424,"transient_live_bytes":524288,"transient_peak_bytes":2279424,"wait":{"nanos":7730500,"secs":0}}],"decode_median_ms":8.165542,"decode_ms":[8.397625000000001,8.297542,7.892958999999999,8.263875,8.52675,8.476125,8.1995,7.66575,7.904625,8.278917,8.090791,7.891375000000001,8.147417,7.825625,8.165542],"decode_profiles":[{},{},{},{},{},{},{},{},{},{},{},{},{},{},{}],"decode_tps":122.4658448881899,"first_token_ms":28.551,"generated_ids":[9707,0,2585,646,358,7789,498,3351,30,151645,198,151643,33975,25,2585,646],"generated_tokens":16,"generation_ms":154.254625,"generation_tps":103.72460469175559,"gguf_mpp_min_rows":16,"kv_active_bytes":442368,"kv_reserved_bytes":3145728,"model_format":"GGUF","model_repository":"Qwen/Qwen2.5-0.5B-Instruct-GGUF","model_revision":"9217f5db79a29953eb74d5343926648285ec7e67","moe_expert_tensorops":true,"moe_expert_tensorops_min_routes_per_expert":8,"moe_expert_tensorops_tile_k64":true,"packed_quantized_bytes":485166080,"pair":1,"pair_order":"llama.cpp>ferrum-candidate>ferrum-control","parameter_count":630167424,"prefill_counters":{"allocated_bytes":3145812,"allocation_time":{"nanos":322500,"secs":0},"allocations":49,"arena_capacity":60293120,"arena_high_water":60293120,"command_buffers":1,"completion_waits":1,"dispatches":531,"encode":{"nanos":207413,"secs":0},"gpu":{"nanos":27081958,"secs":0},"reused_bytes":37027840,"transient_live_bytes":0,"transient_peak_bytes":37027840,"wait":{"nanos":27510833,"secs":0}},"prefill_ms":28.250958,"prefill_profile":{},"prefill_tps":743.3376241612763,"prompt_ids":[151644,8948,198,2610,525,264,10950,17847,13,151645,198,151644,872,198,9707,0,151645,198,151644,77091,198],"prompt_tokens":21,"q4_k_mpp_tile_k64":true,"q5_0_gemv_n4":false,"q5_1_mpp_tile_k64":true,"q8_0_mpp_tile_k64":true,"retained_weight_bytes":485309184,"runtime":"ferrum","sampling_ms":3.80904,"source_tensor_bytes":485452288,"tensor_count":291,"warmup":false,"process_rss_bytes":806256640,"ferrum_variant":"control","source_matrix_case_model":"qwen2.5-phase7a-small-batch-shape-probe-q4_k_m","engine_order":["llama.cpp","ferrum-candidate","ferrum-control"],"case_index":6,"engine_load_plus_first_warmup_ms":877.0456250058487}
{"case":"m21","decode_aggregate_tps":122.38474807980778,"decode_counters":[{"allocated_bytes":4,"allocation_time":{"nanos":6917,"secs":0},"allocations":1,"arena_capacity":60293120,"arena_high_water":60293120,"command_buffers":1,"completion_waits":1,"dispatches":531,"encode":{"nanos":247905,"secs":0},"gpu":{"nanos":7671375,"secs":0},"reused_bytes":2279424,"transient_live_bytes":524288,"transient_peak_bytes":2279424,"wait":{"nanos":7935166,"secs":0}},{"allocated_bytes":4,"allocation_time":{"nanos":5875,"secs":0},"allocations":1,"arena_capacity":60293120,"arena_high_water":60293120,"command_buffers":1,"completion_waits":1,"dispatches":531,"encode":{"nanos":183910,"secs":0},"gpu":{"nanos":7633375,"secs":0},"reused_bytes":2279424,"transient_live_bytes":524288,"transient_peak_bytes":2279424,"wait":{"nanos":7954000,"secs":0}},{"allocated_bytes":4,"allocation_time":{"nanos":6292,"secs":0},"allocations":1,"arena_capacity":60293120,"arena_high_water":60293120,"command_buffers":1,"completion_waits":1,"dispatches":531,"encode":{"nanos":192820,"secs":0},"gpu":{"nanos":7472125,"secs":0},"reused_bytes":2279424,"transient_live_bytes":524288,"transient_peak_bytes":2279424,"wait":{"nanos":7735166,"secs":0}},{"allocated_bytes":4,"allocation_time":{"nanos":3625,"secs":0},"allocations":1,"arena_capacity":60293120,"arena_high_water":60293120,"command_buffers":1,"completion_waits":1,"dispatches":531,"encode":{"nanos":180411,"secs":0},"gpu":{"nanos":7633458,"secs":0},"reused_bytes":2279424,"transient_live_bytes":524288,"transient_peak_bytes":2279424,"wait":{"nanos":7943541,"secs":0}},{"allocated_bytes":4,"allocation_time":{"nanos":4084,"secs":0},"allocations":1,"arena_capacity":60293120,"arena_high_water":60293120,"command_buffers":1,"completion_waits":1,"dispatches":531,"encode":{"nanos":179535,"secs":0},"gpu":{"nanos":7831250,"secs":0},"reused_bytes":2279424,"transient_live_bytes":524288,"transient_peak_bytes":2279424,"wait":{"nanos":8131042,"secs":0}},{"allocated_bytes":4,"allocation_time":{"nanos":6375,"secs":0},"allocations":1,"arena_capacity":60293120,"arena_high_water":60293120,"command_buffers":1,"completion_waits":1,"dispatches":531,"encode":{"nanos":205508,"secs":0},"gpu":{"nanos":7737708,"secs":0},"reused_bytes":2279424,"transient_live_bytes":524288,"transient_peak_bytes":2279424,"wait":{"nanos":7929334,"secs":0}},{"allocated_bytes":4,"allocation_time":{"nanos":4000,"secs":0},"allocations":1,"arena_capacity":60293120,"arena_high_water":60293120,"command_buffers":1,"completion_waits":1,"dispatches":531,"encode":{"nanos":183748,"secs":0},"gpu":{"nanos":7206375,"secs":0},"reused_bytes":2279424,"transient_live_bytes":524288,"transient_peak_bytes":2279424,"wait":{"nanos":7459083,"secs":0}},{"allocated_bytes":4,"allocation_time":{"nanos":5666,"secs":0},"allocations":1,"arena_capacity":60293120,"arena_high_water":60293120,"command_buffers":1,"completion_waits":1,"dispatches":531,"encode":{"nanos":182121,"secs":0},"gpu":{"nanos":7010500,"secs":0},"reused_bytes":2279424,"transient_live_bytes":524288,"transient_peak_bytes":2279424,"wait":{"nanos":7248416,"secs":0}},{"allocated_bytes":4,"allocation_time":{"nanos":3959,"secs":0},"allocations":1,"arena_capacity":60293120,"arena_high_water":60293120,"command_buffers":1,"completion_waits":1,"dispatches":531,"encode":{"nanos":177091,"secs":0},"gpu":{"nanos":7427375,"secs":0},"reused_bytes":2279424,"transient_live_bytes":524288,"transient_peak_bytes":2279424,"wait":{"nanos":7709166,"secs":0}},{"allocated_bytes":4,"allocation_time":{"nanos":2916,"secs":0},"allocations":1,"arena_capacity":60293120,"arena_high_water":60293120,"command_buffers":1,"completion_waits":1,"dispatches":531,"encode":{"nanos":186761,"secs":0},"gpu":{"nanos":7538083,"secs":0},"reused_bytes":2279424,"transient_live_bytes":524288,"transient_peak_bytes":2279424,"wait":{"nanos":7796958,"secs":0}},{"allocated_bytes":4,"allocation_time":{"nanos":2625,"secs":0},"allocations":1,"arena_capacity":60293120,"arena_high_water":60293120,"command_buffers":1,"completion_waits":1,"dispatches":531,"encode":{"nanos":185918,"secs":0},"gpu":{"nanos":7376833,"secs":0},"reused_bytes":2279424,"transient_live_bytes":524288,"transient_peak_bytes":2279424,"wait":{"nanos":7630667,"secs":0}},{"allocated_bytes":4,"allocation_time":{"nanos":4709,"secs":0},"allocations":1,"arena_capacity":60293120,"arena_high_water":60293120,"command_buffers":1,"completion_waits":1,"dispatches":531,"encode":{"nanos":214915,"secs":0},"gpu":{"nanos":7258833,"secs":0},"reused_bytes":2279424,"transient_live_bytes":524288,"transient_peak_bytes":2279424,"wait":{"nanos":7496458,"secs":0}},{"allocated_bytes":4,"allocation_time":{"nanos":3458,"secs":0},"allocations":1,"arena_capacity":60293120,"arena_high_water":60293120,"command_buffers":1,"completion_waits":1,"dispatches":531,"encode":{"nanos":183368,"secs":0},"gpu":{"nanos":7225042,"secs":0},"reused_bytes":2279424,"transient_live_bytes":524288,"transient_peak_bytes":2279424,"wait":{"nanos":7496000,"secs":0}},{"allocated_bytes":4,"allocation_time":{"nanos":4000,"secs":0},"allocations":1,"arena_capacity":60293120,"arena_high_water":60293120,"command_buffers":1,"completion_waits":1,"dispatches":531,"encode":{"nanos":185489,"secs":0},"gpu":{"nanos":7157583,"secs":0},"reused_bytes":2279424,"transient_live_bytes":524288,"transient_peak_bytes":2279424,"wait":{"nanos":7332541,"secs":0}},{"allocated_bytes":4,"allocation_time":{"nanos":3833,"secs":0},"allocations":1,"arena_capacity":60293120,"arena_high_water":60293120,"command_buffers":1,"completion_waits":1,"dispatches":531,"encode":{"nanos":189203,"secs":0},"gpu":{"nanos":7730167,"secs":0},"reused_bytes":2279424,"transient_live_bytes":524288,"transient_peak_bytes":2279424,"wait":{"nanos":7984666,"secs":0}}],"decode_median_ms":8.193209,"decode_ms":[8.4765,8.403374999999999,8.193209,8.382333000000001,8.577667,8.384457999999999,7.897082999999999,7.655833,8.144917,8.242334,8.076583,7.981541999999999,7.959875,7.743583,8.444999999999999],"decode_profiles":[{},{},{},{},{},{},{},{},{},{},{},{},{},{},{}],"decode_tps":122.05229965450657,"first_token_ms":28.608375,"generated_ids":[9707,0,2585,646,358,7789,498,3351,30,151645,198,151643,33975,25,2585,646],"generated_tokens":16,"generation_ms":154.926875,"generation_tps":103.27452870910874,"gguf_mpp_min_rows":16,"kv_active_bytes":442368,"kv_reserved_bytes":3145728,"model_format":"GGUF","model_repository":"Qwen/Qwen2.5-0.5B-Instruct-GGUF","model_revision":"9217f5db79a29953eb74d5343926648285ec7e67","moe_expert_tensorops":true,"moe_expert_tensorops_min_routes_per_expert":8,"moe_expert_tensorops_tile_k64":true,"packed_quantized_bytes":485166080,"pair":2,"pair_order":"ferrum-control>ferrum-candidate>llama.cpp","parameter_count":630167424,"prefill_counters":{"allocated_bytes":3145812,"allocation_time":{"nanos":365749,"secs":0},"allocations":49,"arena_capacity":60293120,"arena_high_water":60293120,"command_buffers":1,"completion_waits":1,"dispatches":531,"encode":{"nanos":213483,"secs":0},"gpu":{"nanos":27112500,"secs":0},"reused_bytes":37027840,"transient_live_bytes":0,"transient_peak_bytes":37027840,"wait":{"nanos":27513167,"secs":0}},"prefill_ms":28.307792,"prefill_profile":{},"prefill_tps":741.8452135016395,"prompt_ids":[151644,8948,198,2610,525,264,10950,17847,13,151645,198,151644,872,198,9707,0,151645,198,151644,77091,198],"prompt_tokens":21,"q4_k_mpp_tile_k64":true,"q5_0_gemv_n4":false,"q5_1_mpp_tile_k64":true,"q8_0_mpp_tile_k64":true,"retained_weight_bytes":485309184,"runtime":"ferrum","sampling_ms":3.876332,"source_tensor_bytes":485452288,"tensor_count":291,"warmup":false,"process_rss_bytes":806256640,"ferrum_variant":"control","source_matrix_case_model":"qwen2.5-phase7a-small-batch-shape-probe-q4_k_m","engine_order":["ferrum-control","ferrum-candidate","llama.cpp"],"case_index":6,"engine_load_plus_first_warmup_ms":877.0456250058487}
{"case":"m21","decode_aggregate_tps":122.44872969647,"decode_counters":[{"allocated_bytes":4,"allocation_time":{"nanos":4458,"secs":0},"allocations":1,"arena_capacity":60293120,"arena_high_water":60293120,"command_buffers":1,"completion_waits":1,"dispatches":531,"encode":{"nanos":194406,"secs":0},"gpu":{"nanos":7649083,"secs":0},"reused_bytes":2279424,"transient_live_bytes":524288,"transient_peak_bytes":2279424,"wait":{"nanos":7855958,"secs":0}},{"allocated_bytes":4,"allocation_time":{"nanos":4292,"secs":0},"allocations":1,"arena_capacity":60293120,"arena_high_water":60293120,"command_buffers":1,"completion_waits":1,"dispatches":531,"encode":{"nanos":190704,"secs":0},"gpu":{"nanos":7608375,"secs":0},"reused_bytes":2279424,"transient_live_bytes":524288,"transient_peak_bytes":2279424,"wait":{"nanos":7904417,"secs":0}},{"allocated_bytes":4,"allocation_time":{"nanos":3042,"secs":0},"allocations":1,"arena_capacity":60293120,"arena_high_water":60293120,"command_buffers":1,"completion_waits":1,"dispatches":531,"encode":{"nanos":179411,"secs":0},"gpu":{"nanos":7503833,"secs":0},"reused_bytes":2279424,"transient_live_bytes":524288,"transient_peak_bytes":2279424,"wait":{"nanos":7756167,"secs":0}},{"allocated_bytes":4,"allocation_time":{"nanos":3625,"secs":0},"allocations":1,"arena_capacity":60293120,"arena_high_water":60293120,"command_buffers":1,"completion_waits":1,"dispatches":531,"encode":{"nanos":247125,"secs":0},"gpu":{"nanos":7629125,"secs":0},"reused_bytes":2279424,"transient_live_bytes":524288,"transient_peak_bytes":2279424,"wait":{"nanos":7844500,"secs":0}},{"allocated_bytes":4,"allocation_time":{"nanos":3416,"secs":0},"allocations":1,"arena_capacity":60293120,"arena_high_water":60293120,"command_buffers":1,"completion_waits":1,"dispatches":531,"encode":{"nanos":179541,"secs":0},"gpu":{"nanos":7843125,"secs":0},"reused_bytes":2279424,"transient_live_bytes":524288,"transient_peak_bytes":2279424,"wait":{"nanos":8097792,"secs":0}},{"allocated_bytes":4,"allocation_time":{"nanos":2541,"secs":0},"allocations":1,"arena_capacity":60293120,"arena_high_water":60293120,"command_buffers":1,"completion_waits":1,"dispatches":531,"encode":{"nanos":175907,"secs":0},"gpu":{"nanos":7480625,"secs":0},"reused_bytes":2279424,"transient_live_bytes":524288,"transient_peak_bytes":2279424,"wait":{"nanos":7723958,"secs":0}},{"allocated_bytes":4,"allocation_time":{"nanos":3000,"secs":0},"allocations":1,"arena_capacity":60293120,"arena_high_water":60293120,"command_buffers":1,"completion_waits":1,"dispatches":531,"encode":{"nanos":175651,"secs":0},"gpu":{"nanos":7474125,"secs":0},"reused_bytes":2279424,"transient_live_bytes":524288,"transient_peak_bytes":2279424,"wait":{"nanos":7695208,"secs":0}},{"allocated_bytes":4,"allocation_time":{"nanos":3125,"secs":0},"allocations":1,"arena_capacity":60293120,"arena_high_water":60293120,"command_buffers":1,"completion_waits":1,"dispatches":531,"encode":{"nanos":173211,"secs":0},"gpu":{"nanos":7288292,"secs":0},"reused_bytes":2279424,"transient_live_bytes":524288,"transient_peak_bytes":2279424,"wait":{"nanos":7528334,"secs":0}},{"allocated_bytes":4,"allocation_time":{"nanos":3875,"secs":0},"allocations":1,"arena_capacity":60293120,"arena_high_water":60293120,"command_buffers":1,"completion_waits":1,"dispatches":531,"encode":{"nanos":177868,"secs":0},"gpu":{"nanos":7430458,"secs":0},"reused_bytes":2279424,"transient_live_bytes":524288,"transient_peak_bytes":2279424,"wait":{"nanos":7672959,"secs":0}},{"allocated_bytes":4,"allocation_time":{"nanos":2791,"secs":0},"allocations":1,"arena_capacity":60293120,"arena_high_water":60293120,"command_buffers":1,"completion_waits":1,"dispatches":531,"encode":{"nanos":177330,"secs":0},"gpu":{"nanos":7592542,"secs":0},"reused_bytes":2279424,"transient_live_bytes":524288,"transient_peak_bytes":2279424,"wait":{"nanos":7823125,"secs":0}},{"allocated_bytes":4,"allocation_time":{"nanos":3083,"secs":0},"allocations":1,"arena_capacity":60293120,"arena_high_water":60293120,"command_buffers":1,"completion_waits":1,"dispatches":531,"encode":{"nanos":175634,"secs":0},"gpu":{"nanos":7131750,"secs":0},"reused_bytes":2279424,"transient_live_bytes":524288,"transient_peak_bytes":2279424,"wait":{"nanos":7399625,"secs":0}},{"allocated_bytes":4,"allocation_time":{"nanos":3375,"secs":0},"allocations":1,"arena_capacity":60293120,"arena_high_water":60293120,"command_buffers":1,"completion_waits":1,"dispatches":531,"encode":{"nanos":174677,"secs":0},"gpu":{"nanos":6987167,"secs":0},"reused_bytes":2279424,"transient_live_bytes":524288,"transient_peak_bytes":2279424,"wait":{"nanos":7244000,"secs":0}},{"allocated_bytes":4,"allocation_time":{"nanos":3708,"secs":0},"allocations":1,"arena_capacity":60293120,"arena_high_water":60293120,"command_buffers":1,"completion_waits":1,"dispatches":531,"encode":{"nanos":176787,"secs":0},"gpu":{"nanos":7451500,"secs":0},"reused_bytes":2279424,"transient_live_bytes":524288,"transient_peak_bytes":2279424,"wait":{"nanos":7701916,"secs":0}},{"allocated_bytes":4,"allocation_time":{"nanos":3084,"secs":0},"allocations":1,"arena_capacity":60293120,"arena_high_water":60293120,"command_buffers":1,"completion_waits":1,"dispatches":531,"encode":{"nanos":175154,"secs":0},"gpu":{"nanos":7390042,"secs":0},"reused_bytes":2279424,"transient_live_bytes":524288,"transient_peak_bytes":2279424,"wait":{"nanos":7690333,"secs":0}},{"allocated_bytes":4,"allocation_time":{"nanos":2667,"secs":0},"allocations":1,"arena_capacity":60293120,"arena_high_water":60293120,"command_buffers":1,"completion_waits":1,"dispatches":531,"encode":{"nanos":176633,"secs":0},"gpu":{"nanos":7754125,"secs":0},"reused_bytes":2279424,"transient_live_bytes":524288,"transient_peak_bytes":2279424,"wait":{"nanos":7993542,"secs":0}}],"decode_median_ms":8.142292000000001,"decode_ms":[8.306625,8.359874999999999,8.192124999999999,8.373959000000001,8.532041000000001,8.142292000000001,8.123458,7.948375,8.083542000000001,8.260250000000001,7.830458,7.6722079999999995,8.138042,8.111416,8.425584],"decode_profiles":[{},{},{},{},{},{},{},{},{},{},{},{},{},{},{}],"decode_tps":122.81554137336266,"first_token_ms":28.205167,"generated_ids":[9707,0,2585,646,358,7789,498,3351,30,151645,198,151643,33975,25,2585,646],"generated_tokens":16,"generation_ms":154.340834,"generation_tps":103.66666801865279,"gguf_mpp_min_rows":8,"kv_active_bytes":442368,"kv_reserved_bytes":3145728,"model_format":"GGUF","model_repository":"Qwen/Qwen2.5-0.5B-Instruct-GGUF","model_revision":"9217f5db79a29953eb74d5343926648285ec7e67","moe_expert_tensorops":true,"moe_expert_tensorops_min_routes_per_expert":8,"moe_expert_tensorops_tile_k64":true,"packed_quantized_bytes":485166080,"pair":2,"pair_order":"ferrum-control>ferrum-candidate>llama.cpp","parameter_count":630167424,"prefill_counters":{"allocated_bytes":3145812,"allocation_time":{"nanos":366875,"secs":0},"allocations":49,"arena_capacity":60293120,"arena_high_water":60293120,"command_buffers":1,"completion_waits":1,"dispatches":531,"encode":{"nanos":222014,"secs":0},"gpu":{"nanos":26791625,"secs":0},"reused_bytes":37027840,"transient_live_bytes":0,"transient_peak_bytes":37027840,"wait":{"nanos":27089333,"secs":0}},"prefill_ms":27.905292000000003,"prefill_profile":{},"prefill_tps":752.5454311676796,"prompt_ids":[151644,8948,198,2610,525,264,10950,17847,13,151645,198,151644,872,198,9707,0,151645,198,151644,77091,198],"prompt_tokens":21,"q4_k_mpp_tile_k64":true,"q5_0_gemv_n4":false,"q5_1_mpp_tile_k64":true,"q8_0_mpp_tile_k64":true,"retained_weight_bytes":485309184,"runtime":"ferrum","sampling_ms":3.7647909999999998,"source_tensor_bytes":485452288,"tensor_count":291,"warmup":false,"process_rss_bytes":806256640,"ferrum_variant":"candidate","source_matrix_case_model":"qwen2.5-phase7a-small-batch-shape-probe-q4_k_m","engine_order":["ferrum-control","ferrum-candidate","llama.cpp"],"case_index":6,"engine_load_plus_first_warmup_ms":877.0456250058487}
{"case":"m21","command_buffer_count":null,"decode_aggregate_tps":238.45528665306145,"decode_median_ms":4.133583,"decode_ms":[4.541916,4.371916,4.049375,4.382375,4.017584,4.019958,4.347542,4.050875,4.34475,4.004083,4.374875,4.013959,4.133583,4.183875,4.068209],"decode_tps":241.92087106996522,"dispatch_count":null,"first_token_ms":15.655042,"generated_ids":[9707,0,2585,646,358,7789,498,3351,30,151645,198,151643,33975,25,358,2776],"generated_tokens":16,"generation_ms":82.295417,"generation_tps":194.42151924450422,"kv_context_capacity_tokens":4096,"kv_type":"bf16","llama_commit":"84e76d8a23162eca70490da131945ebec1f09bf4","llama_version":"0.5.0-dev","model_format":"GGUF","pair":2,"pair_order":"ferrum-control>ferrum-candidate>llama.cpp","prefill_ms":15.372792,"prefill_tps":1366.0498366204395,"process_max_rss_bytes":662716416,"prompt_ids":[151644,8948,198,2610,525,264,10950,17847,13,151645,198,151644,872,198,9707,0,151645,198,151644,77091,198],"prompt_tokens":21,"runtime":"llama.cpp","sampling_ms":4.016,"warmup":false,"process_rss_bytes":662437888,"source_matrix_case_model":"qwen2.5-phase7a-small-batch-shape-probe-q4_k_m","engine_order":["ferrum-control","ferrum-candidate","llama.cpp"],"case_index":6,"engine_load_plus_first_warmup_ms":978.256624948699}
{"case":"m21","command_buffer_count":null,"decode_aggregate_tps":237.41909113502751,"decode_median_ms":4.155875,"decode_ms":[4.805292,4.014959,4.328375,4.107208,4.022333,4.31625,4.024292,4.298792,4.022292,4.452167,4.057541,4.1935,4.155875,3.989625,4.390917],"decode_tps":240.62321412458266,"dispatch_count":null,"first_token_ms":14.699292,"generated_ids":[9707,0,2585,646,358,7789,498,3351,30,151645,198,151643,33975,25,358,2776],"generated_tokens":16,"generation_ms":81.68375,"generation_tps":195.8773929943226,"kv_context_capacity_tokens":4096,"kv_type":"bf16","llama_commit":"84e76d8a23162eca70490da131945ebec1f09bf4","llama_version":"0.5.0-dev","model_format":"GGUF","pair":3,"pair_order":"llama.cpp>ferrum-candidate>ferrum-control","prefill_ms":14.434792,"prefill_tps":1454.8183306001222,"process_max_rss_bytes":662716416,"prompt_ids":[151644,8948,198,2610,525,264,10950,17847,13,151645,198,151644,872,198,9707,0,151645,198,151644,77091,198],"prompt_tokens":21,"runtime":"llama.cpp","sampling_ms":4.067833,"warmup":false,"process_rss_bytes":662437888,"source_matrix_case_model":"qwen2.5-phase7a-small-batch-shape-probe-q4_k_m","engine_order":["llama.cpp","ferrum-candidate","ferrum-control"],"case_index":6,"engine_load_plus_first_warmup_ms":978.256624948699}
{"case":"m21","decode_aggregate_tps":122.53087522783085,"decode_counters":[{"allocated_bytes":4,"allocation_time":{"nanos":5000,"secs":0},"allocations":1,"arena_capacity":60293120,"arena_high_water":60293120,"command_buffers":1,"completion_waits":1,"dispatches":531,"encode":{"nanos":192744,"secs":0},"gpu":{"nanos":7651958,"secs":0},"reused_bytes":2279424,"transient_live_bytes":524288,"transient_peak_bytes":2279424,"wait":{"nanos":7891208,"secs":0}},{"allocated_bytes":4,"allocation_time":{"nanos":4084,"secs":0},"allocations":1,"arena_capacity":60293120,"arena_high_water":60293120,"command_buffers":1,"completion_waits":1,"dispatches":531,"encode":{"nanos":220004,"secs":0},"gpu":{"nanos":7601625,"secs":0},"reused_bytes":2279424,"transient_live_bytes":524288,"transient_peak_bytes":2279424,"wait":{"nanos":7822833,"secs":0}},{"allocated_bytes":4,"allocation_time":{"nanos":3833,"secs":0},"allocations":1,"arena_capacity":60293120,"arena_high_water":60293120,"command_buffers":1,"completion_waits":1,"dispatches":531,"encode":{"nanos":185422,"secs":0},"gpu":{"nanos":7239750,"secs":0},"reused_bytes":2279424,"transient_live_bytes":524288,"transient_peak_bytes":2279424,"wait":{"nanos":7473500,"secs":0}},{"allocated_bytes":4,"allocation_time":{"nanos":3500,"secs":0},"allocations":1,"arena_capacity":60293120,"arena_high_water":60293120,"command_buffers":1,"completion_waits":1,"dispatches":531,"encode":{"nanos":180531,"secs":0},"gpu":{"nanos":7354042,"secs":0},"reused_bytes":2279424,"transient_live_bytes":524288,"transient_peak_bytes":2279424,"wait":{"nanos":7553083,"secs":0}},{"allocated_bytes":4,"allocation_time":{"nanos":4083,"secs":0},"allocations":1,"arena_capacity":60293120,"arena_high_water":60293120,"command_buffers":1,"completion_waits":1,"dispatches":531,"encode":{"nanos":177339,"secs":0},"gpu":{"nanos":7846875,"secs":0},"reused_bytes":2279424,"transient_live_bytes":524288,"transient_peak_bytes":2279424,"wait":{"nanos":8101208,"secs":0}},{"allocated_bytes":4,"allocation_time":{"nanos":3208,"secs":0},"allocations":1,"arena_capacity":60293120,"arena_high_water":60293120,"command_buffers":1,"completion_waits":1,"dispatches":531,"encode":{"nanos":175124,"secs":0},"gpu":{"nanos":7731167,"secs":0},"reused_bytes":2279424,"transient_live_bytes":524288,"transient_peak_bytes":2279424,"wait":{"nanos":7987500,"secs":0}},{"allocated_bytes":4,"allocation_time":{"nanos":2916,"secs":0},"allocations":1,"arena_capacity":60293120,"arena_high_water":60293120,"command_buffers":1,"completion_waits":1,"dispatches":531,"encode":{"nanos":177495,"secs":0},"gpu":{"nanos":7483208,"secs":0},"reused_bytes":2279424,"transient_live_bytes":524288,"transient_peak_bytes":2279424,"wait":{"nanos":7725375,"secs":0}},{"allocated_bytes":4,"allocation_time":{"nanos":3958,"secs":0},"allocations":1,"arena_capacity":60293120,"arena_high_water":60293120,"command_buffers":1,"completion_waits":1,"dispatches":531,"encode":{"nanos":188789,"secs":0},"gpu":{"nanos":7257792,"secs":0},"reused_bytes":2279424,"transient_live_bytes":524288,"transient_peak_bytes":2279424,"wait":{"nanos":7498042,"secs":0}},{"allocated_bytes":4,"allocation_time":{"nanos":3333,"secs":0},"allocations":1,"arena_capacity":60293120,"arena_high_water":60293120,"command_buffers":1,"completion_waits":1,"dispatches":531,"encode":{"nanos":174671,"secs":0},"gpu":{"nanos":7448375,"secs":0},"reused_bytes":2279424,"transient_live_bytes":524288,"transient_peak_bytes":2279424,"wait":{"nanos":7698917,"secs":0}},{"allocated_bytes":4,"allocation_time":{"nanos":3208,"secs":0},"allocations":1,"arena_capacity":60293120,"arena_high_water":60293120,"command_buffers":1,"completion_waits":1,"dispatches":531,"encode":{"nanos":181374,"secs":0},"gpu":{"nanos":7294583,"secs":0},"reused_bytes":2279424,"transient_live_bytes":524288,"transient_peak_bytes":2279424,"wait":{"nanos":7551750,"secs":0}},{"allocated_bytes":4,"allocation_time":{"nanos":3333,"secs":0},"allocations":1,"arena_capacity":60293120,"arena_high_water":60293120,"command_buffers":1,"completion_waits":1,"dispatches":531,"encode":{"nanos":174718,"secs":0},"gpu":{"nanos":7398875,"secs":0},"reused_bytes":2279424,"transient_live_bytes":524288,"transient_peak_bytes":2279424,"wait":{"nanos":7638875,"secs":0}},{"allocated_bytes":4,"allocation_time":{"nanos":3500,"secs":0},"allocations":1,"arena_capacity":60293120,"arena_high_water":60293120,"command_buffers":1,"completion_waits":1,"dispatches":531,"encode":{"nanos":177049,"secs":0},"gpu":{"nanos":7244500,"secs":0},"reused_bytes":2279424,"transient_live_bytes":524288,"transient_peak_bytes":2279424,"wait":{"nanos":7479666,"secs":0}},{"allocated_bytes":4,"allocation_time":{"nanos":3000,"secs":0},"allocations":1,"arena_capacity":60293120,"arena_high_water":60293120,"command_buffers":1,"completion_waits":1,"dispatches":531,"encode":{"nanos":176615,"secs":0},"gpu":{"nanos":7491625,"secs":0},"reused_bytes":2279424,"transient_live_bytes":524288,"transient_peak_bytes":2279424,"wait":{"nanos":7744750,"secs":0}},{"allocated_bytes":4,"allocation_time":{"nanos":3083,"secs":0},"allocations":1,"arena_capacity":60293120,"arena_high_water":60293120,"command_buffers":1,"completion_waits":1,"dispatches":531,"encode":{"nanos":174997,"secs":0},"gpu":{"nanos":7432292,"secs":0},"reused_bytes":2279424,"transient_live_bytes":524288,"transient_peak_bytes":2279424,"wait":{"nanos":7659209,"secs":0}},{"allocated_bytes":4,"allocation_time":{"nanos":2916,"secs":0},"allocations":1,"arena_capacity":60293120,"arena_high_water":60293120,"command_buffers":1,"completion_waits":1,"dispatches":531,"encode":{"nanos":173086,"secs":0},"gpu":{"nanos":7741250,"secs":0},"reused_bytes":2279424,"transient_live_bytes":524288,"transient_peak_bytes":2279424,"wait":{"nanos":7994667,"secs":0}}],"decode_median_ms":8.128666999999998,"decode_ms":[8.350583,8.329875000000001,7.92,7.995792,8.539292,8.418666,8.128666999999998,7.945749999999999,8.137916,8.005375,8.064709,7.875625,8.196625000000001,8.087291,8.421959],"decode_profiles":[{},{},{},{},{},{},{},{},{},{},{},{},{},{},{}],"decode_tps":123.0214006798409,"first_token_ms":28.525084,"generated_ids":[9707,0,2585,646,358,7789,498,3351,30,151645,198,151643,33975,25,2585,646],"generated_tokens":16,"generation_ms":154.64225000000002,"generation_tps":103.46460944534886,"gguf_mpp_min_rows":8,"kv_active_bytes":442368,"kv_reserved_bytes":3145728,"model_format":"GGUF","model_repository":"Qwen/Qwen2.5-0.5B-Instruct-GGUF","model_revision":"9217f5db79a29953eb74d5343926648285ec7e67","moe_expert_tensorops":true,"moe_expert_tensorops_min_routes_per_expert":8,"moe_expert_tensorops_tile_k64":true,"packed_quantized_bytes":485166080,"pair":3,"pair_order":"llama.cpp>ferrum-candidate>ferrum-control","parameter_count":630167424,"prefill_counters":{"allocated_bytes":3145812,"allocation_time":{"nanos":399749,"secs":0},"allocations":49,"arena_capacity":60293120,"arena_high_water":60293120,"command_buffers":1,"completion_waits":1,"dispatches":531,"encode":{"nanos":219030,"secs":0},"gpu":{"nanos":27008542,"secs":0},"reused_bytes":37027840,"transient_live_bytes":0,"transient_peak_bytes":37027840,"wait":{"nanos":27419833,"secs":0}},"prefill_ms":28.22525,"prefill_profile":{},"prefill_tps":744.014667717735,"prompt_ids":[151644,8948,198,2610,525,264,10950,17847,13,151645,198,151644,872,198,9707,0,151645,198,151644,77091,198],"prompt_tokens":21,"q4_k_mpp_tile_k64":true,"q5_0_gemv_n4":false,"q5_1_mpp_tile_k64":true,"q8_0_mpp_tile_k64":true,"retained_weight_bytes":485309184,"runtime":"ferrum","sampling_ms":3.816665,"source_tensor_bytes":485452288,"tensor_count":291,"warmup":false,"process_rss_bytes":806256640,"ferrum_variant":"candidate","source_matrix_case_model":"qwen2.5-phase7a-small-batch-shape-probe-q4_k_m","engine_order":["llama.cpp","ferrum-candidate","ferrum-control"],"case_index":6,"engine_load_plus_first_warmup_ms":877.0456250058487}
{"case":"m21","decode_aggregate_tps":122.02483918102394,"decode_counters":[{"allocated_bytes":4,"allocation_time":{"nanos":4084,"secs":0},"allocations":1,"arena_capacity":60293120,"arena_high_water":60293120,"command_buffers":1,"completion_waits":1,"dispatches":531,"encode":{"nanos":190161,"secs":0},"gpu":{"nanos":7664750,"secs":0},"reused_bytes":2279424,"transient_live_bytes":524288,"transient_peak_bytes":2279424,"wait":{"nanos":7909000,"secs":0}},{"allocated_bytes":4,"allocation_time":{"nanos":2875,"secs":0},"allocations":1,"arena_capacity":60293120,"arena_high_water":60293120,"command_buffers":1,"completion_waits":1,"dispatches":531,"encode":{"nanos":188583,"secs":0},"gpu":{"nanos":7351875,"secs":0},"reused_bytes":2279424,"transient_live_bytes":524288,"transient_peak_bytes":2279424,"wait":{"nanos":7619459,"secs":0}},{"allocated_bytes":4,"allocation_time":{"nanos":6125,"secs":0},"allocations":1,"arena_capacity":60293120,"arena_high_water":60293120,"command_buffers":1,"completion_waits":1,"dispatches":531,"encode":{"nanos":188755,"secs":0},"gpu":{"nanos":7525458,"secs":0},"reused_bytes":2279424,"transient_live_bytes":524288,"transient_peak_bytes":2279424,"wait":{"nanos":7767459,"secs":0}},{"allocated_bytes":4,"allocation_time":{"nanos":5209,"secs":0},"allocations":1,"arena_capacity":60293120,"arena_high_water":60293120,"command_buffers":1,"completion_waits":1,"dispatches":531,"encode":{"nanos":190352,"secs":0},"gpu":{"nanos":7649250,"secs":0},"reused_bytes":2279424,"transient_live_bytes":524288,"transient_peak_bytes":2279424,"wait":{"nanos":7914583,"secs":0}},{"allocated_bytes":4,"allocation_time":{"nanos":5292,"secs":0},"allocations":1,"arena_capacity":60293120,"arena_high_water":60293120,"command_buffers":1,"completion_waits":1,"dispatches":531,"encode":{"nanos":184456,"secs":0},"gpu":{"nanos":7870625,"secs":0},"reused_bytes":2279424,"transient_live_bytes":524288,"transient_peak_bytes":2279424,"wait":{"nanos":8098500,"secs":0}},{"allocated_bytes":4,"allocation_time":{"nanos":4500,"secs":0},"allocations":1,"arena_capacity":60293120,"arena_high_water":60293120,"command_buffers":1,"completion_waits":1,"dispatches":531,"encode":{"nanos":193171,"secs":0},"gpu":{"nanos":7753792,"secs":0},"reused_bytes":2279424,"transient_live_bytes":524288,"transient_peak_bytes":2279424,"wait":{"nanos":8011833,"secs":0}},{"allocated_bytes":4,"allocation_time":{"nanos":5250,"secs":0},"allocations":1,"arena_capacity":60293120,"arena_high_water":60293120,"command_buffers":1,"completion_waits":1,"dispatches":531,"encode":{"nanos":216379,"secs":0},"gpu":{"nanos":7561667,"secs":0},"reused_bytes":2279424,"transient_live_bytes":524288,"transient_peak_bytes":2279424,"wait":{"nanos":7823000,"secs":0}},{"allocated_bytes":4,"allocation_time":{"nanos":3709,"secs":0},"allocations":1,"arena_capacity":60293120,"arena_high_water":60293120,"command_buffers":1,"completion_waits":1,"dispatches":531,"encode":{"nanos":176497,"secs":0},"gpu":{"nanos":7523625,"secs":0},"reused_bytes":2279424,"transient_live_bytes":524288,"transient_peak_bytes":2279424,"wait":{"nanos":7753834,"secs":0}},{"allocated_bytes":4,"allocation_time":{"nanos":4125,"secs":0},"allocations":1,"arena_capacity":60293120,"arena_high_water":60293120,"command_buffers":1,"completion_waits":1,"dispatches":531,"encode":{"nanos":179779,"secs":0},"gpu":{"nanos":7174500,"secs":0},"reused_bytes":2279424,"transient_live_bytes":524288,"transient_peak_bytes":2279424,"wait":{"nanos":7434583,"secs":0}},{"allocated_bytes":4,"allocation_time":{"nanos":3750,"secs":0},"allocations":1,"arena_capacity":60293120,"arena_high_water":60293120,"command_buffers":1,"completion_waits":1,"dispatches":531,"encode":{"nanos":176660,"secs":0},"gpu":{"nanos":7548875,"secs":0},"reused_bytes":2279424,"transient_live_bytes":524288,"transient_peak_bytes":2279424,"wait":{"nanos":7799042,"secs":0}},{"allocated_bytes":4,"allocation_time":{"nanos":4250,"secs":0},"allocations":1,"arena_capacity":60293120,"arena_high_water":60293120,"command_buffers":1,"completion_waits":1,"dispatches":531,"encode":{"nanos":178912,"secs":0},"gpu":{"nanos":7402875,"secs":0},"reused_bytes":2279424,"transient_live_bytes":524288,"transient_peak_bytes":2279424,"wait":{"nanos":7691209,"secs":0}},{"allocated_bytes":4,"allocation_time":{"nanos":2458,"secs":0},"allocations":1,"arena_capacity":60293120,"arena_high_water":60293120,"command_buffers":1,"completion_waits":1,"dispatches":531,"encode":{"nanos":176763,"secs":0},"gpu":{"nanos":7242417,"secs":0},"reused_bytes":2279424,"transient_live_bytes":524288,"transient_peak_bytes":2279424,"wait":{"nanos":7504292,"secs":0}},{"allocated_bytes":4,"allocation_time":{"nanos":3208,"secs":0},"allocations":1,"arena_capacity":60293120,"arena_high_water":60293120,"command_buffers":1,"completion_waits":1,"dispatches":531,"encode":{"nanos":175767,"secs":0},"gpu":{"nanos":7491292,"secs":0},"reused_bytes":2279424,"transient_live_bytes":524288,"transient_peak_bytes":2279424,"wait":{"nanos":7720667,"secs":0}},{"allocated_bytes":4,"allocation_time":{"nanos":2417,"secs":0},"allocations":1,"arena_capacity":60293120,"arena_high_water":60293120,"command_buffers":1,"completion_waits":1,"dispatches":531,"encode":{"nanos":183509,"secs":0},"gpu":{"nanos":7158792,"secs":0},"reused_bytes":2279424,"transient_live_bytes":524288,"transient_peak_bytes":2279424,"wait":{"nanos":7443750,"secs":0}},{"allocated_bytes":4,"allocation_time":{"nanos":4250,"secs":0},"allocations":1,"arena_capacity":60293120,"arena_high_water":60293120,"command_buffers":1,"completion_waits":1,"dispatches":531,"encode":{"nanos":184428,"secs":0},"gpu":{"nanos":7485000,"secs":0},"reused_bytes":2279424,"transient_live_bytes":524288,"transient_peak_bytes":2279424,"wait":{"nanos":7729834,"secs":0}}],"decode_median_ms":8.187541,"decode_ms":[8.360833999999999,8.071584,8.199167000000001,8.368917,8.527708,8.470666999999999,8.303333,8.152541,7.8790830000000005,8.255792,8.090875,8.0025,8.168375000000001,7.886875,8.187541],"decode_profiles":[{},{},{},{},{},{},{},{},{},{},{},{},{},{},{}],"decode_tps":122.13679296384593,"first_token_ms":28.210625,"generated_ids":[9707,0,2585,646,358,7789,498,3351,30,151645,198,151643,33975,25,2585,646],"generated_tokens":16,"generation_ms":154.888875,"generation_tps":103.29986579087749,"gguf_mpp_min_rows":16,"kv_active_bytes":442368,"kv_reserved_bytes":3145728,"model_format":"GGUF","model_repository":"Qwen/Qwen2.5-0.5B-Instruct-GGUF","model_revision":"9217f5db79a29953eb74d5343926648285ec7e67","moe_expert_tensorops":true,"moe_expert_tensorops_min_routes_per_expert":8,"moe_expert_tensorops_tile_k64":true,"packed_quantized_bytes":485166080,"pair":3,"pair_order":"llama.cpp>ferrum-candidate>ferrum-control","parameter_count":630167424,"prefill_counters":{"allocated_bytes":3145812,"allocation_time":{"nanos":333208,"secs":0},"allocations":49,"arena_capacity":60293120,"arena_high_water":60293120,"command_buffers":1,"completion_waits":1,"dispatches":531,"encode":{"nanos":206751,"secs":0},"gpu":{"nanos":26873667,"secs":0},"reused_bytes":37027840,"transient_live_bytes":0,"transient_peak_bytes":37027840,"wait":{"nanos":27164959,"secs":0}},"prefill_ms":27.911167,"prefill_profile":{},"prefill_tps":752.3870284606875,"prompt_ids":[151644,8948,198,2610,525,264,10950,17847,13,151645,198,151644,872,198,9707,0,151645,198,151644,77091,198],"prompt_tokens":21,"q4_k_mpp_tile_k64":true,"q5_0_gemv_n4":false,"q5_1_mpp_tile_k64":true,"q8_0_mpp_tile_k64":true,"retained_weight_bytes":485309184,"runtime":"ferrum","sampling_ms":3.8672519999999997,"source_tensor_bytes":485452288,"tensor_count":291,"warmup":false,"process_rss_bytes":806256640,"ferrum_variant":"control","source_matrix_case_model":"qwen2.5-phase7a-small-batch-shape-probe-q4_k_m","engine_order":["llama.cpp","ferrum-candidate","ferrum-control"],"case_index":6,"engine_load_plus_first_warmup_ms":877.0456250058487}
{"case":"m21","decode_aggregate_tps":122.58190140170525,"decode_counters":[{"allocated_bytes":4,"allocation_time":{"nanos":3750,"secs":0},"allocations":1,"arena_capacity":60293120,"arena_high_water":60293120,"command_buffers":1,"completion_waits":1,"dispatches":531,"encode":{"nanos":218278,"secs":0},"gpu":{"nanos":7389000,"secs":0},"reused_bytes":2279424,"transient_live_bytes":524288,"transient_peak_bytes":2279424,"wait":{"nanos":7642750,"secs":0}},{"allocated_bytes":4,"allocation_time":{"nanos":5208,"secs":0},"allocations":1,"arena_capacity":60293120,"arena_high_water":60293120,"command_buffers":1,"completion_waits":1,"dispatches":531,"encode":{"nanos":179546,"secs":0},"gpu":{"nanos":7612208,"secs":0},"reused_bytes":2279424,"transient_live_bytes":524288,"transient_peak_bytes":2279424,"wait":{"nanos":7854041,"secs":0}},{"allocated_bytes":4,"allocation_time":{"nanos":4041,"secs":0},"allocations":1,"arena_capacity":60293120,"arena_high_water":60293120,"command_buffers":1,"completion_waits":1,"dispatches":531,"encode":{"nanos":177830,"secs":0},"gpu":{"nanos":7533625,"secs":0},"reused_bytes":2279424,"transient_live_bytes":524288,"transient_peak_bytes":2279424,"wait":{"nanos":7771791,"secs":0}},{"allocated_bytes":4,"allocation_time":{"nanos":3667,"secs":0},"allocations":1,"arena_capacity":60293120,"arena_high_water":60293120,"command_buffers":1,"completion_waits":1,"dispatches":531,"encode":{"nanos":180957,"secs":0},"gpu":{"nanos":7641042,"secs":0},"reused_bytes":2279424,"transient_live_bytes":524288,"transient_peak_bytes":2279424,"wait":{"nanos":7909583,"secs":0}},{"allocated_bytes":4,"allocation_time":{"nanos":4250,"secs":0},"allocations":1,"arena_capacity":60293120,"arena_high_water":60293120,"command_buffers":1,"completion_waits":1,"dispatches":531,"encode":{"nanos":180257,"secs":0},"gpu":{"nanos":7838708,"secs":0},"reused_bytes":2279424,"transient_live_bytes":524288,"transient_peak_bytes":2279424,"wait":{"nanos":8091708,"secs":0}},{"allocated_bytes":4,"allocation_time":{"nanos":3375,"secs":0},"allocations":1,"arena_capacity":60293120,"arena_high_water":60293120,"command_buffers":1,"completion_waits":1,"dispatches":531,"encode":{"nanos":175884,"secs":0},"gpu":{"nanos":7738042,"secs":0},"reused_bytes":2279424,"transient_live_bytes":524288,"transient_peak_bytes":2279424,"wait":{"nanos":7996917,"secs":0}},{"allocated_bytes":4,"allocation_time":{"nanos":3750,"secs":0},"allocations":1,"arena_capacity":60293120,"arena_high_water":60293120,"command_buffers":1,"completion_waits":1,"dispatches":531,"encode":{"nanos":184781,"secs":0},"gpu":{"nanos":7206583,"secs":0},"reused_bytes":2279424,"transient_live_bytes":524288,"transient_peak_bytes":2279424,"wait":{"nanos":7457833,"secs":0}},{"allocated_bytes":4,"allocation_time":{"nanos":4334,"secs":0},"allocations":1,"arena_capacity":60293120,"arena_high_water":60293120,"command_buffers":1,"completion_waits":1,"dispatches":531,"encode":{"nanos":194336,"secs":0},"gpu":{"nanos":6994958,"secs":0},"reused_bytes":2279424,"transient_live_bytes":524288,"transient_peak_bytes":2279424,"wait":{"nanos":7219292,"secs":0}},{"allocated_bytes":4,"allocation_time":{"nanos":3916,"secs":0},"allocations":1,"arena_capacity":60293120,"arena_high_water":60293120,"command_buffers":1,"completion_waits":1,"dispatches":531,"encode":{"nanos":179710,"secs":0},"gpu":{"nanos":7489667,"secs":0},"reused_bytes":2279424,"transient_live_bytes":524288,"transient_peak_bytes":2279424,"wait":{"nanos":7737250,"secs":0}},{"allocated_bytes":4,"allocation_time":{"nanos":5667,"secs":0},"allocations":1,"arena_capacity":60293120,"arena_high_water":60293120,"command_buffers":1,"completion_waits":1,"dispatches":531,"encode":{"nanos":197528,"secs":0},"gpu":{"nanos":7582792,"secs":0},"reused_bytes":2279424,"transient_live_bytes":524288,"transient_peak_bytes":2279424,"wait":{"nanos":7835667,"secs":0}},{"allocated_bytes":4,"allocation_time":{"nanos":3041,"secs":0},"allocations":1,"arena_capacity":60293120,"arena_high_water":60293120,"command_buffers":1,"completion_waits":1,"dispatches":531,"encode":{"nanos":179296,"secs":0},"gpu":{"nanos":7411250,"secs":0},"reused_bytes":2279424,"transient_live_bytes":524288,"transient_peak_bytes":2279424,"wait":{"nanos":7674917,"secs":0}},{"allocated_bytes":4,"allocation_time":{"nanos":4417,"secs":0},"allocations":1,"arena_capacity":60293120,"arena_high_water":60293120,"command_buffers":1,"completion_waits":1,"dispatches":531,"encode":{"nanos":178967,"secs":0},"gpu":{"nanos":7242708,"secs":0},"reused_bytes":2279424,"transient_live_bytes":524288,"transient_peak_bytes":2279424,"wait":{"nanos":7495875,"secs":0}},{"allocated_bytes":4,"allocation_time":{"nanos":3708,"secs":0},"allocations":1,"arena_capacity":60293120,"arena_high_water":60293120,"command_buffers":1,"completion_waits":1,"dispatches":531,"encode":{"nanos":176415,"secs":0},"gpu":{"nanos":7191125,"secs":0},"reused_bytes":2279424,"transient_live_bytes":524288,"transient_peak_bytes":2279424,"wait":{"nanos":7451709,"secs":0}},{"allocated_bytes":4,"allocation_time":{"nanos":3542,"secs":0},"allocations":1,"arena_capacity":60293120,"arena_high_water":60293120,"command_buffers":1,"completion_waits":1,"dispatches":531,"encode":{"nanos":176488,"secs":0},"gpu":{"nanos":7401375,"secs":0},"reused_bytes":2279424,"transient_live_bytes":524288,"transient_peak_bytes":2279424,"wait":{"nanos":7655167,"secs":0}},{"allocated_bytes":4,"allocation_time":{"nanos":3500,"secs":0},"allocations":1,"arena_capacity":60293120,"arena_high_water":60293120,"command_buffers":1,"completion_waits":1,"dispatches":531,"encode":{"nanos":174892,"secs":0},"gpu":{"nanos":7737250,"secs":0},"reused_bytes":2279424,"transient_live_bytes":524288,"transient_peak_bytes":2279424,"wait":{"nanos":8005333,"secs":0}}],"decode_median_ms":8.165958,"decode_ms":[8.136667000000001,8.283709,8.207959,8.332,8.526250000000001,8.430375,7.893916000000001,7.673959,8.165958,8.276458,8.109708,7.929792,7.882708,8.084291,8.433417],"decode_profiles":[{},{},{},{},{},{},{},{},{},{},{},{},{},{},{}],"decode_tps":122.4596060866343,"first_token_ms":28.3885,"generated_ids":[9707,0,2585,646,358,7789,498,3351,30,151645,198,151643,33975,25,2585,646],"generated_tokens":16,"generation_ms":154.35275000000001,"generation_tps":103.65866497357513,"gguf_mpp_min_rows":16,"kv_active_bytes":442368,"kv_reserved_bytes":3145728,"model_format":"GGUF","model_repository":"Qwen/Qwen2.5-0.5B-Instruct-GGUF","model_revision":"9217f5db79a29953eb74d5343926648285ec7e67","moe_expert_tensorops":true,"moe_expert_tensorops_min_routes_per_expert":8,"moe_expert_tensorops_tile_k64":true,"packed_quantized_bytes":485166080,"pair":4,"pair_order":"ferrum-control>ferrum-candidate>llama.cpp","parameter_count":630167424,"prefill_counters":{"allocated_bytes":3145812,"allocation_time":{"nanos":315417,"secs":0},"allocations":49,"arena_capacity":60293120,"arena_high_water":60293120,"command_buffers":1,"completion_waits":1,"dispatches":531,"encode":{"nanos":211329,"secs":0},"gpu":{"nanos":26879625,"secs":0},"reused_bytes":37027840,"transient_live_bytes":0,"transient_peak_bytes":37027840,"wait":{"nanos":27346000,"secs":0}},"prefill_ms":28.087416,"prefill_profile":{},"prefill_tps":747.6657874117006,"prompt_ids":[151644,8948,198,2610,525,264,10950,17847,13,151645,198,151644,872,198,9707,0,151645,198,151644,77091,198],"prompt_tokens":21,"q4_k_mpp_tile_k64":true,"q5_0_gemv_n4":false,"q5_1_mpp_tile_k64":true,"q8_0_mpp_tile_k64":true,"retained_weight_bytes":485309184,"runtime":"ferrum","sampling_ms":3.7208330000000003,"source_tensor_bytes":485452288,"tensor_count":291,"warmup":false,"process_rss_bytes":806256640,"ferrum_variant":"control","source_matrix_case_model":"qwen2.5-phase7a-small-batch-shape-probe-q4_k_m","engine_order":["ferrum-control","ferrum-candidate","llama.cpp"],"case_index":6,"engine_load_plus_first_warmup_ms":877.0456250058487}
{"case":"m21","decode_aggregate_tps":122.0420912595773,"decode_counters":[{"allocated_bytes":4,"allocation_time":{"nanos":3875,"secs":0},"allocations":1,"arena_capacity":60293120,"arena_high_water":60293120,"command_buffers":1,"completion_waits":1,"dispatches":531,"encode":{"nanos":188593,"secs":0},"gpu":{"nanos":7664000,"secs":0},"reused_bytes":2279424,"transient_live_bytes":524288,"transient_peak_bytes":2279424,"wait":{"nanos":7891166,"secs":0}},{"allocated_bytes":4,"allocation_time":{"nanos":3791,"secs":0},"allocations":1,"arena_capacity":60293120,"arena_high_water":60293120,"command_buffers":1,"completion_waits":1,"dispatches":531,"encode":{"nanos":184952,"secs":0},"gpu":{"nanos":7670958,"secs":0},"reused_bytes":2279424,"transient_live_bytes":524288,"transient_peak_bytes":2279424,"wait":{"nanos":7885542,"secs":0}},{"allocated_bytes":4,"allocation_time":{"nanos":3291,"secs":0},"allocations":1,"arena_capacity":60293120,"arena_high_water":60293120,"command_buffers":1,"completion_waits":1,"dispatches":531,"encode":{"nanos":177256,"secs":0},"gpu":{"nanos":7493500,"secs":0},"reused_bytes":2279424,"transient_live_bytes":524288,"transient_peak_bytes":2279424,"wait":{"nanos":7767375,"secs":0}},{"allocated_bytes":4,"allocation_time":{"nanos":6333,"secs":0},"allocations":1,"arena_capacity":60293120,"arena_high_water":60293120,"command_buffers":1,"completion_waits":1,"dispatches":531,"encode":{"nanos":209196,"secs":0},"gpu":{"nanos":7650125,"secs":0},"reused_bytes":2279424,"transient_live_bytes":524288,"transient_peak_bytes":2279424,"wait":{"nanos":7863583,"secs":0}},{"allocated_bytes":4,"allocation_time":{"nanos":3709,"secs":0},"allocations":1,"arena_capacity":60293120,"arena_high_water":60293120,"command_buffers":1,"completion_waits":1,"dispatches":531,"encode":{"nanos":179745,"secs":0},"gpu":{"nanos":7838875,"secs":0},"reused_bytes":2279424,"transient_live_bytes":524288,"transient_peak_bytes":2279424,"wait":{"nanos":8103625,"secs":0}},{"allocated_bytes":4,"allocation_time":{"nanos":3292,"secs":0},"allocations":1,"arena_capacity":60293120,"arena_high_water":60293120,"command_buffers":1,"completion_waits":1,"dispatches":531,"encode":{"nanos":186533,"secs":0},"gpu":{"nanos":7501667,"secs":0},"reused_bytes":2279424,"transient_live_bytes":524288,"transient_peak_bytes":2279424,"wait":{"nanos":7751875,"secs":0}},{"allocated_bytes":4,"allocation_time":{"nanos":3500,"secs":0},"allocations":1,"arena_capacity":60293120,"arena_high_water":60293120,"command_buffers":1,"completion_waits":1,"dispatches":531,"encode":{"nanos":178695,"secs":0},"gpu":{"nanos":7486375,"secs":0},"reused_bytes":2279424,"transient_live_bytes":524288,"transient_peak_bytes":2279424,"wait":{"nanos":7744583,"secs":0}},{"allocated_bytes":4,"allocation_time":{"nanos":3959,"secs":0},"allocations":1,"arena_capacity":60293120,"arena_high_water":60293120,"command_buffers":1,"completion_waits":1,"dispatches":531,"encode":{"nanos":180923,"secs":0},"gpu":{"nanos":7278833,"secs":0},"reused_bytes":2279424,"transient_live_bytes":524288,"transient_peak_bytes":2279424,"wait":{"nanos":7536125,"secs":0}},{"allocated_bytes":4,"allocation_time":{"nanos":3334,"secs":0},"allocations":1,"arena_capacity":60293120,"arena_high_water":60293120,"command_buffers":1,"completion_waits":1,"dispatches":531,"encode":{"nanos":180060,"secs":0},"gpu":{"nanos":7464958,"secs":0},"reused_bytes":2279424,"transient_live_bytes":524288,"transient_peak_bytes":2279424,"wait":{"nanos":7705958,"secs":0}},{"allocated_bytes":4,"allocation_time":{"nanos":2333,"secs":0},"allocations":1,"arena_capacity":60293120,"arena_high_water":60293120,"command_buffers":1,"completion_waits":1,"dispatches":531,"encode":{"nanos":176822,"secs":0},"gpu":{"nanos":7578458,"secs":0},"reused_bytes":2279424,"transient_live_bytes":524288,"transient_peak_bytes":2279424,"wait":{"nanos":7844708,"secs":0}},{"allocated_bytes":4,"allocation_time":{"nanos":3083,"secs":0},"allocations":1,"arena_capacity":60293120,"arena_high_water":60293120,"command_buffers":1,"completion_waits":1,"dispatches":531,"encode":{"nanos":174832,"secs":0},"gpu":{"nanos":7406167,"secs":0},"reused_bytes":2279424,"transient_live_bytes":524288,"transient_peak_bytes":2279424,"wait":{"nanos":7655167,"secs":0}},{"allocated_bytes":4,"allocation_time":{"nanos":3292,"secs":0},"allocations":1,"arena_capacity":60293120,"arena_high_water":60293120,"command_buffers":1,"completion_waits":1,"dispatches":531,"encode":{"nanos":197301,"secs":0},"gpu":{"nanos":6999625,"secs":0},"reused_bytes":2279424,"transient_live_bytes":524288,"transient_peak_bytes":2279424,"wait":{"nanos":7253292,"secs":0}},{"allocated_bytes":4,"allocation_time":{"nanos":3083,"secs":0},"allocations":1,"arena_capacity":60293120,"arena_high_water":60293120,"command_buffers":1,"completion_waits":1,"dispatches":531,"encode":{"nanos":173453,"secs":0},"gpu":{"nanos":7491917,"secs":0},"reused_bytes":2279424,"transient_live_bytes":524288,"transient_peak_bytes":2279424,"wait":{"nanos":7744250,"secs":0}},{"allocated_bytes":4,"allocation_time":{"nanos":3667,"secs":0},"allocations":1,"arena_capacity":60293120,"arena_high_water":60293120,"command_buffers":1,"completion_waits":1,"dispatches":531,"encode":{"nanos":176237,"secs":0},"gpu":{"nanos":7435125,"secs":0},"reused_bytes":2279424,"transient_live_bytes":524288,"transient_peak_bytes":2279424,"wait":{"nanos":7700125,"secs":0}},{"allocated_bytes":4,"allocation_time":{"nanos":2042,"secs":0},"allocations":1,"arena_capacity":60293120,"arena_high_water":60293120,"command_buffers":1,"completion_waits":1,"dispatches":531,"encode":{"nanos":175418,"secs":0},"gpu":{"nanos":7760625,"secs":0},"reused_bytes":2279424,"transient_live_bytes":524288,"transient_peak_bytes":2279424,"wait":{"nanos":7986625,"secs":0}}],"decode_median_ms":8.188457999999999,"decode_ms":[8.306416,8.29425,8.201208999999999,8.326916,8.539125,8.188457999999999,8.179625,7.971832999999999,8.117792,8.276416999999999,8.084,7.711291,8.186542,8.133208,8.391333000000001],"decode_profiles":[{},{},{},{},{},{},{},{},{},{},{},{},{},{},{}],"decode_tps":122.12311524343168,"first_token_ms":28.825834,"generated_ids":[9707,0,2585,646,358,7789,498,3351,30,151645,198,151643,33975,25,2585,646],"generated_tokens":16,"generation_ms":155.32958299999999,"generation_tps":103.00677881817272,"gguf_mpp_min_rows":8,"kv_active_bytes":442368,"kv_reserved_bytes":3145728,"model_format":"GGUF","model_repository":"Qwen/Qwen2.5-0.5B-Instruct-GGUF","model_revision":"9217f5db79a29953eb74d5343926648285ec7e67","moe_expert_tensorops":true,"moe_expert_tensorops_min_routes_per_expert":8,"moe_expert_tensorops_tile_k64":true,"packed_quantized_bytes":485166080,"pair":4,"pair_order":"ferrum-control>ferrum-candidate>llama.cpp","parameter_count":630167424,"prefill_counters":{"allocated_bytes":3145812,"allocation_time":{"nanos":315874,"secs":0},"allocations":49,"arena_capacity":60293120,"arena_high_water":60293120,"command_buffers":1,"completion_waits":1,"dispatches":531,"encode":{"nanos":216161,"secs":0},"gpu":{"nanos":27290000,"secs":0},"reused_bytes":37027840,"transient_live_bytes":0,"transient_peak_bytes":37027840,"wait":{"nanos":27764750,"secs":0}},"prefill_ms":28.502584000000002,"prefill_profile":{},"prefill_tps":736.7753043022344,"prompt_ids":[151644,8948,198,2610,525,264,10950,17847,13,151645,198,151644,872,198,9707,0,151645,198,151644,77091,198],"prompt_tokens":21,"q4_k_mpp_tile_k64":true,"q5_0_gemv_n4":false,"q5_1_mpp_tile_k64":true,"q8_0_mpp_tile_k64":true,"retained_weight_bytes":485309184,"runtime":"ferrum","sampling_ms":3.7356260000000003,"source_tensor_bytes":485452288,"tensor_count":291,"warmup":false,"process_rss_bytes":806256640,"ferrum_variant":"candidate","source_matrix_case_model":"qwen2.5-phase7a-small-batch-shape-probe-q4_k_m","engine_order":["ferrum-control","ferrum-candidate","llama.cpp"],"case_index":6,"engine_load_plus_first_warmup_ms":877.0456250058487}
{"case":"m21","command_buffer_count":null,"decode_aggregate_tps":237.79438290669293,"decode_median_ms":4.066708,"decode_ms":[4.494917,4.421875,4.048625,4.315541,4.043875,4.019166,4.38125,4.061042,4.447291,4.022792,4.362958,3.972042,4.361625,4.06,4.066708],"decode_tps":245.89914004152743,"dispatch_count":null,"first_token_ms":15.277833,"generated_ids":[9707,0,2585,646,358,7789,498,3351,30,151645,198,151643,33975,25,358,2776],"generated_tokens":16,"generation_ms":82.127708,"generation_tps":194.8185379774631,"kv_context_capacity_tokens":4096,"kv_type":"bf16","llama_commit":"84e76d8a23162eca70490da131945ebec1f09bf4","llama_version":"0.5.0-dev","model_format":"GGUF","pair":4,"pair_order":"ferrum-control>ferrum-candidate>llama.cpp","prefill_ms":15.001333,"prefill_tps":1399.8755977218823,"process_max_rss_bytes":662716416,"prompt_ids":[151644,8948,198,2610,525,264,10950,17847,13,151645,198,151644,872,198,9707,0,151645,198,151644,77091,198],"prompt_tokens":21,"runtime":"llama.cpp","sampling_ms":4.044835,"warmup":false,"process_rss_bytes":662454272,"source_matrix_case_model":"qwen2.5-phase7a-small-batch-shape-probe-q4_k_m","engine_order":["ferrum-control","ferrum-candidate","llama.cpp"],"case_index":6,"engine_load_plus_first_warmup_ms":978.256624948699}
{"case":"m128","decode_aggregate_tps":122.56996465180275,"decode_counters":[{"allocated_bytes":4,"allocation_time":{"nanos":5375,"secs":0},"allocations":1,"arena_capacity":60293120,"arena_high_water":60293120,"command_buffers":1,"completion_waits":1,"dispatches":531,"encode":{"nanos":205534,"secs":0},"gpu":{"nanos":7401875,"secs":0},"reused_bytes":2279424,"transient_live_bytes":524288,"transient_peak_bytes":2279424,"wait":{"nanos":7641125,"secs":0}},{"allocated_bytes":4,"allocation_time":{"nanos":3333,"secs":0},"allocations":1,"arena_capacity":60293120,"arena_high_water":60293120,"command_buffers":1,"completion_waits":1,"dispatches":531,"encode":{"nanos":180878,"secs":0},"gpu":{"nanos":7612292,"secs":0},"reused_bytes":2279424,"transient_live_bytes":524288,"transient_peak_bytes":2279424,"wait":{"nanos":7866875,"secs":0}},{"allocated_bytes":4,"allocation_time":{"nanos":4292,"secs":0},"allocations":1,"arena_capacity":60293120,"arena_high_water":60293120,"command_buffers":1,"completion_waits":1,"dispatches":531,"encode":{"nanos":179995,"secs":0},"gpu":{"nanos":7511375,"secs":0},"reused_bytes":2279424,"transient_live_bytes":524288,"transient_peak_bytes":2279424,"wait":{"nanos":7764458,"secs":0}},{"allocated_bytes":4,"allocation_time":{"nanos":2958,"secs":0},"allocations":1,"arena_capacity":60293120,"arena_high_water":60293120,"command_buffers":1,"completion_waits":1,"dispatches":531,"encode":{"nanos":174875,"secs":0},"gpu":{"nanos":7630708,"secs":0},"reused_bytes":2279424,"transient_live_bytes":524288,"transient_peak_bytes":2279424,"wait":{"nanos":7864292,"secs":0}},{"allocated_bytes":4,"allocation_time":{"nanos":2667,"secs":0},"allocations":1,"arena_capacity":60293120,"arena_high_water":60293120,"command_buffers":1,"completion_waits":1,"dispatches":531,"encode":{"nanos":174871,"secs":0},"gpu":{"nanos":7848042,"secs":0},"reused_bytes":2279424,"transient_live_bytes":524288,"transient_peak_bytes":2279424,"wait":{"nanos":8103000,"secs":0}},{"allocated_bytes":4,"allocation_time":{"nanos":2833,"secs":0},"allocations":1,"arena_capacity":60293120,"arena_high_water":60293120,"command_buffers":1,"completion_waits":1,"dispatches":531,"encode":{"nanos":183788,"secs":0},"gpu":{"nanos":7740167,"secs":0},"reused_bytes":2279424,"transient_live_bytes":524288,"transient_peak_bytes":2279424,"wait":{"nanos":8065166,"secs":0}},{"allocated_bytes":4,"allocation_time":{"nanos":3125,"secs":0},"allocations":1,"arena_capacity":60293120,"arena_high_water":60293120,"command_buffers":1,"completion_waits":1,"dispatches":531,"encode":{"nanos":222304,"secs":0},"gpu":{"nanos":7221917,"secs":0},"reused_bytes":2279424,"transient_live_bytes":524288,"transient_peak_bytes":2279424,"wait":{"nanos":7514083,"secs":0}},{"allocated_bytes":4,"allocation_time":{"nanos":5209,"secs":0},"allocations":1,"arena_capacity":60293120,"arena_high_water":60293120,"command_buffers":1,"completion_waits":1,"dispatches":531,"encode":{"nanos":184448,"secs":0},"gpu":{"nanos":7026250,"secs":0},"reused_bytes":2279424,"transient_live_bytes":524288,"transient_peak_bytes":2279424,"wait":{"nanos":7271458,"secs":0}},{"allocated_bytes":4,"allocation_time":{"nanos":3083,"secs":0},"allocations":1,"arena_capacity":60293120,"arena_high_water":60293120,"command_buffers":1,"completion_waits":1,"dispatches":531,"encode":{"nanos":177467,"secs":0},"gpu":{"nanos":7447292,"secs":0},"reused_bytes":2279424,"transient_live_bytes":524288,"transient_peak_bytes":2279424,"wait":{"nanos":7706458,"secs":0}},{"allocated_bytes":4,"allocation_time":{"nanos":2667,"secs":0},"allocations":1,"arena_capacity":60293120,"arena_high_water":60293120,"command_buffers":1,"completion_waits":1,"dispatches":531,"encode":{"nanos":182179,"secs":0},"gpu":{"nanos":7570625,"secs":0},"reused_bytes":2279424,"transient_live_bytes":524288,"transient_peak_bytes":2279424,"wait":{"nanos":7800333,"secs":0}},{"allocated_bytes":4,"allocation_time":{"nanos":2500,"secs":0},"allocations":1,"arena_capacity":60293120,"arena_high_water":60293120,"command_buffers":1,"completion_waits":1,"dispatches":531,"encode":{"nanos":175024,"secs":0},"gpu":{"nanos":7399917,"secs":0},"reused_bytes":2279424,"transient_live_bytes":524288,"transient_peak_bytes":2279424,"wait":{"nanos":7683667,"secs":0}},{"allocated_bytes":4,"allocation_time":{"nanos":3416,"secs":0},"allocations":1,"arena_capacity":60293120,"arena_high_water":60293120,"command_buffers":1,"completion_waits":1,"dispatches":531,"encode":{"nanos":206720,"secs":0},"gpu":{"nanos":7258583,"secs":0},"reused_bytes":2279424,"transient_live_bytes":524288,"transient_peak_bytes":2279424,"wait":{"nanos":7560584,"secs":0}},{"allocated_bytes":4,"allocation_time":{"nanos":2958,"secs":0},"allocations":1,"arena_capacity":60293120,"arena_high_water":60293120,"command_buffers":1,"completion_waits":1,"dispatches":531,"encode":{"nanos":183577,"secs":0},"gpu":{"nanos":7205875,"secs":0},"reused_bytes":2279424,"transient_live_bytes":524288,"transient_peak_bytes":2279424,"wait":{"nanos":7470208,"secs":0}},{"allocated_bytes":4,"allocation_time":{"nanos":3583,"secs":0},"allocations":1,"arena_capacity":60293120,"arena_high_water":60293120,"command_buffers":1,"completion_waits":1,"dispatches":531,"encode":{"nanos":178005,"secs":0},"gpu":{"nanos":7151583,"secs":0},"reused_bytes":2279424,"transient_live_bytes":524288,"transient_peak_bytes":2279424,"wait":{"nanos":7366917,"secs":0}},{"allocated_bytes":4,"allocation_time":{"nanos":3583,"secs":0},"allocations":1,"arena_capacity":60293120,"arena_high_water":60293120,"command_buffers":1,"completion_waits":1,"dispatches":531,"encode":{"nanos":188326,"secs":0},"gpu":{"nanos":7822000,"secs":0},"reused_bytes":2279424,"transient_live_bytes":524288,"transient_peak_bytes":2279424,"wait":{"nanos":8053000,"secs":0}}],"decode_median_ms":8.134084,"decode_ms":[8.129542,8.305292000000001,8.204291000000001,8.265042000000001,8.533833,8.506042,8.0145,7.713541,8.134084,8.202124999999999,8.11,8.073208,7.915625,7.800375,8.471584],"decode_profiles":[{},{},{},{},{},{},{},{},{},{},{},{},{},{},{}],"decode_tps":122.939472963397,"first_token_ms":28.518915999999997,"generated_ids":[9707,0,2585,646,358,7789,498,3351,30,151645,198,151643,33975,25,2585,646],"generated_tokens":16,"generation_ms":154.512708,"generation_tps":103.55135320002287,"gguf_mpp_min_rows":8,"kv_active_bytes":442368,"kv_reserved_bytes":3145728,"model_format":"GGUF","model_repository":"Qwen/Qwen2.5-0.5B-Instruct-GGUF","model_revision":"9217f5db79a29953eb74d5343926648285ec7e67","moe_expert_tensorops":true,"moe_expert_tensorops_min_routes_per_expert":8,"moe_expert_tensorops_tile_k64":true,"packed_quantized_bytes":485166080,"pair":0,"pair_order":"ferrum-candidate>llama.cpp>ferrum-control","parameter_count":630167424,"prefill_counters":{"allocated_bytes":3145812,"allocation_time":{"nanos":385584,"secs":0},"allocations":49,"arena_capacity":60293120,"arena_high_water":60293120,"command_buffers":1,"completion_waits":1,"dispatches":531,"encode":{"nanos":225918,"secs":0},"gpu":{"nanos":26847125,"secs":0},"reused_bytes":37027840,"transient_live_bytes":0,"transient_peak_bytes":37027840,"wait":{"nanos":27370292,"secs":0}},"prefill_ms":28.196958000000002,"prefill_profile":{},"prefill_tps":744.7611901964743,"prompt_ids":[151644,8948,198,2610,525,264,10950,17847,13,151645,198,151644,872,198,9707,0,151645,198,151644,77091,198],"prompt_tokens":21,"q4_k_mpp_tile_k64":true,"q5_0_gemv_n4":false,"q5_1_mpp_tile_k64":true,"q8_0_mpp_tile_k64":true,"retained_weight_bytes":485309184,"runtime":"ferrum","sampling_ms":3.761835,"source_tensor_bytes":485452288,"tensor_count":291,"warmup":false,"process_rss_bytes":806256640,"ferrum_variant":"candidate","source_matrix_case_model":"qwen2.5-phase7a-small-batch-shape-probe-q4_k_m","engine_order":["ferrum-candidate","llama.cpp","ferrum-control"],"case_index":7,"engine_load_plus_first_warmup_ms":877.0456250058487}
{"case":"m128","command_buffer_count":null,"decode_aggregate_tps":236.93173030168552,"decode_median_ms":4.332875,"decode_ms":[4.4705,4.340875,4.017959,4.37775,4.02175,4.407417,3.998917,4.346958,4.02,4.094875,4.37725,4.010208,4.332875,4.1515,4.340542],"decode_tps":230.79364163517297,"dispatch_count":null,"first_token_ms":15.476416,"generated_ids":[9707,0,2585,646,358,7789,498,3351,30,151645,198,151643,33975,25,358,2776],"generated_tokens":16,"generation_ms":82.546833,"generation_tps":193.82936229667345,"kv_context_capacity_tokens":4096,"kv_type":"bf16","llama_commit":"84e76d8a23162eca70490da131945ebec1f09bf4","llama_version":"0.5.0-dev","model_format":"GGUF","pair":0,"pair_order":"ferrum-candidate>llama.cpp>ferrum-control","prefill_ms":15.217375,"prefill_tps":1380.0014785730127,"process_max_rss_bytes":662716416,"prompt_ids":[151644,8948,198,2610,525,264,10950,17847,13,151645,198,151644,872,198,9707,0,151645,198,151644,77091,198],"prompt_tokens":21,"runtime":"llama.cpp","sampling_ms":4.018331000000001,"warmup":false,"process_rss_bytes":662454272,"source_matrix_case_model":"qwen2.5-phase7a-small-batch-shape-probe-q4_k_m","engine_order":["ferrum-candidate","llama.cpp","ferrum-control"],"case_index":7,"engine_load_plus_first_warmup_ms":978.256624948699}
{"case":"m128","decode_aggregate_tps":123.12390059078048,"decode_counters":[{"allocated_bytes":4,"allocation_time":{"nanos":3958,"secs":0},"allocations":1,"arena_capacity":60293120,"arena_high_water":60293120,"command_buffers":1,"completion_waits":1,"dispatches":531,"encode":{"nanos":256085,"secs":0},"gpu":{"nanos":7677375,"secs":0},"reused_bytes":2279424,"transient_live_bytes":524288,"transient_peak_bytes":2279424,"wait":{"nanos":7921500,"secs":0}},{"allocated_bytes":4,"allocation_time":{"nanos":2958,"secs":0},"allocations":1,"arena_capacity":60293120,"arena_high_water":60293120,"command_buffers":1,"completion_waits":1,"dispatches":531,"encode":{"nanos":177517,"secs":0},"gpu":{"nanos":7344208,"secs":0},"reused_bytes":2279424,"transient_live_bytes":524288,"transient_peak_bytes":2279424,"wait":{"nanos":7651500,"secs":0}},{"allocated_bytes":4,"allocation_time":{"nanos":4334,"secs":0},"allocations":1,"arena_capacity":60293120,"arena_high_water":60293120,"command_buffers":1,"completion_waits":1,"dispatches":531,"encode":{"nanos":178957,"secs":0},"gpu":{"nanos":7249250,"secs":0},"reused_bytes":2279424,"transient_live_bytes":524288,"transient_peak_bytes":2279424,"wait":{"nanos":7481792,"secs":0}},{"allocated_bytes":4,"allocation_time":{"nanos":3666,"secs":0},"allocations":1,"arena_capacity":60293120,"arena_high_water":60293120,"command_buffers":1,"completion_waits":1,"dispatches":531,"encode":{"nanos":177801,"secs":0},"gpu":{"nanos":7613333,"secs":0},"reused_bytes":2279424,"transient_live_bytes":524288,"transient_peak_bytes":2279424,"wait":{"nanos":7866584,"secs":0}},{"allocated_bytes":4,"allocation_time":{"nanos":3458,"secs":0},"allocations":1,"arena_capacity":60293120,"arena_high_water":60293120,"command_buffers":1,"completion_waits":1,"dispatches":531,"encode":{"nanos":176507,"secs":0},"gpu":{"nanos":7840250,"secs":0},"reused_bytes":2279424,"transient_live_bytes":524288,"transient_peak_bytes":2279424,"wait":{"nanos":8061458,"secs":0}},{"allocated_bytes":4,"allocation_time":{"nanos":3250,"secs":0},"allocations":1,"arena_capacity":60293120,"arena_high_water":60293120,"command_buffers":1,"completion_waits":1,"dispatches":531,"encode":{"nanos":176824,"secs":0},"gpu":{"nanos":7767125,"secs":0},"reused_bytes":2279424,"transient_live_bytes":524288,"transient_peak_bytes":2279424,"wait":{"nanos":7982417,"secs":0}},{"allocated_bytes":4,"allocation_time":{"nanos":3042,"secs":0},"allocations":1,"arena_capacity":60293120,"arena_high_water":60293120,"command_buffers":1,"completion_waits":1,"dispatches":531,"encode":{"nanos":177554,"secs":0},"gpu":{"nanos":7478708,"secs":0},"reused_bytes":2279424,"transient_live_bytes":524288,"transient_peak_bytes":2279424,"wait":{"nanos":7725750,"secs":0}},{"allocated_bytes":4,"allocation_time":{"nanos":2750,"secs":0},"allocations":1,"arena_capacity":60293120,"arena_high_water":60293120,"command_buffers":1,"completion_waits":1,"dispatches":531,"encode":{"nanos":178039,"secs":0},"gpu":{"nanos":7014667,"secs":0},"reused_bytes":2279424,"transient_live_bytes":524288,"transient_peak_bytes":2279424,"wait":{"nanos":7251542,"secs":0}},{"allocated_bytes":4,"allocation_time":{"nanos":3792,"secs":0},"allocations":1,"arena_capacity":60293120,"arena_high_water":60293120,"command_buffers":1,"completion_waits":1,"dispatches":531,"encode":{"nanos":179325,"secs":0},"gpu":{"nanos":7207375,"secs":0},"reused_bytes":2279424,"transient_live_bytes":524288,"transient_peak_bytes":2279424,"wait":{"nanos":7464792,"secs":0}},{"allocated_bytes":4,"allocation_time":{"nanos":3584,"secs":0},"allocations":1,"arena_capacity":60293120,"arena_high_water":60293120,"command_buffers":1,"completion_waits":1,"dispatches":531,"encode":{"nanos":177254,"secs":0},"gpu":{"nanos":7546708,"secs":0},"reused_bytes":2279424,"transient_live_bytes":524288,"transient_peak_bytes":2279424,"wait":{"nanos":7799167,"secs":0}},{"allocated_bytes":4,"allocation_time":{"nanos":3500,"secs":0},"allocations":1,"arena_capacity":60293120,"arena_high_water":60293120,"command_buffers":1,"completion_waits":1,"dispatches":531,"encode":{"nanos":175396,"secs":0},"gpu":{"nanos":7399625,"secs":0},"reused_bytes":2279424,"transient_live_bytes":524288,"transient_peak_bytes":2279424,"wait":{"nanos":7702166,"secs":0}},{"allocated_bytes":4,"allocation_time":{"nanos":2291,"secs":0},"allocations":1,"arena_capacity":60293120,"arena_high_water":60293120,"command_buffers":1,"completion_waits":1,"dispatches":531,"encode":{"nanos":176762,"secs":0},"gpu":{"nanos":7242917,"secs":0},"reused_bytes":2279424,"transient_live_bytes":524288,"transient_peak_bytes":2279424,"wait":{"nanos":7502459,"secs":0}},{"allocated_bytes":4,"allocation_time":{"nanos":3041,"secs":0},"allocations":1,"arena_capacity":60293120,"arena_high_water":60293120,"command_buffers":1,"completion_waits":1,"dispatches":531,"encode":{"nanos":176324,"secs":0},"gpu":{"nanos":7482792,"secs":0},"reused_bytes":2279424,"transient_live_bytes":524288,"transient_peak_bytes":2279424,"wait":{"nanos":7709250,"secs":0}},{"allocated_bytes":4,"allocation_time":{"nanos":3084,"secs":0},"allocations":1,"arena_capacity":60293120,"arena_high_water":60293120,"command_buffers":1,"completion_waits":1,"dispatches":531,"encode":{"nanos":228118,"secs":0},"gpu":{"nanos":7146125,"secs":0},"reused_bytes":2279424,"transient_live_bytes":524288,"transient_peak_bytes":2279424,"wait":{"nanos":7366167,"secs":0}},{"allocated_bytes":4,"allocation_time":{"nanos":3834,"secs":0},"allocations":1,"arena_capacity":60293120,"arena_high_water":60293120,"command_buffers":1,"completion_waits":1,"dispatches":531,"encode":{"nanos":177833,"secs":0},"gpu":{"nanos":7483083,"secs":0},"reused_bytes":2279424,"transient_live_bytes":524288,"transient_peak_bytes":2279424,"wait":{"nanos":7726875,"secs":0}}],"decode_median_ms":8.141791000000001,"decode_ms":[8.452084000000001,8.088333,7.884792,8.322,8.458791999999999,8.378667,8.158375000000001,7.6755,7.900707999999999,8.232916,8.131457999999999,7.9462079999999995,8.141791000000001,7.8866249999999996,8.170250000000001],"decode_profiles":[{},{},{},{},{},{},{},{},{},{},{},{},{},{},{}],"decode_tps":122.82309875063113,"first_token_ms":28.396667,"generated_ids":[9707,0,2585,646,358,7789,498,3351,30,151645,198,151643,33975,25,2585,646],"generated_tokens":16,"generation_ms":153.934167,"generation_tps":103.94053712584808,"gguf_mpp_min_rows":16,"kv_active_bytes":442368,"kv_reserved_bytes":3145728,"model_format":"GGUF","model_repository":"Qwen/Qwen2.5-0.5B-Instruct-GGUF","model_revision":"9217f5db79a29953eb74d5343926648285ec7e67","moe_expert_tensorops":true,"moe_expert_tensorops_min_routes_per_expert":8,"moe_expert_tensorops_tile_k64":true,"packed_quantized_bytes":485166080,"pair":0,"pair_order":"ferrum-candidate>llama.cpp>ferrum-control","parameter_count":630167424,"prefill_counters":{"allocated_bytes":3145812,"allocation_time":{"nanos":365167,"secs":0},"allocations":49,"arena_capacity":60293120,"arena_high_water":60293120,"command_buffers":1,"completion_waits":1,"dispatches":531,"encode":{"nanos":217372,"secs":0},"gpu":{"nanos":26997333,"secs":0},"reused_bytes":37027840,"transient_live_bytes":0,"transient_peak_bytes":37027840,"wait":{"nanos":27297416,"secs":0}},"prefill_ms":28.09675,"prefill_profile":{},"prefill_tps":747.4174059277318,"prompt_ids":[151644,8948,198,2610,525,264,10950,17847,13,151645,198,151644,872,198,9707,0,151645,198,151644,77091,198],"prompt_tokens":21,"q4_k_mpp_tile_k64":true,"q5_0_gemv_n4":false,"q5_1_mpp_tile_k64":true,"q8_0_mpp_tile_k64":true,"retained_weight_bytes":485309184,"runtime":"ferrum","sampling_ms":3.832665,"source_tensor_bytes":485452288,"tensor_count":291,"warmup":false,"process_rss_bytes":806256640,"ferrum_variant":"control","source_matrix_case_model":"qwen2.5-phase7a-small-batch-shape-probe-q4_k_m","engine_order":["ferrum-candidate","llama.cpp","ferrum-control"],"case_index":7,"engine_load_plus_first_warmup_ms":877.0456250058487}
{"case":"m128","decode_aggregate_tps":121.46753381745218,"decode_counters":[{"allocated_bytes":4,"allocation_time":{"nanos":4792,"secs":0},"allocations":1,"arena_capacity":60293120,"arena_high_water":60293120,"command_buffers":1,"completion_waits":1,"dispatches":531,"encode":{"nanos":220053,"secs":0},"gpu":{"nanos":7388125,"secs":0},"reused_bytes":2279424,"transient_live_bytes":524288,"transient_peak_bytes":2279424,"wait":{"nanos":7637375,"secs":0}},{"allocated_bytes":4,"allocation_time":{"nanos":4000,"secs":0},"allocations":1,"arena_capacity":60293120,"arena_high_water":60293120,"command_buffers":1,"completion_waits":1,"dispatches":531,"encode":{"nanos":177833,"secs":0},"gpu":{"nanos":7607167,"secs":0},"reused_bytes":2279424,"transient_live_bytes":524288,"transient_peak_bytes":2279424,"wait":{"nanos":7850208,"secs":0}},{"allocated_bytes":4,"allocation_time":{"nanos":3959,"secs":0},"allocations":1,"arena_capacity":60293120,"arena_high_water":60293120,"command_buffers":1,"completion_waits":1,"dispatches":531,"encode":{"nanos":179448,"secs":0},"gpu":{"nanos":7491250,"secs":0},"reused_bytes":2279424,"transient_live_bytes":524288,"transient_peak_bytes":2279424,"wait":{"nanos":7725958,"secs":0}},{"allocated_bytes":4,"allocation_time":{"nanos":3125,"secs":0},"allocations":1,"arena_capacity":60293120,"arena_high_water":60293120,"command_buffers":1,"completion_waits":1,"dispatches":531,"encode":{"nanos":175743,"secs":0},"gpu":{"nanos":7601542,"secs":0},"reused_bytes":2279424,"transient_live_bytes":524288,"transient_peak_bytes":2279424,"wait":{"nanos":7877584,"secs":0}},{"allocated_bytes":4,"allocation_time":{"nanos":2750,"secs":0},"allocations":1,"arena_capacity":60293120,"arena_high_water":60293120,"command_buffers":1,"completion_waits":1,"dispatches":531,"encode":{"nanos":178208,"secs":0},"gpu":{"nanos":7819250,"secs":0},"reused_bytes":2279424,"transient_live_bytes":524288,"transient_peak_bytes":2279424,"wait":{"nanos":8048709,"secs":0}},{"allocated_bytes":4,"allocation_time":{"nanos":3167,"secs":0},"allocations":1,"arena_capacity":60293120,"arena_high_water":60293120,"command_buffers":1,"completion_waits":1,"dispatches":531,"encode":{"nanos":176169,"secs":0},"gpu":{"nanos":7735917,"secs":0},"reused_bytes":2279424,"transient_live_bytes":524288,"transient_peak_bytes":2279424,"wait":{"nanos":8024667,"secs":0}},{"allocated_bytes":4,"allocation_time":{"nanos":2459,"secs":0},"allocations":1,"arena_capacity":60293120,"arena_high_water":60293120,"command_buffers":1,"completion_waits":1,"dispatches":531,"encode":{"nanos":174328,"secs":0},"gpu":{"nanos":7214042,"secs":0},"reused_bytes":2279424,"transient_live_bytes":524288,"transient_peak_bytes":2279424,"wait":{"nanos":7508666,"secs":0}},{"allocated_bytes":4,"allocation_time":{"nanos":3250,"secs":0},"allocations":1,"arena_capacity":60293120,"arena_high_water":60293120,"command_buffers":1,"completion_waits":1,"dispatches":531,"encode":{"nanos":176998,"secs":0},"gpu":{"nanos":7170667,"secs":0},"reused_bytes":2279424,"transient_live_bytes":524288,"transient_peak_bytes":2279424,"wait":{"nanos":7359375,"secs":0}},{"allocated_bytes":4,"allocation_time":{"nanos":3125,"secs":0},"allocations":1,"arena_capacity":60293120,"arena_high_water":60293120,"command_buffers":1,"completion_waits":1,"dispatches":531,"encode":{"nanos":186632,"secs":0},"gpu":{"nanos":7481833,"secs":0},"reused_bytes":2279424,"transient_live_bytes":524288,"transient_peak_bytes":2279424,"wait":{"nanos":7708375,"secs":0}},{"allocated_bytes":4,"allocation_time":{"nanos":5125,"secs":0},"allocations":1,"arena_capacity":60293120,"arena_high_water":60293120,"command_buffers":1,"completion_waits":1,"dispatches":531,"encode":{"nanos":194913,"secs":0},"gpu":{"nanos":7591958,"secs":0},"reused_bytes":2279424,"transient_live_bytes":524288,"transient_peak_bytes":2279424,"wait":{"nanos":7803375,"secs":0}},{"allocated_bytes":4,"allocation_time":{"nanos":6875,"secs":0},"allocations":1,"arena_capacity":60293120,"arena_high_water":60293120,"command_buffers":1,"completion_waits":1,"dispatches":531,"encode":{"nanos":202637,"secs":0},"gpu":{"nanos":7420125,"secs":0},"reused_bytes":2279424,"transient_live_bytes":524288,"transient_peak_bytes":2279424,"wait":{"nanos":7749000,"secs":0}},{"allocated_bytes":4,"allocation_time":{"nanos":3750,"secs":0},"allocations":1,"arena_capacity":60293120,"arena_high_water":60293120,"command_buffers":1,"completion_waits":1,"dispatches":531,"encode":{"nanos":177090,"secs":0},"gpu":{"nanos":7504125,"secs":0},"reused_bytes":2279424,"transient_live_bytes":524288,"transient_peak_bytes":2279424,"wait":{"nanos":7764042,"secs":0}},{"allocated_bytes":4,"allocation_time":{"nanos":3667,"secs":0},"allocations":1,"arena_capacity":60293120,"arena_high_water":60293120,"command_buffers":1,"completion_waits":1,"dispatches":531,"encode":{"nanos":184121,"secs":0},"gpu":{"nanos":7475458,"secs":0},"reused_bytes":2279424,"transient_live_bytes":524288,"transient_peak_bytes":2279424,"wait":{"nanos":7780833,"secs":0}},{"allocated_bytes":4,"allocation_time":{"nanos":3458,"secs":0},"allocations":1,"arena_capacity":60293120,"arena_high_water":60293120,"command_buffers":1,"completion_waits":1,"dispatches":531,"encode":{"nanos":180932,"secs":0},"gpu":{"nanos":7516250,"secs":0},"reused_bytes":2279424,"transient_live_bytes":524288,"transient_peak_bytes":2279424,"wait":{"nanos":7770833,"secs":0}},{"allocated_bytes":4,"allocation_time":{"nanos":8500,"secs":0},"allocations":1,"arena_capacity":60293120,"arena_high_water":60293120,"command_buffers":1,"completion_waits":1,"dispatches":531,"encode":{"nanos":196407,"secs":0},"gpu":{"nanos":8003667,"secs":0},"reused_bytes":2279424,"transient_live_bytes":524288,"transient_peak_bytes":2279424,"wait":{"nanos":8274250,"secs":0}}],"decode_median_ms":8.222375000000001,"decode_ms":[8.130333,8.27825,8.127208,8.328583,8.478625,8.457041,7.932875000000001,7.768708,8.131083,8.233458,8.235,8.194875000000001,8.222375000000001,8.219791,8.751583],"decode_profiles":[{},{},{},{},{},{},{},{},{},{},{},{},{},{},{}],"decode_tps":121.61936180239893,"first_token_ms":28.236541,"generated_ids":[9707,0,2585,646,358,7789,498,3351,30,151645,198,151643,33975,25,2585,646],"generated_tokens":16,"generation_ms":155.462,"generation_tps":102.91904130913021,"gguf_mpp_min_rows":16,"kv_active_bytes":442368,"kv_reserved_bytes":3145728,"model_format":"GGUF","model_repository":"Qwen/Qwen2.5-0.5B-Instruct-GGUF","model_revision":"9217f5db79a29953eb74d5343926648285ec7e67","moe_expert_tensorops":true,"moe_expert_tensorops_min_routes_per_expert":8,"moe_expert_tensorops_tile_k64":true,"packed_quantized_bytes":485166080,"pair":1,"pair_order":"ferrum-control>llama.cpp>ferrum-candidate","parameter_count":630167424,"prefill_counters":{"allocated_bytes":3145812,"allocation_time":{"nanos":317587,"secs":0},"allocations":49,"arena_capacity":60293120,"arena_high_water":60293120,"command_buffers":1,"completion_waits":1,"dispatches":531,"encode":{"nanos":207187,"secs":0},"gpu":{"nanos":26777625,"secs":0},"reused_bytes":37027840,"transient_live_bytes":0,"transient_peak_bytes":37027840,"wait":{"nanos":27207375,"secs":0}},"prefill_ms":27.936083,"prefill_profile":{},"prefill_tps":751.7159796525518,"prompt_ids":[151644,8948,198,2610,525,264,10950,17847,13,151645,198,151644,872,198,9707,0,151645,198,151644,77091,198],"prompt_tokens":21,"q4_k_mpp_tile_k64":true,"q5_0_gemv_n4":false,"q5_1_mpp_tile_k64":true,"q8_0_mpp_tile_k64":true,"retained_weight_bytes":485309184,"runtime":"ferrum","sampling_ms":3.852458,"source_tensor_bytes":485452288,"tensor_count":291,"warmup":false,"process_rss_bytes":806256640,"ferrum_variant":"control","source_matrix_case_model":"qwen2.5-phase7a-small-batch-shape-probe-q4_k_m","engine_order":["ferrum-control","llama.cpp","ferrum-candidate"],"case_index":7,"engine_load_plus_first_warmup_ms":877.0456250058487}
{"case":"m128","command_buffer_count":null,"decode_aggregate_tps":233.7545460389318,"decode_median_ms":4.246292,"decode_ms":[4.5455,4.211625,4.132208,4.439667,4.067083,4.445584,4.246292,4.366333,4.167125,4.38875,4.186209,4.043791,4.507334,4.081333,4.341041],"decode_tps":235.49958410773445,"dispatch_count":null,"first_token_ms":15.235833,"generated_ids":[9707,0,2585,646,358,7789,498,3351,30,151645,198,151643,33975,25,358,2776],"generated_tokens":16,"generation_ms":83.173083,"generation_tps":192.36992814129542,"kv_context_capacity_tokens":4096,"kv_type":"bf16","llama_commit":"84e76d8a23162eca70490da131945ebec1f09bf4","llama_version":"0.5.0-dev","model_format":"GGUF","pair":1,"pair_order":"ferrum-control>llama.cpp>ferrum-candidate","prefill_ms":14.980958,"prefill_tps":1401.7795123649637,"process_max_rss_bytes":662716416,"prompt_ids":[151644,8948,198,2610,525,264,10950,17847,13,151645,198,151644,872,198,9707,0,151645,198,151644,77091,198],"prompt_tokens":21,"runtime":"llama.cpp","sampling_ms":4.019708,"warmup":false,"process_rss_bytes":662454272,"source_matrix_case_model":"qwen2.5-phase7a-small-batch-shape-probe-q4_k_m","engine_order":["ferrum-control","llama.cpp","ferrum-candidate"],"case_index":7,"engine_load_plus_first_warmup_ms":978.256624948699}
{"case":"m128","decode_aggregate_tps":121.17222005682977,"decode_counters":[{"allocated_bytes":4,"allocation_time":{"nanos":5292,"secs":0},"allocations":1,"arena_capacity":60293120,"arena_high_water":60293120,"command_buffers":1,"completion_waits":1,"dispatches":531,"encode":{"nanos":224514,"secs":0},"gpu":{"nanos":7703375,"secs":0},"reused_bytes":2279424,"transient_live_bytes":524288,"transient_peak_bytes":2279424,"wait":{"nanos":7946625,"secs":0}},{"allocated_bytes":4,"allocation_time":{"nanos":4208,"secs":0},"allocations":1,"arena_capacity":60293120,"arena_high_water":60293120,"command_buffers":1,"completion_waits":1,"dispatches":531,"encode":{"nanos":180791,"secs":0},"gpu":{"nanos":7619417,"secs":0},"reused_bytes":2279424,"transient_live_bytes":524288,"transient_peak_bytes":2279424,"wait":{"nanos":7844042,"secs":0}},{"allocated_bytes":4,"allocation_time":{"nanos":3458,"secs":0},"allocations":1,"arena_capacity":60293120,"arena_high_water":60293120,"command_buffers":1,"completion_waits":1,"dispatches":531,"encode":{"nanos":184162,"secs":0},"gpu":{"nanos":7579375,"secs":0},"reused_bytes":2279424,"transient_live_bytes":524288,"transient_peak_bytes":2279424,"wait":{"nanos":7831750,"secs":0}},{"allocated_bytes":4,"allocation_time":{"nanos":3792,"secs":0},"allocations":1,"arena_capacity":60293120,"arena_high_water":60293120,"command_buffers":1,"completion_waits":1,"dispatches":531,"encode":{"nanos":182209,"secs":0},"gpu":{"nanos":7495875,"secs":0},"reused_bytes":2279424,"transient_live_bytes":524288,"transient_peak_bytes":2279424,"wait":{"nanos":7751459,"secs":0}},{"allocated_bytes":4,"allocation_time":{"nanos":6708,"secs":0},"allocations":1,"arena_capacity":60293120,"arena_high_water":60293120,"command_buffers":1,"completion_waits":1,"dispatches":531,"encode":{"nanos":191965,"secs":0},"gpu":{"nanos":7940500,"secs":0},"reused_bytes":2279424,"transient_live_bytes":524288,"transient_peak_bytes":2279424,"wait":{"nanos":8214292,"secs":0}},{"allocated_bytes":4,"allocation_time":{"nanos":5375,"secs":0},"allocations":1,"arena_capacity":60293120,"arena_high_water":60293120,"command_buffers":1,"completion_waits":1,"dispatches":531,"encode":{"nanos":183830,"secs":0},"gpu":{"nanos":7814875,"secs":0},"reused_bytes":2279424,"transient_live_bytes":524288,"transient_peak_bytes":2279424,"wait":{"nanos":8068333,"secs":0}},{"allocated_bytes":4,"allocation_time":{"nanos":4250,"secs":0},"allocations":1,"arena_capacity":60293120,"arena_high_water":60293120,"command_buffers":1,"completion_waits":1,"dispatches":531,"encode":{"nanos":177991,"secs":0},"gpu":{"nanos":7573167,"secs":0},"reused_bytes":2279424,"transient_live_bytes":524288,"transient_peak_bytes":2279424,"wait":{"nanos":7828750,"secs":0}},{"allocated_bytes":4,"allocation_time":{"nanos":4000,"secs":0},"allocations":1,"arena_capacity":60293120,"arena_high_water":60293120,"command_buffers":1,"completion_waits":1,"dispatches":531,"encode":{"nanos":183283,"secs":0},"gpu":{"nanos":7261875,"secs":0},"reused_bytes":2279424,"transient_live_bytes":524288,"transient_peak_bytes":2279424,"wait":{"nanos":7565792,"secs":0}},{"allocated_bytes":4,"allocation_time":{"nanos":2917,"secs":0},"allocations":1,"arena_capacity":60293120,"arena_high_water":60293120,"command_buffers":1,"completion_waits":1,"dispatches":531,"encode":{"nanos":182815,"secs":0},"gpu":{"nanos":7459875,"secs":0},"reused_bytes":2279424,"transient_live_bytes":524288,"transient_peak_bytes":2279424,"wait":{"nanos":7698333,"secs":0}},{"allocated_bytes":4,"allocation_time":{"nanos":3709,"secs":0},"allocations":1,"arena_capacity":60293120,"arena_high_water":60293120,"command_buffers":1,"completion_waits":1,"dispatches":531,"encode":{"nanos":175825,"secs":0},"gpu":{"nanos":7655125,"secs":0},"reused_bytes":2279424,"transient_live_bytes":524288,"transient_peak_bytes":2279424,"wait":{"nanos":7909542,"secs":0}},{"allocated_bytes":4,"allocation_time":{"nanos":2833,"secs":0},"allocations":1,"arena_capacity":60293120,"arena_high_water":60293120,"command_buffers":1,"completion_waits":1,"dispatches":531,"encode":{"nanos":184955,"secs":0},"gpu":{"nanos":7263000,"secs":0},"reused_bytes":2279424,"transient_live_bytes":524288,"transient_peak_bytes":2279424,"wait":{"nanos":7526167,"secs":0}},{"allocated_bytes":4,"allocation_time":{"nanos":3583,"secs":0},"allocations":1,"arena_capacity":60293120,"arena_high_water":60293120,"command_buffers":1,"completion_waits":1,"dispatches":531,"encode":{"nanos":176784,"secs":0},"gpu":{"nanos":7308000,"secs":0},"reused_bytes":2279424,"transient_live_bytes":524288,"transient_peak_bytes":2279424,"wait":{"nanos":7557125,"secs":0}},{"allocated_bytes":4,"allocation_time":{"nanos":3375,"secs":0},"allocations":1,"arena_capacity":60293120,"arena_high_water":60293120,"command_buffers":1,"completion_waits":1,"dispatches":531,"encode":{"nanos":176784,"secs":0},"gpu":{"nanos":7530458,"secs":0},"reused_bytes":2279424,"transient_live_bytes":524288,"transient_peak_bytes":2279424,"wait":{"nanos":7753250,"secs":0}},{"allocated_bytes":4,"allocation_time":{"nanos":3292,"secs":0},"allocations":1,"arena_capacity":60293120,"arena_high_water":60293120,"command_buffers":1,"completion_waits":1,"dispatches":531,"encode":{"nanos":181291,"secs":0},"gpu":{"nanos":7442917,"secs":0},"reused_bytes":2279424,"transient_live_bytes":524288,"transient_peak_bytes":2279424,"wait":{"nanos":7674708,"secs":0}},{"allocated_bytes":4,"allocation_time":{"nanos":3209,"secs":0},"allocations":1,"arena_capacity":60293120,"arena_high_water":60293120,"command_buffers":1,"completion_waits":1,"dispatches":531,"encode":{"nanos":184976,"secs":0},"gpu":{"nanos":7769542,"secs":0},"reused_bytes":2279424,"transient_live_bytes":524288,"transient_peak_bytes":2279424,"wait":{"nanos":8008292,"secs":0}}],"decode_median_ms":8.271374999999999,"decode_ms":[8.424,8.27725,8.2715,8.194125,8.6725,8.514042,8.271374999999999,8.047542,8.133625,8.341459,7.970291,7.981458,8.150125,8.08975,8.451708],"decode_profiles":[{},{},{},{},{},{},{},{},{},{},{},{},{},{},{}],"decode_tps":120.89888319656649,"first_token_ms":29.095834,"generated_ids":[9707,0,2585,646,358,7789,498,3351,30,151645,198,151643,33975,25,2585,646],"generated_tokens":16,"generation_ms":156.563583,"generation_tps":102.19490186297027,"gguf_mpp_min_rows":8,"kv_active_bytes":442368,"kv_reserved_bytes":3145728,"model_format":"GGUF","model_repository":"Qwen/Qwen2.5-0.5B-Instruct-GGUF","model_revision":"9217f5db79a29953eb74d5343926648285ec7e67","moe_expert_tensorops":true,"moe_expert_tensorops_min_routes_per_expert":8,"moe_expert_tensorops_tile_k64":true,"packed_quantized_bytes":485166080,"pair":1,"pair_order":"ferrum-control>llama.cpp>ferrum-candidate","parameter_count":630167424,"prefill_counters":{"allocated_bytes":3145812,"allocation_time":{"nanos":359503,"secs":0},"allocations":49,"arena_capacity":60293120,"arena_high_water":60293120,"command_buffers":1,"completion_waits":1,"dispatches":531,"encode":{"nanos":218378,"secs":0},"gpu":{"nanos":27504417,"secs":0},"reused_bytes":37027840,"transient_live_bytes":0,"transient_peak_bytes":37027840,"wait":{"nanos":27996708,"secs":0}},"prefill_ms":28.794542,"prefill_profile":{},"prefill_tps":729.3048800706745,"prompt_ids":[151644,8948,198,2610,525,264,10950,17847,13,151645,198,151644,872,198,9707,0,151645,198,151644,77091,198],"prompt_tokens":21,"q4_k_mpp_tile_k64":true,"q5_0_gemv_n4":false,"q5_1_mpp_tile_k64":true,"q8_0_mpp_tile_k64":true,"retained_weight_bytes":485309184,"runtime":"ferrum","sampling_ms":3.799834,"source_tensor_bytes":485452288,"tensor_count":291,"warmup":false,"process_rss_bytes":806256640,"ferrum_variant":"candidate","source_matrix_case_model":"qwen2.5-phase7a-small-batch-shape-probe-q4_k_m","engine_order":["ferrum-control","llama.cpp","ferrum-candidate"],"case_index":7,"engine_load_plus_first_warmup_ms":877.0456250058487}
{"case":"m128","decode_aggregate_tps":121.50516417603626,"decode_counters":[{"allocated_bytes":4,"allocation_time":{"nanos":6709,"secs":0},"allocations":1,"arena_capacity":60293120,"arena_high_water":60293120,"command_buffers":1,"completion_waits":1,"dispatches":531,"encode":{"nanos":195669,"secs":0},"gpu":{"nanos":7639958,"secs":0},"reused_bytes":2279424,"transient_live_bytes":524288,"transient_peak_bytes":2279424,"wait":{"nanos":7887625,"secs":0}},{"allocated_bytes":4,"allocation_time":{"nanos":3834,"secs":0},"allocations":1,"arena_capacity":60293120,"arena_high_water":60293120,"command_buffers":1,"completion_waits":1,"dispatches":531,"encode":{"nanos":219756,"secs":0},"gpu":{"nanos":7627500,"secs":0},"reused_bytes":2279424,"transient_live_bytes":524288,"transient_peak_bytes":2279424,"wait":{"nanos":7934000,"secs":0}},{"allocated_bytes":4,"allocation_time":{"nanos":4625,"secs":0},"allocations":1,"arena_capacity":60293120,"arena_high_water":60293120,"command_buffers":1,"completion_waits":1,"dispatches":531,"encode":{"nanos":180335,"secs":0},"gpu":{"nanos":7369000,"secs":0},"reused_bytes":2279424,"transient_live_bytes":524288,"transient_peak_bytes":2279424,"wait":{"nanos":7648625,"secs":0}},{"allocated_bytes":4,"allocation_time":{"nanos":3833,"secs":0},"allocations":1,"arena_capacity":60293120,"arena_high_water":60293120,"command_buffers":1,"completion_waits":1,"dispatches":531,"encode":{"nanos":179959,"secs":0},"gpu":{"nanos":7475292,"secs":0},"reused_bytes":2279424,"transient_live_bytes":524288,"transient_peak_bytes":2279424,"wait":{"nanos":7716167,"secs":0}},{"allocated_bytes":4,"allocation_time":{"nanos":3500,"secs":0},"allocations":1,"arena_capacity":60293120,"arena_high_water":60293120,"command_buffers":1,"completion_waits":1,"dispatches":531,"encode":{"nanos":175662,"secs":0},"gpu":{"nanos":7936750,"secs":0},"reused_bytes":2279424,"transient_live_bytes":524288,"transient_peak_bytes":2279424,"wait":{"nanos":8193625,"secs":0}},{"allocated_bytes":4,"allocation_time":{"nanos":3125,"secs":0},"allocations":1,"arena_capacity":60293120,"arena_high_water":60293120,"command_buffers":1,"completion_waits":1,"dispatches":531,"encode":{"nanos":177167,"secs":0},"gpu":{"nanos":7813500,"secs":0},"reused_bytes":2279424,"transient_live_bytes":524288,"transient_peak_bytes":2279424,"wait":{"nanos":8078375,"secs":0}},{"allocated_bytes":4,"allocation_time":{"nanos":3750,"secs":0},"allocations":1,"arena_capacity":60293120,"arena_high_water":60293120,"command_buffers":1,"completion_waits":1,"dispatches":531,"encode":{"nanos":176470,"secs":0},"gpu":{"nanos":7499625,"secs":0},"reused_bytes":2279424,"transient_live_bytes":524288,"transient_peak_bytes":2279424,"wait":{"nanos":7746833,"secs":0}},{"allocated_bytes":4,"allocation_time":{"nanos":3000,"secs":0},"allocations":1,"arena_capacity":60293120,"arena_high_water":60293120,"command_buffers":1,"completion_waits":1,"dispatches":531,"encode":{"nanos":178823,"secs":0},"gpu":{"nanos":7277250,"secs":0},"reused_bytes":2279424,"transient_live_bytes":524288,"transient_peak_bytes":2279424,"wait":{"nanos":7547083,"secs":0}},{"allocated_bytes":4,"allocation_time":{"nanos":3041,"secs":0},"allocations":1,"arena_capacity":60293120,"arena_high_water":60293120,"command_buffers":1,"completion_waits":1,"dispatches":531,"encode":{"nanos":174492,"secs":0},"gpu":{"nanos":7561125,"secs":0},"reused_bytes":2279424,"transient_live_bytes":524288,"transient_peak_bytes":2279424,"wait":{"nanos":7818458,"secs":0}},{"allocated_bytes":4,"allocation_time":{"nanos":2958,"secs":0},"allocations":1,"arena_capacity":60293120,"arena_high_water":60293120,"command_buffers":1,"completion_waits":1,"dispatches":531,"encode":{"nanos":176963,"secs":0},"gpu":{"nanos":7393750,"secs":0},"reused_bytes":2279424,"transient_live_bytes":524288,"transient_peak_bytes":2279424,"wait":{"nanos":7657416,"secs":0}},{"allocated_bytes":4,"allocation_time":{"nanos":4167,"secs":0},"allocations":1,"arena_capacity":60293120,"arena_high_water":60293120,"command_buffers":1,"completion_waits":1,"dispatches":531,"encode":{"nanos":180111,"secs":0},"gpu":{"nanos":7247625,"secs":0},"reused_bytes":2279424,"transient_live_bytes":524288,"transient_peak_bytes":2279424,"wait":{"nanos":7503250,"secs":0}},{"allocated_bytes":4,"allocation_time":{"nanos":3208,"secs":0},"allocations":1,"arena_capacity":60293120,"arena_high_water":60293120,"command_buffers":1,"completion_waits":1,"dispatches":531,"encode":{"nanos":176322,"secs":0},"gpu":{"nanos":7332875,"secs":0},"reused_bytes":2279424,"transient_live_bytes":524288,"transient_peak_bytes":2279424,"wait":{"nanos":7588542,"secs":0}},{"allocated_bytes":4,"allocation_time":{"nanos":3291,"secs":0},"allocations":1,"arena_capacity":60293120,"arena_high_water":60293120,"command_buffers":1,"completion_waits":1,"dispatches":531,"encode":{"nanos":178587,"secs":0},"gpu":{"nanos":7470875,"secs":0},"reused_bytes":2279424,"transient_live_bytes":524288,"transient_peak_bytes":2279424,"wait":{"nanos":7779000,"secs":0}},{"allocated_bytes":4,"allocation_time":{"nanos":3334,"secs":0},"allocations":1,"arena_capacity":60293120,"arena_high_water":60293120,"command_buffers":1,"completion_waits":1,"dispatches":531,"encode":{"nanos":175872,"secs":0},"gpu":{"nanos":7440375,"secs":0},"reused_bytes":2279424,"transient_live_bytes":524288,"transient_peak_bytes":2279424,"wait":{"nanos":7682375,"secs":0}},{"allocated_bytes":4,"allocation_time":{"nanos":4333,"secs":0},"allocations":1,"arena_capacity":60293120,"arena_high_water":60293120,"command_buffers":1,"completion_waits":1,"dispatches":531,"encode":{"nanos":181747,"secs":0},"gpu":{"nanos":7863125,"secs":0},"reused_bytes":2279424,"transient_live_bytes":524288,"transient_peak_bytes":2279424,"wait":{"nanos":8118167,"secs":0}}],"decode_median_ms":8.174917,"decode_ms":[8.351791,8.401791000000001,8.087292,8.146834,8.623417,8.507917,8.174917,7.978125000000001,8.250625,8.087542,7.939875000000001,8.022209,8.223875,8.07775,8.577583],"decode_profiles":[{},{},{},{},{},{},{},{},{},{},{},{},{},{},{}],"decode_tps":122.32540097960627,"first_token_ms":28.909167,"generated_ids":[9707,0,2585,646,358,7789,498,3351,30,151645,198,151643,33975,25,2585,646],"generated_tokens":16,"generation_ms":155.96775,"generation_tps":102.58531010417218,"gguf_mpp_min_rows":8,"kv_active_bytes":442368,"kv_reserved_bytes":3145728,"model_format":"GGUF","model_repository":"Qwen/Qwen2.5-0.5B-Instruct-GGUF","model_revision":"9217f5db79a29953eb74d5343926648285ec7e67","moe_expert_tensorops":true,"moe_expert_tensorops_min_routes_per_expert":8,"moe_expert_tensorops_tile_k64":true,"packed_quantized_bytes":485166080,"pair":2,"pair_order":"ferrum-candidate>llama.cpp>ferrum-control","parameter_count":630167424,"prefill_counters":{"allocated_bytes":3145812,"allocation_time":{"nanos":375376,"secs":0},"allocations":49,"arena_capacity":60293120,"arena_high_water":60293120,"command_buffers":1,"completion_waits":1,"dispatches":531,"encode":{"nanos":228251,"secs":0},"gpu":{"nanos":27360375,"secs":0},"reused_bytes":37027840,"transient_live_bytes":0,"transient_peak_bytes":37027840,"wait":{"nanos":27805500,"secs":0}},"prefill_ms":28.600375,"prefill_profile":{},"prefill_tps":734.2561067818167,"prompt_ids":[151644,8948,198,2610,525,264,10950,17847,13,151645,198,151644,872,198,9707,0,151645,198,151644,77091,198],"prompt_tokens":21,"q4_k_mpp_tile_k64":true,"q5_0_gemv_n4":false,"q5_1_mpp_tile_k64":true,"q8_0_mpp_tile_k64":true,"retained_weight_bytes":485309184,"runtime":"ferrum","sampling_ms":3.730415,"source_tensor_bytes":485452288,"tensor_count":291,"warmup":false,"process_rss_bytes":806256640,"ferrum_variant":"candidate","source_matrix_case_model":"qwen2.5-phase7a-small-batch-shape-probe-q4_k_m","engine_order":["ferrum-candidate","llama.cpp","ferrum-control"],"case_index":7,"engine_load_plus_first_warmup_ms":877.0456250058487}
{"case":"m128","command_buffer_count":null,"decode_aggregate_tps":238.66948824917935,"decode_median_ms":4.206375,"decode_ms":[4.461375,4.206375,4.295667,4.142959,4.398625,4.0,4.362875,4.001,4.03225,4.248334,4.009,4.313459,4.031,4.347875,3.997625],"decode_tps":237.73439125137438,"dispatch_count":null,"first_token_ms":15.045334,"generated_ids":[9707,0,2585,646,358,7789,498,3351,30,151645,198,151643,33975,25,358,2776],"generated_tokens":16,"generation_ms":81.538959,"generation_tps":196.22521793539207,"kv_context_capacity_tokens":4096,"kv_type":"bf16","llama_commit":"84e76d8a23162eca70490da131945ebec1f09bf4","llama_version":"0.5.0-dev","model_format":"GGUF","pair":2,"pair_order":"ferrum-candidate>llama.cpp>ferrum-control","prefill_ms":14.774417,"prefill_tps":1421.375882378303,"process_max_rss_bytes":662716416,"prompt_ids":[151644,8948,198,2610,525,264,10950,17847,13,151645,198,151644,872,198,9707,0,151645,198,151644,77091,198],"prompt_tokens":21,"runtime":"llama.cpp","sampling_ms":3.9143730000000003,"warmup":false,"process_rss_bytes":662454272,"source_matrix_case_model":"qwen2.5-phase7a-small-batch-shape-probe-q4_k_m","engine_order":["ferrum-candidate","llama.cpp","ferrum-control"],"case_index":7,"engine_load_plus_first_warmup_ms":978.256624948699}
{"case":"m128","decode_aggregate_tps":122.6997187207108,"decode_counters":[{"allocated_bytes":4,"allocation_time":{"nanos":4667,"secs":0},"allocations":1,"arena_capacity":60293120,"arena_high_water":60293120,"command_buffers":1,"completion_waits":1,"dispatches":531,"encode":{"nanos":195544,"secs":0},"gpu":{"nanos":7612458,"secs":0},"reused_bytes":2279424,"transient_live_bytes":524288,"transient_peak_bytes":2279424,"wait":{"nanos":7862750,"secs":0}},{"allocated_bytes":4,"allocation_time":{"nanos":3167,"secs":0},"allocations":1,"arena_capacity":60293120,"arena_high_water":60293120,"command_buffers":1,"completion_waits":1,"dispatches":531,"encode":{"nanos":185472,"secs":0},"gpu":{"nanos":7605875,"secs":0},"reused_bytes":2279424,"transient_live_bytes":524288,"transient_peak_bytes":2279424,"wait":{"nanos":7868584,"secs":0}},{"allocated_bytes":4,"allocation_time":{"nanos":2708,"secs":0},"allocations":1,"arena_capacity":60293120,"arena_high_water":60293120,"command_buffers":1,"completion_waits":1,"dispatches":531,"encode":{"nanos":174226,"secs":0},"gpu":{"nanos":7507833,"secs":0},"reused_bytes":2279424,"transient_live_bytes":524288,"transient_peak_bytes":2279424,"wait":{"nanos":7755500,"secs":0}},{"allocated_bytes":4,"allocation_time":{"nanos":4167,"secs":0},"allocations":1,"arena_capacity":60293120,"arena_high_water":60293120,"command_buffers":1,"completion_waits":1,"dispatches":531,"encode":{"nanos":221700,"secs":0},"gpu":{"nanos":7626792,"secs":0},"reused_bytes":2279424,"transient_live_bytes":524288,"transient_peak_bytes":2279424,"wait":{"nanos":7858375,"secs":0}},{"allocated_bytes":4,"allocation_time":{"nanos":3333,"secs":0},"allocations":1,"arena_capacity":60293120,"arena_high_water":60293120,"command_buffers":1,"completion_waits":1,"dispatches":531,"encode":{"nanos":177211,"secs":0},"gpu":{"nanos":7581625,"secs":0},"reused_bytes":2279424,"transient_live_bytes":524288,"transient_peak_bytes":2279424,"wait":{"nanos":7836709,"secs":0}},{"allocated_bytes":4,"allocation_time":{"nanos":3875,"secs":0},"allocations":1,"arena_capacity":60293120,"arena_high_water":60293120,"command_buffers":1,"completion_waits":1,"dispatches":531,"encode":{"nanos":183771,"secs":0},"gpu":{"nanos":7487167,"secs":0},"reused_bytes":2279424,"transient_live_bytes":524288,"transient_peak_bytes":2279424,"wait":{"nanos":7756500,"secs":0}},{"allocated_bytes":4,"allocation_time":{"nanos":3542,"secs":0},"allocations":1,"arena_capacity":60293120,"arena_high_water":60293120,"command_buffers":1,"completion_waits":1,"dispatches":531,"encode":{"nanos":187368,"secs":0},"gpu":{"nanos":7477125,"secs":0},"reused_bytes":2279424,"transient_live_bytes":524288,"transient_peak_bytes":2279424,"wait":{"nanos":7726667,"secs":0}},{"allocated_bytes":4,"allocation_time":{"nanos":3417,"secs":0},"allocations":1,"arena_capacity":60293120,"arena_high_water":60293120,"command_buffers":1,"completion_waits":1,"dispatches":531,"encode":{"nanos":176917,"secs":0},"gpu":{"nanos":7287167,"secs":0},"reused_bytes":2279424,"transient_live_bytes":524288,"transient_peak_bytes":2279424,"wait":{"nanos":7530166,"secs":0}},{"allocated_bytes":4,"allocation_time":{"nanos":2834,"secs":0},"allocations":1,"arena_capacity":60293120,"arena_high_water":60293120,"command_buffers":1,"completion_waits":1,"dispatches":531,"encode":{"nanos":178997,"secs":0},"gpu":{"nanos":7446375,"secs":0},"reused_bytes":2279424,"transient_live_bytes":524288,"transient_peak_bytes":2279424,"wait":{"nanos":7703458,"secs":0}},{"allocated_bytes":4,"allocation_time":{"nanos":3625,"secs":0},"allocations":1,"arena_capacity":60293120,"arena_high_water":60293120,"command_buffers":1,"completion_waits":1,"dispatches":531,"encode":{"nanos":176558,"secs":0},"gpu":{"nanos":7565250,"secs":0},"reused_bytes":2279424,"transient_live_bytes":524288,"transient_peak_bytes":2279424,"wait":{"nanos":7784542,"secs":0}},{"allocated_bytes":4,"allocation_time":{"nanos":3125,"secs":0},"allocations":1,"arena_capacity":60293120,"arena_high_water":60293120,"command_buffers":1,"completion_waits":1,"dispatches":531,"encode":{"nanos":174500,"secs":0},"gpu":{"nanos":7148542,"secs":0},"reused_bytes":2279424,"transient_live_bytes":524288,"transient_peak_bytes":2279424,"wait":{"nanos":7410375,"secs":0}},{"allocated_bytes":4,"allocation_time":{"nanos":3083,"secs":0},"allocations":1,"arena_capacity":60293120,"arena_high_water":60293120,"command_buffers":1,"completion_waits":1,"dispatches":531,"encode":{"nanos":176757,"secs":0},"gpu":{"nanos":7030667,"secs":0},"reused_bytes":2279424,"transient_live_bytes":524288,"transient_peak_bytes":2279424,"wait":{"nanos":7302709,"secs":0}},{"allocated_bytes":4,"allocation_time":{"nanos":3792,"secs":0},"allocations":1,"arena_capacity":60293120,"arena_high_water":60293120,"command_buffers":1,"completion_waits":1,"dispatches":531,"encode":{"nanos":177579,"secs":0},"gpu":{"nanos":7484750,"secs":0},"reused_bytes":2279424,"transient_live_bytes":524288,"transient_peak_bytes":2279424,"wait":{"nanos":7695625,"secs":0}},{"allocated_bytes":4,"allocation_time":{"nanos":3125,"secs":0},"allocations":1,"arena_capacity":60293120,"arena_high_water":60293120,"command_buffers":1,"completion_waits":1,"dispatches":531,"encode":{"nanos":181907,"secs":0},"gpu":{"nanos":7407083,"secs":0},"reused_bytes":2279424,"transient_live_bytes":524288,"transient_peak_bytes":2279424,"wait":{"nanos":7640084,"secs":0}},{"allocated_bytes":4,"allocation_time":{"nanos":4542,"secs":0},"allocations":1,"arena_capacity":60293120,"arena_high_water":60293120,"command_buffers":1,"completion_waits":1,"dispatches":531,"encode":{"nanos":181833,"secs":0},"gpu":{"nanos":7752833,"secs":0},"reused_bytes":2279424,"transient_live_bytes":524288,"transient_peak_bytes":2279424,"wait":{"nanos":8015209,"secs":0}}],"decode_median_ms":8.172,"decode_ms":[8.338375000000001,8.307417,8.178958,8.352292,8.272167,8.163167000000001,8.172,7.954249999999999,8.110584000000001,8.209665999999999,7.839874999999999,7.737042000000001,8.096167,8.059667,8.458042],"decode_profiles":[{},{},{},{},{},{},{},{},{},{},{},{},{},{},{}],"decode_tps":122.36906510034262,"first_token_ms":28.613084,"generated_ids":[9707,0,2585,646,358,7789,498,3351,30,151645,198,151643,33975,25,2585,646],"generated_tokens":16,"generation_ms":154.571708,"generation_tps":103.51182766253706,"gguf_mpp_min_rows":16,"kv_active_bytes":442368,"kv_reserved_bytes":3145728,"model_format":"GGUF","model_repository":"Qwen/Qwen2.5-0.5B-Instruct-GGUF","model_revision":"9217f5db79a29953eb74d5343926648285ec7e67","moe_expert_tensorops":true,"moe_expert_tensorops_min_routes_per_expert":8,"moe_expert_tensorops_tile_k64":true,"packed_quantized_bytes":485166080,"pair":2,"pair_order":"ferrum-candidate>llama.cpp>ferrum-control","parameter_count":630167424,"prefill_counters":{"allocated_bytes":3145812,"allocation_time":{"nanos":407703,"secs":0},"allocations":49,"arena_capacity":60293120,"arena_high_water":60293120,"command_buffers":1,"completion_waits":1,"dispatches":531,"encode":{"nanos":223754,"secs":0},"gpu":{"nanos":27124375,"secs":0},"reused_bytes":37027840,"transient_live_bytes":0,"transient_peak_bytes":37027840,"wait":{"nanos":27455291,"secs":0}},"prefill_ms":28.310875,"prefill_profile":{},"prefill_tps":741.7644279804139,"prompt_ids":[151644,8948,198,2610,525,264,10950,17847,13,151645,198,151644,872,198,9707,0,151645,198,151644,77091,198],"prompt_tokens":21,"q4_k_mpp_tile_k64":true,"q5_0_gemv_n4":false,"q5_1_mpp_tile_k64":true,"q8_0_mpp_tile_k64":true,"retained_weight_bytes":485309184,"runtime":"ferrum","sampling_ms":3.8281650000000003,"source_tensor_bytes":485452288,"tensor_count":291,"warmup":false,"process_rss_bytes":806256640,"ferrum_variant":"control","source_matrix_case_model":"qwen2.5-phase7a-small-batch-shape-probe-q4_k_m","engine_order":["ferrum-candidate","llama.cpp","ferrum-control"],"case_index":7,"engine_load_plus_first_warmup_ms":877.0456250058487}
{"case":"m128","decode_aggregate_tps":122.20697884787025,"decode_counters":[{"allocated_bytes":4,"allocation_time":{"nanos":4166,"secs":0},"allocations":1,"arena_capacity":60293120,"arena_high_water":60293120,"command_buffers":1,"completion_waits":1,"dispatches":531,"encode":{"nanos":186917,"secs":0},"gpu":{"nanos":7670125,"secs":0},"reused_bytes":2279424,"transient_live_bytes":524288,"transient_peak_bytes":2279424,"wait":{"nanos":7898208,"secs":0}},{"allocated_bytes":4,"allocation_time":{"nanos":3375,"secs":0},"allocations":1,"arena_capacity":60293120,"arena_high_water":60293120,"command_buffers":1,"completion_waits":1,"dispatches":531,"encode":{"nanos":178493,"secs":0},"gpu":{"nanos":7562958,"secs":0},"reused_bytes":2279424,"transient_live_bytes":524288,"transient_peak_bytes":2279424,"wait":{"nanos":7806333,"secs":0}},{"allocated_bytes":4,"allocation_time":{"nanos":4000,"secs":0},"allocations":1,"arena_capacity":60293120,"arena_high_water":60293120,"command_buffers":1,"completion_waits":1,"dispatches":531,"encode":{"nanos":177769,"secs":0},"gpu":{"nanos":7513625,"secs":0},"reused_bytes":2279424,"transient_live_bytes":524288,"transient_peak_bytes":2279424,"wait":{"nanos":7771916,"secs":0}},{"allocated_bytes":4,"allocation_time":{"nanos":2917,"secs":0},"allocations":1,"arena_capacity":60293120,"arena_high_water":60293120,"command_buffers":1,"completion_waits":1,"dispatches":531,"encode":{"nanos":179232,"secs":0},"gpu":{"nanos":7367000,"secs":0},"reused_bytes":2279424,"transient_live_bytes":524288,"transient_peak_bytes":2279424,"wait":{"nanos":7620791,"secs":0}},{"allocated_bytes":4,"allocation_time":{"nanos":3208,"secs":0},"allocations":1,"arena_capacity":60293120,"arena_high_water":60293120,"command_buffers":1,"completion_waits":1,"dispatches":531,"encode":{"nanos":177923,"secs":0},"gpu":{"nanos":7779875,"secs":0},"reused_bytes":2279424,"transient_live_bytes":524288,"transient_peak_bytes":2279424,"wait":{"nanos":7997167,"secs":0}},{"allocated_bytes":4,"allocation_time":{"nanos":4375,"secs":0},"allocations":1,"arena_capacity":60293120,"arena_high_water":60293120,"command_buffers":1,"completion_waits":1,"dispatches":531,"encode":{"nanos":184844,"secs":0},"gpu":{"nanos":7721542,"secs":0},"reused_bytes":2279424,"transient_live_bytes":524288,"transient_peak_bytes":2279424,"wait":{"nanos":7978167,"secs":0}},{"allocated_bytes":4,"allocation_time":{"nanos":3167,"secs":0},"allocations":1,"arena_capacity":60293120,"arena_high_water":60293120,"command_buffers":1,"completion_waits":1,"dispatches":531,"encode":{"nanos":178280,"secs":0},"gpu":{"nanos":7476125,"secs":0},"reused_bytes":2279424,"transient_live_bytes":524288,"transient_peak_bytes":2279424,"wait":{"nanos":7744458,"secs":0}},{"allocated_bytes":4,"allocation_time":{"nanos":3208,"secs":0},"allocations":1,"arena_capacity":60293120,"arena_high_water":60293120,"command_buffers":1,"completion_waits":1,"dispatches":531,"encode":{"nanos":176543,"secs":0},"gpu":{"nanos":7282625,"secs":0},"reused_bytes":2279424,"transient_live_bytes":524288,"transient_peak_bytes":2279424,"wait":{"nanos":7534458,"secs":0}},{"allocated_bytes":4,"allocation_time":{"nanos":3250,"secs":0},"allocations":1,"arena_capacity":60293120,"arena_high_water":60293120,"command_buffers":1,"completion_waits":1,"dispatches":531,"encode":{"nanos":233463,"secs":0},"gpu":{"nanos":7464000,"secs":0},"reused_bytes":2279424,"transient_live_bytes":524288,"transient_peak_bytes":2279424,"wait":{"nanos":7665250,"secs":0}},{"allocated_bytes":4,"allocation_time":{"nanos":3667,"secs":0},"allocations":1,"arena_capacity":60293120,"arena_high_water":60293120,"command_buffers":1,"completion_waits":1,"dispatches":531,"encode":{"nanos":177075,"secs":0},"gpu":{"nanos":7559042,"secs":0},"reused_bytes":2279424,"transient_live_bytes":524288,"transient_peak_bytes":2279424,"wait":{"nanos":7813750,"secs":0}},{"allocated_bytes":4,"allocation_time":{"nanos":2791,"secs":0},"allocations":1,"arena_capacity":60293120,"arena_high_water":60293120,"command_buffers":1,"completion_waits":1,"dispatches":531,"encode":{"nanos":180727,"secs":0},"gpu":{"nanos":7132125,"secs":0},"reused_bytes":2279424,"transient_live_bytes":524288,"transient_peak_bytes":2279424,"wait":{"nanos":7373666,"secs":0}},{"allocated_bytes":4,"allocation_time":{"nanos":3291,"secs":0},"allocations":1,"arena_capacity":60293120,"arena_high_water":60293120,"command_buffers":1,"completion_waits":1,"dispatches":531,"encode":{"nanos":178711,"secs":0},"gpu":{"nanos":7253333,"secs":0},"reused_bytes":2279424,"transient_live_bytes":524288,"transient_peak_bytes":2279424,"wait":{"nanos":7479042,"secs":0}},{"allocated_bytes":4,"allocation_time":{"nanos":3250,"secs":0},"allocations":1,"arena_capacity":60293120,"arena_high_water":60293120,"command_buffers":1,"completion_waits":1,"dispatches":531,"encode":{"nanos":178542,"secs":0},"gpu":{"nanos":7475875,"secs":0},"reused_bytes":2279424,"transient_live_bytes":524288,"transient_peak_bytes":2279424,"wait":{"nanos":7810000,"secs":0}},{"allocated_bytes":4,"allocation_time":{"nanos":2375,"secs":0},"allocations":1,"arena_capacity":60293120,"arena_high_water":60293120,"command_buffers":1,"completion_waits":1,"dispatches":531,"encode":{"nanos":175654,"secs":0},"gpu":{"nanos":7416083,"secs":0},"reused_bytes":2279424,"transient_live_bytes":524288,"transient_peak_bytes":2279424,"wait":{"nanos":7672875,"secs":0}},{"allocated_bytes":4,"allocation_time":{"nanos":4459,"secs":0},"allocations":1,"arena_capacity":60293120,"arena_high_water":60293120,"command_buffers":1,"completion_waits":1,"dispatches":531,"encode":{"nanos":188580,"secs":0},"gpu":{"nanos":7738042,"secs":0},"reused_bytes":2279424,"transient_live_bytes":524288,"transient_peak_bytes":2279424,"wait":{"nanos":8005375,"secs":0}}],"decode_median_ms":8.20825,"decode_ms":[8.318542,8.234583,8.20825,8.066083,8.431916,8.424166,8.165417,7.96725,8.17375,8.250666,7.812125,7.878417000000001,8.242375,8.113083,8.455957999999999],"decode_profiles":[{},{},{},{},{},{},{},{},{},{},{},{},{},{},{}],"decode_tps":121.82864800657875,"first_token_ms":28.939708000000003,"generated_ids":[9707,0,2585,646,358,7789,498,3351,30,151645,198,151643,33975,25,2585,646],"generated_tokens":16,"generation_ms":155.28104100000002,"generation_tps":103.0389794978255,"gguf_mpp_min_rows":16,"kv_active_bytes":442368,"kv_reserved_bytes":3145728,"model_format":"GGUF","model_repository":"Qwen/Qwen2.5-0.5B-Instruct-GGUF","model_revision":"9217f5db79a29953eb74d5343926648285ec7e67","moe_expert_tensorops":true,"moe_expert_tensorops_min_routes_per_expert":8,"moe_expert_tensorops_tile_k64":true,"packed_quantized_bytes":485166080,"pair":3,"pair_order":"ferrum-control>llama.cpp>ferrum-candidate","parameter_count":630167424,"prefill_counters":{"allocated_bytes":3145812,"allocation_time":{"nanos":419623,"secs":0},"allocations":49,"arena_capacity":60293120,"arena_high_water":60293120,"command_buffers":1,"completion_waits":1,"dispatches":531,"encode":{"nanos":231869,"secs":0},"gpu":{"nanos":27218875,"secs":0},"reused_bytes":37027840,"transient_live_bytes":0,"transient_peak_bytes":37027840,"wait":{"nanos":27756958,"secs":0}},"prefill_ms":28.623625,"prefill_profile":{},"prefill_tps":733.659695443886,"prompt_ids":[151644,8948,198,2610,525,264,10950,17847,13,151645,198,151644,872,198,9707,0,151645,198,151644,77091,198],"prompt_tokens":21,"q4_k_mpp_tile_k64":true,"q5_0_gemv_n4":false,"q5_1_mpp_tile_k64":true,"q8_0_mpp_tile_k64":true,"retained_weight_bytes":485309184,"runtime":"ferrum","sampling_ms":3.738458,"source_tensor_bytes":485452288,"tensor_count":291,"warmup":false,"process_rss_bytes":806256640,"ferrum_variant":"control","source_matrix_case_model":"qwen2.5-phase7a-small-batch-shape-probe-q4_k_m","engine_order":["ferrum-control","llama.cpp","ferrum-candidate"],"case_index":7,"engine_load_plus_first_warmup_ms":877.0456250058487}
{"case":"m128","command_buffer_count":null,"decode_aggregate_tps":238.29634129488292,"decode_median_ms":4.114958,"decode_ms":[4.528666,4.037166,4.326333,4.02775,4.435667,4.0245,4.345166,4.015584,3.998084,4.319417,4.033917,4.387833,4.114958,4.362042,3.98975],"decode_tps":243.01584609126024,"dispatch_count":null,"first_token_ms":14.764875,"generated_ids":[9707,0,2585,646,358,7789,498,3351,30,151645,198,151643,33975,25,358,2776],"generated_tokens":16,"generation_ms":81.451167,"generation_tps":196.4367189484222,"kv_context_capacity_tokens":4096,"kv_type":"bf16","llama_commit":"84e76d8a23162eca70490da131945ebec1f09bf4","llama_version":"0.5.0-dev","model_format":"GGUF","pair":3,"pair_order":"ferrum-control>llama.cpp>ferrum-candidate","prefill_ms":14.51075,"prefill_tps":1447.2029357545268,"process_max_rss_bytes":662716416,"prompt_ids":[151644,8948,198,2610,525,264,10950,17847,13,151645,198,151644,872,198,9707,0,151645,198,151644,77091,198],"prompt_tokens":21,"runtime":"llama.cpp","sampling_ms":3.99196,"warmup":false,"process_rss_bytes":662454272,"source_matrix_case_model":"qwen2.5-phase7a-small-batch-shape-probe-q4_k_m","engine_order":["ferrum-control","llama.cpp","ferrum-candidate"],"case_index":7,"engine_load_plus_first_warmup_ms":978.256624948699}
{"case":"m128","decode_aggregate_tps":120.82353125586347,"decode_counters":[{"allocated_bytes":4,"allocation_time":{"nanos":4459,"secs":0},"allocations":1,"arena_capacity":60293120,"arena_high_water":60293120,"command_buffers":1,"completion_waits":1,"dispatches":531,"encode":{"nanos":193339,"secs":0},"gpu":{"nanos":7650125,"secs":0},"reused_bytes":2279424,"transient_live_bytes":524288,"transient_peak_bytes":2279424,"wait":{"nanos":7897375,"secs":0}},{"allocated_bytes":4,"allocation_time":{"nanos":4000,"secs":0},"allocations":1,"arena_capacity":60293120,"arena_high_water":60293120,"command_buffers":1,"completion_waits":1,"dispatches":531,"encode":{"nanos":184846,"secs":0},"gpu":{"nanos":7604125,"secs":0},"reused_bytes":2279424,"transient_live_bytes":524288,"transient_peak_bytes":2279424,"wait":{"nanos":7904542,"secs":0}},{"allocated_bytes":4,"allocation_time":{"nanos":2625,"secs":0},"allocations":1,"arena_capacity":60293120,"arena_high_water":60293120,"command_buffers":1,"completion_waits":1,"dispatches":531,"encode":{"nanos":178629,"secs":0},"gpu":{"nanos":7554875,"secs":0},"reused_bytes":2279424,"transient_live_bytes":524288,"transient_peak_bytes":2279424,"wait":{"nanos":7877667,"secs":0}},{"allocated_bytes":4,"allocation_time":{"nanos":2667,"secs":0},"allocations":1,"arena_capacity":60293120,"arena_high_water":60293120,"command_buffers":1,"completion_waits":1,"dispatches":531,"encode":{"nanos":192124,"secs":0},"gpu":{"nanos":7633208,"secs":0},"reused_bytes":2279424,"transient_live_bytes":524288,"transient_peak_bytes":2279424,"wait":{"nanos":7930792,"secs":0}},{"allocated_bytes":4,"allocation_time":{"nanos":4959,"secs":0},"allocations":1,"arena_capacity":60293120,"arena_high_water":60293120,"command_buffers":1,"completion_waits":1,"dispatches":531,"encode":{"nanos":188909,"secs":0},"gpu":{"nanos":8082833,"secs":0},"reused_bytes":2279424,"transient_live_bytes":524288,"transient_peak_bytes":2279424,"wait":{"nanos":8344041,"secs":0}},{"allocated_bytes":4,"allocation_time":{"nanos":4583,"secs":0},"allocations":1,"arena_capacity":60293120,"arena_high_water":60293120,"command_buffers":1,"completion_waits":1,"dispatches":531,"encode":{"nanos":184233,"secs":0},"gpu":{"nanos":7702542,"secs":0},"reused_bytes":2279424,"transient_live_bytes":524288,"transient_peak_bytes":2279424,"wait":{"nanos":7953667,"secs":0}},{"allocated_bytes":4,"allocation_time":{"nanos":4750,"secs":0},"allocations":1,"arena_capacity":60293120,"arena_high_water":60293120,"command_buffers":1,"completion_waits":1,"dispatches":531,"encode":{"nanos":186575,"secs":0},"gpu":{"nanos":7768208,"secs":0},"reused_bytes":2279424,"transient_live_bytes":524288,"transient_peak_bytes":2279424,"wait":{"nanos":7991542,"secs":0}},{"allocated_bytes":4,"allocation_time":{"nanos":4375,"secs":0},"allocations":1,"arena_capacity":60293120,"arena_high_water":60293120,"command_buffers":1,"completion_waits":1,"dispatches":531,"encode":{"nanos":185704,"secs":0},"gpu":{"nanos":7324375,"secs":0},"reused_bytes":2279424,"transient_live_bytes":524288,"transient_peak_bytes":2279424,"wait":{"nanos":7572791,"secs":0}},{"allocated_bytes":4,"allocation_time":{"nanos":5125,"secs":0},"allocations":1,"arena_capacity":60293120,"arena_high_water":60293120,"command_buffers":1,"completion_waits":1,"dispatches":531,"encode":{"nanos":189620,"secs":0},"gpu":{"nanos":7727167,"secs":0},"reused_bytes":2279424,"transient_live_bytes":524288,"transient_peak_bytes":2279424,"wait":{"nanos":7991708,"secs":0}},{"allocated_bytes":4,"allocation_time":{"nanos":3708,"secs":0},"allocations":1,"arena_capacity":60293120,"arena_high_water":60293120,"command_buffers":1,"completion_waits":1,"dispatches":531,"encode":{"nanos":203425,"secs":0},"gpu":{"nanos":7569375,"secs":0},"reused_bytes":2279424,"transient_live_bytes":524288,"transient_peak_bytes":2279424,"wait":{"nanos":7826667,"secs":0}},{"allocated_bytes":4,"allocation_time":{"nanos":8459,"secs":0},"allocations":1,"arena_capacity":60293120,"arena_high_water":60293120,"command_buffers":1,"completion_waits":1,"dispatches":531,"encode":{"nanos":199276,"secs":0},"gpu":{"nanos":7416625,"secs":0},"reused_bytes":2279424,"transient_live_bytes":524288,"transient_peak_bytes":2279424,"wait":{"nanos":7638625,"secs":0}},{"allocated_bytes":4,"allocation_time":{"nanos":3667,"secs":0},"allocations":1,"arena_capacity":60293120,"arena_high_water":60293120,"command_buffers":1,"completion_waits":1,"dispatches":531,"encode":{"nanos":176578,"secs":0},"gpu":{"nanos":7223417,"secs":0},"reused_bytes":2279424,"transient_live_bytes":524288,"transient_peak_bytes":2279424,"wait":{"nanos":7490375,"secs":0}},{"allocated_bytes":4,"allocation_time":{"nanos":3708,"secs":0},"allocations":1,"arena_capacity":60293120,"arena_high_water":60293120,"command_buffers":1,"completion_waits":1,"dispatches":531,"encode":{"nanos":178848,"secs":0},"gpu":{"nanos":7204750,"secs":0},"reused_bytes":2279424,"transient_live_bytes":524288,"transient_peak_bytes":2279424,"wait":{"nanos":7457125,"secs":0}},{"allocated_bytes":4,"allocation_time":{"nanos":3791,"secs":0},"allocations":1,"arena_capacity":60293120,"arena_high_water":60293120,"command_buffers":1,"completion_waits":1,"dispatches":531,"encode":{"nanos":178636,"secs":0},"gpu":{"nanos":7423333,"secs":0},"reused_bytes":2279424,"transient_live_bytes":524288,"transient_peak_bytes":2279424,"wait":{"nanos":7647750,"secs":0}},{"allocated_bytes":4,"allocation_time":{"nanos":3292,"secs":0},"allocations":1,"arena_capacity":60293120,"arena_high_water":60293120,"command_buffers":1,"completion_waits":1,"dispatches":531,"encode":{"nanos":180716,"secs":0},"gpu":{"nanos":7761375,"secs":0},"reused_bytes":2279424,"transient_live_bytes":524288,"transient_peak_bytes":2279424,"wait":{"nanos":7981833,"secs":0}}],"decode_median_ms":8.349708000000001,"decode_ms":[8.353,8.349708000000001,8.311542,8.388958,8.799583,8.389834,8.441542,7.998417000000001,8.453209,8.312708,8.100875,7.9204170000000005,7.885583,8.060084,8.382541999999999],"decode_profiles":[{},{},{},{},{},{},{},{},{},{},{},{},{},{},{}],"decode_tps":119.76466721950035,"first_token_ms":28.19,"generated_ids":[9707,0,2585,646,358,7789,498,3351,30,151645,198,151643,33975,25,2585,646],"generated_tokens":16,"generation_ms":156.031042,"generation_tps":102.54369768292645,"gguf_mpp_min_rows":8,"kv_active_bytes":442368,"kv_reserved_bytes":3145728,"model_format":"GGUF","model_repository":"Qwen/Qwen2.5-0.5B-Instruct-GGUF","model_revision":"9217f5db79a29953eb74d5343926648285ec7e67","moe_expert_tensorops":true,"moe_expert_tensorops_min_routes_per_expert":8,"moe_expert_tensorops_tile_k64":true,"packed_quantized_bytes":485166080,"pair":3,"pair_order":"ferrum-control>llama.cpp>ferrum-candidate","parameter_count":630167424,"prefill_counters":{"allocated_bytes":3145812,"allocation_time":{"nanos":419836,"secs":0},"allocations":49,"arena_capacity":60293120,"arena_high_water":60293120,"command_buffers":1,"completion_waits":1,"dispatches":531,"encode":{"nanos":236919,"secs":0},"gpu":{"nanos":26607250,"secs":0},"reused_bytes":37027840,"transient_live_bytes":0,"transient_peak_bytes":37027840,"wait":{"nanos":27010292,"secs":0}},"prefill_ms":27.889625000000002,"prefill_profile":{},"prefill_tps":752.968173648803,"prompt_ids":[151644,8948,198,2610,525,264,10950,17847,13,151645,198,151644,872,198,9707,0,151645,198,151644,77091,198],"prompt_tokens":21,"q4_k_mpp_tile_k64":true,"q5_0_gemv_n4":false,"q5_1_mpp_tile_k64":true,"q8_0_mpp_tile_k64":true,"retained_weight_bytes":485309184,"runtime":"ferrum","sampling_ms":3.813666,"source_tensor_bytes":485452288,"tensor_count":291,"warmup":false,"process_rss_bytes":806256640,"ferrum_variant":"candidate","source_matrix_case_model":"qwen2.5-phase7a-small-batch-shape-probe-q4_k_m","engine_order":["ferrum-control","llama.cpp","ferrum-candidate"],"case_index":7,"engine_load_plus_first_warmup_ms":877.0456250058487}
{"case":"m128","decode_aggregate_tps":122.30088669610466,"decode_counters":[{"allocated_bytes":4,"allocation_time":{"nanos":3875,"secs":0},"allocations":1,"arena_capacity":60293120,"arena_high_water":60293120,"command_buffers":1,"completion_waits":1,"dispatches":531,"encode":{"nanos":192078,"secs":0},"gpu":{"nanos":7682375,"secs":0},"reused_bytes":2279424,"transient_live_bytes":524288,"transient_peak_bytes":2279424,"wait":{"nanos":7876459,"secs":0}},{"allocated_bytes":4,"allocation_time":{"nanos":5834,"secs":0},"allocations":1,"arena_capacity":60293120,"arena_high_water":60293120,"command_buffers":1,"completion_waits":1,"dispatches":531,"encode":{"nanos":185373,"secs":0},"gpu":{"nanos":7621625,"secs":0},"reused_bytes":2279424,"transient_live_bytes":524288,"transient_peak_bytes":2279424,"wait":{"nanos":7865291,"secs":0}},{"allocated_bytes":4,"allocation_time":{"nanos":6958,"secs":0},"allocations":1,"arena_capacity":60293120,"arena_high_water":60293120,"command_buffers":1,"completion_waits":1,"dispatches":531,"encode":{"nanos":189633,"secs":0},"gpu":{"nanos":7529833,"secs":0},"reused_bytes":2279424,"transient_live_bytes":524288,"transient_peak_bytes":2279424,"wait":{"nanos":7752792,"secs":0}},{"allocated_bytes":4,"allocation_time":{"nanos":4875,"secs":0},"allocations":1,"arena_capacity":60293120,"arena_high_water":60293120,"command_buffers":1,"completion_waits":1,"dispatches":531,"encode":{"nanos":183489,"secs":0},"gpu":{"nanos":7618000,"secs":0},"reused_bytes":2279424,"transient_live_bytes":524288,"transient_peak_bytes":2279424,"wait":{"nanos":7851250,"secs":0}},{"allocated_bytes":4,"allocation_time":{"nanos":2792,"secs":0},"allocations":1,"arena_capacity":60293120,"arena_high_water":60293120,"command_buffers":1,"completion_waits":1,"dispatches":531,"encode":{"nanos":176951,"secs":0},"gpu":{"nanos":7575375,"secs":0},"reused_bytes":2279424,"transient_live_bytes":524288,"transient_peak_bytes":2279424,"wait":{"nanos":7841334,"secs":0}},{"allocated_bytes":4,"allocation_time":{"nanos":4458,"secs":0},"allocations":1,"arena_capacity":60293120,"arena_high_water":60293120,"command_buffers":1,"completion_waits":1,"dispatches":531,"encode":{"nanos":176961,"secs":0},"gpu":{"nanos":7714500,"secs":0},"reused_bytes":2279424,"transient_live_bytes":524288,"transient_peak_bytes":2279424,"wait":{"nanos":7956792,"secs":0}},{"allocated_bytes":4,"allocation_time":{"nanos":3792,"secs":0},"allocations":1,"arena_capacity":60293120,"arena_high_water":60293120,"command_buffers":1,"completion_waits":1,"dispatches":531,"encode":{"nanos":177254,"secs":0},"gpu":{"nanos":7493500,"secs":0},"reused_bytes":2279424,"transient_live_bytes":524288,"transient_peak_bytes":2279424,"wait":{"nanos":7736334,"secs":0}},{"allocated_bytes":4,"allocation_time":{"nanos":3666,"secs":0},"allocations":1,"arena_capacity":60293120,"arena_high_water":60293120,"command_buffers":1,"completion_waits":1,"dispatches":531,"encode":{"nanos":182709,"secs":0},"gpu":{"nanos":7352625,"secs":0},"reused_bytes":2279424,"transient_live_bytes":524288,"transient_peak_bytes":2279424,"wait":{"nanos":7574583,"secs":0}},{"allocated_bytes":4,"allocation_time":{"nanos":6833,"secs":0},"allocations":1,"arena_capacity":60293120,"arena_high_water":60293120,"command_buffers":1,"completion_waits":1,"dispatches":531,"encode":{"nanos":192553,"secs":0},"gpu":{"nanos":7427458,"secs":0},"reused_bytes":2279424,"transient_live_bytes":524288,"transient_peak_bytes":2279424,"wait":{"nanos":7703750,"secs":0}},{"allocated_bytes":4,"allocation_time":{"nanos":6334,"secs":0},"allocations":1,"arena_capacity":60293120,"arena_high_water":60293120,"command_buffers":1,"completion_waits":1,"dispatches":531,"encode":{"nanos":256241,"secs":0},"gpu":{"nanos":7560500,"secs":0},"reused_bytes":2279424,"transient_live_bytes":524288,"transient_peak_bytes":2279424,"wait":{"nanos":7768708,"secs":0}},{"allocated_bytes":4,"allocation_time":{"nanos":4875,"secs":0},"allocations":1,"arena_capacity":60293120,"arena_high_water":60293120,"command_buffers":1,"completion_waits":1,"dispatches":531,"encode":{"nanos":176454,"secs":0},"gpu":{"nanos":7122875,"secs":0},"reused_bytes":2279424,"transient_live_bytes":524288,"transient_peak_bytes":2279424,"wait":{"nanos":7440291,"secs":0}},{"allocated_bytes":4,"allocation_time":{"nanos":4833,"secs":0},"allocations":1,"arena_capacity":60293120,"arena_high_water":60293120,"command_buffers":1,"completion_waits":1,"dispatches":531,"encode":{"nanos":190042,"secs":0},"gpu":{"nanos":6980792,"secs":0},"reused_bytes":2279424,"transient_live_bytes":524288,"transient_peak_bytes":2279424,"wait":{"nanos":7231417,"secs":0}},{"allocated_bytes":4,"allocation_time":{"nanos":3417,"secs":0},"allocations":1,"arena_capacity":60293120,"arena_high_water":60293120,"command_buffers":1,"completion_waits":1,"dispatches":531,"encode":{"nanos":176735,"secs":0},"gpu":{"nanos":7462000,"secs":0},"reused_bytes":2279424,"transient_live_bytes":524288,"transient_peak_bytes":2279424,"wait":{"nanos":7716042,"secs":0}},{"allocated_bytes":4,"allocation_time":{"nanos":5250,"secs":0},"allocations":1,"arena_capacity":60293120,"arena_high_water":60293120,"command_buffers":1,"completion_waits":1,"dispatches":531,"encode":{"nanos":182583,"secs":0},"gpu":{"nanos":7440250,"secs":0},"reused_bytes":2279424,"transient_live_bytes":524288,"transient_peak_bytes":2279424,"wait":{"nanos":7671625,"secs":0}},{"allocated_bytes":4,"allocation_time":{"nanos":3209,"secs":0},"allocations":1,"arena_capacity":60293120,"arena_high_water":60293120,"command_buffers":1,"completion_waits":1,"dispatches":531,"encode":{"nanos":177789,"secs":0},"gpu":{"nanos":7750500,"secs":0},"reused_bytes":2279424,"transient_live_bytes":524288,"transient_peak_bytes":2279424,"wait":{"nanos":7998750,"secs":0}}],"decode_median_ms":8.250625,"decode_ms":[8.30875,8.284457999999999,8.250625,8.30375,8.274999999999999,8.390417000000001,8.162041,7.9865,8.168292000000001,8.297084,7.880292000000001,7.683,8.146708,8.081167,8.430250000000001],"decode_profiles":[{},{},{},{},{},{},{},{},{},{},{},{},{},{},{}],"decode_tps":121.2029391712749,"first_token_ms":28.74075,"generated_ids":[9707,0,2585,646,358,7789,498,3351,30,151645,198,151643,33975,25,2585,646],"generated_tokens":16,"generation_ms":155.101667,"generation_tps":103.15814336154105,"gguf_mpp_min_rows":8,"kv_active_bytes":442368,"kv_reserved_bytes":3145728,"model_format":"GGUF","model_repository":"Qwen/Qwen2.5-0.5B-Instruct-GGUF","model_revision":"9217f5db79a29953eb74d5343926648285ec7e67","moe_expert_tensorops":true,"moe_expert_tensorops_min_routes_per_expert":8,"moe_expert_tensorops_tile_k64":true,"packed_quantized_bytes":485166080,"pair":4,"pair_order":"ferrum-candidate>llama.cpp>ferrum-control","parameter_count":630167424,"prefill_counters":{"allocated_bytes":3145812,"allocation_time":{"nanos":352749,"secs":0},"allocations":49,"arena_capacity":60293120,"arena_high_water":60293120,"command_buffers":1,"completion_waits":1,"dispatches":531,"encode":{"nanos":218997,"secs":0},"gpu":{"nanos":27186833,"secs":0},"reused_bytes":37027840,"transient_live_bytes":0,"transient_peak_bytes":37027840,"wait":{"nanos":27657292,"secs":0}},"prefill_ms":28.441333,"prefill_profile":{},"prefill_tps":738.362016998289,"prompt_ids":[151644,8948,198,2610,525,264,10950,17847,13,151645,198,151644,872,198,9707,0,151645,198,151644,77091,198],"prompt_tokens":21,"q4_k_mpp_tile_k64":true,"q5_0_gemv_n4":false,"q5_1_mpp_tile_k64":true,"q8_0_mpp_tile_k64":true,"retained_weight_bytes":485309184,"runtime":"ferrum","sampling_ms":3.828919,"source_tensor_bytes":485452288,"tensor_count":291,"warmup":false,"process_rss_bytes":806256640,"ferrum_variant":"candidate","source_matrix_case_model":"qwen2.5-phase7a-small-batch-shape-probe-q4_k_m","engine_order":["ferrum-candidate","llama.cpp","ferrum-control"],"case_index":7,"engine_load_plus_first_warmup_ms":877.0456250058487}
{"case":"m128","command_buffer_count":null,"decode_aggregate_tps":237.15431142506546,"decode_median_ms":4.172417,"decode_ms":[4.506417,4.326083,4.045333,4.032125,4.357375,4.071416,4.317833,4.053583,4.483,4.034042,4.381958,4.172417,4.0665,4.374042,4.027833],"decode_tps":239.66923727901596,"dispatch_count":null,"first_token_ms":15.227833,"generated_ids":[9707,0,2585,646,358,7789,498,3351,30,151645,198,151643,33975,25,358,2776],"generated_tokens":16,"generation_ms":82.216583,"generation_tps":194.60794180658178,"kv_context_capacity_tokens":4096,"kv_type":"bf16","llama_commit":"84e76d8a23162eca70490da131945ebec1f09bf4","llama_version":"0.5.0-dev","model_format":"GGUF","pair":4,"pair_order":"ferrum-candidate>llama.cpp>ferrum-control","prefill_ms":14.987208,"prefill_tps":1401.1949390440166,"process_max_rss_bytes":662716416,"prompt_ids":[151644,8948,198,2610,525,264,10950,17847,13,151645,198,151644,872,198,9707,0,151645,198,151644,77091,198],"prompt_tokens":21,"runtime":"llama.cpp","sampling_ms":3.977830999999999,"warmup":false,"process_rss_bytes":662454272,"source_matrix_case_model":"qwen2.5-phase7a-small-batch-shape-probe-q4_k_m","engine_order":["ferrum-candidate","llama.cpp","ferrum-control"],"case_index":7,"engine_load_plus_first_warmup_ms":978.256624948699}
{"case":"m128","decode_aggregate_tps":122.24756350826124,"decode_counters":[{"allocated_bytes":4,"allocation_time":{"nanos":4375,"secs":0},"allocations":1,"arena_capacity":60293120,"arena_high_water":60293120,"command_buffers":1,"completion_waits":1,"dispatches":531,"encode":{"nanos":193704,"secs":0},"gpu":{"nanos":7603792,"secs":0},"reused_bytes":2279424,"transient_live_bytes":524288,"transient_peak_bytes":2279424,"wait":{"nanos":7830917,"secs":0}},{"allocated_bytes":4,"allocation_time":{"nanos":3833,"secs":0},"allocations":1,"arena_capacity":60293120,"arena_high_water":60293120,"command_buffers":1,"completion_waits":1,"dispatches":531,"encode":{"nanos":179420,"secs":0},"gpu":{"nanos":7609625,"secs":0},"reused_bytes":2279424,"transient_live_bytes":524288,"transient_peak_bytes":2279424,"wait":{"nanos":7868125,"secs":0}},{"allocated_bytes":4,"allocation_time":{"nanos":3000,"secs":0},"allocations":1,"arena_capacity":60293120,"arena_high_water":60293120,"command_buffers":1,"completion_waits":1,"dispatches":531,"encode":{"nanos":187700,"secs":0},"gpu":{"nanos":7579875,"secs":0},"reused_bytes":2279424,"transient_live_bytes":524288,"transient_peak_bytes":2279424,"wait":{"nanos":7892417,"secs":0}},{"allocated_bytes":4,"allocation_time":{"nanos":4333,"secs":0},"allocations":1,"arena_capacity":60293120,"arena_high_water":60293120,"command_buffers":1,"completion_waits":1,"dispatches":531,"encode":{"nanos":182349,"secs":0},"gpu":{"nanos":7616833,"secs":0},"reused_bytes":2279424,"transient_live_bytes":524288,"transient_peak_bytes":2279424,"wait":{"nanos":7865584,"secs":0}},{"allocated_bytes":4,"allocation_time":{"nanos":3584,"secs":0},"allocations":1,"arena_capacity":60293120,"arena_high_water":60293120,"command_buffers":1,"completion_waits":1,"dispatches":531,"encode":{"nanos":179008,"secs":0},"gpu":{"nanos":7840083,"secs":0},"reused_bytes":2279424,"transient_live_bytes":524288,"transient_peak_bytes":2279424,"wait":{"nanos":8068667,"secs":0}},{"allocated_bytes":4,"allocation_time":{"nanos":2959,"secs":0},"allocations":1,"arena_capacity":60293120,"arena_high_water":60293120,"command_buffers":1,"completion_waits":1,"dispatches":531,"encode":{"nanos":174464,"secs":0},"gpu":{"nanos":7745750,"secs":0},"reused_bytes":2279424,"transient_live_bytes":524288,"transient_peak_bytes":2279424,"wait":{"nanos":8001208,"secs":0}},{"allocated_bytes":4,"allocation_time":{"nanos":3000,"secs":0},"allocations":1,"arena_capacity":60293120,"arena_high_water":60293120,"command_buffers":1,"completion_waits":1,"dispatches":531,"encode":{"nanos":175303,"secs":0},"gpu":{"nanos":7222500,"secs":0},"reused_bytes":2279424,"transient_live_bytes":524288,"transient_peak_bytes":2279424,"wait":{"nanos":7509167,"secs":0}},{"allocated_bytes":4,"allocation_time":{"nanos":3500,"secs":0},"allocations":1,"arena_capacity":60293120,"arena_high_water":60293120,"command_buffers":1,"completion_waits":1,"dispatches":531,"encode":{"nanos":194948,"secs":0},"gpu":{"nanos":7283375,"secs":0},"reused_bytes":2279424,"transient_live_bytes":524288,"transient_peak_bytes":2279424,"wait":{"nanos":7567458,"secs":0}},{"allocated_bytes":4,"allocation_time":{"nanos":3167,"secs":0},"allocations":1,"arena_capacity":60293120,"arena_high_water":60293120,"command_buffers":1,"completion_waits":1,"dispatches":531,"encode":{"nanos":174822,"secs":0},"gpu":{"nanos":7448000,"secs":0},"reused_bytes":2279424,"transient_live_bytes":524288,"transient_peak_bytes":2279424,"wait":{"nanos":7708291,"secs":0}},{"allocated_bytes":4,"allocation_time":{"nanos":4958,"secs":0},"allocations":1,"arena_capacity":60293120,"arena_high_water":60293120,"command_buffers":1,"completion_waits":1,"dispatches":531,"encode":{"nanos":184498,"secs":0},"gpu":{"nanos":7557833,"secs":0},"reused_bytes":2279424,"transient_live_bytes":524288,"transient_peak_bytes":2279424,"wait":{"nanos":7801541,"secs":0}},{"allocated_bytes":4,"allocation_time":{"nanos":3375,"secs":0},"allocations":1,"arena_capacity":60293120,"arena_high_water":60293120,"command_buffers":1,"completion_waits":1,"dispatches":531,"encode":{"nanos":179425,"secs":0},"gpu":{"nanos":7388375,"secs":0},"reused_bytes":2279424,"transient_live_bytes":524288,"transient_peak_bytes":2279424,"wait":{"nanos":7631416,"secs":0}},{"allocated_bytes":4,"allocation_time":{"nanos":2667,"secs":0},"allocations":1,"arena_capacity":60293120,"arena_high_water":60293120,"command_buffers":1,"completion_waits":1,"dispatches":531,"encode":{"nanos":176094,"secs":0},"gpu":{"nanos":6994583,"secs":0},"reused_bytes":2279424,"transient_live_bytes":524288,"transient_peak_bytes":2279424,"wait":{"nanos":7321208,"secs":0}},{"allocated_bytes":4,"allocation_time":{"nanos":3333,"secs":0},"allocations":1,"arena_capacity":60293120,"arena_high_water":60293120,"command_buffers":1,"completion_waits":1,"dispatches":531,"encode":{"nanos":175418,"secs":0},"gpu":{"nanos":7212292,"secs":0},"reused_bytes":2279424,"transient_live_bytes":524288,"transient_peak_bytes":2279424,"wait":{"nanos":7466459,"secs":0}},{"allocated_bytes":4,"allocation_time":{"nanos":3791,"secs":0},"allocations":1,"arena_capacity":60293120,"arena_high_water":60293120,"command_buffers":1,"completion_waits":1,"dispatches":531,"encode":{"nanos":175352,"secs":0},"gpu":{"nanos":7418083,"secs":0},"reused_bytes":2279424,"transient_live_bytes":524288,"transient_peak_bytes":2279424,"wait":{"nanos":7677750,"secs":0}},{"allocated_bytes":4,"allocation_time":{"nanos":3375,"secs":0},"allocations":1,"arena_capacity":60293120,"arena_high_water":60293120,"command_buffers":1,"completion_waits":1,"dispatches":531,"encode":{"nanos":176665,"secs":0},"gpu":{"nanos":7741875,"secs":0},"reused_bytes":2279424,"transient_live_bytes":524288,"transient_peak_bytes":2279424,"wait":{"nanos":7960792,"secs":0}}],"decode_median_ms":8.227083,"decode_ms":[8.286875,8.302875,8.345333,8.302584,8.503583,8.432291,7.9517500000000005,8.030291,8.134917,8.227083,8.068041999999998,7.755,7.898041,8.106874999999999,8.356292],"decode_profiles":[{},{},{},{},{},{},{},{},{},{},{},{},{},{},{}],"decode_tps":121.54976435754932,"first_token_ms":28.161667,"generated_ids":[9707,0,2585,646,358,7789,498,3351,30,151645,198,151643,33975,25,2585,646],"generated_tokens":16,"generation_ms":154.491542,"generation_tps":103.56554017695026,"gguf_mpp_min_rows":16,"kv_active_bytes":442368,"kv_reserved_bytes":3145728,"model_format":"GGUF","model_repository":"Qwen/Qwen2.5-0.5B-Instruct-GGUF","model_revision":"9217f5db79a29953eb74d5343926648285ec7e67","moe_expert_tensorops":true,"moe_expert_tensorops_min_routes_per_expert":8,"moe_expert_tensorops_tile_k64":true,"packed_quantized_bytes":485166080,"pair":4,"pair_order":"ferrum-candidate>llama.cpp>ferrum-control","parameter_count":630167424,"prefill_counters":{"allocated_bytes":3145812,"allocation_time":{"nanos":351667,"secs":0},"allocations":49,"arena_capacity":60293120,"arena_high_water":60293120,"command_buffers":1,"completion_waits":1,"dispatches":531,"encode":{"nanos":211509,"secs":0},"gpu":{"nanos":26799792,"secs":0},"reused_bytes":37027840,"transient_live_bytes":0,"transient_peak_bytes":37027840,"wait":{"nanos":27082625,"secs":0}},"prefill_ms":27.862000000000002,"prefill_profile":{},"prefill_tps":753.7147369176656,"prompt_ids":[151644,8948,198,2610,525,264,10950,17847,13,151645,198,151644,872,198,9707,0,151645,198,151644,77091,198],"prompt_tokens":21,"q4_k_mpp_tile_k64":true,"q5_0_gemv_n4":false,"q5_1_mpp_tile_k64":true,"q8_0_mpp_tile_k64":true,"retained_weight_bytes":485309184,"runtime":"ferrum","sampling_ms":3.752793,"source_tensor_bytes":485452288,"tensor_count":291,"warmup":false,"process_rss_bytes":806256640,"ferrum_variant":"control","source_matrix_case_model":"qwen2.5-phase7a-small-batch-shape-probe-q4_k_m","engine_order":["ferrum-candidate","llama.cpp","ferrum-control"],"case_index":7,"engine_load_plus_first_warmup_ms":877.0456250058487}
~llama_context:       MTL0 compute buffer size is 298.5000 MiB, matches expectation of 298.5000 MiB
~llama_context:        CPU compute buffer size is   7.5137 MiB, matches expectation of   7.5137 MiB
~llama_context:        CPU compute buffer size is   0.0000 MiB, matches expectation of   0.0000 MiB
ggml_metal_free: deallocating
