ggml_metal_device_init: testing tensor API for f16 support
ggml_metal_library_compile_pipeline: compiling pipeline: base = 'dummy_kernel', name = 'dummy_kernel'
ggml_metal_library_compile_pipeline: loaded dummy_kernel                                  0x105b82e00 | th_max = 1024 | th_width =   32
ggml_metal_device_init: testing tensor API for bfloat support
ggml_metal_library_compile_pipeline: compiling pipeline: base = 'dummy_kernel', name = 'dummy_kernel'
ggml_metal_library_compile_pipeline: loaded dummy_kernel                                  0x105b83680 | th_max = 1024 | th_width =   32
ggml_metal_library_init: using embedded metal library
ggml_metal_library_compile_all: compiled 'fa' library in 0.010 sec
ggml_metal_library_compile_all: compiled 'mul_mv' library in 0.003 sec
ggml_metal_library_compile_all: compiled 'mul_mm' library in 0.002 sec
ggml_metal_library_compile_all: compiled 'quantize' library in 0.001 sec
ggml_metal_library_compile_all: compiled 'softmax' library in 0.001 sec
ggml_metal_library_compile_all: compiled 'norm' library in 0.000 sec
ggml_metal_library_compile_all: compiled 'unary' library in 0.000 sec
ggml_metal_library_compile_all: compiled 'binbcast' library in 0.000 sec
ggml_metal_library_compile_all: compiled 'reduce' library in 0.000 sec
ggml_metal_library_compile_all: compiled 'tri' library in 0.000 sec
ggml_metal_library_compile_all: compiled 'ssm' library in 0.001 sec
ggml_metal_library_compile_all: compiled 'wkv' library in 0.000 sec
ggml_metal_library_compile_all: compiled 'gated_delta_net' library in 0.000 sec
ggml_metal_library_compile_all: compiled 'solve_tri' library in 0.000 sec
ggml_metal_library_compile_all: compiled 'rope' library in 0.000 sec
ggml_metal_library_compile_all: compiled 'conv' library in 0.000 sec
ggml_metal_library_compile_all: compiled 'upscale' library in 0.000 sec
ggml_metal_library_compile_all: compiled 'argsort' library in 0.000 sec
ggml_metal_library_compile_all: compiled 'pool' library in 0.000 sec
ggml_metal_library_compile_all: compiled 'misc' library in 0.000 sec
ggml_metal_library_compile_all: loaded 20 libraries from embedded data in 0.010 sec (max single = 0.010 sec)
ggml_metal_rsets_init: creating a residency set collection (keep_alive = 180 s)
ggml_metal_device_init: GPU name:   MTL0 (Apple M5)
ggml_metal_device_init: GPU family: MTLGPUFamilyApple10  (1010)
ggml_metal_device_init: GPU family: MTLGPUFamilyMetal4  (5002)
ggml_metal_device_init: simdgroup reduction   = true
ggml_metal_device_init: simdgroup matrix mul. = true
ggml_metal_device_init: has unified memory    = true
ggml_metal_device_init: has bfloat            = true
ggml_metal_device_init: has tensor            = true
ggml_metal_device_init: use residency sets    = true
ggml_metal_device_init: use shared buffers    = true
ggml_metal_device_init: recommendedMaxWorkingSetSize  = 25769.80 MB
llama_model_loader: loaded meta data with 26 key-value pairs and 291 tensors from /private/tmp/ferrum-phase5-qwen-gguf-lower/qwen2.5-0.5b-instruct-q5_k_m.gguf (version GGUF V3 (latest))
llama_model_loader: Dumping metadata keys/values. Note: KV overrides do not apply in this output.
llama_model_loader: - kv   0:                       general.architecture str              = qwen2
llama_model_loader: - kv   1:                               general.type str              = model
llama_model_loader: - kv   2:                               general.name str              = qwen2.5-0.5b-instruct
llama_model_loader: - kv   3:                            general.version str              = v0.1
llama_model_loader: - kv   4:                           general.finetune str              = qwen2.5-0.5b-instruct
llama_model_loader: - kv   5:                         general.size_label str              = 630M
llama_model_loader: - kv   6:                          qwen2.block_count u32              = 24
llama_model_loader: - kv   7:                       qwen2.context_length u32              = 32768
llama_model_loader: - kv   8:                     qwen2.embedding_length u32              = 896
llama_model_loader: - kv   9:                  qwen2.feed_forward_length u32              = 4864
llama_model_loader: - kv  10:                 qwen2.attention.head_count u32              = 14
llama_model_loader: - kv  11:              qwen2.attention.head_count_kv u32              = 2
llama_model_loader: - kv  12:                       qwen2.rope.freq_base f32              = 1000000.000000
llama_model_loader: - kv  13:     qwen2.attention.layer_norm_rms_epsilon f32              = 0.000001
llama_model_loader: - kv  14:                          general.file_type u32              = 17
llama_model_loader: - kv  15:                       tokenizer.ggml.model str              = gpt2
llama_model_loader: - kv  16:                         tokenizer.ggml.pre str              = qwen2
llama_model_loader: - kv  17:                      tokenizer.ggml.tokens arr[str,151936]  = ["!", "\"", "#", "$", "%", "&", "'", ...
llama_model_loader: - kv  18:                  tokenizer.ggml.token_type arr[i32,151936]  = [1, 1, 1, 1, 1, 1, 1, 1, 1, 1, 1, 1, ...
llama_model_loader: - kv  19:                      tokenizer.ggml.merges arr[str,151387]  = ["Ġ Ġ", "ĠĠ ĠĠ", "i n", "Ġ t",...
llama_model_loader: - kv  20:                tokenizer.ggml.eos_token_id u32              = 151645
llama_model_loader: - kv  21:            tokenizer.ggml.padding_token_id u32              = 151643
llama_model_loader: - kv  22:                tokenizer.ggml.bos_token_id u32              = 151643
llama_model_loader: - kv  23:               tokenizer.ggml.add_bos_token bool             = false
llama_model_loader: - kv  24:                    tokenizer.chat_template str              = {%- if tools %}\n    {{- '<|im_start|>...
llama_model_loader: - kv  25:               general.quantization_version u32              = 2
llama_model_loader: - type  f32:  121 tensors
llama_model_loader: - type q5_1:  133 tensors
llama_model_loader: - type q8_0:   13 tensors
llama_model_loader: - type q5_K:   12 tensors
llama_model_loader: - type q6_K:   12 tensors
print_info: file format = GGUF V3 (latest)
print_info: file type   = Q5_K - Medium
print_info: file size   = 492.32 MiB (6.55 BPW) 
llama_prepare_model_devices: using device MTL0 (Apple M5) (unknown id) - 24575 MiB free
init_tokenizer: initializing tokenizer for type 2
load: 0 unused tokens
load: control token: 151659 '<|fim_prefix|>' is not marked as EOG
load: control token: 151656 '<|video_pad|>' is not marked as EOG
load: control token: 151655 '<|image_pad|>' is not marked as EOG
load: control token: 151653 '<|vision_end|>' is not marked as EOG
load: control token: 151652 '<|vision_start|>' is not marked as EOG
load: control token: 151651 '<|quad_end|>' is not marked as EOG
load: control token: 151649 '<|box_end|>' is not marked as EOG
load: control token: 151648 '<|box_start|>' is not marked as EOG
load: control token: 151646 '<|object_ref_start|>' is not marked as EOG
load: control token: 151644 '<|im_start|>' is not marked as EOG
load: control token: 151661 '<|fim_suffix|>' is not marked as EOG
load: control token: 151647 '<|object_ref_end|>' is not marked as EOG
load: control-looking token: 128247 '</s>' was not control-type; this is probably a bug in the model. its type will be overridden
load: control token: 151660 '<|fim_middle|>' is not marked as EOG
load: control token: 151654 '<|vision_pad|>' is not marked as EOG
load: control token: 151650 '<|quad_start|>' is not marked as EOG
load: printing all EOG tokens:
load:   - 128247 ('</s>')
load:   - 151643 ('<|endoftext|>')
load:   - 151645 ('<|im_end|>')
load:   - 151662 ('<|fim_pad|>')
load:   - 151663 ('<|repo_name|>')
load:   - 151664 ('<|file_sep|>')
load: special tokens cache size = 23
load: token to piece cache size = 0.9310 MB
print_info: arch                  = qwen2
print_info: vocab_only            = 0
print_info: no_alloc              = 0
print_info: n_ctx_train           = 32768
print_info: n_embd_inp            = 896
print_info: n_embd                = 896
print_info: n_embd_out            = 896
print_info: n_layer               = 24
print_info: n_layer_all           = 24
print_info: n_head                = 14
print_info: n_head_kv             = 2
print_info: n_rot                 = 64
print_info: n_swa                 = 0
print_info: is_swa_any            = 0
print_info: non_causal_type       = 0
print_info: n_embd_head_k         = 64
print_info: n_embd_head_v         = 64
print_info: n_gqa                 = 7
print_info: n_embd_k_gqa          = 128
print_info: n_embd_v_gqa          = 128
print_info: f_norm_eps            = 0.0e+00
print_info: f_norm_rms_eps        = 1.0e-06
print_info: f_clamp_kqv           = 0.0e+00
print_info: f_max_alibi_bias      = 0.0e+00
print_info: f_logit_scale         = 0.0e+00
print_info: f_attn_scale          = 0.0e+00
print_info: f_attn_value_scale    = 0.0000
print_info: n_ff                  = 4864
print_info: n_expert              = 0
print_info: n_expert_used         = 0
print_info: n_expert_groups       = 0
print_info: n_group_used          = 0
print_info: causal attn           = 1
print_info: pooling type          = -1
print_info: rope type             = 2
print_info: rope scaling          = linear
print_info: freq_base_train       = 1000000.0
print_info: freq_scale_train      = 1
print_info: n_ctx_orig_yarn       = 32768
print_info: rope_yarn_log_mul     = 0.0000
print_info: rope_finetuned        = unknown
print_info: model type            = 1B
print_info: model params          = 630.17 M
print_info: general.name          = qwen2.5-0.5b-instruct
print_info: vocab type            = BPE
print_info: n_vocab               = 151936
print_info: n_merges              = 151387
print_info: BOS token             = 151643 '<|endoftext|>'
print_info: EOS token             = 151645 '<|im_end|>'
print_info: EOT token             = 151645 '<|im_end|>'
print_info: PAD token             = 151643 '<|endoftext|>'
print_info: LF token              = 198 'Ċ'
print_info: FIM PRE token         = 151659 '<|fim_prefix|>'
print_info: FIM SUF token         = 151661 '<|fim_suffix|>'
print_info: FIM MID token         = 151660 '<|fim_middle|>'
print_info: FIM PAD token         = 151662 '<|fim_pad|>'
print_info: FIM REP token         = 151663 '<|repo_name|>'
print_info: FIM SEP token         = 151664 '<|file_sep|>'
print_info: EOG token             = 128247 '</s>'
print_info: EOG token             = 151643 '<|endoftext|>'
print_info: EOG token             = 151645 '<|im_end|>'
print_info: EOG token             = 151662 '<|fim_pad|>'
print_info: EOG token             = 151663 '<|repo_name|>'
print_info: EOG token             = 151664 '<|file_sep|>'
print_info: max token length      = 256
load_tensors: loading model tensors, this can take a while... (load_mode = mmap)
load_tensors: layer   0 assigned to device MTL0, is_swa = 0
load_tensors: layer   1 assigned to device MTL0, is_swa = 0
load_tensors: layer   2 assigned to device MTL0, is_swa = 0
load_tensors: layer   3 assigned to device MTL0, is_swa = 0
load_tensors: layer   4 assigned to device MTL0, is_swa = 0
load_tensors: layer   5 assigned to device MTL0, is_swa = 0
load_tensors: layer   6 assigned to device MTL0, is_swa = 0
load_tensors: layer   7 assigned to device MTL0, is_swa = 0
load_tensors: layer   8 assigned to device MTL0, is_swa = 0
load_tensors: layer   9 assigned to device MTL0, is_swa = 0
load_tensors: layer  10 assigned to device MTL0, is_swa = 0
load_tensors: layer  11 assigned to device MTL0, is_swa = 0
load_tensors: layer  12 assigned to device MTL0, is_swa = 0
load_tensors: layer  13 assigned to device MTL0, is_swa = 0
load_tensors: layer  14 assigned to device MTL0, is_swa = 0
load_tensors: layer  15 assigned to device MTL0, is_swa = 0
load_tensors: layer  16 assigned to device MTL0, is_swa = 0
load_tensors: layer  17 assigned to device MTL0, is_swa = 0
load_tensors: layer  18 assigned to device MTL0, is_swa = 0
load_tensors: layer  19 assigned to device MTL0, is_swa = 0
load_tensors: layer  20 assigned to device MTL0, is_swa = 0
load_tensors: layer  21 assigned to device MTL0, is_swa = 0
load_tensors: layer  22 assigned to device MTL0, is_swa = 0
load_tensors: layer  23 assigned to device MTL0, is_swa = 0
load_tensors: layer  24 assigned to device MTL0, is_swa = 0
create_tensor: loading tensor token_embd.weight
create_tensor: loading tensor output_norm.weight
create_tensor: loading tensor output.weight
create_tensor: loading tensor output.bias
create_tensor: loading tensor blk.0.attn_norm.weight
create_tensor: loading tensor blk.0.attn_qkv.weight
create_tensor: loading tensor blk.0.attn_q.weight
create_tensor: loading tensor blk.0.attn_k.weight
create_tensor: loading tensor blk.0.attn_v.weight
create_tensor: loading tensor blk.0.attn_q.bias
create_tensor: loading tensor blk.0.attn_k.bias
create_tensor: loading tensor blk.0.attn_v.bias
create_tensor: loading tensor blk.0.attn_output.weight
create_tensor: loading tensor blk.0.ffn_norm.weight
create_tensor: loading tensor blk.0.ffn_gate.weight
create_tensor: loading tensor blk.0.ffn_down.weight
create_tensor: loading tensor blk.0.ffn_up.weight
create_tensor: loading tensor blk.1.attn_norm.weight
create_tensor: loading tensor blk.1.attn_qkv.weight
create_tensor: loading tensor blk.1.attn_q.weight
create_tensor: loading tensor blk.1.attn_k.weight
create_tensor: loading tensor blk.1.attn_v.weight
create_tensor: loading tensor blk.1.attn_q.bias
create_tensor: loading tensor blk.1.attn_k.bias
create_tensor: loading tensor blk.1.attn_v.bias
create_tensor: loading tensor blk.1.attn_output.weight
create_tensor: loading tensor blk.1.ffn_norm.weight
create_tensor: loading tensor blk.1.ffn_gate.weight
create_tensor: loading tensor blk.1.ffn_down.weight
create_tensor: loading tensor blk.1.ffn_up.weight
create_tensor: loading tensor blk.2.attn_norm.weight
create_tensor: loading tensor blk.2.attn_qkv.weight
create_tensor: loading tensor blk.2.attn_q.weight
create_tensor: loading tensor blk.2.attn_k.weight
create_tensor: loading tensor blk.2.attn_v.weight
create_tensor: loading tensor blk.2.attn_q.bias
create_tensor: loading tensor blk.2.attn_k.bias
create_tensor: loading tensor blk.2.attn_v.bias
create_tensor: loading tensor blk.2.attn_output.weight
create_tensor: loading tensor blk.2.ffn_norm.weight
create_tensor: loading tensor blk.2.ffn_gate.weight
create_tensor: loading tensor blk.2.ffn_down.weight
create_tensor: loading tensor blk.2.ffn_up.weight
create_tensor: loading tensor blk.3.attn_norm.weight
create_tensor: loading tensor blk.3.attn_qkv.weight
create_tensor: loading tensor blk.3.attn_q.weight
create_tensor: loading tensor blk.3.attn_k.weight
create_tensor: loading tensor blk.3.attn_v.weight
create_tensor: loading tensor blk.3.attn_q.bias
create_tensor: loading tensor blk.3.attn_k.bias
create_tensor: loading tensor blk.3.attn_v.bias
create_tensor: loading tensor blk.3.attn_output.weight
create_tensor: loading tensor blk.3.ffn_norm.weight
create_tensor: loading tensor blk.3.ffn_gate.weight
create_tensor: loading tensor blk.3.ffn_down.weight
create_tensor: loading tensor blk.3.ffn_up.weight
create_tensor: loading tensor blk.4.attn_norm.weight
create_tensor: loading tensor blk.4.attn_qkv.weight
create_tensor: loading tensor blk.4.attn_q.weight
create_tensor: loading tensor blk.4.attn_k.weight
create_tensor: loading tensor blk.4.attn_v.weight
create_tensor: loading tensor blk.4.attn_q.bias
create_tensor: loading tensor blk.4.attn_k.bias
create_tensor: loading tensor blk.4.attn_v.bias
create_tensor: loading tensor blk.4.attn_output.weight
create_tensor: loading tensor blk.4.ffn_norm.weight
create_tensor: loading tensor blk.4.ffn_gate.weight
create_tensor: loading tensor blk.4.ffn_down.weight
create_tensor: loading tensor blk.4.ffn_up.weight
create_tensor: loading tensor blk.5.attn_norm.weight
create_tensor: loading tensor blk.5.attn_qkv.weight
create_tensor: loading tensor blk.5.attn_q.weight
create_tensor: loading tensor blk.5.attn_k.weight
create_tensor: loading tensor blk.5.attn_v.weight
create_tensor: loading tensor blk.5.attn_q.bias
create_tensor: loading tensor blk.5.attn_k.bias
create_tensor: loading tensor blk.5.attn_v.bias
create_tensor: loading tensor blk.5.attn_output.weight
create_tensor: loading tensor blk.5.ffn_norm.weight
create_tensor: loading tensor blk.5.ffn_gate.weight
create_tensor: loading tensor blk.5.ffn_down.weight
create_tensor: loading tensor blk.5.ffn_up.weight
create_tensor: loading tensor blk.6.attn_norm.weight
create_tensor: loading tensor blk.6.attn_qkv.weight
create_tensor: loading tensor blk.6.attn_q.weight
create_tensor: loading tensor blk.6.attn_k.weight
create_tensor: loading tensor blk.6.attn_v.weight
create_tensor: loading tensor blk.6.attn_q.bias
create_tensor: loading tensor blk.6.attn_k.bias
create_tensor: loading tensor blk.6.attn_v.bias
create_tensor: loading tensor blk.6.attn_output.weight
create_tensor: loading tensor blk.6.ffn_norm.weight
create_tensor: loading tensor blk.6.ffn_gate.weight
create_tensor: loading tensor blk.6.ffn_down.weight
create_tensor: loading tensor blk.6.ffn_up.weight
create_tensor: loading tensor blk.7.attn_norm.weight
create_tensor: loading tensor blk.7.attn_qkv.weight
create_tensor: loading tensor blk.7.attn_q.weight
create_tensor: loading tensor blk.7.attn_k.weight
create_tensor: loading tensor blk.7.attn_v.weight
create_tensor: loading tensor blk.7.attn_q.bias
create_tensor: loading tensor blk.7.attn_k.bias
create_tensor: loading tensor blk.7.attn_v.bias
create_tensor: loading tensor blk.7.attn_output.weight
create_tensor: loading tensor blk.7.ffn_norm.weight
create_tensor: loading tensor blk.7.ffn_gate.weight
create_tensor: loading tensor blk.7.ffn_down.weight
create_tensor: loading tensor blk.7.ffn_up.weight
create_tensor: loading tensor blk.8.attn_norm.weight
create_tensor: loading tensor blk.8.attn_qkv.weight
create_tensor: loading tensor blk.8.attn_q.weight
create_tensor: loading tensor blk.8.attn_k.weight
create_tensor: loading tensor blk.8.attn_v.weight
create_tensor: loading tensor blk.8.attn_q.bias
create_tensor: loading tensor blk.8.attn_k.bias
create_tensor: loading tensor blk.8.attn_v.bias
create_tensor: loading tensor blk.8.attn_output.weight
create_tensor: loading tensor blk.8.ffn_norm.weight
create_tensor: loading tensor blk.8.ffn_gate.weight
create_tensor: loading tensor blk.8.ffn_down.weight
create_tensor: loading tensor blk.8.ffn_up.weight
create_tensor: loading tensor blk.9.attn_norm.weight
create_tensor: loading tensor blk.9.attn_qkv.weight
create_tensor: loading tensor blk.9.attn_q.weight
create_tensor: loading tensor blk.9.attn_k.weight
create_tensor: loading tensor blk.9.attn_v.weight
create_tensor: loading tensor blk.9.attn_q.bias
create_tensor: loading tensor blk.9.attn_k.bias
create_tensor: loading tensor blk.9.attn_v.bias
create_tensor: loading tensor blk.9.attn_output.weight
create_tensor: loading tensor blk.9.ffn_norm.weight
create_tensor: loading tensor blk.9.ffn_gate.weight
create_tensor: loading tensor blk.9.ffn_down.weight
create_tensor: loading tensor blk.9.ffn_up.weight
create_tensor: loading tensor blk.10.attn_norm.weight
create_tensor: loading tensor blk.10.attn_qkv.weight
create_tensor: loading tensor blk.10.attn_q.weight
create_tensor: loading tensor blk.10.attn_k.weight
create_tensor: loading tensor blk.10.attn_v.weight
create_tensor: loading tensor blk.10.attn_q.bias
create_tensor: loading tensor blk.10.attn_k.bias
create_tensor: loading tensor blk.10.attn_v.bias
create_tensor: loading tensor blk.10.attn_output.weight
create_tensor: loading tensor blk.10.ffn_norm.weight
create_tensor: loading tensor blk.10.ffn_gate.weight
create_tensor: loading tensor blk.10.ffn_down.weight
create_tensor: loading tensor blk.10.ffn_up.weight
create_tensor: loading tensor blk.11.attn_norm.weight
create_tensor: loading tensor blk.11.attn_qkv.weight
create_tensor: loading tensor blk.11.attn_q.weight
create_tensor: loading tensor blk.11.attn_k.weight
create_tensor: loading tensor blk.11.attn_v.weight
create_tensor: loading tensor blk.11.attn_q.bias
create_tensor: loading tensor blk.11.attn_k.bias
create_tensor: loading tensor blk.11.attn_v.bias
create_tensor: loading tensor blk.11.attn_output.weight
create_tensor: loading tensor blk.11.ffn_norm.weight
create_tensor: loading tensor blk.11.ffn_gate.weight
create_tensor: loading tensor blk.11.ffn_down.weight
create_tensor: loading tensor blk.11.ffn_up.weight
create_tensor: loading tensor blk.12.attn_norm.weight
create_tensor: loading tensor blk.12.attn_qkv.weight
create_tensor: loading tensor blk.12.attn_q.weight
create_tensor: loading tensor blk.12.attn_k.weight
create_tensor: loading tensor blk.12.attn_v.weight
create_tensor: loading tensor blk.12.attn_q.bias
create_tensor: loading tensor blk.12.attn_k.bias
create_tensor: loading tensor blk.12.attn_v.bias
create_tensor: loading tensor blk.12.attn_output.weight
create_tensor: loading tensor blk.12.ffn_norm.weight
create_tensor: loading tensor blk.12.ffn_gate.weight
create_tensor: loading tensor blk.12.ffn_down.weight
create_tensor: loading tensor blk.12.ffn_up.weight
create_tensor: loading tensor blk.13.attn_norm.weight
create_tensor: loading tensor blk.13.attn_qkv.weight
create_tensor: loading tensor blk.13.attn_q.weight
create_tensor: loading tensor blk.13.attn_k.weight
create_tensor: loading tensor blk.13.attn_v.weight
create_tensor: loading tensor blk.13.attn_q.bias
create_tensor: loading tensor blk.13.attn_k.bias
create_tensor: loading tensor blk.13.attn_v.bias
create_tensor: loading tensor blk.13.attn_output.weight
create_tensor: loading tensor blk.13.ffn_norm.weight
create_tensor: loading tensor blk.13.ffn_gate.weight
create_tensor: loading tensor blk.13.ffn_down.weight
create_tensor: loading tensor blk.13.ffn_up.weight
create_tensor: loading tensor blk.14.attn_norm.weight
create_tensor: loading tensor blk.14.attn_qkv.weight
create_tensor: loading tensor blk.14.attn_q.weight
create_tensor: loading tensor blk.14.attn_k.weight
create_tensor: loading tensor blk.14.attn_v.weight
create_tensor: loading tensor blk.14.attn_q.bias
create_tensor: loading tensor blk.14.attn_k.bias
create_tensor: loading tensor blk.14.attn_v.bias
create_tensor: loading tensor blk.14.attn_output.weight
create_tensor: loading tensor blk.14.ffn_norm.weight
create_tensor: loading tensor blk.14.ffn_gate.weight
create_tensor: loading tensor blk.14.ffn_down.weight
create_tensor: loading tensor blk.14.ffn_up.weight
create_tensor: loading tensor blk.15.attn_norm.weight
create_tensor: loading tensor blk.15.attn_qkv.weight
create_tensor: loading tensor blk.15.attn_q.weight
create_tensor: loading tensor blk.15.attn_k.weight
create_tensor: loading tensor blk.15.attn_v.weight
create_tensor: loading tensor blk.15.attn_q.bias
create_tensor: loading tensor blk.15.attn_k.bias
create_tensor: loading tensor blk.15.attn_v.bias
create_tensor: loading tensor blk.15.attn_output.weight
create_tensor: loading tensor blk.15.ffn_norm.weight
create_tensor: loading tensor blk.15.ffn_gate.weight
create_tensor: loading tensor blk.15.ffn_down.weight
create_tensor: loading tensor blk.15.ffn_up.weight
create_tensor: loading tensor blk.16.attn_norm.weight
create_tensor: loading tensor blk.16.attn_qkv.weight
create_tensor: loading tensor blk.16.attn_q.weight
create_tensor: loading tensor blk.16.attn_k.weight
create_tensor: loading tensor blk.16.attn_v.weight
create_tensor: loading tensor blk.16.attn_q.bias
create_tensor: loading tensor blk.16.attn_k.bias
create_tensor: loading tensor blk.16.attn_v.bias
create_tensor: loading tensor blk.16.attn_output.weight
create_tensor: loading tensor blk.16.ffn_norm.weight
create_tensor: loading tensor blk.16.ffn_gate.weight
create_tensor: loading tensor blk.16.ffn_down.weight
create_tensor: loading tensor blk.16.ffn_up.weight
create_tensor: loading tensor blk.17.attn_norm.weight
create_tensor: loading tensor blk.17.attn_qkv.weight
create_tensor: loading tensor blk.17.attn_q.weight
create_tensor: loading tensor blk.17.attn_k.weight
create_tensor: loading tensor blk.17.attn_v.weight
create_tensor: loading tensor blk.17.attn_q.bias
create_tensor: loading tensor blk.17.attn_k.bias
create_tensor: loading tensor blk.17.attn_v.bias
create_tensor: loading tensor blk.17.attn_output.weight
create_tensor: loading tensor blk.17.ffn_norm.weight
create_tensor: loading tensor blk.17.ffn_gate.weight
create_tensor: loading tensor blk.17.ffn_down.weight
create_tensor: loading tensor blk.17.ffn_up.weight
create_tensor: loading tensor blk.18.attn_norm.weight
create_tensor: loading tensor blk.18.attn_qkv.weight
create_tensor: loading tensor blk.18.attn_q.weight
create_tensor: loading tensor blk.18.attn_k.weight
create_tensor: loading tensor blk.18.attn_v.weight
create_tensor: loading tensor blk.18.attn_q.bias
create_tensor: loading tensor blk.18.attn_k.bias
create_tensor: loading tensor blk.18.attn_v.bias
create_tensor: loading tensor blk.18.attn_output.weight
create_tensor: loading tensor blk.18.ffn_norm.weight
create_tensor: loading tensor blk.18.ffn_gate.weight
create_tensor: loading tensor blk.18.ffn_down.weight
create_tensor: loading tensor blk.18.ffn_up.weight
create_tensor: loading tensor blk.19.attn_norm.weight
create_tensor: loading tensor blk.19.attn_qkv.weight
create_tensor: loading tensor blk.19.attn_q.weight
create_tensor: loading tensor blk.19.attn_k.weight
create_tensor: loading tensor blk.19.attn_v.weight
create_tensor: loading tensor blk.19.attn_q.bias
create_tensor: loading tensor blk.19.attn_k.bias
create_tensor: loading tensor blk.19.attn_v.bias
create_tensor: loading tensor blk.19.attn_output.weight
create_tensor: loading tensor blk.19.ffn_norm.weight
create_tensor: loading tensor blk.19.ffn_gate.weight
create_tensor: loading tensor blk.19.ffn_down.weight
create_tensor: loading tensor blk.19.ffn_up.weight
create_tensor: loading tensor blk.20.attn_norm.weight
create_tensor: loading tensor blk.20.attn_qkv.weight
create_tensor: loading tensor blk.20.attn_q.weight
create_tensor: loading tensor blk.20.attn_k.weight
create_tensor: loading tensor blk.20.attn_v.weight
create_tensor: loading tensor blk.20.attn_q.bias
create_tensor: loading tensor blk.20.attn_k.bias
create_tensor: loading tensor blk.20.attn_v.bias
create_tensor: loading tensor blk.20.attn_output.weight
create_tensor: loading tensor blk.20.ffn_norm.weight
create_tensor: loading tensor blk.20.ffn_gate.weight
create_tensor: loading tensor blk.20.ffn_down.weight
create_tensor: loading tensor blk.20.ffn_up.weight
create_tensor: loading tensor blk.21.attn_norm.weight
create_tensor: loading tensor blk.21.attn_qkv.weight
create_tensor: loading tensor blk.21.attn_q.weight
create_tensor: loading tensor blk.21.attn_k.weight
create_tensor: loading tensor blk.21.attn_v.weight
create_tensor: loading tensor blk.21.attn_q.bias
create_tensor: loading tensor blk.21.attn_k.bias
create_tensor: loading tensor blk.21.attn_v.bias
create_tensor: loading tensor blk.21.attn_output.weight
create_tensor: loading tensor blk.21.ffn_norm.weight
create_tensor: loading tensor blk.21.ffn_gate.weight
create_tensor: loading tensor blk.21.ffn_down.weight
create_tensor: loading tensor blk.21.ffn_up.weight
create_tensor: loading tensor blk.22.attn_norm.weight
create_tensor: loading tensor blk.22.attn_qkv.weight
create_tensor: loading tensor blk.22.attn_q.weight
create_tensor: loading tensor blk.22.attn_k.weight
create_tensor: loading tensor blk.22.attn_v.weight
create_tensor: loading tensor blk.22.attn_q.bias
create_tensor: loading tensor blk.22.attn_k.bias
create_tensor: loading tensor blk.22.attn_v.bias
create_tensor: loading tensor blk.22.attn_output.weight
create_tensor: loading tensor blk.22.ffn_norm.weight
create_tensor: loading tensor blk.22.ffn_gate.weight
create_tensor: loading tensor blk.22.ffn_down.weight
create_tensor: loading tensor blk.22.ffn_up.weight
create_tensor: loading tensor blk.23.attn_norm.weight
create_tensor: loading tensor blk.23.attn_qkv.weight
create_tensor: loading tensor blk.23.attn_q.weight
create_tensor: loading tensor blk.23.attn_k.weight
create_tensor: loading tensor blk.23.attn_v.weight
create_tensor: loading tensor blk.23.attn_q.bias
create_tensor: loading tensor blk.23.attn_k.bias
create_tensor: loading tensor blk.23.attn_v.bias
create_tensor: loading tensor blk.23.attn_output.weight
create_tensor: loading tensor blk.23.ffn_norm.weight
create_tensor: loading tensor blk.23.ffn_gate.weight
create_tensor: loading tensor blk.23.ffn_down.weight
create_tensor: loading tensor blk.23.ffn_up.weight
create_tensor: loading tensor blk.0.attn_q.scale
create_tensor: loading tensor blk.0.attn_k.scale
create_tensor: loading tensor blk.0.attn_v.scale
create_tensor: loading tensor blk.0.attn_output.scale
create_tensor: loading tensor blk.0.ffn_gate.scale
create_tensor: loading tensor blk.0.ffn_down.scale
create_tensor: loading tensor blk.0.ffn_up.scale
create_tensor: loading tensor blk.0.attn_q.input_scale
create_tensor: loading tensor blk.0.attn_k.input_scale
create_tensor: loading tensor blk.0.attn_v.input_scale
create_tensor: loading tensor blk.0.attn_output.input_scale
create_tensor: loading tensor blk.0.ffn_gate.input_scale
create_tensor: loading tensor blk.0.ffn_down.input_scale
create_tensor: loading tensor blk.0.ffn_up.input_scale
create_tensor: loading tensor blk.1.attn_q.scale
create_tensor: loading tensor blk.1.attn_k.scale
create_tensor: loading tensor blk.1.attn_v.scale
create_tensor: loading tensor blk.1.attn_output.scale
create_tensor: loading tensor blk.1.ffn_gate.scale
create_tensor: loading tensor blk.1.ffn_down.scale
create_tensor: loading tensor blk.1.ffn_up.scale
create_tensor: loading tensor blk.1.attn_q.input_scale
create_tensor: loading tensor blk.1.attn_k.input_scale
create_tensor: loading tensor blk.1.attn_v.input_scale
create_tensor: loading tensor blk.1.attn_output.input_scale
create_tensor: loading tensor blk.1.ffn_gate.input_scale
create_tensor: loading tensor blk.1.ffn_down.input_scale
create_tensor: loading tensor blk.1.ffn_up.input_scale
create_tensor: loading tensor blk.2.attn_q.scale
create_tensor: loading tensor blk.2.attn_k.scale
create_tensor: loading tensor blk.2.attn_v.scale
create_tensor: loading tensor blk.2.attn_output.scale
create_tensor: loading tensor blk.2.ffn_gate.scale
create_tensor: loading tensor blk.2.ffn_down.scale
create_tensor: loading tensor blk.2.ffn_up.scale
create_tensor: loading tensor blk.2.attn_q.input_scale
create_tensor: loading tensor blk.2.attn_k.input_scale
create_tensor: loading tensor blk.2.attn_v.input_scale
create_tensor: loading tensor blk.2.attn_output.input_scale
create_tensor: loading tensor blk.2.ffn_gate.input_scale
create_tensor: loading tensor blk.2.ffn_down.input_scale
create_tensor: loading tensor blk.2.ffn_up.input_scale
create_tensor: loading tensor blk.3.attn_q.scale
create_tensor: loading tensor blk.3.attn_k.scale
create_tensor: loading tensor blk.3.attn_v.scale
create_tensor: loading tensor blk.3.attn_output.scale
create_tensor: loading tensor blk.3.ffn_gate.scale
create_tensor: loading tensor blk.3.ffn_down.scale
create_tensor: loading tensor blk.3.ffn_up.scale
create_tensor: loading tensor blk.3.attn_q.input_scale
create_tensor: loading tensor blk.3.attn_k.input_scale
create_tensor: loading tensor blk.3.attn_v.input_scale
create_tensor: loading tensor blk.3.attn_output.input_scale
create_tensor: loading tensor blk.3.ffn_gate.input_scale
create_tensor: loading tensor blk.3.ffn_down.input_scale
create_tensor: loading tensor blk.3.ffn_up.input_scale
create_tensor: loading tensor blk.4.attn_q.scale
create_tensor: loading tensor blk.4.attn_k.scale
create_tensor: loading tensor blk.4.attn_v.scale
create_tensor: loading tensor blk.4.attn_output.scale
create_tensor: loading tensor blk.4.ffn_gate.scale
create_tensor: loading tensor blk.4.ffn_down.scale
create_tensor: loading tensor blk.4.ffn_up.scale
create_tensor: loading tensor blk.4.attn_q.input_scale
create_tensor: loading tensor blk.4.attn_k.input_scale
create_tensor: loading tensor blk.4.attn_v.input_scale
create_tensor: loading tensor blk.4.attn_output.input_scale
create_tensor: loading tensor blk.4.ffn_gate.input_scale
create_tensor: loading tensor blk.4.ffn_down.input_scale
create_tensor: loading tensor blk.4.ffn_up.input_scale
create_tensor: loading tensor blk.5.attn_q.scale
create_tensor: loading tensor blk.5.attn_k.scale
create_tensor: loading tensor blk.5.attn_v.scale
create_tensor: loading tensor blk.5.attn_output.scale
create_tensor: loading tensor blk.5.ffn_gate.scale
create_tensor: loading tensor blk.5.ffn_down.scale
create_tensor: loading tensor blk.5.ffn_up.scale
create_tensor: loading tensor blk.5.attn_q.input_scale
create_tensor: loading tensor blk.5.attn_k.input_scale
create_tensor: loading tensor blk.5.attn_v.input_scale
create_tensor: loading tensor blk.5.attn_output.input_scale
create_tensor: loading tensor blk.5.ffn_gate.input_scale
create_tensor: loading tensor blk.5.ffn_down.input_scale
create_tensor: loading tensor blk.5.ffn_up.input_scale
create_tensor: loading tensor blk.6.attn_q.scale
create_tensor: loading tensor blk.6.attn_k.scale
create_tensor: loading tensor blk.6.attn_v.scale
create_tensor: loading tensor blk.6.attn_output.scale
create_tensor: loading tensor blk.6.ffn_gate.scale
create_tensor: loading tensor blk.6.ffn_down.scale
create_tensor: loading tensor blk.6.ffn_up.scale
create_tensor: loading tensor blk.6.attn_q.input_scale
create_tensor: loading tensor blk.6.attn_k.input_scale
create_tensor: loading tensor blk.6.attn_v.input_scale
create_tensor: loading tensor blk.6.attn_output.input_scale
create_tensor: loading tensor blk.6.ffn_gate.input_scale
create_tensor: loading tensor blk.6.ffn_down.input_scale
create_tensor: loading tensor blk.6.ffn_up.input_scale
create_tensor: loading tensor blk.7.attn_q.scale
create_tensor: loading tensor blk.7.attn_k.scale
create_tensor: loading tensor blk.7.attn_v.scale
create_tensor: loading tensor blk.7.attn_output.scale
create_tensor: loading tensor blk.7.ffn_gate.scale
create_tensor: loading tensor blk.7.ffn_down.scale
create_tensor: loading tensor blk.7.ffn_up.scale
create_tensor: loading tensor blk.7.attn_q.input_scale
create_tensor: loading tensor blk.7.attn_k.input_scale
create_tensor: loading tensor blk.7.attn_v.input_scale
create_tensor: loading tensor blk.7.attn_output.input_scale
create_tensor: loading tensor blk.7.ffn_gate.input_scale
create_tensor: loading tensor blk.7.ffn_down.input_scale
create_tensor: loading tensor blk.7.ffn_up.input_scale
create_tensor: loading tensor blk.8.attn_q.scale
create_tensor: loading tensor blk.8.attn_k.scale
create_tensor: loading tensor blk.8.attn_v.scale
create_tensor: loading tensor blk.8.attn_output.scale
create_tensor: loading tensor blk.8.ffn_gate.scale
create_tensor: loading tensor blk.8.ffn_down.scale
create_tensor: loading tensor blk.8.ffn_up.scale
create_tensor: loading tensor blk.8.attn_q.input_scale
create_tensor: loading tensor blk.8.attn_k.input_scale
create_tensor: loading tensor blk.8.attn_v.input_scale
create_tensor: loading tensor blk.8.attn_output.input_scale
create_tensor: loading tensor blk.8.ffn_gate.input_scale
create_tensor: loading tensor blk.8.ffn_down.input_scale
create_tensor: loading tensor blk.8.ffn_up.input_scale
create_tensor: loading tensor blk.9.attn_q.scale
create_tensor: loading tensor blk.9.attn_k.scale
create_tensor: loading tensor blk.9.attn_v.scale
create_tensor: loading tensor blk.9.attn_output.scale
create_tensor: loading tensor blk.9.ffn_gate.scale
create_tensor: loading tensor blk.9.ffn_down.scale
create_tensor: loading tensor blk.9.ffn_up.scale
create_tensor: loading tensor blk.9.attn_q.input_scale
create_tensor: loading tensor blk.9.attn_k.input_scale
create_tensor: loading tensor blk.9.attn_v.input_scale
create_tensor: loading tensor blk.9.attn_output.input_scale
create_tensor: loading tensor blk.9.ffn_gate.input_scale
create_tensor: loading tensor blk.9.ffn_down.input_scale
create_tensor: loading tensor blk.9.ffn_up.input_scale
create_tensor: loading tensor blk.10.attn_q.scale
create_tensor: loading tensor blk.10.attn_k.scale
create_tensor: loading tensor blk.10.attn_v.scale
create_tensor: loading tensor blk.10.attn_output.scale
create_tensor: loading tensor blk.10.ffn_gate.scale
create_tensor: loading tensor blk.10.ffn_down.scale
create_tensor: loading tensor blk.10.ffn_up.scale
create_tensor: loading tensor blk.10.attn_q.input_scale
create_tensor: loading tensor blk.10.attn_k.input_scale
create_tensor: loading tensor blk.10.attn_v.input_scale
create_tensor: loading tensor blk.10.attn_output.input_scale
create_tensor: loading tensor blk.10.ffn_gate.input_scale
create_tensor: loading tensor blk.10.ffn_down.input_scale
create_tensor: loading tensor blk.10.ffn_up.input_scale
create_tensor: loading tensor blk.11.attn_q.scale
create_tensor: loading tensor blk.11.attn_k.scale
create_tensor: loading tensor blk.11.attn_v.scale
create_tensor: loading tensor blk.11.attn_output.scale
create_tensor: loading tensor blk.11.ffn_gate.scale
create_tensor: loading tensor blk.11.ffn_down.scale
create_tensor: loading tensor blk.11.ffn_up.scale
create_tensor: loading tensor blk.11.attn_q.input_scale
create_tensor: loading tensor blk.11.attn_k.input_scale
create_tensor: loading tensor blk.11.attn_v.input_scale
create_tensor: loading tensor blk.11.attn_output.input_scale
create_tensor: loading tensor blk.11.ffn_gate.input_scale
create_tensor: loading tensor blk.11.ffn_down.input_scale
create_tensor: loading tensor blk.11.ffn_up.input_scale
create_tensor: loading tensor blk.12.attn_q.scale
create_tensor: loading tensor blk.12.attn_k.scale
create_tensor: loading tensor blk.12.attn_v.scale
create_tensor: loading tensor blk.12.attn_output.scale
create_tensor: loading tensor blk.12.ffn_gate.scale
create_tensor: loading tensor blk.12.ffn_down.scale
create_tensor: loading tensor blk.12.ffn_up.scale
create_tensor: loading tensor blk.12.attn_q.input_scale
create_tensor: loading tensor blk.12.attn_k.input_scale
create_tensor: loading tensor blk.12.attn_v.input_scale
create_tensor: loading tensor blk.12.attn_output.input_scale
create_tensor: loading tensor blk.12.ffn_gate.input_scale
create_tensor: loading tensor blk.12.ffn_down.input_scale
create_tensor: loading tensor blk.12.ffn_up.input_scale
create_tensor: loading tensor blk.13.attn_q.scale
create_tensor: loading tensor blk.13.attn_k.scale
create_tensor: loading tensor blk.13.attn_v.scale
create_tensor: loading tensor blk.13.attn_output.scale
create_tensor: loading tensor blk.13.ffn_gate.scale
create_tensor: loading tensor blk.13.ffn_down.scale
create_tensor: loading tensor blk.13.ffn_up.scale
create_tensor: loading tensor blk.13.attn_q.input_scale
create_tensor: loading tensor blk.13.attn_k.input_scale
create_tensor: loading tensor blk.13.attn_v.input_scale
create_tensor: loading tensor blk.13.attn_output.input_scale
create_tensor: loading tensor blk.13.ffn_gate.input_scale
create_tensor: loading tensor blk.13.ffn_down.input_scale
create_tensor: loading tensor blk.13.ffn_up.input_scale
create_tensor: loading tensor blk.14.attn_q.scale
create_tensor: loading tensor blk.14.attn_k.scale
create_tensor: loading tensor blk.14.attn_v.scale
create_tensor: loading tensor blk.14.attn_output.scale
create_tensor: loading tensor blk.14.ffn_gate.scale
create_tensor: loading tensor blk.14.ffn_down.scale
create_tensor: loading tensor blk.14.ffn_up.scale
create_tensor: loading tensor blk.14.attn_q.input_scale
create_tensor: loading tensor blk.14.attn_k.input_scale
create_tensor: loading tensor blk.14.attn_v.input_scale
create_tensor: loading tensor blk.14.attn_output.input_scale
create_tensor: loading tensor blk.14.ffn_gate.input_scale
create_tensor: loading tensor blk.14.ffn_down.input_scale
create_tensor: loading tensor blk.14.ffn_up.input_scale
create_tensor: loading tensor blk.15.attn_q.scale
create_tensor: loading tensor blk.15.attn_k.scale
create_tensor: loading tensor blk.15.attn_v.scale
create_tensor: loading tensor blk.15.attn_output.scale
create_tensor: loading tensor blk.15.ffn_gate.scale
create_tensor: loading tensor blk.15.ffn_down.scale
create_tensor: loading tensor blk.15.ffn_up.scale
create_tensor: loading tensor blk.15.attn_q.input_scale
create_tensor: loading tensor blk.15.attn_k.input_scale
create_tensor: loading tensor blk.15.attn_v.input_scale
create_tensor: loading tensor blk.15.attn_output.input_scale
create_tensor: loading tensor blk.15.ffn_gate.input_scale
create_tensor: loading tensor blk.15.ffn_down.input_scale
create_tensor: loading tensor blk.15.ffn_up.input_scale
create_tensor: loading tensor blk.16.attn_q.scale
create_tensor: loading tensor blk.16.attn_k.scale
create_tensor: loading tensor blk.16.attn_v.scale
create_tensor: loading tensor blk.16.attn_output.scale
create_tensor: loading tensor blk.16.ffn_gate.scale
create_tensor: loading tensor blk.16.ffn_down.scale
create_tensor: loading tensor blk.16.ffn_up.scale
create_tensor: loading tensor blk.16.attn_q.input_scale
create_tensor: loading tensor blk.16.attn_k.input_scale
create_tensor: loading tensor blk.16.attn_v.input_scale
create_tensor: loading tensor blk.16.attn_output.input_scale
create_tensor: loading tensor blk.16.ffn_gate.input_scale
create_tensor: loading tensor blk.16.ffn_down.input_scale
create_tensor: loading tensor blk.16.ffn_up.input_scale
create_tensor: loading tensor blk.17.attn_q.scale
create_tensor: loading tensor blk.17.attn_k.scale
create_tensor: loading tensor blk.17.attn_v.scale
create_tensor: loading tensor blk.17.attn_output.scale
create_tensor: loading tensor blk.17.ffn_gate.scale
create_tensor: loading tensor blk.17.ffn_down.scale
create_tensor: loading tensor blk.17.ffn_up.scale
create_tensor: loading tensor blk.17.attn_q.input_scale
create_tensor: loading tensor blk.17.attn_k.input_scale
create_tensor: loading tensor blk.17.attn_v.input_scale
create_tensor: loading tensor blk.17.attn_output.input_scale
create_tensor: loading tensor blk.17.ffn_gate.input_scale
create_tensor: loading tensor blk.17.ffn_down.input_scale
create_tensor: loading tensor blk.17.ffn_up.input_scale
create_tensor: loading tensor blk.18.attn_q.scale
create_tensor: loading tensor blk.18.attn_k.scale
create_tensor: loading tensor blk.18.attn_v.scale
create_tensor: loading tensor blk.18.attn_output.scale
create_tensor: loading tensor blk.18.ffn_gate.scale
create_tensor: loading tensor blk.18.ffn_down.scale
create_tensor: loading tensor blk.18.ffn_up.scale
create_tensor: loading tensor blk.18.attn_q.input_scale
create_tensor: loading tensor blk.18.attn_k.input_scale
create_tensor: loading tensor blk.18.attn_v.input_scale
create_tensor: loading tensor blk.18.attn_output.input_scale
create_tensor: loading tensor blk.18.ffn_gate.input_scale
create_tensor: loading tensor blk.18.ffn_down.input_scale
create_tensor: loading tensor blk.18.ffn_up.input_scale
create_tensor: loading tensor blk.19.attn_q.scale
create_tensor: loading tensor blk.19.attn_k.scale
create_tensor: loading tensor blk.19.attn_v.scale
create_tensor: loading tensor blk.19.attn_output.scale
create_tensor: loading tensor blk.19.ffn_gate.scale
create_tensor: loading tensor blk.19.ffn_down.scale
create_tensor: loading tensor blk.19.ffn_up.scale
create_tensor: loading tensor blk.19.attn_q.input_scale
create_tensor: loading tensor blk.19.attn_k.input_scale
create_tensor: loading tensor blk.19.attn_v.input_scale
create_tensor: loading tensor blk.19.attn_output.input_scale
create_tensor: loading tensor blk.19.ffn_gate.input_scale
create_tensor: loading tensor blk.19.ffn_down.input_scale
create_tensor: loading tensor blk.19.ffn_up.input_scale
create_tensor: loading tensor blk.20.attn_q.scale
create_tensor: loading tensor blk.20.attn_k.scale
create_tensor: loading tensor blk.20.attn_v.scale
create_tensor: loading tensor blk.20.attn_output.scale
create_tensor: loading tensor blk.20.ffn_gate.scale
create_tensor: loading tensor blk.20.ffn_down.scale
create_tensor: loading tensor blk.20.ffn_up.scale
create_tensor: loading tensor blk.20.attn_q.input_scale
create_tensor: loading tensor blk.20.attn_k.input_scale
create_tensor: loading tensor blk.20.attn_v.input_scale
create_tensor: loading tensor blk.20.attn_output.input_scale
create_tensor: loading tensor blk.20.ffn_gate.input_scale
create_tensor: loading tensor blk.20.ffn_down.input_scale
create_tensor: loading tensor blk.20.ffn_up.input_scale
create_tensor: loading tensor blk.21.attn_q.scale
create_tensor: loading tensor blk.21.attn_k.scale
create_tensor: loading tensor blk.21.attn_v.scale
create_tensor: loading tensor blk.21.attn_output.scale
create_tensor: loading tensor blk.21.ffn_gate.scale
create_tensor: loading tensor blk.21.ffn_down.scale
create_tensor: loading tensor blk.21.ffn_up.scale
create_tensor: loading tensor blk.21.attn_q.input_scale
create_tensor: loading tensor blk.21.attn_k.input_scale
create_tensor: loading tensor blk.21.attn_v.input_scale
create_tensor: loading tensor blk.21.attn_output.input_scale
create_tensor: loading tensor blk.21.ffn_gate.input_scale
create_tensor: loading tensor blk.21.ffn_down.input_scale
create_tensor: loading tensor blk.21.ffn_up.input_scale
create_tensor: loading tensor blk.22.attn_q.scale
create_tensor: loading tensor blk.22.attn_k.scale
create_tensor: loading tensor blk.22.attn_v.scale
create_tensor: loading tensor blk.22.attn_output.scale
create_tensor: loading tensor blk.22.ffn_gate.scale
create_tensor: loading tensor blk.22.ffn_down.scale
create_tensor: loading tensor blk.22.ffn_up.scale
create_tensor: loading tensor blk.22.attn_q.input_scale
create_tensor: loading tensor blk.22.attn_k.input_scale
create_tensor: loading tensor blk.22.attn_v.input_scale
create_tensor: loading tensor blk.22.attn_output.input_scale
create_tensor: loading tensor blk.22.ffn_gate.input_scale
create_tensor: loading tensor blk.22.ffn_down.input_scale
create_tensor: loading tensor blk.22.ffn_up.input_scale
create_tensor: loading tensor blk.23.attn_q.scale
create_tensor: loading tensor blk.23.attn_k.scale
create_tensor: loading tensor blk.23.attn_v.scale
create_tensor: loading tensor blk.23.attn_output.scale
create_tensor: loading tensor blk.23.ffn_gate.scale
create_tensor: loading tensor blk.23.ffn_down.scale
create_tensor: loading tensor blk.23.ffn_up.scale
create_tensor: loading tensor blk.23.attn_q.input_scale
create_tensor: loading tensor blk.23.attn_k.input_scale
create_tensor: loading tensor blk.23.attn_v.input_scale
create_tensor: loading tensor blk.23.attn_output.input_scale
create_tensor: loading tensor blk.23.ffn_gate.input_scale
create_tensor: loading tensor blk.23.ffn_down.input_scale
create_tensor: loading tensor blk.23.ffn_up.input_scale
done_getting_tensors: tensor 'token_embd.weight' (q5_1) (and 0 others) cannot be used with preferred buffer type CPU_REPACK, using CPU instead
ggml_metal_log_allocated_size: allocated buffer, size =   492.33 MiB, (  492.77 / 24576.00)
load_tensors: offloading output layer to GPU
load_tensors: offloading 23 repeating layers to GPU
load_tensors: offloaded 25/25 layers to GPU
load_tensors:   CPU_Mapped model buffer size =    97.37 MiB
load_tensors:  MTL0_Mapped model buffer size =   492.32 MiB
.......................................................
llama_context: constructing llama_context
llama_context: n_seq_max             = 1
llama_context: n_ctx                 = 4096
llama_context: n_ctx_seq             = 4096
llama_context: n_batch               = 2048
llama_context: n_ubatch              = 512
llama_context: causal_attn           = 1
llama_context: flash_attn            = enabled
llama_context: kv_unified            = false
llama_context: freq_base             = 1000000.0
llama_context: freq_scale            = 1
llama_context: n_rs_seq              = 0
llama_context: n_outputs_max         = 2048
llama_context: n_outputs_max_per_seq = 1
llama_context: n_ctx_seq (4096) < n_ctx_train (32768) -- the full capacity of the model will not be utilized
ggml_metal_init: allocating
ggml_metal_init: found device: Apple M5
ggml_metal_init: picking default device: Apple M5
ggml_metal_init: use fusion         = true
ggml_metal_init: use concurrency    = true
ggml_metal_init: use graph optimize = true
set_abort_callback: call
llama_context:        CPU  output buffer size =     0.58 MiB
llama_kv_cache: layer   0: dev = MTL0
llama_kv_cache: layer   1: dev = MTL0
llama_kv_cache: layer   2: dev = MTL0
llama_kv_cache: layer   3: dev = MTL0
llama_kv_cache: layer   4: dev = MTL0
llama_kv_cache: layer   5: dev = MTL0
llama_kv_cache: layer   6: dev = MTL0
llama_kv_cache: layer   7: dev = MTL0
llama_kv_cache: layer   8: dev = MTL0
llama_kv_cache: layer   9: dev = MTL0
llama_kv_cache: layer  10: dev = MTL0
llama_kv_cache: layer  11: dev = MTL0
llama_kv_cache: layer  12: dev = MTL0
llama_kv_cache: layer  13: dev = MTL0
llama_kv_cache: layer  14: dev = MTL0
llama_kv_cache: layer  15: dev = MTL0
llama_kv_cache: layer  16: dev = MTL0
llama_kv_cache: layer  17: dev = MTL0
llama_kv_cache: layer  18: dev = MTL0
llama_kv_cache: layer  19: dev = MTL0
llama_kv_cache: layer  20: dev = MTL0
llama_kv_cache: layer  21: dev = MTL0
llama_kv_cache: layer  22: dev = MTL0
llama_kv_cache: layer  23: dev = MTL0
llama_kv_cache:       MTL0 KV buffer size =    48.00 MiB
llama_kv_cache: size =   48.00 MiB (  4096 cells,  24 layers,  1/1 seqs), K (bf16):   24.00 MiB, V (bf16):   24.00 MiB
llama_kv_cache: attn_rot_k = 0, n_embd_head_k_all = 64
llama_kv_cache: attn_rot_v = 0, n_embd_head_k_all = 64
llama_context: enumerating backends
llama_context: backend_ptrs.size() = 3
sched_reserve: reserving ...
sched_reserve: max_nodes = 2328
sched_reserve: reserving full memory module
sched_reserve: worst-case: n_tokens = 512, n_seqs = 1, n_outputs = 1
resolve_fused_ops: resolving fused DeepSeek V4 HC support:
graph_reserve: reserving a graph for ubatch with n_tokens =    1, n_seqs =  1, n_outputs =    1
llama_graph_n_input_tensors: input tensor '                         out_ids' [i32, ne = {     1,     1,     1,     1 }] is used by node 'node_809' (GET_ROWS)
llama_graph_n_input_tensors: input tensor '                         out_ids' [i32, ne = {     1,     1,     1,     1 }] is used by node 'node_810' (GET_ROWS)
llama_graph_n_input_tensors: input tensor '                      inp_tokens' [i32, ne = {     1,     1,     1,     1 }] is used by node 'embd' (GET_ROWS)
llama_graph_n_input_tensors: input tensor '                         inp_pos' [i32, ne = {     1,     1,     1,     1 }] is used by node 'Qcur-0' (ROPE)
llama_graph_n_input_tensors: input tensor '                         inp_pos' [i32, ne = {     1,     1,     1,     1 }] is used by node 'Kcur-0' (ROPE)
llama_graph_n_input_tensors: input tensor '                         inp_pos' [i32, ne = {     1,     1,     1,     1 }] is used by node 'Qcur-1' (ROPE)
llama_graph_n_input_tensors: input tensor '                         inp_pos' [i32, ne = {     1,     1,     1,     1 }] is used by node 'Kcur-1' (ROPE)
llama_graph_n_input_tensors: input tensor '                         inp_pos' [i32, ne = {     1,     1,     1,     1 }] is used by node 'Qcur-2' (ROPE)
llama_graph_n_input_tensors: input tensor '                         inp_pos' [i32, ne = {     1,     1,     1,     1 }] is used by node 'Kcur-2' (ROPE)
llama_graph_n_input_tensors: input tensor '                         inp_pos' [i32, ne = {     1,     1,     1,     1 }] is used by node 'Qcur-3' (ROPE)
llama_graph_n_input_tensors: input tensor '                         inp_pos' [i32, ne = {     1,     1,     1,     1 }] is used by node 'Kcur-3' (ROPE)
llama_graph_n_input_tensors: input tensor '                         inp_pos' [i32, ne = {     1,     1,     1,     1 }] is used by node 'Qcur-4' (ROPE)
llama_graph_n_input_tensors: input tensor '                         inp_pos' [i32, ne = {     1,     1,     1,     1 }] is used by node 'Kcur-4' (ROPE)
llama_graph_n_input_tensors: input tensor '                         inp_pos' [i32, ne = {     1,     1,     1,     1 }] is used by node 'Qcur-5' (ROPE)
llama_graph_n_input_tensors: input tensor '                         inp_pos' [i32, ne = {     1,     1,     1,     1 }] is used by node 'Kcur-5' (ROPE)
llama_graph_n_input_tensors: input tensor '                         inp_pos' [i32, ne = {     1,     1,     1,     1 }] is used by node 'Qcur-6' (ROPE)
llama_graph_n_input_tensors: input tensor '                         inp_pos' [i32, ne = {     1,     1,     1,     1 }] is used by node 'Kcur-6' (ROPE)
llama_graph_n_input_tensors: input tensor '                         inp_pos' [i32, ne = {     1,     1,     1,     1 }] is used by node 'Qcur-7' (ROPE)
llama_graph_n_input_tensors: input tensor '                         inp_pos' [i32, ne = {     1,     1,     1,     1 }] is used by node 'Kcur-7' (ROPE)
llama_graph_n_input_tensors: input tensor '                         inp_pos' [i32, ne = {     1,     1,     1,     1 }] is used by node 'Qcur-8' (ROPE)
llama_graph_n_input_tensors: input tensor '                         inp_pos' [i32, ne = {     1,     1,     1,     1 }] is used by node 'Kcur-8' (ROPE)
llama_graph_n_input_tensors: input tensor '                         inp_pos' [i32, ne = {     1,     1,     1,     1 }] is used by node 'Qcur-9' (ROPE)
llama_graph_n_input_tensors: input tensor '                         inp_pos' [i32, ne = {     1,     1,     1,     1 }] is used by node 'Kcur-9' (ROPE)
llama_graph_n_input_tensors: input tensor '                         inp_pos' [i32, ne = {     1,     1,     1,     1 }] is used by node 'Qcur-10' (ROPE)
llama_graph_n_input_tensors: input tensor '                         inp_pos' [i32, ne = {     1,     1,     1,     1 }] is used by node 'Kcur-10' (ROPE)
llama_graph_n_input_tensors: input tensor '                         inp_pos' [i32, ne = {     1,     1,     1,     1 }] is used by node 'Qcur-11' (ROPE)
llama_graph_n_input_tensors: input tensor '                         inp_pos' [i32, ne = {     1,     1,     1,     1 }] is used by node 'Kcur-11' (ROPE)
llama_graph_n_input_tensors: input tensor '                         inp_pos' [i32, ne = {     1,     1,     1,     1 }] is used by node 'Qcur-12' (ROPE)
llama_graph_n_input_tensors: input tensor '                         inp_pos' [i32, ne = {     1,     1,     1,     1 }] is used by node 'Kcur-12' (ROPE)
llama_graph_n_input_tensors: input tensor '                         inp_pos' [i32, ne = {     1,     1,     1,     1 }] is used by node 'Qcur-13' (ROPE)
llama_graph_n_input_tensors: input tensor '                         inp_pos' [i32, ne = {     1,     1,     1,     1 }] is used by node 'Kcur-13' (ROPE)
llama_graph_n_input_tensors: input tensor '                         inp_pos' [i32, ne = {     1,     1,     1,     1 }] is used by node 'Qcur-14' (ROPE)
llama_graph_n_input_tensors: input tensor '                         inp_pos' [i32, ne = {     1,     1,     1,     1 }] is used by node 'Kcur-14' (ROPE)
llama_graph_n_input_tensors: input tensor '                         inp_pos' [i32, ne = {     1,     1,     1,     1 }] is used by node 'Qcur-15' (ROPE)
llama_graph_n_input_tensors: input tensor '                         inp_pos' [i32, ne = {     1,     1,     1,     1 }] is used by node 'Kcur-15' (ROPE)
llama_graph_n_input_tensors: input tensor '                         inp_pos' [i32, ne = {     1,     1,     1,     1 }] is used by node 'Qcur-16' (ROPE)
llama_graph_n_input_tensors: input tensor '                         inp_pos' [i32, ne = {     1,     1,     1,     1 }] is used by node 'Kcur-16' (ROPE)
llama_graph_n_input_tensors: input tensor '                         inp_pos' [i32, ne = {     1,     1,     1,     1 }] is used by node 'Qcur-17' (ROPE)
llama_graph_n_input_tensors: input tensor '                         inp_pos' [i32, ne = {     1,     1,     1,     1 }] is used by node 'Kcur-17' (ROPE)
llama_graph_n_input_tensors: input tensor '                         inp_pos' [i32, ne = {     1,     1,     1,     1 }] is used by node 'Qcur-18' (ROPE)
llama_graph_n_input_tensors: input tensor '                         inp_pos' [i32, ne = {     1,     1,     1,     1 }] is used by node 'Kcur-18' (ROPE)
llama_graph_n_input_tensors: input tensor '                         inp_pos' [i32, ne = {     1,     1,     1,     1 }] is used by node 'Qcur-19' (ROPE)
llama_graph_n_input_tensors: input tensor '                         inp_pos' [i32, ne = {     1,     1,     1,     1 }] is used by node 'Kcur-19' (ROPE)
llama_graph_n_input_tensors: input tensor '                         inp_pos' [i32, ne = {     1,     1,     1,     1 }] is used by node 'Qcur-20' (ROPE)
llama_graph_n_input_tensors: input tensor '                         inp_pos' [i32, ne = {     1,     1,     1,     1 }] is used by node 'Kcur-20' (ROPE)
llama_graph_n_input_tensors: input tensor '                         inp_pos' [i32, ne = {     1,     1,     1,     1 }] is used by node 'Qcur-21' (ROPE)
llama_graph_n_input_tensors: input tensor '                         inp_pos' [i32, ne = {     1,     1,     1,     1 }] is used by node 'Kcur-21' (ROPE)
llama_graph_n_input_tensors: input tensor '                         inp_pos' [i32, ne = {     1,     1,     1,     1 }] is used by node 'Qcur-22' (ROPE)
llama_graph_n_input_tensors: input tensor '                         inp_pos' [i32, ne = {     1,     1,     1,     1 }] is used by node 'Kcur-22' (ROPE)
llama_graph_n_input_tensors: input tensor '                         inp_pos' [i32, ne = {     1,     1,     1,     1 }] is used by node 'Qcur-23' (ROPE)
llama_graph_n_input_tensors: input tensor '                         inp_pos' [i32, ne = {     1,     1,     1,     1 }] is used by node 'Kcur-23' (ROPE)
llama_graph_n_input_tensors: input tensor '                 attn_inp_v_idxs' [i64, ne = {     1,     1,     1,     1 }] is used by node 'cache_v_l0 (view)' (SET_ROWS)
llama_graph_n_input_tensors: input tensor '                 attn_inp_v_idxs' [i64, ne = {     1,     1,     1,     1 }] is used by node 'cache_v_l1 (view)' (SET_ROWS)
llama_graph_n_input_tensors: input tensor '                 attn_inp_v_idxs' [i64, ne = {     1,     1,     1,     1 }] is used by node 'cache_v_l2 (view)' (SET_ROWS)
llama_graph_n_input_tensors: input tensor '                 attn_inp_v_idxs' [i64, ne = {     1,     1,     1,     1 }] is used by node 'cache_v_l3 (view)' (SET_ROWS)
llama_graph_n_input_tensors: input tensor '                 attn_inp_v_idxs' [i64, ne = {     1,     1,     1,     1 }] is used by node 'cache_v_l4 (view)' (SET_ROWS)
llama_graph_n_input_tensors: input tensor '                 attn_inp_v_idxs' [i64, ne = {     1,     1,     1,     1 }] is used by node 'cache_v_l5 (view)' (SET_ROWS)
llama_graph_n_input_tensors: input tensor '                 attn_inp_v_idxs' [i64, ne = {     1,     1,     1,     1 }] is used by node 'cache_v_l6 (view)' (SET_ROWS)
llama_graph_n_input_tensors: input tensor '                 attn_inp_v_idxs' [i64, ne = {     1,     1,     1,     1 }] is used by node 'cache_v_l7 (view)' (SET_ROWS)
llama_graph_n_input_tensors: input tensor '                 attn_inp_v_idxs' [i64, ne = {     1,     1,     1,     1 }] is used by node 'cache_v_l8 (view)' (SET_ROWS)
llama_graph_n_input_tensors: input tensor '                 attn_inp_v_idxs' [i64, ne = {     1,     1,     1,     1 }] is used by node 'cache_v_l9 (view)' (SET_ROWS)
llama_graph_n_input_tensors: input tensor '                 attn_inp_v_idxs' [i64, ne = {     1,     1,     1,     1 }] is used by node 'cache_v_l10 (view)' (SET_ROWS)
llama_graph_n_input_tensors: input tensor '                 attn_inp_v_idxs' [i64, ne = {     1,     1,     1,     1 }] is used by node 'cache_v_l11 (view)' (SET_ROWS)
llama_graph_n_input_tensors: input tensor '                 attn_inp_v_idxs' [i64, ne = {     1,     1,     1,     1 }] is used by node 'cache_v_l12 (view)' (SET_ROWS)
llama_graph_n_input_tensors: input tensor '                 attn_inp_v_idxs' [i64, ne = {     1,     1,     1,     1 }] is used by node 'cache_v_l13 (view)' (SET_ROWS)
llama_graph_n_input_tensors: input tensor '                 attn_inp_v_idxs' [i64, ne = {     1,     1,     1,     1 }] is used by node 'cache_v_l14 (view)' (SET_ROWS)
llama_graph_n_input_tensors: input tensor '                 attn_inp_v_idxs' [i64, ne = {     1,     1,     1,     1 }] is used by node 'cache_v_l15 (view)' (SET_ROWS)
llama_graph_n_input_tensors: input tensor '                 attn_inp_v_idxs' [i64, ne = {     1,     1,     1,     1 }] is used by node 'cache_v_l16 (view)' (SET_ROWS)
llama_graph_n_input_tensors: input tensor '                 attn_inp_v_idxs' [i64, ne = {     1,     1,     1,     1 }] is used by node 'cache_v_l17 (view)' (SET_ROWS)
llama_graph_n_input_tensors: input tensor '                 attn_inp_v_idxs' [i64, ne = {     1,     1,     1,     1 }] is used by node 'cache_v_l18 (view)' (SET_ROWS)
llama_graph_n_input_tensors: input tensor '                 attn_inp_v_idxs' [i64, ne = {     1,     1,     1,     1 }] is used by node 'cache_v_l19 (view)' (SET_ROWS)
llama_graph_n_input_tensors: input tensor '                 attn_inp_v_idxs' [i64, ne = {     1,     1,     1,     1 }] is used by node 'cache_v_l20 (view)' (SET_ROWS)
llama_graph_n_input_tensors: input tensor '                 attn_inp_v_idxs' [i64, ne = {     1,     1,     1,     1 }] is used by node 'cache_v_l21 (view)' (SET_ROWS)
llama_graph_n_input_tensors: input tensor '                 attn_inp_v_idxs' [i64, ne = {     1,     1,     1,     1 }] is used by node 'cache_v_l22 (view)' (SET_ROWS)
llama_graph_n_input_tensors: input tensor '                 attn_inp_v_idxs' [i64, ne = {     1,     1,     1,     1 }] is used by node 'cache_v_l23 (view)' (SET_ROWS)
llama_graph_n_input_tensors: input tensor '                attn_inp_kq_mask' [f16, ne = {  4096,     1,     1,     1 }] is used by node 'node_24' (FLASH_ATTN_EXT)
llama_graph_n_input_tensors: input tensor '                attn_inp_kq_mask' [f16, ne = {  4096,     1,     1,     1 }] is used by node 'node_58' (FLASH_ATTN_EXT)
llama_graph_n_input_tensors: input tensor '                attn_inp_kq_mask' [f16, ne = {  4096,     1,     1,     1 }] is used by node 'node_92' (FLASH_ATTN_EXT)
llama_graph_n_input_tensors: input tensor '                attn_inp_kq_mask' [f16, ne = {  4096,     1,     1,     1 }] is used by node 'node_126' (FLASH_ATTN_EXT)
llama_graph_n_input_tensors: input tensor '                attn_inp_kq_mask' [f16, ne = {  4096,     1,     1,     1 }] is used by node 'node_160' (FLASH_ATTN_EXT)
llama_graph_n_input_tensors: input tensor '                attn_inp_kq_mask' [f16, ne = {  4096,     1,     1,     1 }] is used by node 'node_194' (FLASH_ATTN_EXT)
llama_graph_n_input_tensors: input tensor '                attn_inp_kq_mask' [f16, ne = {  4096,     1,     1,     1 }] is used by node 'node_228' (FLASH_ATTN_EXT)
llama_graph_n_input_tensors: input tensor '                attn_inp_kq_mask' [f16, ne = {  4096,     1,     1,     1 }] is used by node 'node_262' (FLASH_ATTN_EXT)
llama_graph_n_input_tensors: input tensor '                attn_inp_kq_mask' [f16, ne = {  4096,     1,     1,     1 }] is used by node 'node_296' (FLASH_ATTN_EXT)
llama_graph_n_input_tensors: input tensor '                attn_inp_kq_mask' [f16, ne = {  4096,     1,     1,     1 }] is used by node 'node_330' (FLASH_ATTN_EXT)
llama_graph_n_input_tensors: input tensor '                attn_inp_kq_mask' [f16, ne = {  4096,     1,     1,     1 }] is used by node 'node_364' (FLASH_ATTN_EXT)
llama_graph_n_input_tensors: input tensor '                attn_inp_kq_mask' [f16, ne = {  4096,     1,     1,     1 }] is used by node 'node_398' (FLASH_ATTN_EXT)
llama_graph_n_input_tensors: input tensor '                attn_inp_kq_mask' [f16, ne = {  4096,     1,     1,     1 }] is used by node 'node_432' (FLASH_ATTN_EXT)
llama_graph_n_input_tensors: input tensor '                attn_inp_kq_mask' [f16, ne = {  4096,     1,     1,     1 }] is used by node 'node_466' (FLASH_ATTN_EXT)
llama_graph_n_input_tensors: input tensor '                attn_inp_kq_mask' [f16, ne = {  4096,     1,     1,     1 }] is used by node 'node_500' (FLASH_ATTN_EXT)
llama_graph_n_input_tensors: input tensor '                attn_inp_kq_mask' [f16, ne = {  4096,     1,     1,     1 }] is used by node 'node_534' (FLASH_ATTN_EXT)
llama_graph_n_input_tensors: input tensor '                attn_inp_kq_mask' [f16, ne = {  4096,     1,     1,     1 }] is used by node 'node_568' (FLASH_ATTN_EXT)
llama_graph_n_input_tensors: input tensor '                attn_inp_kq_mask' [f16, ne = {  4096,     1,     1,     1 }] is used by node 'node_602' (FLASH_ATTN_EXT)
llama_graph_n_input_tensors: input tensor '                attn_inp_kq_mask' [f16, ne = {  4096,     1,     1,     1 }] is used by node 'node_636' (FLASH_ATTN_EXT)
llama_graph_n_input_tensors: input tensor '                attn_inp_kq_mask' [f16, ne = {  4096,     1,     1,     1 }] is used by node 'node_670' (FLASH_ATTN_EXT)
llama_graph_n_input_tensors: input tensor '                attn_inp_kq_mask' [f16, ne = {  4096,     1,     1,     1 }] is used by node 'node_704' (FLASH_ATTN_EXT)
llama_graph_n_input_tensors: input tensor '                attn_inp_kq_mask' [f16, ne = {  4096,     1,     1,     1 }] is used by node 'node_738' (FLASH_ATTN_EXT)
llama_graph_n_input_tensors: input tensor '                attn_inp_kq_mask' [f16, ne = {  4096,     1,     1,     1 }] is used by node 'node_772' (FLASH_ATTN_EXT)
llama_graph_n_input_tensors: input tensor '                attn_inp_kq_mask' [f16, ne = {  4096,     1,     1,     1 }] is used by node 'node_806' (FLASH_ATTN_EXT)
llama_graph_n_input_tensors: input tensor '                 attn_inp_k_idxs' [i64, ne = {     1,     1,     1,     1 }] is used by node 'cache_k_l0 (view)' (SET_ROWS)
llama_graph_n_input_tensors: input tensor '                 attn_inp_k_idxs' [i64, ne = {     1,     1,     1,     1 }] is used by node 'cache_k_l1 (view)' (SET_ROWS)
llama_graph_n_input_tensors: input tensor '                 attn_inp_k_idxs' [i64, ne = {     1,     1,     1,     1 }] is used by node 'cache_k_l2 (view)' (SET_ROWS)
llama_graph_n_input_tensors: input tensor '                 attn_inp_k_idxs' [i64, ne = {     1,     1,     1,     1 }] is used by node 'cache_k_l3 (view)' (SET_ROWS)
llama_graph_n_input_tensors: input tensor '                 attn_inp_k_idxs' [i64, ne = {     1,     1,     1,     1 }] is used by node 'cache_k_l4 (view)' (SET_ROWS)
llama_graph_n_input_tensors: input tensor '                 attn_inp_k_idxs' [i64, ne = {     1,     1,     1,     1 }] is used by node 'cache_k_l5 (view)' (SET_ROWS)
llama_graph_n_input_tensors: input tensor '                 attn_inp_k_idxs' [i64, ne = {     1,     1,     1,     1 }] is used by node 'cache_k_l6 (view)' (SET_ROWS)
llama_graph_n_input_tensors: input tensor '                 attn_inp_k_idxs' [i64, ne = {     1,     1,     1,     1 }] is used by node 'cache_k_l7 (view)' (SET_ROWS)
llama_graph_n_input_tensors: input tensor '                 attn_inp_k_idxs' [i64, ne = {     1,     1,     1,     1 }] is used by node 'cache_k_l8 (view)' (SET_ROWS)
llama_graph_n_input_tensors: input tensor '                 attn_inp_k_idxs' [i64, ne = {     1,     1,     1,     1 }] is used by node 'cache_k_l9 (view)' (SET_ROWS)
llama_graph_n_input_tensors: input tensor '                 attn_inp_k_idxs' [i64, ne = {     1,     1,     1,     1 }] is used by node 'cache_k_l10 (view)' (SET_ROWS)
llama_graph_n_input_tensors: input tensor '                 attn_inp_k_idxs' [i64, ne = {     1,     1,     1,     1 }] is used by node 'cache_k_l11 (view)' (SET_ROWS)
llama_graph_n_input_tensors: input tensor '                 attn_inp_k_idxs' [i64, ne = {     1,     1,     1,     1 }] is used by node 'cache_k_l12 (view)' (SET_ROWS)
llama_graph_n_input_tensors: input tensor '                 attn_inp_k_idxs' [i64, ne = {     1,     1,     1,     1 }] is used by node 'cache_k_l13 (view)' (SET_ROWS)
llama_graph_n_input_tensors: input tensor '                 attn_inp_k_idxs' [i64, ne = {     1,     1,     1,     1 }] is used by node 'cache_k_l14 (view)' (SET_ROWS)
llama_graph_n_input_tensors: input tensor '                 attn_inp_k_idxs' [i64, ne = {     1,     1,     1,     1 }] is used by node 'cache_k_l15 (view)' (SET_ROWS)
llama_graph_n_input_tensors: input tensor '                 attn_inp_k_idxs' [i64, ne = {     1,     1,     1,     1 }] is used by node 'cache_k_l16 (view)' (SET_ROWS)
llama_graph_n_input_tensors: input tensor '                 attn_inp_k_idxs' [i64, ne = {     1,     1,     1,     1 }] is used by node 'cache_k_l17 (view)' (SET_ROWS)
llama_graph_n_input_tensors: input tensor '                 attn_inp_k_idxs' [i64, ne = {     1,     1,     1,     1 }] is used by node 'cache_k_l18 (view)' (SET_ROWS)
llama_graph_n_input_tensors: input tensor '                 attn_inp_k_idxs' [i64, ne = {     1,     1,     1,     1 }] is used by node 'cache_k_l19 (view)' (SET_ROWS)
llama_graph_n_input_tensors: input tensor '                 attn_inp_k_idxs' [i64, ne = {     1,     1,     1,     1 }] is used by node 'cache_k_l20 (view)' (SET_ROWS)
llama_graph_n_input_tensors: input tensor '                 attn_inp_k_idxs' [i64, ne = {     1,     1,     1,     1 }] is used by node 'cache_k_l21 (view)' (SET_ROWS)
llama_graph_n_input_tensors: input tensor '                 attn_inp_k_idxs' [i64, ne = {     1,     1,     1,     1 }] is used by node 'cache_k_l22 (view)' (SET_ROWS)
llama_graph_n_input_tensors: input tensor '                 attn_inp_k_idxs' [i64, ne = {     1,     1,     1,     1 }] is used by node 'cache_k_l23 (view)' (SET_ROWS)
resolve_fused_ops: fused DeepSeek V4 HC pre enabled
graph_reserve: reserving a graph for ubatch with n_tokens =    1, n_seqs =  1, n_outputs =    1
llama_graph_n_input_tensors: input tensor '                         out_ids' [i32, ne = {     1,     1,     1,     1 }] is used by node 'node_809' (GET_ROWS)
llama_graph_n_input_tensors: input tensor '                         out_ids' [i32, ne = {     1,     1,     1,     1 }] is used by node 'node_810' (GET_ROWS)
llama_graph_n_input_tensors: input tensor '                      inp_tokens' [i32, ne = {     1,     1,     1,     1 }] is used by node 'embd' (GET_ROWS)
llama_graph_n_input_tensors: input tensor '                         inp_pos' [i32, ne = {     1,     1,     1,     1 }] is used by node 'Qcur-0' (ROPE)
llama_graph_n_input_tensors: input tensor '                         inp_pos' [i32, ne = {     1,     1,     1,     1 }] is used by node 'Kcur-0' (ROPE)
llama_graph_n_input_tensors: input tensor '                         inp_pos' [i32, ne = {     1,     1,     1,     1 }] is used by node 'Qcur-1' (ROPE)
llama_graph_n_input_tensors: input tensor '                         inp_pos' [i32, ne = {     1,     1,     1,     1 }] is used by node 'Kcur-1' (ROPE)
llama_graph_n_input_tensors: input tensor '                         inp_pos' [i32, ne = {     1,     1,     1,     1 }] is used by node 'Qcur-2' (ROPE)
llama_graph_n_input_tensors: input tensor '                         inp_pos' [i32, ne = {     1,     1,     1,     1 }] is used by node 'Kcur-2' (ROPE)
llama_graph_n_input_tensors: input tensor '                         inp_pos' [i32, ne = {     1,     1,     1,     1 }] is used by node 'Qcur-3' (ROPE)
llama_graph_n_input_tensors: input tensor '                         inp_pos' [i32, ne = {     1,     1,     1,     1 }] is used by node 'Kcur-3' (ROPE)
llama_graph_n_input_tensors: input tensor '                         inp_pos' [i32, ne = {     1,     1,     1,     1 }] is used by node 'Qcur-4' (ROPE)
llama_graph_n_input_tensors: input tensor '                         inp_pos' [i32, ne = {     1,     1,     1,     1 }] is used by node 'Kcur-4' (ROPE)
llama_graph_n_input_tensors: input tensor '                         inp_pos' [i32, ne = {     1,     1,     1,     1 }] is used by node 'Qcur-5' (ROPE)
llama_graph_n_input_tensors: input tensor '                         inp_pos' [i32, ne = {     1,     1,     1,     1 }] is used by node 'Kcur-5' (ROPE)
llama_graph_n_input_tensors: input tensor '                         inp_pos' [i32, ne = {     1,     1,     1,     1 }] is used by node 'Qcur-6' (ROPE)
llama_graph_n_input_tensors: input tensor '                         inp_pos' [i32, ne = {     1,     1,     1,     1 }] is used by node 'Kcur-6' (ROPE)
llama_graph_n_input_tensors: input tensor '                         inp_pos' [i32, ne = {     1,     1,     1,     1 }] is used by node 'Qcur-7' (ROPE)
llama_graph_n_input_tensors: input tensor '                         inp_pos' [i32, ne = {     1,     1,     1,     1 }] is used by node 'Kcur-7' (ROPE)
llama_graph_n_input_tensors: input tensor '                         inp_pos' [i32, ne = {     1,     1,     1,     1 }] is used by node 'Qcur-8' (ROPE)
llama_graph_n_input_tensors: input tensor '                         inp_pos' [i32, ne = {     1,     1,     1,     1 }] is used by node 'Kcur-8' (ROPE)
llama_graph_n_input_tensors: input tensor '                         inp_pos' [i32, ne = {     1,     1,     1,     1 }] is used by node 'Qcur-9' (ROPE)
llama_graph_n_input_tensors: input tensor '                         inp_pos' [i32, ne = {     1,     1,     1,     1 }] is used by node 'Kcur-9' (ROPE)
llama_graph_n_input_tensors: input tensor '                         inp_pos' [i32, ne = {     1,     1,     1,     1 }] is used by node 'Qcur-10' (ROPE)
llama_graph_n_input_tensors: input tensor '                         inp_pos' [i32, ne = {     1,     1,     1,     1 }] is used by node 'Kcur-10' (ROPE)
llama_graph_n_input_tensors: input tensor '                         inp_pos' [i32, ne = {     1,     1,     1,     1 }] is used by node 'Qcur-11' (ROPE)
llama_graph_n_input_tensors: input tensor '                         inp_pos' [i32, ne = {     1,     1,     1,     1 }] is used by node 'Kcur-11' (ROPE)
llama_graph_n_input_tensors: input tensor '                         inp_pos' [i32, ne = {     1,     1,     1,     1 }] is used by node 'Qcur-12' (ROPE)
llama_graph_n_input_tensors: input tensor '                         inp_pos' [i32, ne = {     1,     1,     1,     1 }] is used by node 'Kcur-12' (ROPE)
llama_graph_n_input_tensors: input tensor '                         inp_pos' [i32, ne = {     1,     1,     1,     1 }] is used by node 'Qcur-13' (ROPE)
llama_graph_n_input_tensors: input tensor '                         inp_pos' [i32, ne = {     1,     1,     1,     1 }] is used by node 'Kcur-13' (ROPE)
llama_graph_n_input_tensors: input tensor '                         inp_pos' [i32, ne = {     1,     1,     1,     1 }] is used by node 'Qcur-14' (ROPE)
llama_graph_n_input_tensors: input tensor '                         inp_pos' [i32, ne = {     1,     1,     1,     1 }] is used by node 'Kcur-14' (ROPE)
llama_graph_n_input_tensors: input tensor '                         inp_pos' [i32, ne = {     1,     1,     1,     1 }] is used by node 'Qcur-15' (ROPE)
llama_graph_n_input_tensors: input tensor '                         inp_pos' [i32, ne = {     1,     1,     1,     1 }] is used by node 'Kcur-15' (ROPE)
llama_graph_n_input_tensors: input tensor '                         inp_pos' [i32, ne = {     1,     1,     1,     1 }] is used by node 'Qcur-16' (ROPE)
llama_graph_n_input_tensors: input tensor '                         inp_pos' [i32, ne = {     1,     1,     1,     1 }] is used by node 'Kcur-16' (ROPE)
llama_graph_n_input_tensors: input tensor '                         inp_pos' [i32, ne = {     1,     1,     1,     1 }] is used by node 'Qcur-17' (ROPE)
llama_graph_n_input_tensors: input tensor '                         inp_pos' [i32, ne = {     1,     1,     1,     1 }] is used by node 'Kcur-17' (ROPE)
llama_graph_n_input_tensors: input tensor '                         inp_pos' [i32, ne = {     1,     1,     1,     1 }] is used by node 'Qcur-18' (ROPE)
llama_graph_n_input_tensors: input tensor '                         inp_pos' [i32, ne = {     1,     1,     1,     1 }] is used by node 'Kcur-18' (ROPE)
llama_graph_n_input_tensors: input tensor '                         inp_pos' [i32, ne = {     1,     1,     1,     1 }] is used by node 'Qcur-19' (ROPE)
llama_graph_n_input_tensors: input tensor '                         inp_pos' [i32, ne = {     1,     1,     1,     1 }] is used by node 'Kcur-19' (ROPE)
llama_graph_n_input_tensors: input tensor '                         inp_pos' [i32, ne = {     1,     1,     1,     1 }] is used by node 'Qcur-20' (ROPE)
llama_graph_n_input_tensors: input tensor '                         inp_pos' [i32, ne = {     1,     1,     1,     1 }] is used by node 'Kcur-20' (ROPE)
llama_graph_n_input_tensors: input tensor '                         inp_pos' [i32, ne = {     1,     1,     1,     1 }] is used by node 'Qcur-21' (ROPE)
llama_graph_n_input_tensors: input tensor '                         inp_pos' [i32, ne = {     1,     1,     1,     1 }] is used by node 'Kcur-21' (ROPE)
llama_graph_n_input_tensors: input tensor '                         inp_pos' [i32, ne = {     1,     1,     1,     1 }] is used by node 'Qcur-22' (ROPE)
llama_graph_n_input_tensors: input tensor '                         inp_pos' [i32, ne = {     1,     1,     1,     1 }] is used by node 'Kcur-22' (ROPE)
llama_graph_n_input_tensors: input tensor '                         inp_pos' [i32, ne = {     1,     1,     1,     1 }] is used by node 'Qcur-23' (ROPE)
llama_graph_n_input_tensors: input tensor '                         inp_pos' [i32, ne = {     1,     1,     1,     1 }] is used by node 'Kcur-23' (ROPE)
llama_graph_n_input_tensors: input tensor '                 attn_inp_v_idxs' [i64, ne = {     1,     1,     1,     1 }] is used by node 'cache_v_l0 (view)' (SET_ROWS)
llama_graph_n_input_tensors: input tensor '                 attn_inp_v_idxs' [i64, ne = {     1,     1,     1,     1 }] is used by node 'cache_v_l1 (view)' (SET_ROWS)
llama_graph_n_input_tensors: input tensor '                 attn_inp_v_idxs' [i64, ne = {     1,     1,     1,     1 }] is used by node 'cache_v_l2 (view)' (SET_ROWS)
llama_graph_n_input_tensors: input tensor '                 attn_inp_v_idxs' [i64, ne = {     1,     1,     1,     1 }] is used by node 'cache_v_l3 (view)' (SET_ROWS)
llama_graph_n_input_tensors: input tensor '                 attn_inp_v_idxs' [i64, ne = {     1,     1,     1,     1 }] is used by node 'cache_v_l4 (view)' (SET_ROWS)
llama_graph_n_input_tensors: input tensor '                 attn_inp_v_idxs' [i64, ne = {     1,     1,     1,     1 }] is used by node 'cache_v_l5 (view)' (SET_ROWS)
llama_graph_n_input_tensors: input tensor '                 attn_inp_v_idxs' [i64, ne = {     1,     1,     1,     1 }] is used by node 'cache_v_l6 (view)' (SET_ROWS)
llama_graph_n_input_tensors: input tensor '                 attn_inp_v_idxs' [i64, ne = {     1,     1,     1,     1 }] is used by node 'cache_v_l7 (view)' (SET_ROWS)
llama_graph_n_input_tensors: input tensor '                 attn_inp_v_idxs' [i64, ne = {     1,     1,     1,     1 }] is used by node 'cache_v_l8 (view)' (SET_ROWS)
llama_graph_n_input_tensors: input tensor '                 attn_inp_v_idxs' [i64, ne = {     1,     1,     1,     1 }] is used by node 'cache_v_l9 (view)' (SET_ROWS)
llama_graph_n_input_tensors: input tensor '                 attn_inp_v_idxs' [i64, ne = {     1,     1,     1,     1 }] is used by node 'cache_v_l10 (view)' (SET_ROWS)
llama_graph_n_input_tensors: input tensor '                 attn_inp_v_idxs' [i64, ne = {     1,     1,     1,     1 }] is used by node 'cache_v_l11 (view)' (SET_ROWS)
llama_graph_n_input_tensors: input tensor '                 attn_inp_v_idxs' [i64, ne = {     1,     1,     1,     1 }] is used by node 'cache_v_l12 (view)' (SET_ROWS)
llama_graph_n_input_tensors: input tensor '                 attn_inp_v_idxs' [i64, ne = {     1,     1,     1,     1 }] is used by node 'cache_v_l13 (view)' (SET_ROWS)
llama_graph_n_input_tensors: input tensor '                 attn_inp_v_idxs' [i64, ne = {     1,     1,     1,     1 }] is used by node 'cache_v_l14 (view)' (SET_ROWS)
llama_graph_n_input_tensors: input tensor '                 attn_inp_v_idxs' [i64, ne = {     1,     1,     1,     1 }] is used by node 'cache_v_l15 (view)' (SET_ROWS)
llama_graph_n_input_tensors: input tensor '                 attn_inp_v_idxs' [i64, ne = {     1,     1,     1,     1 }] is used by node 'cache_v_l16 (view)' (SET_ROWS)
llama_graph_n_input_tensors: input tensor '                 attn_inp_v_idxs' [i64, ne = {     1,     1,     1,     1 }] is used by node 'cache_v_l17 (view)' (SET_ROWS)
llama_graph_n_input_tensors: input tensor '                 attn_inp_v_idxs' [i64, ne = {     1,     1,     1,     1 }] is used by node 'cache_v_l18 (view)' (SET_ROWS)
llama_graph_n_input_tensors: input tensor '                 attn_inp_v_idxs' [i64, ne = {     1,     1,     1,     1 }] is used by node 'cache_v_l19 (view)' (SET_ROWS)
llama_graph_n_input_tensors: input tensor '                 attn_inp_v_idxs' [i64, ne = {     1,     1,     1,     1 }] is used by node 'cache_v_l20 (view)' (SET_ROWS)
llama_graph_n_input_tensors: input tensor '                 attn_inp_v_idxs' [i64, ne = {     1,     1,     1,     1 }] is used by node 'cache_v_l21 (view)' (SET_ROWS)
llama_graph_n_input_tensors: input tensor '                 attn_inp_v_idxs' [i64, ne = {     1,     1,     1,     1 }] is used by node 'cache_v_l22 (view)' (SET_ROWS)
llama_graph_n_input_tensors: input tensor '                 attn_inp_v_idxs' [i64, ne = {     1,     1,     1,     1 }] is used by node 'cache_v_l23 (view)' (SET_ROWS)
llama_graph_n_input_tensors: input tensor '                attn_inp_kq_mask' [f16, ne = {  4096,     1,     1,     1 }] is used by node 'node_24' (FLASH_ATTN_EXT)
llama_graph_n_input_tensors: input tensor '                attn_inp_kq_mask' [f16, ne = {  4096,     1,     1,     1 }] is used by node 'node_58' (FLASH_ATTN_EXT)
llama_graph_n_input_tensors: input tensor '                attn_inp_kq_mask' [f16, ne = {  4096,     1,     1,     1 }] is used by node 'node_92' (FLASH_ATTN_EXT)
llama_graph_n_input_tensors: input tensor '                attn_inp_kq_mask' [f16, ne = {  4096,     1,     1,     1 }] is used by node 'node_126' (FLASH_ATTN_EXT)
llama_graph_n_input_tensors: input tensor '                attn_inp_kq_mask' [f16, ne = {  4096,     1,     1,     1 }] is used by node 'node_160' (FLASH_ATTN_EXT)
llama_graph_n_input_tensors: input tensor '                attn_inp_kq_mask' [f16, ne = {  4096,     1,     1,     1 }] is used by node 'node_194' (FLASH_ATTN_EXT)
llama_graph_n_input_tensors: input tensor '                attn_inp_kq_mask' [f16, ne = {  4096,     1,     1,     1 }] is used by node 'node_228' (FLASH_ATTN_EXT)
llama_graph_n_input_tensors: input tensor '                attn_inp_kq_mask' [f16, ne = {  4096,     1,     1,     1 }] is used by node 'node_262' (FLASH_ATTN_EXT)
llama_graph_n_input_tensors: input tensor '                attn_inp_kq_mask' [f16, ne = {  4096,     1,     1,     1 }] is used by node 'node_296' (FLASH_ATTN_EXT)
llama_graph_n_input_tensors: input tensor '                attn_inp_kq_mask' [f16, ne = {  4096,     1,     1,     1 }] is used by node 'node_330' (FLASH_ATTN_EXT)
llama_graph_n_input_tensors: input tensor '                attn_inp_kq_mask' [f16, ne = {  4096,     1,     1,     1 }] is used by node 'node_364' (FLASH_ATTN_EXT)
llama_graph_n_input_tensors: input tensor '                attn_inp_kq_mask' [f16, ne = {  4096,     1,     1,     1 }] is used by node 'node_398' (FLASH_ATTN_EXT)
llama_graph_n_input_tensors: input tensor '                attn_inp_kq_mask' [f16, ne = {  4096,     1,     1,     1 }] is used by node 'node_432' (FLASH_ATTN_EXT)
llama_graph_n_input_tensors: input tensor '                attn_inp_kq_mask' [f16, ne = {  4096,     1,     1,     1 }] is used by node 'node_466' (FLASH_ATTN_EXT)
llama_graph_n_input_tensors: input tensor '                attn_inp_kq_mask' [f16, ne = {  4096,     1,     1,     1 }] is used by node 'node_500' (FLASH_ATTN_EXT)
llama_graph_n_input_tensors: input tensor '                attn_inp_kq_mask' [f16, ne = {  4096,     1,     1,     1 }] is used by node 'node_534' (FLASH_ATTN_EXT)
llama_graph_n_input_tensors: input tensor '                attn_inp_kq_mask' [f16, ne = {  4096,     1,     1,     1 }] is used by node 'node_568' (FLASH_ATTN_EXT)
llama_graph_n_input_tensors: input tensor '                attn_inp_kq_mask' [f16, ne = {  4096,     1,     1,     1 }] is used by node 'node_602' (FLASH_ATTN_EXT)
llama_graph_n_input_tensors: input tensor '                attn_inp_kq_mask' [f16, ne = {  4096,     1,     1,     1 }] is used by node 'node_636' (FLASH_ATTN_EXT)
llama_graph_n_input_tensors: input tensor '                attn_inp_kq_mask' [f16, ne = {  4096,     1,     1,     1 }] is used by node 'node_670' (FLASH_ATTN_EXT)
llama_graph_n_input_tensors: input tensor '                attn_inp_kq_mask' [f16, ne = {  4096,     1,     1,     1 }] is used by node 'node_704' (FLASH_ATTN_EXT)
llama_graph_n_input_tensors: input tensor '                attn_inp_kq_mask' [f16, ne = {  4096,     1,     1,     1 }] is used by node 'node_738' (FLASH_ATTN_EXT)
llama_graph_n_input_tensors: input tensor '                attn_inp_kq_mask' [f16, ne = {  4096,     1,     1,     1 }] is used by node 'node_772' (FLASH_ATTN_EXT)
llama_graph_n_input_tensors: input tensor '                attn_inp_kq_mask' [f16, ne = {  4096,     1,     1,     1 }] is used by node 'node_806' (FLASH_ATTN_EXT)
llama_graph_n_input_tensors: input tensor '                 attn_inp_k_idxs' [i64, ne = {     1,     1,     1,     1 }] is used by node 'cache_k_l0 (view)' (SET_ROWS)
llama_graph_n_input_tensors: input tensor '                 attn_inp_k_idxs' [i64, ne = {     1,     1,     1,     1 }] is used by node 'cache_k_l1 (view)' (SET_ROWS)
llama_graph_n_input_tensors: input tensor '                 attn_inp_k_idxs' [i64, ne = {     1,     1,     1,     1 }] is used by node 'cache_k_l2 (view)' (SET_ROWS)
llama_graph_n_input_tensors: input tensor '                 attn_inp_k_idxs' [i64, ne = {     1,     1,     1,     1 }] is used by node 'cache_k_l3 (view)' (SET_ROWS)
llama_graph_n_input_tensors: input tensor '                 attn_inp_k_idxs' [i64, ne = {     1,     1,     1,     1 }] is used by node 'cache_k_l4 (view)' (SET_ROWS)
llama_graph_n_input_tensors: input tensor '                 attn_inp_k_idxs' [i64, ne = {     1,     1,     1,     1 }] is used by node 'cache_k_l5 (view)' (SET_ROWS)
llama_graph_n_input_tensors: input tensor '                 attn_inp_k_idxs' [i64, ne = {     1,     1,     1,     1 }] is used by node 'cache_k_l6 (view)' (SET_ROWS)
llama_graph_n_input_tensors: input tensor '                 attn_inp_k_idxs' [i64, ne = {     1,     1,     1,     1 }] is used by node 'cache_k_l7 (view)' (SET_ROWS)
llama_graph_n_input_tensors: input tensor '                 attn_inp_k_idxs' [i64, ne = {     1,     1,     1,     1 }] is used by node 'cache_k_l8 (view)' (SET_ROWS)
llama_graph_n_input_tensors: input tensor '                 attn_inp_k_idxs' [i64, ne = {     1,     1,     1,     1 }] is used by node 'cache_k_l9 (view)' (SET_ROWS)
llama_graph_n_input_tensors: input tensor '                 attn_inp_k_idxs' [i64, ne = {     1,     1,     1,     1 }] is used by node 'cache_k_l10 (view)' (SET_ROWS)
llama_graph_n_input_tensors: input tensor '                 attn_inp_k_idxs' [i64, ne = {     1,     1,     1,     1 }] is used by node 'cache_k_l11 (view)' (SET_ROWS)
llama_graph_n_input_tensors: input tensor '                 attn_inp_k_idxs' [i64, ne = {     1,     1,     1,     1 }] is used by node 'cache_k_l12 (view)' (SET_ROWS)
llama_graph_n_input_tensors: input tensor '                 attn_inp_k_idxs' [i64, ne = {     1,     1,     1,     1 }] is used by node 'cache_k_l13 (view)' (SET_ROWS)
llama_graph_n_input_tensors: input tensor '                 attn_inp_k_idxs' [i64, ne = {     1,     1,     1,     1 }] is used by node 'cache_k_l14 (view)' (SET_ROWS)
llama_graph_n_input_tensors: input tensor '                 attn_inp_k_idxs' [i64, ne = {     1,     1,     1,     1 }] is used by node 'cache_k_l15 (view)' (SET_ROWS)
llama_graph_n_input_tensors: input tensor '                 attn_inp_k_idxs' [i64, ne = {     1,     1,     1,     1 }] is used by node 'cache_k_l16 (view)' (SET_ROWS)
llama_graph_n_input_tensors: input tensor '                 attn_inp_k_idxs' [i64, ne = {     1,     1,     1,     1 }] is used by node 'cache_k_l17 (view)' (SET_ROWS)
llama_graph_n_input_tensors: input tensor '                 attn_inp_k_idxs' [i64, ne = {     1,     1,     1,     1 }] is used by node 'cache_k_l18 (view)' (SET_ROWS)
llama_graph_n_input_tensors: input tensor '                 attn_inp_k_idxs' [i64, ne = {     1,     1,     1,     1 }] is used by node 'cache_k_l19 (view)' (SET_ROWS)
llama_graph_n_input_tensors: input tensor '                 attn_inp_k_idxs' [i64, ne = {     1,     1,     1,     1 }] is used by node 'cache_k_l20 (view)' (SET_ROWS)
llama_graph_n_input_tensors: input tensor '                 attn_inp_k_idxs' [i64, ne = {     1,     1,     1,     1 }] is used by node 'cache_k_l21 (view)' (SET_ROWS)
llama_graph_n_input_tensors: input tensor '                 attn_inp_k_idxs' [i64, ne = {     1,     1,     1,     1 }] is used by node 'cache_k_l22 (view)' (SET_ROWS)
llama_graph_n_input_tensors: input tensor '                 attn_inp_k_idxs' [i64, ne = {     1,     1,     1,     1 }] is used by node 'cache_k_l23 (view)' (SET_ROWS)
resolve_fused_ops: fused DeepSeek V4 HC comb enabled
graph_reserve: reserving a graph for ubatch with n_tokens =    1, n_seqs =  1, n_outputs =    1
llama_graph_n_input_tensors: input tensor '                         out_ids' [i32, ne = {     1,     1,     1,     1 }] is used by node 'node_809' (GET_ROWS)
llama_graph_n_input_tensors: input tensor '                         out_ids' [i32, ne = {     1,     1,     1,     1 }] is used by node 'node_810' (GET_ROWS)
llama_graph_n_input_tensors: input tensor '                      inp_tokens' [i32, ne = {     1,     1,     1,     1 }] is used by node 'embd' (GET_ROWS)
llama_graph_n_input_tensors: input tensor '                         inp_pos' [i32, ne = {     1,     1,     1,     1 }] is used by node 'Qcur-0' (ROPE)
llama_graph_n_input_tensors: input tensor '                         inp_pos' [i32, ne = {     1,     1,     1,     1 }] is used by node 'Kcur-0' (ROPE)
llama_graph_n_input_tensors: input tensor '                         inp_pos' [i32, ne = {     1,     1,     1,     1 }] is used by node 'Qcur-1' (ROPE)
llama_graph_n_input_tensors: input tensor '                         inp_pos' [i32, ne = {     1,     1,     1,     1 }] is used by node 'Kcur-1' (ROPE)
llama_graph_n_input_tensors: input tensor '                         inp_pos' [i32, ne = {     1,     1,     1,     1 }] is used by node 'Qcur-2' (ROPE)
llama_graph_n_input_tensors: input tensor '                         inp_pos' [i32, ne = {     1,     1,     1,     1 }] is used by node 'Kcur-2' (ROPE)
llama_graph_n_input_tensors: input tensor '                         inp_pos' [i32, ne = {     1,     1,     1,     1 }] is used by node 'Qcur-3' (ROPE)
llama_graph_n_input_tensors: input tensor '                         inp_pos' [i32, ne = {     1,     1,     1,     1 }] is used by node 'Kcur-3' (ROPE)
llama_graph_n_input_tensors: input tensor '                         inp_pos' [i32, ne = {     1,     1,     1,     1 }] is used by node 'Qcur-4' (ROPE)
llama_graph_n_input_tensors: input tensor '                         inp_pos' [i32, ne = {     1,     1,     1,     1 }] is used by node 'Kcur-4' (ROPE)
llama_graph_n_input_tensors: input tensor '                         inp_pos' [i32, ne = {     1,     1,     1,     1 }] is used by node 'Qcur-5' (ROPE)
llama_graph_n_input_tensors: input tensor '                         inp_pos' [i32, ne = {     1,     1,     1,     1 }] is used by node 'Kcur-5' (ROPE)
llama_graph_n_input_tensors: input tensor '                         inp_pos' [i32, ne = {     1,     1,     1,     1 }] is used by node 'Qcur-6' (ROPE)
llama_graph_n_input_tensors: input tensor '                         inp_pos' [i32, ne = {     1,     1,     1,     1 }] is used by node 'Kcur-6' (ROPE)
llama_graph_n_input_tensors: input tensor '                         inp_pos' [i32, ne = {     1,     1,     1,     1 }] is used by node 'Qcur-7' (ROPE)
llama_graph_n_input_tensors: input tensor '                         inp_pos' [i32, ne = {     1,     1,     1,     1 }] is used by node 'Kcur-7' (ROPE)
llama_graph_n_input_tensors: input tensor '                         inp_pos' [i32, ne = {     1,     1,     1,     1 }] is used by node 'Qcur-8' (ROPE)
llama_graph_n_input_tensors: input tensor '                         inp_pos' [i32, ne = {     1,     1,     1,     1 }] is used by node 'Kcur-8' (ROPE)
llama_graph_n_input_tensors: input tensor '                         inp_pos' [i32, ne = {     1,     1,     1,     1 }] is used by node 'Qcur-9' (ROPE)
llama_graph_n_input_tensors: input tensor '                         inp_pos' [i32, ne = {     1,     1,     1,     1 }] is used by node 'Kcur-9' (ROPE)
llama_graph_n_input_tensors: input tensor '                         inp_pos' [i32, ne = {     1,     1,     1,     1 }] is used by node 'Qcur-10' (ROPE)
llama_graph_n_input_tensors: input tensor '                         inp_pos' [i32, ne = {     1,     1,     1,     1 }] is used by node 'Kcur-10' (ROPE)
llama_graph_n_input_tensors: input tensor '                         inp_pos' [i32, ne = {     1,     1,     1,     1 }] is used by node 'Qcur-11' (ROPE)
llama_graph_n_input_tensors: input tensor '                         inp_pos' [i32, ne = {     1,     1,     1,     1 }] is used by node 'Kcur-11' (ROPE)
llama_graph_n_input_tensors: input tensor '                         inp_pos' [i32, ne = {     1,     1,     1,     1 }] is used by node 'Qcur-12' (ROPE)
llama_graph_n_input_tensors: input tensor '                         inp_pos' [i32, ne = {     1,     1,     1,     1 }] is used by node 'Kcur-12' (ROPE)
llama_graph_n_input_tensors: input tensor '                         inp_pos' [i32, ne = {     1,     1,     1,     1 }] is used by node 'Qcur-13' (ROPE)
llama_graph_n_input_tensors: input tensor '                         inp_pos' [i32, ne = {     1,     1,     1,     1 }] is used by node 'Kcur-13' (ROPE)
llama_graph_n_input_tensors: input tensor '                         inp_pos' [i32, ne = {     1,     1,     1,     1 }] is used by node 'Qcur-14' (ROPE)
llama_graph_n_input_tensors: input tensor '                         inp_pos' [i32, ne = {     1,     1,     1,     1 }] is used by node 'Kcur-14' (ROPE)
llama_graph_n_input_tensors: input tensor '                         inp_pos' [i32, ne = {     1,     1,     1,     1 }] is used by node 'Qcur-15' (ROPE)
llama_graph_n_input_tensors: input tensor '                         inp_pos' [i32, ne = {     1,     1,     1,     1 }] is used by node 'Kcur-15' (ROPE)
llama_graph_n_input_tensors: input tensor '                         inp_pos' [i32, ne = {     1,     1,     1,     1 }] is used by node 'Qcur-16' (ROPE)
llama_graph_n_input_tensors: input tensor '                         inp_pos' [i32, ne = {     1,     1,     1,     1 }] is used by node 'Kcur-16' (ROPE)
llama_graph_n_input_tensors: input tensor '                         inp_pos' [i32, ne = {     1,     1,     1,     1 }] is used by node 'Qcur-17' (ROPE)
llama_graph_n_input_tensors: input tensor '                         inp_pos' [i32, ne = {     1,     1,     1,     1 }] is used by node 'Kcur-17' (ROPE)
llama_graph_n_input_tensors: input tensor '                         inp_pos' [i32, ne = {     1,     1,     1,     1 }] is used by node 'Qcur-18' (ROPE)
llama_graph_n_input_tensors: input tensor '                         inp_pos' [i32, ne = {     1,     1,     1,     1 }] is used by node 'Kcur-18' (ROPE)
llama_graph_n_input_tensors: input tensor '                         inp_pos' [i32, ne = {     1,     1,     1,     1 }] is used by node 'Qcur-19' (ROPE)
llama_graph_n_input_tensors: input tensor '                         inp_pos' [i32, ne = {     1,     1,     1,     1 }] is used by node 'Kcur-19' (ROPE)
llama_graph_n_input_tensors: input tensor '                         inp_pos' [i32, ne = {     1,     1,     1,     1 }] is used by node 'Qcur-20' (ROPE)
llama_graph_n_input_tensors: input tensor '                         inp_pos' [i32, ne = {     1,     1,     1,     1 }] is used by node 'Kcur-20' (ROPE)
llama_graph_n_input_tensors: input tensor '                         inp_pos' [i32, ne = {     1,     1,     1,     1 }] is used by node 'Qcur-21' (ROPE)
llama_graph_n_input_tensors: input tensor '                         inp_pos' [i32, ne = {     1,     1,     1,     1 }] is used by node 'Kcur-21' (ROPE)
llama_graph_n_input_tensors: input tensor '                         inp_pos' [i32, ne = {     1,     1,     1,     1 }] is used by node 'Qcur-22' (ROPE)
llama_graph_n_input_tensors: input tensor '                         inp_pos' [i32, ne = {     1,     1,     1,     1 }] is used by node 'Kcur-22' (ROPE)
llama_graph_n_input_tensors: input tensor '                         inp_pos' [i32, ne = {     1,     1,     1,     1 }] is used by node 'Qcur-23' (ROPE)
llama_graph_n_input_tensors: input tensor '                         inp_pos' [i32, ne = {     1,     1,     1,     1 }] is used by node 'Kcur-23' (ROPE)
llama_graph_n_input_tensors: input tensor '                 attn_inp_v_idxs' [i64, ne = {     1,     1,     1,     1 }] is used by node 'cache_v_l0 (view)' (SET_ROWS)
llama_graph_n_input_tensors: input tensor '                 attn_inp_v_idxs' [i64, ne = {     1,     1,     1,     1 }] is used by node 'cache_v_l1 (view)' (SET_ROWS)
llama_graph_n_input_tensors: input tensor '                 attn_inp_v_idxs' [i64, ne = {     1,     1,     1,     1 }] is used by node 'cache_v_l2 (view)' (SET_ROWS)
llama_graph_n_input_tensors: input tensor '                 attn_inp_v_idxs' [i64, ne = {     1,     1,     1,     1 }] is used by node 'cache_v_l3 (view)' (SET_ROWS)
llama_graph_n_input_tensors: input tensor '                 attn_inp_v_idxs' [i64, ne = {     1,     1,     1,     1 }] is used by node 'cache_v_l4 (view)' (SET_ROWS)
llama_graph_n_input_tensors: input tensor '                 attn_inp_v_idxs' [i64, ne = {     1,     1,     1,     1 }] is used by node 'cache_v_l5 (view)' (SET_ROWS)
llama_graph_n_input_tensors: input tensor '                 attn_inp_v_idxs' [i64, ne = {     1,     1,     1,     1 }] is used by node 'cache_v_l6 (view)' (SET_ROWS)
llama_graph_n_input_tensors: input tensor '                 attn_inp_v_idxs' [i64, ne = {     1,     1,     1,     1 }] is used by node 'cache_v_l7 (view)' (SET_ROWS)
llama_graph_n_input_tensors: input tensor '                 attn_inp_v_idxs' [i64, ne = {     1,     1,     1,     1 }] is used by node 'cache_v_l8 (view)' (SET_ROWS)
llama_graph_n_input_tensors: input tensor '                 attn_inp_v_idxs' [i64, ne = {     1,     1,     1,     1 }] is used by node 'cache_v_l9 (view)' (SET_ROWS)
llama_graph_n_input_tensors: input tensor '                 attn_inp_v_idxs' [i64, ne = {     1,     1,     1,     1 }] is used by node 'cache_v_l10 (view)' (SET_ROWS)
llama_graph_n_input_tensors: input tensor '                 attn_inp_v_idxs' [i64, ne = {     1,     1,     1,     1 }] is used by node 'cache_v_l11 (view)' (SET_ROWS)
llama_graph_n_input_tensors: input tensor '                 attn_inp_v_idxs' [i64, ne = {     1,     1,     1,     1 }] is used by node 'cache_v_l12 (view)' (SET_ROWS)
llama_graph_n_input_tensors: input tensor '                 attn_inp_v_idxs' [i64, ne = {     1,     1,     1,     1 }] is used by node 'cache_v_l13 (view)' (SET_ROWS)
llama_graph_n_input_tensors: input tensor '                 attn_inp_v_idxs' [i64, ne = {     1,     1,     1,     1 }] is used by node 'cache_v_l14 (view)' (SET_ROWS)
llama_graph_n_input_tensors: input tensor '                 attn_inp_v_idxs' [i64, ne = {     1,     1,     1,     1 }] is used by node 'cache_v_l15 (view)' (SET_ROWS)
llama_graph_n_input_tensors: input tensor '                 attn_inp_v_idxs' [i64, ne = {     1,     1,     1,     1 }] is used by node 'cache_v_l16 (view)' (SET_ROWS)
llama_graph_n_input_tensors: input tensor '                 attn_inp_v_idxs' [i64, ne = {     1,     1,     1,     1 }] is used by node 'cache_v_l17 (view)' (SET_ROWS)
llama_graph_n_input_tensors: input tensor '                 attn_inp_v_idxs' [i64, ne = {     1,     1,     1,     1 }] is used by node 'cache_v_l18 (view)' (SET_ROWS)
llama_graph_n_input_tensors: input tensor '                 attn_inp_v_idxs' [i64, ne = {     1,     1,     1,     1 }] is used by node 'cache_v_l19 (view)' (SET_ROWS)
llama_graph_n_input_tensors: input tensor '                 attn_inp_v_idxs' [i64, ne = {     1,     1,     1,     1 }] is used by node 'cache_v_l20 (view)' (SET_ROWS)
llama_graph_n_input_tensors: input tensor '                 attn_inp_v_idxs' [i64, ne = {     1,     1,     1,     1 }] is used by node 'cache_v_l21 (view)' (SET_ROWS)
llama_graph_n_input_tensors: input tensor '                 attn_inp_v_idxs' [i64, ne = {     1,     1,     1,     1 }] is used by node 'cache_v_l22 (view)' (SET_ROWS)
llama_graph_n_input_tensors: input tensor '                 attn_inp_v_idxs' [i64, ne = {     1,     1,     1,     1 }] is used by node 'cache_v_l23 (view)' (SET_ROWS)
llama_graph_n_input_tensors: input tensor '                attn_inp_kq_mask' [f16, ne = {  4096,     1,     1,     1 }] is used by node 'node_24' (FLASH_ATTN_EXT)
llama_graph_n_input_tensors: input tensor '                attn_inp_kq_mask' [f16, ne = {  4096,     1,     1,     1 }] is used by node 'node_58' (FLASH_ATTN_EXT)
llama_graph_n_input_tensors: input tensor '                attn_inp_kq_mask' [f16, ne = {  4096,     1,     1,     1 }] is used by node 'node_92' (FLASH_ATTN_EXT)
llama_graph_n_input_tensors: input tensor '                attn_inp_kq_mask' [f16, ne = {  4096,     1,     1,     1 }] is used by node 'node_126' (FLASH_ATTN_EXT)
llama_graph_n_input_tensors: input tensor '                attn_inp_kq_mask' [f16, ne = {  4096,     1,     1,     1 }] is used by node 'node_160' (FLASH_ATTN_EXT)
llama_graph_n_input_tensors: input tensor '                attn_inp_kq_mask' [f16, ne = {  4096,     1,     1,     1 }] is used by node 'node_194' (FLASH_ATTN_EXT)
llama_graph_n_input_tensors: input tensor '                attn_inp_kq_mask' [f16, ne = {  4096,     1,     1,     1 }] is used by node 'node_228' (FLASH_ATTN_EXT)
llama_graph_n_input_tensors: input tensor '                attn_inp_kq_mask' [f16, ne = {  4096,     1,     1,     1 }] is used by node 'node_262' (FLASH_ATTN_EXT)
llama_graph_n_input_tensors: input tensor '                attn_inp_kq_mask' [f16, ne = {  4096,     1,     1,     1 }] is used by node 'node_296' (FLASH_ATTN_EXT)
llama_graph_n_input_tensors: input tensor '                attn_inp_kq_mask' [f16, ne = {  4096,     1,     1,     1 }] is used by node 'node_330' (FLASH_ATTN_EXT)
llama_graph_n_input_tensors: input tensor '                attn_inp_kq_mask' [f16, ne = {  4096,     1,     1,     1 }] is used by node 'node_364' (FLASH_ATTN_EXT)
llama_graph_n_input_tensors: input tensor '                attn_inp_kq_mask' [f16, ne = {  4096,     1,     1,     1 }] is used by node 'node_398' (FLASH_ATTN_EXT)
llama_graph_n_input_tensors: input tensor '                attn_inp_kq_mask' [f16, ne = {  4096,     1,     1,     1 }] is used by node 'node_432' (FLASH_ATTN_EXT)
llama_graph_n_input_tensors: input tensor '                attn_inp_kq_mask' [f16, ne = {  4096,     1,     1,     1 }] is used by node 'node_466' (FLASH_ATTN_EXT)
llama_graph_n_input_tensors: input tensor '                attn_inp_kq_mask' [f16, ne = {  4096,     1,     1,     1 }] is used by node 'node_500' (FLASH_ATTN_EXT)
llama_graph_n_input_tensors: input tensor '                attn_inp_kq_mask' [f16, ne = {  4096,     1,     1,     1 }] is used by node 'node_534' (FLASH_ATTN_EXT)
llama_graph_n_input_tensors: input tensor '                attn_inp_kq_mask' [f16, ne = {  4096,     1,     1,     1 }] is used by node 'node_568' (FLASH_ATTN_EXT)
llama_graph_n_input_tensors: input tensor '                attn_inp_kq_mask' [f16, ne = {  4096,     1,     1,     1 }] is used by node 'node_602' (FLASH_ATTN_EXT)
llama_graph_n_input_tensors: input tensor '                attn_inp_kq_mask' [f16, ne = {  4096,     1,     1,     1 }] is used by node 'node_636' (FLASH_ATTN_EXT)
llama_graph_n_input_tensors: input tensor '                attn_inp_kq_mask' [f16, ne = {  4096,     1,     1,     1 }] is used by node 'node_670' (FLASH_ATTN_EXT)
llama_graph_n_input_tensors: input tensor '                attn_inp_kq_mask' [f16, ne = {  4096,     1,     1,     1 }] is used by node 'node_704' (FLASH_ATTN_EXT)
llama_graph_n_input_tensors: input tensor '                attn_inp_kq_mask' [f16, ne = {  4096,     1,     1,     1 }] is used by node 'node_738' (FLASH_ATTN_EXT)
llama_graph_n_input_tensors: input tensor '                attn_inp_kq_mask' [f16, ne = {  4096,     1,     1,     1 }] is used by node 'node_772' (FLASH_ATTN_EXT)
llama_graph_n_input_tensors: input tensor '                attn_inp_kq_mask' [f16, ne = {  4096,     1,     1,     1 }] is used by node 'node_806' (FLASH_ATTN_EXT)
llama_graph_n_input_tensors: input tensor '                 attn_inp_k_idxs' [i64, ne = {     1,     1,     1,     1 }] is used by node 'cache_k_l0 (view)' (SET_ROWS)
llama_graph_n_input_tensors: input tensor '                 attn_inp_k_idxs' [i64, ne = {     1,     1,     1,     1 }] is used by node 'cache_k_l1 (view)' (SET_ROWS)
llama_graph_n_input_tensors: input tensor '                 attn_inp_k_idxs' [i64, ne = {     1,     1,     1,     1 }] is used by node 'cache_k_l2 (view)' (SET_ROWS)
llama_graph_n_input_tensors: input tensor '                 attn_inp_k_idxs' [i64, ne = {     1,     1,     1,     1 }] is used by node 'cache_k_l3 (view)' (SET_ROWS)
llama_graph_n_input_tensors: input tensor '                 attn_inp_k_idxs' [i64, ne = {     1,     1,     1,     1 }] is used by node 'cache_k_l4 (view)' (SET_ROWS)
llama_graph_n_input_tensors: input tensor '                 attn_inp_k_idxs' [i64, ne = {     1,     1,     1,     1 }] is used by node 'cache_k_l5 (view)' (SET_ROWS)
llama_graph_n_input_tensors: input tensor '                 attn_inp_k_idxs' [i64, ne = {     1,     1,     1,     1 }] is used by node 'cache_k_l6 (view)' (SET_ROWS)
llama_graph_n_input_tensors: input tensor '                 attn_inp_k_idxs' [i64, ne = {     1,     1,     1,     1 }] is used by node 'cache_k_l7 (view)' (SET_ROWS)
llama_graph_n_input_tensors: input tensor '                 attn_inp_k_idxs' [i64, ne = {     1,     1,     1,     1 }] is used by node 'cache_k_l8 (view)' (SET_ROWS)
llama_graph_n_input_tensors: input tensor '                 attn_inp_k_idxs' [i64, ne = {     1,     1,     1,     1 }] is used by node 'cache_k_l9 (view)' (SET_ROWS)
llama_graph_n_input_tensors: input tensor '                 attn_inp_k_idxs' [i64, ne = {     1,     1,     1,     1 }] is used by node 'cache_k_l10 (view)' (SET_ROWS)
llama_graph_n_input_tensors: input tensor '                 attn_inp_k_idxs' [i64, ne = {     1,     1,     1,     1 }] is used by node 'cache_k_l11 (view)' (SET_ROWS)
llama_graph_n_input_tensors: input tensor '                 attn_inp_k_idxs' [i64, ne = {     1,     1,     1,     1 }] is used by node 'cache_k_l12 (view)' (SET_ROWS)
llama_graph_n_input_tensors: input tensor '                 attn_inp_k_idxs' [i64, ne = {     1,     1,     1,     1 }] is used by node 'cache_k_l13 (view)' (SET_ROWS)
llama_graph_n_input_tensors: input tensor '                 attn_inp_k_idxs' [i64, ne = {     1,     1,     1,     1 }] is used by node 'cache_k_l14 (view)' (SET_ROWS)
llama_graph_n_input_tensors: input tensor '                 attn_inp_k_idxs' [i64, ne = {     1,     1,     1,     1 }] is used by node 'cache_k_l15 (view)' (SET_ROWS)
llama_graph_n_input_tensors: input tensor '                 attn_inp_k_idxs' [i64, ne = {     1,     1,     1,     1 }] is used by node 'cache_k_l16 (view)' (SET_ROWS)
llama_graph_n_input_tensors: input tensor '                 attn_inp_k_idxs' [i64, ne = {     1,     1,     1,     1 }] is used by node 'cache_k_l17 (view)' (SET_ROWS)
llama_graph_n_input_tensors: input tensor '                 attn_inp_k_idxs' [i64, ne = {     1,     1,     1,     1 }] is used by node 'cache_k_l18 (view)' (SET_ROWS)
llama_graph_n_input_tensors: input tensor '                 attn_inp_k_idxs' [i64, ne = {     1,     1,     1,     1 }] is used by node 'cache_k_l19 (view)' (SET_ROWS)
llama_graph_n_input_tensors: input tensor '                 attn_inp_k_idxs' [i64, ne = {     1,     1,     1,     1 }] is used by node 'cache_k_l20 (view)' (SET_ROWS)
llama_graph_n_input_tensors: input tensor '                 attn_inp_k_idxs' [i64, ne = {     1,     1,     1,     1 }] is used by node 'cache_k_l21 (view)' (SET_ROWS)
llama_graph_n_input_tensors: input tensor '                 attn_inp_k_idxs' [i64, ne = {     1,     1,     1,     1 }] is used by node 'cache_k_l22 (view)' (SET_ROWS)
llama_graph_n_input_tensors: input tensor '                 attn_inp_k_idxs' [i64, ne = {     1,     1,     1,     1 }] is used by node 'cache_k_l23 (view)' (SET_ROWS)
resolve_fused_ops: fused DeepSeek V4 HC post enabled
graph_reserve: reserving a graph for ubatch with n_tokens =  512, n_seqs =  1, n_outputs =  512
llama_graph_n_input_tensors: input tensor '                         out_ids' [i32, ne = {   512,     1,     1,     1 }] is used by node 'node_809' (GET_ROWS)
llama_graph_n_input_tensors: input tensor '                         out_ids' [i32, ne = {   512,     1,     1,     1 }] is used by node 'node_810' (GET_ROWS)
llama_graph_n_input_tensors: input tensor '                      inp_tokens' [i32, ne = {   512,     1,     1,     1 }] is used by node 'embd' (GET_ROWS)
llama_graph_n_input_tensors: input tensor '                         inp_pos' [i32, ne = {   512,     1,     1,     1 }] is used by node 'Qcur-0' (ROPE)
llama_graph_n_input_tensors: input tensor '                         inp_pos' [i32, ne = {   512,     1,     1,     1 }] is used by node 'Kcur-0' (ROPE)
llama_graph_n_input_tensors: input tensor '                         inp_pos' [i32, ne = {   512,     1,     1,     1 }] is used by node 'Qcur-1' (ROPE)
llama_graph_n_input_tensors: input tensor '                         inp_pos' [i32, ne = {   512,     1,     1,     1 }] is used by node 'Kcur-1' (ROPE)
llama_graph_n_input_tensors: input tensor '                         inp_pos' [i32, ne = {   512,     1,     1,     1 }] is used by node 'Qcur-2' (ROPE)
llama_graph_n_input_tensors: input tensor '                         inp_pos' [i32, ne = {   512,     1,     1,     1 }] is used by node 'Kcur-2' (ROPE)
llama_graph_n_input_tensors: input tensor '                         inp_pos' [i32, ne = {   512,     1,     1,     1 }] is used by node 'Qcur-3' (ROPE)
llama_graph_n_input_tensors: input tensor '                         inp_pos' [i32, ne = {   512,     1,     1,     1 }] is used by node 'Kcur-3' (ROPE)
llama_graph_n_input_tensors: input tensor '                         inp_pos' [i32, ne = {   512,     1,     1,     1 }] is used by node 'Qcur-4' (ROPE)
llama_graph_n_input_tensors: input tensor '                         inp_pos' [i32, ne = {   512,     1,     1,     1 }] is used by node 'Kcur-4' (ROPE)
llama_graph_n_input_tensors: input tensor '                         inp_pos' [i32, ne = {   512,     1,     1,     1 }] is used by node 'Qcur-5' (ROPE)
llama_graph_n_input_tensors: input tensor '                         inp_pos' [i32, ne = {   512,     1,     1,     1 }] is used by node 'Kcur-5' (ROPE)
llama_graph_n_input_tensors: input tensor '                         inp_pos' [i32, ne = {   512,     1,     1,     1 }] is used by node 'Qcur-6' (ROPE)
llama_graph_n_input_tensors: input tensor '                         inp_pos' [i32, ne = {   512,     1,     1,     1 }] is used by node 'Kcur-6' (ROPE)
llama_graph_n_input_tensors: input tensor '                         inp_pos' [i32, ne = {   512,     1,     1,     1 }] is used by node 'Qcur-7' (ROPE)
llama_graph_n_input_tensors: input tensor '                         inp_pos' [i32, ne = {   512,     1,     1,     1 }] is used by node 'Kcur-7' (ROPE)
llama_graph_n_input_tensors: input tensor '                         inp_pos' [i32, ne = {   512,     1,     1,     1 }] is used by node 'Qcur-8' (ROPE)
llama_graph_n_input_tensors: input tensor '                         inp_pos' [i32, ne = {   512,     1,     1,     1 }] is used by node 'Kcur-8' (ROPE)
llama_graph_n_input_tensors: input tensor '                         inp_pos' [i32, ne = {   512,     1,     1,     1 }] is used by node 'Qcur-9' (ROPE)
llama_graph_n_input_tensors: input tensor '                         inp_pos' [i32, ne = {   512,     1,     1,     1 }] is used by node 'Kcur-9' (ROPE)
llama_graph_n_input_tensors: input tensor '                         inp_pos' [i32, ne = {   512,     1,     1,     1 }] is used by node 'Qcur-10' (ROPE)
llama_graph_n_input_tensors: input tensor '                         inp_pos' [i32, ne = {   512,     1,     1,     1 }] is used by node 'Kcur-10' (ROPE)
llama_graph_n_input_tensors: input tensor '                         inp_pos' [i32, ne = {   512,     1,     1,     1 }] is used by node 'Qcur-11' (ROPE)
llama_graph_n_input_tensors: input tensor '                         inp_pos' [i32, ne = {   512,     1,     1,     1 }] is used by node 'Kcur-11' (ROPE)
llama_graph_n_input_tensors: input tensor '                         inp_pos' [i32, ne = {   512,     1,     1,     1 }] is used by node 'Qcur-12' (ROPE)
llama_graph_n_input_tensors: input tensor '                         inp_pos' [i32, ne = {   512,     1,     1,     1 }] is used by node 'Kcur-12' (ROPE)
llama_graph_n_input_tensors: input tensor '                         inp_pos' [i32, ne = {   512,     1,     1,     1 }] is used by node 'Qcur-13' (ROPE)
llama_graph_n_input_tensors: input tensor '                         inp_pos' [i32, ne = {   512,     1,     1,     1 }] is used by node 'Kcur-13' (ROPE)
llama_graph_n_input_tensors: input tensor '                         inp_pos' [i32, ne = {   512,     1,     1,     1 }] is used by node 'Qcur-14' (ROPE)
llama_graph_n_input_tensors: input tensor '                         inp_pos' [i32, ne = {   512,     1,     1,     1 }] is used by node 'Kcur-14' (ROPE)
llama_graph_n_input_tensors: input tensor '                         inp_pos' [i32, ne = {   512,     1,     1,     1 }] is used by node 'Qcur-15' (ROPE)
llama_graph_n_input_tensors: input tensor '                         inp_pos' [i32, ne = {   512,     1,     1,     1 }] is used by node 'Kcur-15' (ROPE)
llama_graph_n_input_tensors: input tensor '                         inp_pos' [i32, ne = {   512,     1,     1,     1 }] is used by node 'Qcur-16' (ROPE)
llama_graph_n_input_tensors: input tensor '                         inp_pos' [i32, ne = {   512,     1,     1,     1 }] is used by node 'Kcur-16' (ROPE)
llama_graph_n_input_tensors: input tensor '                         inp_pos' [i32, ne = {   512,     1,     1,     1 }] is used by node 'Qcur-17' (ROPE)
llama_graph_n_input_tensors: input tensor '                         inp_pos' [i32, ne = {   512,     1,     1,     1 }] is used by node 'Kcur-17' (ROPE)
llama_graph_n_input_tensors: input tensor '                         inp_pos' [i32, ne = {   512,     1,     1,     1 }] is used by node 'Qcur-18' (ROPE)
llama_graph_n_input_tensors: input tensor '                         inp_pos' [i32, ne = {   512,     1,     1,     1 }] is used by node 'Kcur-18' (ROPE)
llama_graph_n_input_tensors: input tensor '                         inp_pos' [i32, ne = {   512,     1,     1,     1 }] is used by node 'Qcur-19' (ROPE)
llama_graph_n_input_tensors: input tensor '                         inp_pos' [i32, ne = {   512,     1,     1,     1 }] is used by node 'Kcur-19' (ROPE)
llama_graph_n_input_tensors: input tensor '                         inp_pos' [i32, ne = {   512,     1,     1,     1 }] is used by node 'Qcur-20' (ROPE)
llama_graph_n_input_tensors: input tensor '                         inp_pos' [i32, ne = {   512,     1,     1,     1 }] is used by node 'Kcur-20' (ROPE)
llama_graph_n_input_tensors: input tensor '                         inp_pos' [i32, ne = {   512,     1,     1,     1 }] is used by node 'Qcur-21' (ROPE)
llama_graph_n_input_tensors: input tensor '                         inp_pos' [i32, ne = {   512,     1,     1,     1 }] is used by node 'Kcur-21' (ROPE)
llama_graph_n_input_tensors: input tensor '                         inp_pos' [i32, ne = {   512,     1,     1,     1 }] is used by node 'Qcur-22' (ROPE)
llama_graph_n_input_tensors: input tensor '                         inp_pos' [i32, ne = {   512,     1,     1,     1 }] is used by node 'Kcur-22' (ROPE)
llama_graph_n_input_tensors: input tensor '                         inp_pos' [i32, ne = {   512,     1,     1,     1 }] is used by node 'Qcur-23' (ROPE)
llama_graph_n_input_tensors: input tensor '                         inp_pos' [i32, ne = {   512,     1,     1,     1 }] is used by node 'Kcur-23' (ROPE)
llama_graph_n_input_tensors: input tensor '                 attn_inp_v_idxs' [i64, ne = {   512,     1,     1,     1 }] is used by node 'cache_v_l0 (view)' (SET_ROWS)
llama_graph_n_input_tensors: input tensor '                 attn_inp_v_idxs' [i64, ne = {   512,     1,     1,     1 }] is used by node 'cache_v_l1 (view)' (SET_ROWS)
llama_graph_n_input_tensors: input tensor '                 attn_inp_v_idxs' [i64, ne = {   512,     1,     1,     1 }] is used by node 'cache_v_l2 (view)' (SET_ROWS)
llama_graph_n_input_tensors: input tensor '                 attn_inp_v_idxs' [i64, ne = {   512,     1,     1,     1 }] is used by node 'cache_v_l3 (view)' (SET_ROWS)
llama_graph_n_input_tensors: input tensor '                 attn_inp_v_idxs' [i64, ne = {   512,     1,     1,     1 }] is used by node 'cache_v_l4 (view)' (SET_ROWS)
llama_graph_n_input_tensors: input tensor '                 attn_inp_v_idxs' [i64, ne = {   512,     1,     1,     1 }] is used by node 'cache_v_l5 (view)' (SET_ROWS)
llama_graph_n_input_tensors: input tensor '                 attn_inp_v_idxs' [i64, ne = {   512,     1,     1,     1 }] is used by node 'cache_v_l6 (view)' (SET_ROWS)
llama_graph_n_input_tensors: input tensor '                 attn_inp_v_idxs' [i64, ne = {   512,     1,     1,     1 }] is used by node 'cache_v_l7 (view)' (SET_ROWS)
llama_graph_n_input_tensors: input tensor '                 attn_inp_v_idxs' [i64, ne = {   512,     1,     1,     1 }] is used by node 'cache_v_l8 (view)' (SET_ROWS)
llama_graph_n_input_tensors: input tensor '                 attn_inp_v_idxs' [i64, ne = {   512,     1,     1,     1 }] is used by node 'cache_v_l9 (view)' (SET_ROWS)
llama_graph_n_input_tensors: input tensor '                 attn_inp_v_idxs' [i64, ne = {   512,     1,     1,     1 }] is used by node 'cache_v_l10 (view)' (SET_ROWS)
llama_graph_n_input_tensors: input tensor '                 attn_inp_v_idxs' [i64, ne = {   512,     1,     1,     1 }] is used by node 'cache_v_l11 (view)' (SET_ROWS)
llama_graph_n_input_tensors: input tensor '                 attn_inp_v_idxs' [i64, ne = {   512,     1,     1,     1 }] is used by node 'cache_v_l12 (view)' (SET_ROWS)
llama_graph_n_input_tensors: input tensor '                 attn_inp_v_idxs' [i64, ne = {   512,     1,     1,     1 }] is used by node 'cache_v_l13 (view)' (SET_ROWS)
llama_graph_n_input_tensors: input tensor '                 attn_inp_v_idxs' [i64, ne = {   512,     1,     1,     1 }] is used by node 'cache_v_l14 (view)' (SET_ROWS)
llama_graph_n_input_tensors: input tensor '                 attn_inp_v_idxs' [i64, ne = {   512,     1,     1,     1 }] is used by node 'cache_v_l15 (view)' (SET_ROWS)
llama_graph_n_input_tensors: input tensor '                 attn_inp_v_idxs' [i64, ne = {   512,     1,     1,     1 }] is used by node 'cache_v_l16 (view)' (SET_ROWS)
llama_graph_n_input_tensors: input tensor '                 attn_inp_v_idxs' [i64, ne = {   512,     1,     1,     1 }] is used by node 'cache_v_l17 (view)' (SET_ROWS)
llama_graph_n_input_tensors: input tensor '                 attn_inp_v_idxs' [i64, ne = {   512,     1,     1,     1 }] is used by node 'cache_v_l18 (view)' (SET_ROWS)
llama_graph_n_input_tensors: input tensor '                 attn_inp_v_idxs' [i64, ne = {   512,     1,     1,     1 }] is used by node 'cache_v_l19 (view)' (SET_ROWS)
llama_graph_n_input_tensors: input tensor '                 attn_inp_v_idxs' [i64, ne = {   512,     1,     1,     1 }] is used by node 'cache_v_l20 (view)' (SET_ROWS)
llama_graph_n_input_tensors: input tensor '                 attn_inp_v_idxs' [i64, ne = {   512,     1,     1,     1 }] is used by node 'cache_v_l21 (view)' (SET_ROWS)
llama_graph_n_input_tensors: input tensor '                 attn_inp_v_idxs' [i64, ne = {   512,     1,     1,     1 }] is used by node 'cache_v_l22 (view)' (SET_ROWS)
llama_graph_n_input_tensors: input tensor '                 attn_inp_v_idxs' [i64, ne = {   512,     1,     1,     1 }] is used by node 'cache_v_l23 (view)' (SET_ROWS)
llama_graph_n_input_tensors: input tensor '                attn_inp_kq_mask' [f16, ne = {  4096,   512,     1,     1 }] is used by node 'node_24' (FLASH_ATTN_EXT)
llama_graph_n_input_tensors: input tensor '                attn_inp_kq_mask' [f16, ne = {  4096,   512,     1,     1 }] is used by node 'node_58' (FLASH_ATTN_EXT)
llama_graph_n_input_tensors: input tensor '                attn_inp_kq_mask' [f16, ne = {  4096,   512,     1,     1 }] is used by node 'node_92' (FLASH_ATTN_EXT)
llama_graph_n_input_tensors: input tensor '                attn_inp_kq_mask' [f16, ne = {  4096,   512,     1,     1 }] is used by node 'node_126' (FLASH_ATTN_EXT)
llama_graph_n_input_tensors: input tensor '                attn_inp_kq_mask' [f16, ne = {  4096,   512,     1,     1 }] is used by node 'node_160' (FLASH_ATTN_EXT)
llama_graph_n_input_tensors: input tensor '                attn_inp_kq_mask' [f16, ne = {  4096,   512,     1,     1 }] is used by node 'node_194' (FLASH_ATTN_EXT)
llama_graph_n_input_tensors: input tensor '                attn_inp_kq_mask' [f16, ne = {  4096,   512,     1,     1 }] is used by node 'node_228' (FLASH_ATTN_EXT)
llama_graph_n_input_tensors: input tensor '                attn_inp_kq_mask' [f16, ne = {  4096,   512,     1,     1 }] is used by node 'node_262' (FLASH_ATTN_EXT)
llama_graph_n_input_tensors: input tensor '                attn_inp_kq_mask' [f16, ne = {  4096,   512,     1,     1 }] is used by node 'node_296' (FLASH_ATTN_EXT)
llama_graph_n_input_tensors: input tensor '                attn_inp_kq_mask' [f16, ne = {  4096,   512,     1,     1 }] is used by node 'node_330' (FLASH_ATTN_EXT)
llama_graph_n_input_tensors: input tensor '                attn_inp_kq_mask' [f16, ne = {  4096,   512,     1,     1 }] is used by node 'node_364' (FLASH_ATTN_EXT)
llama_graph_n_input_tensors: input tensor '                attn_inp_kq_mask' [f16, ne = {  4096,   512,     1,     1 }] is used by node 'node_398' (FLASH_ATTN_EXT)
llama_graph_n_input_tensors: input tensor '                attn_inp_kq_mask' [f16, ne = {  4096,   512,     1,     1 }] is used by node 'node_432' (FLASH_ATTN_EXT)
llama_graph_n_input_tensors: input tensor '                attn_inp_kq_mask' [f16, ne = {  4096,   512,     1,     1 }] is used by node 'node_466' (FLASH_ATTN_EXT)
llama_graph_n_input_tensors: input tensor '                attn_inp_kq_mask' [f16, ne = {  4096,   512,     1,     1 }] is used by node 'node_500' (FLASH_ATTN_EXT)
llama_graph_n_input_tensors: input tensor '                attn_inp_kq_mask' [f16, ne = {  4096,   512,     1,     1 }] is used by node 'node_534' (FLASH_ATTN_EXT)
llama_graph_n_input_tensors: input tensor '                attn_inp_kq_mask' [f16, ne = {  4096,   512,     1,     1 }] is used by node 'node_568' (FLASH_ATTN_EXT)
llama_graph_n_input_tensors: input tensor '                attn_inp_kq_mask' [f16, ne = {  4096,   512,     1,     1 }] is used by node 'node_602' (FLASH_ATTN_EXT)
llama_graph_n_input_tensors: input tensor '                attn_inp_kq_mask' [f16, ne = {  4096,   512,     1,     1 }] is used by node 'node_636' (FLASH_ATTN_EXT)
llama_graph_n_input_tensors: input tensor '                attn_inp_kq_mask' [f16, ne = {  4096,   512,     1,     1 }] is used by node 'node_670' (FLASH_ATTN_EXT)
llama_graph_n_input_tensors: input tensor '                attn_inp_kq_mask' [f16, ne = {  4096,   512,     1,     1 }] is used by node 'node_704' (FLASH_ATTN_EXT)
llama_graph_n_input_tensors: input tensor '                attn_inp_kq_mask' [f16, ne = {  4096,   512,     1,     1 }] is used by node 'node_738' (FLASH_ATTN_EXT)
llama_graph_n_input_tensors: input tensor '                attn_inp_kq_mask' [f16, ne = {  4096,   512,     1,     1 }] is used by node 'node_772' (FLASH_ATTN_EXT)
llama_graph_n_input_tensors: input tensor '                attn_inp_kq_mask' [f16, ne = {  4096,   512,     1,     1 }] is used by node 'node_806' (FLASH_ATTN_EXT)
llama_graph_n_input_tensors: input tensor '                 attn_inp_k_idxs' [i64, ne = {   512,     1,     1,     1 }] is used by node 'cache_k_l0 (view)' (SET_ROWS)
llama_graph_n_input_tensors: input tensor '                 attn_inp_k_idxs' [i64, ne = {   512,     1,     1,     1 }] is used by node 'cache_k_l1 (view)' (SET_ROWS)
llama_graph_n_input_tensors: input tensor '                 attn_inp_k_idxs' [i64, ne = {   512,     1,     1,     1 }] is used by node 'cache_k_l2 (view)' (SET_ROWS)
llama_graph_n_input_tensors: input tensor '                 attn_inp_k_idxs' [i64, ne = {   512,     1,     1,     1 }] is used by node 'cache_k_l3 (view)' (SET_ROWS)
llama_graph_n_input_tensors: input tensor '                 attn_inp_k_idxs' [i64, ne = {   512,     1,     1,     1 }] is used by node 'cache_k_l4 (view)' (SET_ROWS)
llama_graph_n_input_tensors: input tensor '                 attn_inp_k_idxs' [i64, ne = {   512,     1,     1,     1 }] is used by node 'cache_k_l5 (view)' (SET_ROWS)
llama_graph_n_input_tensors: input tensor '                 attn_inp_k_idxs' [i64, ne = {   512,     1,     1,     1 }] is used by node 'cache_k_l6 (view)' (SET_ROWS)
llama_graph_n_input_tensors: input tensor '                 attn_inp_k_idxs' [i64, ne = {   512,     1,     1,     1 }] is used by node 'cache_k_l7 (view)' (SET_ROWS)
llama_graph_n_input_tensors: input tensor '                 attn_inp_k_idxs' [i64, ne = {   512,     1,     1,     1 }] is used by node 'cache_k_l8 (view)' (SET_ROWS)
llama_graph_n_input_tensors: input tensor '                 attn_inp_k_idxs' [i64, ne = {   512,     1,     1,     1 }] is used by node 'cache_k_l9 (view)' (SET_ROWS)
llama_graph_n_input_tensors: input tensor '                 attn_inp_k_idxs' [i64, ne = {   512,     1,     1,     1 }] is used by node 'cache_k_l10 (view)' (SET_ROWS)
llama_graph_n_input_tensors: input tensor '                 attn_inp_k_idxs' [i64, ne = {   512,     1,     1,     1 }] is used by node 'cache_k_l11 (view)' (SET_ROWS)
llama_graph_n_input_tensors: input tensor '                 attn_inp_k_idxs' [i64, ne = {   512,     1,     1,     1 }] is used by node 'cache_k_l12 (view)' (SET_ROWS)
llama_graph_n_input_tensors: input tensor '                 attn_inp_k_idxs' [i64, ne = {   512,     1,     1,     1 }] is used by node 'cache_k_l13 (view)' (SET_ROWS)
llama_graph_n_input_tensors: input tensor '                 attn_inp_k_idxs' [i64, ne = {   512,     1,     1,     1 }] is used by node 'cache_k_l14 (view)' (SET_ROWS)
llama_graph_n_input_tensors: input tensor '                 attn_inp_k_idxs' [i64, ne = {   512,     1,     1,     1 }] is used by node 'cache_k_l15 (view)' (SET_ROWS)
llama_graph_n_input_tensors: input tensor '                 attn_inp_k_idxs' [i64, ne = {   512,     1,     1,     1 }] is used by node 'cache_k_l16 (view)' (SET_ROWS)
llama_graph_n_input_tensors: input tensor '                 attn_inp_k_idxs' [i64, ne = {   512,     1,     1,     1 }] is used by node 'cache_k_l17 (view)' (SET_ROWS)
llama_graph_n_input_tensors: input tensor '                 attn_inp_k_idxs' [i64, ne = {   512,     1,     1,     1 }] is used by node 'cache_k_l18 (view)' (SET_ROWS)
llama_graph_n_input_tensors: input tensor '                 attn_inp_k_idxs' [i64, ne = {   512,     1,     1,     1 }] is used by node 'cache_k_l19 (view)' (SET_ROWS)
llama_graph_n_input_tensors: input tensor '                 attn_inp_k_idxs' [i64, ne = {   512,     1,     1,     1 }] is used by node 'cache_k_l20 (view)' (SET_ROWS)
llama_graph_n_input_tensors: input tensor '                 attn_inp_k_idxs' [i64, ne = {   512,     1,     1,     1 }] is used by node 'cache_k_l21 (view)' (SET_ROWS)
llama_graph_n_input_tensors: input tensor '                 attn_inp_k_idxs' [i64, ne = {   512,     1,     1,     1 }] is used by node 'cache_k_l22 (view)' (SET_ROWS)
llama_graph_n_input_tensors: input tensor '                 attn_inp_k_idxs' [i64, ne = {   512,     1,     1,     1 }] is used by node 'cache_k_l23 (view)' (SET_ROWS)
graph_reserve: reserving a graph for ubatch with n_tokens =    1, n_seqs =  1, n_outputs =    1
llama_graph_n_input_tensors: input tensor '                         out_ids' [i32, ne = {     1,     1,     1,     1 }] is used by node 'node_809' (GET_ROWS)
llama_graph_n_input_tensors: input tensor '                         out_ids' [i32, ne = {     1,     1,     1,     1 }] is used by node 'node_810' (GET_ROWS)
llama_graph_n_input_tensors: input tensor '                      inp_tokens' [i32, ne = {     1,     1,     1,     1 }] is used by node 'embd' (GET_ROWS)
llama_graph_n_input_tensors: input tensor '                         inp_pos' [i32, ne = {     1,     1,     1,     1 }] is used by node 'Qcur-0' (ROPE)
llama_graph_n_input_tensors: input tensor '                         inp_pos' [i32, ne = {     1,     1,     1,     1 }] is used by node 'Kcur-0' (ROPE)
llama_graph_n_input_tensors: input tensor '                         inp_pos' [i32, ne = {     1,     1,     1,     1 }] is used by node 'Qcur-1' (ROPE)
llama_graph_n_input_tensors: input tensor '                         inp_pos' [i32, ne = {     1,     1,     1,     1 }] is used by node 'Kcur-1' (ROPE)
llama_graph_n_input_tensors: input tensor '                         inp_pos' [i32, ne = {     1,     1,     1,     1 }] is used by node 'Qcur-2' (ROPE)
llama_graph_n_input_tensors: input tensor '                         inp_pos' [i32, ne = {     1,     1,     1,     1 }] is used by node 'Kcur-2' (ROPE)
llama_graph_n_input_tensors: input tensor '                         inp_pos' [i32, ne = {     1,     1,     1,     1 }] is used by node 'Qcur-3' (ROPE)
llama_graph_n_input_tensors: input tensor '                         inp_pos' [i32, ne = {     1,     1,     1,     1 }] is used by node 'Kcur-3' (ROPE)
llama_graph_n_input_tensors: input tensor '                         inp_pos' [i32, ne = {     1,     1,     1,     1 }] is used by node 'Qcur-4' (ROPE)
llama_graph_n_input_tensors: input tensor '                         inp_pos' [i32, ne = {     1,     1,     1,     1 }] is used by node 'Kcur-4' (ROPE)
llama_graph_n_input_tensors: input tensor '                         inp_pos' [i32, ne = {     1,     1,     1,     1 }] is used by node 'Qcur-5' (ROPE)
llama_graph_n_input_tensors: input tensor '                         inp_pos' [i32, ne = {     1,     1,     1,     1 }] is used by node 'Kcur-5' (ROPE)
llama_graph_n_input_tensors: input tensor '                         inp_pos' [i32, ne = {     1,     1,     1,     1 }] is used by node 'Qcur-6' (ROPE)
llama_graph_n_input_tensors: input tensor '                         inp_pos' [i32, ne = {     1,     1,     1,     1 }] is used by node 'Kcur-6' (ROPE)
llama_graph_n_input_tensors: input tensor '                         inp_pos' [i32, ne = {     1,     1,     1,     1 }] is used by node 'Qcur-7' (ROPE)
llama_graph_n_input_tensors: input tensor '                         inp_pos' [i32, ne = {     1,     1,     1,     1 }] is used by node 'Kcur-7' (ROPE)
llama_graph_n_input_tensors: input tensor '                         inp_pos' [i32, ne = {     1,     1,     1,     1 }] is used by node 'Qcur-8' (ROPE)
llama_graph_n_input_tensors: input tensor '                         inp_pos' [i32, ne = {     1,     1,     1,     1 }] is used by node 'Kcur-8' (ROPE)
llama_graph_n_input_tensors: input tensor '                         inp_pos' [i32, ne = {     1,     1,     1,     1 }] is used by node 'Qcur-9' (ROPE)
llama_graph_n_input_tensors: input tensor '                         inp_pos' [i32, ne = {     1,     1,     1,     1 }] is used by node 'Kcur-9' (ROPE)
llama_graph_n_input_tensors: input tensor '                         inp_pos' [i32, ne = {     1,     1,     1,     1 }] is used by node 'Qcur-10' (ROPE)
llama_graph_n_input_tensors: input tensor '                         inp_pos' [i32, ne = {     1,     1,     1,     1 }] is used by node 'Kcur-10' (ROPE)
llama_graph_n_input_tensors: input tensor '                         inp_pos' [i32, ne = {     1,     1,     1,     1 }] is used by node 'Qcur-11' (ROPE)
llama_graph_n_input_tensors: input tensor '                         inp_pos' [i32, ne = {     1,     1,     1,     1 }] is used by node 'Kcur-11' (ROPE)
llama_graph_n_input_tensors: input tensor '                         inp_pos' [i32, ne = {     1,     1,     1,     1 }] is used by node 'Qcur-12' (ROPE)
llama_graph_n_input_tensors: input tensor '                         inp_pos' [i32, ne = {     1,     1,     1,     1 }] is used by node 'Kcur-12' (ROPE)
llama_graph_n_input_tensors: input tensor '                         inp_pos' [i32, ne = {     1,     1,     1,     1 }] is used by node 'Qcur-13' (ROPE)
llama_graph_n_input_tensors: input tensor '                         inp_pos' [i32, ne = {     1,     1,     1,     1 }] is used by node 'Kcur-13' (ROPE)
llama_graph_n_input_tensors: input tensor '                         inp_pos' [i32, ne = {     1,     1,     1,     1 }] is used by node 'Qcur-14' (ROPE)
llama_graph_n_input_tensors: input tensor '                         inp_pos' [i32, ne = {     1,     1,     1,     1 }] is used by node 'Kcur-14' (ROPE)
llama_graph_n_input_tensors: input tensor '                         inp_pos' [i32, ne = {     1,     1,     1,     1 }] is used by node 'Qcur-15' (ROPE)
llama_graph_n_input_tensors: input tensor '                         inp_pos' [i32, ne = {     1,     1,     1,     1 }] is used by node 'Kcur-15' (ROPE)
llama_graph_n_input_tensors: input tensor '                         inp_pos' [i32, ne = {     1,     1,     1,     1 }] is used by node 'Qcur-16' (ROPE)
llama_graph_n_input_tensors: input tensor '                         inp_pos' [i32, ne = {     1,     1,     1,     1 }] is used by node 'Kcur-16' (ROPE)
llama_graph_n_input_tensors: input tensor '                         inp_pos' [i32, ne = {     1,     1,     1,     1 }] is used by node 'Qcur-17' (ROPE)
llama_graph_n_input_tensors: input tensor '                         inp_pos' [i32, ne = {     1,     1,     1,     1 }] is used by node 'Kcur-17' (ROPE)
llama_graph_n_input_tensors: input tensor '                         inp_pos' [i32, ne = {     1,     1,     1,     1 }] is used by node 'Qcur-18' (ROPE)
llama_graph_n_input_tensors: input tensor '                         inp_pos' [i32, ne = {     1,     1,     1,     1 }] is used by node 'Kcur-18' (ROPE)
llama_graph_n_input_tensors: input tensor '                         inp_pos' [i32, ne = {     1,     1,     1,     1 }] is used by node 'Qcur-19' (ROPE)
llama_graph_n_input_tensors: input tensor '                         inp_pos' [i32, ne = {     1,     1,     1,     1 }] is used by node 'Kcur-19' (ROPE)
llama_graph_n_input_tensors: input tensor '                         inp_pos' [i32, ne = {     1,     1,     1,     1 }] is used by node 'Qcur-20' (ROPE)
llama_graph_n_input_tensors: input tensor '                         inp_pos' [i32, ne = {     1,     1,     1,     1 }] is used by node 'Kcur-20' (ROPE)
llama_graph_n_input_tensors: input tensor '                         inp_pos' [i32, ne = {     1,     1,     1,     1 }] is used by node 'Qcur-21' (ROPE)
llama_graph_n_input_tensors: input tensor '                         inp_pos' [i32, ne = {     1,     1,     1,     1 }] is used by node 'Kcur-21' (ROPE)
llama_graph_n_input_tensors: input tensor '                         inp_pos' [i32, ne = {     1,     1,     1,     1 }] is used by node 'Qcur-22' (ROPE)
llama_graph_n_input_tensors: input tensor '                         inp_pos' [i32, ne = {     1,     1,     1,     1 }] is used by node 'Kcur-22' (ROPE)
llama_graph_n_input_tensors: input tensor '                         inp_pos' [i32, ne = {     1,     1,     1,     1 }] is used by node 'Qcur-23' (ROPE)
llama_graph_n_input_tensors: input tensor '                         inp_pos' [i32, ne = {     1,     1,     1,     1 }] is used by node 'Kcur-23' (ROPE)
llama_graph_n_input_tensors: input tensor '                 attn_inp_v_idxs' [i64, ne = {     1,     1,     1,     1 }] is used by node 'cache_v_l0 (view)' (SET_ROWS)
llama_graph_n_input_tensors: input tensor '                 attn_inp_v_idxs' [i64, ne = {     1,     1,     1,     1 }] is used by node 'cache_v_l1 (view)' (SET_ROWS)
llama_graph_n_input_tensors: input tensor '                 attn_inp_v_idxs' [i64, ne = {     1,     1,     1,     1 }] is used by node 'cache_v_l2 (view)' (SET_ROWS)
llama_graph_n_input_tensors: input tensor '                 attn_inp_v_idxs' [i64, ne = {     1,     1,     1,     1 }] is used by node 'cache_v_l3 (view)' (SET_ROWS)
llama_graph_n_input_tensors: input tensor '                 attn_inp_v_idxs' [i64, ne = {     1,     1,     1,     1 }] is used by node 'cache_v_l4 (view)' (SET_ROWS)
llama_graph_n_input_tensors: input tensor '                 attn_inp_v_idxs' [i64, ne = {     1,     1,     1,     1 }] is used by node 'cache_v_l5 (view)' (SET_ROWS)
llama_graph_n_input_tensors: input tensor '                 attn_inp_v_idxs' [i64, ne = {     1,     1,     1,     1 }] is used by node 'cache_v_l6 (view)' (SET_ROWS)
llama_graph_n_input_tensors: input tensor '                 attn_inp_v_idxs' [i64, ne = {     1,     1,     1,     1 }] is used by node 'cache_v_l7 (view)' (SET_ROWS)
llama_graph_n_input_tensors: input tensor '                 attn_inp_v_idxs' [i64, ne = {     1,     1,     1,     1 }] is used by node 'cache_v_l8 (view)' (SET_ROWS)
llama_graph_n_input_tensors: input tensor '                 attn_inp_v_idxs' [i64, ne = {     1,     1,     1,     1 }] is used by node 'cache_v_l9 (view)' (SET_ROWS)
llama_graph_n_input_tensors: input tensor '                 attn_inp_v_idxs' [i64, ne = {     1,     1,     1,     1 }] is used by node 'cache_v_l10 (view)' (SET_ROWS)
llama_graph_n_input_tensors: input tensor '                 attn_inp_v_idxs' [i64, ne = {     1,     1,     1,     1 }] is used by node 'cache_v_l11 (view)' (SET_ROWS)
llama_graph_n_input_tensors: input tensor '                 attn_inp_v_idxs' [i64, ne = {     1,     1,     1,     1 }] is used by node 'cache_v_l12 (view)' (SET_ROWS)
llama_graph_n_input_tensors: input tensor '                 attn_inp_v_idxs' [i64, ne = {     1,     1,     1,     1 }] is used by node 'cache_v_l13 (view)' (SET_ROWS)
llama_graph_n_input_tensors: input tensor '                 attn_inp_v_idxs' [i64, ne = {     1,     1,     1,     1 }] is used by node 'cache_v_l14 (view)' (SET_ROWS)
llama_graph_n_input_tensors: input tensor '                 attn_inp_v_idxs' [i64, ne = {     1,     1,     1,     1 }] is used by node 'cache_v_l15 (view)' (SET_ROWS)
llama_graph_n_input_tensors: input tensor '                 attn_inp_v_idxs' [i64, ne = {     1,     1,     1,     1 }] is used by node 'cache_v_l16 (view)' (SET_ROWS)
llama_graph_n_input_tensors: input tensor '                 attn_inp_v_idxs' [i64, ne = {     1,     1,     1,     1 }] is used by node 'cache_v_l17 (view)' (SET_ROWS)
llama_graph_n_input_tensors: input tensor '                 attn_inp_v_idxs' [i64, ne = {     1,     1,     1,     1 }] is used by node 'cache_v_l18 (view)' (SET_ROWS)
llama_graph_n_input_tensors: input tensor '                 attn_inp_v_idxs' [i64, ne = {     1,     1,     1,     1 }] is used by node 'cache_v_l19 (view)' (SET_ROWS)
llama_graph_n_input_tensors: input tensor '                 attn_inp_v_idxs' [i64, ne = {     1,     1,     1,     1 }] is used by node 'cache_v_l20 (view)' (SET_ROWS)
llama_graph_n_input_tensors: input tensor '                 attn_inp_v_idxs' [i64, ne = {     1,     1,     1,     1 }] is used by node 'cache_v_l21 (view)' (SET_ROWS)
llama_graph_n_input_tensors: input tensor '                 attn_inp_v_idxs' [i64, ne = {     1,     1,     1,     1 }] is used by node 'cache_v_l22 (view)' (SET_ROWS)
llama_graph_n_input_tensors: input tensor '                 attn_inp_v_idxs' [i64, ne = {     1,     1,     1,     1 }] is used by node 'cache_v_l23 (view)' (SET_ROWS)
llama_graph_n_input_tensors: input tensor '                attn_inp_kq_mask' [f16, ne = {  4096,     1,     1,     1 }] is used by node 'node_24' (FLASH_ATTN_EXT)
llama_graph_n_input_tensors: input tensor '                attn_inp_kq_mask' [f16, ne = {  4096,     1,     1,     1 }] is used by node 'node_58' (FLASH_ATTN_EXT)
llama_graph_n_input_tensors: input tensor '                attn_inp_kq_mask' [f16, ne = {  4096,     1,     1,     1 }] is used by node 'node_92' (FLASH_ATTN_EXT)
llama_graph_n_input_tensors: input tensor '                attn_inp_kq_mask' [f16, ne = {  4096,     1,     1,     1 }] is used by node 'node_126' (FLASH_ATTN_EXT)
llama_graph_n_input_tensors: input tensor '                attn_inp_kq_mask' [f16, ne = {  4096,     1,     1,     1 }] is used by node 'node_160' (FLASH_ATTN_EXT)
llama_graph_n_input_tensors: input tensor '                attn_inp_kq_mask' [f16, ne = {  4096,     1,     1,     1 }] is used by node 'node_194' (FLASH_ATTN_EXT)
llama_graph_n_input_tensors: input tensor '                attn_inp_kq_mask' [f16, ne = {  4096,     1,     1,     1 }] is used by node 'node_228' (FLASH_ATTN_EXT)
llama_graph_n_input_tensors: input tensor '                attn_inp_kq_mask' [f16, ne = {  4096,     1,     1,     1 }] is used by node 'node_262' (FLASH_ATTN_EXT)
llama_graph_n_input_tensors: input tensor '                attn_inp_kq_mask' [f16, ne = {  4096,     1,     1,     1 }] is used by node 'node_296' (FLASH_ATTN_EXT)
llama_graph_n_input_tensors: input tensor '                attn_inp_kq_mask' [f16, ne = {  4096,     1,     1,     1 }] is used by node 'node_330' (FLASH_ATTN_EXT)
llama_graph_n_input_tensors: input tensor '                attn_inp_kq_mask' [f16, ne = {  4096,     1,     1,     1 }] is used by node 'node_364' (FLASH_ATTN_EXT)
llama_graph_n_input_tensors: input tensor '                attn_inp_kq_mask' [f16, ne = {  4096,     1,     1,     1 }] is used by node 'node_398' (FLASH_ATTN_EXT)
llama_graph_n_input_tensors: input tensor '                attn_inp_kq_mask' [f16, ne = {  4096,     1,     1,     1 }] is used by node 'node_432' (FLASH_ATTN_EXT)
llama_graph_n_input_tensors: input tensor '                attn_inp_kq_mask' [f16, ne = {  4096,     1,     1,     1 }] is used by node 'node_466' (FLASH_ATTN_EXT)
llama_graph_n_input_tensors: input tensor '                attn_inp_kq_mask' [f16, ne = {  4096,     1,     1,     1 }] is used by node 'node_500' (FLASH_ATTN_EXT)
llama_graph_n_input_tensors: input tensor '                attn_inp_kq_mask' [f16, ne = {  4096,     1,     1,     1 }] is used by node 'node_534' (FLASH_ATTN_EXT)
llama_graph_n_input_tensors: input tensor '                attn_inp_kq_mask' [f16, ne = {  4096,     1,     1,     1 }] is used by node 'node_568' (FLASH_ATTN_EXT)
llama_graph_n_input_tensors: input tensor '                attn_inp_kq_mask' [f16, ne = {  4096,     1,     1,     1 }] is used by node 'node_602' (FLASH_ATTN_EXT)
llama_graph_n_input_tensors: input tensor '                attn_inp_kq_mask' [f16, ne = {  4096,     1,     1,     1 }] is used by node 'node_636' (FLASH_ATTN_EXT)
llama_graph_n_input_tensors: input tensor '                attn_inp_kq_mask' [f16, ne = {  4096,     1,     1,     1 }] is used by node 'node_670' (FLASH_ATTN_EXT)
llama_graph_n_input_tensors: input tensor '                attn_inp_kq_mask' [f16, ne = {  4096,     1,     1,     1 }] is used by node 'node_704' (FLASH_ATTN_EXT)
llama_graph_n_input_tensors: input tensor '                attn_inp_kq_mask' [f16, ne = {  4096,     1,     1,     1 }] is used by node 'node_738' (FLASH_ATTN_EXT)
llama_graph_n_input_tensors: input tensor '                attn_inp_kq_mask' [f16, ne = {  4096,     1,     1,     1 }] is used by node 'node_772' (FLASH_ATTN_EXT)
llama_graph_n_input_tensors: input tensor '                attn_inp_kq_mask' [f16, ne = {  4096,     1,     1,     1 }] is used by node 'node_806' (FLASH_ATTN_EXT)
llama_graph_n_input_tensors: input tensor '                 attn_inp_k_idxs' [i64, ne = {     1,     1,     1,     1 }] is used by node 'cache_k_l0 (view)' (SET_ROWS)
llama_graph_n_input_tensors: input tensor '                 attn_inp_k_idxs' [i64, ne = {     1,     1,     1,     1 }] is used by node 'cache_k_l1 (view)' (SET_ROWS)
llama_graph_n_input_tensors: input tensor '                 attn_inp_k_idxs' [i64, ne = {     1,     1,     1,     1 }] is used by node 'cache_k_l2 (view)' (SET_ROWS)
llama_graph_n_input_tensors: input tensor '                 attn_inp_k_idxs' [i64, ne = {     1,     1,     1,     1 }] is used by node 'cache_k_l3 (view)' (SET_ROWS)
llama_graph_n_input_tensors: input tensor '                 attn_inp_k_idxs' [i64, ne = {     1,     1,     1,     1 }] is used by node 'cache_k_l4 (view)' (SET_ROWS)
llama_graph_n_input_tensors: input tensor '                 attn_inp_k_idxs' [i64, ne = {     1,     1,     1,     1 }] is used by node 'cache_k_l5 (view)' (SET_ROWS)
llama_graph_n_input_tensors: input tensor '                 attn_inp_k_idxs' [i64, ne = {     1,     1,     1,     1 }] is used by node 'cache_k_l6 (view)' (SET_ROWS)
llama_graph_n_input_tensors: input tensor '                 attn_inp_k_idxs' [i64, ne = {     1,     1,     1,     1 }] is used by node 'cache_k_l7 (view)' (SET_ROWS)
llama_graph_n_input_tensors: input tensor '                 attn_inp_k_idxs' [i64, ne = {     1,     1,     1,     1 }] is used by node 'cache_k_l8 (view)' (SET_ROWS)
llama_graph_n_input_tensors: input tensor '                 attn_inp_k_idxs' [i64, ne = {     1,     1,     1,     1 }] is used by node 'cache_k_l9 (view)' (SET_ROWS)
llama_graph_n_input_tensors: input tensor '                 attn_inp_k_idxs' [i64, ne = {     1,     1,     1,     1 }] is used by node 'cache_k_l10 (view)' (SET_ROWS)
llama_graph_n_input_tensors: input tensor '                 attn_inp_k_idxs' [i64, ne = {     1,     1,     1,     1 }] is used by node 'cache_k_l11 (view)' (SET_ROWS)
llama_graph_n_input_tensors: input tensor '                 attn_inp_k_idxs' [i64, ne = {     1,     1,     1,     1 }] is used by node 'cache_k_l12 (view)' (SET_ROWS)
llama_graph_n_input_tensors: input tensor '                 attn_inp_k_idxs' [i64, ne = {     1,     1,     1,     1 }] is used by node 'cache_k_l13 (view)' (SET_ROWS)
llama_graph_n_input_tensors: input tensor '                 attn_inp_k_idxs' [i64, ne = {     1,     1,     1,     1 }] is used by node 'cache_k_l14 (view)' (SET_ROWS)
llama_graph_n_input_tensors: input tensor '                 attn_inp_k_idxs' [i64, ne = {     1,     1,     1,     1 }] is used by node 'cache_k_l15 (view)' (SET_ROWS)
llama_graph_n_input_tensors: input tensor '                 attn_inp_k_idxs' [i64, ne = {     1,     1,     1,     1 }] is used by node 'cache_k_l16 (view)' (SET_ROWS)
llama_graph_n_input_tensors: input tensor '                 attn_inp_k_idxs' [i64, ne = {     1,     1,     1,     1 }] is used by node 'cache_k_l17 (view)' (SET_ROWS)
llama_graph_n_input_tensors: input tensor '                 attn_inp_k_idxs' [i64, ne = {     1,     1,     1,     1 }] is used by node 'cache_k_l18 (view)' (SET_ROWS)
llama_graph_n_input_tensors: input tensor '                 attn_inp_k_idxs' [i64, ne = {     1,     1,     1,     1 }] is used by node 'cache_k_l19 (view)' (SET_ROWS)
llama_graph_n_input_tensors: input tensor '                 attn_inp_k_idxs' [i64, ne = {     1,     1,     1,     1 }] is used by node 'cache_k_l20 (view)' (SET_ROWS)
llama_graph_n_input_tensors: input tensor '                 attn_inp_k_idxs' [i64, ne = {     1,     1,     1,     1 }] is used by node 'cache_k_l21 (view)' (SET_ROWS)
llama_graph_n_input_tensors: input tensor '                 attn_inp_k_idxs' [i64, ne = {     1,     1,     1,     1 }] is used by node 'cache_k_l22 (view)' (SET_ROWS)
llama_graph_n_input_tensors: input tensor '                 attn_inp_k_idxs' [i64, ne = {     1,     1,     1,     1 }] is used by node 'cache_k_l23 (view)' (SET_ROWS)
graph_reserve: reserving a graph for ubatch with n_tokens =  512, n_seqs =  1, n_outputs =  512
llama_graph_n_input_tensors: input tensor '                         out_ids' [i32, ne = {   512,     1,     1,     1 }] is used by node 'node_809' (GET_ROWS)
llama_graph_n_input_tensors: input tensor '                         out_ids' [i32, ne = {   512,     1,     1,     1 }] is used by node 'node_810' (GET_ROWS)
llama_graph_n_input_tensors: input tensor '                      inp_tokens' [i32, ne = {   512,     1,     1,     1 }] is used by node 'embd' (GET_ROWS)
llama_graph_n_input_tensors: input tensor '                         inp_pos' [i32, ne = {   512,     1,     1,     1 }] is used by node 'Qcur-0' (ROPE)
llama_graph_n_input_tensors: input tensor '                         inp_pos' [i32, ne = {   512,     1,     1,     1 }] is used by node 'Kcur-0' (ROPE)
llama_graph_n_input_tensors: input tensor '                         inp_pos' [i32, ne = {   512,     1,     1,     1 }] is used by node 'Qcur-1' (ROPE)
llama_graph_n_input_tensors: input tensor '                         inp_pos' [i32, ne = {   512,     1,     1,     1 }] is used by node 'Kcur-1' (ROPE)
llama_graph_n_input_tensors: input tensor '                         inp_pos' [i32, ne = {   512,     1,     1,     1 }] is used by node 'Qcur-2' (ROPE)
llama_graph_n_input_tensors: input tensor '                         inp_pos' [i32, ne = {   512,     1,     1,     1 }] is used by node 'Kcur-2' (ROPE)
llama_graph_n_input_tensors: input tensor '                         inp_pos' [i32, ne = {   512,     1,     1,     1 }] is used by node 'Qcur-3' (ROPE)
llama_graph_n_input_tensors: input tensor '                         inp_pos' [i32, ne = {   512,     1,     1,     1 }] is used by node 'Kcur-3' (ROPE)
llama_graph_n_input_tensors: input tensor '                         inp_pos' [i32, ne = {   512,     1,     1,     1 }] is used by node 'Qcur-4' (ROPE)
llama_graph_n_input_tensors: input tensor '                         inp_pos' [i32, ne = {   512,     1,     1,     1 }] is used by node 'Kcur-4' (ROPE)
llama_graph_n_input_tensors: input tensor '                         inp_pos' [i32, ne = {   512,     1,     1,     1 }] is used by node 'Qcur-5' (ROPE)
llama_graph_n_input_tensors: input tensor '                         inp_pos' [i32, ne = {   512,     1,     1,     1 }] is used by node 'Kcur-5' (ROPE)
llama_graph_n_input_tensors: input tensor '                         inp_pos' [i32, ne = {   512,     1,     1,     1 }] is used by node 'Qcur-6' (ROPE)
llama_graph_n_input_tensors: input tensor '                         inp_pos' [i32, ne = {   512,     1,     1,     1 }] is used by node 'Kcur-6' (ROPE)
llama_graph_n_input_tensors: input tensor '                         inp_pos' [i32, ne = {   512,     1,     1,     1 }] is used by node 'Qcur-7' (ROPE)
llama_graph_n_input_tensors: input tensor '                         inp_pos' [i32, ne = {   512,     1,     1,     1 }] is used by node 'Kcur-7' (ROPE)
llama_graph_n_input_tensors: input tensor '                         inp_pos' [i32, ne = {   512,     1,     1,     1 }] is used by node 'Qcur-8' (ROPE)
llama_graph_n_input_tensors: input tensor '                         inp_pos' [i32, ne = {   512,     1,     1,     1 }] is used by node 'Kcur-8' (ROPE)
llama_graph_n_input_tensors: input tensor '                         inp_pos' [i32, ne = {   512,     1,     1,     1 }] is used by node 'Qcur-9' (ROPE)
llama_graph_n_input_tensors: input tensor '                         inp_pos' [i32, ne = {   512,     1,     1,     1 }] is used by node 'Kcur-9' (ROPE)
llama_graph_n_input_tensors: input tensor '                         inp_pos' [i32, ne = {   512,     1,     1,     1 }] is used by node 'Qcur-10' (ROPE)
llama_graph_n_input_tensors: input tensor '                         inp_pos' [i32, ne = {   512,     1,     1,     1 }] is used by node 'Kcur-10' (ROPE)
llama_graph_n_input_tensors: input tensor '                         inp_pos' [i32, ne = {   512,     1,     1,     1 }] is used by node 'Qcur-11' (ROPE)
llama_graph_n_input_tensors: input tensor '                         inp_pos' [i32, ne = {   512,     1,     1,     1 }] is used by node 'Kcur-11' (ROPE)
llama_graph_n_input_tensors: input tensor '                         inp_pos' [i32, ne = {   512,     1,     1,     1 }] is used by node 'Qcur-12' (ROPE)
llama_graph_n_input_tensors: input tensor '                         inp_pos' [i32, ne = {   512,     1,     1,     1 }] is used by node 'Kcur-12' (ROPE)
llama_graph_n_input_tensors: input tensor '                         inp_pos' [i32, ne = {   512,     1,     1,     1 }] is used by node 'Qcur-13' (ROPE)
llama_graph_n_input_tensors: input tensor '                         inp_pos' [i32, ne = {   512,     1,     1,     1 }] is used by node 'Kcur-13' (ROPE)
llama_graph_n_input_tensors: input tensor '                         inp_pos' [i32, ne = {   512,     1,     1,     1 }] is used by node 'Qcur-14' (ROPE)
llama_graph_n_input_tensors: input tensor '                         inp_pos' [i32, ne = {   512,     1,     1,     1 }] is used by node 'Kcur-14' (ROPE)
llama_graph_n_input_tensors: input tensor '                         inp_pos' [i32, ne = {   512,     1,     1,     1 }] is used by node 'Qcur-15' (ROPE)
llama_graph_n_input_tensors: input tensor '                         inp_pos' [i32, ne = {   512,     1,     1,     1 }] is used by node 'Kcur-15' (ROPE)
llama_graph_n_input_tensors: input tensor '                         inp_pos' [i32, ne = {   512,     1,     1,     1 }] is used by node 'Qcur-16' (ROPE)
llama_graph_n_input_tensors: input tensor '                         inp_pos' [i32, ne = {   512,     1,     1,     1 }] is used by node 'Kcur-16' (ROPE)
llama_graph_n_input_tensors: input tensor '                         inp_pos' [i32, ne = {   512,     1,     1,     1 }] is used by node 'Qcur-17' (ROPE)
llama_graph_n_input_tensors: input tensor '                         inp_pos' [i32, ne = {   512,     1,     1,     1 }] is used by node 'Kcur-17' (ROPE)
llama_graph_n_input_tensors: input tensor '                         inp_pos' [i32, ne = {   512,     1,     1,     1 }] is used by node 'Qcur-18' (ROPE)
llama_graph_n_input_tensors: input tensor '                         inp_pos' [i32, ne = {   512,     1,     1,     1 }] is used by node 'Kcur-18' (ROPE)
llama_graph_n_input_tensors: input tensor '                         inp_pos' [i32, ne = {   512,     1,     1,     1 }] is used by node 'Qcur-19' (ROPE)
llama_graph_n_input_tensors: input tensor '                         inp_pos' [i32, ne = {   512,     1,     1,     1 }] is used by node 'Kcur-19' (ROPE)
llama_graph_n_input_tensors: input tensor '                         inp_pos' [i32, ne = {   512,     1,     1,     1 }] is used by node 'Qcur-20' (ROPE)
llama_graph_n_input_tensors: input tensor '                         inp_pos' [i32, ne = {   512,     1,     1,     1 }] is used by node 'Kcur-20' (ROPE)
llama_graph_n_input_tensors: input tensor '                         inp_pos' [i32, ne = {   512,     1,     1,     1 }] is used by node 'Qcur-21' (ROPE)
llama_graph_n_input_tensors: input tensor '                         inp_pos' [i32, ne = {   512,     1,     1,     1 }] is used by node 'Kcur-21' (ROPE)
llama_graph_n_input_tensors: input tensor '                         inp_pos' [i32, ne = {   512,     1,     1,     1 }] is used by node 'Qcur-22' (ROPE)
llama_graph_n_input_tensors: input tensor '                         inp_pos' [i32, ne = {   512,     1,     1,     1 }] is used by node 'Kcur-22' (ROPE)
llama_graph_n_input_tensors: input tensor '                         inp_pos' [i32, ne = {   512,     1,     1,     1 }] is used by node 'Qcur-23' (ROPE)
llama_graph_n_input_tensors: input tensor '                         inp_pos' [i32, ne = {   512,     1,     1,     1 }] is used by node 'Kcur-23' (ROPE)
llama_graph_n_input_tensors: input tensor '                 attn_inp_v_idxs' [i64, ne = {   512,     1,     1,     1 }] is used by node 'cache_v_l0 (view)' (SET_ROWS)
llama_graph_n_input_tensors: input tensor '                 attn_inp_v_idxs' [i64, ne = {   512,     1,     1,     1 }] is used by node 'cache_v_l1 (view)' (SET_ROWS)
llama_graph_n_input_tensors: input tensor '                 attn_inp_v_idxs' [i64, ne = {   512,     1,     1,     1 }] is used by node 'cache_v_l2 (view)' (SET_ROWS)
llama_graph_n_input_tensors: input tensor '                 attn_inp_v_idxs' [i64, ne = {   512,     1,     1,     1 }] is used by node 'cache_v_l3 (view)' (SET_ROWS)
llama_graph_n_input_tensors: input tensor '                 attn_inp_v_idxs' [i64, ne = {   512,     1,     1,     1 }] is used by node 'cache_v_l4 (view)' (SET_ROWS)
llama_graph_n_input_tensors: input tensor '                 attn_inp_v_idxs' [i64, ne = {   512,     1,     1,     1 }] is used by node 'cache_v_l5 (view)' (SET_ROWS)
llama_graph_n_input_tensors: input tensor '                 attn_inp_v_idxs' [i64, ne = {   512,     1,     1,     1 }] is used by node 'cache_v_l6 (view)' (SET_ROWS)
llama_graph_n_input_tensors: input tensor '                 attn_inp_v_idxs' [i64, ne = {   512,     1,     1,     1 }] is used by node 'cache_v_l7 (view)' (SET_ROWS)
llama_graph_n_input_tensors: input tensor '                 attn_inp_v_idxs' [i64, ne = {   512,     1,     1,     1 }] is used by node 'cache_v_l8 (view)' (SET_ROWS)
llama_graph_n_input_tensors: input tensor '                 attn_inp_v_idxs' [i64, ne = {   512,     1,     1,     1 }] is used by node 'cache_v_l9 (view)' (SET_ROWS)
llama_graph_n_input_tensors: input tensor '                 attn_inp_v_idxs' [i64, ne = {   512,     1,     1,     1 }] is used by node 'cache_v_l10 (view)' (SET_ROWS)
llama_graph_n_input_tensors: input tensor '                 attn_inp_v_idxs' [i64, ne = {   512,     1,     1,     1 }] is used by node 'cache_v_l11 (view)' (SET_ROWS)
llama_graph_n_input_tensors: input tensor '                 attn_inp_v_idxs' [i64, ne = {   512,     1,     1,     1 }] is used by node 'cache_v_l12 (view)' (SET_ROWS)
llama_graph_n_input_tensors: input tensor '                 attn_inp_v_idxs' [i64, ne = {   512,     1,     1,     1 }] is used by node 'cache_v_l13 (view)' (SET_ROWS)
llama_graph_n_input_tensors: input tensor '                 attn_inp_v_idxs' [i64, ne = {   512,     1,     1,     1 }] is used by node 'cache_v_l14 (view)' (SET_ROWS)
llama_graph_n_input_tensors: input tensor '                 attn_inp_v_idxs' [i64, ne = {   512,     1,     1,     1 }] is used by node 'cache_v_l15 (view)' (SET_ROWS)
llama_graph_n_input_tensors: input tensor '                 attn_inp_v_idxs' [i64, ne = {   512,     1,     1,     1 }] is used by node 'cache_v_l16 (view)' (SET_ROWS)
llama_graph_n_input_tensors: input tensor '                 attn_inp_v_idxs' [i64, ne = {   512,     1,     1,     1 }] is used by node 'cache_v_l17 (view)' (SET_ROWS)
llama_graph_n_input_tensors: input tensor '                 attn_inp_v_idxs' [i64, ne = {   512,     1,     1,     1 }] is used by node 'cache_v_l18 (view)' (SET_ROWS)
llama_graph_n_input_tensors: input tensor '                 attn_inp_v_idxs' [i64, ne = {   512,     1,     1,     1 }] is used by node 'cache_v_l19 (view)' (SET_ROWS)
llama_graph_n_input_tensors: input tensor '                 attn_inp_v_idxs' [i64, ne = {   512,     1,     1,     1 }] is used by node 'cache_v_l20 (view)' (SET_ROWS)
llama_graph_n_input_tensors: input tensor '                 attn_inp_v_idxs' [i64, ne = {   512,     1,     1,     1 }] is used by node 'cache_v_l21 (view)' (SET_ROWS)
llama_graph_n_input_tensors: input tensor '                 attn_inp_v_idxs' [i64, ne = {   512,     1,     1,     1 }] is used by node 'cache_v_l22 (view)' (SET_ROWS)
llama_graph_n_input_tensors: input tensor '                 attn_inp_v_idxs' [i64, ne = {   512,     1,     1,     1 }] is used by node 'cache_v_l23 (view)' (SET_ROWS)
llama_graph_n_input_tensors: input tensor '                attn_inp_kq_mask' [f16, ne = {  4096,   512,     1,     1 }] is used by node 'node_24' (FLASH_ATTN_EXT)
llama_graph_n_input_tensors: input tensor '                attn_inp_kq_mask' [f16, ne = {  4096,   512,     1,     1 }] is used by node 'node_58' (FLASH_ATTN_EXT)
llama_graph_n_input_tensors: input tensor '                attn_inp_kq_mask' [f16, ne = {  4096,   512,     1,     1 }] is used by node 'node_92' (FLASH_ATTN_EXT)
llama_graph_n_input_tensors: input tensor '                attn_inp_kq_mask' [f16, ne = {  4096,   512,     1,     1 }] is used by node 'node_126' (FLASH_ATTN_EXT)
llama_graph_n_input_tensors: input tensor '                attn_inp_kq_mask' [f16, ne = {  4096,   512,     1,     1 }] is used by node 'node_160' (FLASH_ATTN_EXT)
llama_graph_n_input_tensors: input tensor '                attn_inp_kq_mask' [f16, ne = {  4096,   512,     1,     1 }] is used by node 'node_194' (FLASH_ATTN_EXT)
llama_graph_n_input_tensors: input tensor '                attn_inp_kq_mask' [f16, ne = {  4096,   512,     1,     1 }] is used by node 'node_228' (FLASH_ATTN_EXT)
llama_graph_n_input_tensors: input tensor '                attn_inp_kq_mask' [f16, ne = {  4096,   512,     1,     1 }] is used by node 'node_262' (FLASH_ATTN_EXT)
llama_graph_n_input_tensors: input tensor '                attn_inp_kq_mask' [f16, ne = {  4096,   512,     1,     1 }] is used by node 'node_296' (FLASH_ATTN_EXT)
llama_graph_n_input_tensors: input tensor '                attn_inp_kq_mask' [f16, ne = {  4096,   512,     1,     1 }] is used by node 'node_330' (FLASH_ATTN_EXT)
llama_graph_n_input_tensors: input tensor '                attn_inp_kq_mask' [f16, ne = {  4096,   512,     1,     1 }] is used by node 'node_364' (FLASH_ATTN_EXT)
llama_graph_n_input_tensors: input tensor '                attn_inp_kq_mask' [f16, ne = {  4096,   512,     1,     1 }] is used by node 'node_398' (FLASH_ATTN_EXT)
llama_graph_n_input_tensors: input tensor '                attn_inp_kq_mask' [f16, ne = {  4096,   512,     1,     1 }] is used by node 'node_432' (FLASH_ATTN_EXT)
llama_graph_n_input_tensors: input tensor '                attn_inp_kq_mask' [f16, ne = {  4096,   512,     1,     1 }] is used by node 'node_466' (FLASH_ATTN_EXT)
llama_graph_n_input_tensors: input tensor '                attn_inp_kq_mask' [f16, ne = {  4096,   512,     1,     1 }] is used by node 'node_500' (FLASH_ATTN_EXT)
llama_graph_n_input_tensors: input tensor '                attn_inp_kq_mask' [f16, ne = {  4096,   512,     1,     1 }] is used by node 'node_534' (FLASH_ATTN_EXT)
llama_graph_n_input_tensors: input tensor '                attn_inp_kq_mask' [f16, ne = {  4096,   512,     1,     1 }] is used by node 'node_568' (FLASH_ATTN_EXT)
llama_graph_n_input_tensors: input tensor '                attn_inp_kq_mask' [f16, ne = {  4096,   512,     1,     1 }] is used by node 'node_602' (FLASH_ATTN_EXT)
llama_graph_n_input_tensors: input tensor '                attn_inp_kq_mask' [f16, ne = {  4096,   512,     1,     1 }] is used by node 'node_636' (FLASH_ATTN_EXT)
llama_graph_n_input_tensors: input tensor '                attn_inp_kq_mask' [f16, ne = {  4096,   512,     1,     1 }] is used by node 'node_670' (FLASH_ATTN_EXT)
llama_graph_n_input_tensors: input tensor '                attn_inp_kq_mask' [f16, ne = {  4096,   512,     1,     1 }] is used by node 'node_704' (FLASH_ATTN_EXT)
llama_graph_n_input_tensors: input tensor '                attn_inp_kq_mask' [f16, ne = {  4096,   512,     1,     1 }] is used by node 'node_738' (FLASH_ATTN_EXT)
llama_graph_n_input_tensors: input tensor '                attn_inp_kq_mask' [f16, ne = {  4096,   512,     1,     1 }] is used by node 'node_772' (FLASH_ATTN_EXT)
llama_graph_n_input_tensors: input tensor '                attn_inp_kq_mask' [f16, ne = {  4096,   512,     1,     1 }] is used by node 'node_806' (FLASH_ATTN_EXT)
llama_graph_n_input_tensors: input tensor '                 attn_inp_k_idxs' [i64, ne = {   512,     1,     1,     1 }] is used by node 'cache_k_l0 (view)' (SET_ROWS)
llama_graph_n_input_tensors: input tensor '                 attn_inp_k_idxs' [i64, ne = {   512,     1,     1,     1 }] is used by node 'cache_k_l1 (view)' (SET_ROWS)
llama_graph_n_input_tensors: input tensor '                 attn_inp_k_idxs' [i64, ne = {   512,     1,     1,     1 }] is used by node 'cache_k_l2 (view)' (SET_ROWS)
llama_graph_n_input_tensors: input tensor '                 attn_inp_k_idxs' [i64, ne = {   512,     1,     1,     1 }] is used by node 'cache_k_l3 (view)' (SET_ROWS)
llama_graph_n_input_tensors: input tensor '                 attn_inp_k_idxs' [i64, ne = {   512,     1,     1,     1 }] is used by node 'cache_k_l4 (view)' (SET_ROWS)
llama_graph_n_input_tensors: input tensor '                 attn_inp_k_idxs' [i64, ne = {   512,     1,     1,     1 }] is used by node 'cache_k_l5 (view)' (SET_ROWS)
llama_graph_n_input_tensors: input tensor '                 attn_inp_k_idxs' [i64, ne = {   512,     1,     1,     1 }] is used by node 'cache_k_l6 (view)' (SET_ROWS)
llama_graph_n_input_tensors: input tensor '                 attn_inp_k_idxs' [i64, ne = {   512,     1,     1,     1 }] is used by node 'cache_k_l7 (view)' (SET_ROWS)
llama_graph_n_input_tensors: input tensor '                 attn_inp_k_idxs' [i64, ne = {   512,     1,     1,     1 }] is used by node 'cache_k_l8 (view)' (SET_ROWS)
llama_graph_n_input_tensors: input tensor '                 attn_inp_k_idxs' [i64, ne = {   512,     1,     1,     1 }] is used by node 'cache_k_l9 (view)' (SET_ROWS)
llama_graph_n_input_tensors: input tensor '                 attn_inp_k_idxs' [i64, ne = {   512,     1,     1,     1 }] is used by node 'cache_k_l10 (view)' (SET_ROWS)
llama_graph_n_input_tensors: input tensor '                 attn_inp_k_idxs' [i64, ne = {   512,     1,     1,     1 }] is used by node 'cache_k_l11 (view)' (SET_ROWS)
llama_graph_n_input_tensors: input tensor '                 attn_inp_k_idxs' [i64, ne = {   512,     1,     1,     1 }] is used by node 'cache_k_l12 (view)' (SET_ROWS)
llama_graph_n_input_tensors: input tensor '                 attn_inp_k_idxs' [i64, ne = {   512,     1,     1,     1 }] is used by node 'cache_k_l13 (view)' (SET_ROWS)
llama_graph_n_input_tensors: input tensor '                 attn_inp_k_idxs' [i64, ne = {   512,     1,     1,     1 }] is used by node 'cache_k_l14 (view)' (SET_ROWS)
llama_graph_n_input_tensors: input tensor '                 attn_inp_k_idxs' [i64, ne = {   512,     1,     1,     1 }] is used by node 'cache_k_l15 (view)' (SET_ROWS)
llama_graph_n_input_tensors: input tensor '                 attn_inp_k_idxs' [i64, ne = {   512,     1,     1,     1 }] is used by node 'cache_k_l16 (view)' (SET_ROWS)
llama_graph_n_input_tensors: input tensor '                 attn_inp_k_idxs' [i64, ne = {   512,     1,     1,     1 }] is used by node 'cache_k_l17 (view)' (SET_ROWS)
llama_graph_n_input_tensors: input tensor '                 attn_inp_k_idxs' [i64, ne = {   512,     1,     1,     1 }] is used by node 'cache_k_l18 (view)' (SET_ROWS)
llama_graph_n_input_tensors: input tensor '                 attn_inp_k_idxs' [i64, ne = {   512,     1,     1,     1 }] is used by node 'cache_k_l19 (view)' (SET_ROWS)
llama_graph_n_input_tensors: input tensor '                 attn_inp_k_idxs' [i64, ne = {   512,     1,     1,     1 }] is used by node 'cache_k_l20 (view)' (SET_ROWS)
llama_graph_n_input_tensors: input tensor '                 attn_inp_k_idxs' [i64, ne = {   512,     1,     1,     1 }] is used by node 'cache_k_l21 (view)' (SET_ROWS)
llama_graph_n_input_tensors: input tensor '                 attn_inp_k_idxs' [i64, ne = {   512,     1,     1,     1 }] is used by node 'cache_k_l22 (view)' (SET_ROWS)
llama_graph_n_input_tensors: input tensor '                 attn_inp_k_idxs' [i64, ne = {   512,     1,     1,     1 }] is used by node 'cache_k_l23 (view)' (SET_ROWS)
sched_reserve:       MTL0 compute buffer size =   298.50 MiB
sched_reserve:        CPU compute buffer size =     7.51 MiB
sched_reserve: graph: nodes = 822, splits = 2, input objects = 4, input tensors = 6
sched_reserve: reserve took 9.49 ms, sched copies = 1
phase55_llama_matrix ready: version=0.5.0-dev commit=84e76d8a23162eca70490da131945ebec1f09bf4 n_ctx=4096 n_batch=2048 n_ubatch=512 kv=bf16 flash_attention=enabled gpu_layers=99
phase55_bench ready: format=GGUF weights=516095744 packed=515952640 tensors=291
ggml_metal_library_compile_pipeline: compiling pipeline: base = 'kernel_rms_norm_mul_f32_4', name = 'kernel_rms_norm_mul_f32_4'
ggml_metal_library_compile_pipeline: loaded kernel_rms_norm_mul_f32_4                     0x105b8d460 | th_max = 1024 | th_width =   32
ggml_metal_library_compile_pipeline: compiling pipeline: base = 'kernel_mul_mv_ext_q5_1_f32_r1_4', name = 'kernel_mul_mv_ext_q5_1_f32_r1_4_nsg=2_nxpsg=8_ne12=1_r2=1_r3=1'
ggml_metal_library_compile_pipeline: loaded kernel_mul_mv_ext_q5_1_f32_r1_4_nsg=2_nxpsg=8_ne12=1_r2=1_r3=1      0x105b8dee0 | th_max = 1024 | th_width =   32
ggml_metal_library_compile_pipeline: compiling pipeline: base = 'kernel_mul_mv_ext_q8_0_f32_r1_4', name = 'kernel_mul_mv_ext_q8_0_f32_r1_4_nsg=2_nxpsg=8_ne12=1_r2=1_r3=1'
ggml_metal_library_compile_pipeline: loaded kernel_mul_mv_ext_q8_0_f32_r1_4_nsg=2_nxpsg=8_ne12=1_r2=1_r3=1      0x105b8e460 | th_max = 1024 | th_width =   32
ggml_metal_library_compile_pipeline: compiling pipeline: base = 'kernel_bin_fuse_f32_f32_f32_4', name = 'kernel_bin_fuse_f32_f32_f32_4_op=0_nf=1_rb=1_cb=0'
ggml_metal_library_compile_pipeline: loaded kernel_bin_fuse_f32_f32_f32_4_op=0_nf=1_rb=1_cb=0      0x105b8e7e0 | th_max = 1024 | th_width =   32
ggml_metal_library_compile_pipeline: compiling pipeline: base = 'kernel_rope_neox_f32', name = 'kernel_rope_neox_f32_imrope=0_is_back=0'
ggml_metal_library_compile_pipeline: loaded kernel_rope_neox_f32_imrope=0_is_back=0      0x7a173b4000 | th_max = 1024 | th_width =   32
ggml_metal_library_compile_pipeline: compiling pipeline: base = 'kernel_set_rows_f32_i64_bf16', name = 'kernel_set_rows_f32_i64_bf16'
ggml_metal_library_compile_pipeline: loaded kernel_set_rows_f32_i64_bf16                 0x7a173b4380 | th_max = 1024 | th_width =   32
ggml_metal_library_compile_pipeline: compiling pipeline: base = 'kernel_flash_attn_ext_vec_bf16_dk64_dv64', name = 'kernel_flash_attn_ext_vec_bf16_dk64_dv64_mask=1_sink=0_bias=0_scap=0_kvpad=0_sparse=0_ns10=128_ns20=128_nsg=1_nwg=32'
ggml_metal_library_compile_pipeline: loaded kernel_flash_attn_ext_vec_bf16_dk64_dv64_mask=1_sink=0_bias=0_scap=0_kvpad=0_sparse=0_ns10=128_ns20=128_nsg=1_nwg=32     0x7a173b4700 | th_max = 1024 | th_width =   32
ggml_metal_library_compile_pipeline: compiling pipeline: base = 'kernel_flash_attn_ext_vec_reduce', name = 'kernel_flash_attn_ext_vec_reduce_dv=64_nwg=32'
ggml_metal_library_compile_pipeline: loaded kernel_flash_attn_ext_vec_reduce_dv=64_nwg=32     0x7a173b4a80 | th_max = 1024 | th_width =   32
ggml_metal_library_compile_pipeline: compiling pipeline: base = 'kernel_bin_fuse_f32_f32_f32_4', name = 'kernel_bin_fuse_f32_f32_f32_4_op=0_nf=1_rb=0_cb=0'
ggml_metal_library_compile_pipeline: loaded kernel_bin_fuse_f32_f32_f32_4_op=0_nf=1_rb=0_cb=0     0x7a173b4e00 | th_max = 1024 | th_width =   32
ggml_metal_library_compile_pipeline: compiling pipeline: base = 'kernel_swiglu_f32', name = 'kernel_swiglu_f32'
ggml_metal_library_compile_pipeline: loaded kernel_swiglu_f32                            0x7a173b5180 | th_max = 1024 | th_width =   32
ggml_metal_library_compile_pipeline: compiling pipeline: base = 'kernel_mul_mv_ext_q6_K_f32_r1_4', name = 'kernel_mul_mv_ext_q6_K_f32_r1_4_nsg=2_nxpsg=8_ne12=1_r2=1_r3=1'
ggml_metal_library_compile_pipeline: loaded kernel_mul_mv_ext_q6_K_f32_r1_4_nsg=2_nxpsg=8_ne12=1_r2=1_r3=1     0x7a173b5500 | th_max = 1024 | th_width =   32
ggml_metal_library_compile_pipeline: compiling pipeline: base = 'kernel_mul_mv_ext_q5_K_f32_r1_4', name = 'kernel_mul_mv_ext_q5_K_f32_r1_4_nsg=2_nxpsg=8_ne12=1_r2=1_r3=1'
ggml_metal_library_compile_pipeline: loaded kernel_mul_mv_ext_q5_K_f32_r1_4_nsg=2_nxpsg=8_ne12=1_r2=1_r3=1     0x7a173b5c00 | th_max = 1024 | th_width =   32
ggml_metal_library_compile_pipeline: compiling pipeline: base = 'kernel_get_rows_f32', name = 'kernel_get_rows_f32'
ggml_metal_library_compile_pipeline: loaded kernel_get_rows_f32                          0x7a173b5f80 | th_max = 1024 | th_width =   32
ggml_metal_library_compile_pipeline: compiling pipeline: base = 'kernel_mul_mv_q5_1_f32', name = 'kernel_mul_mv_q5_1_f32_nsg=2_ne12=1_r2=1_r3=1_split=0'
ggml_metal_library_compile_pipeline: loaded kernel_mul_mv_q5_1_f32_nsg=2_ne12=1_r2=1_r3=1_split=0     0x7a173b6300 | th_max = 1024 | th_width =   32
ggml_metal_library_compile_pipeline: compiling pipeline: base = 'kernel_mul_mv_q5_K_f32', name = 'kernel_mul_mv_q5_K_f32_nsg=2_ne12=1_r2=1_r3=1_split=0'
ggml_metal_library_compile_pipeline: loaded kernel_mul_mv_q5_K_f32_nsg=2_ne12=1_r2=1_r3=1_split=0     0x7a173b6680 | th_max = 1024 | th_width =   32
ggml_metal_library_compile_pipeline: compiling pipeline: base = 'kernel_mul_mv_q8_0_f32', name = 'kernel_mul_mv_q8_0_f32_nsg=4_ne12=1_r2=1_r3=1_split=0'
ggml_metal_library_compile_pipeline: loaded kernel_mul_mv_q8_0_f32_nsg=4_ne12=1_r2=1_r3=1_split=0     0x7a173b6a00 | th_max = 1024 | th_width =   32
ggml_metal_library_compile_pipeline: compiling pipeline: base = 'kernel_mul_mv_q6_K_f32', name = 'kernel_mul_mv_q6_K_f32_nsg=2_ne12=1_r2=1_r3=1_split=0'
ggml_metal_library_compile_pipeline: loaded kernel_mul_mv_q6_K_f32_nsg=2_ne12=1_r2=1_r3=1_split=0     0x7a173b7100 | th_max = 1024 | th_width =   32
{"case":"m04","decode_aggregate_tps":116.45296021639258,"decode_counters":[{"allocated_bytes":4,"allocation_time":{"nanos":5125,"secs":0},"allocations":1,"arena_capacity":9091072,"arena_high_water":9091072,"command_buffers":1,"completion_waits":1,"dispatches":531,"encode":{"nanos":207995,"secs":0},"gpu":{"nanos":7577500,"secs":0},"reused_bytes":2242560,"transient_live_bytes":524288,"transient_peak_bytes":2242560,"wait":{"nanos":7814041,"secs":0}},{"allocated_bytes":4,"allocation_time":{"nanos":3875,"secs":0},"allocations":1,"arena_capacity":9091072,"arena_high_water":9091072,"command_buffers":1,"completion_waits":1,"dispatches":531,"encode":{"nanos":183930,"secs":0},"gpu":{"nanos":7690375,"secs":0},"reused_bytes":2242560,"transient_live_bytes":524288,"transient_peak_bytes":2242560,"wait":{"nanos":7889291,"secs":0}},{"allocated_bytes":4,"allocation_time":{"nanos":3541,"secs":0},"allocations":1,"arena_capacity":9091072,"arena_high_water":9091072,"command_buffers":1,"completion_waits":1,"dispatches":531,"encode":{"nanos":183515,"secs":0},"gpu":{"nanos":7893375,"secs":0},"reused_bytes":2242560,"transient_live_bytes":524288,"transient_peak_bytes":2242560,"wait":{"nanos":8142042,"secs":0}},{"allocated_bytes":4,"allocation_time":{"nanos":4625,"secs":0},"allocations":1,"arena_capacity":9091072,"arena_high_water":9091072,"command_buffers":1,"completion_waits":1,"dispatches":531,"encode":{"nanos":182307,"secs":0},"gpu":{"nanos":8024958,"secs":0},"reused_bytes":2242560,"transient_live_bytes":524288,"transient_peak_bytes":2242560,"wait":{"nanos":8331917,"secs":0}},{"allocated_bytes":4,"allocation_time":{"nanos":3125,"secs":0},"allocations":1,"arena_capacity":9091072,"arena_high_water":9091072,"command_buffers":1,"completion_waits":1,"dispatches":531,"encode":{"nanos":180242,"secs":0},"gpu":{"nanos":7790250,"secs":0},"reused_bytes":2242560,"transient_live_bytes":524288,"transient_peak_bytes":2242560,"wait":{"nanos":8035167,"secs":0}},{"allocated_bytes":4,"allocation_time":{"nanos":3625,"secs":0},"allocations":1,"arena_capacity":9091072,"arena_high_water":9091072,"command_buffers":1,"completion_waits":1,"dispatches":531,"encode":{"nanos":181632,"secs":0},"gpu":{"nanos":8156125,"secs":0},"reused_bytes":2254848,"transient_live_bytes":524288,"transient_peak_bytes":2254848,"wait":{"nanos":8391875,"secs":0}},{"allocated_bytes":4,"allocation_time":{"nanos":6500,"secs":0},"allocations":1,"arena_capacity":9091072,"arena_high_water":9091072,"command_buffers":1,"completion_waits":1,"dispatches":531,"encode":{"nanos":216545,"secs":0},"gpu":{"nanos":7915625,"secs":0},"reused_bytes":2254848,"transient_live_bytes":524288,"transient_peak_bytes":2254848,"wait":{"nanos":8239792,"secs":0}},{"allocated_bytes":4,"allocation_time":{"nanos":3708,"secs":0},"allocations":1,"arena_capacity":9091072,"arena_high_water":9091072,"command_buffers":1,"completion_waits":1,"dispatches":531,"encode":{"nanos":180146,"secs":0},"gpu":{"nanos":8055125,"secs":0},"reused_bytes":2254848,"transient_live_bytes":524288,"transient_peak_bytes":2254848,"wait":{"nanos":8280250,"secs":0}},{"allocated_bytes":4,"allocation_time":{"nanos":7791,"secs":0},"allocations":1,"arena_capacity":9091072,"arena_high_water":9091072,"command_buffers":1,"completion_waits":1,"dispatches":531,"encode":{"nanos":212594,"secs":0},"gpu":{"nanos":8014875,"secs":0},"reused_bytes":2254848,"transient_live_bytes":524288,"transient_peak_bytes":2254848,"wait":{"nanos":8231125,"secs":0}},{"allocated_bytes":4,"allocation_time":{"nanos":3541,"secs":0},"allocations":1,"arena_capacity":9091072,"arena_high_water":9091072,"command_buffers":1,"completion_waits":1,"dispatches":531,"encode":{"nanos":183763,"secs":0},"gpu":{"nanos":7806000,"secs":0},"reused_bytes":2254848,"transient_live_bytes":524288,"transient_peak_bytes":2254848,"wait":{"nanos":8061750,"secs":0}},{"allocated_bytes":4,"allocation_time":{"nanos":4500,"secs":0},"allocations":1,"arena_capacity":9091072,"arena_high_water":9091072,"command_buffers":1,"completion_waits":1,"dispatches":531,"encode":{"nanos":179549,"secs":0},"gpu":{"nanos":7732042,"secs":0},"reused_bytes":2254848,"transient_live_bytes":524288,"transient_peak_bytes":2254848,"wait":{"nanos":7984583,"secs":0}},{"allocated_bytes":4,"allocation_time":{"nanos":3625,"secs":0},"allocations":1,"arena_capacity":9091072,"arena_high_water":9091072,"command_buffers":1,"completion_waits":1,"dispatches":531,"encode":{"nanos":174080,"secs":0},"gpu":{"nanos":7988667,"secs":0},"reused_bytes":2254848,"transient_live_bytes":524288,"transient_peak_bytes":2254848,"wait":{"nanos":8228125,"secs":0}},{"allocated_bytes":4,"allocation_time":{"nanos":3875,"secs":0},"allocations":1,"arena_capacity":9091072,"arena_high_water":9091072,"command_buffers":1,"completion_waits":1,"dispatches":531,"encode":{"nanos":178047,"secs":0},"gpu":{"nanos":7888500,"secs":0},"reused_bytes":2254848,"transient_live_bytes":524288,"transient_peak_bytes":2254848,"wait":{"nanos":8094459,"secs":0}},{"allocated_bytes":4,"allocation_time":{"nanos":3375,"secs":0},"allocations":1,"arena_capacity":9091072,"arena_high_water":9091072,"command_buffers":1,"completion_waits":1,"dispatches":531,"encode":{"nanos":177718,"secs":0},"gpu":{"nanos":7911208,"secs":0},"reused_bytes":2254848,"transient_live_bytes":524288,"transient_peak_bytes":2254848,"wait":{"nanos":8138041,"secs":0}},{"allocated_bytes":4,"allocation_time":{"nanos":3958,"secs":0},"allocations":1,"arena_capacity":9091072,"arena_high_water":9091072,"command_buffers":1,"completion_waits":1,"dispatches":531,"encode":{"nanos":183550,"secs":0},"gpu":{"nanos":7931958,"secs":0},"reused_bytes":2279424,"transient_live_bytes":524288,"transient_peak_bytes":2279424,"wait":{"nanos":8158625,"secs":0}}],"decode_median_ms":8.589708,"decode_ms":[8.309708,8.327875,8.589708,8.791125000000001,8.448333,8.851625,8.742709,8.751583,8.734832999999998,8.505291999999999,8.416458,8.6765,8.496125000000001,8.566374999999999,8.599125],"decode_profiles":[{},{},{},{},{},{},{},{},{},{},{},{},{},{},{}],"decode_tps":116.41839280217674,"first_token_ms":27.1515,"generated_ids":[525,2661,264,914,274,30606,315,42047,6364,11931,13,4615,3383,374,311,1477],"generated_tokens":16,"generation_ms":159.638834,"generation_tps":100.22623943745417,"gguf_mpp_min_rows":16,"kv_active_bytes":233472,"kv_reserved_bytes":3145728,"model_format":"GGUF","model_repository":"Qwen/Qwen2.5-0.5B-Instruct-GGUF","model_revision":"9217f5db79a29953eb74d5343926648285ec7e67","moe_expert_tensorops":true,"moe_expert_tensorops_min_routes_per_expert":8,"moe_expert_tensorops_tile_k64":true,"packed_quantized_bytes":515952640,"pair":0,"pair_order":"ferrum-control>ferrum-candidate>llama.cpp","parameter_count":630167424,"prefill_counters":{"allocated_bytes":3145744,"allocation_time":{"nanos":348079,"secs":0},"allocations":49,"arena_capacity":9091072,"arena_high_water":9091072,"command_buffers":1,"completion_waits":1,"dispatches":531,"encode":{"nanos":237654,"secs":0},"gpu":{"nanos":25743750,"secs":0},"reused_bytes":7372800,"transient_live_bytes":0,"transient_peak_bytes":7372800,"wait":{"nanos":26034833,"secs":0}},"prefill_ms":26.844625,"prefill_profile":{},"prefill_tps":149.0056203057409,"prompt_ids":[151644,8948,198,2610],"prompt_tokens":4,"q4_k_mpp_tile_k64":true,"q5_0_gemv_n4":false,"q5_1_mpp_tile_k64":true,"q8_0_mpp_tile_k64":true,"retained_weight_bytes":516095744,"runtime":"ferrum","sampling_ms":3.829958,"source_tensor_bytes":516238848,"tensor_count":291,"warmup":false,"process_rss_bytes":775634944,"ferrum_variant":"control","source_matrix_case_model":"qwen2.5-phase7a-small-batch-shape-probe-q5_k_m","engine_order":["ferrum-control","ferrum-candidate","llama.cpp"],"case_index":0,"engine_load_plus_first_warmup_ms":826.6305419965647}
{"case":"m04","decode_aggregate_tps":117.157256952467,"decode_counters":[{"allocated_bytes":4,"allocation_time":{"nanos":4750,"secs":0},"allocations":1,"arena_capacity":9091072,"arena_high_water":9091072,"command_buffers":1,"completion_waits":1,"dispatches":531,"encode":{"nanos":195001,"secs":0},"gpu":{"nanos":7755042,"secs":0},"reused_bytes":2242560,"transient_live_bytes":524288,"transient_peak_bytes":2242560,"wait":{"nanos":8005708,"secs":0}},{"allocated_bytes":4,"allocation_time":{"nanos":4583,"secs":0},"allocations":1,"arena_capacity":9091072,"arena_high_water":9091072,"command_buffers":1,"completion_waits":1,"dispatches":531,"encode":{"nanos":214591,"secs":0},"gpu":{"nanos":7778250,"secs":0},"reused_bytes":2242560,"transient_live_bytes":524288,"transient_peak_bytes":2242560,"wait":{"nanos":7960042,"secs":0}},{"allocated_bytes":4,"allocation_time":{"nanos":7667,"secs":0},"allocations":1,"arena_capacity":9091072,"arena_high_water":9091072,"command_buffers":1,"completion_waits":1,"dispatches":531,"encode":{"nanos":214047,"secs":0},"gpu":{"nanos":8156125,"secs":0},"reused_bytes":2242560,"transient_live_bytes":524288,"transient_peak_bytes":2242560,"wait":{"nanos":8393750,"secs":0}},{"allocated_bytes":4,"allocation_time":{"nanos":10042,"secs":0},"allocations":1,"arena_capacity":9091072,"arena_high_water":9091072,"command_buffers":1,"completion_waits":1,"dispatches":531,"encode":{"nanos":201081,"secs":0},"gpu":{"nanos":8188167,"secs":0},"reused_bytes":2242560,"transient_live_bytes":524288,"transient_peak_bytes":2242560,"wait":{"nanos":8465084,"secs":0}},{"allocated_bytes":4,"allocation_time":{"nanos":14417,"secs":0},"allocations":1,"arena_capacity":9091072,"arena_high_water":9091072,"command_buffers":1,"completion_waits":1,"dispatches":531,"encode":{"nanos":189554,"secs":0},"gpu":{"nanos":7506125,"secs":0},"reused_bytes":2242560,"transient_live_bytes":524288,"transient_peak_bytes":2242560,"wait":{"nanos":7768208,"secs":0}},{"allocated_bytes":4,"allocation_time":{"nanos":4542,"secs":0},"allocations":1,"arena_capacity":9091072,"arena_high_water":9091072,"command_buffers":1,"completion_waits":1,"dispatches":531,"encode":{"nanos":189192,"secs":0},"gpu":{"nanos":7928625,"secs":0},"reused_bytes":2254848,"transient_live_bytes":524288,"transient_peak_bytes":2254848,"wait":{"nanos":8178708,"secs":0}},{"allocated_bytes":4,"allocation_time":{"nanos":4625,"secs":0},"allocations":1,"arena_capacity":9091072,"arena_high_water":9091072,"command_buffers":1,"completion_waits":1,"dispatches":531,"encode":{"nanos":181718,"secs":0},"gpu":{"nanos":7780167,"secs":0},"reused_bytes":2254848,"transient_live_bytes":524288,"transient_peak_bytes":2254848,"wait":{"nanos":8033417,"secs":0}},{"allocated_bytes":4,"allocation_time":{"nanos":3916,"secs":0},"allocations":1,"arena_capacity":9091072,"arena_high_water":9091072,"command_buffers":1,"completion_waits":1,"dispatches":531,"encode":{"nanos":179714,"secs":0},"gpu":{"nanos":8140042,"secs":0},"reused_bytes":2254848,"transient_live_bytes":524288,"transient_peak_bytes":2254848,"wait":{"nanos":8387083,"secs":0}},{"allocated_bytes":4,"allocation_time":{"nanos":3208,"secs":0},"allocations":1,"arena_capacity":9091072,"arena_high_water":9091072,"command_buffers":1,"completion_waits":1,"dispatches":531,"encode":{"nanos":188844,"secs":0},"gpu":{"nanos":7700917,"secs":0},"reused_bytes":2254848,"transient_live_bytes":524288,"transient_peak_bytes":2254848,"wait":{"nanos":7921209,"secs":0}},{"allocated_bytes":4,"allocation_time":{"nanos":2458,"secs":0},"allocations":1,"arena_capacity":9091072,"arena_high_water":9091072,"command_buffers":1,"completion_waits":1,"dispatches":531,"encode":{"nanos":172451,"secs":0},"gpu":{"nanos":8001000,"secs":0},"reused_bytes":2254848,"transient_live_bytes":524288,"transient_peak_bytes":2254848,"wait":{"nanos":8252625,"secs":0}},{"allocated_bytes":4,"allocation_time":{"nanos":5500,"secs":0},"allocations":1,"arena_capacity":9091072,"arena_high_water":9091072,"command_buffers":1,"completion_waits":1,"dispatches":531,"encode":{"nanos":216038,"secs":0},"gpu":{"nanos":7853000,"secs":0},"reused_bytes":2254848,"transient_live_bytes":524288,"transient_peak_bytes":2254848,"wait":{"nanos":8145000,"secs":0}},{"allocated_bytes":4,"allocation_time":{"nanos":3916,"secs":0},"allocations":1,"arena_capacity":9091072,"arena_high_water":9091072,"command_buffers":1,"completion_waits":1,"dispatches":531,"encode":{"nanos":190873,"secs":0},"gpu":{"nanos":7919417,"secs":0},"reused_bytes":2254848,"transient_live_bytes":524288,"transient_peak_bytes":2254848,"wait":{"nanos":8175750,"secs":0}},{"allocated_bytes":4,"allocation_time":{"nanos":3166,"secs":0},"allocations":1,"arena_capacity":9091072,"arena_high_water":9091072,"command_buffers":1,"completion_waits":1,"dispatches":531,"encode":{"nanos":183525,"secs":0},"gpu":{"nanos":7394625,"secs":0},"reused_bytes":2254848,"transient_live_bytes":524288,"transient_peak_bytes":2254848,"wait":{"nanos":7640500,"secs":0}},{"allocated_bytes":4,"allocation_time":{"nanos":3333,"secs":0},"allocations":1,"arena_capacity":9091072,"arena_high_water":9091072,"command_buffers":1,"completion_waits":1,"dispatches":531,"encode":{"nanos":179880,"secs":0},"gpu":{"nanos":7640917,"secs":0},"reused_bytes":2254848,"transient_live_bytes":524288,"transient_peak_bytes":2254848,"wait":{"nanos":7850833,"secs":0}},{"allocated_bytes":4,"allocation_time":{"nanos":3417,"secs":0},"allocations":1,"arena_capacity":9091072,"arena_high_water":9091072,"command_buffers":1,"completion_waits":1,"dispatches":531,"encode":{"nanos":179327,"secs":0},"gpu":{"nanos":7828792,"secs":0},"reused_bytes":2279424,"transient_live_bytes":524288,"transient_peak_bytes":2279424,"wait":{"nanos":8053375,"secs":0}}],"decode_median_ms":8.478708,"decode_ms":[8.478708,8.440667000000001,8.884375,8.948416,8.240208,8.6325,8.472667,8.825750000000001,8.345042000000001,8.673,8.647833,8.625417,8.075959000000001,8.286875,8.455625],"decode_profiles":[{},{},{},{},{},{},{},{},{},{},{},{},{},{},{}],"decode_tps":117.94249784283173,"first_token_ms":28.639875,"generated_ids":[525,2661,264,914,274,30606,315,42047,6364,11931,13,1446,525,1083,2661,264],"generated_tokens":16,"generation_ms":160.338458,"generation_tps":99.78891028127514,"gguf_mpp_min_rows":4,"kv_active_bytes":233472,"kv_reserved_bytes":3145728,"model_format":"GGUF","model_repository":"Qwen/Qwen2.5-0.5B-Instruct-GGUF","model_revision":"9217f5db79a29953eb74d5343926648285ec7e67","moe_expert_tensorops":true,"moe_expert_tensorops_min_routes_per_expert":8,"moe_expert_tensorops_tile_k64":true,"packed_quantized_bytes":515952640,"pair":0,"pair_order":"ferrum-control>ferrum-candidate>llama.cpp","parameter_count":630167424,"prefill_counters":{"allocated_bytes":3145744,"allocation_time":{"nanos":315868,"secs":0},"allocations":49,"arena_capacity":9091072,"arena_high_water":9091072,"command_buffers":1,"completion_waits":1,"dispatches":531,"encode":{"nanos":217465,"secs":0},"gpu":{"nanos":27179250,"secs":0},"reused_bytes":7372800,"transient_live_bytes":0,"transient_peak_bytes":7372800,"wait":{"nanos":27600458,"secs":0}},"prefill_ms":28.325917,"prefill_profile":{},"prefill_tps":141.21343361981891,"prompt_ids":[151644,8948,198,2610],"prompt_tokens":4,"q4_k_mpp_tile_k64":true,"q5_0_gemv_n4":false,"q5_1_mpp_tile_k64":true,"q8_0_mpp_tile_k64":true,"retained_weight_bytes":516095744,"runtime":"ferrum","sampling_ms":3.819959,"source_tensor_bytes":516238848,"tensor_count":291,"warmup":false,"process_rss_bytes":775651328,"ferrum_variant":"candidate","source_matrix_case_model":"qwen2.5-phase7a-small-batch-shape-probe-q5_k_m","engine_order":["ferrum-control","ferrum-candidate","llama.cpp"],"case_index":0,"engine_load_plus_first_warmup_ms":826.6305419965647}
{"case":"m04","command_buffer_count":null,"decode_aggregate_tps":229.98065893322465,"decode_median_ms":4.300333,"decode_ms":[4.937667,4.209375,4.300333,4.551709,4.165417,4.437208,4.197584,4.440083,4.12425,4.499959,4.108917,4.472208,4.174958,4.419625,4.183583],"decode_tps":232.5401311944912,"dispatch_count":null,"first_token_ms":6.067167,"generated_ids":[525,2661,264,914,274,30606,315,42047,6364,11931,13,1446,525,1083,2661,264],"generated_tokens":16,"generation_ms":75.057459,"generation_tps":213.17001951798022,"kv_context_capacity_tokens":4096,"kv_type":"bf16","llama_commit":"84e76d8a23162eca70490da131945ebec1f09bf4","llama_version":"0.5.0-dev","model_format":"GGUF","pair":0,"pair_order":"ferrum-control>ferrum-candidate>llama.cpp","prefill_ms":5.819042,"prefill_tps":687.3983724468736,"process_max_rss_bytes":690896896,"prompt_ids":[151644,8948,198,2610],"prompt_tokens":4,"runtime":"llama.cpp","sampling_ms":4.013792,"warmup":false,"process_rss_bytes":690864128,"source_matrix_case_model":"qwen2.5-phase7a-small-batch-shape-probe-q5_k_m","engine_order":["ferrum-control","ferrum-candidate","llama.cpp"],"case_index":0,"engine_load_plus_first_warmup_ms":882.0083339815028}
{"case":"m04","command_buffer_count":null,"decode_aggregate_tps":229.5612406719894,"decode_median_ms":4.449917,"decode_ms":[4.706458,4.449917,4.145833,4.456875,4.184,4.463625,4.115542,4.48725,4.157083,4.459125,4.249208,4.45375,4.187083,4.279042,4.54725],"decode_tps":224.72329259174947,"dispatch_count":null,"first_token_ms":6.686625,"generated_ids":[525,2661,264,914,274,30606,315,42047,6364,11931,13,1446,525,1083,2661,264],"generated_tokens":16,"generation_ms":75.790083,"generation_tps":211.10941387938578,"kv_context_capacity_tokens":4096,"kv_type":"bf16","llama_commit":"84e76d8a23162eca70490da131945ebec1f09bf4","llama_version":"0.5.0-dev","model_format":"GGUF","pair":1,"pair_order":"llama.cpp>ferrum-candidate>ferrum-control","prefill_ms":6.462417,"prefill_tps":618.9634621226082,"process_max_rss_bytes":690913280,"prompt_ids":[151644,8948,198,2610],"prompt_tokens":4,"runtime":"llama.cpp","sampling_ms":3.9840420000000005,"warmup":false,"process_rss_bytes":690880512,"source_matrix_case_model":"qwen2.5-phase7a-small-batch-shape-probe-q5_k_m","engine_order":["llama.cpp","ferrum-candidate","ferrum-control"],"case_index":0,"engine_load_plus_first_warmup_ms":882.0083339815028}
{"case":"m04","decode_aggregate_tps":117.88158956219195,"decode_counters":[{"allocated_bytes":4,"allocation_time":{"nanos":4000,"secs":0},"allocations":1,"arena_capacity":9091072,"arena_high_water":9091072,"command_buffers":1,"completion_waits":1,"dispatches":531,"encode":{"nanos":188099,"secs":0},"gpu":{"nanos":7726458,"secs":0},"reused_bytes":2242560,"transient_live_bytes":524288,"transient_peak_bytes":2242560,"wait":{"nanos":7954459,"secs":0}},{"allocated_bytes":4,"allocation_time":{"nanos":3125,"secs":0},"allocations":1,"arena_capacity":9091072,"arena_high_water":9091072,"command_buffers":1,"completion_waits":1,"dispatches":531,"encode":{"nanos":193128,"secs":0},"gpu":{"nanos":7639750,"secs":0},"reused_bytes":2242560,"transient_live_bytes":524288,"transient_peak_bytes":2242560,"wait":{"nanos":7939000,"secs":0}},{"allocated_bytes":4,"allocation_time":{"nanos":3042,"secs":0},"allocations":1,"arena_capacity":9091072,"arena_high_water":9091072,"command_buffers":1,"completion_waits":1,"dispatches":531,"encode":{"nanos":173361,"secs":0},"gpu":{"nanos":8237458,"secs":0},"reused_bytes":2242560,"transient_live_bytes":524288,"transient_peak_bytes":2242560,"wait":{"nanos":8462959,"secs":0}},{"allocated_bytes":4,"allocation_time":{"nanos":4666,"secs":0},"allocations":1,"arena_capacity":9091072,"arena_high_water":9091072,"command_buffers":1,"completion_waits":1,"dispatches":531,"encode":{"nanos":182221,"secs":0},"gpu":{"nanos":7828000,"secs":0},"reused_bytes":2242560,"transient_live_bytes":524288,"transient_peak_bytes":2242560,"wait":{"nanos":8077083,"secs":0}},{"allocated_bytes":4,"allocation_time":{"nanos":3542,"secs":0},"allocations":1,"arena_capacity":9091072,"arena_high_water":9091072,"command_buffers":1,"completion_waits":1,"dispatches":531,"encode":{"nanos":176670,"secs":0},"gpu":{"nanos":7509708,"secs":0},"reused_bytes":2242560,"transient_live_bytes":524288,"transient_peak_bytes":2242560,"wait":{"nanos":7711583,"secs":0}},{"allocated_bytes":4,"allocation_time":{"nanos":3417,"secs":0},"allocations":1,"arena_capacity":9091072,"arena_high_water":9091072,"command_buffers":1,"completion_waits":1,"dispatches":531,"encode":{"nanos":176321,"secs":0},"gpu":{"nanos":7923875,"secs":0},"reused_bytes":2254848,"transient_live_bytes":524288,"transient_peak_bytes":2254848,"wait":{"nanos":8166667,"secs":0}},{"allocated_bytes":4,"allocation_time":{"nanos":3833,"secs":0},"allocations":1,"arena_capacity":9091072,"arena_high_water":9091072,"command_buffers":1,"completion_waits":1,"dispatches":531,"encode":{"nanos":174626,"secs":0},"gpu":{"nanos":7785417,"secs":0},"reused_bytes":2254848,"transient_live_bytes":524288,"transient_peak_bytes":2254848,"wait":{"nanos":8031167,"secs":0}},{"allocated_bytes":4,"allocation_time":{"nanos":3291,"secs":0},"allocations":1,"arena_capacity":9091072,"arena_high_water":9091072,"command_buffers":1,"completion_waits":1,"dispatches":531,"encode":{"nanos":174306,"secs":0},"gpu":{"nanos":8178792,"secs":0},"reused_bytes":2254848,"transient_live_bytes":524288,"transient_peak_bytes":2254848,"wait":{"nanos":8561084,"secs":0}},{"allocated_bytes":4,"allocation_time":{"nanos":3792,"secs":0},"allocations":1,"arena_capacity":9091072,"arena_high_water":9091072,"command_buffers":1,"completion_waits":1,"dispatches":531,"encode":{"nanos":181919,"secs":0},"gpu":{"nanos":7659458,"secs":0},"reused_bytes":2254848,"transient_live_bytes":524288,"transient_peak_bytes":2254848,"wait":{"nanos":7914084,"secs":0}},{"allocated_bytes":4,"allocation_time":{"nanos":3583,"secs":0},"allocations":1,"arena_capacity":9091072,"arena_high_water":9091072,"command_buffers":1,"completion_waits":1,"dispatches":531,"encode":{"nanos":201482,"secs":0},"gpu":{"nanos":7966000,"secs":0},"reused_bytes":2254848,"transient_live_bytes":524288,"transient_peak_bytes":2254848,"wait":{"nanos":8209917,"secs":0}},{"allocated_bytes":4,"allocation_time":{"nanos":3667,"secs":0},"allocations":1,"arena_capacity":9091072,"arena_high_water":9091072,"command_buffers":1,"completion_waits":1,"dispatches":531,"encode":{"nanos":175408,"secs":0},"gpu":{"nanos":7864250,"secs":0},"reused_bytes":2254848,"transient_live_bytes":524288,"transient_peak_bytes":2254848,"wait":{"nanos":8118375,"secs":0}},{"allocated_bytes":4,"allocation_time":{"nanos":3375,"secs":0},"allocations":1,"arena_capacity":9091072,"arena_high_water":9091072,"command_buffers":1,"completion_waits":1,"dispatches":531,"encode":{"nanos":174979,"secs":0},"gpu":{"nanos":7656375,"secs":0},"reused_bytes":2254848,"transient_live_bytes":524288,"transient_peak_bytes":2254848,"wait":{"nanos":7893125,"secs":0}},{"allocated_bytes":4,"allocation_time":{"nanos":3917,"secs":0},"allocations":1,"arena_capacity":9091072,"arena_high_water":9091072,"command_buffers":1,"completion_waits":1,"dispatches":531,"encode":{"nanos":176864,"secs":0},"gpu":{"nanos":7501250,"secs":0},"reused_bytes":2254848,"transient_live_bytes":524288,"transient_peak_bytes":2254848,"wait":{"nanos":7693875,"secs":0}},{"allocated_bytes":4,"allocation_time":{"nanos":5500,"secs":0},"allocations":1,"arena_capacity":9091072,"arena_high_water":9091072,"command_buffers":1,"completion_waits":1,"dispatches":531,"encode":{"nanos":186636,"secs":0},"gpu":{"nanos":7721917,"secs":0},"reused_bytes":2254848,"transient_live_bytes":524288,"transient_peak_bytes":2254848,"wait":{"nanos":7975459,"secs":0}},{"allocated_bytes":4,"allocation_time":{"nanos":3667,"secs":0},"allocations":1,"arena_capacity":9091072,"arena_high_water":9091072,"command_buffers":1,"completion_waits":1,"dispatches":531,"encode":{"nanos":180632,"secs":0},"gpu":{"nanos":7839875,"secs":0},"reused_bytes":2279424,"transient_live_bytes":524288,"transient_peak_bytes":2279424,"wait":{"nanos":8076834,"secs":0}}],"decode_median_ms":8.449834,"decode_ms":[8.396792,8.39775,8.856625,8.524000000000001,8.149333,8.600833,8.449834,8.961291999999998,8.355875000000001,8.678125,8.549833,8.291333,8.095792,8.424166,8.51475],"decode_profiles":[{},{},{},{},{},{},{},{},{},{},{},{},{},{},{}],"decode_tps":118.34552016051441,"first_token_ms":28.374792,"generated_ids":[525,2661,264,914,274,30606,315,42047,6364,11931,13,1446,525,1083,2661,264],"generated_tokens":16,"generation_ms":159.227917,"generation_tps":100.48489172913064,"gguf_mpp_min_rows":4,"kv_active_bytes":233472,"kv_reserved_bytes":3145728,"model_format":"GGUF","model_repository":"Qwen/Qwen2.5-0.5B-Instruct-GGUF","model_revision":"9217f5db79a29953eb74d5343926648285ec7e67","moe_expert_tensorops":true,"moe_expert_tensorops_min_routes_per_expert":8,"moe_expert_tensorops_tile_k64":true,"packed_quantized_bytes":515952640,"pair":1,"pair_order":"llama.cpp>ferrum-candidate>ferrum-control","parameter_count":630167424,"prefill_counters":{"allocated_bytes":3145744,"allocation_time":{"nanos":331168,"secs":0},"allocations":49,"arena_capacity":9091072,"arena_high_water":9091072,"command_buffers":1,"completion_waits":1,"dispatches":531,"encode":{"nanos":209758,"secs":0},"gpu":{"nanos":26912125,"secs":0},"reused_bytes":7372800,"transient_live_bytes":0,"transient_peak_bytes":7372800,"wait":{"nanos":27311750,"secs":0}},"prefill_ms":28.055834,"prefill_profile":{},"prefill_tps":142.5728424255718,"prompt_ids":[151644,8948,198,2610],"prompt_tokens":4,"q4_k_mpp_tile_k64":true,"q5_0_gemv_n4":false,"q5_1_mpp_tile_k64":true,"q8_0_mpp_tile_k64":true,"retained_weight_bytes":516095744,"runtime":"ferrum","sampling_ms":3.771497,"source_tensor_bytes":516238848,"tensor_count":291,"warmup":false,"process_rss_bytes":775651328,"ferrum_variant":"candidate","source_matrix_case_model":"qwen2.5-phase7a-small-batch-shape-probe-q5_k_m","engine_order":["llama.cpp","ferrum-candidate","ferrum-control"],"case_index":0,"engine_load_plus_first_warmup_ms":826.6305419965647}
{"case":"m04","decode_aggregate_tps":117.95157463504229,"decode_counters":[{"allocated_bytes":4,"allocation_time":{"nanos":3708,"secs":0},"allocations":1,"arena_capacity":9091072,"arena_high_water":9091072,"command_buffers":1,"completion_waits":1,"dispatches":531,"encode":{"nanos":192594,"secs":0},"gpu":{"nanos":7763708,"secs":0},"reused_bytes":2242560,"transient_live_bytes":524288,"transient_peak_bytes":2242560,"wait":{"nanos":7986459,"secs":0}},{"allocated_bytes":4,"allocation_time":{"nanos":2959,"secs":0},"allocations":1,"arena_capacity":9091072,"arena_high_water":9091072,"command_buffers":1,"completion_waits":1,"dispatches":531,"encode":{"nanos":175156,"secs":0},"gpu":{"nanos":7697000,"secs":0},"reused_bytes":2242560,"transient_live_bytes":524288,"transient_peak_bytes":2242560,"wait":{"nanos":7951375,"secs":0}},{"allocated_bytes":4,"allocation_time":{"nanos":2958,"secs":0},"allocations":1,"arena_capacity":9091072,"arena_high_water":9091072,"command_buffers":1,"completion_waits":1,"dispatches":531,"encode":{"nanos":173586,"secs":0},"gpu":{"nanos":7803500,"secs":0},"reused_bytes":2242560,"transient_live_bytes":524288,"transient_peak_bytes":2242560,"wait":{"nanos":8057041,"secs":0}},{"allocated_bytes":4,"allocation_time":{"nanos":4083,"secs":0},"allocations":1,"arena_capacity":9091072,"arena_high_water":9091072,"command_buffers":1,"completion_waits":1,"dispatches":531,"encode":{"nanos":177891,"secs":0},"gpu":{"nanos":7966583,"secs":0},"reused_bytes":2242560,"transient_live_bytes":524288,"transient_peak_bytes":2242560,"wait":{"nanos":8274084,"secs":0}},{"allocated_bytes":4,"allocation_time":{"nanos":2667,"secs":0},"allocations":1,"arena_capacity":9091072,"arena_high_water":9091072,"command_buffers":1,"completion_waits":1,"dispatches":531,"encode":{"nanos":181248,"secs":0},"gpu":{"nanos":7499500,"secs":0},"reused_bytes":2242560,"transient_live_bytes":524288,"transient_peak_bytes":2242560,"wait":{"nanos":7754458,"secs":0}},{"allocated_bytes":4,"allocation_time":{"nanos":3166,"secs":0},"allocations":1,"arena_capacity":9091072,"arena_high_water":9091072,"command_buffers":1,"completion_waits":1,"dispatches":531,"encode":{"nanos":182512,"secs":0},"gpu":{"nanos":8139875,"secs":0},"reused_bytes":2254848,"transient_live_bytes":524288,"transient_peak_bytes":2254848,"wait":{"nanos":8392667,"secs":0}},{"allocated_bytes":4,"allocation_time":{"nanos":2791,"secs":0},"allocations":1,"arena_capacity":9091072,"arena_high_water":9091072,"command_buffers":1,"completion_waits":1,"dispatches":531,"encode":{"nanos":173549,"secs":0},"gpu":{"nanos":7901500,"secs":0},"reused_bytes":2254848,"transient_live_bytes":524288,"transient_peak_bytes":2254848,"wait":{"nanos":8145125,"secs":0}},{"allocated_bytes":4,"allocation_time":{"nanos":3125,"secs":0},"allocations":1,"arena_capacity":9091072,"arena_high_water":9091072,"command_buffers":1,"completion_waits":1,"dispatches":531,"encode":{"nanos":172836,"secs":0},"gpu":{"nanos":7892083,"secs":0},"reused_bytes":2254848,"transient_live_bytes":524288,"transient_peak_bytes":2254848,"wait":{"nanos":8102084,"secs":0}},{"allocated_bytes":4,"allocation_time":{"nanos":3500,"secs":0},"allocations":1,"arena_capacity":9091072,"arena_high_water":9091072,"command_buffers":1,"completion_waits":1,"dispatches":531,"encode":{"nanos":190214,"secs":0},"gpu":{"nanos":7912083,"secs":0},"reused_bytes":2254848,"transient_live_bytes":524288,"transient_peak_bytes":2254848,"wait":{"nanos":8149583,"secs":0}},{"allocated_bytes":4,"allocation_time":{"nanos":2542,"secs":0},"allocations":1,"arena_capacity":9091072,"arena_high_water":9091072,"command_buffers":1,"completion_waits":1,"dispatches":531,"encode":{"nanos":178243,"secs":0},"gpu":{"nanos":7916250,"secs":0},"reused_bytes":2254848,"transient_live_bytes":524288,"transient_peak_bytes":2254848,"wait":{"nanos":8147625,"secs":0}},{"allocated_bytes":4,"allocation_time":{"nanos":3083,"secs":0},"allocations":1,"arena_capacity":9091072,"arena_high_water":9091072,"command_buffers":1,"completion_waits":1,"dispatches":531,"encode":{"nanos":178323,"secs":0},"gpu":{"nanos":7634167,"secs":0},"reused_bytes":2254848,"transient_live_bytes":524288,"transient_peak_bytes":2254848,"wait":{"nanos":7890042,"secs":0}},{"allocated_bytes":4,"allocation_time":{"nanos":3208,"secs":0},"allocations":1,"arena_capacity":9091072,"arena_high_water":9091072,"command_buffers":1,"completion_waits":1,"dispatches":531,"encode":{"nanos":171827,"secs":0},"gpu":{"nanos":7582750,"secs":0},"reused_bytes":2254848,"transient_live_bytes":524288,"transient_peak_bytes":2254848,"wait":{"nanos":7840458,"secs":0}},{"allocated_bytes":4,"allocation_time":{"nanos":3625,"secs":0},"allocations":1,"arena_capacity":9091072,"arena_high_water":9091072,"command_buffers":1,"completion_waits":1,"dispatches":531,"encode":{"nanos":174536,"secs":0},"gpu":{"nanos":7501875,"secs":0},"reused_bytes":2254848,"transient_live_bytes":524288,"transient_peak_bytes":2254848,"wait":{"nanos":7751375,"secs":0}},{"allocated_bytes":4,"allocation_time":{"nanos":4083,"secs":0},"allocations":1,"arena_capacity":9091072,"arena_high_water":9091072,"command_buffers":1,"completion_waits":1,"dispatches":531,"encode":{"nanos":173005,"secs":0},"gpu":{"nanos":7916375,"secs":0},"reused_bytes":2254848,"transient_live_bytes":524288,"transient_peak_bytes":2254848,"wait":{"nanos":8151833,"secs":0}},{"allocated_bytes":4,"allocation_time":{"nanos":3209,"secs":0},"allocations":1,"arena_capacity":9091072,"arena_high_water":9091072,"command_buffers":1,"completion_waits":1,"dispatches":531,"encode":{"nanos":177417,"secs":0},"gpu":{"nanos":7946167,"secs":0},"reused_bytes":2279424,"transient_live_bytes":524288,"transient_peak_bytes":2279424,"wait":{"nanos":8158917,"secs":0}}],"decode_median_ms":8.493,"decode_ms":[8.4135,8.389917,8.48325,8.714208,8.189833,8.834750000000001,8.563375,8.493,8.582667,8.546375,8.329167,8.264834,8.191541,8.579958,8.594458],"decode_profiles":[{},{},{},{},{},{},{},{},{},{},{},{},{},{},{}],"decode_tps":117.74402449075708,"first_token_ms":27.198667,"generated_ids":[525,2661,264,914,274,30606,315,42047,6364,11931,13,4615,3383,374,311,1477],"generated_tokens":16,"generation_ms":157.97575,"generation_tps":101.28136755166537,"gguf_mpp_min_rows":16,"kv_active_bytes":233472,"kv_reserved_bytes":3145728,"model_format":"GGUF","model_repository":"Qwen/Qwen2.5-0.5B-Instruct-GGUF","model_revision":"9217f5db79a29953eb74d5343926648285ec7e67","moe_expert_tensorops":true,"moe_expert_tensorops_min_routes_per_expert":8,"moe_expert_tensorops_tile_k64":true,"packed_quantized_bytes":515952640,"pair":1,"pair_order":"llama.cpp>ferrum-candidate>ferrum-control","parameter_count":630167424,"prefill_counters":{"allocated_bytes":3145744,"allocation_time":{"nanos":303204,"secs":0},"allocations":49,"arena_capacity":9091072,"arena_high_water":9091072,"command_buffers":1,"completion_waits":1,"dispatches":531,"encode":{"nanos":213001,"secs":0},"gpu":{"nanos":25657542,"secs":0},"reused_bytes":7372800,"transient_live_bytes":0,"transient_peak_bytes":7372800,"wait":{"nanos":26169250,"secs":0}},"prefill_ms":26.89875,"prefill_profile":{},"prefill_tps":148.7057948789442,"prompt_ids":[151644,8948,198,2610],"prompt_tokens":4,"q4_k_mpp_tile_k64":true,"q5_0_gemv_n4":false,"q5_1_mpp_tile_k64":true,"q8_0_mpp_tile_k64":true,"retained_weight_bytes":516095744,"runtime":"ferrum","sampling_ms":3.7492889999999996,"source_tensor_bytes":516238848,"tensor_count":291,"warmup":false,"process_rss_bytes":775651328,"ferrum_variant":"control","source_matrix_case_model":"qwen2.5-phase7a-small-batch-shape-probe-q5_k_m","engine_order":["llama.cpp","ferrum-candidate","ferrum-control"],"case_index":0,"engine_load_plus_first_warmup_ms":826.6305419965647}
{"case":"m04","decode_aggregate_tps":116.64887201085128,"decode_counters":[{"allocated_bytes":4,"allocation_time":{"nanos":4708,"secs":0},"allocations":1,"arena_capacity":9091072,"arena_high_water":9091072,"command_buffers":1,"completion_waits":1,"dispatches":531,"encode":{"nanos":209332,"secs":0},"gpu":{"nanos":7926875,"secs":0},"reused_bytes":2242560,"transient_live_bytes":524288,"transient_peak_bytes":2242560,"wait":{"nanos":8145875,"secs":0}},{"allocated_bytes":4,"allocation_time":{"nanos":3917,"secs":0},"allocations":1,"arena_capacity":9091072,"arena_high_water":9091072,"command_buffers":1,"completion_waits":1,"dispatches":531,"encode":{"nanos":186497,"secs":0},"gpu":{"nanos":7709750,"secs":0},"reused_bytes":2242560,"transient_live_bytes":524288,"transient_peak_bytes":2242560,"wait":{"nanos":7936583,"secs":0}},{"allocated_bytes":4,"allocation_time":{"nanos":4708,"secs":0},"allocations":1,"arena_capacity":9091072,"arena_high_water":9091072,"command_buffers":1,"completion_waits":1,"dispatches":531,"encode":{"nanos":181669,"secs":0},"gpu":{"nanos":7822250,"secs":0},"reused_bytes":2242560,"transient_live_bytes":524288,"transient_peak_bytes":2242560,"wait":{"nanos":8059125,"secs":0}},{"allocated_bytes":4,"allocation_time":{"nanos":3000,"secs":0},"allocations":1,"arena_capacity":9091072,"arena_high_water":9091072,"command_buffers":1,"completion_waits":1,"dispatches":531,"encode":{"nanos":172545,"secs":0},"gpu":{"nanos":7969500,"secs":0},"reused_bytes":2242560,"transient_live_bytes":524288,"transient_peak_bytes":2242560,"wait":{"nanos":8211459,"secs":0}},{"allocated_bytes":4,"allocation_time":{"nanos":2125,"secs":0},"allocations":1,"arena_capacity":9091072,"arena_high_water":9091072,"command_buffers":1,"completion_waits":1,"dispatches":531,"encode":{"nanos":172433,"secs":0},"gpu":{"nanos":7794417,"secs":0},"reused_bytes":2242560,"transient_live_bytes":524288,"transient_peak_bytes":2242560,"wait":{"nanos":8032208,"secs":0}},{"allocated_bytes":4,"allocation_time":{"nanos":4500,"secs":0},"allocations":1,"arena_capacity":9091072,"arena_high_water":9091072,"command_buffers":1,"completion_waits":1,"dispatches":531,"encode":{"nanos":179623,"secs":0},"gpu":{"nanos":8106667,"secs":0},"reused_bytes":2254848,"transient_live_bytes":524288,"transient_peak_bytes":2254848,"wait":{"nanos":8362500,"secs":0}},{"allocated_bytes":4,"allocation_time":{"nanos":4667,"secs":0},"allocations":1,"arena_capacity":9091072,"arena_high_water":9091072,"command_buffers":1,"completion_waits":1,"dispatches":531,"encode":{"nanos":182497,"secs":0},"gpu":{"nanos":8150500,"secs":0},"reused_bytes":2254848,"transient_live_bytes":524288,"transient_peak_bytes":2254848,"wait":{"nanos":8400917,"secs":0}},{"allocated_bytes":4,"allocation_time":{"nanos":4791,"secs":0},"allocations":1,"arena_capacity":9091072,"arena_high_water":9091072,"command_buffers":1,"completion_waits":1,"dispatches":531,"encode":{"nanos":186415,"secs":0},"gpu":{"nanos":8201042,"secs":0},"reused_bytes":2254848,"transient_live_bytes":524288,"transient_peak_bytes":2254848,"wait":{"nanos":8449708,"secs":0}},{"allocated_bytes":4,"allocation_time":{"nanos":3708,"secs":0},"allocations":1,"arena_capacity":9091072,"arena_high_water":9091072,"command_buffers":1,"completion_waits":1,"dispatches":531,"encode":{"nanos":183741,"secs":0},"gpu":{"nanos":7901292,"secs":0},"reused_bytes":2254848,"transient_live_bytes":524288,"transient_peak_bytes":2254848,"wait":{"nanos":8152792,"secs":0}},{"allocated_bytes":4,"allocation_time":{"nanos":3667,"secs":0},"allocations":1,"arena_capacity":9091072,"arena_high_water":9091072,"command_buffers":1,"completion_waits":1,"dispatches":531,"encode":{"nanos":187304,"secs":0},"gpu":{"nanos":7990375,"secs":0},"reused_bytes":2254848,"transient_live_bytes":524288,"transient_peak_bytes":2254848,"wait":{"nanos":8279416,"secs":0}},{"allocated_bytes":4,"allocation_time":{"nanos":3000,"secs":0},"allocations":1,"arena_capacity":9091072,"arena_high_water":9091072,"command_buffers":1,"completion_waits":1,"dispatches":531,"encode":{"nanos":181618,"secs":0},"gpu":{"nanos":7651750,"secs":0},"reused_bytes":2254848,"transient_live_bytes":524288,"transient_peak_bytes":2254848,"wait":{"nanos":7877292,"secs":0}},{"allocated_bytes":4,"allocation_time":{"nanos":3083,"secs":0},"allocations":1,"arena_capacity":9091072,"arena_high_water":9091072,"command_buffers":1,"completion_waits":1,"dispatches":531,"encode":{"nanos":173109,"secs":0},"gpu":{"nanos":7927750,"secs":0},"reused_bytes":2254848,"transient_live_bytes":524288,"transient_peak_bytes":2254848,"wait":{"nanos":8165458,"secs":0}},{"allocated_bytes":4,"allocation_time":{"nanos":2500,"secs":0},"allocations":1,"arena_capacity":9091072,"arena_high_water":9091072,"command_buffers":1,"completion_waits":1,"dispatches":531,"encode":{"nanos":175455,"secs":0},"gpu":{"nanos":7774125,"secs":0},"reused_bytes":2254848,"transient_live_bytes":524288,"transient_peak_bytes":2254848,"wait":{"nanos":8036083,"secs":0}},{"allocated_bytes":4,"allocation_time":{"nanos":3625,"secs":0},"allocations":1,"arena_capacity":9091072,"arena_high_water":9091072,"command_buffers":1,"completion_waits":1,"dispatches":531,"encode":{"nanos":175787,"secs":0},"gpu":{"nanos":7880625,"secs":0},"reused_bytes":2254848,"transient_live_bytes":524288,"transient_peak_bytes":2254848,"wait":{"nanos":8103750,"secs":0}},{"allocated_bytes":4,"allocation_time":{"nanos":2708,"secs":0},"allocations":1,"arena_capacity":9091072,"arena_high_water":9091072,"command_buffers":1,"completion_waits":1,"dispatches":531,"encode":{"nanos":175964,"secs":0},"gpu":{"nanos":7662750,"secs":0},"reused_bytes":2279424,"transient_live_bytes":524288,"transient_peak_bytes":2279424,"wait":{"nanos":7915208,"secs":0}}],"decode_median_ms":8.56125,"decode_ms":[8.594833,8.354875,8.506042,8.639000000000001,8.447792000000002,8.8005,8.849124999999999,8.897666000000001,8.594875,8.710958,8.298167000000001,8.56125,8.465917,8.526209,8.343833],"decode_profiles":[{},{},{},{},{},{},{},{},{},{},{},{},{},{},{}],"decode_tps":116.80537304716017,"first_token_ms":27.044292000000002,"generated_ids":[525,2661,264,914,274,30606,315,42047,6364,11931,13,4615,3383,374,311,1477],"generated_tokens":16,"generation_ms":159.27645900000002,"generation_tps":100.45426738172274,"gguf_mpp_min_rows":16,"kv_active_bytes":233472,"kv_reserved_bytes":3145728,"model_format":"GGUF","model_repository":"Qwen/Qwen2.5-0.5B-Instruct-GGUF","model_revision":"9217f5db79a29953eb74d5343926648285ec7e67","moe_expert_tensorops":true,"moe_expert_tensorops_min_routes_per_expert":8,"moe_expert_tensorops_tile_k64":true,"packed_quantized_bytes":515952640,"pair":2,"pair_order":"ferrum-control>ferrum-candidate>llama.cpp","parameter_count":630167424,"prefill_counters":{"allocated_bytes":3145744,"allocation_time":{"nanos":417714,"secs":0},"allocations":49,"arena_capacity":9091072,"arena_high_water":9091072,"command_buffers":1,"completion_waits":1,"dispatches":531,"encode":{"nanos":270544,"secs":0},"gpu":{"nanos":25537583,"secs":0},"reused_bytes":7372800,"transient_live_bytes":0,"transient_peak_bytes":7372800,"wait":{"nanos":25806167,"secs":0}},"prefill_ms":26.715583000000002,"prefill_profile":{},"prefill_tps":149.72534943369942,"prompt_ids":[151644,8948,198,2610],"prompt_tokens":4,"q4_k_mpp_tile_k64":true,"q5_0_gemv_n4":false,"q5_1_mpp_tile_k64":true,"q8_0_mpp_tile_k64":true,"retained_weight_bytes":516095744,"runtime":"ferrum","sampling_ms":3.799041,"source_tensor_bytes":516238848,"tensor_count":291,"warmup":false,"process_rss_bytes":775651328,"ferrum_variant":"control","source_matrix_case_model":"qwen2.5-phase7a-small-batch-shape-probe-q5_k_m","engine_order":["ferrum-control","ferrum-candidate","llama.cpp"],"case_index":0,"engine_load_plus_first_warmup_ms":826.6305419965647}
{"case":"m04","decode_aggregate_tps":117.48894726644889,"decode_counters":[{"allocated_bytes":4,"allocation_time":{"nanos":4041,"secs":0},"allocations":1,"arena_capacity":9091072,"arena_high_water":9091072,"command_buffers":1,"completion_waits":1,"dispatches":531,"encode":{"nanos":184945,"secs":0},"gpu":{"nanos":7613292,"secs":0},"reused_bytes":2242560,"transient_live_bytes":524288,"transient_peak_bytes":2242560,"wait":{"nanos":7815625,"secs":0}},{"allocated_bytes":4,"allocation_time":{"nanos":3125,"secs":0},"allocations":1,"arena_capacity":9091072,"arena_high_water":9091072,"command_buffers":1,"completion_waits":1,"dispatches":531,"encode":{"nanos":175703,"secs":0},"gpu":{"nanos":7643333,"secs":0},"reused_bytes":2242560,"transient_live_bytes":524288,"transient_peak_bytes":2242560,"wait":{"nanos":7895666,"secs":0}},{"allocated_bytes":4,"allocation_time":{"nanos":2958,"secs":0},"allocations":1,"arena_capacity":9091072,"arena_high_water":9091072,"command_buffers":1,"completion_waits":1,"dispatches":531,"encode":{"nanos":172381,"secs":0},"gpu":{"nanos":8270458,"secs":0},"reused_bytes":2242560,"transient_live_bytes":524288,"transient_peak_bytes":2242560,"wait":{"nanos":8494167,"secs":0}},{"allocated_bytes":4,"allocation_time":{"nanos":6542,"secs":0},"allocations":1,"arena_capacity":9091072,"arena_high_water":9091072,"command_buffers":1,"completion_waits":1,"dispatches":531,"encode":{"nanos":194335,"secs":0},"gpu":{"nanos":8167500,"secs":0},"reused_bytes":2242560,"transient_live_bytes":524288,"transient_peak_bytes":2242560,"wait":{"nanos":8424834,"secs":0}},{"allocated_bytes":4,"allocation_time":{"nanos":13833,"secs":0},"allocations":1,"arena_capacity":9091072,"arena_high_water":9091072,"command_buffers":1,"completion_waits":1,"dispatches":531,"encode":{"nanos":214661,"secs":0},"gpu":{"nanos":7386417,"secs":0},"reused_bytes":2242560,"transient_live_bytes":524288,"transient_peak_bytes":2242560,"wait":{"nanos":7666000,"secs":0}},{"allocated_bytes":4,"allocation_time":{"nanos":7250,"secs":0},"allocations":1,"arena_capacity":9091072,"arena_high_water":9091072,"command_buffers":1,"completion_waits":1,"dispatches":531,"encode":{"nanos":215380,"secs":0},"gpu":{"nanos":7942250,"secs":0},"reused_bytes":2254848,"transient_live_bytes":524288,"transient_peak_bytes":2254848,"wait":{"nanos":8167584,"secs":0}},{"allocated_bytes":4,"allocation_time":{"nanos":5791,"secs":0},"allocations":1,"arena_capacity":9091072,"arena_high_water":9091072,"command_buffers":1,"completion_waits":1,"dispatches":531,"encode":{"nanos":185737,"secs":0},"gpu":{"nanos":7781583,"secs":0},"reused_bytes":2254848,"transient_live_bytes":524288,"transient_peak_bytes":2254848,"wait":{"nanos":8028375,"secs":0}},{"allocated_bytes":4,"allocation_time":{"nanos":4125,"secs":0},"allocations":1,"arena_capacity":9091072,"arena_high_water":9091072,"command_buffers":1,"completion_waits":1,"dispatches":531,"encode":{"nanos":176758,"secs":0},"gpu":{"nanos":7925542,"secs":0},"reused_bytes":2254848,"transient_live_bytes":524288,"transient_peak_bytes":2254848,"wait":{"nanos":8165416,"secs":0}},{"allocated_bytes":4,"allocation_time":{"nanos":8208,"secs":0},"allocations":1,"arena_capacity":9091072,"arena_high_water":9091072,"command_buffers":1,"completion_waits":1,"dispatches":531,"encode":{"nanos":210359,"secs":0},"gpu":{"nanos":7482083,"secs":0},"reused_bytes":2254848,"transient_live_bytes":524288,"transient_peak_bytes":2254848,"wait":{"nanos":7715458,"secs":0}},{"allocated_bytes":4,"allocation_time":{"nanos":9125,"secs":0},"allocations":1,"arena_capacity":9091072,"arena_high_water":9091072,"command_buffers":1,"completion_waits":1,"dispatches":531,"encode":{"nanos":207551,"secs":0},"gpu":{"nanos":8065375,"secs":0},"reused_bytes":2254848,"transient_live_bytes":524288,"transient_peak_bytes":2254848,"wait":{"nanos":8310334,"secs":0}},{"allocated_bytes":4,"allocation_time":{"nanos":10250,"secs":0},"allocations":1,"arena_capacity":9091072,"arena_high_water":9091072,"command_buffers":1,"completion_waits":1,"dispatches":531,"encode":{"nanos":193169,"secs":0},"gpu":{"nanos":7871792,"secs":0},"reused_bytes":2254848,"transient_live_bytes":524288,"transient_peak_bytes":2254848,"wait":{"nanos":8149084,"secs":0}},{"allocated_bytes":4,"allocation_time":{"nanos":4167,"secs":0},"allocations":1,"arena_capacity":9091072,"arena_high_water":9091072,"command_buffers":1,"completion_waits":1,"dispatches":531,"encode":{"nanos":178123,"secs":0},"gpu":{"nanos":7931375,"secs":0},"reused_bytes":2254848,"transient_live_bytes":524288,"transient_peak_bytes":2254848,"wait":{"nanos":8173083,"secs":0}},{"allocated_bytes":4,"allocation_time":{"nanos":3041,"secs":0},"allocations":1,"arena_capacity":9091072,"arena_high_water":9091072,"command_buffers":1,"completion_waits":1,"dispatches":531,"encode":{"nanos":177888,"secs":0},"gpu":{"nanos":7631375,"secs":0},"reused_bytes":2254848,"transient_live_bytes":524288,"transient_peak_bytes":2254848,"wait":{"nanos":7859458,"secs":0}},{"allocated_bytes":4,"allocation_time":{"nanos":3000,"secs":0},"allocations":1,"arena_capacity":9091072,"arena_high_water":9091072,"command_buffers":1,"completion_waits":1,"dispatches":531,"encode":{"nanos":211634,"secs":0},"gpu":{"nanos":7749958,"secs":0},"reused_bytes":2254848,"transient_live_bytes":524288,"transient_peak_bytes":2254848,"wait":{"nanos":8012458,"secs":0}},{"allocated_bytes":4,"allocation_time":{"nanos":2958,"secs":0},"allocations":1,"arena_capacity":9091072,"arena_high_water":9091072,"command_buffers":1,"completion_waits":1,"dispatches":531,"encode":{"nanos":174324,"secs":0},"gpu":{"nanos":7816417,"secs":0},"reused_bytes":2279424,"transient_live_bytes":524288,"transient_peak_bytes":2279424,"wait":{"nanos":8047792,"secs":0}}],"decode_median_ms":8.505624999999998,"decode_ms":[8.256,8.324417,8.900333,8.882375,8.172916,8.670083,8.473875000000001,8.577667,8.191749999999999,8.773792,8.613958,8.591834,8.259041999999999,8.505624999999998,8.477917],"decode_profiles":[{},{},{},{},{},{},{},{},{},{},{},{},{},{},{}],"decode_tps":117.56925563965025,"first_token_ms":27.909083000000003,"generated_ids":[525,2661,264,914,274,30606,315,42047,6364,11931,13,1446,525,1083,2661,264],"generated_tokens":16,"generation_ms":159.295167,"generation_tps":100.4424697957095,"gguf_mpp_min_rows":4,"kv_active_bytes":233472,"kv_reserved_bytes":3145728,"model_format":"GGUF","model_repository":"Qwen/Qwen2.5-0.5B-Instruct-GGUF","model_revision":"9217f5db79a29953eb74d5343926648285ec7e67","moe_expert_tensorops":true,"moe_expert_tensorops_min_routes_per_expert":8,"moe_expert_tensorops_tile_k64":true,"packed_quantized_bytes":515952640,"pair":2,"pair_order":"ferrum-control>ferrum-candidate>llama.cpp","parameter_count":630167424,"prefill_counters":{"allocated_bytes":3145744,"allocation_time":{"nanos":286085,"secs":0},"allocations":49,"arena_capacity":9091072,"arena_high_water":9091072,"command_buffers":1,"completion_waits":1,"dispatches":531,"encode":{"nanos":205333,"secs":0},"gpu":{"nanos":26448250,"secs":0},"reused_bytes":7372800,"transient_live_bytes":0,"transient_peak_bytes":7372800,"wait":{"nanos":26914167,"secs":0}},"prefill_ms":27.609542,"prefill_profile":{},"prefill_tps":144.87744852848337,"prompt_ids":[151644,8948,198,2610],"prompt_tokens":4,"q4_k_mpp_tile_k64":true,"q5_0_gemv_n4":false,"q5_1_mpp_tile_k64":true,"q8_0_mpp_tile_k64":true,"retained_weight_bytes":516095744,"runtime":"ferrum","sampling_ms":3.85479,"source_tensor_bytes":516238848,"tensor_count":291,"warmup":false,"process_rss_bytes":775651328,"ferrum_variant":"candidate","source_matrix_case_model":"qwen2.5-phase7a-small-batch-shape-probe-q5_k_m","engine_order":["ferrum-control","ferrum-candidate","llama.cpp"],"case_index":0,"engine_load_plus_first_warmup_ms":826.6305419965647}
{"case":"m04","command_buffer_count":null,"decode_aggregate_tps":225.0855403833396,"decode_median_ms":4.464583,"decode_ms":[4.617,4.233916,4.464583,4.217,4.493667,4.125209,4.541375,4.184208,4.603625,4.222,4.659541,4.419708,4.714666,4.395375,4.749458],"decode_tps":223.98508438526062,"dispatch_count":null,"first_token_ms":6.367958,"generated_ids":[525,2661,264,914,274,30606,315,42047,6364,11931,13,1446,525,1083,2661,264],"generated_tokens":16,"generation_ms":76.702791,"generation_tps":208.5973638169177,"kv_context_capacity_tokens":4096,"kv_type":"bf16","llama_commit":"84e76d8a23162eca70490da131945ebec1f09bf4","llama_version":"0.5.0-dev","model_format":"GGUF","pair":2,"pair_order":"ferrum-control>ferrum-candidate>llama.cpp","prefill_ms":6.076791,"prefill_tps":658.2421544529012,"process_max_rss_bytes":690913280,"prompt_ids":[151644,8948,198,2610],"prompt_tokens":4,"runtime":"llama.cpp","sampling_ms":3.9831669999999995,"warmup":false,"process_rss_bytes":690896896,"source_matrix_case_model":"qwen2.5-phase7a-small-batch-shape-probe-q5_k_m","engine_order":["ferrum-control","ferrum-candidate","llama.cpp"],"case_index":0,"engine_load_plus_first_warmup_ms":882.0083339815028}
{"case":"m04","command_buffer_count":null,"decode_aggregate_tps":225.75471834133975,"decode_median_ms":4.323541,"decode_ms":[4.991708,4.244583,4.6735,4.205084,4.682334,4.254667,4.552542,4.260709,4.520042,4.201917,4.5665,4.194458,4.572334,4.323541,4.199875],"decode_tps":231.291897081582,"dispatch_count":null,"first_token_ms":6.424792,"generated_ids":[525,2661,264,914,274,30606,315,42047,6364,11931,13,1446,525,1083,2661,264],"generated_tokens":16,"generation_ms":76.887125,"generation_tps":208.09725945663854,"kv_context_capacity_tokens":4096,"kv_type":"bf16","llama_commit":"84e76d8a23162eca70490da131945ebec1f09bf4","llama_version":"0.5.0-dev","model_format":"GGUF","pair":3,"pair_order":"llama.cpp>ferrum-candidate>ferrum-control","prefill_ms":6.198959,"prefill_tps":645.2696331755058,"process_max_rss_bytes":690929664,"prompt_ids":[151644,8948,198,2610],"prompt_tokens":4,"runtime":"llama.cpp","sampling_ms":4.242704000000001,"warmup":false,"process_rss_bytes":690896896,"source_matrix_case_model":"qwen2.5-phase7a-small-batch-shape-probe-q5_k_m","engine_order":["llama.cpp","ferrum-candidate","ferrum-control"],"case_index":0,"engine_load_plus_first_warmup_ms":882.0083339815028}
{"case":"m04","decode_aggregate_tps":117.07023860764339,"decode_counters":[{"allocated_bytes":4,"allocation_time":{"nanos":8709,"secs":0},"allocations":1,"arena_capacity":9091072,"arena_high_water":9091072,"command_buffers":1,"completion_waits":1,"dispatches":531,"encode":{"nanos":265576,"secs":0},"gpu":{"nanos":7468708,"secs":0},"reused_bytes":2242560,"transient_live_bytes":524288,"transient_peak_bytes":2242560,"wait":{"nanos":7642958,"secs":0}},{"allocated_bytes":4,"allocation_time":{"nanos":10791,"secs":0},"allocations":1,"arena_capacity":9091072,"arena_high_water":9091072,"command_buffers":1,"completion_waits":1,"dispatches":531,"encode":{"nanos":209342,"secs":0},"gpu":{"nanos":7458125,"secs":0},"reused_bytes":2242560,"transient_live_bytes":524288,"transient_peak_bytes":2242560,"wait":{"nanos":7707750,"secs":0}},{"allocated_bytes":4,"allocation_time":{"nanos":9208,"secs":0},"allocations":1,"arena_capacity":9091072,"arena_high_water":9091072,"command_buffers":1,"completion_waits":1,"dispatches":531,"encode":{"nanos":199194,"secs":0},"gpu":{"nanos":8244500,"secs":0},"reused_bytes":2242560,"transient_live_bytes":524288,"transient_peak_bytes":2242560,"wait":{"nanos":8522167,"secs":0}},{"allocated_bytes":4,"allocation_time":{"nanos":5916,"secs":0},"allocations":1,"arena_capacity":9091072,"arena_high_water":9091072,"command_buffers":1,"completion_waits":1,"dispatches":531,"encode":{"nanos":190652,"secs":0},"gpu":{"nanos":8124625,"secs":0},"reused_bytes":2242560,"transient_live_bytes":524288,"transient_peak_bytes":2242560,"wait":{"nanos":8358417,"secs":0}},{"allocated_bytes":4,"allocation_time":{"nanos":10625,"secs":0},"allocations":1,"arena_capacity":9091072,"arena_high_water":9091072,"command_buffers":1,"completion_waits":1,"dispatches":531,"encode":{"nanos":202109,"secs":0},"gpu":{"nanos":7733083,"secs":0},"reused_bytes":2242560,"transient_live_bytes":524288,"transient_peak_bytes":2242560,"wait":{"nanos":7983209,"secs":0}},{"allocated_bytes":4,"allocation_time":{"nanos":6667,"secs":0},"allocations":1,"arena_capacity":9091072,"arena_high_water":9091072,"command_buffers":1,"completion_waits":1,"dispatches":531,"encode":{"nanos":192179,"secs":0},"gpu":{"nanos":7992250,"secs":0},"reused_bytes":2254848,"transient_live_bytes":524288,"transient_peak_bytes":2254848,"wait":{"nanos":8267083,"secs":0}},{"allocated_bytes":4,"allocation_time":{"nanos":8000,"secs":0},"allocations":1,"arena_capacity":9091072,"arena_high_water":9091072,"command_buffers":1,"completion_waits":1,"dispatches":531,"encode":{"nanos":192868,"secs":0},"gpu":{"nanos":7837000,"secs":0},"reused_bytes":2254848,"transient_live_bytes":524288,"transient_peak_bytes":2254848,"wait":{"nanos":8075208,"secs":0}},{"allocated_bytes":4,"allocation_time":{"nanos":7875,"secs":0},"allocations":1,"arena_capacity":9091072,"arena_high_water":9091072,"command_buffers":1,"completion_waits":1,"dispatches":531,"encode":{"nanos":222465,"secs":0},"gpu":{"nanos":8173375,"secs":0},"reused_bytes":2254848,"transient_live_bytes":524288,"transient_peak_bytes":2254848,"wait":{"nanos":8425291,"secs":0}},{"allocated_bytes":4,"allocation_time":{"nanos":9458,"secs":0},"allocations":1,"arena_capacity":9091072,"arena_high_water":9091072,"command_buffers":1,"completion_waits":1,"dispatches":531,"encode":{"nanos":204615,"secs":0},"gpu":{"nanos":7704417,"secs":0},"reused_bytes":2254848,"transient_live_bytes":524288,"transient_peak_bytes":2254848,"wait":{"nanos":7958292,"secs":0}},{"allocated_bytes":4,"allocation_time":{"nanos":6042,"secs":0},"allocations":1,"arena_capacity":9091072,"arena_high_water":9091072,"command_buffers":1,"completion_waits":1,"dispatches":531,"encode":{"nanos":194631,"secs":0},"gpu":{"nanos":7681458,"secs":0},"reused_bytes":2254848,"transient_live_bytes":524288,"transient_peak_bytes":2254848,"wait":{"nanos":7923833,"secs":0}},{"allocated_bytes":4,"allocation_time":{"nanos":4875,"secs":0},"allocations":1,"arena_capacity":9091072,"arena_high_water":9091072,"command_buffers":1,"completion_waits":1,"dispatches":531,"encode":{"nanos":195262,"secs":0},"gpu":{"nanos":7815625,"secs":0},"reused_bytes":2254848,"transient_live_bytes":524288,"transient_peak_bytes":2254848,"wait":{"nanos":8035792,"secs":0}},{"allocated_bytes":4,"allocation_time":{"nanos":7250,"secs":0},"allocations":1,"arena_capacity":9091072,"arena_high_water":9091072,"command_buffers":1,"completion_waits":1,"dispatches":531,"encode":{"nanos":192672,"secs":0},"gpu":{"nanos":7966083,"secs":0},"reused_bytes":2254848,"transient_live_bytes":524288,"transient_peak_bytes":2254848,"wait":{"nanos":8236292,"secs":0}},{"allocated_bytes":4,"allocation_time":{"nanos":3875,"secs":0},"allocations":1,"arena_capacity":9091072,"arena_high_water":9091072,"command_buffers":1,"completion_waits":1,"dispatches":531,"encode":{"nanos":187238,"secs":0},"gpu":{"nanos":7743875,"secs":0},"reused_bytes":2254848,"transient_live_bytes":524288,"transient_peak_bytes":2254848,"wait":{"nanos":8008250,"secs":0}},{"allocated_bytes":4,"allocation_time":{"nanos":3625,"secs":0},"allocations":1,"arena_capacity":9091072,"arena_high_water":9091072,"command_buffers":1,"completion_waits":1,"dispatches":531,"encode":{"nanos":188462,"secs":0},"gpu":{"nanos":7752500,"secs":0},"reused_bytes":2254848,"transient_live_bytes":524288,"transient_peak_bytes":2254848,"wait":{"nanos":7993667,"secs":0}},{"allocated_bytes":4,"allocation_time":{"nanos":3333,"secs":0},"allocations":1,"arena_capacity":9091072,"arena_high_water":9091072,"command_buffers":1,"completion_waits":1,"dispatches":531,"encode":{"nanos":203662,"secs":0},"gpu":{"nanos":7835250,"secs":0},"reused_bytes":2279424,"transient_live_bytes":524288,"transient_peak_bytes":2279424,"wait":{"nanos":8063459,"secs":0}}],"decode_median_ms":8.511083,"decode_ms":[8.190416,8.185082999999999,8.973375,8.796834,8.439333,8.700958,8.521917,8.911624999999999,8.413208000000001,8.359084,8.511083,8.704125,8.456667,8.446584,8.517917],"decode_profiles":[{},{},{},{},{},{},{},{},{},{},{},{},{},{},{}],"decode_tps":117.4938606520463,"first_token_ms":28.263707999999998,"generated_ids":[525,2661,264,914,274,30606,315,42047,6364,11931,13,1446,525,1083,2661,264],"generated_tokens":16,"generation_ms":160.154,"generation_tps":99.90384255154414,"gguf_mpp_min_rows":4,"kv_active_bytes":233472,"kv_reserved_bytes":3145728,"model_format":"GGUF","model_repository":"Qwen/Qwen2.5-0.5B-Instruct-GGUF","model_revision":"9217f5db79a29953eb74d5343926648285ec7e67","moe_expert_tensorops":true,"moe_expert_tensorops_min_routes_per_expert":8,"moe_expert_tensorops_tile_k64":true,"packed_quantized_bytes":515952640,"pair":3,"pair_order":"llama.cpp>ferrum-candidate>ferrum-control","parameter_count":630167424,"prefill_counters":{"allocated_bytes":3145744,"allocation_time":{"nanos":356872,"secs":0},"allocations":49,"arena_capacity":9091072,"arena_high_water":9091072,"command_buffers":1,"completion_waits":1,"dispatches":531,"encode":{"nanos":226535,"secs":0},"gpu":{"nanos":26899000,"secs":0},"reused_bytes":7372800,"transient_live_bytes":0,"transient_peak_bytes":7372800,"wait":{"nanos":27151042,"secs":0}},"prefill_ms":27.942042,"prefill_profile":{},"prefill_tps":143.15346029470572,"prompt_ids":[151644,8948,198,2610],"prompt_tokens":4,"q4_k_mpp_tile_k64":true,"q5_0_gemv_n4":false,"q5_1_mpp_tile_k64":true,"q8_0_mpp_tile_k64":true,"retained_weight_bytes":516095744,"runtime":"ferrum","sampling_ms":3.904125,"source_tensor_bytes":516238848,"tensor_count":291,"warmup":false,"process_rss_bytes":775651328,"ferrum_variant":"candidate","source_matrix_case_model":"qwen2.5-phase7a-small-batch-shape-probe-q5_k_m","engine_order":["llama.cpp","ferrum-candidate","ferrum-control"],"case_index":0,"engine_load_plus_first_warmup_ms":826.6305419965647}
{"case":"m04","decode_aggregate_tps":115.01046246343348,"decode_counters":[{"allocated_bytes":4,"allocation_time":{"nanos":8250,"secs":0},"allocations":1,"arena_capacity":9091072,"arena_high_water":9091072,"command_buffers":1,"completion_waits":1,"dispatches":531,"encode":{"nanos":251924,"secs":0},"gpu":{"nanos":7740583,"secs":0},"reused_bytes":2242560,"transient_live_bytes":524288,"transient_peak_bytes":2242560,"wait":{"nanos":7975917,"secs":0}},{"allocated_bytes":4,"allocation_time":{"nanos":5417,"secs":0},"allocations":1,"arena_capacity":9091072,"arena_high_water":9091072,"command_buffers":1,"completion_waits":1,"dispatches":531,"encode":{"nanos":245292,"secs":0},"gpu":{"nanos":7720167,"secs":0},"reused_bytes":2242560,"transient_live_bytes":524288,"transient_peak_bytes":2242560,"wait":{"nanos":8019375,"secs":0}},{"allocated_bytes":4,"allocation_time":{"nanos":4916,"secs":0},"allocations":1,"arena_capacity":9091072,"arena_high_water":9091072,"command_buffers":1,"completion_waits":1,"dispatches":531,"encode":{"nanos":261331,"secs":0},"gpu":{"nanos":7799375,"secs":0},"reused_bytes":2242560,"transient_live_bytes":524288,"transient_peak_bytes":2242560,"wait":{"nanos":8052458,"secs":0}},{"allocated_bytes":4,"allocation_time":{"nanos":4167,"secs":0},"allocations":1,"arena_capacity":9091072,"arena_high_water":9091072,"command_buffers":1,"completion_waits":1,"dispatches":531,"encode":{"nanos":258571,"secs":0},"gpu":{"nanos":7704375,"secs":0},"reused_bytes":2242560,"transient_live_bytes":524288,"transient_peak_bytes":2242560,"wait":{"nanos":7978167,"secs":0}},{"allocated_bytes":4,"allocation_time":{"nanos":5625,"secs":0},"allocations":1,"arena_capacity":9091072,"arena_high_water":9091072,"command_buffers":1,"completion_waits":1,"dispatches":531,"encode":{"nanos":296706,"secs":0},"gpu":{"nanos":7492625,"secs":0},"reused_bytes":2242560,"transient_live_bytes":524288,"transient_peak_bytes":2242560,"wait":{"nanos":7768791,"secs":0}},{"allocated_bytes":4,"allocation_time":{"nanos":4292,"secs":0},"allocations":1,"arena_capacity":9091072,"arena_high_water":9091072,"command_buffers":1,"completion_waits":1,"dispatches":531,"encode":{"nanos":283359,"secs":0},"gpu":{"nanos":8149750,"secs":0},"reused_bytes":2254848,"transient_live_bytes":524288,"transient_peak_bytes":2254848,"wait":{"nanos":8422083,"secs":0}},{"allocated_bytes":4,"allocation_time":{"nanos":4625,"secs":0},"allocations":1,"arena_capacity":9091072,"arena_high_water":9091072,"command_buffers":1,"completion_waits":1,"dispatches":531,"encode":{"nanos":316503,"secs":0},"gpu":{"nanos":7865125,"secs":0},"reused_bytes":2254848,"transient_live_bytes":524288,"transient_peak_bytes":2254848,"wait":{"nanos":8136167,"secs":0}},{"allocated_bytes":4,"allocation_time":{"nanos":4500,"secs":0},"allocations":1,"arena_capacity":9091072,"arena_high_water":9091072,"command_buffers":1,"completion_waits":1,"dispatches":531,"encode":{"nanos":317800,"secs":0},"gpu":{"nanos":7929958,"secs":0},"reused_bytes":2254848,"transient_live_bytes":524288,"transient_peak_bytes":2254848,"wait":{"nanos":8171000,"secs":0}},{"allocated_bytes":4,"allocation_time":{"nanos":5333,"secs":0},"allocations":1,"arena_capacity":9091072,"arena_high_water":9091072,"command_buffers":1,"completion_waits":1,"dispatches":531,"encode":{"nanos":316585,"secs":0},"gpu":{"nanos":7919500,"secs":0},"reused_bytes":2254848,"transient_live_bytes":524288,"transient_peak_bytes":2254848,"wait":{"nanos":8201833,"secs":0}},{"allocated_bytes":4,"allocation_time":{"nanos":4417,"secs":0},"allocations":1,"arena_capacity":9091072,"arena_high_water":9091072,"command_buffers":1,"completion_waits":1,"dispatches":531,"encode":{"nanos":318804,"secs":0},"gpu":{"nanos":7948042,"secs":0},"reused_bytes":2254848,"transient_live_bytes":524288,"transient_peak_bytes":2254848,"wait":{"nanos":8241167,"secs":0}},{"allocated_bytes":4,"allocation_time":{"nanos":3542,"secs":0},"allocations":1,"arena_capacity":9091072,"arena_high_water":9091072,"command_buffers":1,"completion_waits":1,"dispatches":531,"encode":{"nanos":257104,"secs":0},"gpu":{"nanos":7677750,"secs":0},"reused_bytes":2254848,"transient_live_bytes":524288,"transient_peak_bytes":2254848,"wait":{"nanos":7934000,"secs":0}},{"allocated_bytes":4,"allocation_time":{"nanos":3875,"secs":0},"allocations":1,"arena_capacity":9091072,"arena_high_water":9091072,"command_buffers":1,"completion_waits":1,"dispatches":531,"encode":{"nanos":259453,"secs":0},"gpu":{"nanos":7870417,"secs":0},"reused_bytes":2254848,"transient_live_bytes":524288,"transient_peak_bytes":2254848,"wait":{"nanos":8195834,"secs":0}},{"allocated_bytes":4,"allocation_time":{"nanos":2834,"secs":0},"allocations":1,"arena_capacity":9091072,"arena_high_water":9091072,"command_buffers":1,"completion_waits":1,"dispatches":531,"encode":{"nanos":218927,"secs":0},"gpu":{"nanos":7799917,"secs":0},"reused_bytes":2254848,"transient_live_bytes":524288,"transient_peak_bytes":2254848,"wait":{"nanos":8037250,"secs":0}},{"allocated_bytes":4,"allocation_time":{"nanos":5000,"secs":0},"allocations":1,"arena_capacity":9091072,"arena_high_water":9091072,"command_buffers":1,"completion_waits":1,"dispatches":531,"encode":{"nanos":220827,"secs":0},"gpu":{"nanos":7875500,"secs":0},"reused_bytes":2254848,"transient_live_bytes":524288,"transient_peak_bytes":2254848,"wait":{"nanos":8139375,"secs":0}},{"allocated_bytes":4,"allocation_time":{"nanos":3833,"secs":0},"allocations":1,"arena_capacity":9091072,"arena_high_water":9091072,"command_buffers":1,"completion_waits":1,"dispatches":531,"encode":{"nanos":185602,"secs":0},"gpu":{"nanos":7668625,"secs":0},"reused_bytes":2279424,"transient_live_bytes":524288,"transient_peak_bytes":2279424,"wait":{"nanos":7931875,"secs":0}}],"decode_median_ms":8.652,"decode_ms":[8.558625000000001,8.598125,8.660041999999999,8.585041,8.437584,9.084083,8.854707999999999,8.892584,8.924042,8.939083,8.514875,8.777666,8.564542,8.652,8.379917],"decode_profiles":[{},{},{},{},{},{},{},{},{},{},{},{},{},{},{}],"decode_tps":115.58021266759131,"first_token_ms":27.361875,"generated_ids":[525,2661,264,914,274,30606,315,42047,6364,11931,13,4615,3383,374,311,1477],"generated_tokens":16,"generation_ms":163.225292,"generation_tps":98.02402436504755,"gguf_mpp_min_rows":16,"kv_active_bytes":233472,"kv_reserved_bytes":3145728,"model_format":"GGUF","model_repository":"Qwen/Qwen2.5-0.5B-Instruct-GGUF","model_revision":"9217f5db79a29953eb74d5343926648285ec7e67","moe_expert_tensorops":true,"moe_expert_tensorops_min_routes_per_expert":8,"moe_expert_tensorops_tile_k64":true,"packed_quantized_bytes":515952640,"pair":3,"pair_order":"llama.cpp>ferrum-candidate>ferrum-control","parameter_count":630167424,"prefill_counters":{"allocated_bytes":3145744,"allocation_time":{"nanos":323043,"secs":0},"allocations":49,"arena_capacity":9091072,"arena_high_water":9091072,"command_buffers":1,"completion_waits":1,"dispatches":531,"encode":{"nanos":245747,"secs":0},"gpu":{"nanos":25771875,"secs":0},"reused_bytes":7372800,"transient_live_bytes":0,"transient_peak_bytes":7372800,"wait":{"nanos":26183542,"secs":0}},"prefill_ms":26.957542,"prefill_profile":{},"prefill_tps":148.38148077447119,"prompt_ids":[151644,8948,198,2610],"prompt_tokens":4,"q4_k_mpp_tile_k64":true,"q5_0_gemv_n4":false,"q5_1_mpp_tile_k64":true,"q8_0_mpp_tile_k64":true,"retained_weight_bytes":516095744,"runtime":"ferrum","sampling_ms":5.625915,"source_tensor_bytes":516238848,"tensor_count":291,"warmup":false,"process_rss_bytes":775651328,"ferrum_variant":"control","source_matrix_case_model":"qwen2.5-phase7a-small-batch-shape-probe-q5_k_m","engine_order":["llama.cpp","ferrum-candidate","ferrum-control"],"case_index":0,"engine_load_plus_first_warmup_ms":826.6305419965647}
{"case":"m04","decode_aggregate_tps":117.72458161468523,"decode_counters":[{"allocated_bytes":4,"allocation_time":{"nanos":9708,"secs":0},"allocations":1,"arena_capacity":9091072,"arena_high_water":9091072,"command_buffers":1,"completion_waits":1,"dispatches":531,"encode":{"nanos":209285,"secs":0},"gpu":{"nanos":7469708,"secs":0},"reused_bytes":2242560,"transient_live_bytes":524288,"transient_peak_bytes":2242560,"wait":{"nanos":7702250,"secs":0}},{"allocated_bytes":4,"allocation_time":{"nanos":4709,"secs":0},"allocations":1,"arena_capacity":9091072,"arena_high_water":9091072,"command_buffers":1,"completion_waits":1,"dispatches":531,"encode":{"nanos":178926,"secs":0},"gpu":{"nanos":7690417,"secs":0},"reused_bytes":2242560,"transient_live_bytes":524288,"transient_peak_bytes":2242560,"wait":{"nanos":7935000,"secs":0}},{"allocated_bytes":4,"allocation_time":{"nanos":3583,"secs":0},"allocations":1,"arena_capacity":9091072,"arena_high_water":9091072,"command_buffers":1,"completion_waits":1,"dispatches":531,"encode":{"nanos":177026,"secs":0},"gpu":{"nanos":7810625,"secs":0},"reused_bytes":2242560,"transient_live_bytes":524288,"transient_peak_bytes":2242560,"wait":{"nanos":8063667,"secs":0}},{"allocated_bytes":4,"allocation_time":{"nanos":3125,"secs":0},"allocations":1,"arena_capacity":9091072,"arena_high_water":9091072,"command_buffers":1,"completion_waits":1,"dispatches":531,"encode":{"nanos":174286,"secs":0},"gpu":{"nanos":7989542,"secs":0},"reused_bytes":2242560,"transient_live_bytes":524288,"transient_peak_bytes":2242560,"wait":{"nanos":8212458,"secs":0}},{"allocated_bytes":4,"allocation_time":{"nanos":3250,"secs":0},"allocations":1,"arena_capacity":9091072,"arena_high_water":9091072,"command_buffers":1,"completion_waits":1,"dispatches":531,"encode":{"nanos":176168,"secs":0},"gpu":{"nanos":7768250,"secs":0},"reused_bytes":2242560,"transient_live_bytes":524288,"transient_peak_bytes":2242560,"wait":{"nanos":8022208,"secs":0}},{"allocated_bytes":4,"allocation_time":{"nanos":3916,"secs":0},"allocations":1,"arena_capacity":9091072,"arena_high_water":9091072,"command_buffers":1,"completion_waits":1,"dispatches":531,"encode":{"nanos":181249,"secs":0},"gpu":{"nanos":8124667,"secs":0},"reused_bytes":2254848,"transient_live_bytes":524288,"transient_peak_bytes":2254848,"wait":{"nanos":8382750,"secs":0}},{"allocated_bytes":4,"allocation_time":{"nanos":3125,"secs":0},"allocations":1,"arena_capacity":9091072,"arena_high_water":9091072,"command_buffers":1,"completion_waits":1,"dispatches":531,"encode":{"nanos":174654,"secs":0},"gpu":{"nanos":7895958,"secs":0},"reused_bytes":2254848,"transient_live_bytes":524288,"transient_peak_bytes":2254848,"wait":{"nanos":8134833,"secs":0}},{"allocated_bytes":4,"allocation_time":{"nanos":3500,"secs":0},"allocations":1,"arena_capacity":9091072,"arena_high_water":9091072,"command_buffers":1,"completion_waits":1,"dispatches":531,"encode":{"nanos":175299,"secs":0},"gpu":{"nanos":7664042,"secs":0},"reused_bytes":2254848,"transient_live_bytes":524288,"transient_peak_bytes":2254848,"wait":{"nanos":7916375,"secs":0}},{"allocated_bytes":4,"allocation_time":{"nanos":3333,"secs":0},"allocations":1,"arena_capacity":9091072,"arena_high_water":9091072,"command_buffers":1,"completion_waits":1,"dispatches":531,"encode":{"nanos":181584,"secs":0},"gpu":{"nanos":7629792,"secs":0},"reused_bytes":2254848,"transient_live_bytes":524288,"transient_peak_bytes":2254848,"wait":{"nanos":7882959,"secs":0}},{"allocated_bytes":4,"allocation_time":{"nanos":3375,"secs":0},"allocations":1,"arena_capacity":9091072,"arena_high_water":9091072,"command_buffers":1,"completion_waits":1,"dispatches":531,"encode":{"nanos":174917,"secs":0},"gpu":{"nanos":8034667,"secs":0},"reused_bytes":2254848,"transient_live_bytes":524288,"transient_peak_bytes":2254848,"wait":{"nanos":8257291,"secs":0}},{"allocated_bytes":4,"allocation_time":{"nanos":3042,"secs":0},"allocations":1,"arena_capacity":9091072,"arena_high_water":9091072,"command_buffers":1,"completion_waits":1,"dispatches":531,"encode":{"nanos":185120,"secs":0},"gpu":{"nanos":7657125,"secs":0},"reused_bytes":2254848,"transient_live_bytes":524288,"transient_peak_bytes":2254848,"wait":{"nanos":7909458,"secs":0}},{"allocated_bytes":4,"allocation_time":{"nanos":3000,"secs":0},"allocations":1,"arena_capacity":9091072,"arena_high_water":9091072,"command_buffers":1,"completion_waits":1,"dispatches":531,"encode":{"nanos":173201,"secs":0},"gpu":{"nanos":7898375,"secs":0},"reused_bytes":2254848,"transient_live_bytes":524288,"transient_peak_bytes":2254848,"wait":{"nanos":8190208,"secs":0}},{"allocated_bytes":4,"allocation_time":{"nanos":4084,"secs":0},"allocations":1,"arena_capacity":9091072,"arena_high_water":9091072,"command_buffers":1,"completion_waits":1,"dispatches":531,"encode":{"nanos":178332,"secs":0},"gpu":{"nanos":7766750,"secs":0},"reused_bytes":2254848,"transient_live_bytes":524288,"transient_peak_bytes":2254848,"wait":{"nanos":8024667,"secs":0}},{"allocated_bytes":4,"allocation_time":{"nanos":3458,"secs":0},"allocations":1,"arena_capacity":9091072,"arena_high_water":9091072,"command_buffers":1,"completion_waits":1,"dispatches":531,"encode":{"nanos":197092,"secs":0},"gpu":{"nanos":7892750,"secs":0},"reused_bytes":2254848,"transient_live_bytes":524288,"transient_peak_bytes":2254848,"wait":{"nanos":8121917,"secs":0}},{"allocated_bytes":4,"allocation_time":{"nanos":2666,"secs":0},"allocations":1,"arena_capacity":9091072,"arena_high_water":9091072,"command_buffers":1,"completion_waits":1,"dispatches":531,"encode":{"nanos":173714,"secs":0},"gpu":{"nanos":7941750,"secs":0},"reused_bytes":2279424,"transient_live_bytes":524288,"transient_peak_bytes":2279424,"wait":{"nanos":8168667,"secs":0}}],"decode_median_ms":8.496042000000001,"decode_ms":[8.188208000000001,8.373458,8.496042000000001,8.608041,8.455333000000001,8.821208,8.554416999999999,8.344667,8.319083,8.650334,8.355833,8.628250000000001,8.458833,8.572375000000001,8.589958],"decode_profiles":[{},{},{},{},{},{},{},{},{},{},{},{},{},{},{}],"decode_tps":117.70186635141397,"first_token_ms":27.057792,"generated_ids":[525,2661,264,914,274,30606,315,42047,6364,11931,13,4615,3383,374,311,1477],"generated_tokens":16,"generation_ms":158.155792,"generation_tps":101.16607047815233,"gguf_mpp_min_rows":16,"kv_active_bytes":233472,"kv_reserved_bytes":3145728,"model_format":"GGUF","model_repository":"Qwen/Qwen2.5-0.5B-Instruct-GGUF","model_revision":"9217f5db79a29953eb74d5343926648285ec7e67","moe_expert_tensorops":true,"moe_expert_tensorops_min_routes_per_expert":8,"moe_expert_tensorops_tile_k64":true,"packed_quantized_bytes":515952640,"pair":4,"pair_order":"ferrum-control>ferrum-candidate>llama.cpp","parameter_count":630167424,"prefill_counters":{"allocated_bytes":3145744,"allocation_time":{"nanos":448167,"secs":0},"allocations":49,"arena_capacity":9091072,"arena_high_water":9091072,"command_buffers":1,"completion_waits":1,"dispatches":531,"encode":{"nanos":262980,"secs":0},"gpu":{"nanos":25169958,"secs":0},"reused_bytes":7372800,"transient_live_bytes":0,"transient_peak_bytes":7372800,"wait":{"nanos":25806416,"secs":0}},"prefill_ms":26.756833,"prefill_profile":{},"prefill_tps":149.49452351105978,"prompt_ids":[151644,8948,198,2610],"prompt_tokens":4,"q4_k_mpp_tile_k64":true,"q5_0_gemv_n4":false,"q5_1_mpp_tile_k64":true,"q8_0_mpp_tile_k64":true,"retained_weight_bytes":516095744,"runtime":"ferrum","sampling_ms":3.7762070000000003,"source_tensor_bytes":516238848,"tensor_count":291,"warmup":false,"process_rss_bytes":775651328,"ferrum_variant":"control","source_matrix_case_model":"qwen2.5-phase7a-small-batch-shape-probe-q5_k_m","engine_order":["ferrum-control","ferrum-candidate","llama.cpp"],"case_index":0,"engine_load_plus_first_warmup_ms":826.6305419965647}
{"case":"m04","decode_aggregate_tps":117.03005160861433,"decode_counters":[{"allocated_bytes":4,"allocation_time":{"nanos":4750,"secs":0},"allocations":1,"arena_capacity":9091072,"arena_high_water":9091072,"command_buffers":1,"completion_waits":1,"dispatches":531,"encode":{"nanos":191253,"secs":0},"gpu":{"nanos":7757125,"secs":0},"reused_bytes":2242560,"transient_live_bytes":524288,"transient_peak_bytes":2242560,"wait":{"nanos":7981375,"secs":0}},{"allocated_bytes":4,"allocation_time":{"nanos":3375,"secs":0},"allocations":1,"arena_capacity":9091072,"arena_high_water":9091072,"command_buffers":1,"completion_waits":1,"dispatches":531,"encode":{"nanos":178594,"secs":0},"gpu":{"nanos":7369375,"secs":0},"reused_bytes":2242560,"transient_live_bytes":524288,"transient_peak_bytes":2242560,"wait":{"nanos":7613875,"secs":0}},{"allocated_bytes":4,"allocation_time":{"nanos":4541,"secs":0},"allocations":1,"arena_capacity":9091072,"arena_high_water":9091072,"command_buffers":1,"completion_waits":1,"dispatches":531,"encode":{"nanos":180960,"secs":0},"gpu":{"nanos":8197292,"secs":0},"reused_bytes":2242560,"transient_live_bytes":524288,"transient_peak_bytes":2242560,"wait":{"nanos":8476042,"secs":0}},{"allocated_bytes":4,"allocation_time":{"nanos":4000,"secs":0},"allocations":1,"arena_capacity":9091072,"arena_high_water":9091072,"command_buffers":1,"completion_waits":1,"dispatches":531,"encode":{"nanos":190724,"secs":0},"gpu":{"nanos":8073833,"secs":0},"reused_bytes":2242560,"transient_live_bytes":524288,"transient_peak_bytes":2242560,"wait":{"nanos":8320125,"secs":0}},{"allocated_bytes":4,"allocation_time":{"nanos":3167,"secs":0},"allocations":1,"arena_capacity":9091072,"arena_high_water":9091072,"command_buffers":1,"completion_waits":1,"dispatches":531,"encode":{"nanos":175737,"secs":0},"gpu":{"nanos":7642292,"secs":0},"reused_bytes":2242560,"transient_live_bytes":524288,"transient_peak_bytes":2242560,"wait":{"nanos":7888042,"secs":0}},{"allocated_bytes":4,"allocation_time":{"nanos":3500,"secs":0},"allocations":1,"arena_capacity":9091072,"arena_high_water":9091072,"command_buffers":1,"completion_waits":1,"dispatches":531,"encode":{"nanos":183757,"secs":0},"gpu":{"nanos":7984250,"secs":0},"reused_bytes":2254848,"transient_live_bytes":524288,"transient_peak_bytes":2254848,"wait":{"nanos":8229708,"secs":0}},{"allocated_bytes":4,"allocation_time":{"nanos":3083,"secs":0},"allocations":1,"arena_capacity":9091072,"arena_high_water":9091072,"command_buffers":1,"completion_waits":1,"dispatches":531,"encode":{"nanos":178662,"secs":0},"gpu":{"nanos":7727500,"secs":0},"reused_bytes":2254848,"transient_live_bytes":524288,"transient_peak_bytes":2254848,"wait":{"nanos":7960584,"secs":0}},{"allocated_bytes":4,"allocation_time":{"nanos":4042,"secs":0},"allocations":1,"arena_capacity":9091072,"arena_high_water":9091072,"command_buffers":1,"completion_waits":1,"dispatches":531,"encode":{"nanos":177310,"secs":0},"gpu":{"nanos":8209000,"secs":0},"reused_bytes":2254848,"transient_live_bytes":524288,"transient_peak_bytes":2254848,"wait":{"nanos":8442792,"secs":0}},{"allocated_bytes":4,"allocation_time":{"nanos":3250,"secs":0},"allocations":1,"arena_capacity":9091072,"arena_high_water":9091072,"command_buffers":1,"completion_waits":1,"dispatches":531,"encode":{"nanos":178166,"secs":0},"gpu":{"nanos":8002250,"secs":0},"reused_bytes":2254848,"transient_live_bytes":524288,"transient_peak_bytes":2254848,"wait":{"nanos":8266833,"secs":0}},{"allocated_bytes":4,"allocation_time":{"nanos":4375,"secs":0},"allocations":1,"arena_capacity":9091072,"arena_high_water":9091072,"command_buffers":1,"completion_waits":1,"dispatches":531,"encode":{"nanos":194333,"secs":0},"gpu":{"nanos":8154167,"secs":0},"reused_bytes":2254848,"transient_live_bytes":524288,"transient_peak_bytes":2254848,"wait":{"nanos":8416541,"secs":0}},{"allocated_bytes":4,"allocation_time":{"nanos":4083,"secs":0},"allocations":1,"arena_capacity":9091072,"arena_high_water":9091072,"command_buffers":1,"completion_waits":1,"dispatches":531,"encode":{"nanos":196086,"secs":0},"gpu":{"nanos":7854083,"secs":0},"reused_bytes":2254848,"transient_live_bytes":524288,"transient_peak_bytes":2254848,"wait":{"nanos":8128625,"secs":0}},{"allocated_bytes":4,"allocation_time":{"nanos":4041,"secs":0},"allocations":1,"arena_capacity":9091072,"arena_high_water":9091072,"command_buffers":1,"completion_waits":1,"dispatches":531,"encode":{"nanos":187716,"secs":0},"gpu":{"nanos":7668583,"secs":0},"reused_bytes":2254848,"transient_live_bytes":524288,"transient_peak_bytes":2254848,"wait":{"nanos":7920583,"secs":0}},{"allocated_bytes":4,"allocation_time":{"nanos":3250,"secs":0},"allocations":1,"arena_capacity":9091072,"arena_high_water":9091072,"command_buffers":1,"completion_waits":1,"dispatches":531,"encode":{"nanos":178326,"secs":0},"gpu":{"nanos":7668500,"secs":0},"reused_bytes":2254848,"transient_live_bytes":524288,"transient_peak_bytes":2254848,"wait":{"nanos":7949416,"secs":0}},{"allocated_bytes":4,"allocation_time":{"nanos":4833,"secs":0},"allocations":1,"arena_capacity":9091072,"arena_high_water":9091072,"command_buffers":1,"completion_waits":1,"dispatches":531,"encode":{"nanos":179076,"secs":0},"gpu":{"nanos":7715333,"secs":0},"reused_bytes":2254848,"transient_live_bytes":524288,"transient_peak_bytes":2254848,"wait":{"nanos":7955833,"secs":0}},{"allocated_bytes":4,"allocation_time":{"nanos":3500,"secs":0},"allocations":1,"arena_capacity":9091072,"arena_high_water":9091072,"command_buffers":1,"completion_waits":1,"dispatches":531,"encode":{"nanos":175741,"secs":0},"gpu":{"nanos":7823625,"secs":0},"reused_bytes":2279424,"transient_live_bytes":524288,"transient_peak_bytes":2279424,"wait":{"nanos":8062208,"secs":0}}],"decode_median_ms":8.466583,"decode_ms":[8.399708,8.049125,8.9185,8.77875,8.3185,8.671166,8.393208,8.877833,8.707042,8.883459,8.591875,8.372875,8.349832999999999,8.39375,8.466583],"decode_profiles":[{},{},{},{},{},{},{},{},{},{},{},{},{},{},{}],"decode_tps":118.11140338434053,"first_token_ms":28.025958,"generated_ids":[525,2661,264,914,274,30606,315,42047,6364,11931,13,1446,525,1083,2661,264],"generated_tokens":16,"generation_ms":159.802,"generation_tps":100.12390333037133,"gguf_mpp_min_rows":4,"kv_active_bytes":233472,"kv_reserved_bytes":3145728,"model_format":"GGUF","model_repository":"Qwen/Qwen2.5-0.5B-Instruct-GGUF","model_revision":"9217f5db79a29953eb74d5343926648285ec7e67","moe_expert_tensorops":true,"moe_expert_tensorops_min_routes_per_expert":8,"moe_expert_tensorops_tile_k64":true,"packed_quantized_bytes":515952640,"pair":4,"pair_order":"ferrum-control>ferrum-candidate>llama.cpp","parameter_count":630167424,"prefill_counters":{"allocated_bytes":3145744,"allocation_time":{"nanos":311502,"secs":0},"allocations":49,"arena_capacity":9091072,"arena_high_water":9091072,"command_buffers":1,"completion_waits":1,"dispatches":531,"encode":{"nanos":204672,"secs":0},"gpu":{"nanos":26744875,"secs":0},"reused_bytes":7372800,"transient_live_bytes":0,"transient_peak_bytes":7372800,"wait":{"nanos":27011917,"secs":0}},"prefill_ms":27.721458000000002,"prefill_profile":{},"prefill_tps":144.29255488654312,"prompt_ids":[151644,8948,198,2610],"prompt_tokens":4,"q4_k_mpp_tile_k64":true,"q5_0_gemv_n4":false,"q5_1_mpp_tile_k64":true,"q8_0_mpp_tile_k64":true,"retained_weight_bytes":516095744,"runtime":"ferrum","sampling_ms":3.7488349999999997,"source_tensor_bytes":516238848,"tensor_count":291,"warmup":false,"process_rss_bytes":775651328,"ferrum_variant":"candidate","source_matrix_case_model":"qwen2.5-phase7a-small-batch-shape-probe-q5_k_m","engine_order":["ferrum-control","ferrum-candidate","llama.cpp"],"case_index":0,"engine_load_plus_first_warmup_ms":826.6305419965647}
{"case":"m04","command_buffer_count":null,"decode_aggregate_tps":229.0574667007708,"decode_median_ms":4.4475,"decode_ms":[4.608708,4.4475,4.249167,4.582333,4.205417,4.540208,4.110875,4.508042,4.137208,4.451709,4.226792,4.221708,4.564375,4.182708,4.449],"decode_tps":224.84541877459247,"dispatch_count":null,"first_token_ms":6.594,"generated_ids":[525,2661,264,914,274,30606,315,42047,6364,11931,13,1446,525,1083,2661,264],"generated_tokens":16,"generation_ms":75.82375,"generation_tps":211.01567780543695,"kv_context_capacity_tokens":4096,"kv_type":"bf16","llama_commit":"84e76d8a23162eca70490da131945ebec1f09bf4","llama_version":"0.5.0-dev","model_format":"GGUF","pair":4,"pair_order":"ferrum-control>ferrum-candidate>llama.cpp","prefill_ms":6.35575,"prefill_tps":629.3513747394093,"process_max_rss_bytes":690929664,"prompt_ids":[151644,8948,198,2610],"prompt_tokens":4,"runtime":"llama.cpp","sampling_ms":3.980123999999999,"warmup":false,"process_rss_bytes":690896896,"source_matrix_case_model":"qwen2.5-phase7a-small-batch-shape-probe-q5_k_m","engine_order":["ferrum-control","ferrum-candidate","llama.cpp"],"case_index":0,"engine_load_plus_first_warmup_ms":882.0083339815028}
~llama_context:       MTL0 compute buffer size is 298.5000 MiB, matches expectation of 298.5000 MiB
~llama_context:        CPU compute buffer size is   7.5137 MiB, matches expectation of   7.5137 MiB
~llama_context:        CPU compute buffer size is   0.0000 MiB, matches expectation of   0.0000 MiB
ggml_metal_free: deallocating
