ggml_metal_device_init: testing tensor API for f16 support
ggml_metal_library_compile_pipeline: compiling pipeline: base = 'dummy_kernel', name = 'dummy_kernel'
ggml_metal_library_compile_pipeline: loaded dummy_kernel                                  0x1037a2a50 | th_max = 1024 | th_width =   32
ggml_metal_device_init: testing tensor API for bfloat support
ggml_metal_library_compile_pipeline: compiling pipeline: base = 'dummy_kernel', name = 'dummy_kernel'
ggml_metal_library_compile_pipeline: loaded dummy_kernel                                  0x1037a3550 | th_max = 1024 | th_width =   32
ggml_metal_library_init: using embedded metal library
ggml_metal_library_compile_all: compiled 'fa' library in 0.009 sec
ggml_metal_library_compile_all: compiled 'mul_mv' library in 0.002 sec
ggml_metal_library_compile_all: compiled 'mul_mm' library in 0.001 sec
ggml_metal_library_compile_all: compiled 'quantize' library in 0.010 sec
ggml_metal_library_compile_all: compiled 'softmax' library in 0.001 sec
ggml_metal_library_compile_all: compiled 'norm' library in 0.001 sec
ggml_metal_library_compile_all: compiled 'unary' library in 0.001 sec
ggml_metal_library_compile_all: compiled 'binbcast' library in 0.001 sec
ggml_metal_library_compile_all: compiled 'reduce' library in 0.001 sec
ggml_metal_library_compile_all: compiled 'tri' library in 0.009 sec
ggml_metal_library_compile_all: compiled 'ssm' library in 0.009 sec
ggml_metal_library_compile_all: compiled 'wkv' library in 0.009 sec
ggml_metal_library_compile_all: compiled 'gated_delta_net' library in 0.009 sec
ggml_metal_library_compile_all: compiled 'solve_tri' library in 0.009 sec
ggml_metal_library_compile_all: compiled 'rope' library in 0.009 sec
ggml_metal_library_compile_all: compiled 'conv' library in 0.009 sec
ggml_metal_library_compile_all: compiled 'upscale' library in 0.009 sec
ggml_metal_library_compile_all: compiled 'argsort' library in 0.002 sec
ggml_metal_library_compile_all: compiled 'pool' library in 0.002 sec
ggml_metal_library_compile_all: compiled 'misc' library in 0.009 sec
ggml_metal_library_compile_all: loaded 20 libraries from embedded data in 0.010 sec (max single = 0.010 sec)
ggml_metal_rsets_init: creating a residency set collection (keep_alive = 180 s)
ggml_metal_device_init: GPU name:   MTL0 (Apple M5)
ggml_metal_device_init: GPU family: MTLGPUFamilyApple10  (1010)
ggml_metal_device_init: GPU family: MTLGPUFamilyMetal4  (5002)
ggml_metal_device_init: simdgroup reduction   = true
ggml_metal_device_init: simdgroup matrix mul. = true
ggml_metal_device_init: has unified memory    = true
ggml_metal_device_init: has bfloat            = true
ggml_metal_device_init: has tensor            = true
ggml_metal_device_init: use residency sets    = true
ggml_metal_device_init: use shared buffers    = true
ggml_metal_device_init: recommendedMaxWorkingSetSize  = 25769.80 MB
llama_model_loader: loaded meta data with 28 key-value pairs and 310 tensors from /Users/austinwells/.cache/huggingface/hub/models--Qwen--Qwen3-0.6B-GGUF/snapshots/23749fefcc72300e3a2ad315e1317431b06b590a/Qwen3-0.6B-Q8_0.gguf (version GGUF V3 (latest))
llama_model_loader: Dumping metadata keys/values. Note: KV overrides do not apply in this output.
llama_model_loader: - kv   0:                       general.architecture str              = qwen3
llama_model_loader: - kv   1:                               general.type str              = model
llama_model_loader: - kv   2:                               general.name str              = Qwen3 0.6B Instruct
llama_model_loader: - kv   3:                           general.finetune str              = Instruct
llama_model_loader: - kv   4:                           general.basename str              = Qwen3
llama_model_loader: - kv   5:                         general.size_label str              = 0.6B
llama_model_loader: - kv   6:                          qwen3.block_count u32              = 28
llama_model_loader: - kv   7:                       qwen3.context_length u32              = 40960
llama_model_loader: - kv   8:                     qwen3.embedding_length u32              = 1024
llama_model_loader: - kv   9:                  qwen3.feed_forward_length u32              = 3072
llama_model_loader: - kv  10:                 qwen3.attention.head_count u32              = 16
llama_model_loader: - kv  11:              qwen3.attention.head_count_kv u32              = 8
llama_model_loader: - kv  12:                       qwen3.rope.freq_base f32              = 1000000.000000
llama_model_loader: - kv  13:     qwen3.attention.layer_norm_rms_epsilon f32              = 0.000001
llama_model_loader: - kv  14:                 qwen3.attention.key_length u32              = 128
llama_model_loader: - kv  15:               qwen3.attention.value_length u32              = 128
llama_model_loader: - kv  16:                       tokenizer.ggml.model str              = gpt2
llama_model_loader: - kv  17:                         tokenizer.ggml.pre str              = qwen2
llama_model_loader: - kv  18:                      tokenizer.ggml.tokens arr[str,151936]  = ["!", "\"", "#", "$", "%", "&", "'", ...
llama_model_loader: - kv  19:                  tokenizer.ggml.token_type arr[i32,151936]  = [1, 1, 1, 1, 1, 1, 1, 1, 1, 1, 1, 1, ...
llama_model_loader: - kv  20:                      tokenizer.ggml.merges arr[str,151387]  = ["Ġ Ġ", "ĠĠ ĠĠ", "i n", "Ġ t",...
llama_model_loader: - kv  21:                tokenizer.ggml.eos_token_id u32              = 151645
llama_model_loader: - kv  22:            tokenizer.ggml.padding_token_id u32              = 151643
llama_model_loader: - kv  23:                tokenizer.ggml.bos_token_id u32              = 151643
llama_model_loader: - kv  24:               tokenizer.ggml.add_bos_token bool             = false
llama_model_loader: - kv  25:                    tokenizer.chat_template str              = {%- if tools %}\n    {{- '<|im_start|>...
llama_model_loader: - kv  26:               general.quantization_version u32              = 2
llama_model_loader: - kv  27:                          general.file_type u32              = 7
llama_model_loader: - type  f32:  113 tensors
llama_model_loader: - type q8_0:  197 tensors
print_info: file format = GGUF V3 (latest)
print_info: file type   = Q8_0
print_info: file size   = 604.15 MiB (8.50 BPW)
llama_prepare_model_devices: using device MTL0 (Apple M5) (unknown id) - 24575 MiB free
init_tokenizer: initializing tokenizer for type 2
load: 0 unused tokens
load: control token: 151659 '<|fim_prefix|>' is not marked as EOG
load: control token: 151656 '<|video_pad|>' is not marked as EOG
load: control token: 151655 '<|image_pad|>' is not marked as EOG
load: control token: 151653 '<|vision_end|>' is not marked as EOG
load: control token: 151652 '<|vision_start|>' is not marked as EOG
load: control token: 151651 '<|quad_end|>' is not marked as EOG
load: control token: 151649 '<|box_end|>' is not marked as EOG
load: control token: 151648 '<|box_start|>' is not marked as EOG
load: control token: 151646 '<|object_ref_start|>' is not marked as EOG
load: control token: 151644 '<|im_start|>' is not marked as EOG
load: control token: 151661 '<|fim_suffix|>' is not marked as EOG
load: control token: 151647 '<|object_ref_end|>' is not marked as EOG
load: control-looking token: 128247 '</s>' was not control-type; this is probably a bug in the model. its type will be overridden
load: control token: 151660 '<|fim_middle|>' is not marked as EOG
load: control token: 151654 '<|vision_pad|>' is not marked as EOG
load: control token: 151650 '<|quad_start|>' is not marked as EOG
load: printing all EOG tokens:
load:   - 128247 ('</s>')
load:   - 151643 ('<|endoftext|>')
load:   - 151645 ('<|im_end|>')
load:   - 151662 ('<|fim_pad|>')
load:   - 151663 ('<|repo_name|>')
load:   - 151664 ('<|file_sep|>')
load: special tokens cache size = 27
load: token to piece cache size = 0.9311 MB
print_info: arch                  = qwen3
print_info: vocab_only            = 0
print_info: no_alloc              = 0
print_info: n_ctx_train           = 40960
print_info: n_embd_inp            = 1024
print_info: n_embd                = 1024
print_info: n_embd_out            = 1024
print_info: n_layer               = 28
print_info: n_layer_all           = 28
print_info: n_head                = 16
print_info: n_head_kv             = 8
print_info: n_rot                 = 128
print_info: n_swa                 = 0
print_info: is_swa_any            = 0
print_info: non_causal_type       = 0
print_info: n_embd_head_k         = 128
print_info: n_embd_head_v         = 128
print_info: n_gqa                 = 2
print_info: n_embd_k_gqa          = 1024
print_info: n_embd_v_gqa          = 1024
print_info: f_norm_eps            = 0.0e+00
print_info: f_norm_rms_eps        = 1.0e-06
print_info: f_clamp_kqv           = 0.0e+00
print_info: f_max_alibi_bias      = 0.0e+00
print_info: f_logit_scale         = 0.0e+00
print_info: f_attn_scale          = 0.0e+00
print_info: f_attn_value_scale    = 0.0000
print_info: n_ff                  = 3072
print_info: n_expert              = 0
print_info: n_expert_used         = 0
print_info: n_expert_groups       = 0
print_info: n_group_used          = 0
print_info: causal attn           = 1
print_info: pooling type          = -1
print_info: rope type             = 2
print_info: rope scaling          = linear
print_info: freq_base_train       = 1000000.0
print_info: freq_scale_train      = 1
print_info: n_ctx_orig_yarn       = 40960
print_info: rope_yarn_log_mul     = 0.0000
print_info: rope_finetuned        = unknown
print_info: model type            = 0.6B
print_info: model params          = 596.05 M
print_info: general.name          = Qwen3 0.6B Instruct
print_info: vocab type            = BPE
print_info: n_vocab               = 151936
print_info: n_merges              = 151387
print_info: BOS token             = 151643 '<|endoftext|>'
print_info: EOS token             = 151645 '<|im_end|>'
print_info: EOT token             = 151645 '<|im_end|>'
print_info: PAD token             = 151643 '<|endoftext|>'
print_info: LF token              = 198 'Ċ'
print_info: FIM PRE token         = 151659 '<|fim_prefix|>'
print_info: FIM SUF token         = 151661 '<|fim_suffix|>'
print_info: FIM MID token         = 151660 '<|fim_middle|>'
print_info: FIM PAD token         = 151662 '<|fim_pad|>'
print_info: FIM REP token         = 151663 '<|repo_name|>'
print_info: FIM SEP token         = 151664 '<|file_sep|>'
print_info: EOG token             = 128247 '</s>'
print_info: EOG token             = 151643 '<|endoftext|>'
print_info: EOG token             = 151645 '<|im_end|>'
print_info: EOG token             = 151662 '<|fim_pad|>'
print_info: EOG token             = 151663 '<|repo_name|>'
print_info: EOG token             = 151664 '<|file_sep|>'
print_info: max token length      = 256
load_tensors: loading model tensors, this can take a while... (load_mode = mmap)
load_tensors: layer   0 assigned to device MTL0, is_swa = 0
load_tensors: layer   1 assigned to device MTL0, is_swa = 0
load_tensors: layer   2 assigned to device MTL0, is_swa = 0
load_tensors: layer   3 assigned to device MTL0, is_swa = 0
load_tensors: layer   4 assigned to device MTL0, is_swa = 0
load_tensors: layer   5 assigned to device MTL0, is_swa = 0
load_tensors: layer   6 assigned to device MTL0, is_swa = 0
load_tensors: layer   7 assigned to device MTL0, is_swa = 0
load_tensors: layer   8 assigned to device MTL0, is_swa = 0
load_tensors: layer   9 assigned to device MTL0, is_swa = 0
load_tensors: layer  10 assigned to device MTL0, is_swa = 0
load_tensors: layer  11 assigned to device MTL0, is_swa = 0
load_tensors: layer  12 assigned to device MTL0, is_swa = 0
load_tensors: layer  13 assigned to device MTL0, is_swa = 0
load_tensors: layer  14 assigned to device MTL0, is_swa = 0
load_tensors: layer  15 assigned to device MTL0, is_swa = 0
load_tensors: layer  16 assigned to device MTL0, is_swa = 0
load_tensors: layer  17 assigned to device MTL0, is_swa = 0
load_tensors: layer  18 assigned to device MTL0, is_swa = 0
load_tensors: layer  19 assigned to device MTL0, is_swa = 0
load_tensors: layer  20 assigned to device MTL0, is_swa = 0
load_tensors: layer  21 assigned to device MTL0, is_swa = 0
load_tensors: layer  22 assigned to device MTL0, is_swa = 0
load_tensors: layer  23 assigned to device MTL0, is_swa = 0
load_tensors: layer  24 assigned to device MTL0, is_swa = 0
load_tensors: layer  25 assigned to device MTL0, is_swa = 0
load_tensors: layer  26 assigned to device MTL0, is_swa = 0
load_tensors: layer  27 assigned to device MTL0, is_swa = 0
load_tensors: layer  28 assigned to device MTL0, is_swa = 0
create_tensor: loading tensor token_embd.weight
create_tensor: loading tensor output_norm.weight
create_tensor: loading tensor output.weight
create_tensor: loading tensor token_embd.weight
create_tensor: loading tensor cls.output.weight
create_tensor: loading tensor blk.0.attn_norm.weight
create_tensor: loading tensor blk.0.attn_qkv.weight
create_tensor: loading tensor blk.0.attn_q.weight
create_tensor: loading tensor blk.0.attn_k.weight
create_tensor: loading tensor blk.0.attn_v.weight
create_tensor: loading tensor blk.0.attn_q.bias
create_tensor: loading tensor blk.0.attn_k.bias
create_tensor: loading tensor blk.0.attn_v.bias
create_tensor: loading tensor blk.0.attn_output.weight
create_tensor: loading tensor blk.0.attn_k_norm.weight
create_tensor: loading tensor blk.0.attn_q_norm.weight
create_tensor: loading tensor blk.0.ffn_norm.weight
create_tensor: loading tensor blk.0.ffn_gate.weight
create_tensor: loading tensor blk.0.ffn_down.weight
create_tensor: loading tensor blk.0.ffn_up.weight
create_tensor: loading tensor blk.1.attn_norm.weight
create_tensor: loading tensor blk.1.attn_qkv.weight
create_tensor: loading tensor blk.1.attn_q.weight
create_tensor: loading tensor blk.1.attn_k.weight
create_tensor: loading tensor blk.1.attn_v.weight
create_tensor: loading tensor blk.1.attn_q.bias
create_tensor: loading tensor blk.1.attn_k.bias
create_tensor: loading tensor blk.1.attn_v.bias
create_tensor: loading tensor blk.1.attn_output.weight
create_tensor: loading tensor blk.1.attn_k_norm.weight
create_tensor: loading tensor blk.1.attn_q_norm.weight
create_tensor: loading tensor blk.1.ffn_norm.weight
create_tensor: loading tensor blk.1.ffn_gate.weight
create_tensor: loading tensor blk.1.ffn_down.weight
create_tensor: loading tensor blk.1.ffn_up.weight
create_tensor: loading tensor blk.2.attn_norm.weight
create_tensor: loading tensor blk.2.attn_qkv.weight
create_tensor: loading tensor blk.2.attn_q.weight
create_tensor: loading tensor blk.2.attn_k.weight
create_tensor: loading tensor blk.2.attn_v.weight
create_tensor: loading tensor blk.2.attn_q.bias
create_tensor: loading tensor blk.2.attn_k.bias
create_tensor: loading tensor blk.2.attn_v.bias
create_tensor: loading tensor blk.2.attn_output.weight
create_tensor: loading tensor blk.2.attn_k_norm.weight
create_tensor: loading tensor blk.2.attn_q_norm.weight
create_tensor: loading tensor blk.2.ffn_norm.weight
create_tensor: loading tensor blk.2.ffn_gate.weight
create_tensor: loading tensor blk.2.ffn_down.weight
create_tensor: loading tensor blk.2.ffn_up.weight
create_tensor: loading tensor blk.3.attn_norm.weight
create_tensor: loading tensor blk.3.attn_qkv.weight
create_tensor: loading tensor blk.3.attn_q.weight
create_tensor: loading tensor blk.3.attn_k.weight
create_tensor: loading tensor blk.3.attn_v.weight
create_tensor: loading tensor blk.3.attn_q.bias
create_tensor: loading tensor blk.3.attn_k.bias
create_tensor: loading tensor blk.3.attn_v.bias
create_tensor: loading tensor blk.3.attn_output.weight
create_tensor: loading tensor blk.3.attn_k_norm.weight
create_tensor: loading tensor blk.3.attn_q_norm.weight
create_tensor: loading tensor blk.3.ffn_norm.weight
create_tensor: loading tensor blk.3.ffn_gate.weight
create_tensor: loading tensor blk.3.ffn_down.weight
create_tensor: loading tensor blk.3.ffn_up.weight
create_tensor: loading tensor blk.4.attn_norm.weight
create_tensor: loading tensor blk.4.attn_qkv.weight
create_tensor: loading tensor blk.4.attn_q.weight
create_tensor: loading tensor blk.4.attn_k.weight
create_tensor: loading tensor blk.4.attn_v.weight
create_tensor: loading tensor blk.4.attn_q.bias
create_tensor: loading tensor blk.4.attn_k.bias
create_tensor: loading tensor blk.4.attn_v.bias
create_tensor: loading tensor blk.4.attn_output.weight
create_tensor: loading tensor blk.4.attn_k_norm.weight
create_tensor: loading tensor blk.4.attn_q_norm.weight
create_tensor: loading tensor blk.4.ffn_norm.weight
create_tensor: loading tensor blk.4.ffn_gate.weight
create_tensor: loading tensor blk.4.ffn_down.weight
create_tensor: loading tensor blk.4.ffn_up.weight
create_tensor: loading tensor blk.5.attn_norm.weight
create_tensor: loading tensor blk.5.attn_qkv.weight
create_tensor: loading tensor blk.5.attn_q.weight
create_tensor: loading tensor blk.5.attn_k.weight
create_tensor: loading tensor blk.5.attn_v.weight
create_tensor: loading tensor blk.5.attn_q.bias
create_tensor: loading tensor blk.5.attn_k.bias
create_tensor: loading tensor blk.5.attn_v.bias
create_tensor: loading tensor blk.5.attn_output.weight
create_tensor: loading tensor blk.5.attn_k_norm.weight
create_tensor: loading tensor blk.5.attn_q_norm.weight
create_tensor: loading tensor blk.5.ffn_norm.weight
create_tensor: loading tensor blk.5.ffn_gate.weight
create_tensor: loading tensor blk.5.ffn_down.weight
create_tensor: loading tensor blk.5.ffn_up.weight
create_tensor: loading tensor blk.6.attn_norm.weight
create_tensor: loading tensor blk.6.attn_qkv.weight
create_tensor: loading tensor blk.6.attn_q.weight
create_tensor: loading tensor blk.6.attn_k.weight
create_tensor: loading tensor blk.6.attn_v.weight
create_tensor: loading tensor blk.6.attn_q.bias
create_tensor: loading tensor blk.6.attn_k.bias
create_tensor: loading tensor blk.6.attn_v.bias
create_tensor: loading tensor blk.6.attn_output.weight
create_tensor: loading tensor blk.6.attn_k_norm.weight
create_tensor: loading tensor blk.6.attn_q_norm.weight
create_tensor: loading tensor blk.6.ffn_norm.weight
create_tensor: loading tensor blk.6.ffn_gate.weight
create_tensor: loading tensor blk.6.ffn_down.weight
create_tensor: loading tensor blk.6.ffn_up.weight
create_tensor: loading tensor blk.7.attn_norm.weight
create_tensor: loading tensor blk.7.attn_qkv.weight
create_tensor: loading tensor blk.7.attn_q.weight
create_tensor: loading tensor blk.7.attn_k.weight
create_tensor: loading tensor blk.7.attn_v.weight
create_tensor: loading tensor blk.7.attn_q.bias
create_tensor: loading tensor blk.7.attn_k.bias
create_tensor: loading tensor blk.7.attn_v.bias
create_tensor: loading tensor blk.7.attn_output.weight
create_tensor: loading tensor blk.7.attn_k_norm.weight
create_tensor: loading tensor blk.7.attn_q_norm.weight
create_tensor: loading tensor blk.7.ffn_norm.weight
create_tensor: loading tensor blk.7.ffn_gate.weight
create_tensor: loading tensor blk.7.ffn_down.weight
create_tensor: loading tensor blk.7.ffn_up.weight
create_tensor: loading tensor blk.8.attn_norm.weight
create_tensor: loading tensor blk.8.attn_qkv.weight
create_tensor: loading tensor blk.8.attn_q.weight
create_tensor: loading tensor blk.8.attn_k.weight
create_tensor: loading tensor blk.8.attn_v.weight
create_tensor: loading tensor blk.8.attn_q.bias
create_tensor: loading tensor blk.8.attn_k.bias
create_tensor: loading tensor blk.8.attn_v.bias
create_tensor: loading tensor blk.8.attn_output.weight
create_tensor: loading tensor blk.8.attn_k_norm.weight
create_tensor: loading tensor blk.8.attn_q_norm.weight
create_tensor: loading tensor blk.8.ffn_norm.weight
create_tensor: loading tensor blk.8.ffn_gate.weight
create_tensor: loading tensor blk.8.ffn_down.weight
create_tensor: loading tensor blk.8.ffn_up.weight
create_tensor: loading tensor blk.9.attn_norm.weight
create_tensor: loading tensor blk.9.attn_qkv.weight
create_tensor: loading tensor blk.9.attn_q.weight
create_tensor: loading tensor blk.9.attn_k.weight
create_tensor: loading tensor blk.9.attn_v.weight
create_tensor: loading tensor blk.9.attn_q.bias
create_tensor: loading tensor blk.9.attn_k.bias
create_tensor: loading tensor blk.9.attn_v.bias
create_tensor: loading tensor blk.9.attn_output.weight
create_tensor: loading tensor blk.9.attn_k_norm.weight
create_tensor: loading tensor blk.9.attn_q_norm.weight
create_tensor: loading tensor blk.9.ffn_norm.weight
create_tensor: loading tensor blk.9.ffn_gate.weight
create_tensor: loading tensor blk.9.ffn_down.weight
create_tensor: loading tensor blk.9.ffn_up.weight
create_tensor: loading tensor blk.10.attn_norm.weight
create_tensor: loading tensor blk.10.attn_qkv.weight
create_tensor: loading tensor blk.10.attn_q.weight
create_tensor: loading tensor blk.10.attn_k.weight
create_tensor: loading tensor blk.10.attn_v.weight
create_tensor: loading tensor blk.10.attn_q.bias
create_tensor: loading tensor blk.10.attn_k.bias
create_tensor: loading tensor blk.10.attn_v.bias
create_tensor: loading tensor blk.10.attn_output.weight
create_tensor: loading tensor blk.10.attn_k_norm.weight
create_tensor: loading tensor blk.10.attn_q_norm.weight
create_tensor: loading tensor blk.10.ffn_norm.weight
create_tensor: loading tensor blk.10.ffn_gate.weight
create_tensor: loading tensor blk.10.ffn_down.weight
create_tensor: loading tensor blk.10.ffn_up.weight
create_tensor: loading tensor blk.11.attn_norm.weight
create_tensor: loading tensor blk.11.attn_qkv.weight
create_tensor: loading tensor blk.11.attn_q.weight
create_tensor: loading tensor blk.11.attn_k.weight
create_tensor: loading tensor blk.11.attn_v.weight
create_tensor: loading tensor blk.11.attn_q.bias
create_tensor: loading tensor blk.11.attn_k.bias
create_tensor: loading tensor blk.11.attn_v.bias
create_tensor: loading tensor blk.11.attn_output.weight
create_tensor: loading tensor blk.11.attn_k_norm.weight
create_tensor: loading tensor blk.11.attn_q_norm.weight
create_tensor: loading tensor blk.11.ffn_norm.weight
create_tensor: loading tensor blk.11.ffn_gate.weight
create_tensor: loading tensor blk.11.ffn_down.weight
create_tensor: loading tensor blk.11.ffn_up.weight
create_tensor: loading tensor blk.12.attn_norm.weight
create_tensor: loading tensor blk.12.attn_qkv.weight
create_tensor: loading tensor blk.12.attn_q.weight
create_tensor: loading tensor blk.12.attn_k.weight
create_tensor: loading tensor blk.12.attn_v.weight
create_tensor: loading tensor blk.12.attn_q.bias
create_tensor: loading tensor blk.12.attn_k.bias
create_tensor: loading tensor blk.12.attn_v.bias
create_tensor: loading tensor blk.12.attn_output.weight
create_tensor: loading tensor blk.12.attn_k_norm.weight
create_tensor: loading tensor blk.12.attn_q_norm.weight
create_tensor: loading tensor blk.12.ffn_norm.weight
create_tensor: loading tensor blk.12.ffn_gate.weight
create_tensor: loading tensor blk.12.ffn_down.weight
create_tensor: loading tensor blk.12.ffn_up.weight
create_tensor: loading tensor blk.13.attn_norm.weight
create_tensor: loading tensor blk.13.attn_qkv.weight
create_tensor: loading tensor blk.13.attn_q.weight
create_tensor: loading tensor blk.13.attn_k.weight
create_tensor: loading tensor blk.13.attn_v.weight
create_tensor: loading tensor blk.13.attn_q.bias
create_tensor: loading tensor blk.13.attn_k.bias
create_tensor: loading tensor blk.13.attn_v.bias
create_tensor: loading tensor blk.13.attn_output.weight
create_tensor: loading tensor blk.13.attn_k_norm.weight
create_tensor: loading tensor blk.13.attn_q_norm.weight
create_tensor: loading tensor blk.13.ffn_norm.weight
create_tensor: loading tensor blk.13.ffn_gate.weight
create_tensor: loading tensor blk.13.ffn_down.weight
create_tensor: loading tensor blk.13.ffn_up.weight
create_tensor: loading tensor blk.14.attn_norm.weight
create_tensor: loading tensor blk.14.attn_qkv.weight
create_tensor: loading tensor blk.14.attn_q.weight
create_tensor: loading tensor blk.14.attn_k.weight
create_tensor: loading tensor blk.14.attn_v.weight
create_tensor: loading tensor blk.14.attn_q.bias
create_tensor: loading tensor blk.14.attn_k.bias
create_tensor: loading tensor blk.14.attn_v.bias
create_tensor: loading tensor blk.14.attn_output.weight
create_tensor: loading tensor blk.14.attn_k_norm.weight
create_tensor: loading tensor blk.14.attn_q_norm.weight
create_tensor: loading tensor blk.14.ffn_norm.weight
create_tensor: loading tensor blk.14.ffn_gate.weight
create_tensor: loading tensor blk.14.ffn_down.weight
create_tensor: loading tensor blk.14.ffn_up.weight
create_tensor: loading tensor blk.15.attn_norm.weight
create_tensor: loading tensor blk.15.attn_qkv.weight
create_tensor: loading tensor blk.15.attn_q.weight
create_tensor: loading tensor blk.15.attn_k.weight
create_tensor: loading tensor blk.15.attn_v.weight
create_tensor: loading tensor blk.15.attn_q.bias
create_tensor: loading tensor blk.15.attn_k.bias
create_tensor: loading tensor blk.15.attn_v.bias
create_tensor: loading tensor blk.15.attn_output.weight
create_tensor: loading tensor blk.15.attn_k_norm.weight
create_tensor: loading tensor blk.15.attn_q_norm.weight
create_tensor: loading tensor blk.15.ffn_norm.weight
create_tensor: loading tensor blk.15.ffn_gate.weight
create_tensor: loading tensor blk.15.ffn_down.weight
create_tensor: loading tensor blk.15.ffn_up.weight
create_tensor: loading tensor blk.16.attn_norm.weight
create_tensor: loading tensor blk.16.attn_qkv.weight
create_tensor: loading tensor blk.16.attn_q.weight
create_tensor: loading tensor blk.16.attn_k.weight
create_tensor: loading tensor blk.16.attn_v.weight
create_tensor: loading tensor blk.16.attn_q.bias
create_tensor: loading tensor blk.16.attn_k.bias
create_tensor: loading tensor blk.16.attn_v.bias
create_tensor: loading tensor blk.16.attn_output.weight
create_tensor: loading tensor blk.16.attn_k_norm.weight
create_tensor: loading tensor blk.16.attn_q_norm.weight
create_tensor: loading tensor blk.16.ffn_norm.weight
create_tensor: loading tensor blk.16.ffn_gate.weight
create_tensor: loading tensor blk.16.ffn_down.weight
create_tensor: loading tensor blk.16.ffn_up.weight
create_tensor: loading tensor blk.17.attn_norm.weight
create_tensor: loading tensor blk.17.attn_qkv.weight
create_tensor: loading tensor blk.17.attn_q.weight
create_tensor: loading tensor blk.17.attn_k.weight
create_tensor: loading tensor blk.17.attn_v.weight
create_tensor: loading tensor blk.17.attn_q.bias
create_tensor: loading tensor blk.17.attn_k.bias
create_tensor: loading tensor blk.17.attn_v.bias
create_tensor: loading tensor blk.17.attn_output.weight
create_tensor: loading tensor blk.17.attn_k_norm.weight
create_tensor: loading tensor blk.17.attn_q_norm.weight
create_tensor: loading tensor blk.17.ffn_norm.weight
create_tensor: loading tensor blk.17.ffn_gate.weight
create_tensor: loading tensor blk.17.ffn_down.weight
create_tensor: loading tensor blk.17.ffn_up.weight
create_tensor: loading tensor blk.18.attn_norm.weight
create_tensor: loading tensor blk.18.attn_qkv.weight
create_tensor: loading tensor blk.18.attn_q.weight
create_tensor: loading tensor blk.18.attn_k.weight
create_tensor: loading tensor blk.18.attn_v.weight
create_tensor: loading tensor blk.18.attn_q.bias
create_tensor: loading tensor blk.18.attn_k.bias
create_tensor: loading tensor blk.18.attn_v.bias
create_tensor: loading tensor blk.18.attn_output.weight
create_tensor: loading tensor blk.18.attn_k_norm.weight
create_tensor: loading tensor blk.18.attn_q_norm.weight
create_tensor: loading tensor blk.18.ffn_norm.weight
create_tensor: loading tensor blk.18.ffn_gate.weight
create_tensor: loading tensor blk.18.ffn_down.weight
create_tensor: loading tensor blk.18.ffn_up.weight
create_tensor: loading tensor blk.19.attn_norm.weight
create_tensor: loading tensor blk.19.attn_qkv.weight
create_tensor: loading tensor blk.19.attn_q.weight
create_tensor: loading tensor blk.19.attn_k.weight
create_tensor: loading tensor blk.19.attn_v.weight
create_tensor: loading tensor blk.19.attn_q.bias
create_tensor: loading tensor blk.19.attn_k.bias
create_tensor: loading tensor blk.19.attn_v.bias
create_tensor: loading tensor blk.19.attn_output.weight
create_tensor: loading tensor blk.19.attn_k_norm.weight
create_tensor: loading tensor blk.19.attn_q_norm.weight
create_tensor: loading tensor blk.19.ffn_norm.weight
create_tensor: loading tensor blk.19.ffn_gate.weight
create_tensor: loading tensor blk.19.ffn_down.weight
create_tensor: loading tensor blk.19.ffn_up.weight
create_tensor: loading tensor blk.20.attn_norm.weight
create_tensor: loading tensor blk.20.attn_qkv.weight
create_tensor: loading tensor blk.20.attn_q.weight
create_tensor: loading tensor blk.20.attn_k.weight
create_tensor: loading tensor blk.20.attn_v.weight
create_tensor: loading tensor blk.20.attn_q.bias
create_tensor: loading tensor blk.20.attn_k.bias
create_tensor: loading tensor blk.20.attn_v.bias
create_tensor: loading tensor blk.20.attn_output.weight
create_tensor: loading tensor blk.20.attn_k_norm.weight
create_tensor: loading tensor blk.20.attn_q_norm.weight
create_tensor: loading tensor blk.20.ffn_norm.weight
create_tensor: loading tensor blk.20.ffn_gate.weight
create_tensor: loading tensor blk.20.ffn_down.weight
create_tensor: loading tensor blk.20.ffn_up.weight
create_tensor: loading tensor blk.21.attn_norm.weight
create_tensor: loading tensor blk.21.attn_qkv.weight
create_tensor: loading tensor blk.21.attn_q.weight
create_tensor: loading tensor blk.21.attn_k.weight
create_tensor: loading tensor blk.21.attn_v.weight
create_tensor: loading tensor blk.21.attn_q.bias
create_tensor: loading tensor blk.21.attn_k.bias
create_tensor: loading tensor blk.21.attn_v.bias
create_tensor: loading tensor blk.21.attn_output.weight
create_tensor: loading tensor blk.21.attn_k_norm.weight
create_tensor: loading tensor blk.21.attn_q_norm.weight
create_tensor: loading tensor blk.21.ffn_norm.weight
create_tensor: loading tensor blk.21.ffn_gate.weight
create_tensor: loading tensor blk.21.ffn_down.weight
create_tensor: loading tensor blk.21.ffn_up.weight
create_tensor: loading tensor blk.22.attn_norm.weight
create_tensor: loading tensor blk.22.attn_qkv.weight
create_tensor: loading tensor blk.22.attn_q.weight
create_tensor: loading tensor blk.22.attn_k.weight
create_tensor: loading tensor blk.22.attn_v.weight
create_tensor: loading tensor blk.22.attn_q.bias
create_tensor: loading tensor blk.22.attn_k.bias
create_tensor: loading tensor blk.22.attn_v.bias
create_tensor: loading tensor blk.22.attn_output.weight
create_tensor: loading tensor blk.22.attn_k_norm.weight
create_tensor: loading tensor blk.22.attn_q_norm.weight
create_tensor: loading tensor blk.22.ffn_norm.weight
create_tensor: loading tensor blk.22.ffn_gate.weight
create_tensor: loading tensor blk.22.ffn_down.weight
create_tensor: loading tensor blk.22.ffn_up.weight
create_tensor: loading tensor blk.23.attn_norm.weight
create_tensor: loading tensor blk.23.attn_qkv.weight
create_tensor: loading tensor blk.23.attn_q.weight
create_tensor: loading tensor blk.23.attn_k.weight
create_tensor: loading tensor blk.23.attn_v.weight
create_tensor: loading tensor blk.23.attn_q.bias
create_tensor: loading tensor blk.23.attn_k.bias
create_tensor: loading tensor blk.23.attn_v.bias
create_tensor: loading tensor blk.23.attn_output.weight
create_tensor: loading tensor blk.23.attn_k_norm.weight
create_tensor: loading tensor blk.23.attn_q_norm.weight
create_tensor: loading tensor blk.23.ffn_norm.weight
create_tensor: loading tensor blk.23.ffn_gate.weight
create_tensor: loading tensor blk.23.ffn_down.weight
create_tensor: loading tensor blk.23.ffn_up.weight
create_tensor: loading tensor blk.24.attn_norm.weight
create_tensor: loading tensor blk.24.attn_qkv.weight
create_tensor: loading tensor blk.24.attn_q.weight
create_tensor: loading tensor blk.24.attn_k.weight
create_tensor: loading tensor blk.24.attn_v.weight
create_tensor: loading tensor blk.24.attn_q.bias
create_tensor: loading tensor blk.24.attn_k.bias
create_tensor: loading tensor blk.24.attn_v.bias
create_tensor: loading tensor blk.24.attn_output.weight
create_tensor: loading tensor blk.24.attn_k_norm.weight
create_tensor: loading tensor blk.24.attn_q_norm.weight
create_tensor: loading tensor blk.24.ffn_norm.weight
create_tensor: loading tensor blk.24.ffn_gate.weight
create_tensor: loading tensor blk.24.ffn_down.weight
create_tensor: loading tensor blk.24.ffn_up.weight
create_tensor: loading tensor blk.25.attn_norm.weight
create_tensor: loading tensor blk.25.attn_qkv.weight
create_tensor: loading tensor blk.25.attn_q.weight
create_tensor: loading tensor blk.25.attn_k.weight
create_tensor: loading tensor blk.25.attn_v.weight
create_tensor: loading tensor blk.25.attn_q.bias
create_tensor: loading tensor blk.25.attn_k.bias
create_tensor: loading tensor blk.25.attn_v.bias
create_tensor: loading tensor blk.25.attn_output.weight
create_tensor: loading tensor blk.25.attn_k_norm.weight
create_tensor: loading tensor blk.25.attn_q_norm.weight
create_tensor: loading tensor blk.25.ffn_norm.weight
create_tensor: loading tensor blk.25.ffn_gate.weight
create_tensor: loading tensor blk.25.ffn_down.weight
create_tensor: loading tensor blk.25.ffn_up.weight
create_tensor: loading tensor blk.26.attn_norm.weight
create_tensor: loading tensor blk.26.attn_qkv.weight
create_tensor: loading tensor blk.26.attn_q.weight
create_tensor: loading tensor blk.26.attn_k.weight
create_tensor: loading tensor blk.26.attn_v.weight
create_tensor: loading tensor blk.26.attn_q.bias
create_tensor: loading tensor blk.26.attn_k.bias
create_tensor: loading tensor blk.26.attn_v.bias
create_tensor: loading tensor blk.26.attn_output.weight
create_tensor: loading tensor blk.26.attn_k_norm.weight
create_tensor: loading tensor blk.26.attn_q_norm.weight
create_tensor: loading tensor blk.26.ffn_norm.weight
create_tensor: loading tensor blk.26.ffn_gate.weight
create_tensor: loading tensor blk.26.ffn_down.weight
create_tensor: loading tensor blk.26.ffn_up.weight
create_tensor: loading tensor blk.27.attn_norm.weight
create_tensor: loading tensor blk.27.attn_qkv.weight
create_tensor: loading tensor blk.27.attn_q.weight
create_tensor: loading tensor blk.27.attn_k.weight
create_tensor: loading tensor blk.27.attn_v.weight
create_tensor: loading tensor blk.27.attn_q.bias
create_tensor: loading tensor blk.27.attn_k.bias
create_tensor: loading tensor blk.27.attn_v.bias
create_tensor: loading tensor blk.27.attn_output.weight
create_tensor: loading tensor blk.27.attn_k_norm.weight
create_tensor: loading tensor blk.27.attn_q_norm.weight
create_tensor: loading tensor blk.27.ffn_norm.weight
create_tensor: loading tensor blk.27.ffn_gate.weight
create_tensor: loading tensor blk.27.ffn_down.weight
create_tensor: loading tensor blk.27.ffn_up.weight
create_tensor: loading tensor blk.0.attn_q.scale
create_tensor: loading tensor blk.0.attn_k.scale
create_tensor: loading tensor blk.0.attn_v.scale
create_tensor: loading tensor blk.0.attn_output.scale
create_tensor: loading tensor blk.0.ffn_gate.scale
create_tensor: loading tensor blk.0.ffn_down.scale
create_tensor: loading tensor blk.0.ffn_up.scale
create_tensor: loading tensor blk.0.attn_q.input_scale
create_tensor: loading tensor blk.0.attn_k.input_scale
create_tensor: loading tensor blk.0.attn_v.input_scale
create_tensor: loading tensor blk.0.attn_output.input_scale
create_tensor: loading tensor blk.0.ffn_gate.input_scale
create_tensor: loading tensor blk.0.ffn_down.input_scale
create_tensor: loading tensor blk.0.ffn_up.input_scale
create_tensor: loading tensor blk.1.attn_q.scale
create_tensor: loading tensor blk.1.attn_k.scale
create_tensor: loading tensor blk.1.attn_v.scale
create_tensor: loading tensor blk.1.attn_output.scale
create_tensor: loading tensor blk.1.ffn_gate.scale
create_tensor: loading tensor blk.1.ffn_down.scale
create_tensor: loading tensor blk.1.ffn_up.scale
create_tensor: loading tensor blk.1.attn_q.input_scale
create_tensor: loading tensor blk.1.attn_k.input_scale
create_tensor: loading tensor blk.1.attn_v.input_scale
create_tensor: loading tensor blk.1.attn_output.input_scale
create_tensor: loading tensor blk.1.ffn_gate.input_scale
create_tensor: loading tensor blk.1.ffn_down.input_scale
create_tensor: loading tensor blk.1.ffn_up.input_scale
create_tensor: loading tensor blk.2.attn_q.scale
create_tensor: loading tensor blk.2.attn_k.scale
create_tensor: loading tensor blk.2.attn_v.scale
create_tensor: loading tensor blk.2.attn_output.scale
create_tensor: loading tensor blk.2.ffn_gate.scale
create_tensor: loading tensor blk.2.ffn_down.scale
create_tensor: loading tensor blk.2.ffn_up.scale
create_tensor: loading tensor blk.2.attn_q.input_scale
create_tensor: loading tensor blk.2.attn_k.input_scale
create_tensor: loading tensor blk.2.attn_v.input_scale
create_tensor: loading tensor blk.2.attn_output.input_scale
create_tensor: loading tensor blk.2.ffn_gate.input_scale
create_tensor: loading tensor blk.2.ffn_down.input_scale
create_tensor: loading tensor blk.2.ffn_up.input_scale
create_tensor: loading tensor blk.3.attn_q.scale
create_tensor: loading tensor blk.3.attn_k.scale
create_tensor: loading tensor blk.3.attn_v.scale
create_tensor: loading tensor blk.3.attn_output.scale
create_tensor: loading tensor blk.3.ffn_gate.scale
create_tensor: loading tensor blk.3.ffn_down.scale
create_tensor: loading tensor blk.3.ffn_up.scale
create_tensor: loading tensor blk.3.attn_q.input_scale
create_tensor: loading tensor blk.3.attn_k.input_scale
create_tensor: loading tensor blk.3.attn_v.input_scale
create_tensor: loading tensor blk.3.attn_output.input_scale
create_tensor: loading tensor blk.3.ffn_gate.input_scale
create_tensor: loading tensor blk.3.ffn_down.input_scale
create_tensor: loading tensor blk.3.ffn_up.input_scale
create_tensor: loading tensor blk.4.attn_q.scale
create_tensor: loading tensor blk.4.attn_k.scale
create_tensor: loading tensor blk.4.attn_v.scale
create_tensor: loading tensor blk.4.attn_output.scale
create_tensor: loading tensor blk.4.ffn_gate.scale
create_tensor: loading tensor blk.4.ffn_down.scale
create_tensor: loading tensor blk.4.ffn_up.scale
create_tensor: loading tensor blk.4.attn_q.input_scale
create_tensor: loading tensor blk.4.attn_k.input_scale
create_tensor: loading tensor blk.4.attn_v.input_scale
create_tensor: loading tensor blk.4.attn_output.input_scale
create_tensor: loading tensor blk.4.ffn_gate.input_scale
create_tensor: loading tensor blk.4.ffn_down.input_scale
create_tensor: loading tensor blk.4.ffn_up.input_scale
create_tensor: loading tensor blk.5.attn_q.scale
create_tensor: loading tensor blk.5.attn_k.scale
create_tensor: loading tensor blk.5.attn_v.scale
create_tensor: loading tensor blk.5.attn_output.scale
create_tensor: loading tensor blk.5.ffn_gate.scale
create_tensor: loading tensor blk.5.ffn_down.scale
create_tensor: loading tensor blk.5.ffn_up.scale
create_tensor: loading tensor blk.5.attn_q.input_scale
create_tensor: loading tensor blk.5.attn_k.input_scale
create_tensor: loading tensor blk.5.attn_v.input_scale
create_tensor: loading tensor blk.5.attn_output.input_scale
create_tensor: loading tensor blk.5.ffn_gate.input_scale
create_tensor: loading tensor blk.5.ffn_down.input_scale
create_tensor: loading tensor blk.5.ffn_up.input_scale
create_tensor: loading tensor blk.6.attn_q.scale
create_tensor: loading tensor blk.6.attn_k.scale
create_tensor: loading tensor blk.6.attn_v.scale
create_tensor: loading tensor blk.6.attn_output.scale
create_tensor: loading tensor blk.6.ffn_gate.scale
create_tensor: loading tensor blk.6.ffn_down.scale
create_tensor: loading tensor blk.6.ffn_up.scale
create_tensor: loading tensor blk.6.attn_q.input_scale
create_tensor: loading tensor blk.6.attn_k.input_scale
create_tensor: loading tensor blk.6.attn_v.input_scale
create_tensor: loading tensor blk.6.attn_output.input_scale
create_tensor: loading tensor blk.6.ffn_gate.input_scale
create_tensor: loading tensor blk.6.ffn_down.input_scale
create_tensor: loading tensor blk.6.ffn_up.input_scale
create_tensor: loading tensor blk.7.attn_q.scale
create_tensor: loading tensor blk.7.attn_k.scale
create_tensor: loading tensor blk.7.attn_v.scale
create_tensor: loading tensor blk.7.attn_output.scale
create_tensor: loading tensor blk.7.ffn_gate.scale
create_tensor: loading tensor blk.7.ffn_down.scale
create_tensor: loading tensor blk.7.ffn_up.scale
create_tensor: loading tensor blk.7.attn_q.input_scale
create_tensor: loading tensor blk.7.attn_k.input_scale
create_tensor: loading tensor blk.7.attn_v.input_scale
create_tensor: loading tensor blk.7.attn_output.input_scale
create_tensor: loading tensor blk.7.ffn_gate.input_scale
create_tensor: loading tensor blk.7.ffn_down.input_scale
create_tensor: loading tensor blk.7.ffn_up.input_scale
create_tensor: loading tensor blk.8.attn_q.scale
create_tensor: loading tensor blk.8.attn_k.scale
create_tensor: loading tensor blk.8.attn_v.scale
create_tensor: loading tensor blk.8.attn_output.scale
create_tensor: loading tensor blk.8.ffn_gate.scale
create_tensor: loading tensor blk.8.ffn_down.scale
create_tensor: loading tensor blk.8.ffn_up.scale
create_tensor: loading tensor blk.8.attn_q.input_scale
create_tensor: loading tensor blk.8.attn_k.input_scale
create_tensor: loading tensor blk.8.attn_v.input_scale
create_tensor: loading tensor blk.8.attn_output.input_scale
create_tensor: loading tensor blk.8.ffn_gate.input_scale
create_tensor: loading tensor blk.8.ffn_down.input_scale
create_tensor: loading tensor blk.8.ffn_up.input_scale
create_tensor: loading tensor blk.9.attn_q.scale
create_tensor: loading tensor blk.9.attn_k.scale
create_tensor: loading tensor blk.9.attn_v.scale
create_tensor: loading tensor blk.9.attn_output.scale
create_tensor: loading tensor blk.9.ffn_gate.scale
create_tensor: loading tensor blk.9.ffn_down.scale
create_tensor: loading tensor blk.9.ffn_up.scale
create_tensor: loading tensor blk.9.attn_q.input_scale
create_tensor: loading tensor blk.9.attn_k.input_scale
create_tensor: loading tensor blk.9.attn_v.input_scale
create_tensor: loading tensor blk.9.attn_output.input_scale
create_tensor: loading tensor blk.9.ffn_gate.input_scale
create_tensor: loading tensor blk.9.ffn_down.input_scale
create_tensor: loading tensor blk.9.ffn_up.input_scale
create_tensor: loading tensor blk.10.attn_q.scale
create_tensor: loading tensor blk.10.attn_k.scale
create_tensor: loading tensor blk.10.attn_v.scale
create_tensor: loading tensor blk.10.attn_output.scale
create_tensor: loading tensor blk.10.ffn_gate.scale
create_tensor: loading tensor blk.10.ffn_down.scale
create_tensor: loading tensor blk.10.ffn_up.scale
create_tensor: loading tensor blk.10.attn_q.input_scale
create_tensor: loading tensor blk.10.attn_k.input_scale
create_tensor: loading tensor blk.10.attn_v.input_scale
create_tensor: loading tensor blk.10.attn_output.input_scale
create_tensor: loading tensor blk.10.ffn_gate.input_scale
create_tensor: loading tensor blk.10.ffn_down.input_scale
create_tensor: loading tensor blk.10.ffn_up.input_scale
create_tensor: loading tensor blk.11.attn_q.scale
create_tensor: loading tensor blk.11.attn_k.scale
create_tensor: loading tensor blk.11.attn_v.scale
create_tensor: loading tensor blk.11.attn_output.scale
create_tensor: loading tensor blk.11.ffn_gate.scale
create_tensor: loading tensor blk.11.ffn_down.scale
create_tensor: loading tensor blk.11.ffn_up.scale
create_tensor: loading tensor blk.11.attn_q.input_scale
create_tensor: loading tensor blk.11.attn_k.input_scale
create_tensor: loading tensor blk.11.attn_v.input_scale
create_tensor: loading tensor blk.11.attn_output.input_scale
create_tensor: loading tensor blk.11.ffn_gate.input_scale
create_tensor: loading tensor blk.11.ffn_down.input_scale
create_tensor: loading tensor blk.11.ffn_up.input_scale
create_tensor: loading tensor blk.12.attn_q.scale
create_tensor: loading tensor blk.12.attn_k.scale
create_tensor: loading tensor blk.12.attn_v.scale
create_tensor: loading tensor blk.12.attn_output.scale
create_tensor: loading tensor blk.12.ffn_gate.scale
create_tensor: loading tensor blk.12.ffn_down.scale
create_tensor: loading tensor blk.12.ffn_up.scale
create_tensor: loading tensor blk.12.attn_q.input_scale
create_tensor: loading tensor blk.12.attn_k.input_scale
create_tensor: loading tensor blk.12.attn_v.input_scale
create_tensor: loading tensor blk.12.attn_output.input_scale
create_tensor: loading tensor blk.12.ffn_gate.input_scale
create_tensor: loading tensor blk.12.ffn_down.input_scale
create_tensor: loading tensor blk.12.ffn_up.input_scale
create_tensor: loading tensor blk.13.attn_q.scale
create_tensor: loading tensor blk.13.attn_k.scale
create_tensor: loading tensor blk.13.attn_v.scale
create_tensor: loading tensor blk.13.attn_output.scale
create_tensor: loading tensor blk.13.ffn_gate.scale
create_tensor: loading tensor blk.13.ffn_down.scale
create_tensor: loading tensor blk.13.ffn_up.scale
create_tensor: loading tensor blk.13.attn_q.input_scale
create_tensor: loading tensor blk.13.attn_k.input_scale
create_tensor: loading tensor blk.13.attn_v.input_scale
create_tensor: loading tensor blk.13.attn_output.input_scale
create_tensor: loading tensor blk.13.ffn_gate.input_scale
create_tensor: loading tensor blk.13.ffn_down.input_scale
create_tensor: loading tensor blk.13.ffn_up.input_scale
create_tensor: loading tensor blk.14.attn_q.scale
create_tensor: loading tensor blk.14.attn_k.scale
create_tensor: loading tensor blk.14.attn_v.scale
create_tensor: loading tensor blk.14.attn_output.scale
create_tensor: loading tensor blk.14.ffn_gate.scale
create_tensor: loading tensor blk.14.ffn_down.scale
create_tensor: loading tensor blk.14.ffn_up.scale
create_tensor: loading tensor blk.14.attn_q.input_scale
create_tensor: loading tensor blk.14.attn_k.input_scale
create_tensor: loading tensor blk.14.attn_v.input_scale
create_tensor: loading tensor blk.14.attn_output.input_scale
create_tensor: loading tensor blk.14.ffn_gate.input_scale
create_tensor: loading tensor blk.14.ffn_down.input_scale
create_tensor: loading tensor blk.14.ffn_up.input_scale
create_tensor: loading tensor blk.15.attn_q.scale
create_tensor: loading tensor blk.15.attn_k.scale
create_tensor: loading tensor blk.15.attn_v.scale
create_tensor: loading tensor blk.15.attn_output.scale
create_tensor: loading tensor blk.15.ffn_gate.scale
create_tensor: loading tensor blk.15.ffn_down.scale
create_tensor: loading tensor blk.15.ffn_up.scale
create_tensor: loading tensor blk.15.attn_q.input_scale
create_tensor: loading tensor blk.15.attn_k.input_scale
create_tensor: loading tensor blk.15.attn_v.input_scale
create_tensor: loading tensor blk.15.attn_output.input_scale
create_tensor: loading tensor blk.15.ffn_gate.input_scale
create_tensor: loading tensor blk.15.ffn_down.input_scale
create_tensor: loading tensor blk.15.ffn_up.input_scale
create_tensor: loading tensor blk.16.attn_q.scale
create_tensor: loading tensor blk.16.attn_k.scale
create_tensor: loading tensor blk.16.attn_v.scale
create_tensor: loading tensor blk.16.attn_output.scale
create_tensor: loading tensor blk.16.ffn_gate.scale
create_tensor: loading tensor blk.16.ffn_down.scale
create_tensor: loading tensor blk.16.ffn_up.scale
create_tensor: loading tensor blk.16.attn_q.input_scale
create_tensor: loading tensor blk.16.attn_k.input_scale
create_tensor: loading tensor blk.16.attn_v.input_scale
create_tensor: loading tensor blk.16.attn_output.input_scale
create_tensor: loading tensor blk.16.ffn_gate.input_scale
create_tensor: loading tensor blk.16.ffn_down.input_scale
create_tensor: loading tensor blk.16.ffn_up.input_scale
create_tensor: loading tensor blk.17.attn_q.scale
create_tensor: loading tensor blk.17.attn_k.scale
create_tensor: loading tensor blk.17.attn_v.scale
create_tensor: loading tensor blk.17.attn_output.scale
create_tensor: loading tensor blk.17.ffn_gate.scale
create_tensor: loading tensor blk.17.ffn_down.scale
create_tensor: loading tensor blk.17.ffn_up.scale
create_tensor: loading tensor blk.17.attn_q.input_scale
create_tensor: loading tensor blk.17.attn_k.input_scale
create_tensor: loading tensor blk.17.attn_v.input_scale
create_tensor: loading tensor blk.17.attn_output.input_scale
create_tensor: loading tensor blk.17.ffn_gate.input_scale
create_tensor: loading tensor blk.17.ffn_down.input_scale
create_tensor: loading tensor blk.17.ffn_up.input_scale
create_tensor: loading tensor blk.18.attn_q.scale
create_tensor: loading tensor blk.18.attn_k.scale
create_tensor: loading tensor blk.18.attn_v.scale
create_tensor: loading tensor blk.18.attn_output.scale
create_tensor: loading tensor blk.18.ffn_gate.scale
create_tensor: loading tensor blk.18.ffn_down.scale
create_tensor: loading tensor blk.18.ffn_up.scale
create_tensor: loading tensor blk.18.attn_q.input_scale
create_tensor: loading tensor blk.18.attn_k.input_scale
create_tensor: loading tensor blk.18.attn_v.input_scale
create_tensor: loading tensor blk.18.attn_output.input_scale
create_tensor: loading tensor blk.18.ffn_gate.input_scale
create_tensor: loading tensor blk.18.ffn_down.input_scale
create_tensor: loading tensor blk.18.ffn_up.input_scale
create_tensor: loading tensor blk.19.attn_q.scale
create_tensor: loading tensor blk.19.attn_k.scale
create_tensor: loading tensor blk.19.attn_v.scale
create_tensor: loading tensor blk.19.attn_output.scale
create_tensor: loading tensor blk.19.ffn_gate.scale
create_tensor: loading tensor blk.19.ffn_down.scale
create_tensor: loading tensor blk.19.ffn_up.scale
create_tensor: loading tensor blk.19.attn_q.input_scale
create_tensor: loading tensor blk.19.attn_k.input_scale
create_tensor: loading tensor blk.19.attn_v.input_scale
create_tensor: loading tensor blk.19.attn_output.input_scale
create_tensor: loading tensor blk.19.ffn_gate.input_scale
create_tensor: loading tensor blk.19.ffn_down.input_scale
create_tensor: loading tensor blk.19.ffn_up.input_scale
create_tensor: loading tensor blk.20.attn_q.scale
create_tensor: loading tensor blk.20.attn_k.scale
create_tensor: loading tensor blk.20.attn_v.scale
create_tensor: loading tensor blk.20.attn_output.scale
create_tensor: loading tensor blk.20.ffn_gate.scale
create_tensor: loading tensor blk.20.ffn_down.scale
create_tensor: loading tensor blk.20.ffn_up.scale
create_tensor: loading tensor blk.20.attn_q.input_scale
create_tensor: loading tensor blk.20.attn_k.input_scale
create_tensor: loading tensor blk.20.attn_v.input_scale
create_tensor: loading tensor blk.20.attn_output.input_scale
create_tensor: loading tensor blk.20.ffn_gate.input_scale
create_tensor: loading tensor blk.20.ffn_down.input_scale
create_tensor: loading tensor blk.20.ffn_up.input_scale
create_tensor: loading tensor blk.21.attn_q.scale
create_tensor: loading tensor blk.21.attn_k.scale
create_tensor: loading tensor blk.21.attn_v.scale
create_tensor: loading tensor blk.21.attn_output.scale
create_tensor: loading tensor blk.21.ffn_gate.scale
create_tensor: loading tensor blk.21.ffn_down.scale
create_tensor: loading tensor blk.21.ffn_up.scale
create_tensor: loading tensor blk.21.attn_q.input_scale
create_tensor: loading tensor blk.21.attn_k.input_scale
create_tensor: loading tensor blk.21.attn_v.input_scale
create_tensor: loading tensor blk.21.attn_output.input_scale
create_tensor: loading tensor blk.21.ffn_gate.input_scale
create_tensor: loading tensor blk.21.ffn_down.input_scale
create_tensor: loading tensor blk.21.ffn_up.input_scale
create_tensor: loading tensor blk.22.attn_q.scale
create_tensor: loading tensor blk.22.attn_k.scale
create_tensor: loading tensor blk.22.attn_v.scale
create_tensor: loading tensor blk.22.attn_output.scale
create_tensor: loading tensor blk.22.ffn_gate.scale
create_tensor: loading tensor blk.22.ffn_down.scale
create_tensor: loading tensor blk.22.ffn_up.scale
create_tensor: loading tensor blk.22.attn_q.input_scale
create_tensor: loading tensor blk.22.attn_k.input_scale
create_tensor: loading tensor blk.22.attn_v.input_scale
create_tensor: loading tensor blk.22.attn_output.input_scale
create_tensor: loading tensor blk.22.ffn_gate.input_scale
create_tensor: loading tensor blk.22.ffn_down.input_scale
create_tensor: loading tensor blk.22.ffn_up.input_scale
create_tensor: loading tensor blk.23.attn_q.scale
create_tensor: loading tensor blk.23.attn_k.scale
create_tensor: loading tensor blk.23.attn_v.scale
create_tensor: loading tensor blk.23.attn_output.scale
create_tensor: loading tensor blk.23.ffn_gate.scale
create_tensor: loading tensor blk.23.ffn_down.scale
create_tensor: loading tensor blk.23.ffn_up.scale
create_tensor: loading tensor blk.23.attn_q.input_scale
create_tensor: loading tensor blk.23.attn_k.input_scale
create_tensor: loading tensor blk.23.attn_v.input_scale
create_tensor: loading tensor blk.23.attn_output.input_scale
create_tensor: loading tensor blk.23.ffn_gate.input_scale
create_tensor: loading tensor blk.23.ffn_down.input_scale
create_tensor: loading tensor blk.23.ffn_up.input_scale
create_tensor: loading tensor blk.24.attn_q.scale
create_tensor: loading tensor blk.24.attn_k.scale
create_tensor: loading tensor blk.24.attn_v.scale
create_tensor: loading tensor blk.24.attn_output.scale
create_tensor: loading tensor blk.24.ffn_gate.scale
create_tensor: loading tensor blk.24.ffn_down.scale
create_tensor: loading tensor blk.24.ffn_up.scale
create_tensor: loading tensor blk.24.attn_q.input_scale
create_tensor: loading tensor blk.24.attn_k.input_scale
create_tensor: loading tensor blk.24.attn_v.input_scale
create_tensor: loading tensor blk.24.attn_output.input_scale
create_tensor: loading tensor blk.24.ffn_gate.input_scale
create_tensor: loading tensor blk.24.ffn_down.input_scale
create_tensor: loading tensor blk.24.ffn_up.input_scale
create_tensor: loading tensor blk.25.attn_q.scale
create_tensor: loading tensor blk.25.attn_k.scale
create_tensor: loading tensor blk.25.attn_v.scale
create_tensor: loading tensor blk.25.attn_output.scale
create_tensor: loading tensor blk.25.ffn_gate.scale
create_tensor: loading tensor blk.25.ffn_down.scale
create_tensor: loading tensor blk.25.ffn_up.scale
create_tensor: loading tensor blk.25.attn_q.input_scale
create_tensor: loading tensor blk.25.attn_k.input_scale
create_tensor: loading tensor blk.25.attn_v.input_scale
create_tensor: loading tensor blk.25.attn_output.input_scale
create_tensor: loading tensor blk.25.ffn_gate.input_scale
create_tensor: loading tensor blk.25.ffn_down.input_scale
create_tensor: loading tensor blk.25.ffn_up.input_scale
create_tensor: loading tensor blk.26.attn_q.scale
create_tensor: loading tensor blk.26.attn_k.scale
create_tensor: loading tensor blk.26.attn_v.scale
create_tensor: loading tensor blk.26.attn_output.scale
create_tensor: loading tensor blk.26.ffn_gate.scale
create_tensor: loading tensor blk.26.ffn_down.scale
create_tensor: loading tensor blk.26.ffn_up.scale
create_tensor: loading tensor blk.26.attn_q.input_scale
create_tensor: loading tensor blk.26.attn_k.input_scale
create_tensor: loading tensor blk.26.attn_v.input_scale
create_tensor: loading tensor blk.26.attn_output.input_scale
create_tensor: loading tensor blk.26.ffn_gate.input_scale
create_tensor: loading tensor blk.26.ffn_down.input_scale
create_tensor: loading tensor blk.26.ffn_up.input_scale
create_tensor: loading tensor blk.27.attn_q.scale
create_tensor: loading tensor blk.27.attn_k.scale
create_tensor: loading tensor blk.27.attn_v.scale
create_tensor: loading tensor blk.27.attn_output.scale
create_tensor: loading tensor blk.27.ffn_gate.scale
create_tensor: loading tensor blk.27.ffn_down.scale
create_tensor: loading tensor blk.27.ffn_up.scale
create_tensor: loading tensor blk.27.attn_q.input_scale
create_tensor: loading tensor blk.27.attn_k.input_scale
create_tensor: loading tensor blk.27.attn_v.input_scale
create_tensor: loading tensor blk.27.attn_output.input_scale
create_tensor: loading tensor blk.27.ffn_gate.input_scale
create_tensor: loading tensor blk.27.ffn_down.input_scale
create_tensor: loading tensor blk.27.ffn_up.input_scale
done_getting_tensors: tensor 'token_embd.weight' (q8_0) (and 0 others) cannot be used with preferred buffer type CPU_REPACK, using CPU instead
ggml_metal_log_allocated_size: allocated buffer, size =   604.16 MiB, (  604.59 / 24576.00)
load_tensors: offloading output layer to GPU
load_tensors: offloading 27 repeating layers to GPU
load_tensors: offloaded 29/29 layers to GPU
load_tensors:   CPU_Mapped model buffer size =   157.65 MiB
load_tensors:  MTL0_Mapped model buffer size =   604.15 MiB
.............................................................
llama_context: constructing llama_context
llama_context: n_seq_max             = 1
llama_context: n_ctx                 = 4096
llama_context: n_ctx_seq             = 4096
llama_context: n_batch               = 2048
llama_context: n_ubatch              = 512
llama_context: causal_attn           = 1
llama_context: flash_attn            = enabled
llama_context: kv_unified            = false
llama_context: freq_base             = 1000000.0
llama_context: freq_scale            = 1
llama_context: n_rs_seq              = 0
llama_context: n_outputs_max         = 2048
llama_context: n_outputs_max_per_seq = 1
llama_context: n_ctx_seq (4096) < n_ctx_train (40960) -- the full capacity of the model will not be utilized
ggml_metal_init: allocating
ggml_metal_init: found device: Apple M5
ggml_metal_init: picking default device: Apple M5
ggml_metal_init: use fusion         = true
ggml_metal_init: use concurrency    = true
ggml_metal_init: use graph optimize = true
set_abort_callback: call
llama_context:        CPU  output buffer size =     0.58 MiB
llama_kv_cache: layer   0: dev = MTL0
llama_kv_cache: layer   1: dev = MTL0
llama_kv_cache: layer   2: dev = MTL0
llama_kv_cache: layer   3: dev = MTL0
llama_kv_cache: layer   4: dev = MTL0
llama_kv_cache: layer   5: dev = MTL0
llama_kv_cache: layer   6: dev = MTL0
llama_kv_cache: layer   7: dev = MTL0
llama_kv_cache: layer   8: dev = MTL0
llama_kv_cache: layer   9: dev = MTL0
llama_kv_cache: layer  10: dev = MTL0
llama_kv_cache: layer  11: dev = MTL0
llama_kv_cache: layer  12: dev = MTL0
llama_kv_cache: layer  13: dev = MTL0
llama_kv_cache: layer  14: dev = MTL0
llama_kv_cache: layer  15: dev = MTL0
llama_kv_cache: layer  16: dev = MTL0
llama_kv_cache: layer  17: dev = MTL0
llama_kv_cache: layer  18: dev = MTL0
llama_kv_cache: layer  19: dev = MTL0
llama_kv_cache: layer  20: dev = MTL0
llama_kv_cache: layer  21: dev = MTL0
llama_kv_cache: layer  22: dev = MTL0
llama_kv_cache: layer  23: dev = MTL0
llama_kv_cache: layer  24: dev = MTL0
llama_kv_cache: layer  25: dev = MTL0
llama_kv_cache: layer  26: dev = MTL0
llama_kv_cache: layer  27: dev = MTL0
llama_kv_cache:       MTL0 KV buffer size =   448.00 MiB
llama_kv_cache: size =  448.00 MiB (  4096 cells,  28 layers,  1/1 seqs), K (bf16):  224.00 MiB, V (bf16):  224.00 MiB
llama_kv_cache: attn_rot_k = 0, n_embd_head_k_all = 128
llama_kv_cache: attn_rot_v = 0, n_embd_head_k_all = 128
llama_context: enumerating backends
llama_context: backend_ptrs.size() = 3
sched_reserve: reserving ...
sched_reserve: max_nodes = 2488
sched_reserve: reserving full memory module
sched_reserve: worst-case: n_tokens = 512, n_seqs = 1, n_outputs = 1
resolve_fused_ops: resolving fused DeepSeek V4 HC support:
graph_reserve: reserving a graph for ubatch with n_tokens =    1, n_seqs =  1, n_outputs =    1
llama_graph_n_input_tensors: input tensor '                      inp_tokens' [i32, ne = {     1,     1,     1,     1 }] is used by node 'embd' (GET_ROWS)
llama_graph_n_input_tensors: input tensor '                attn_inp_kq_mask' [f16, ne = {  4096,     1,     1,     1 }] is used by node 'node_25' (FLASH_ATTN_EXT)
llama_graph_n_input_tensors: input tensor '                attn_inp_kq_mask' [f16, ne = {  4096,     1,     1,     1 }] is used by node 'node_60' (FLASH_ATTN_EXT)
llama_graph_n_input_tensors: input tensor '                attn_inp_kq_mask' [f16, ne = {  4096,     1,     1,     1 }] is used by node 'node_95' (FLASH_ATTN_EXT)
llama_graph_n_input_tensors: input tensor '                attn_inp_kq_mask' [f16, ne = {  4096,     1,     1,     1 }] is used by node 'node_130' (FLASH_ATTN_EXT)
llama_graph_n_input_tensors: input tensor '                attn_inp_kq_mask' [f16, ne = {  4096,     1,     1,     1 }] is used by node 'node_165' (FLASH_ATTN_EXT)
llama_graph_n_input_tensors: input tensor '                attn_inp_kq_mask' [f16, ne = {  4096,     1,     1,     1 }] is used by node 'node_200' (FLASH_ATTN_EXT)
llama_graph_n_input_tensors: input tensor '                attn_inp_kq_mask' [f16, ne = {  4096,     1,     1,     1 }] is used by node 'node_235' (FLASH_ATTN_EXT)
llama_graph_n_input_tensors: input tensor '                attn_inp_kq_mask' [f16, ne = {  4096,     1,     1,     1 }] is used by node 'node_270' (FLASH_ATTN_EXT)
llama_graph_n_input_tensors: input tensor '                attn_inp_kq_mask' [f16, ne = {  4096,     1,     1,     1 }] is used by node 'node_305' (FLASH_ATTN_EXT)
llama_graph_n_input_tensors: input tensor '                attn_inp_kq_mask' [f16, ne = {  4096,     1,     1,     1 }] is used by node 'node_340' (FLASH_ATTN_EXT)
llama_graph_n_input_tensors: input tensor '                attn_inp_kq_mask' [f16, ne = {  4096,     1,     1,     1 }] is used by node 'node_375' (FLASH_ATTN_EXT)
llama_graph_n_input_tensors: input tensor '                attn_inp_kq_mask' [f16, ne = {  4096,     1,     1,     1 }] is used by node 'node_410' (FLASH_ATTN_EXT)
llama_graph_n_input_tensors: input tensor '                attn_inp_kq_mask' [f16, ne = {  4096,     1,     1,     1 }] is used by node 'node_445' (FLASH_ATTN_EXT)
llama_graph_n_input_tensors: input tensor '                attn_inp_kq_mask' [f16, ne = {  4096,     1,     1,     1 }] is used by node 'node_480' (FLASH_ATTN_EXT)
llama_graph_n_input_tensors: input tensor '                attn_inp_kq_mask' [f16, ne = {  4096,     1,     1,     1 }] is used by node 'node_515' (FLASH_ATTN_EXT)
llama_graph_n_input_tensors: input tensor '                attn_inp_kq_mask' [f16, ne = {  4096,     1,     1,     1 }] is used by node 'node_550' (FLASH_ATTN_EXT)
llama_graph_n_input_tensors: input tensor '                attn_inp_kq_mask' [f16, ne = {  4096,     1,     1,     1 }] is used by node 'node_585' (FLASH_ATTN_EXT)
llama_graph_n_input_tensors: input tensor '                attn_inp_kq_mask' [f16, ne = {  4096,     1,     1,     1 }] is used by node 'node_620' (FLASH_ATTN_EXT)
llama_graph_n_input_tensors: input tensor '                attn_inp_kq_mask' [f16, ne = {  4096,     1,     1,     1 }] is used by node 'node_655' (FLASH_ATTN_EXT)
llama_graph_n_input_tensors: input tensor '                attn_inp_kq_mask' [f16, ne = {  4096,     1,     1,     1 }] is used by node 'node_690' (FLASH_ATTN_EXT)
llama_graph_n_input_tensors: input tensor '                attn_inp_kq_mask' [f16, ne = {  4096,     1,     1,     1 }] is used by node 'node_725' (FLASH_ATTN_EXT)
llama_graph_n_input_tensors: input tensor '                attn_inp_kq_mask' [f16, ne = {  4096,     1,     1,     1 }] is used by node 'node_760' (FLASH_ATTN_EXT)
llama_graph_n_input_tensors: input tensor '                attn_inp_kq_mask' [f16, ne = {  4096,     1,     1,     1 }] is used by node 'node_795' (FLASH_ATTN_EXT)
llama_graph_n_input_tensors: input tensor '                attn_inp_kq_mask' [f16, ne = {  4096,     1,     1,     1 }] is used by node 'node_830' (FLASH_ATTN_EXT)
llama_graph_n_input_tensors: input tensor '                attn_inp_kq_mask' [f16, ne = {  4096,     1,     1,     1 }] is used by node 'node_865' (FLASH_ATTN_EXT)
llama_graph_n_input_tensors: input tensor '                attn_inp_kq_mask' [f16, ne = {  4096,     1,     1,     1 }] is used by node 'node_900' (FLASH_ATTN_EXT)
llama_graph_n_input_tensors: input tensor '                attn_inp_kq_mask' [f16, ne = {  4096,     1,     1,     1 }] is used by node 'node_935' (FLASH_ATTN_EXT)
llama_graph_n_input_tensors: input tensor '                attn_inp_kq_mask' [f16, ne = {  4096,     1,     1,     1 }] is used by node 'node_970' (FLASH_ATTN_EXT)
llama_graph_n_input_tensors: input tensor '                         out_ids' [i32, ne = {     1,     1,     1,     1 }] is used by node 'node_973' (GET_ROWS)
llama_graph_n_input_tensors: input tensor '                         out_ids' [i32, ne = {     1,     1,     1,     1 }] is used by node 'node_974' (GET_ROWS)
llama_graph_n_input_tensors: input tensor '                 attn_inp_v_idxs' [i64, ne = {     1,     1,     1,     1 }] is used by node 'cache_v_l0 (view)' (SET_ROWS)
llama_graph_n_input_tensors: input tensor '                 attn_inp_v_idxs' [i64, ne = {     1,     1,     1,     1 }] is used by node 'cache_v_l1 (view)' (SET_ROWS)
llama_graph_n_input_tensors: input tensor '                 attn_inp_v_idxs' [i64, ne = {     1,     1,     1,     1 }] is used by node 'cache_v_l2 (view)' (SET_ROWS)
llama_graph_n_input_tensors: input tensor '                 attn_inp_v_idxs' [i64, ne = {     1,     1,     1,     1 }] is used by node 'cache_v_l3 (view)' (SET_ROWS)
llama_graph_n_input_tensors: input tensor '                 attn_inp_v_idxs' [i64, ne = {     1,     1,     1,     1 }] is used by node 'cache_v_l4 (view)' (SET_ROWS)
llama_graph_n_input_tensors: input tensor '                 attn_inp_v_idxs' [i64, ne = {     1,     1,     1,     1 }] is used by node 'cache_v_l5 (view)' (SET_ROWS)
llama_graph_n_input_tensors: input tensor '                 attn_inp_v_idxs' [i64, ne = {     1,     1,     1,     1 }] is used by node 'cache_v_l6 (view)' (SET_ROWS)
llama_graph_n_input_tensors: input tensor '                 attn_inp_v_idxs' [i64, ne = {     1,     1,     1,     1 }] is used by node 'cache_v_l7 (view)' (SET_ROWS)
llama_graph_n_input_tensors: input tensor '                 attn_inp_v_idxs' [i64, ne = {     1,     1,     1,     1 }] is used by node 'cache_v_l8 (view)' (SET_ROWS)
llama_graph_n_input_tensors: input tensor '                 attn_inp_v_idxs' [i64, ne = {     1,     1,     1,     1 }] is used by node 'cache_v_l9 (view)' (SET_ROWS)
llama_graph_n_input_tensors: input tensor '                 attn_inp_v_idxs' [i64, ne = {     1,     1,     1,     1 }] is used by node 'cache_v_l10 (view)' (SET_ROWS)
llama_graph_n_input_tensors: input tensor '                 attn_inp_v_idxs' [i64, ne = {     1,     1,     1,     1 }] is used by node 'cache_v_l11 (view)' (SET_ROWS)
llama_graph_n_input_tensors: input tensor '                 attn_inp_v_idxs' [i64, ne = {     1,     1,     1,     1 }] is used by node 'cache_v_l12 (view)' (SET_ROWS)
llama_graph_n_input_tensors: input tensor '                 attn_inp_v_idxs' [i64, ne = {     1,     1,     1,     1 }] is used by node 'cache_v_l13 (view)' (SET_ROWS)
llama_graph_n_input_tensors: input tensor '                 attn_inp_v_idxs' [i64, ne = {     1,     1,     1,     1 }] is used by node 'cache_v_l14 (view)' (SET_ROWS)
llama_graph_n_input_tensors: input tensor '                 attn_inp_v_idxs' [i64, ne = {     1,     1,     1,     1 }] is used by node 'cache_v_l15 (view)' (SET_ROWS)
llama_graph_n_input_tensors: input tensor '                 attn_inp_v_idxs' [i64, ne = {     1,     1,     1,     1 }] is used by node 'cache_v_l16 (view)' (SET_ROWS)
llama_graph_n_input_tensors: input tensor '                 attn_inp_v_idxs' [i64, ne = {     1,     1,     1,     1 }] is used by node 'cache_v_l17 (view)' (SET_ROWS)
llama_graph_n_input_tensors: input tensor '                 attn_inp_v_idxs' [i64, ne = {     1,     1,     1,     1 }] is used by node 'cache_v_l18 (view)' (SET_ROWS)
llama_graph_n_input_tensors: input tensor '                 attn_inp_v_idxs' [i64, ne = {     1,     1,     1,     1 }] is used by node 'cache_v_l19 (view)' (SET_ROWS)
llama_graph_n_input_tensors: input tensor '                 attn_inp_v_idxs' [i64, ne = {     1,     1,     1,     1 }] is used by node 'cache_v_l20 (view)' (SET_ROWS)
llama_graph_n_input_tensors: input tensor '                 attn_inp_v_idxs' [i64, ne = {     1,     1,     1,     1 }] is used by node 'cache_v_l21 (view)' (SET_ROWS)
llama_graph_n_input_tensors: input tensor '                 attn_inp_v_idxs' [i64, ne = {     1,     1,     1,     1 }] is used by node 'cache_v_l22 (view)' (SET_ROWS)
llama_graph_n_input_tensors: input tensor '                 attn_inp_v_idxs' [i64, ne = {     1,     1,     1,     1 }] is used by node 'cache_v_l23 (view)' (SET_ROWS)
llama_graph_n_input_tensors: input tensor '                 attn_inp_v_idxs' [i64, ne = {     1,     1,     1,     1 }] is used by node 'cache_v_l24 (view)' (SET_ROWS)
llama_graph_n_input_tensors: input tensor '                 attn_inp_v_idxs' [i64, ne = {     1,     1,     1,     1 }] is used by node 'cache_v_l25 (view)' (SET_ROWS)
llama_graph_n_input_tensors: input tensor '                 attn_inp_v_idxs' [i64, ne = {     1,     1,     1,     1 }] is used by node 'cache_v_l26 (view)' (SET_ROWS)
llama_graph_n_input_tensors: input tensor '                 attn_inp_v_idxs' [i64, ne = {     1,     1,     1,     1 }] is used by node 'cache_v_l27 (view)' (SET_ROWS)
llama_graph_n_input_tensors: input tensor '                 attn_inp_k_idxs' [i64, ne = {     1,     1,     1,     1 }] is used by node 'cache_k_l0 (view)' (SET_ROWS)
llama_graph_n_input_tensors: input tensor '                 attn_inp_k_idxs' [i64, ne = {     1,     1,     1,     1 }] is used by node 'cache_k_l1 (view)' (SET_ROWS)
llama_graph_n_input_tensors: input tensor '                 attn_inp_k_idxs' [i64, ne = {     1,     1,     1,     1 }] is used by node 'cache_k_l2 (view)' (SET_ROWS)
llama_graph_n_input_tensors: input tensor '                 attn_inp_k_idxs' [i64, ne = {     1,     1,     1,     1 }] is used by node 'cache_k_l3 (view)' (SET_ROWS)
llama_graph_n_input_tensors: input tensor '                 attn_inp_k_idxs' [i64, ne = {     1,     1,     1,     1 }] is used by node 'cache_k_l4 (view)' (SET_ROWS)
llama_graph_n_input_tensors: input tensor '                 attn_inp_k_idxs' [i64, ne = {     1,     1,     1,     1 }] is used by node 'cache_k_l5 (view)' (SET_ROWS)
llama_graph_n_input_tensors: input tensor '                 attn_inp_k_idxs' [i64, ne = {     1,     1,     1,     1 }] is used by node 'cache_k_l6 (view)' (SET_ROWS)
llama_graph_n_input_tensors: input tensor '                 attn_inp_k_idxs' [i64, ne = {     1,     1,     1,     1 }] is used by node 'cache_k_l7 (view)' (SET_ROWS)
llama_graph_n_input_tensors: input tensor '                 attn_inp_k_idxs' [i64, ne = {     1,     1,     1,     1 }] is used by node 'cache_k_l8 (view)' (SET_ROWS)
llama_graph_n_input_tensors: input tensor '                 attn_inp_k_idxs' [i64, ne = {     1,     1,     1,     1 }] is used by node 'cache_k_l9 (view)' (SET_ROWS)
llama_graph_n_input_tensors: input tensor '                 attn_inp_k_idxs' [i64, ne = {     1,     1,     1,     1 }] is used by node 'cache_k_l10 (view)' (SET_ROWS)
llama_graph_n_input_tensors: input tensor '                 attn_inp_k_idxs' [i64, ne = {     1,     1,     1,     1 }] is used by node 'cache_k_l11 (view)' (SET_ROWS)
llama_graph_n_input_tensors: input tensor '                 attn_inp_k_idxs' [i64, ne = {     1,     1,     1,     1 }] is used by node 'cache_k_l12 (view)' (SET_ROWS)
llama_graph_n_input_tensors: input tensor '                 attn_inp_k_idxs' [i64, ne = {     1,     1,     1,     1 }] is used by node 'cache_k_l13 (view)' (SET_ROWS)
llama_graph_n_input_tensors: input tensor '                 attn_inp_k_idxs' [i64, ne = {     1,     1,     1,     1 }] is used by node 'cache_k_l14 (view)' (SET_ROWS)
llama_graph_n_input_tensors: input tensor '                 attn_inp_k_idxs' [i64, ne = {     1,     1,     1,     1 }] is used by node 'cache_k_l15 (view)' (SET_ROWS)
llama_graph_n_input_tensors: input tensor '                 attn_inp_k_idxs' [i64, ne = {     1,     1,     1,     1 }] is used by node 'cache_k_l16 (view)' (SET_ROWS)
llama_graph_n_input_tensors: input tensor '                 attn_inp_k_idxs' [i64, ne = {     1,     1,     1,     1 }] is used by node 'cache_k_l17 (view)' (SET_ROWS)
llama_graph_n_input_tensors: input tensor '                 attn_inp_k_idxs' [i64, ne = {     1,     1,     1,     1 }] is used by node 'cache_k_l18 (view)' (SET_ROWS)
llama_graph_n_input_tensors: input tensor '                 attn_inp_k_idxs' [i64, ne = {     1,     1,     1,     1 }] is used by node 'cache_k_l19 (view)' (SET_ROWS)
llama_graph_n_input_tensors: input tensor '                 attn_inp_k_idxs' [i64, ne = {     1,     1,     1,     1 }] is used by node 'cache_k_l20 (view)' (SET_ROWS)
llama_graph_n_input_tensors: input tensor '                 attn_inp_k_idxs' [i64, ne = {     1,     1,     1,     1 }] is used by node 'cache_k_l21 (view)' (SET_ROWS)
llama_graph_n_input_tensors: input tensor '                 attn_inp_k_idxs' [i64, ne = {     1,     1,     1,     1 }] is used by node 'cache_k_l22 (view)' (SET_ROWS)
llama_graph_n_input_tensors: input tensor '                 attn_inp_k_idxs' [i64, ne = {     1,     1,     1,     1 }] is used by node 'cache_k_l23 (view)' (SET_ROWS)
llama_graph_n_input_tensors: input tensor '                 attn_inp_k_idxs' [i64, ne = {     1,     1,     1,     1 }] is used by node 'cache_k_l24 (view)' (SET_ROWS)
llama_graph_n_input_tensors: input tensor '                 attn_inp_k_idxs' [i64, ne = {     1,     1,     1,     1 }] is used by node 'cache_k_l25 (view)' (SET_ROWS)
llama_graph_n_input_tensors: input tensor '                 attn_inp_k_idxs' [i64, ne = {     1,     1,     1,     1 }] is used by node 'cache_k_l26 (view)' (SET_ROWS)
llama_graph_n_input_tensors: input tensor '                 attn_inp_k_idxs' [i64, ne = {     1,     1,     1,     1 }] is used by node 'cache_k_l27 (view)' (SET_ROWS)
llama_graph_n_input_tensors: input tensor '                         inp_pos' [i32, ne = {     1,     1,     1,     1 }] is used by node 'Qcur-0' (ROPE)
llama_graph_n_input_tensors: input tensor '                         inp_pos' [i32, ne = {     1,     1,     1,     1 }] is used by node 'Kcur-0' (ROPE)
llama_graph_n_input_tensors: input tensor '                         inp_pos' [i32, ne = {     1,     1,     1,     1 }] is used by node 'Qcur-1' (ROPE)
llama_graph_n_input_tensors: input tensor '                         inp_pos' [i32, ne = {     1,     1,     1,     1 }] is used by node 'Kcur-1' (ROPE)
llama_graph_n_input_tensors: input tensor '                         inp_pos' [i32, ne = {     1,     1,     1,     1 }] is used by node 'Qcur-2' (ROPE)
llama_graph_n_input_tensors: input tensor '                         inp_pos' [i32, ne = {     1,     1,     1,     1 }] is used by node 'Kcur-2' (ROPE)
llama_graph_n_input_tensors: input tensor '                         inp_pos' [i32, ne = {     1,     1,     1,     1 }] is used by node 'Qcur-3' (ROPE)
llama_graph_n_input_tensors: input tensor '                         inp_pos' [i32, ne = {     1,     1,     1,     1 }] is used by node 'Kcur-3' (ROPE)
llama_graph_n_input_tensors: input tensor '                         inp_pos' [i32, ne = {     1,     1,     1,     1 }] is used by node 'Qcur-4' (ROPE)
llama_graph_n_input_tensors: input tensor '                         inp_pos' [i32, ne = {     1,     1,     1,     1 }] is used by node 'Kcur-4' (ROPE)
llama_graph_n_input_tensors: input tensor '                         inp_pos' [i32, ne = {     1,     1,     1,     1 }] is used by node 'Qcur-5' (ROPE)
llama_graph_n_input_tensors: input tensor '                         inp_pos' [i32, ne = {     1,     1,     1,     1 }] is used by node 'Kcur-5' (ROPE)
llama_graph_n_input_tensors: input tensor '                         inp_pos' [i32, ne = {     1,     1,     1,     1 }] is used by node 'Qcur-6' (ROPE)
llama_graph_n_input_tensors: input tensor '                         inp_pos' [i32, ne = {     1,     1,     1,     1 }] is used by node 'Kcur-6' (ROPE)
llama_graph_n_input_tensors: input tensor '                         inp_pos' [i32, ne = {     1,     1,     1,     1 }] is used by node 'Qcur-7' (ROPE)
llama_graph_n_input_tensors: input tensor '                         inp_pos' [i32, ne = {     1,     1,     1,     1 }] is used by node 'Kcur-7' (ROPE)
llama_graph_n_input_tensors: input tensor '                         inp_pos' [i32, ne = {     1,     1,     1,     1 }] is used by node 'Qcur-8' (ROPE)
llama_graph_n_input_tensors: input tensor '                         inp_pos' [i32, ne = {     1,     1,     1,     1 }] is used by node 'Kcur-8' (ROPE)
llama_graph_n_input_tensors: input tensor '                         inp_pos' [i32, ne = {     1,     1,     1,     1 }] is used by node 'Qcur-9' (ROPE)
llama_graph_n_input_tensors: input tensor '                         inp_pos' [i32, ne = {     1,     1,     1,     1 }] is used by node 'Kcur-9' (ROPE)
llama_graph_n_input_tensors: input tensor '                         inp_pos' [i32, ne = {     1,     1,     1,     1 }] is used by node 'Qcur-10' (ROPE)
llama_graph_n_input_tensors: input tensor '                         inp_pos' [i32, ne = {     1,     1,     1,     1 }] is used by node 'Kcur-10' (ROPE)
llama_graph_n_input_tensors: input tensor '                         inp_pos' [i32, ne = {     1,     1,     1,     1 }] is used by node 'Qcur-11' (ROPE)
llama_graph_n_input_tensors: input tensor '                         inp_pos' [i32, ne = {     1,     1,     1,     1 }] is used by node 'Kcur-11' (ROPE)
llama_graph_n_input_tensors: input tensor '                         inp_pos' [i32, ne = {     1,     1,     1,     1 }] is used by node 'Qcur-12' (ROPE)
llama_graph_n_input_tensors: input tensor '                         inp_pos' [i32, ne = {     1,     1,     1,     1 }] is used by node 'Kcur-12' (ROPE)
llama_graph_n_input_tensors: input tensor '                         inp_pos' [i32, ne = {     1,     1,     1,     1 }] is used by node 'Qcur-13' (ROPE)
llama_graph_n_input_tensors: input tensor '                         inp_pos' [i32, ne = {     1,     1,     1,     1 }] is used by node 'Kcur-13' (ROPE)
llama_graph_n_input_tensors: input tensor '                         inp_pos' [i32, ne = {     1,     1,     1,     1 }] is used by node 'Qcur-14' (ROPE)
llama_graph_n_input_tensors: input tensor '                         inp_pos' [i32, ne = {     1,     1,     1,     1 }] is used by node 'Kcur-14' (ROPE)
llama_graph_n_input_tensors: input tensor '                         inp_pos' [i32, ne = {     1,     1,     1,     1 }] is used by node 'Qcur-15' (ROPE)
llama_graph_n_input_tensors: input tensor '                         inp_pos' [i32, ne = {     1,     1,     1,     1 }] is used by node 'Kcur-15' (ROPE)
llama_graph_n_input_tensors: input tensor '                         inp_pos' [i32, ne = {     1,     1,     1,     1 }] is used by node 'Qcur-16' (ROPE)
llama_graph_n_input_tensors: input tensor '                         inp_pos' [i32, ne = {     1,     1,     1,     1 }] is used by node 'Kcur-16' (ROPE)
llama_graph_n_input_tensors: input tensor '                         inp_pos' [i32, ne = {     1,     1,     1,     1 }] is used by node 'Qcur-17' (ROPE)
llama_graph_n_input_tensors: input tensor '                         inp_pos' [i32, ne = {     1,     1,     1,     1 }] is used by node 'Kcur-17' (ROPE)
llama_graph_n_input_tensors: input tensor '                         inp_pos' [i32, ne = {     1,     1,     1,     1 }] is used by node 'Qcur-18' (ROPE)
llama_graph_n_input_tensors: input tensor '                         inp_pos' [i32, ne = {     1,     1,     1,     1 }] is used by node 'Kcur-18' (ROPE)
llama_graph_n_input_tensors: input tensor '                         inp_pos' [i32, ne = {     1,     1,     1,     1 }] is used by node 'Qcur-19' (ROPE)
llama_graph_n_input_tensors: input tensor '                         inp_pos' [i32, ne = {     1,     1,     1,     1 }] is used by node 'Kcur-19' (ROPE)
llama_graph_n_input_tensors: input tensor '                         inp_pos' [i32, ne = {     1,     1,     1,     1 }] is used by node 'Qcur-20' (ROPE)
llama_graph_n_input_tensors: input tensor '                         inp_pos' [i32, ne = {     1,     1,     1,     1 }] is used by node 'Kcur-20' (ROPE)
llama_graph_n_input_tensors: input tensor '                         inp_pos' [i32, ne = {     1,     1,     1,     1 }] is used by node 'Qcur-21' (ROPE)
llama_graph_n_input_tensors: input tensor '                         inp_pos' [i32, ne = {     1,     1,     1,     1 }] is used by node 'Kcur-21' (ROPE)
llama_graph_n_input_tensors: input tensor '                         inp_pos' [i32, ne = {     1,     1,     1,     1 }] is used by node 'Qcur-22' (ROPE)
llama_graph_n_input_tensors: input tensor '                         inp_pos' [i32, ne = {     1,     1,     1,     1 }] is used by node 'Kcur-22' (ROPE)
llama_graph_n_input_tensors: input tensor '                         inp_pos' [i32, ne = {     1,     1,     1,     1 }] is used by node 'Qcur-23' (ROPE)
llama_graph_n_input_tensors: input tensor '                         inp_pos' [i32, ne = {     1,     1,     1,     1 }] is used by node 'Kcur-23' (ROPE)
llama_graph_n_input_tensors: input tensor '                         inp_pos' [i32, ne = {     1,     1,     1,     1 }] is used by node 'Qcur-24' (ROPE)
llama_graph_n_input_tensors: input tensor '                         inp_pos' [i32, ne = {     1,     1,     1,     1 }] is used by node 'Kcur-24' (ROPE)
llama_graph_n_input_tensors: input tensor '                         inp_pos' [i32, ne = {     1,     1,     1,     1 }] is used by node 'Qcur-25' (ROPE)
llama_graph_n_input_tensors: input tensor '                         inp_pos' [i32, ne = {     1,     1,     1,     1 }] is used by node 'Kcur-25' (ROPE)
llama_graph_n_input_tensors: input tensor '                         inp_pos' [i32, ne = {     1,     1,     1,     1 }] is used by node 'Qcur-26' (ROPE)
llama_graph_n_input_tensors: input tensor '                         inp_pos' [i32, ne = {     1,     1,     1,     1 }] is used by node 'Kcur-26' (ROPE)
llama_graph_n_input_tensors: input tensor '                         inp_pos' [i32, ne = {     1,     1,     1,     1 }] is used by node 'Qcur-27' (ROPE)
llama_graph_n_input_tensors: input tensor '                         inp_pos' [i32, ne = {     1,     1,     1,     1 }] is used by node 'Kcur-27' (ROPE)
resolve_fused_ops: fused DeepSeek V4 HC pre enabled
graph_reserve: reserving a graph for ubatch with n_tokens =    1, n_seqs =  1, n_outputs =    1
llama_graph_n_input_tensors: input tensor '                      inp_tokens' [i32, ne = {     1,     1,     1,     1 }] is used by node 'embd' (GET_ROWS)
llama_graph_n_input_tensors: input tensor '                attn_inp_kq_mask' [f16, ne = {  4096,     1,     1,     1 }] is used by node 'node_25' (FLASH_ATTN_EXT)
llama_graph_n_input_tensors: input tensor '                attn_inp_kq_mask' [f16, ne = {  4096,     1,     1,     1 }] is used by node 'node_60' (FLASH_ATTN_EXT)
llama_graph_n_input_tensors: input tensor '                attn_inp_kq_mask' [f16, ne = {  4096,     1,     1,     1 }] is used by node 'node_95' (FLASH_ATTN_EXT)
llama_graph_n_input_tensors: input tensor '                attn_inp_kq_mask' [f16, ne = {  4096,     1,     1,     1 }] is used by node 'node_130' (FLASH_ATTN_EXT)
llama_graph_n_input_tensors: input tensor '                attn_inp_kq_mask' [f16, ne = {  4096,     1,     1,     1 }] is used by node 'node_165' (FLASH_ATTN_EXT)
llama_graph_n_input_tensors: input tensor '                attn_inp_kq_mask' [f16, ne = {  4096,     1,     1,     1 }] is used by node 'node_200' (FLASH_ATTN_EXT)
llama_graph_n_input_tensors: input tensor '                attn_inp_kq_mask' [f16, ne = {  4096,     1,     1,     1 }] is used by node 'node_235' (FLASH_ATTN_EXT)
llama_graph_n_input_tensors: input tensor '                attn_inp_kq_mask' [f16, ne = {  4096,     1,     1,     1 }] is used by node 'node_270' (FLASH_ATTN_EXT)
llama_graph_n_input_tensors: input tensor '                attn_inp_kq_mask' [f16, ne = {  4096,     1,     1,     1 }] is used by node 'node_305' (FLASH_ATTN_EXT)
llama_graph_n_input_tensors: input tensor '                attn_inp_kq_mask' [f16, ne = {  4096,     1,     1,     1 }] is used by node 'node_340' (FLASH_ATTN_EXT)
llama_graph_n_input_tensors: input tensor '                attn_inp_kq_mask' [f16, ne = {  4096,     1,     1,     1 }] is used by node 'node_375' (FLASH_ATTN_EXT)
llama_graph_n_input_tensors: input tensor '                attn_inp_kq_mask' [f16, ne = {  4096,     1,     1,     1 }] is used by node 'node_410' (FLASH_ATTN_EXT)
llama_graph_n_input_tensors: input tensor '                attn_inp_kq_mask' [f16, ne = {  4096,     1,     1,     1 }] is used by node 'node_445' (FLASH_ATTN_EXT)
llama_graph_n_input_tensors: input tensor '                attn_inp_kq_mask' [f16, ne = {  4096,     1,     1,     1 }] is used by node 'node_480' (FLASH_ATTN_EXT)
llama_graph_n_input_tensors: input tensor '                attn_inp_kq_mask' [f16, ne = {  4096,     1,     1,     1 }] is used by node 'node_515' (FLASH_ATTN_EXT)
llama_graph_n_input_tensors: input tensor '                attn_inp_kq_mask' [f16, ne = {  4096,     1,     1,     1 }] is used by node 'node_550' (FLASH_ATTN_EXT)
llama_graph_n_input_tensors: input tensor '                attn_inp_kq_mask' [f16, ne = {  4096,     1,     1,     1 }] is used by node 'node_585' (FLASH_ATTN_EXT)
llama_graph_n_input_tensors: input tensor '                attn_inp_kq_mask' [f16, ne = {  4096,     1,     1,     1 }] is used by node 'node_620' (FLASH_ATTN_EXT)
llama_graph_n_input_tensors: input tensor '                attn_inp_kq_mask' [f16, ne = {  4096,     1,     1,     1 }] is used by node 'node_655' (FLASH_ATTN_EXT)
llama_graph_n_input_tensors: input tensor '                attn_inp_kq_mask' [f16, ne = {  4096,     1,     1,     1 }] is used by node 'node_690' (FLASH_ATTN_EXT)
llama_graph_n_input_tensors: input tensor '                attn_inp_kq_mask' [f16, ne = {  4096,     1,     1,     1 }] is used by node 'node_725' (FLASH_ATTN_EXT)
llama_graph_n_input_tensors: input tensor '                attn_inp_kq_mask' [f16, ne = {  4096,     1,     1,     1 }] is used by node 'node_760' (FLASH_ATTN_EXT)
llama_graph_n_input_tensors: input tensor '                attn_inp_kq_mask' [f16, ne = {  4096,     1,     1,     1 }] is used by node 'node_795' (FLASH_ATTN_EXT)
llama_graph_n_input_tensors: input tensor '                attn_inp_kq_mask' [f16, ne = {  4096,     1,     1,     1 }] is used by node 'node_830' (FLASH_ATTN_EXT)
llama_graph_n_input_tensors: input tensor '                attn_inp_kq_mask' [f16, ne = {  4096,     1,     1,     1 }] is used by node 'node_865' (FLASH_ATTN_EXT)
llama_graph_n_input_tensors: input tensor '                attn_inp_kq_mask' [f16, ne = {  4096,     1,     1,     1 }] is used by node 'node_900' (FLASH_ATTN_EXT)
llama_graph_n_input_tensors: input tensor '                attn_inp_kq_mask' [f16, ne = {  4096,     1,     1,     1 }] is used by node 'node_935' (FLASH_ATTN_EXT)
llama_graph_n_input_tensors: input tensor '                attn_inp_kq_mask' [f16, ne = {  4096,     1,     1,     1 }] is used by node 'node_970' (FLASH_ATTN_EXT)
llama_graph_n_input_tensors: input tensor '                         out_ids' [i32, ne = {     1,     1,     1,     1 }] is used by node 'node_973' (GET_ROWS)
llama_graph_n_input_tensors: input tensor '                         out_ids' [i32, ne = {     1,     1,     1,     1 }] is used by node 'node_974' (GET_ROWS)
llama_graph_n_input_tensors: input tensor '                 attn_inp_v_idxs' [i64, ne = {     1,     1,     1,     1 }] is used by node 'cache_v_l0 (view)' (SET_ROWS)
llama_graph_n_input_tensors: input tensor '                 attn_inp_v_idxs' [i64, ne = {     1,     1,     1,     1 }] is used by node 'cache_v_l1 (view)' (SET_ROWS)
llama_graph_n_input_tensors: input tensor '                 attn_inp_v_idxs' [i64, ne = {     1,     1,     1,     1 }] is used by node 'cache_v_l2 (view)' (SET_ROWS)
llama_graph_n_input_tensors: input tensor '                 attn_inp_v_idxs' [i64, ne = {     1,     1,     1,     1 }] is used by node 'cache_v_l3 (view)' (SET_ROWS)
llama_graph_n_input_tensors: input tensor '                 attn_inp_v_idxs' [i64, ne = {     1,     1,     1,     1 }] is used by node 'cache_v_l4 (view)' (SET_ROWS)
llama_graph_n_input_tensors: input tensor '                 attn_inp_v_idxs' [i64, ne = {     1,     1,     1,     1 }] is used by node 'cache_v_l5 (view)' (SET_ROWS)
llama_graph_n_input_tensors: input tensor '                 attn_inp_v_idxs' [i64, ne = {     1,     1,     1,     1 }] is used by node 'cache_v_l6 (view)' (SET_ROWS)
llama_graph_n_input_tensors: input tensor '                 attn_inp_v_idxs' [i64, ne = {     1,     1,     1,     1 }] is used by node 'cache_v_l7 (view)' (SET_ROWS)
llama_graph_n_input_tensors: input tensor '                 attn_inp_v_idxs' [i64, ne = {     1,     1,     1,     1 }] is used by node 'cache_v_l8 (view)' (SET_ROWS)
llama_graph_n_input_tensors: input tensor '                 attn_inp_v_idxs' [i64, ne = {     1,     1,     1,     1 }] is used by node 'cache_v_l9 (view)' (SET_ROWS)
llama_graph_n_input_tensors: input tensor '                 attn_inp_v_idxs' [i64, ne = {     1,     1,     1,     1 }] is used by node 'cache_v_l10 (view)' (SET_ROWS)
llama_graph_n_input_tensors: input tensor '                 attn_inp_v_idxs' [i64, ne = {     1,     1,     1,     1 }] is used by node 'cache_v_l11 (view)' (SET_ROWS)
llama_graph_n_input_tensors: input tensor '                 attn_inp_v_idxs' [i64, ne = {     1,     1,     1,     1 }] is used by node 'cache_v_l12 (view)' (SET_ROWS)
llama_graph_n_input_tensors: input tensor '                 attn_inp_v_idxs' [i64, ne = {     1,     1,     1,     1 }] is used by node 'cache_v_l13 (view)' (SET_ROWS)
llama_graph_n_input_tensors: input tensor '                 attn_inp_v_idxs' [i64, ne = {     1,     1,     1,     1 }] is used by node 'cache_v_l14 (view)' (SET_ROWS)
llama_graph_n_input_tensors: input tensor '                 attn_inp_v_idxs' [i64, ne = {     1,     1,     1,     1 }] is used by node 'cache_v_l15 (view)' (SET_ROWS)
llama_graph_n_input_tensors: input tensor '                 attn_inp_v_idxs' [i64, ne = {     1,     1,     1,     1 }] is used by node 'cache_v_l16 (view)' (SET_ROWS)
llama_graph_n_input_tensors: input tensor '                 attn_inp_v_idxs' [i64, ne = {     1,     1,     1,     1 }] is used by node 'cache_v_l17 (view)' (SET_ROWS)
llama_graph_n_input_tensors: input tensor '                 attn_inp_v_idxs' [i64, ne = {     1,     1,     1,     1 }] is used by node 'cache_v_l18 (view)' (SET_ROWS)
llama_graph_n_input_tensors: input tensor '                 attn_inp_v_idxs' [i64, ne = {     1,     1,     1,     1 }] is used by node 'cache_v_l19 (view)' (SET_ROWS)
llama_graph_n_input_tensors: input tensor '                 attn_inp_v_idxs' [i64, ne = {     1,     1,     1,     1 }] is used by node 'cache_v_l20 (view)' (SET_ROWS)
llama_graph_n_input_tensors: input tensor '                 attn_inp_v_idxs' [i64, ne = {     1,     1,     1,     1 }] is used by node 'cache_v_l21 (view)' (SET_ROWS)
llama_graph_n_input_tensors: input tensor '                 attn_inp_v_idxs' [i64, ne = {     1,     1,     1,     1 }] is used by node 'cache_v_l22 (view)' (SET_ROWS)
llama_graph_n_input_tensors: input tensor '                 attn_inp_v_idxs' [i64, ne = {     1,     1,     1,     1 }] is used by node 'cache_v_l23 (view)' (SET_ROWS)
llama_graph_n_input_tensors: input tensor '                 attn_inp_v_idxs' [i64, ne = {     1,     1,     1,     1 }] is used by node 'cache_v_l24 (view)' (SET_ROWS)
llama_graph_n_input_tensors: input tensor '                 attn_inp_v_idxs' [i64, ne = {     1,     1,     1,     1 }] is used by node 'cache_v_l25 (view)' (SET_ROWS)
llama_graph_n_input_tensors: input tensor '                 attn_inp_v_idxs' [i64, ne = {     1,     1,     1,     1 }] is used by node 'cache_v_l26 (view)' (SET_ROWS)
llama_graph_n_input_tensors: input tensor '                 attn_inp_v_idxs' [i64, ne = {     1,     1,     1,     1 }] is used by node 'cache_v_l27 (view)' (SET_ROWS)
llama_graph_n_input_tensors: input tensor '                 attn_inp_k_idxs' [i64, ne = {     1,     1,     1,     1 }] is used by node 'cache_k_l0 (view)' (SET_ROWS)
llama_graph_n_input_tensors: input tensor '                 attn_inp_k_idxs' [i64, ne = {     1,     1,     1,     1 }] is used by node 'cache_k_l1 (view)' (SET_ROWS)
llama_graph_n_input_tensors: input tensor '                 attn_inp_k_idxs' [i64, ne = {     1,     1,     1,     1 }] is used by node 'cache_k_l2 (view)' (SET_ROWS)
llama_graph_n_input_tensors: input tensor '                 attn_inp_k_idxs' [i64, ne = {     1,     1,     1,     1 }] is used by node 'cache_k_l3 (view)' (SET_ROWS)
llama_graph_n_input_tensors: input tensor '                 attn_inp_k_idxs' [i64, ne = {     1,     1,     1,     1 }] is used by node 'cache_k_l4 (view)' (SET_ROWS)
llama_graph_n_input_tensors: input tensor '                 attn_inp_k_idxs' [i64, ne = {     1,     1,     1,     1 }] is used by node 'cache_k_l5 (view)' (SET_ROWS)
llama_graph_n_input_tensors: input tensor '                 attn_inp_k_idxs' [i64, ne = {     1,     1,     1,     1 }] is used by node 'cache_k_l6 (view)' (SET_ROWS)
llama_graph_n_input_tensors: input tensor '                 attn_inp_k_idxs' [i64, ne = {     1,     1,     1,     1 }] is used by node 'cache_k_l7 (view)' (SET_ROWS)
llama_graph_n_input_tensors: input tensor '                 attn_inp_k_idxs' [i64, ne = {     1,     1,     1,     1 }] is used by node 'cache_k_l8 (view)' (SET_ROWS)
llama_graph_n_input_tensors: input tensor '                 attn_inp_k_idxs' [i64, ne = {     1,     1,     1,     1 }] is used by node 'cache_k_l9 (view)' (SET_ROWS)
llama_graph_n_input_tensors: input tensor '                 attn_inp_k_idxs' [i64, ne = {     1,     1,     1,     1 }] is used by node 'cache_k_l10 (view)' (SET_ROWS)
llama_graph_n_input_tensors: input tensor '                 attn_inp_k_idxs' [i64, ne = {     1,     1,     1,     1 }] is used by node 'cache_k_l11 (view)' (SET_ROWS)
llama_graph_n_input_tensors: input tensor '                 attn_inp_k_idxs' [i64, ne = {     1,     1,     1,     1 }] is used by node 'cache_k_l12 (view)' (SET_ROWS)
llama_graph_n_input_tensors: input tensor '                 attn_inp_k_idxs' [i64, ne = {     1,     1,     1,     1 }] is used by node 'cache_k_l13 (view)' (SET_ROWS)
llama_graph_n_input_tensors: input tensor '                 attn_inp_k_idxs' [i64, ne = {     1,     1,     1,     1 }] is used by node 'cache_k_l14 (view)' (SET_ROWS)
llama_graph_n_input_tensors: input tensor '                 attn_inp_k_idxs' [i64, ne = {     1,     1,     1,     1 }] is used by node 'cache_k_l15 (view)' (SET_ROWS)
llama_graph_n_input_tensors: input tensor '                 attn_inp_k_idxs' [i64, ne = {     1,     1,     1,     1 }] is used by node 'cache_k_l16 (view)' (SET_ROWS)
llama_graph_n_input_tensors: input tensor '                 attn_inp_k_idxs' [i64, ne = {     1,     1,     1,     1 }] is used by node 'cache_k_l17 (view)' (SET_ROWS)
llama_graph_n_input_tensors: input tensor '                 attn_inp_k_idxs' [i64, ne = {     1,     1,     1,     1 }] is used by node 'cache_k_l18 (view)' (SET_ROWS)
llama_graph_n_input_tensors: input tensor '                 attn_inp_k_idxs' [i64, ne = {     1,     1,     1,     1 }] is used by node 'cache_k_l19 (view)' (SET_ROWS)
llama_graph_n_input_tensors: input tensor '                 attn_inp_k_idxs' [i64, ne = {     1,     1,     1,     1 }] is used by node 'cache_k_l20 (view)' (SET_ROWS)
llama_graph_n_input_tensors: input tensor '                 attn_inp_k_idxs' [i64, ne = {     1,     1,     1,     1 }] is used by node 'cache_k_l21 (view)' (SET_ROWS)
llama_graph_n_input_tensors: input tensor '                 attn_inp_k_idxs' [i64, ne = {     1,     1,     1,     1 }] is used by node 'cache_k_l22 (view)' (SET_ROWS)
llama_graph_n_input_tensors: input tensor '                 attn_inp_k_idxs' [i64, ne = {     1,     1,     1,     1 }] is used by node 'cache_k_l23 (view)' (SET_ROWS)
llama_graph_n_input_tensors: input tensor '                 attn_inp_k_idxs' [i64, ne = {     1,     1,     1,     1 }] is used by node 'cache_k_l24 (view)' (SET_ROWS)
llama_graph_n_input_tensors: input tensor '                 attn_inp_k_idxs' [i64, ne = {     1,     1,     1,     1 }] is used by node 'cache_k_l25 (view)' (SET_ROWS)
llama_graph_n_input_tensors: input tensor '                 attn_inp_k_idxs' [i64, ne = {     1,     1,     1,     1 }] is used by node 'cache_k_l26 (view)' (SET_ROWS)
llama_graph_n_input_tensors: input tensor '                 attn_inp_k_idxs' [i64, ne = {     1,     1,     1,     1 }] is used by node 'cache_k_l27 (view)' (SET_ROWS)
llama_graph_n_input_tensors: input tensor '                         inp_pos' [i32, ne = {     1,     1,     1,     1 }] is used by node 'Qcur-0' (ROPE)
llama_graph_n_input_tensors: input tensor '                         inp_pos' [i32, ne = {     1,     1,     1,     1 }] is used by node 'Kcur-0' (ROPE)
llama_graph_n_input_tensors: input tensor '                         inp_pos' [i32, ne = {     1,     1,     1,     1 }] is used by node 'Qcur-1' (ROPE)
llama_graph_n_input_tensors: input tensor '                         inp_pos' [i32, ne = {     1,     1,     1,     1 }] is used by node 'Kcur-1' (ROPE)
llama_graph_n_input_tensors: input tensor '                         inp_pos' [i32, ne = {     1,     1,     1,     1 }] is used by node 'Qcur-2' (ROPE)
llama_graph_n_input_tensors: input tensor '                         inp_pos' [i32, ne = {     1,     1,     1,     1 }] is used by node 'Kcur-2' (ROPE)
llama_graph_n_input_tensors: input tensor '                         inp_pos' [i32, ne = {     1,     1,     1,     1 }] is used by node 'Qcur-3' (ROPE)
llama_graph_n_input_tensors: input tensor '                         inp_pos' [i32, ne = {     1,     1,     1,     1 }] is used by node 'Kcur-3' (ROPE)
llama_graph_n_input_tensors: input tensor '                         inp_pos' [i32, ne = {     1,     1,     1,     1 }] is used by node 'Qcur-4' (ROPE)
llama_graph_n_input_tensors: input tensor '                         inp_pos' [i32, ne = {     1,     1,     1,     1 }] is used by node 'Kcur-4' (ROPE)
llama_graph_n_input_tensors: input tensor '                         inp_pos' [i32, ne = {     1,     1,     1,     1 }] is used by node 'Qcur-5' (ROPE)
llama_graph_n_input_tensors: input tensor '                         inp_pos' [i32, ne = {     1,     1,     1,     1 }] is used by node 'Kcur-5' (ROPE)
llama_graph_n_input_tensors: input tensor '                         inp_pos' [i32, ne = {     1,     1,     1,     1 }] is used by node 'Qcur-6' (ROPE)
llama_graph_n_input_tensors: input tensor '                         inp_pos' [i32, ne = {     1,     1,     1,     1 }] is used by node 'Kcur-6' (ROPE)
llama_graph_n_input_tensors: input tensor '                         inp_pos' [i32, ne = {     1,     1,     1,     1 }] is used by node 'Qcur-7' (ROPE)
llama_graph_n_input_tensors: input tensor '                         inp_pos' [i32, ne = {     1,     1,     1,     1 }] is used by node 'Kcur-7' (ROPE)
llama_graph_n_input_tensors: input tensor '                         inp_pos' [i32, ne = {     1,     1,     1,     1 }] is used by node 'Qcur-8' (ROPE)
llama_graph_n_input_tensors: input tensor '                         inp_pos' [i32, ne = {     1,     1,     1,     1 }] is used by node 'Kcur-8' (ROPE)
llama_graph_n_input_tensors: input tensor '                         inp_pos' [i32, ne = {     1,     1,     1,     1 }] is used by node 'Qcur-9' (ROPE)
llama_graph_n_input_tensors: input tensor '                         inp_pos' [i32, ne = {     1,     1,     1,     1 }] is used by node 'Kcur-9' (ROPE)
llama_graph_n_input_tensors: input tensor '                         inp_pos' [i32, ne = {     1,     1,     1,     1 }] is used by node 'Qcur-10' (ROPE)
llama_graph_n_input_tensors: input tensor '                         inp_pos' [i32, ne = {     1,     1,     1,     1 }] is used by node 'Kcur-10' (ROPE)
llama_graph_n_input_tensors: input tensor '                         inp_pos' [i32, ne = {     1,     1,     1,     1 }] is used by node 'Qcur-11' (ROPE)
llama_graph_n_input_tensors: input tensor '                         inp_pos' [i32, ne = {     1,     1,     1,     1 }] is used by node 'Kcur-11' (ROPE)
llama_graph_n_input_tensors: input tensor '                         inp_pos' [i32, ne = {     1,     1,     1,     1 }] is used by node 'Qcur-12' (ROPE)
llama_graph_n_input_tensors: input tensor '                         inp_pos' [i32, ne = {     1,     1,     1,     1 }] is used by node 'Kcur-12' (ROPE)
llama_graph_n_input_tensors: input tensor '                         inp_pos' [i32, ne = {     1,     1,     1,     1 }] is used by node 'Qcur-13' (ROPE)
llama_graph_n_input_tensors: input tensor '                         inp_pos' [i32, ne = {     1,     1,     1,     1 }] is used by node 'Kcur-13' (ROPE)
llama_graph_n_input_tensors: input tensor '                         inp_pos' [i32, ne = {     1,     1,     1,     1 }] is used by node 'Qcur-14' (ROPE)
llama_graph_n_input_tensors: input tensor '                         inp_pos' [i32, ne = {     1,     1,     1,     1 }] is used by node 'Kcur-14' (ROPE)
llama_graph_n_input_tensors: input tensor '                         inp_pos' [i32, ne = {     1,     1,     1,     1 }] is used by node 'Qcur-15' (ROPE)
llama_graph_n_input_tensors: input tensor '                         inp_pos' [i32, ne = {     1,     1,     1,     1 }] is used by node 'Kcur-15' (ROPE)
llama_graph_n_input_tensors: input tensor '                         inp_pos' [i32, ne = {     1,     1,     1,     1 }] is used by node 'Qcur-16' (ROPE)
llama_graph_n_input_tensors: input tensor '                         inp_pos' [i32, ne = {     1,     1,     1,     1 }] is used by node 'Kcur-16' (ROPE)
llama_graph_n_input_tensors: input tensor '                         inp_pos' [i32, ne = {     1,     1,     1,     1 }] is used by node 'Qcur-17' (ROPE)
llama_graph_n_input_tensors: input tensor '                         inp_pos' [i32, ne = {     1,     1,     1,     1 }] is used by node 'Kcur-17' (ROPE)
llama_graph_n_input_tensors: input tensor '                         inp_pos' [i32, ne = {     1,     1,     1,     1 }] is used by node 'Qcur-18' (ROPE)
llama_graph_n_input_tensors: input tensor '                         inp_pos' [i32, ne = {     1,     1,     1,     1 }] is used by node 'Kcur-18' (ROPE)
llama_graph_n_input_tensors: input tensor '                         inp_pos' [i32, ne = {     1,     1,     1,     1 }] is used by node 'Qcur-19' (ROPE)
llama_graph_n_input_tensors: input tensor '                         inp_pos' [i32, ne = {     1,     1,     1,     1 }] is used by node 'Kcur-19' (ROPE)
llama_graph_n_input_tensors: input tensor '                         inp_pos' [i32, ne = {     1,     1,     1,     1 }] is used by node 'Qcur-20' (ROPE)
llama_graph_n_input_tensors: input tensor '                         inp_pos' [i32, ne = {     1,     1,     1,     1 }] is used by node 'Kcur-20' (ROPE)
llama_graph_n_input_tensors: input tensor '                         inp_pos' [i32, ne = {     1,     1,     1,     1 }] is used by node 'Qcur-21' (ROPE)
llama_graph_n_input_tensors: input tensor '                         inp_pos' [i32, ne = {     1,     1,     1,     1 }] is used by node 'Kcur-21' (ROPE)
llama_graph_n_input_tensors: input tensor '                         inp_pos' [i32, ne = {     1,     1,     1,     1 }] is used by node 'Qcur-22' (ROPE)
llama_graph_n_input_tensors: input tensor '                         inp_pos' [i32, ne = {     1,     1,     1,     1 }] is used by node 'Kcur-22' (ROPE)
llama_graph_n_input_tensors: input tensor '                         inp_pos' [i32, ne = {     1,     1,     1,     1 }] is used by node 'Qcur-23' (ROPE)
llama_graph_n_input_tensors: input tensor '                         inp_pos' [i32, ne = {     1,     1,     1,     1 }] is used by node 'Kcur-23' (ROPE)
llama_graph_n_input_tensors: input tensor '                         inp_pos' [i32, ne = {     1,     1,     1,     1 }] is used by node 'Qcur-24' (ROPE)
llama_graph_n_input_tensors: input tensor '                         inp_pos' [i32, ne = {     1,     1,     1,     1 }] is used by node 'Kcur-24' (ROPE)
llama_graph_n_input_tensors: input tensor '                         inp_pos' [i32, ne = {     1,     1,     1,     1 }] is used by node 'Qcur-25' (ROPE)
llama_graph_n_input_tensors: input tensor '                         inp_pos' [i32, ne = {     1,     1,     1,     1 }] is used by node 'Kcur-25' (ROPE)
llama_graph_n_input_tensors: input tensor '                         inp_pos' [i32, ne = {     1,     1,     1,     1 }] is used by node 'Qcur-26' (ROPE)
llama_graph_n_input_tensors: input tensor '                         inp_pos' [i32, ne = {     1,     1,     1,     1 }] is used by node 'Kcur-26' (ROPE)
llama_graph_n_input_tensors: input tensor '                         inp_pos' [i32, ne = {     1,     1,     1,     1 }] is used by node 'Qcur-27' (ROPE)
llama_graph_n_input_tensors: input tensor '                         inp_pos' [i32, ne = {     1,     1,     1,     1 }] is used by node 'Kcur-27' (ROPE)
resolve_fused_ops: fused DeepSeek V4 HC comb enabled
graph_reserve: reserving a graph for ubatch with n_tokens =    1, n_seqs =  1, n_outputs =    1
llama_graph_n_input_tensors: input tensor '                      inp_tokens' [i32, ne = {     1,     1,     1,     1 }] is used by node 'embd' (GET_ROWS)
llama_graph_n_input_tensors: input tensor '                attn_inp_kq_mask' [f16, ne = {  4096,     1,     1,     1 }] is used by node 'node_25' (FLASH_ATTN_EXT)
llama_graph_n_input_tensors: input tensor '                attn_inp_kq_mask' [f16, ne = {  4096,     1,     1,     1 }] is used by node 'node_60' (FLASH_ATTN_EXT)
llama_graph_n_input_tensors: input tensor '                attn_inp_kq_mask' [f16, ne = {  4096,     1,     1,     1 }] is used by node 'node_95' (FLASH_ATTN_EXT)
llama_graph_n_input_tensors: input tensor '                attn_inp_kq_mask' [f16, ne = {  4096,     1,     1,     1 }] is used by node 'node_130' (FLASH_ATTN_EXT)
llama_graph_n_input_tensors: input tensor '                attn_inp_kq_mask' [f16, ne = {  4096,     1,     1,     1 }] is used by node 'node_165' (FLASH_ATTN_EXT)
llama_graph_n_input_tensors: input tensor '                attn_inp_kq_mask' [f16, ne = {  4096,     1,     1,     1 }] is used by node 'node_200' (FLASH_ATTN_EXT)
llama_graph_n_input_tensors: input tensor '                attn_inp_kq_mask' [f16, ne = {  4096,     1,     1,     1 }] is used by node 'node_235' (FLASH_ATTN_EXT)
llama_graph_n_input_tensors: input tensor '                attn_inp_kq_mask' [f16, ne = {  4096,     1,     1,     1 }] is used by node 'node_270' (FLASH_ATTN_EXT)
llama_graph_n_input_tensors: input tensor '                attn_inp_kq_mask' [f16, ne = {  4096,     1,     1,     1 }] is used by node 'node_305' (FLASH_ATTN_EXT)
llama_graph_n_input_tensors: input tensor '                attn_inp_kq_mask' [f16, ne = {  4096,     1,     1,     1 }] is used by node 'node_340' (FLASH_ATTN_EXT)
llama_graph_n_input_tensors: input tensor '                attn_inp_kq_mask' [f16, ne = {  4096,     1,     1,     1 }] is used by node 'node_375' (FLASH_ATTN_EXT)
llama_graph_n_input_tensors: input tensor '                attn_inp_kq_mask' [f16, ne = {  4096,     1,     1,     1 }] is used by node 'node_410' (FLASH_ATTN_EXT)
llama_graph_n_input_tensors: input tensor '                attn_inp_kq_mask' [f16, ne = {  4096,     1,     1,     1 }] is used by node 'node_445' (FLASH_ATTN_EXT)
llama_graph_n_input_tensors: input tensor '                attn_inp_kq_mask' [f16, ne = {  4096,     1,     1,     1 }] is used by node 'node_480' (FLASH_ATTN_EXT)
llama_graph_n_input_tensors: input tensor '                attn_inp_kq_mask' [f16, ne = {  4096,     1,     1,     1 }] is used by node 'node_515' (FLASH_ATTN_EXT)
llama_graph_n_input_tensors: input tensor '                attn_inp_kq_mask' [f16, ne = {  4096,     1,     1,     1 }] is used by node 'node_550' (FLASH_ATTN_EXT)
llama_graph_n_input_tensors: input tensor '                attn_inp_kq_mask' [f16, ne = {  4096,     1,     1,     1 }] is used by node 'node_585' (FLASH_ATTN_EXT)
llama_graph_n_input_tensors: input tensor '                attn_inp_kq_mask' [f16, ne = {  4096,     1,     1,     1 }] is used by node 'node_620' (FLASH_ATTN_EXT)
llama_graph_n_input_tensors: input tensor '                attn_inp_kq_mask' [f16, ne = {  4096,     1,     1,     1 }] is used by node 'node_655' (FLASH_ATTN_EXT)
llama_graph_n_input_tensors: input tensor '                attn_inp_kq_mask' [f16, ne = {  4096,     1,     1,     1 }] is used by node 'node_690' (FLASH_ATTN_EXT)
llama_graph_n_input_tensors: input tensor '                attn_inp_kq_mask' [f16, ne = {  4096,     1,     1,     1 }] is used by node 'node_725' (FLASH_ATTN_EXT)
llama_graph_n_input_tensors: input tensor '                attn_inp_kq_mask' [f16, ne = {  4096,     1,     1,     1 }] is used by node 'node_760' (FLASH_ATTN_EXT)
llama_graph_n_input_tensors: input tensor '                attn_inp_kq_mask' [f16, ne = {  4096,     1,     1,     1 }] is used by node 'node_795' (FLASH_ATTN_EXT)
llama_graph_n_input_tensors: input tensor '                attn_inp_kq_mask' [f16, ne = {  4096,     1,     1,     1 }] is used by node 'node_830' (FLASH_ATTN_EXT)
llama_graph_n_input_tensors: input tensor '                attn_inp_kq_mask' [f16, ne = {  4096,     1,     1,     1 }] is used by node 'node_865' (FLASH_ATTN_EXT)
llama_graph_n_input_tensors: input tensor '                attn_inp_kq_mask' [f16, ne = {  4096,     1,     1,     1 }] is used by node 'node_900' (FLASH_ATTN_EXT)
llama_graph_n_input_tensors: input tensor '                attn_inp_kq_mask' [f16, ne = {  4096,     1,     1,     1 }] is used by node 'node_935' (FLASH_ATTN_EXT)
llama_graph_n_input_tensors: input tensor '                attn_inp_kq_mask' [f16, ne = {  4096,     1,     1,     1 }] is used by node 'node_970' (FLASH_ATTN_EXT)
llama_graph_n_input_tensors: input tensor '                         out_ids' [i32, ne = {     1,     1,     1,     1 }] is used by node 'node_973' (GET_ROWS)
llama_graph_n_input_tensors: input tensor '                         out_ids' [i32, ne = {     1,     1,     1,     1 }] is used by node 'node_974' (GET_ROWS)
llama_graph_n_input_tensors: input tensor '                 attn_inp_v_idxs' [i64, ne = {     1,     1,     1,     1 }] is used by node 'cache_v_l0 (view)' (SET_ROWS)
llama_graph_n_input_tensors: input tensor '                 attn_inp_v_idxs' [i64, ne = {     1,     1,     1,     1 }] is used by node 'cache_v_l1 (view)' (SET_ROWS)
llama_graph_n_input_tensors: input tensor '                 attn_inp_v_idxs' [i64, ne = {     1,     1,     1,     1 }] is used by node 'cache_v_l2 (view)' (SET_ROWS)
llama_graph_n_input_tensors: input tensor '                 attn_inp_v_idxs' [i64, ne = {     1,     1,     1,     1 }] is used by node 'cache_v_l3 (view)' (SET_ROWS)
llama_graph_n_input_tensors: input tensor '                 attn_inp_v_idxs' [i64, ne = {     1,     1,     1,     1 }] is used by node 'cache_v_l4 (view)' (SET_ROWS)
llama_graph_n_input_tensors: input tensor '                 attn_inp_v_idxs' [i64, ne = {     1,     1,     1,     1 }] is used by node 'cache_v_l5 (view)' (SET_ROWS)
llama_graph_n_input_tensors: input tensor '                 attn_inp_v_idxs' [i64, ne = {     1,     1,     1,     1 }] is used by node 'cache_v_l6 (view)' (SET_ROWS)
llama_graph_n_input_tensors: input tensor '                 attn_inp_v_idxs' [i64, ne = {     1,     1,     1,     1 }] is used by node 'cache_v_l7 (view)' (SET_ROWS)
llama_graph_n_input_tensors: input tensor '                 attn_inp_v_idxs' [i64, ne = {     1,     1,     1,     1 }] is used by node 'cache_v_l8 (view)' (SET_ROWS)
llama_graph_n_input_tensors: input tensor '                 attn_inp_v_idxs' [i64, ne = {     1,     1,     1,     1 }] is used by node 'cache_v_l9 (view)' (SET_ROWS)
llama_graph_n_input_tensors: input tensor '                 attn_inp_v_idxs' [i64, ne = {     1,     1,     1,     1 }] is used by node 'cache_v_l10 (view)' (SET_ROWS)
llama_graph_n_input_tensors: input tensor '                 attn_inp_v_idxs' [i64, ne = {     1,     1,     1,     1 }] is used by node 'cache_v_l11 (view)' (SET_ROWS)
llama_graph_n_input_tensors: input tensor '                 attn_inp_v_idxs' [i64, ne = {     1,     1,     1,     1 }] is used by node 'cache_v_l12 (view)' (SET_ROWS)
llama_graph_n_input_tensors: input tensor '                 attn_inp_v_idxs' [i64, ne = {     1,     1,     1,     1 }] is used by node 'cache_v_l13 (view)' (SET_ROWS)
llama_graph_n_input_tensors: input tensor '                 attn_inp_v_idxs' [i64, ne = {     1,     1,     1,     1 }] is used by node 'cache_v_l14 (view)' (SET_ROWS)
llama_graph_n_input_tensors: input tensor '                 attn_inp_v_idxs' [i64, ne = {     1,     1,     1,     1 }] is used by node 'cache_v_l15 (view)' (SET_ROWS)
llama_graph_n_input_tensors: input tensor '                 attn_inp_v_idxs' [i64, ne = {     1,     1,     1,     1 }] is used by node 'cache_v_l16 (view)' (SET_ROWS)
llama_graph_n_input_tensors: input tensor '                 attn_inp_v_idxs' [i64, ne = {     1,     1,     1,     1 }] is used by node 'cache_v_l17 (view)' (SET_ROWS)
llama_graph_n_input_tensors: input tensor '                 attn_inp_v_idxs' [i64, ne = {     1,     1,     1,     1 }] is used by node 'cache_v_l18 (view)' (SET_ROWS)
llama_graph_n_input_tensors: input tensor '                 attn_inp_v_idxs' [i64, ne = {     1,     1,     1,     1 }] is used by node 'cache_v_l19 (view)' (SET_ROWS)
llama_graph_n_input_tensors: input tensor '                 attn_inp_v_idxs' [i64, ne = {     1,     1,     1,     1 }] is used by node 'cache_v_l20 (view)' (SET_ROWS)
llama_graph_n_input_tensors: input tensor '                 attn_inp_v_idxs' [i64, ne = {     1,     1,     1,     1 }] is used by node 'cache_v_l21 (view)' (SET_ROWS)
llama_graph_n_input_tensors: input tensor '                 attn_inp_v_idxs' [i64, ne = {     1,     1,     1,     1 }] is used by node 'cache_v_l22 (view)' (SET_ROWS)
llama_graph_n_input_tensors: input tensor '                 attn_inp_v_idxs' [i64, ne = {     1,     1,     1,     1 }] is used by node 'cache_v_l23 (view)' (SET_ROWS)
llama_graph_n_input_tensors: input tensor '                 attn_inp_v_idxs' [i64, ne = {     1,     1,     1,     1 }] is used by node 'cache_v_l24 (view)' (SET_ROWS)
llama_graph_n_input_tensors: input tensor '                 attn_inp_v_idxs' [i64, ne = {     1,     1,     1,     1 }] is used by node 'cache_v_l25 (view)' (SET_ROWS)
llama_graph_n_input_tensors: input tensor '                 attn_inp_v_idxs' [i64, ne = {     1,     1,     1,     1 }] is used by node 'cache_v_l26 (view)' (SET_ROWS)
llama_graph_n_input_tensors: input tensor '                 attn_inp_v_idxs' [i64, ne = {     1,     1,     1,     1 }] is used by node 'cache_v_l27 (view)' (SET_ROWS)
llama_graph_n_input_tensors: input tensor '                 attn_inp_k_idxs' [i64, ne = {     1,     1,     1,     1 }] is used by node 'cache_k_l0 (view)' (SET_ROWS)
llama_graph_n_input_tensors: input tensor '                 attn_inp_k_idxs' [i64, ne = {     1,     1,     1,     1 }] is used by node 'cache_k_l1 (view)' (SET_ROWS)
llama_graph_n_input_tensors: input tensor '                 attn_inp_k_idxs' [i64, ne = {     1,     1,     1,     1 }] is used by node 'cache_k_l2 (view)' (SET_ROWS)
llama_graph_n_input_tensors: input tensor '                 attn_inp_k_idxs' [i64, ne = {     1,     1,     1,     1 }] is used by node 'cache_k_l3 (view)' (SET_ROWS)
llama_graph_n_input_tensors: input tensor '                 attn_inp_k_idxs' [i64, ne = {     1,     1,     1,     1 }] is used by node 'cache_k_l4 (view)' (SET_ROWS)
llama_graph_n_input_tensors: input tensor '                 attn_inp_k_idxs' [i64, ne = {     1,     1,     1,     1 }] is used by node 'cache_k_l5 (view)' (SET_ROWS)
llama_graph_n_input_tensors: input tensor '                 attn_inp_k_idxs' [i64, ne = {     1,     1,     1,     1 }] is used by node 'cache_k_l6 (view)' (SET_ROWS)
llama_graph_n_input_tensors: input tensor '                 attn_inp_k_idxs' [i64, ne = {     1,     1,     1,     1 }] is used by node 'cache_k_l7 (view)' (SET_ROWS)
llama_graph_n_input_tensors: input tensor '                 attn_inp_k_idxs' [i64, ne = {     1,     1,     1,     1 }] is used by node 'cache_k_l8 (view)' (SET_ROWS)
llama_graph_n_input_tensors: input tensor '                 attn_inp_k_idxs' [i64, ne = {     1,     1,     1,     1 }] is used by node 'cache_k_l9 (view)' (SET_ROWS)
llama_graph_n_input_tensors: input tensor '                 attn_inp_k_idxs' [i64, ne = {     1,     1,     1,     1 }] is used by node 'cache_k_l10 (view)' (SET_ROWS)
llama_graph_n_input_tensors: input tensor '                 attn_inp_k_idxs' [i64, ne = {     1,     1,     1,     1 }] is used by node 'cache_k_l11 (view)' (SET_ROWS)
llama_graph_n_input_tensors: input tensor '                 attn_inp_k_idxs' [i64, ne = {     1,     1,     1,     1 }] is used by node 'cache_k_l12 (view)' (SET_ROWS)
llama_graph_n_input_tensors: input tensor '                 attn_inp_k_idxs' [i64, ne = {     1,     1,     1,     1 }] is used by node 'cache_k_l13 (view)' (SET_ROWS)
llama_graph_n_input_tensors: input tensor '                 attn_inp_k_idxs' [i64, ne = {     1,     1,     1,     1 }] is used by node 'cache_k_l14 (view)' (SET_ROWS)
llama_graph_n_input_tensors: input tensor '                 attn_inp_k_idxs' [i64, ne = {     1,     1,     1,     1 }] is used by node 'cache_k_l15 (view)' (SET_ROWS)
llama_graph_n_input_tensors: input tensor '                 attn_inp_k_idxs' [i64, ne = {     1,     1,     1,     1 }] is used by node 'cache_k_l16 (view)' (SET_ROWS)
llama_graph_n_input_tensors: input tensor '                 attn_inp_k_idxs' [i64, ne = {     1,     1,     1,     1 }] is used by node 'cache_k_l17 (view)' (SET_ROWS)
llama_graph_n_input_tensors: input tensor '                 attn_inp_k_idxs' [i64, ne = {     1,     1,     1,     1 }] is used by node 'cache_k_l18 (view)' (SET_ROWS)
llama_graph_n_input_tensors: input tensor '                 attn_inp_k_idxs' [i64, ne = {     1,     1,     1,     1 }] is used by node 'cache_k_l19 (view)' (SET_ROWS)
llama_graph_n_input_tensors: input tensor '                 attn_inp_k_idxs' [i64, ne = {     1,     1,     1,     1 }] is used by node 'cache_k_l20 (view)' (SET_ROWS)
llama_graph_n_input_tensors: input tensor '                 attn_inp_k_idxs' [i64, ne = {     1,     1,     1,     1 }] is used by node 'cache_k_l21 (view)' (SET_ROWS)
llama_graph_n_input_tensors: input tensor '                 attn_inp_k_idxs' [i64, ne = {     1,     1,     1,     1 }] is used by node 'cache_k_l22 (view)' (SET_ROWS)
llama_graph_n_input_tensors: input tensor '                 attn_inp_k_idxs' [i64, ne = {     1,     1,     1,     1 }] is used by node 'cache_k_l23 (view)' (SET_ROWS)
llama_graph_n_input_tensors: input tensor '                 attn_inp_k_idxs' [i64, ne = {     1,     1,     1,     1 }] is used by node 'cache_k_l24 (view)' (SET_ROWS)
llama_graph_n_input_tensors: input tensor '                 attn_inp_k_idxs' [i64, ne = {     1,     1,     1,     1 }] is used by node 'cache_k_l25 (view)' (SET_ROWS)
llama_graph_n_input_tensors: input tensor '                 attn_inp_k_idxs' [i64, ne = {     1,     1,     1,     1 }] is used by node 'cache_k_l26 (view)' (SET_ROWS)
llama_graph_n_input_tensors: input tensor '                 attn_inp_k_idxs' [i64, ne = {     1,     1,     1,     1 }] is used by node 'cache_k_l27 (view)' (SET_ROWS)
llama_graph_n_input_tensors: input tensor '                         inp_pos' [i32, ne = {     1,     1,     1,     1 }] is used by node 'Qcur-0' (ROPE)
llama_graph_n_input_tensors: input tensor '                         inp_pos' [i32, ne = {     1,     1,     1,     1 }] is used by node 'Kcur-0' (ROPE)
llama_graph_n_input_tensors: input tensor '                         inp_pos' [i32, ne = {     1,     1,     1,     1 }] is used by node 'Qcur-1' (ROPE)
llama_graph_n_input_tensors: input tensor '                         inp_pos' [i32, ne = {     1,     1,     1,     1 }] is used by node 'Kcur-1' (ROPE)
llama_graph_n_input_tensors: input tensor '                         inp_pos' [i32, ne = {     1,     1,     1,     1 }] is used by node 'Qcur-2' (ROPE)
llama_graph_n_input_tensors: input tensor '                         inp_pos' [i32, ne = {     1,     1,     1,     1 }] is used by node 'Kcur-2' (ROPE)
llama_graph_n_input_tensors: input tensor '                         inp_pos' [i32, ne = {     1,     1,     1,     1 }] is used by node 'Qcur-3' (ROPE)
llama_graph_n_input_tensors: input tensor '                         inp_pos' [i32, ne = {     1,     1,     1,     1 }] is used by node 'Kcur-3' (ROPE)
llama_graph_n_input_tensors: input tensor '                         inp_pos' [i32, ne = {     1,     1,     1,     1 }] is used by node 'Qcur-4' (ROPE)
llama_graph_n_input_tensors: input tensor '                         inp_pos' [i32, ne = {     1,     1,     1,     1 }] is used by node 'Kcur-4' (ROPE)
llama_graph_n_input_tensors: input tensor '                         inp_pos' [i32, ne = {     1,     1,     1,     1 }] is used by node 'Qcur-5' (ROPE)
llama_graph_n_input_tensors: input tensor '                         inp_pos' [i32, ne = {     1,     1,     1,     1 }] is used by node 'Kcur-5' (ROPE)
llama_graph_n_input_tensors: input tensor '                         inp_pos' [i32, ne = {     1,     1,     1,     1 }] is used by node 'Qcur-6' (ROPE)
llama_graph_n_input_tensors: input tensor '                         inp_pos' [i32, ne = {     1,     1,     1,     1 }] is used by node 'Kcur-6' (ROPE)
llama_graph_n_input_tensors: input tensor '                         inp_pos' [i32, ne = {     1,     1,     1,     1 }] is used by node 'Qcur-7' (ROPE)
llama_graph_n_input_tensors: input tensor '                         inp_pos' [i32, ne = {     1,     1,     1,     1 }] is used by node 'Kcur-7' (ROPE)
llama_graph_n_input_tensors: input tensor '                         inp_pos' [i32, ne = {     1,     1,     1,     1 }] is used by node 'Qcur-8' (ROPE)
llama_graph_n_input_tensors: input tensor '                         inp_pos' [i32, ne = {     1,     1,     1,     1 }] is used by node 'Kcur-8' (ROPE)
llama_graph_n_input_tensors: input tensor '                         inp_pos' [i32, ne = {     1,     1,     1,     1 }] is used by node 'Qcur-9' (ROPE)
llama_graph_n_input_tensors: input tensor '                         inp_pos' [i32, ne = {     1,     1,     1,     1 }] is used by node 'Kcur-9' (ROPE)
llama_graph_n_input_tensors: input tensor '                         inp_pos' [i32, ne = {     1,     1,     1,     1 }] is used by node 'Qcur-10' (ROPE)
llama_graph_n_input_tensors: input tensor '                         inp_pos' [i32, ne = {     1,     1,     1,     1 }] is used by node 'Kcur-10' (ROPE)
llama_graph_n_input_tensors: input tensor '                         inp_pos' [i32, ne = {     1,     1,     1,     1 }] is used by node 'Qcur-11' (ROPE)
llama_graph_n_input_tensors: input tensor '                         inp_pos' [i32, ne = {     1,     1,     1,     1 }] is used by node 'Kcur-11' (ROPE)
llama_graph_n_input_tensors: input tensor '                         inp_pos' [i32, ne = {     1,     1,     1,     1 }] is used by node 'Qcur-12' (ROPE)
llama_graph_n_input_tensors: input tensor '                         inp_pos' [i32, ne = {     1,     1,     1,     1 }] is used by node 'Kcur-12' (ROPE)
llama_graph_n_input_tensors: input tensor '                         inp_pos' [i32, ne = {     1,     1,     1,     1 }] is used by node 'Qcur-13' (ROPE)
llama_graph_n_input_tensors: input tensor '                         inp_pos' [i32, ne = {     1,     1,     1,     1 }] is used by node 'Kcur-13' (ROPE)
llama_graph_n_input_tensors: input tensor '                         inp_pos' [i32, ne = {     1,     1,     1,     1 }] is used by node 'Qcur-14' (ROPE)
llama_graph_n_input_tensors: input tensor '                         inp_pos' [i32, ne = {     1,     1,     1,     1 }] is used by node 'Kcur-14' (ROPE)
llama_graph_n_input_tensors: input tensor '                         inp_pos' [i32, ne = {     1,     1,     1,     1 }] is used by node 'Qcur-15' (ROPE)
llama_graph_n_input_tensors: input tensor '                         inp_pos' [i32, ne = {     1,     1,     1,     1 }] is used by node 'Kcur-15' (ROPE)
llama_graph_n_input_tensors: input tensor '                         inp_pos' [i32, ne = {     1,     1,     1,     1 }] is used by node 'Qcur-16' (ROPE)
llama_graph_n_input_tensors: input tensor '                         inp_pos' [i32, ne = {     1,     1,     1,     1 }] is used by node 'Kcur-16' (ROPE)
llama_graph_n_input_tensors: input tensor '                         inp_pos' [i32, ne = {     1,     1,     1,     1 }] is used by node 'Qcur-17' (ROPE)
llama_graph_n_input_tensors: input tensor '                         inp_pos' [i32, ne = {     1,     1,     1,     1 }] is used by node 'Kcur-17' (ROPE)
llama_graph_n_input_tensors: input tensor '                         inp_pos' [i32, ne = {     1,     1,     1,     1 }] is used by node 'Qcur-18' (ROPE)
llama_graph_n_input_tensors: input tensor '                         inp_pos' [i32, ne = {     1,     1,     1,     1 }] is used by node 'Kcur-18' (ROPE)
llama_graph_n_input_tensors: input tensor '                         inp_pos' [i32, ne = {     1,     1,     1,     1 }] is used by node 'Qcur-19' (ROPE)
llama_graph_n_input_tensors: input tensor '                         inp_pos' [i32, ne = {     1,     1,     1,     1 }] is used by node 'Kcur-19' (ROPE)
llama_graph_n_input_tensors: input tensor '                         inp_pos' [i32, ne = {     1,     1,     1,     1 }] is used by node 'Qcur-20' (ROPE)
llama_graph_n_input_tensors: input tensor '                         inp_pos' [i32, ne = {     1,     1,     1,     1 }] is used by node 'Kcur-20' (ROPE)
llama_graph_n_input_tensors: input tensor '                         inp_pos' [i32, ne = {     1,     1,     1,     1 }] is used by node 'Qcur-21' (ROPE)
llama_graph_n_input_tensors: input tensor '                         inp_pos' [i32, ne = {     1,     1,     1,     1 }] is used by node 'Kcur-21' (ROPE)
llama_graph_n_input_tensors: input tensor '                         inp_pos' [i32, ne = {     1,     1,     1,     1 }] is used by node 'Qcur-22' (ROPE)
llama_graph_n_input_tensors: input tensor '                         inp_pos' [i32, ne = {     1,     1,     1,     1 }] is used by node 'Kcur-22' (ROPE)
llama_graph_n_input_tensors: input tensor '                         inp_pos' [i32, ne = {     1,     1,     1,     1 }] is used by node 'Qcur-23' (ROPE)
llama_graph_n_input_tensors: input tensor '                         inp_pos' [i32, ne = {     1,     1,     1,     1 }] is used by node 'Kcur-23' (ROPE)
llama_graph_n_input_tensors: input tensor '                         inp_pos' [i32, ne = {     1,     1,     1,     1 }] is used by node 'Qcur-24' (ROPE)
llama_graph_n_input_tensors: input tensor '                         inp_pos' [i32, ne = {     1,     1,     1,     1 }] is used by node 'Kcur-24' (ROPE)
llama_graph_n_input_tensors: input tensor '                         inp_pos' [i32, ne = {     1,     1,     1,     1 }] is used by node 'Qcur-25' (ROPE)
llama_graph_n_input_tensors: input tensor '                         inp_pos' [i32, ne = {     1,     1,     1,     1 }] is used by node 'Kcur-25' (ROPE)
llama_graph_n_input_tensors: input tensor '                         inp_pos' [i32, ne = {     1,     1,     1,     1 }] is used by node 'Qcur-26' (ROPE)
llama_graph_n_input_tensors: input tensor '                         inp_pos' [i32, ne = {     1,     1,     1,     1 }] is used by node 'Kcur-26' (ROPE)
llama_graph_n_input_tensors: input tensor '                         inp_pos' [i32, ne = {     1,     1,     1,     1 }] is used by node 'Qcur-27' (ROPE)
llama_graph_n_input_tensors: input tensor '                         inp_pos' [i32, ne = {     1,     1,     1,     1 }] is used by node 'Kcur-27' (ROPE)
resolve_fused_ops: fused DeepSeek V4 HC post enabled
graph_reserve: reserving a graph for ubatch with n_tokens =  512, n_seqs =  1, n_outputs =  512
llama_graph_n_input_tensors: input tensor '                      inp_tokens' [i32, ne = {   512,     1,     1,     1 }] is used by node 'embd' (GET_ROWS)
llama_graph_n_input_tensors: input tensor '                attn_inp_kq_mask' [f16, ne = {  4096,   512,     1,     1 }] is used by node 'node_25' (FLASH_ATTN_EXT)
llama_graph_n_input_tensors: input tensor '                attn_inp_kq_mask' [f16, ne = {  4096,   512,     1,     1 }] is used by node 'node_60' (FLASH_ATTN_EXT)
llama_graph_n_input_tensors: input tensor '                attn_inp_kq_mask' [f16, ne = {  4096,   512,     1,     1 }] is used by node 'node_95' (FLASH_ATTN_EXT)
llama_graph_n_input_tensors: input tensor '                attn_inp_kq_mask' [f16, ne = {  4096,   512,     1,     1 }] is used by node 'node_130' (FLASH_ATTN_EXT)
llama_graph_n_input_tensors: input tensor '                attn_inp_kq_mask' [f16, ne = {  4096,   512,     1,     1 }] is used by node 'node_165' (FLASH_ATTN_EXT)
llama_graph_n_input_tensors: input tensor '                attn_inp_kq_mask' [f16, ne = {  4096,   512,     1,     1 }] is used by node 'node_200' (FLASH_ATTN_EXT)
llama_graph_n_input_tensors: input tensor '                attn_inp_kq_mask' [f16, ne = {  4096,   512,     1,     1 }] is used by node 'node_235' (FLASH_ATTN_EXT)
llama_graph_n_input_tensors: input tensor '                attn_inp_kq_mask' [f16, ne = {  4096,   512,     1,     1 }] is used by node 'node_270' (FLASH_ATTN_EXT)
llama_graph_n_input_tensors: input tensor '                attn_inp_kq_mask' [f16, ne = {  4096,   512,     1,     1 }] is used by node 'node_305' (FLASH_ATTN_EXT)
llama_graph_n_input_tensors: input tensor '                attn_inp_kq_mask' [f16, ne = {  4096,   512,     1,     1 }] is used by node 'node_340' (FLASH_ATTN_EXT)
llama_graph_n_input_tensors: input tensor '                attn_inp_kq_mask' [f16, ne = {  4096,   512,     1,     1 }] is used by node 'node_375' (FLASH_ATTN_EXT)
llama_graph_n_input_tensors: input tensor '                attn_inp_kq_mask' [f16, ne = {  4096,   512,     1,     1 }] is used by node 'node_410' (FLASH_ATTN_EXT)
llama_graph_n_input_tensors: input tensor '                attn_inp_kq_mask' [f16, ne = {  4096,   512,     1,     1 }] is used by node 'node_445' (FLASH_ATTN_EXT)
llama_graph_n_input_tensors: input tensor '                attn_inp_kq_mask' [f16, ne = {  4096,   512,     1,     1 }] is used by node 'node_480' (FLASH_ATTN_EXT)
llama_graph_n_input_tensors: input tensor '                attn_inp_kq_mask' [f16, ne = {  4096,   512,     1,     1 }] is used by node 'node_515' (FLASH_ATTN_EXT)
llama_graph_n_input_tensors: input tensor '                attn_inp_kq_mask' [f16, ne = {  4096,   512,     1,     1 }] is used by node 'node_550' (FLASH_ATTN_EXT)
llama_graph_n_input_tensors: input tensor '                attn_inp_kq_mask' [f16, ne = {  4096,   512,     1,     1 }] is used by node 'node_585' (FLASH_ATTN_EXT)
llama_graph_n_input_tensors: input tensor '                attn_inp_kq_mask' [f16, ne = {  4096,   512,     1,     1 }] is used by node 'node_620' (FLASH_ATTN_EXT)
llama_graph_n_input_tensors: input tensor '                attn_inp_kq_mask' [f16, ne = {  4096,   512,     1,     1 }] is used by node 'node_655' (FLASH_ATTN_EXT)
llama_graph_n_input_tensors: input tensor '                attn_inp_kq_mask' [f16, ne = {  4096,   512,     1,     1 }] is used by node 'node_690' (FLASH_ATTN_EXT)
llama_graph_n_input_tensors: input tensor '                attn_inp_kq_mask' [f16, ne = {  4096,   512,     1,     1 }] is used by node 'node_725' (FLASH_ATTN_EXT)
llama_graph_n_input_tensors: input tensor '                attn_inp_kq_mask' [f16, ne = {  4096,   512,     1,     1 }] is used by node 'node_760' (FLASH_ATTN_EXT)
llama_graph_n_input_tensors: input tensor '                attn_inp_kq_mask' [f16, ne = {  4096,   512,     1,     1 }] is used by node 'node_795' (FLASH_ATTN_EXT)
llama_graph_n_input_tensors: input tensor '                attn_inp_kq_mask' [f16, ne = {  4096,   512,     1,     1 }] is used by node 'node_830' (FLASH_ATTN_EXT)
llama_graph_n_input_tensors: input tensor '                attn_inp_kq_mask' [f16, ne = {  4096,   512,     1,     1 }] is used by node 'node_865' (FLASH_ATTN_EXT)
llama_graph_n_input_tensors: input tensor '                attn_inp_kq_mask' [f16, ne = {  4096,   512,     1,     1 }] is used by node 'node_900' (FLASH_ATTN_EXT)
llama_graph_n_input_tensors: input tensor '                attn_inp_kq_mask' [f16, ne = {  4096,   512,     1,     1 }] is used by node 'node_935' (FLASH_ATTN_EXT)
llama_graph_n_input_tensors: input tensor '                attn_inp_kq_mask' [f16, ne = {  4096,   512,     1,     1 }] is used by node 'node_970' (FLASH_ATTN_EXT)
llama_graph_n_input_tensors: input tensor '                         out_ids' [i32, ne = {   512,     1,     1,     1 }] is used by node 'node_973' (GET_ROWS)
llama_graph_n_input_tensors: input tensor '                         out_ids' [i32, ne = {   512,     1,     1,     1 }] is used by node 'node_974' (GET_ROWS)
llama_graph_n_input_tensors: input tensor '                 attn_inp_v_idxs' [i64, ne = {   512,     1,     1,     1 }] is used by node 'cache_v_l0 (view)' (SET_ROWS)
llama_graph_n_input_tensors: input tensor '                 attn_inp_v_idxs' [i64, ne = {   512,     1,     1,     1 }] is used by node 'cache_v_l1 (view)' (SET_ROWS)
llama_graph_n_input_tensors: input tensor '                 attn_inp_v_idxs' [i64, ne = {   512,     1,     1,     1 }] is used by node 'cache_v_l2 (view)' (SET_ROWS)
llama_graph_n_input_tensors: input tensor '                 attn_inp_v_idxs' [i64, ne = {   512,     1,     1,     1 }] is used by node 'cache_v_l3 (view)' (SET_ROWS)
llama_graph_n_input_tensors: input tensor '                 attn_inp_v_idxs' [i64, ne = {   512,     1,     1,     1 }] is used by node 'cache_v_l4 (view)' (SET_ROWS)
llama_graph_n_input_tensors: input tensor '                 attn_inp_v_idxs' [i64, ne = {   512,     1,     1,     1 }] is used by node 'cache_v_l5 (view)' (SET_ROWS)
llama_graph_n_input_tensors: input tensor '                 attn_inp_v_idxs' [i64, ne = {   512,     1,     1,     1 }] is used by node 'cache_v_l6 (view)' (SET_ROWS)
llama_graph_n_input_tensors: input tensor '                 attn_inp_v_idxs' [i64, ne = {   512,     1,     1,     1 }] is used by node 'cache_v_l7 (view)' (SET_ROWS)
llama_graph_n_input_tensors: input tensor '                 attn_inp_v_idxs' [i64, ne = {   512,     1,     1,     1 }] is used by node 'cache_v_l8 (view)' (SET_ROWS)
llama_graph_n_input_tensors: input tensor '                 attn_inp_v_idxs' [i64, ne = {   512,     1,     1,     1 }] is used by node 'cache_v_l9 (view)' (SET_ROWS)
llama_graph_n_input_tensors: input tensor '                 attn_inp_v_idxs' [i64, ne = {   512,     1,     1,     1 }] is used by node 'cache_v_l10 (view)' (SET_ROWS)
llama_graph_n_input_tensors: input tensor '                 attn_inp_v_idxs' [i64, ne = {   512,     1,     1,     1 }] is used by node 'cache_v_l11 (view)' (SET_ROWS)
llama_graph_n_input_tensors: input tensor '                 attn_inp_v_idxs' [i64, ne = {   512,     1,     1,     1 }] is used by node 'cache_v_l12 (view)' (SET_ROWS)
llama_graph_n_input_tensors: input tensor '                 attn_inp_v_idxs' [i64, ne = {   512,     1,     1,     1 }] is used by node 'cache_v_l13 (view)' (SET_ROWS)
llama_graph_n_input_tensors: input tensor '                 attn_inp_v_idxs' [i64, ne = {   512,     1,     1,     1 }] is used by node 'cache_v_l14 (view)' (SET_ROWS)
llama_graph_n_input_tensors: input tensor '                 attn_inp_v_idxs' [i64, ne = {   512,     1,     1,     1 }] is used by node 'cache_v_l15 (view)' (SET_ROWS)
llama_graph_n_input_tensors: input tensor '                 attn_inp_v_idxs' [i64, ne = {   512,     1,     1,     1 }] is used by node 'cache_v_l16 (view)' (SET_ROWS)
llama_graph_n_input_tensors: input tensor '                 attn_inp_v_idxs' [i64, ne = {   512,     1,     1,     1 }] is used by node 'cache_v_l17 (view)' (SET_ROWS)
llama_graph_n_input_tensors: input tensor '                 attn_inp_v_idxs' [i64, ne = {   512,     1,     1,     1 }] is used by node 'cache_v_l18 (view)' (SET_ROWS)
llama_graph_n_input_tensors: input tensor '                 attn_inp_v_idxs' [i64, ne = {   512,     1,     1,     1 }] is used by node 'cache_v_l19 (view)' (SET_ROWS)
llama_graph_n_input_tensors: input tensor '                 attn_inp_v_idxs' [i64, ne = {   512,     1,     1,     1 }] is used by node 'cache_v_l20 (view)' (SET_ROWS)
llama_graph_n_input_tensors: input tensor '                 attn_inp_v_idxs' [i64, ne = {   512,     1,     1,     1 }] is used by node 'cache_v_l21 (view)' (SET_ROWS)
llama_graph_n_input_tensors: input tensor '                 attn_inp_v_idxs' [i64, ne = {   512,     1,     1,     1 }] is used by node 'cache_v_l22 (view)' (SET_ROWS)
llama_graph_n_input_tensors: input tensor '                 attn_inp_v_idxs' [i64, ne = {   512,     1,     1,     1 }] is used by node 'cache_v_l23 (view)' (SET_ROWS)
llama_graph_n_input_tensors: input tensor '                 attn_inp_v_idxs' [i64, ne = {   512,     1,     1,     1 }] is used by node 'cache_v_l24 (view)' (SET_ROWS)
llama_graph_n_input_tensors: input tensor '                 attn_inp_v_idxs' [i64, ne = {   512,     1,     1,     1 }] is used by node 'cache_v_l25 (view)' (SET_ROWS)
llama_graph_n_input_tensors: input tensor '                 attn_inp_v_idxs' [i64, ne = {   512,     1,     1,     1 }] is used by node 'cache_v_l26 (view)' (SET_ROWS)
llama_graph_n_input_tensors: input tensor '                 attn_inp_v_idxs' [i64, ne = {   512,     1,     1,     1 }] is used by node 'cache_v_l27 (view)' (SET_ROWS)
llama_graph_n_input_tensors: input tensor '                 attn_inp_k_idxs' [i64, ne = {   512,     1,     1,     1 }] is used by node 'cache_k_l0 (view)' (SET_ROWS)
llama_graph_n_input_tensors: input tensor '                 attn_inp_k_idxs' [i64, ne = {   512,     1,     1,     1 }] is used by node 'cache_k_l1 (view)' (SET_ROWS)
llama_graph_n_input_tensors: input tensor '                 attn_inp_k_idxs' [i64, ne = {   512,     1,     1,     1 }] is used by node 'cache_k_l2 (view)' (SET_ROWS)
llama_graph_n_input_tensors: input tensor '                 attn_inp_k_idxs' [i64, ne = {   512,     1,     1,     1 }] is used by node 'cache_k_l3 (view)' (SET_ROWS)
llama_graph_n_input_tensors: input tensor '                 attn_inp_k_idxs' [i64, ne = {   512,     1,     1,     1 }] is used by node 'cache_k_l4 (view)' (SET_ROWS)
llama_graph_n_input_tensors: input tensor '                 attn_inp_k_idxs' [i64, ne = {   512,     1,     1,     1 }] is used by node 'cache_k_l5 (view)' (SET_ROWS)
llama_graph_n_input_tensors: input tensor '                 attn_inp_k_idxs' [i64, ne = {   512,     1,     1,     1 }] is used by node 'cache_k_l6 (view)' (SET_ROWS)
llama_graph_n_input_tensors: input tensor '                 attn_inp_k_idxs' [i64, ne = {   512,     1,     1,     1 }] is used by node 'cache_k_l7 (view)' (SET_ROWS)
llama_graph_n_input_tensors: input tensor '                 attn_inp_k_idxs' [i64, ne = {   512,     1,     1,     1 }] is used by node 'cache_k_l8 (view)' (SET_ROWS)
llama_graph_n_input_tensors: input tensor '                 attn_inp_k_idxs' [i64, ne = {   512,     1,     1,     1 }] is used by node 'cache_k_l9 (view)' (SET_ROWS)
llama_graph_n_input_tensors: input tensor '                 attn_inp_k_idxs' [i64, ne = {   512,     1,     1,     1 }] is used by node 'cache_k_l10 (view)' (SET_ROWS)
llama_graph_n_input_tensors: input tensor '                 attn_inp_k_idxs' [i64, ne = {   512,     1,     1,     1 }] is used by node 'cache_k_l11 (view)' (SET_ROWS)
llama_graph_n_input_tensors: input tensor '                 attn_inp_k_idxs' [i64, ne = {   512,     1,     1,     1 }] is used by node 'cache_k_l12 (view)' (SET_ROWS)
llama_graph_n_input_tensors: input tensor '                 attn_inp_k_idxs' [i64, ne = {   512,     1,     1,     1 }] is used by node 'cache_k_l13 (view)' (SET_ROWS)
llama_graph_n_input_tensors: input tensor '                 attn_inp_k_idxs' [i64, ne = {   512,     1,     1,     1 }] is used by node 'cache_k_l14 (view)' (SET_ROWS)
llama_graph_n_input_tensors: input tensor '                 attn_inp_k_idxs' [i64, ne = {   512,     1,     1,     1 }] is used by node 'cache_k_l15 (view)' (SET_ROWS)
llama_graph_n_input_tensors: input tensor '                 attn_inp_k_idxs' [i64, ne = {   512,     1,     1,     1 }] is used by node 'cache_k_l16 (view)' (SET_ROWS)
llama_graph_n_input_tensors: input tensor '                 attn_inp_k_idxs' [i64, ne = {   512,     1,     1,     1 }] is used by node 'cache_k_l17 (view)' (SET_ROWS)
llama_graph_n_input_tensors: input tensor '                 attn_inp_k_idxs' [i64, ne = {   512,     1,     1,     1 }] is used by node 'cache_k_l18 (view)' (SET_ROWS)
llama_graph_n_input_tensors: input tensor '                 attn_inp_k_idxs' [i64, ne = {   512,     1,     1,     1 }] is used by node 'cache_k_l19 (view)' (SET_ROWS)
llama_graph_n_input_tensors: input tensor '                 attn_inp_k_idxs' [i64, ne = {   512,     1,     1,     1 }] is used by node 'cache_k_l20 (view)' (SET_ROWS)
llama_graph_n_input_tensors: input tensor '                 attn_inp_k_idxs' [i64, ne = {   512,     1,     1,     1 }] is used by node 'cache_k_l21 (view)' (SET_ROWS)
llama_graph_n_input_tensors: input tensor '                 attn_inp_k_idxs' [i64, ne = {   512,     1,     1,     1 }] is used by node 'cache_k_l22 (view)' (SET_ROWS)
llama_graph_n_input_tensors: input tensor '                 attn_inp_k_idxs' [i64, ne = {   512,     1,     1,     1 }] is used by node 'cache_k_l23 (view)' (SET_ROWS)
llama_graph_n_input_tensors: input tensor '                 attn_inp_k_idxs' [i64, ne = {   512,     1,     1,     1 }] is used by node 'cache_k_l24 (view)' (SET_ROWS)
llama_graph_n_input_tensors: input tensor '                 attn_inp_k_idxs' [i64, ne = {   512,     1,     1,     1 }] is used by node 'cache_k_l25 (view)' (SET_ROWS)
llama_graph_n_input_tensors: input tensor '                 attn_inp_k_idxs' [i64, ne = {   512,     1,     1,     1 }] is used by node 'cache_k_l26 (view)' (SET_ROWS)
llama_graph_n_input_tensors: input tensor '                 attn_inp_k_idxs' [i64, ne = {   512,     1,     1,     1 }] is used by node 'cache_k_l27 (view)' (SET_ROWS)
llama_graph_n_input_tensors: input tensor '                         inp_pos' [i32, ne = {   512,     1,     1,     1 }] is used by node 'Qcur-0' (ROPE)
llama_graph_n_input_tensors: input tensor '                         inp_pos' [i32, ne = {   512,     1,     1,     1 }] is used by node 'Kcur-0' (ROPE)
llama_graph_n_input_tensors: input tensor '                         inp_pos' [i32, ne = {   512,     1,     1,     1 }] is used by node 'Qcur-1' (ROPE)
llama_graph_n_input_tensors: input tensor '                         inp_pos' [i32, ne = {   512,     1,     1,     1 }] is used by node 'Kcur-1' (ROPE)
llama_graph_n_input_tensors: input tensor '                         inp_pos' [i32, ne = {   512,     1,     1,     1 }] is used by node 'Qcur-2' (ROPE)
llama_graph_n_input_tensors: input tensor '                         inp_pos' [i32, ne = {   512,     1,     1,     1 }] is used by node 'Kcur-2' (ROPE)
llama_graph_n_input_tensors: input tensor '                         inp_pos' [i32, ne = {   512,     1,     1,     1 }] is used by node 'Qcur-3' (ROPE)
llama_graph_n_input_tensors: input tensor '                         inp_pos' [i32, ne = {   512,     1,     1,     1 }] is used by node 'Kcur-3' (ROPE)
llama_graph_n_input_tensors: input tensor '                         inp_pos' [i32, ne = {   512,     1,     1,     1 }] is used by node 'Qcur-4' (ROPE)
llama_graph_n_input_tensors: input tensor '                         inp_pos' [i32, ne = {   512,     1,     1,     1 }] is used by node 'Kcur-4' (ROPE)
llama_graph_n_input_tensors: input tensor '                         inp_pos' [i32, ne = {   512,     1,     1,     1 }] is used by node 'Qcur-5' (ROPE)
llama_graph_n_input_tensors: input tensor '                         inp_pos' [i32, ne = {   512,     1,     1,     1 }] is used by node 'Kcur-5' (ROPE)
llama_graph_n_input_tensors: input tensor '                         inp_pos' [i32, ne = {   512,     1,     1,     1 }] is used by node 'Qcur-6' (ROPE)
llama_graph_n_input_tensors: input tensor '                         inp_pos' [i32, ne = {   512,     1,     1,     1 }] is used by node 'Kcur-6' (ROPE)
llama_graph_n_input_tensors: input tensor '                         inp_pos' [i32, ne = {   512,     1,     1,     1 }] is used by node 'Qcur-7' (ROPE)
llama_graph_n_input_tensors: input tensor '                         inp_pos' [i32, ne = {   512,     1,     1,     1 }] is used by node 'Kcur-7' (ROPE)
llama_graph_n_input_tensors: input tensor '                         inp_pos' [i32, ne = {   512,     1,     1,     1 }] is used by node 'Qcur-8' (ROPE)
llama_graph_n_input_tensors: input tensor '                         inp_pos' [i32, ne = {   512,     1,     1,     1 }] is used by node 'Kcur-8' (ROPE)
llama_graph_n_input_tensors: input tensor '                         inp_pos' [i32, ne = {   512,     1,     1,     1 }] is used by node 'Qcur-9' (ROPE)
llama_graph_n_input_tensors: input tensor '                         inp_pos' [i32, ne = {   512,     1,     1,     1 }] is used by node 'Kcur-9' (ROPE)
llama_graph_n_input_tensors: input tensor '                         inp_pos' [i32, ne = {   512,     1,     1,     1 }] is used by node 'Qcur-10' (ROPE)
llama_graph_n_input_tensors: input tensor '                         inp_pos' [i32, ne = {   512,     1,     1,     1 }] is used by node 'Kcur-10' (ROPE)
llama_graph_n_input_tensors: input tensor '                         inp_pos' [i32, ne = {   512,     1,     1,     1 }] is used by node 'Qcur-11' (ROPE)
llama_graph_n_input_tensors: input tensor '                         inp_pos' [i32, ne = {   512,     1,     1,     1 }] is used by node 'Kcur-11' (ROPE)
llama_graph_n_input_tensors: input tensor '                         inp_pos' [i32, ne = {   512,     1,     1,     1 }] is used by node 'Qcur-12' (ROPE)
llama_graph_n_input_tensors: input tensor '                         inp_pos' [i32, ne = {   512,     1,     1,     1 }] is used by node 'Kcur-12' (ROPE)
llama_graph_n_input_tensors: input tensor '                         inp_pos' [i32, ne = {   512,     1,     1,     1 }] is used by node 'Qcur-13' (ROPE)
llama_graph_n_input_tensors: input tensor '                         inp_pos' [i32, ne = {   512,     1,     1,     1 }] is used by node 'Kcur-13' (ROPE)
llama_graph_n_input_tensors: input tensor '                         inp_pos' [i32, ne = {   512,     1,     1,     1 }] is used by node 'Qcur-14' (ROPE)
llama_graph_n_input_tensors: input tensor '                         inp_pos' [i32, ne = {   512,     1,     1,     1 }] is used by node 'Kcur-14' (ROPE)
llama_graph_n_input_tensors: input tensor '                         inp_pos' [i32, ne = {   512,     1,     1,     1 }] is used by node 'Qcur-15' (ROPE)
llama_graph_n_input_tensors: input tensor '                         inp_pos' [i32, ne = {   512,     1,     1,     1 }] is used by node 'Kcur-15' (ROPE)
llama_graph_n_input_tensors: input tensor '                         inp_pos' [i32, ne = {   512,     1,     1,     1 }] is used by node 'Qcur-16' (ROPE)
llama_graph_n_input_tensors: input tensor '                         inp_pos' [i32, ne = {   512,     1,     1,     1 }] is used by node 'Kcur-16' (ROPE)
llama_graph_n_input_tensors: input tensor '                         inp_pos' [i32, ne = {   512,     1,     1,     1 }] is used by node 'Qcur-17' (ROPE)
llama_graph_n_input_tensors: input tensor '                         inp_pos' [i32, ne = {   512,     1,     1,     1 }] is used by node 'Kcur-17' (ROPE)
llama_graph_n_input_tensors: input tensor '                         inp_pos' [i32, ne = {   512,     1,     1,     1 }] is used by node 'Qcur-18' (ROPE)
llama_graph_n_input_tensors: input tensor '                         inp_pos' [i32, ne = {   512,     1,     1,     1 }] is used by node 'Kcur-18' (ROPE)
llama_graph_n_input_tensors: input tensor '                         inp_pos' [i32, ne = {   512,     1,     1,     1 }] is used by node 'Qcur-19' (ROPE)
llama_graph_n_input_tensors: input tensor '                         inp_pos' [i32, ne = {   512,     1,     1,     1 }] is used by node 'Kcur-19' (ROPE)
llama_graph_n_input_tensors: input tensor '                         inp_pos' [i32, ne = {   512,     1,     1,     1 }] is used by node 'Qcur-20' (ROPE)
llama_graph_n_input_tensors: input tensor '                         inp_pos' [i32, ne = {   512,     1,     1,     1 }] is used by node 'Kcur-20' (ROPE)
llama_graph_n_input_tensors: input tensor '                         inp_pos' [i32, ne = {   512,     1,     1,     1 }] is used by node 'Qcur-21' (ROPE)
llama_graph_n_input_tensors: input tensor '                         inp_pos' [i32, ne = {   512,     1,     1,     1 }] is used by node 'Kcur-21' (ROPE)
llama_graph_n_input_tensors: input tensor '                         inp_pos' [i32, ne = {   512,     1,     1,     1 }] is used by node 'Qcur-22' (ROPE)
llama_graph_n_input_tensors: input tensor '                         inp_pos' [i32, ne = {   512,     1,     1,     1 }] is used by node 'Kcur-22' (ROPE)
llama_graph_n_input_tensors: input tensor '                         inp_pos' [i32, ne = {   512,     1,     1,     1 }] is used by node 'Qcur-23' (ROPE)
llama_graph_n_input_tensors: input tensor '                         inp_pos' [i32, ne = {   512,     1,     1,     1 }] is used by node 'Kcur-23' (ROPE)
llama_graph_n_input_tensors: input tensor '                         inp_pos' [i32, ne = {   512,     1,     1,     1 }] is used by node 'Qcur-24' (ROPE)
llama_graph_n_input_tensors: input tensor '                         inp_pos' [i32, ne = {   512,     1,     1,     1 }] is used by node 'Kcur-24' (ROPE)
llama_graph_n_input_tensors: input tensor '                         inp_pos' [i32, ne = {   512,     1,     1,     1 }] is used by node 'Qcur-25' (ROPE)
llama_graph_n_input_tensors: input tensor '                         inp_pos' [i32, ne = {   512,     1,     1,     1 }] is used by node 'Kcur-25' (ROPE)
llama_graph_n_input_tensors: input tensor '                         inp_pos' [i32, ne = {   512,     1,     1,     1 }] is used by node 'Qcur-26' (ROPE)
llama_graph_n_input_tensors: input tensor '                         inp_pos' [i32, ne = {   512,     1,     1,     1 }] is used by node 'Kcur-26' (ROPE)
llama_graph_n_input_tensors: input tensor '                         inp_pos' [i32, ne = {   512,     1,     1,     1 }] is used by node 'Qcur-27' (ROPE)
llama_graph_n_input_tensors: input tensor '                         inp_pos' [i32, ne = {   512,     1,     1,     1 }] is used by node 'Kcur-27' (ROPE)
graph_reserve: reserving a graph for ubatch with n_tokens =    1, n_seqs =  1, n_outputs =    1
llama_graph_n_input_tensors: input tensor '                      inp_tokens' [i32, ne = {     1,     1,     1,     1 }] is used by node 'embd' (GET_ROWS)
llama_graph_n_input_tensors: input tensor '                attn_inp_kq_mask' [f16, ne = {  4096,     1,     1,     1 }] is used by node 'node_25' (FLASH_ATTN_EXT)
llama_graph_n_input_tensors: input tensor '                attn_inp_kq_mask' [f16, ne = {  4096,     1,     1,     1 }] is used by node 'node_60' (FLASH_ATTN_EXT)
llama_graph_n_input_tensors: input tensor '                attn_inp_kq_mask' [f16, ne = {  4096,     1,     1,     1 }] is used by node 'node_95' (FLASH_ATTN_EXT)
llama_graph_n_input_tensors: input tensor '                attn_inp_kq_mask' [f16, ne = {  4096,     1,     1,     1 }] is used by node 'node_130' (FLASH_ATTN_EXT)
llama_graph_n_input_tensors: input tensor '                attn_inp_kq_mask' [f16, ne = {  4096,     1,     1,     1 }] is used by node 'node_165' (FLASH_ATTN_EXT)
llama_graph_n_input_tensors: input tensor '                attn_inp_kq_mask' [f16, ne = {  4096,     1,     1,     1 }] is used by node 'node_200' (FLASH_ATTN_EXT)
llama_graph_n_input_tensors: input tensor '                attn_inp_kq_mask' [f16, ne = {  4096,     1,     1,     1 }] is used by node 'node_235' (FLASH_ATTN_EXT)
llama_graph_n_input_tensors: input tensor '                attn_inp_kq_mask' [f16, ne = {  4096,     1,     1,     1 }] is used by node 'node_270' (FLASH_ATTN_EXT)
llama_graph_n_input_tensors: input tensor '                attn_inp_kq_mask' [f16, ne = {  4096,     1,     1,     1 }] is used by node 'node_305' (FLASH_ATTN_EXT)
llama_graph_n_input_tensors: input tensor '                attn_inp_kq_mask' [f16, ne = {  4096,     1,     1,     1 }] is used by node 'node_340' (FLASH_ATTN_EXT)
llama_graph_n_input_tensors: input tensor '                attn_inp_kq_mask' [f16, ne = {  4096,     1,     1,     1 }] is used by node 'node_375' (FLASH_ATTN_EXT)
llama_graph_n_input_tensors: input tensor '                attn_inp_kq_mask' [f16, ne = {  4096,     1,     1,     1 }] is used by node 'node_410' (FLASH_ATTN_EXT)
llama_graph_n_input_tensors: input tensor '                attn_inp_kq_mask' [f16, ne = {  4096,     1,     1,     1 }] is used by node 'node_445' (FLASH_ATTN_EXT)
llama_graph_n_input_tensors: input tensor '                attn_inp_kq_mask' [f16, ne = {  4096,     1,     1,     1 }] is used by node 'node_480' (FLASH_ATTN_EXT)
llama_graph_n_input_tensors: input tensor '                attn_inp_kq_mask' [f16, ne = {  4096,     1,     1,     1 }] is used by node 'node_515' (FLASH_ATTN_EXT)
llama_graph_n_input_tensors: input tensor '                attn_inp_kq_mask' [f16, ne = {  4096,     1,     1,     1 }] is used by node 'node_550' (FLASH_ATTN_EXT)
llama_graph_n_input_tensors: input tensor '                attn_inp_kq_mask' [f16, ne = {  4096,     1,     1,     1 }] is used by node 'node_585' (FLASH_ATTN_EXT)
llama_graph_n_input_tensors: input tensor '                attn_inp_kq_mask' [f16, ne = {  4096,     1,     1,     1 }] is used by node 'node_620' (FLASH_ATTN_EXT)
llama_graph_n_input_tensors: input tensor '                attn_inp_kq_mask' [f16, ne = {  4096,     1,     1,     1 }] is used by node 'node_655' (FLASH_ATTN_EXT)
llama_graph_n_input_tensors: input tensor '                attn_inp_kq_mask' [f16, ne = {  4096,     1,     1,     1 }] is used by node 'node_690' (FLASH_ATTN_EXT)
llama_graph_n_input_tensors: input tensor '                attn_inp_kq_mask' [f16, ne = {  4096,     1,     1,     1 }] is used by node 'node_725' (FLASH_ATTN_EXT)
llama_graph_n_input_tensors: input tensor '                attn_inp_kq_mask' [f16, ne = {  4096,     1,     1,     1 }] is used by node 'node_760' (FLASH_ATTN_EXT)
llama_graph_n_input_tensors: input tensor '                attn_inp_kq_mask' [f16, ne = {  4096,     1,     1,     1 }] is used by node 'node_795' (FLASH_ATTN_EXT)
llama_graph_n_input_tensors: input tensor '                attn_inp_kq_mask' [f16, ne = {  4096,     1,     1,     1 }] is used by node 'node_830' (FLASH_ATTN_EXT)
llama_graph_n_input_tensors: input tensor '                attn_inp_kq_mask' [f16, ne = {  4096,     1,     1,     1 }] is used by node 'node_865' (FLASH_ATTN_EXT)
llama_graph_n_input_tensors: input tensor '                attn_inp_kq_mask' [f16, ne = {  4096,     1,     1,     1 }] is used by node 'node_900' (FLASH_ATTN_EXT)
llama_graph_n_input_tensors: input tensor '                attn_inp_kq_mask' [f16, ne = {  4096,     1,     1,     1 }] is used by node 'node_935' (FLASH_ATTN_EXT)
llama_graph_n_input_tensors: input tensor '                attn_inp_kq_mask' [f16, ne = {  4096,     1,     1,     1 }] is used by node 'node_970' (FLASH_ATTN_EXT)
llama_graph_n_input_tensors: input tensor '                         out_ids' [i32, ne = {     1,     1,     1,     1 }] is used by node 'node_973' (GET_ROWS)
llama_graph_n_input_tensors: input tensor '                         out_ids' [i32, ne = {     1,     1,     1,     1 }] is used by node 'node_974' (GET_ROWS)
llama_graph_n_input_tensors: input tensor '                 attn_inp_v_idxs' [i64, ne = {     1,     1,     1,     1 }] is used by node 'cache_v_l0 (view)' (SET_ROWS)
llama_graph_n_input_tensors: input tensor '                 attn_inp_v_idxs' [i64, ne = {     1,     1,     1,     1 }] is used by node 'cache_v_l1 (view)' (SET_ROWS)
llama_graph_n_input_tensors: input tensor '                 attn_inp_v_idxs' [i64, ne = {     1,     1,     1,     1 }] is used by node 'cache_v_l2 (view)' (SET_ROWS)
llama_graph_n_input_tensors: input tensor '                 attn_inp_v_idxs' [i64, ne = {     1,     1,     1,     1 }] is used by node 'cache_v_l3 (view)' (SET_ROWS)
llama_graph_n_input_tensors: input tensor '                 attn_inp_v_idxs' [i64, ne = {     1,     1,     1,     1 }] is used by node 'cache_v_l4 (view)' (SET_ROWS)
llama_graph_n_input_tensors: input tensor '                 attn_inp_v_idxs' [i64, ne = {     1,     1,     1,     1 }] is used by node 'cache_v_l5 (view)' (SET_ROWS)
llama_graph_n_input_tensors: input tensor '                 attn_inp_v_idxs' [i64, ne = {     1,     1,     1,     1 }] is used by node 'cache_v_l6 (view)' (SET_ROWS)
llama_graph_n_input_tensors: input tensor '                 attn_inp_v_idxs' [i64, ne = {     1,     1,     1,     1 }] is used by node 'cache_v_l7 (view)' (SET_ROWS)
llama_graph_n_input_tensors: input tensor '                 attn_inp_v_idxs' [i64, ne = {     1,     1,     1,     1 }] is used by node 'cache_v_l8 (view)' (SET_ROWS)
llama_graph_n_input_tensors: input tensor '                 attn_inp_v_idxs' [i64, ne = {     1,     1,     1,     1 }] is used by node 'cache_v_l9 (view)' (SET_ROWS)
llama_graph_n_input_tensors: input tensor '                 attn_inp_v_idxs' [i64, ne = {     1,     1,     1,     1 }] is used by node 'cache_v_l10 (view)' (SET_ROWS)
llama_graph_n_input_tensors: input tensor '                 attn_inp_v_idxs' [i64, ne = {     1,     1,     1,     1 }] is used by node 'cache_v_l11 (view)' (SET_ROWS)
llama_graph_n_input_tensors: input tensor '                 attn_inp_v_idxs' [i64, ne = {     1,     1,     1,     1 }] is used by node 'cache_v_l12 (view)' (SET_ROWS)
llama_graph_n_input_tensors: input tensor '                 attn_inp_v_idxs' [i64, ne = {     1,     1,     1,     1 }] is used by node 'cache_v_l13 (view)' (SET_ROWS)
llama_graph_n_input_tensors: input tensor '                 attn_inp_v_idxs' [i64, ne = {     1,     1,     1,     1 }] is used by node 'cache_v_l14 (view)' (SET_ROWS)
llama_graph_n_input_tensors: input tensor '                 attn_inp_v_idxs' [i64, ne = {     1,     1,     1,     1 }] is used by node 'cache_v_l15 (view)' (SET_ROWS)
llama_graph_n_input_tensors: input tensor '                 attn_inp_v_idxs' [i64, ne = {     1,     1,     1,     1 }] is used by node 'cache_v_l16 (view)' (SET_ROWS)
llama_graph_n_input_tensors: input tensor '                 attn_inp_v_idxs' [i64, ne = {     1,     1,     1,     1 }] is used by node 'cache_v_l17 (view)' (SET_ROWS)
llama_graph_n_input_tensors: input tensor '                 attn_inp_v_idxs' [i64, ne = {     1,     1,     1,     1 }] is used by node 'cache_v_l18 (view)' (SET_ROWS)
llama_graph_n_input_tensors: input tensor '                 attn_inp_v_idxs' [i64, ne = {     1,     1,     1,     1 }] is used by node 'cache_v_l19 (view)' (SET_ROWS)
llama_graph_n_input_tensors: input tensor '                 attn_inp_v_idxs' [i64, ne = {     1,     1,     1,     1 }] is used by node 'cache_v_l20 (view)' (SET_ROWS)
llama_graph_n_input_tensors: input tensor '                 attn_inp_v_idxs' [i64, ne = {     1,     1,     1,     1 }] is used by node 'cache_v_l21 (view)' (SET_ROWS)
llama_graph_n_input_tensors: input tensor '                 attn_inp_v_idxs' [i64, ne = {     1,     1,     1,     1 }] is used by node 'cache_v_l22 (view)' (SET_ROWS)
llama_graph_n_input_tensors: input tensor '                 attn_inp_v_idxs' [i64, ne = {     1,     1,     1,     1 }] is used by node 'cache_v_l23 (view)' (SET_ROWS)
llama_graph_n_input_tensors: input tensor '                 attn_inp_v_idxs' [i64, ne = {     1,     1,     1,     1 }] is used by node 'cache_v_l24 (view)' (SET_ROWS)
llama_graph_n_input_tensors: input tensor '                 attn_inp_v_idxs' [i64, ne = {     1,     1,     1,     1 }] is used by node 'cache_v_l25 (view)' (SET_ROWS)
llama_graph_n_input_tensors: input tensor '                 attn_inp_v_idxs' [i64, ne = {     1,     1,     1,     1 }] is used by node 'cache_v_l26 (view)' (SET_ROWS)
llama_graph_n_input_tensors: input tensor '                 attn_inp_v_idxs' [i64, ne = {     1,     1,     1,     1 }] is used by node 'cache_v_l27 (view)' (SET_ROWS)
llama_graph_n_input_tensors: input tensor '                 attn_inp_k_idxs' [i64, ne = {     1,     1,     1,     1 }] is used by node 'cache_k_l0 (view)' (SET_ROWS)
llama_graph_n_input_tensors: input tensor '                 attn_inp_k_idxs' [i64, ne = {     1,     1,     1,     1 }] is used by node 'cache_k_l1 (view)' (SET_ROWS)
llama_graph_n_input_tensors: input tensor '                 attn_inp_k_idxs' [i64, ne = {     1,     1,     1,     1 }] is used by node 'cache_k_l2 (view)' (SET_ROWS)
llama_graph_n_input_tensors: input tensor '                 attn_inp_k_idxs' [i64, ne = {     1,     1,     1,     1 }] is used by node 'cache_k_l3 (view)' (SET_ROWS)
llama_graph_n_input_tensors: input tensor '                 attn_inp_k_idxs' [i64, ne = {     1,     1,     1,     1 }] is used by node 'cache_k_l4 (view)' (SET_ROWS)
llama_graph_n_input_tensors: input tensor '                 attn_inp_k_idxs' [i64, ne = {     1,     1,     1,     1 }] is used by node 'cache_k_l5 (view)' (SET_ROWS)
llama_graph_n_input_tensors: input tensor '                 attn_inp_k_idxs' [i64, ne = {     1,     1,     1,     1 }] is used by node 'cache_k_l6 (view)' (SET_ROWS)
llama_graph_n_input_tensors: input tensor '                 attn_inp_k_idxs' [i64, ne = {     1,     1,     1,     1 }] is used by node 'cache_k_l7 (view)' (SET_ROWS)
llama_graph_n_input_tensors: input tensor '                 attn_inp_k_idxs' [i64, ne = {     1,     1,     1,     1 }] is used by node 'cache_k_l8 (view)' (SET_ROWS)
llama_graph_n_input_tensors: input tensor '                 attn_inp_k_idxs' [i64, ne = {     1,     1,     1,     1 }] is used by node 'cache_k_l9 (view)' (SET_ROWS)
llama_graph_n_input_tensors: input tensor '                 attn_inp_k_idxs' [i64, ne = {     1,     1,     1,     1 }] is used by node 'cache_k_l10 (view)' (SET_ROWS)
llama_graph_n_input_tensors: input tensor '                 attn_inp_k_idxs' [i64, ne = {     1,     1,     1,     1 }] is used by node 'cache_k_l11 (view)' (SET_ROWS)
llama_graph_n_input_tensors: input tensor '                 attn_inp_k_idxs' [i64, ne = {     1,     1,     1,     1 }] is used by node 'cache_k_l12 (view)' (SET_ROWS)
llama_graph_n_input_tensors: input tensor '                 attn_inp_k_idxs' [i64, ne = {     1,     1,     1,     1 }] is used by node 'cache_k_l13 (view)' (SET_ROWS)
llama_graph_n_input_tensors: input tensor '                 attn_inp_k_idxs' [i64, ne = {     1,     1,     1,     1 }] is used by node 'cache_k_l14 (view)' (SET_ROWS)
llama_graph_n_input_tensors: input tensor '                 attn_inp_k_idxs' [i64, ne = {     1,     1,     1,     1 }] is used by node 'cache_k_l15 (view)' (SET_ROWS)
llama_graph_n_input_tensors: input tensor '                 attn_inp_k_idxs' [i64, ne = {     1,     1,     1,     1 }] is used by node 'cache_k_l16 (view)' (SET_ROWS)
llama_graph_n_input_tensors: input tensor '                 attn_inp_k_idxs' [i64, ne = {     1,     1,     1,     1 }] is used by node 'cache_k_l17 (view)' (SET_ROWS)
llama_graph_n_input_tensors: input tensor '                 attn_inp_k_idxs' [i64, ne = {     1,     1,     1,     1 }] is used by node 'cache_k_l18 (view)' (SET_ROWS)
llama_graph_n_input_tensors: input tensor '                 attn_inp_k_idxs' [i64, ne = {     1,     1,     1,     1 }] is used by node 'cache_k_l19 (view)' (SET_ROWS)
llama_graph_n_input_tensors: input tensor '                 attn_inp_k_idxs' [i64, ne = {     1,     1,     1,     1 }] is used by node 'cache_k_l20 (view)' (SET_ROWS)
llama_graph_n_input_tensors: input tensor '                 attn_inp_k_idxs' [i64, ne = {     1,     1,     1,     1 }] is used by node 'cache_k_l21 (view)' (SET_ROWS)
llama_graph_n_input_tensors: input tensor '                 attn_inp_k_idxs' [i64, ne = {     1,     1,     1,     1 }] is used by node 'cache_k_l22 (view)' (SET_ROWS)
llama_graph_n_input_tensors: input tensor '                 attn_inp_k_idxs' [i64, ne = {     1,     1,     1,     1 }] is used by node 'cache_k_l23 (view)' (SET_ROWS)
llama_graph_n_input_tensors: input tensor '                 attn_inp_k_idxs' [i64, ne = {     1,     1,     1,     1 }] is used by node 'cache_k_l24 (view)' (SET_ROWS)
llama_graph_n_input_tensors: input tensor '                 attn_inp_k_idxs' [i64, ne = {     1,     1,     1,     1 }] is used by node 'cache_k_l25 (view)' (SET_ROWS)
llama_graph_n_input_tensors: input tensor '                 attn_inp_k_idxs' [i64, ne = {     1,     1,     1,     1 }] is used by node 'cache_k_l26 (view)' (SET_ROWS)
llama_graph_n_input_tensors: input tensor '                 attn_inp_k_idxs' [i64, ne = {     1,     1,     1,     1 }] is used by node 'cache_k_l27 (view)' (SET_ROWS)
llama_graph_n_input_tensors: input tensor '                         inp_pos' [i32, ne = {     1,     1,     1,     1 }] is used by node 'Qcur-0' (ROPE)
llama_graph_n_input_tensors: input tensor '                         inp_pos' [i32, ne = {     1,     1,     1,     1 }] is used by node 'Kcur-0' (ROPE)
llama_graph_n_input_tensors: input tensor '                         inp_pos' [i32, ne = {     1,     1,     1,     1 }] is used by node 'Qcur-1' (ROPE)
llama_graph_n_input_tensors: input tensor '                         inp_pos' [i32, ne = {     1,     1,     1,     1 }] is used by node 'Kcur-1' (ROPE)
llama_graph_n_input_tensors: input tensor '                         inp_pos' [i32, ne = {     1,     1,     1,     1 }] is used by node 'Qcur-2' (ROPE)
llama_graph_n_input_tensors: input tensor '                         inp_pos' [i32, ne = {     1,     1,     1,     1 }] is used by node 'Kcur-2' (ROPE)
llama_graph_n_input_tensors: input tensor '                         inp_pos' [i32, ne = {     1,     1,     1,     1 }] is used by node 'Qcur-3' (ROPE)
llama_graph_n_input_tensors: input tensor '                         inp_pos' [i32, ne = {     1,     1,     1,     1 }] is used by node 'Kcur-3' (ROPE)
llama_graph_n_input_tensors: input tensor '                         inp_pos' [i32, ne = {     1,     1,     1,     1 }] is used by node 'Qcur-4' (ROPE)
llama_graph_n_input_tensors: input tensor '                         inp_pos' [i32, ne = {     1,     1,     1,     1 }] is used by node 'Kcur-4' (ROPE)
llama_graph_n_input_tensors: input tensor '                         inp_pos' [i32, ne = {     1,     1,     1,     1 }] is used by node 'Qcur-5' (ROPE)
llama_graph_n_input_tensors: input tensor '                         inp_pos' [i32, ne = {     1,     1,     1,     1 }] is used by node 'Kcur-5' (ROPE)
llama_graph_n_input_tensors: input tensor '                         inp_pos' [i32, ne = {     1,     1,     1,     1 }] is used by node 'Qcur-6' (ROPE)
llama_graph_n_input_tensors: input tensor '                         inp_pos' [i32, ne = {     1,     1,     1,     1 }] is used by node 'Kcur-6' (ROPE)
llama_graph_n_input_tensors: input tensor '                         inp_pos' [i32, ne = {     1,     1,     1,     1 }] is used by node 'Qcur-7' (ROPE)
llama_graph_n_input_tensors: input tensor '                         inp_pos' [i32, ne = {     1,     1,     1,     1 }] is used by node 'Kcur-7' (ROPE)
llama_graph_n_input_tensors: input tensor '                         inp_pos' [i32, ne = {     1,     1,     1,     1 }] is used by node 'Qcur-8' (ROPE)
llama_graph_n_input_tensors: input tensor '                         inp_pos' [i32, ne = {     1,     1,     1,     1 }] is used by node 'Kcur-8' (ROPE)
llama_graph_n_input_tensors: input tensor '                         inp_pos' [i32, ne = {     1,     1,     1,     1 }] is used by node 'Qcur-9' (ROPE)
llama_graph_n_input_tensors: input tensor '                         inp_pos' [i32, ne = {     1,     1,     1,     1 }] is used by node 'Kcur-9' (ROPE)
llama_graph_n_input_tensors: input tensor '                         inp_pos' [i32, ne = {     1,     1,     1,     1 }] is used by node 'Qcur-10' (ROPE)
llama_graph_n_input_tensors: input tensor '                         inp_pos' [i32, ne = {     1,     1,     1,     1 }] is used by node 'Kcur-10' (ROPE)
llama_graph_n_input_tensors: input tensor '                         inp_pos' [i32, ne = {     1,     1,     1,     1 }] is used by node 'Qcur-11' (ROPE)
llama_graph_n_input_tensors: input tensor '                         inp_pos' [i32, ne = {     1,     1,     1,     1 }] is used by node 'Kcur-11' (ROPE)
llama_graph_n_input_tensors: input tensor '                         inp_pos' [i32, ne = {     1,     1,     1,     1 }] is used by node 'Qcur-12' (ROPE)
llama_graph_n_input_tensors: input tensor '                         inp_pos' [i32, ne = {     1,     1,     1,     1 }] is used by node 'Kcur-12' (ROPE)
llama_graph_n_input_tensors: input tensor '                         inp_pos' [i32, ne = {     1,     1,     1,     1 }] is used by node 'Qcur-13' (ROPE)
llama_graph_n_input_tensors: input tensor '                         inp_pos' [i32, ne = {     1,     1,     1,     1 }] is used by node 'Kcur-13' (ROPE)
llama_graph_n_input_tensors: input tensor '                         inp_pos' [i32, ne = {     1,     1,     1,     1 }] is used by node 'Qcur-14' (ROPE)
llama_graph_n_input_tensors: input tensor '                         inp_pos' [i32, ne = {     1,     1,     1,     1 }] is used by node 'Kcur-14' (ROPE)
llama_graph_n_input_tensors: input tensor '                         inp_pos' [i32, ne = {     1,     1,     1,     1 }] is used by node 'Qcur-15' (ROPE)
llama_graph_n_input_tensors: input tensor '                         inp_pos' [i32, ne = {     1,     1,     1,     1 }] is used by node 'Kcur-15' (ROPE)
llama_graph_n_input_tensors: input tensor '                         inp_pos' [i32, ne = {     1,     1,     1,     1 }] is used by node 'Qcur-16' (ROPE)
llama_graph_n_input_tensors: input tensor '                         inp_pos' [i32, ne = {     1,     1,     1,     1 }] is used by node 'Kcur-16' (ROPE)
llama_graph_n_input_tensors: input tensor '                         inp_pos' [i32, ne = {     1,     1,     1,     1 }] is used by node 'Qcur-17' (ROPE)
llama_graph_n_input_tensors: input tensor '                         inp_pos' [i32, ne = {     1,     1,     1,     1 }] is used by node 'Kcur-17' (ROPE)
llama_graph_n_input_tensors: input tensor '                         inp_pos' [i32, ne = {     1,     1,     1,     1 }] is used by node 'Qcur-18' (ROPE)
llama_graph_n_input_tensors: input tensor '                         inp_pos' [i32, ne = {     1,     1,     1,     1 }] is used by node 'Kcur-18' (ROPE)
llama_graph_n_input_tensors: input tensor '                         inp_pos' [i32, ne = {     1,     1,     1,     1 }] is used by node 'Qcur-19' (ROPE)
llama_graph_n_input_tensors: input tensor '                         inp_pos' [i32, ne = {     1,     1,     1,     1 }] is used by node 'Kcur-19' (ROPE)
llama_graph_n_input_tensors: input tensor '                         inp_pos' [i32, ne = {     1,     1,     1,     1 }] is used by node 'Qcur-20' (ROPE)
llama_graph_n_input_tensors: input tensor '                         inp_pos' [i32, ne = {     1,     1,     1,     1 }] is used by node 'Kcur-20' (ROPE)
llama_graph_n_input_tensors: input tensor '                         inp_pos' [i32, ne = {     1,     1,     1,     1 }] is used by node 'Qcur-21' (ROPE)
llama_graph_n_input_tensors: input tensor '                         inp_pos' [i32, ne = {     1,     1,     1,     1 }] is used by node 'Kcur-21' (ROPE)
llama_graph_n_input_tensors: input tensor '                         inp_pos' [i32, ne = {     1,     1,     1,     1 }] is used by node 'Qcur-22' (ROPE)
llama_graph_n_input_tensors: input tensor '                         inp_pos' [i32, ne = {     1,     1,     1,     1 }] is used by node 'Kcur-22' (ROPE)
llama_graph_n_input_tensors: input tensor '                         inp_pos' [i32, ne = {     1,     1,     1,     1 }] is used by node 'Qcur-23' (ROPE)
llama_graph_n_input_tensors: input tensor '                         inp_pos' [i32, ne = {     1,     1,     1,     1 }] is used by node 'Kcur-23' (ROPE)
llama_graph_n_input_tensors: input tensor '                         inp_pos' [i32, ne = {     1,     1,     1,     1 }] is used by node 'Qcur-24' (ROPE)
llama_graph_n_input_tensors: input tensor '                         inp_pos' [i32, ne = {     1,     1,     1,     1 }] is used by node 'Kcur-24' (ROPE)
llama_graph_n_input_tensors: input tensor '                         inp_pos' [i32, ne = {     1,     1,     1,     1 }] is used by node 'Qcur-25' (ROPE)
llama_graph_n_input_tensors: input tensor '                         inp_pos' [i32, ne = {     1,     1,     1,     1 }] is used by node 'Kcur-25' (ROPE)
llama_graph_n_input_tensors: input tensor '                         inp_pos' [i32, ne = {     1,     1,     1,     1 }] is used by node 'Qcur-26' (ROPE)
llama_graph_n_input_tensors: input tensor '                         inp_pos' [i32, ne = {     1,     1,     1,     1 }] is used by node 'Kcur-26' (ROPE)
llama_graph_n_input_tensors: input tensor '                         inp_pos' [i32, ne = {     1,     1,     1,     1 }] is used by node 'Qcur-27' (ROPE)
llama_graph_n_input_tensors: input tensor '                         inp_pos' [i32, ne = {     1,     1,     1,     1 }] is used by node 'Kcur-27' (ROPE)
graph_reserve: reserving a graph for ubatch with n_tokens =  512, n_seqs =  1, n_outputs =  512
llama_graph_n_input_tensors: input tensor '                      inp_tokens' [i32, ne = {   512,     1,     1,     1 }] is used by node 'embd' (GET_ROWS)
llama_graph_n_input_tensors: input tensor '                attn_inp_kq_mask' [f16, ne = {  4096,   512,     1,     1 }] is used by node 'node_25' (FLASH_ATTN_EXT)
llama_graph_n_input_tensors: input tensor '                attn_inp_kq_mask' [f16, ne = {  4096,   512,     1,     1 }] is used by node 'node_60' (FLASH_ATTN_EXT)
llama_graph_n_input_tensors: input tensor '                attn_inp_kq_mask' [f16, ne = {  4096,   512,     1,     1 }] is used by node 'node_95' (FLASH_ATTN_EXT)
llama_graph_n_input_tensors: input tensor '                attn_inp_kq_mask' [f16, ne = {  4096,   512,     1,     1 }] is used by node 'node_130' (FLASH_ATTN_EXT)
llama_graph_n_input_tensors: input tensor '                attn_inp_kq_mask' [f16, ne = {  4096,   512,     1,     1 }] is used by node 'node_165' (FLASH_ATTN_EXT)
llama_graph_n_input_tensors: input tensor '                attn_inp_kq_mask' [f16, ne = {  4096,   512,     1,     1 }] is used by node 'node_200' (FLASH_ATTN_EXT)
llama_graph_n_input_tensors: input tensor '                attn_inp_kq_mask' [f16, ne = {  4096,   512,     1,     1 }] is used by node 'node_235' (FLASH_ATTN_EXT)
llama_graph_n_input_tensors: input tensor '                attn_inp_kq_mask' [f16, ne = {  4096,   512,     1,     1 }] is used by node 'node_270' (FLASH_ATTN_EXT)
llama_graph_n_input_tensors: input tensor '                attn_inp_kq_mask' [f16, ne = {  4096,   512,     1,     1 }] is used by node 'node_305' (FLASH_ATTN_EXT)
llama_graph_n_input_tensors: input tensor '                attn_inp_kq_mask' [f16, ne = {  4096,   512,     1,     1 }] is used by node 'node_340' (FLASH_ATTN_EXT)
llama_graph_n_input_tensors: input tensor '                attn_inp_kq_mask' [f16, ne = {  4096,   512,     1,     1 }] is used by node 'node_375' (FLASH_ATTN_EXT)
llama_graph_n_input_tensors: input tensor '                attn_inp_kq_mask' [f16, ne = {  4096,   512,     1,     1 }] is used by node 'node_410' (FLASH_ATTN_EXT)
llama_graph_n_input_tensors: input tensor '                attn_inp_kq_mask' [f16, ne = {  4096,   512,     1,     1 }] is used by node 'node_445' (FLASH_ATTN_EXT)
llama_graph_n_input_tensors: input tensor '                attn_inp_kq_mask' [f16, ne = {  4096,   512,     1,     1 }] is used by node 'node_480' (FLASH_ATTN_EXT)
llama_graph_n_input_tensors: input tensor '                attn_inp_kq_mask' [f16, ne = {  4096,   512,     1,     1 }] is used by node 'node_515' (FLASH_ATTN_EXT)
llama_graph_n_input_tensors: input tensor '                attn_inp_kq_mask' [f16, ne = {  4096,   512,     1,     1 }] is used by node 'node_550' (FLASH_ATTN_EXT)
llama_graph_n_input_tensors: input tensor '                attn_inp_kq_mask' [f16, ne = {  4096,   512,     1,     1 }] is used by node 'node_585' (FLASH_ATTN_EXT)
llama_graph_n_input_tensors: input tensor '                attn_inp_kq_mask' [f16, ne = {  4096,   512,     1,     1 }] is used by node 'node_620' (FLASH_ATTN_EXT)
llama_graph_n_input_tensors: input tensor '                attn_inp_kq_mask' [f16, ne = {  4096,   512,     1,     1 }] is used by node 'node_655' (FLASH_ATTN_EXT)
llama_graph_n_input_tensors: input tensor '                attn_inp_kq_mask' [f16, ne = {  4096,   512,     1,     1 }] is used by node 'node_690' (FLASH_ATTN_EXT)
llama_graph_n_input_tensors: input tensor '                attn_inp_kq_mask' [f16, ne = {  4096,   512,     1,     1 }] is used by node 'node_725' (FLASH_ATTN_EXT)
llama_graph_n_input_tensors: input tensor '                attn_inp_kq_mask' [f16, ne = {  4096,   512,     1,     1 }] is used by node 'node_760' (FLASH_ATTN_EXT)
llama_graph_n_input_tensors: input tensor '                attn_inp_kq_mask' [f16, ne = {  4096,   512,     1,     1 }] is used by node 'node_795' (FLASH_ATTN_EXT)
llama_graph_n_input_tensors: input tensor '                attn_inp_kq_mask' [f16, ne = {  4096,   512,     1,     1 }] is used by node 'node_830' (FLASH_ATTN_EXT)
llama_graph_n_input_tensors: input tensor '                attn_inp_kq_mask' [f16, ne = {  4096,   512,     1,     1 }] is used by node 'node_865' (FLASH_ATTN_EXT)
llama_graph_n_input_tensors: input tensor '                attn_inp_kq_mask' [f16, ne = {  4096,   512,     1,     1 }] is used by node 'node_900' (FLASH_ATTN_EXT)
llama_graph_n_input_tensors: input tensor '                attn_inp_kq_mask' [f16, ne = {  4096,   512,     1,     1 }] is used by node 'node_935' (FLASH_ATTN_EXT)
llama_graph_n_input_tensors: input tensor '                attn_inp_kq_mask' [f16, ne = {  4096,   512,     1,     1 }] is used by node 'node_970' (FLASH_ATTN_EXT)
llama_graph_n_input_tensors: input tensor '                         out_ids' [i32, ne = {   512,     1,     1,     1 }] is used by node 'node_973' (GET_ROWS)
llama_graph_n_input_tensors: input tensor '                         out_ids' [i32, ne = {   512,     1,     1,     1 }] is used by node 'node_974' (GET_ROWS)
llama_graph_n_input_tensors: input tensor '                 attn_inp_v_idxs' [i64, ne = {   512,     1,     1,     1 }] is used by node 'cache_v_l0 (view)' (SET_ROWS)
llama_graph_n_input_tensors: input tensor '                 attn_inp_v_idxs' [i64, ne = {   512,     1,     1,     1 }] is used by node 'cache_v_l1 (view)' (SET_ROWS)
llama_graph_n_input_tensors: input tensor '                 attn_inp_v_idxs' [i64, ne = {   512,     1,     1,     1 }] is used by node 'cache_v_l2 (view)' (SET_ROWS)
llama_graph_n_input_tensors: input tensor '                 attn_inp_v_idxs' [i64, ne = {   512,     1,     1,     1 }] is used by node 'cache_v_l3 (view)' (SET_ROWS)
llama_graph_n_input_tensors: input tensor '                 attn_inp_v_idxs' [i64, ne = {   512,     1,     1,     1 }] is used by node 'cache_v_l4 (view)' (SET_ROWS)
llama_graph_n_input_tensors: input tensor '                 attn_inp_v_idxs' [i64, ne = {   512,     1,     1,     1 }] is used by node 'cache_v_l5 (view)' (SET_ROWS)
llama_graph_n_input_tensors: input tensor '                 attn_inp_v_idxs' [i64, ne = {   512,     1,     1,     1 }] is used by node 'cache_v_l6 (view)' (SET_ROWS)
llama_graph_n_input_tensors: input tensor '                 attn_inp_v_idxs' [i64, ne = {   512,     1,     1,     1 }] is used by node 'cache_v_l7 (view)' (SET_ROWS)
llama_graph_n_input_tensors: input tensor '                 attn_inp_v_idxs' [i64, ne = {   512,     1,     1,     1 }] is used by node 'cache_v_l8 (view)' (SET_ROWS)
llama_graph_n_input_tensors: input tensor '                 attn_inp_v_idxs' [i64, ne = {   512,     1,     1,     1 }] is used by node 'cache_v_l9 (view)' (SET_ROWS)
llama_graph_n_input_tensors: input tensor '                 attn_inp_v_idxs' [i64, ne = {   512,     1,     1,     1 }] is used by node 'cache_v_l10 (view)' (SET_ROWS)
llama_graph_n_input_tensors: input tensor '                 attn_inp_v_idxs' [i64, ne = {   512,     1,     1,     1 }] is used by node 'cache_v_l11 (view)' (SET_ROWS)
llama_graph_n_input_tensors: input tensor '                 attn_inp_v_idxs' [i64, ne = {   512,     1,     1,     1 }] is used by node 'cache_v_l12 (view)' (SET_ROWS)
llama_graph_n_input_tensors: input tensor '                 attn_inp_v_idxs' [i64, ne = {   512,     1,     1,     1 }] is used by node 'cache_v_l13 (view)' (SET_ROWS)
llama_graph_n_input_tensors: input tensor '                 attn_inp_v_idxs' [i64, ne = {   512,     1,     1,     1 }] is used by node 'cache_v_l14 (view)' (SET_ROWS)
llama_graph_n_input_tensors: input tensor '                 attn_inp_v_idxs' [i64, ne = {   512,     1,     1,     1 }] is used by node 'cache_v_l15 (view)' (SET_ROWS)
llama_graph_n_input_tensors: input tensor '                 attn_inp_v_idxs' [i64, ne = {   512,     1,     1,     1 }] is used by node 'cache_v_l16 (view)' (SET_ROWS)
llama_graph_n_input_tensors: input tensor '                 attn_inp_v_idxs' [i64, ne = {   512,     1,     1,     1 }] is used by node 'cache_v_l17 (view)' (SET_ROWS)
llama_graph_n_input_tensors: input tensor '                 attn_inp_v_idxs' [i64, ne = {   512,     1,     1,     1 }] is used by node 'cache_v_l18 (view)' (SET_ROWS)
llama_graph_n_input_tensors: input tensor '                 attn_inp_v_idxs' [i64, ne = {   512,     1,     1,     1 }] is used by node 'cache_v_l19 (view)' (SET_ROWS)
llama_graph_n_input_tensors: input tensor '                 attn_inp_v_idxs' [i64, ne = {   512,     1,     1,     1 }] is used by node 'cache_v_l20 (view)' (SET_ROWS)
llama_graph_n_input_tensors: input tensor '                 attn_inp_v_idxs' [i64, ne = {   512,     1,     1,     1 }] is used by node 'cache_v_l21 (view)' (SET_ROWS)
llama_graph_n_input_tensors: input tensor '                 attn_inp_v_idxs' [i64, ne = {   512,     1,     1,     1 }] is used by node 'cache_v_l22 (view)' (SET_ROWS)
llama_graph_n_input_tensors: input tensor '                 attn_inp_v_idxs' [i64, ne = {   512,     1,     1,     1 }] is used by node 'cache_v_l23 (view)' (SET_ROWS)
llama_graph_n_input_tensors: input tensor '                 attn_inp_v_idxs' [i64, ne = {   512,     1,     1,     1 }] is used by node 'cache_v_l24 (view)' (SET_ROWS)
llama_graph_n_input_tensors: input tensor '                 attn_inp_v_idxs' [i64, ne = {   512,     1,     1,     1 }] is used by node 'cache_v_l25 (view)' (SET_ROWS)
llama_graph_n_input_tensors: input tensor '                 attn_inp_v_idxs' [i64, ne = {   512,     1,     1,     1 }] is used by node 'cache_v_l26 (view)' (SET_ROWS)
llama_graph_n_input_tensors: input tensor '                 attn_inp_v_idxs' [i64, ne = {   512,     1,     1,     1 }] is used by node 'cache_v_l27 (view)' (SET_ROWS)
llama_graph_n_input_tensors: input tensor '                 attn_inp_k_idxs' [i64, ne = {   512,     1,     1,     1 }] is used by node 'cache_k_l0 (view)' (SET_ROWS)
llama_graph_n_input_tensors: input tensor '                 attn_inp_k_idxs' [i64, ne = {   512,     1,     1,     1 }] is used by node 'cache_k_l1 (view)' (SET_ROWS)
llama_graph_n_input_tensors: input tensor '                 attn_inp_k_idxs' [i64, ne = {   512,     1,     1,     1 }] is used by node 'cache_k_l2 (view)' (SET_ROWS)
llama_graph_n_input_tensors: input tensor '                 attn_inp_k_idxs' [i64, ne = {   512,     1,     1,     1 }] is used by node 'cache_k_l3 (view)' (SET_ROWS)
llama_graph_n_input_tensors: input tensor '                 attn_inp_k_idxs' [i64, ne = {   512,     1,     1,     1 }] is used by node 'cache_k_l4 (view)' (SET_ROWS)
llama_graph_n_input_tensors: input tensor '                 attn_inp_k_idxs' [i64, ne = {   512,     1,     1,     1 }] is used by node 'cache_k_l5 (view)' (SET_ROWS)
llama_graph_n_input_tensors: input tensor '                 attn_inp_k_idxs' [i64, ne = {   512,     1,     1,     1 }] is used by node 'cache_k_l6 (view)' (SET_ROWS)
llama_graph_n_input_tensors: input tensor '                 attn_inp_k_idxs' [i64, ne = {   512,     1,     1,     1 }] is used by node 'cache_k_l7 (view)' (SET_ROWS)
llama_graph_n_input_tensors: input tensor '                 attn_inp_k_idxs' [i64, ne = {   512,     1,     1,     1 }] is used by node 'cache_k_l8 (view)' (SET_ROWS)
llama_graph_n_input_tensors: input tensor '                 attn_inp_k_idxs' [i64, ne = {   512,     1,     1,     1 }] is used by node 'cache_k_l9 (view)' (SET_ROWS)
llama_graph_n_input_tensors: input tensor '                 attn_inp_k_idxs' [i64, ne = {   512,     1,     1,     1 }] is used by node 'cache_k_l10 (view)' (SET_ROWS)
llama_graph_n_input_tensors: input tensor '                 attn_inp_k_idxs' [i64, ne = {   512,     1,     1,     1 }] is used by node 'cache_k_l11 (view)' (SET_ROWS)
llama_graph_n_input_tensors: input tensor '                 attn_inp_k_idxs' [i64, ne = {   512,     1,     1,     1 }] is used by node 'cache_k_l12 (view)' (SET_ROWS)
llama_graph_n_input_tensors: input tensor '                 attn_inp_k_idxs' [i64, ne = {   512,     1,     1,     1 }] is used by node 'cache_k_l13 (view)' (SET_ROWS)
llama_graph_n_input_tensors: input tensor '                 attn_inp_k_idxs' [i64, ne = {   512,     1,     1,     1 }] is used by node 'cache_k_l14 (view)' (SET_ROWS)
llama_graph_n_input_tensors: input tensor '                 attn_inp_k_idxs' [i64, ne = {   512,     1,     1,     1 }] is used by node 'cache_k_l15 (view)' (SET_ROWS)
llama_graph_n_input_tensors: input tensor '                 attn_inp_k_idxs' [i64, ne = {   512,     1,     1,     1 }] is used by node 'cache_k_l16 (view)' (SET_ROWS)
llama_graph_n_input_tensors: input tensor '                 attn_inp_k_idxs' [i64, ne = {   512,     1,     1,     1 }] is used by node 'cache_k_l17 (view)' (SET_ROWS)
llama_graph_n_input_tensors: input tensor '                 attn_inp_k_idxs' [i64, ne = {   512,     1,     1,     1 }] is used by node 'cache_k_l18 (view)' (SET_ROWS)
llama_graph_n_input_tensors: input tensor '                 attn_inp_k_idxs' [i64, ne = {   512,     1,     1,     1 }] is used by node 'cache_k_l19 (view)' (SET_ROWS)
llama_graph_n_input_tensors: input tensor '                 attn_inp_k_idxs' [i64, ne = {   512,     1,     1,     1 }] is used by node 'cache_k_l20 (view)' (SET_ROWS)
llama_graph_n_input_tensors: input tensor '                 attn_inp_k_idxs' [i64, ne = {   512,     1,     1,     1 }] is used by node 'cache_k_l21 (view)' (SET_ROWS)
llama_graph_n_input_tensors: input tensor '                 attn_inp_k_idxs' [i64, ne = {   512,     1,     1,     1 }] is used by node 'cache_k_l22 (view)' (SET_ROWS)
llama_graph_n_input_tensors: input tensor '                 attn_inp_k_idxs' [i64, ne = {   512,     1,     1,     1 }] is used by node 'cache_k_l23 (view)' (SET_ROWS)
llama_graph_n_input_tensors: input tensor '                 attn_inp_k_idxs' [i64, ne = {   512,     1,     1,     1 }] is used by node 'cache_k_l24 (view)' (SET_ROWS)
llama_graph_n_input_tensors: input tensor '                 attn_inp_k_idxs' [i64, ne = {   512,     1,     1,     1 }] is used by node 'cache_k_l25 (view)' (SET_ROWS)
llama_graph_n_input_tensors: input tensor '                 attn_inp_k_idxs' [i64, ne = {   512,     1,     1,     1 }] is used by node 'cache_k_l26 (view)' (SET_ROWS)
llama_graph_n_input_tensors: input tensor '                 attn_inp_k_idxs' [i64, ne = {   512,     1,     1,     1 }] is used by node 'cache_k_l27 (view)' (SET_ROWS)
llama_graph_n_input_tensors: input tensor '                         inp_pos' [i32, ne = {   512,     1,     1,     1 }] is used by node 'Qcur-0' (ROPE)
llama_graph_n_input_tensors: input tensor '                         inp_pos' [i32, ne = {   512,     1,     1,     1 }] is used by node 'Kcur-0' (ROPE)
llama_graph_n_input_tensors: input tensor '                         inp_pos' [i32, ne = {   512,     1,     1,     1 }] is used by node 'Qcur-1' (ROPE)
llama_graph_n_input_tensors: input tensor '                         inp_pos' [i32, ne = {   512,     1,     1,     1 }] is used by node 'Kcur-1' (ROPE)
llama_graph_n_input_tensors: input tensor '                         inp_pos' [i32, ne = {   512,     1,     1,     1 }] is used by node 'Qcur-2' (ROPE)
llama_graph_n_input_tensors: input tensor '                         inp_pos' [i32, ne = {   512,     1,     1,     1 }] is used by node 'Kcur-2' (ROPE)
llama_graph_n_input_tensors: input tensor '                         inp_pos' [i32, ne = {   512,     1,     1,     1 }] is used by node 'Qcur-3' (ROPE)
llama_graph_n_input_tensors: input tensor '                         inp_pos' [i32, ne = {   512,     1,     1,     1 }] is used by node 'Kcur-3' (ROPE)
llama_graph_n_input_tensors: input tensor '                         inp_pos' [i32, ne = {   512,     1,     1,     1 }] is used by node 'Qcur-4' (ROPE)
llama_graph_n_input_tensors: input tensor '                         inp_pos' [i32, ne = {   512,     1,     1,     1 }] is used by node 'Kcur-4' (ROPE)
llama_graph_n_input_tensors: input tensor '                         inp_pos' [i32, ne = {   512,     1,     1,     1 }] is used by node 'Qcur-5' (ROPE)
llama_graph_n_input_tensors: input tensor '                         inp_pos' [i32, ne = {   512,     1,     1,     1 }] is used by node 'Kcur-5' (ROPE)
llama_graph_n_input_tensors: input tensor '                         inp_pos' [i32, ne = {   512,     1,     1,     1 }] is used by node 'Qcur-6' (ROPE)
llama_graph_n_input_tensors: input tensor '                         inp_pos' [i32, ne = {   512,     1,     1,     1 }] is used by node 'Kcur-6' (ROPE)
llama_graph_n_input_tensors: input tensor '                         inp_pos' [i32, ne = {   512,     1,     1,     1 }] is used by node 'Qcur-7' (ROPE)
llama_graph_n_input_tensors: input tensor '                         inp_pos' [i32, ne = {   512,     1,     1,     1 }] is used by node 'Kcur-7' (ROPE)
llama_graph_n_input_tensors: input tensor '                         inp_pos' [i32, ne = {   512,     1,     1,     1 }] is used by node 'Qcur-8' (ROPE)
llama_graph_n_input_tensors: input tensor '                         inp_pos' [i32, ne = {   512,     1,     1,     1 }] is used by node 'Kcur-8' (ROPE)
llama_graph_n_input_tensors: input tensor '                         inp_pos' [i32, ne = {   512,     1,     1,     1 }] is used by node 'Qcur-9' (ROPE)
llama_graph_n_input_tensors: input tensor '                         inp_pos' [i32, ne = {   512,     1,     1,     1 }] is used by node 'Kcur-9' (ROPE)
llama_graph_n_input_tensors: input tensor '                         inp_pos' [i32, ne = {   512,     1,     1,     1 }] is used by node 'Qcur-10' (ROPE)
llama_graph_n_input_tensors: input tensor '                         inp_pos' [i32, ne = {   512,     1,     1,     1 }] is used by node 'Kcur-10' (ROPE)
llama_graph_n_input_tensors: input tensor '                         inp_pos' [i32, ne = {   512,     1,     1,     1 }] is used by node 'Qcur-11' (ROPE)
llama_graph_n_input_tensors: input tensor '                         inp_pos' [i32, ne = {   512,     1,     1,     1 }] is used by node 'Kcur-11' (ROPE)
llama_graph_n_input_tensors: input tensor '                         inp_pos' [i32, ne = {   512,     1,     1,     1 }] is used by node 'Qcur-12' (ROPE)
llama_graph_n_input_tensors: input tensor '                         inp_pos' [i32, ne = {   512,     1,     1,     1 }] is used by node 'Kcur-12' (ROPE)
llama_graph_n_input_tensors: input tensor '                         inp_pos' [i32, ne = {   512,     1,     1,     1 }] is used by node 'Qcur-13' (ROPE)
llama_graph_n_input_tensors: input tensor '                         inp_pos' [i32, ne = {   512,     1,     1,     1 }] is used by node 'Kcur-13' (ROPE)
llama_graph_n_input_tensors: input tensor '                         inp_pos' [i32, ne = {   512,     1,     1,     1 }] is used by node 'Qcur-14' (ROPE)
llama_graph_n_input_tensors: input tensor '                         inp_pos' [i32, ne = {   512,     1,     1,     1 }] is used by node 'Kcur-14' (ROPE)
llama_graph_n_input_tensors: input tensor '                         inp_pos' [i32, ne = {   512,     1,     1,     1 }] is used by node 'Qcur-15' (ROPE)
llama_graph_n_input_tensors: input tensor '                         inp_pos' [i32, ne = {   512,     1,     1,     1 }] is used by node 'Kcur-15' (ROPE)
llama_graph_n_input_tensors: input tensor '                         inp_pos' [i32, ne = {   512,     1,     1,     1 }] is used by node 'Qcur-16' (ROPE)
llama_graph_n_input_tensors: input tensor '                         inp_pos' [i32, ne = {   512,     1,     1,     1 }] is used by node 'Kcur-16' (ROPE)
llama_graph_n_input_tensors: input tensor '                         inp_pos' [i32, ne = {   512,     1,     1,     1 }] is used by node 'Qcur-17' (ROPE)
llama_graph_n_input_tensors: input tensor '                         inp_pos' [i32, ne = {   512,     1,     1,     1 }] is used by node 'Kcur-17' (ROPE)
llama_graph_n_input_tensors: input tensor '                         inp_pos' [i32, ne = {   512,     1,     1,     1 }] is used by node 'Qcur-18' (ROPE)
llama_graph_n_input_tensors: input tensor '                         inp_pos' [i32, ne = {   512,     1,     1,     1 }] is used by node 'Kcur-18' (ROPE)
llama_graph_n_input_tensors: input tensor '                         inp_pos' [i32, ne = {   512,     1,     1,     1 }] is used by node 'Qcur-19' (ROPE)
llama_graph_n_input_tensors: input tensor '                         inp_pos' [i32, ne = {   512,     1,     1,     1 }] is used by node 'Kcur-19' (ROPE)
llama_graph_n_input_tensors: input tensor '                         inp_pos' [i32, ne = {   512,     1,     1,     1 }] is used by node 'Qcur-20' (ROPE)
llama_graph_n_input_tensors: input tensor '                         inp_pos' [i32, ne = {   512,     1,     1,     1 }] is used by node 'Kcur-20' (ROPE)
llama_graph_n_input_tensors: input tensor '                         inp_pos' [i32, ne = {   512,     1,     1,     1 }] is used by node 'Qcur-21' (ROPE)
llama_graph_n_input_tensors: input tensor '                         inp_pos' [i32, ne = {   512,     1,     1,     1 }] is used by node 'Kcur-21' (ROPE)
llama_graph_n_input_tensors: input tensor '                         inp_pos' [i32, ne = {   512,     1,     1,     1 }] is used by node 'Qcur-22' (ROPE)
llama_graph_n_input_tensors: input tensor '                         inp_pos' [i32, ne = {   512,     1,     1,     1 }] is used by node 'Kcur-22' (ROPE)
llama_graph_n_input_tensors: input tensor '                         inp_pos' [i32, ne = {   512,     1,     1,     1 }] is used by node 'Qcur-23' (ROPE)
llama_graph_n_input_tensors: input tensor '                         inp_pos' [i32, ne = {   512,     1,     1,     1 }] is used by node 'Kcur-23' (ROPE)
llama_graph_n_input_tensors: input tensor '                         inp_pos' [i32, ne = {   512,     1,     1,     1 }] is used by node 'Qcur-24' (ROPE)
llama_graph_n_input_tensors: input tensor '                         inp_pos' [i32, ne = {   512,     1,     1,     1 }] is used by node 'Kcur-24' (ROPE)
llama_graph_n_input_tensors: input tensor '                         inp_pos' [i32, ne = {   512,     1,     1,     1 }] is used by node 'Qcur-25' (ROPE)
llama_graph_n_input_tensors: input tensor '                         inp_pos' [i32, ne = {   512,     1,     1,     1 }] is used by node 'Kcur-25' (ROPE)
llama_graph_n_input_tensors: input tensor '                         inp_pos' [i32, ne = {   512,     1,     1,     1 }] is used by node 'Qcur-26' (ROPE)
llama_graph_n_input_tensors: input tensor '                         inp_pos' [i32, ne = {   512,     1,     1,     1 }] is used by node 'Kcur-26' (ROPE)
llama_graph_n_input_tensors: input tensor '                         inp_pos' [i32, ne = {   512,     1,     1,     1 }] is used by node 'Qcur-27' (ROPE)
llama_graph_n_input_tensors: input tensor '                         inp_pos' [i32, ne = {   512,     1,     1,     1 }] is used by node 'Kcur-27' (ROPE)
sched_reserve:       MTL0 compute buffer size =   300.75 MiB
sched_reserve:        CPU compute buffer size =     8.01 MiB
sched_reserve: graph: nodes = 986, splits = 2, input objects = 4, input tensors = 6
sched_reserve: reserve took 10.54 ms, sched copies = 1
phase55_llama_matrix ready: version=0.5.0-dev commit=84e76d8a23162eca70490da131945ebec1f09bf4 n_ctx=4096 n_batch=2048 n_ubatch=512 kv=bf16 flash_attention=enabled gpu_layers=99
phase55_bench ready: format=GGUF weights=633364480 packed=633233408 tensors=310
ggml_metal_library_compile_pipeline: compiling pipeline: base = 'kernel_rms_norm_mul_f32_4', name = 'kernel_rms_norm_mul_f32_4'
ggml_metal_library_compile_pipeline: loaded kernel_rms_norm_mul_f32_4                     0x1037ac810 | th_max = 1024 | th_width =   32
ggml_metal_library_compile_pipeline: compiling pipeline: base = 'kernel_mul_mm_q8_0_f32', name = 'kernel_mul_mm_q8_0_f32_bci=0_bco=1_ne12=1_ne13=1_r2=1_r3=1'
ggml_metal_library_compile_pipeline: loaded kernel_mul_mm_q8_0_f32_bci=0_bco=1_ne12=1_ne13=1_r2=1_r3=1      0x1037adc50 | th_max = 1024 | th_width =   32
ggml_metal_library_compile_pipeline: compiling pipeline: base = 'kernel_set_rows_f32_i64_bf16', name = 'kernel_set_rows_f32_i64_bf16'
ggml_metal_library_compile_pipeline: loaded kernel_set_rows_f32_i64_bf16                  0x1037adfd0 | th_max = 1024 | th_width =   32
ggml_metal_library_compile_pipeline: compiling pipeline: base = 'kernel_rope_neox_f32', name = 'kernel_rope_neox_f32_imrope=0_is_back=0'
ggml_metal_library_compile_pipeline: loaded kernel_rope_neox_f32_imrope=0_is_back=0       0x1037af510 | th_max = 1024 | th_width =   32
ggml_metal_library_compile_pipeline: compiling pipeline: base = 'kernel_flash_attn_ext_blk', name = 'kernel_flash_attn_ext_blk_nqptg=8_ncpsg=64'
ggml_metal_library_compile_pipeline: loaded kernel_flash_attn_ext_blk_nqptg=8_ncpsg=64     0x7c4d3cc000 | th_max = 1024 | th_width =   32
ggml_metal_library_compile_pipeline: compiling pipeline: base = 'kernel_flash_attn_ext_bf16_dk128_dv128', name = 'kernel_flash_attn_ext_bf16_dk128_dv128_mask=1_sinks=0_bias=0_scap=0_kvpad=0_bcm=1_ns10=1024_ns20=1024_nsg=4'
ggml_metal_library_compile_pipeline: loaded kernel_flash_attn_ext_bf16_dk128_dv128_mask=1_sinks=0_bias=0_scap=0_kvpad=0_bcm=1_ns10=1024_ns20=1024_nsg=4     0x7c4d3cc380 | th_max = 1024 | th_width =   32
ggml_metal_library_compile_pipeline: compiling pipeline: base = 'kernel_bin_fuse_f32_f32_f32_4', name = 'kernel_bin_fuse_f32_f32_f32_4_op=0_nf=1_rb=0_cb=0'
ggml_metal_library_compile_pipeline: loaded kernel_bin_fuse_f32_f32_f32_4_op=0_nf=1_rb=0_cb=0     0x7c4d3cc700 | th_max = 1024 | th_width =   32
ggml_metal_library_compile_pipeline: compiling pipeline: base = 'kernel_swiglu_f32', name = 'kernel_swiglu_f32'
ggml_metal_library_compile_pipeline: loaded kernel_swiglu_f32                            0x7c4d3cca80 | th_max = 1024 | th_width =   32
ggml_metal_library_compile_pipeline: compiling pipeline: base = 'kernel_get_rows_f32', name = 'kernel_get_rows_f32'
ggml_metal_library_compile_pipeline: loaded kernel_get_rows_f32                          0x7c4d3cd180 | th_max = 1024 | th_width =   32
ggml_metal_library_compile_pipeline: compiling pipeline: base = 'kernel_bin_fuse_f32_f32_f32_4', name = 'kernel_bin_fuse_f32_f32_f32_4_op=0_nf=1_rb=1_cb=0'
ggml_metal_library_compile_pipeline: loaded kernel_bin_fuse_f32_f32_f32_4_op=0_nf=1_rb=1_cb=0     0x7c4d3cd500 | th_max = 1024 | th_width =   32
ggml_metal_library_compile_pipeline: compiling pipeline: base = 'kernel_mul_mv_q8_0_f32', name = 'kernel_mul_mv_q8_0_f32_nsg=4_ne12=1_r2=1_r3=1_split=0'
ggml_metal_library_compile_pipeline: loaded kernel_mul_mv_q8_0_f32_nsg=4_ne12=1_r2=1_r3=1_split=0     0x7c4d3cd880 | th_max = 1024 | th_width =   32
ggml_metal_library_compile_pipeline: compiling pipeline: base = 'kernel_flash_attn_ext_vec_bf16_dk128_dv128', name = 'kernel_flash_attn_ext_vec_bf16_dk128_dv128_mask=1_sink=0_bias=0_scap=0_kvpad=0_sparse=0_ns10=1024_ns20=1024_nsg=1_nwg=32'
ggml_metal_library_compile_pipeline: loaded kernel_flash_attn_ext_vec_bf16_dk128_dv128_mask=1_sink=0_bias=0_scap=0_kvpad=0_sparse=0_ns10=1024_ns20=1024_nsg=1_nwg=32     0x7c4d3cdf80 | th_max = 1024 | th_width =   32
ggml_metal_library_compile_pipeline: compiling pipeline: base = 'kernel_flash_attn_ext_vec_reduce', name = 'kernel_flash_attn_ext_vec_reduce_dv=128_nwg=32'
ggml_metal_library_compile_pipeline: loaded kernel_flash_attn_ext_vec_reduce_dv=128_nwg=32     0x7c4d3ce300 | th_max = 1024 | th_width =   32
ggml_metal_library_compile_pipeline: compiling pipeline: base = 'kernel_mul_mm_q8_0_f32', name = 'kernel_mul_mm_q8_0_f32_bci=0_bco=0_ne12=1_ne13=1_r2=1_r3=1'
ggml_metal_library_compile_pipeline: loaded kernel_mul_mm_q8_0_f32_bci=0_bco=0_ne12=1_ne13=1_r2=1_r3=1     0x7c4d3cdc00 | th_max = 1024 | th_width =   32
ggml_metal_library_compile_pipeline: compiling pipeline: base = 'kernel_flash_attn_ext_bf16_dk128_dv128', name = 'kernel_flash_attn_ext_bf16_dk128_dv128_mask=1_sinks=0_bias=0_scap=0_kvpad=0_bcm=0_ns10=1024_ns20=1024_nsg=4'
ggml_metal_library_compile_pipeline: loaded kernel_flash_attn_ext_bf16_dk128_dv128_mask=1_sinks=0_bias=0_scap=0_kvpad=0_bcm=0_ns10=1024_ns20=1024_nsg=4     0x7c4d3cea00 | th_max = 1024 | th_width =   32
{"case":"short","decode_aggregate_tps":106.17783523886271,"decode_counters":[{"allocated_bytes":4,"allocation_time":{"nanos":6000,"secs":0},"allocations":1,"arena_capacity":244527104,"arena_high_water":268435456,"command_buffers":1,"completion_waits":1,"dispatches":591,"encode":{"nanos":223335,"secs":0},"gpu":{"nanos":8503750,"secs":0},"reused_bytes":2306048,"transient_live_bytes":524288,"transient_peak_bytes":2306048,"wait":{"nanos":8739625,"secs":0}},{"allocated_bytes":4,"allocation_time":{"nanos":4083,"secs":0},"allocations":1,"arena_capacity":244527104,"arena_high_water":268435456,"command_buffers":1,"completion_waits":1,"dispatches":591,"encode":{"nanos":205940,"secs":0},"gpu":{"nanos":8573792,"secs":0},"reused_bytes":2306048,"transient_live_bytes":524288,"transient_peak_bytes":2306048,"wait":{"nanos":8838542,"secs":0}},{"allocated_bytes":4,"allocation_time":{"nanos":5208,"secs":0},"allocations":1,"arena_capacity":244527104,"arena_high_water":268435456,"command_buffers":1,"completion_waits":1,"dispatches":591,"encode":{"nanos":217293,"secs":0},"gpu":{"nanos":8553375,"secs":0},"reused_bytes":2306048,"transient_live_bytes":524288,"transient_peak_bytes":2306048,"wait":{"nanos":8815416,"secs":0}},{"allocated_bytes":4,"allocation_time":{"nanos":3208,"secs":0},"allocations":1,"arena_capacity":244527104,"arena_high_water":268435456,"command_buffers":1,"completion_waits":1,"dispatches":591,"encode":{"nanos":210006,"secs":0},"gpu":{"nanos":8082333,"secs":0},"reused_bytes":2306048,"transient_live_bytes":524288,"transient_peak_bytes":2306048,"wait":{"nanos":8352250,"secs":0}},{"allocated_bytes":4,"allocation_time":{"nanos":3875,"secs":0},"allocations":1,"arena_capacity":244527104,"arena_high_water":268435456,"command_buffers":1,"completion_waits":1,"dispatches":591,"encode":{"nanos":220872,"secs":0},"gpu":{"nanos":8628208,"secs":0},"reused_bytes":2306048,"transient_live_bytes":524288,"transient_peak_bytes":2306048,"wait":{"nanos":8895250,"secs":0}},{"allocated_bytes":4,"allocation_time":{"nanos":3000,"secs":0},"allocations":1,"arena_capacity":244527104,"arena_high_water":268435456,"command_buffers":1,"completion_waits":1,"dispatches":591,"encode":{"nanos":208239,"secs":0},"gpu":{"nanos":8139375,"secs":0},"reused_bytes":2306048,"transient_live_bytes":524288,"transient_peak_bytes":2306048,"wait":{"nanos":8354000,"secs":0}},{"allocated_bytes":4,"allocation_time":{"nanos":3292,"secs":0},"allocations":1,"arena_capacity":244527104,"arena_high_water":268435456,"command_buffers":1,"completion_waits":1,"dispatches":591,"encode":{"nanos":207927,"secs":0},"gpu":{"nanos":8741750,"secs":0},"reused_bytes":2306048,"transient_live_bytes":524288,"transient_peak_bytes":2306048,"wait":{"nanos":8997625,"secs":0}},{"allocated_bytes":4,"allocation_time":{"nanos":2750,"secs":0},"allocations":1,"arena_capacity":244527104,"arena_high_water":268435456,"command_buffers":1,"completion_waits":1,"dispatches":591,"encode":{"nanos":211188,"secs":0},"gpu":{"nanos":9155625,"secs":0},"reused_bytes":2306048,"transient_live_bytes":524288,"transient_peak_bytes":2306048,"wait":{"nanos":9394166,"secs":0}},{"allocated_bytes":4,"allocation_time":{"nanos":4709,"secs":0},"allocations":1,"arena_capacity":244527104,"arena_high_water":268435456,"command_buffers":1,"completion_waits":1,"dispatches":591,"encode":{"nanos":219957,"secs":0},"gpu":{"nanos":8903333,"secs":0},"reused_bytes":2306048,"transient_live_bytes":524288,"transient_peak_bytes":2306048,"wait":{"nanos":9136166,"secs":0}},{"allocated_bytes":4,"allocation_time":{"nanos":3916,"secs":0},"allocations":1,"arena_capacity":244527104,"arena_high_water":268435456,"command_buffers":1,"completion_waits":1,"dispatches":591,"encode":{"nanos":212121,"secs":0},"gpu":{"nanos":8923917,"secs":0},"reused_bytes":2306048,"transient_live_bytes":524288,"transient_peak_bytes":2306048,"wait":{"nanos":9164042,"secs":0}},{"allocated_bytes":4,"allocation_time":{"nanos":3792,"secs":0},"allocations":1,"arena_capacity":244527104,"arena_high_water":268435456,"command_buffers":1,"completion_waits":1,"dispatches":591,"encode":{"nanos":212250,"secs":0},"gpu":{"nanos":8607500,"secs":0},"reused_bytes":2306048,"transient_live_bytes":524288,"transient_peak_bytes":2306048,"wait":{"nanos":8837959,"secs":0}},{"allocated_bytes":114692,"allocation_time":{"nanos":93957,"secs":0},"allocations":57,"arena_capacity":244641792,"arena_high_water":268435456,"command_buffers":1,"completion_waits":1,"dispatches":591,"encode":{"nanos":213211,"secs":0},"gpu":{"nanos":8561500,"secs":0},"reused_bytes":2248704,"transient_live_bytes":524288,"transient_peak_bytes":2363392,"wait":{"nanos":8798625,"secs":0}},{"allocated_bytes":4,"allocation_time":{"nanos":5459,"secs":0},"allocations":1,"arena_capacity":244641792,"arena_high_water":268435456,"command_buffers":1,"completion_waits":1,"dispatches":591,"encode":{"nanos":206409,"secs":0},"gpu":{"nanos":8764917,"secs":0},"reused_bytes":2363392,"transient_live_bytes":524288,"transient_peak_bytes":2363392,"wait":{"nanos":9015584,"secs":0}},{"allocated_bytes":4,"allocation_time":{"nanos":3958,"secs":0},"allocations":1,"arena_capacity":244641792,"arena_high_water":268435456,"command_buffers":1,"completion_waits":1,"dispatches":591,"encode":{"nanos":206170,"secs":0},"gpu":{"nanos":8883958,"secs":0},"reused_bytes":2363392,"transient_live_bytes":524288,"transient_peak_bytes":2363392,"wait":{"nanos":9131667,"secs":0}},{"allocated_bytes":4,"allocation_time":{"nanos":3666,"secs":0},"allocations":1,"arena_capacity":244641792,"arena_high_water":268435456,"command_buffers":1,"completion_waits":1,"dispatches":591,"encode":{"nanos":204121,"secs":0},"gpu":{"nanos":8781250,"secs":0},"reused_bytes":2363392,"transient_live_bytes":524288,"transient_peak_bytes":2363392,"wait":{"nanos":9036083,"secs":0}},{"allocated_bytes":4,"allocation_time":{"nanos":3291,"secs":0},"allocations":1,"arena_capacity":244641792,"arena_high_water":268435456,"command_buffers":1,"completion_waits":1,"dispatches":591,"encode":{"nanos":201506,"secs":0},"gpu":{"nanos":8797917,"secs":0},"reused_bytes":2363392,"transient_live_bytes":524288,"transient_peak_bytes":2363392,"wait":{"nanos":9038250,"secs":0}}],"decode_median_ms":9.497292,"decode_ms":[9.260042,9.342209,9.332,8.849833,9.405417,8.861834,9.497292,9.896583,9.658415999999999,9.668458,9.331333,9.394791,9.520959000000001,9.634209,9.534208000000001,9.503],"decode_profiles":[{},{},{},{},{},{},{},{},{},{},{},{},{},{},{},{}],"decode_tps":105.29317199050003,"first_token_ms":48.119166,"generated_ids":[151667,198,32313,11,279,1196,1101,1053,330,9707,8958,773,358,1184,311,5889,34901],"generated_tokens":17,"generation_ms":202.968125,"generation_tps":83.75699386295261,"kv_active_bytes":4243456,"kv_reserved_bytes":29360128,"model_format":"GGUF","model_repository":"Qwen/Qwen3-0.6B-GGUF","model_revision":"23749fefcc72300e3a2ad315e1317431b06b590a","moe_expert_tensorops":true,"moe_expert_tensorops_min_routes_per_expert":8,"moe_expert_tensorops_tile_k64":true,"packed_quantized_bytes":633233408,"pair":0,"pair_order":"ferrum>llama.cpp","parameter_count":596049920,"prefill_counters":{"allocated_bytes":29360212,"allocation_time":{"nanos":1514248,"secs":0},"allocations":57,"arena_capacity":244527104,"arena_high_water":268435456,"command_buffers":1,"completion_waits":1,"dispatches":591,"encode":{"nanos":253208,"secs":0},"gpu":{"nanos":45316542,"secs":0},"reused_bytes":45613056,"transient_live_bytes":0,"transient_peak_bytes":45613056,"wait":{"nanos":45771959,"secs":0}},"prefill_ms":47.79775,"prefill_profile":{},"prefill_tps":439.35122469153885,"prompt_ids":[151644,8948,198,2610,525,264,10950,17847,13,151645,198,151644,872,198,9707,0,151645,198,151644,77091,198],"prompt_tokens":21,"q4_k_mpp_tile_k64":true,"q5_0_gemv_n4":false,"q5_1_mpp_tile_k64":true,"q8_0_mpp_tile_k64":true,"retained_weight_bytes":633364480,"runtime":"ferrum","sampling_ms":4.246252,"source_tensor_bytes":633495552,"tensor_count":310,"warmup":false,"process_rss_bytes":1148567552,"source_matrix_case_model":"Qwen/Qwen3-0.6B-GGUF@Q8_0","ferrum_options":{"batch_limit_dispatches":1024,"q4_0_gemv_8rows":true,"q4_k_gemv_8rows":true,"q6_k_gemv_8rows":true,"moe_gpu_routing":true,"mlx_affine4_gemv_quad":true},"engine_order":["ferrum","llama.cpp"],"case_index":0,"engine_load_plus_first_warmup_ms":967.3795419512317}
{"case":"short","command_buffer_count":null,"decode_aggregate_tps":166.0674882495835,"decode_median_ms":6.04725,"decode_ms":[6.602583,5.874166,5.896167,6.212708,5.835208,6.04725,6.0775,5.789791,6.131041,5.7735,6.046958,6.148625,5.861708,6.114875,6.205917,5.728375],"decode_tps":165.36442184464013,"dispatch_count":null,"first_token_ms":16.586333,"generated_ids":[151667,198,32313,11,279,1196,1101,1053,330,9707,8958,773,358,1184,311,5889,34901],"generated_tokens":17,"generation_ms":117.085375,"generation_tps":145.1931976986878,"kv_context_capacity_tokens":4096,"kv_type":"bf16","llama_commit":"84e76d8a23162eca70490da131945ebec1f09bf4","llama_version":"0.5.0-dev","model_format":"GGUF","pair":0,"pair_order":"ferrum>llama.cpp","prefill_ms":16.314167,"prefill_tps":1287.2247783169068,"process_max_rss_bytes":1235877888,"prompt_ids":[151644,8948,198,2610,525,264,10950,17847,13,151645,198,151644,872,198,9707,0,151645,198,151644,77091,198],"prompt_tokens":21,"runtime":"llama.cpp","sampling_ms":4.422667000000001,"warmup":false,"process_rss_bytes":1235861504,"source_matrix_case_model":"Qwen/Qwen3-0.6B-GGUF@Q8_0","engine_order":["ferrum","llama.cpp"],"case_index":0,"engine_load_plus_first_warmup_ms":1067.7772499620914}
{"case":"short","command_buffer_count":null,"decode_aggregate_tps":165.92361233623805,"decode_median_ms":6.093125,"decode_ms":[6.5965,5.903625,5.85475,6.23075,5.852666,6.093125,6.112583,5.778167,6.100333,5.778792,5.917375,6.224791,5.804,6.169917,6.18,5.832542],"decode_tps":164.11939686121656,"dispatch_count":null,"first_token_ms":16.544875,"generated_ids":[151667,198,32313,11,279,1196,1101,1053,330,9707,8958,773,358,1184,311,5889,34901],"generated_tokens":17,"generation_ms":117.182042,"generation_tps":145.07342345169238,"kv_context_capacity_tokens":4096,"kv_type":"bf16","llama_commit":"84e76d8a23162eca70490da131945ebec1f09bf4","llama_version":"0.5.0-dev","model_format":"GGUF","pair":1,"pair_order":"llama.cpp>ferrum","prefill_ms":16.267292,"prefill_tps":1290.9339796691422,"process_max_rss_bytes":1235894272,"prompt_ids":[151644,8948,198,2610,525,264,10950,17847,13,151645,198,151644,872,198,9707,0,151645,198,151644,77091,198],"prompt_tokens":21,"runtime":"llama.cpp","sampling_ms":4.4829989999999995,"warmup":false,"process_rss_bytes":1235877888,"source_matrix_case_model":"Qwen/Qwen3-0.6B-GGUF@Q8_0","engine_order":["llama.cpp","ferrum"],"case_index":0,"engine_load_plus_first_warmup_ms":1067.7772499620914}
{"case":"short","decode_aggregate_tps":106.62771911513121,"decode_counters":[{"allocated_bytes":4,"allocation_time":{"nanos":7458,"secs":0},"allocations":1,"arena_capacity":244641792,"arena_high_water":268435456,"command_buffers":1,"completion_waits":1,"dispatches":591,"encode":{"nanos":226589,"secs":0},"gpu":{"nanos":8527500,"secs":0},"reused_bytes":2306048,"transient_live_bytes":524288,"transient_peak_bytes":2306048,"wait":{"nanos":8774250,"secs":0}},{"allocated_bytes":4,"allocation_time":{"nanos":4459,"secs":0},"allocations":1,"arena_capacity":244641792,"arena_high_water":268435456,"command_buffers":1,"completion_waits":1,"dispatches":591,"encode":{"nanos":205425,"secs":0},"gpu":{"nanos":8612792,"secs":0},"reused_bytes":2306048,"transient_live_bytes":524288,"transient_peak_bytes":2306048,"wait":{"nanos":8881500,"secs":0}},{"allocated_bytes":4,"allocation_time":{"nanos":4167,"secs":0},"allocations":1,"arena_capacity":244641792,"arena_high_water":268435456,"command_buffers":1,"completion_waits":1,"dispatches":591,"encode":{"nanos":206737,"secs":0},"gpu":{"nanos":8561583,"secs":0},"reused_bytes":2306048,"transient_live_bytes":524288,"transient_peak_bytes":2306048,"wait":{"nanos":8826208,"secs":0}},{"allocated_bytes":4,"allocation_time":{"nanos":3709,"secs":0},"allocations":1,"arena_capacity":244641792,"arena_high_water":268435456,"command_buffers":1,"completion_waits":1,"dispatches":591,"encode":{"nanos":202459,"secs":0},"gpu":{"nanos":8324708,"secs":0},"reused_bytes":2306048,"transient_live_bytes":524288,"transient_peak_bytes":2306048,"wait":{"nanos":8585625,"secs":0}},{"allocated_bytes":4,"allocation_time":{"nanos":3750,"secs":0},"allocations":1,"arena_capacity":244641792,"arena_high_water":268435456,"command_buffers":1,"completion_waits":1,"dispatches":591,"encode":{"nanos":200939,"secs":0},"gpu":{"nanos":8814125,"secs":0},"reused_bytes":2306048,"transient_live_bytes":524288,"transient_peak_bytes":2306048,"wait":{"nanos":9051041,"secs":0}},{"allocated_bytes":4,"allocation_time":{"nanos":3583,"secs":0},"allocations":1,"arena_capacity":244641792,"arena_high_water":268435456,"command_buffers":1,"completion_waits":1,"dispatches":591,"encode":{"nanos":200964,"secs":0},"gpu":{"nanos":8252000,"secs":0},"reused_bytes":2306048,"transient_live_bytes":524288,"transient_peak_bytes":2306048,"wait":{"nanos":8512709,"secs":0}},{"allocated_bytes":4,"allocation_time":{"nanos":3041,"secs":0},"allocations":1,"arena_capacity":244641792,"arena_high_water":268435456,"command_buffers":1,"completion_waits":1,"dispatches":591,"encode":{"nanos":208763,"secs":0},"gpu":{"nanos":8712500,"secs":0},"reused_bytes":2306048,"transient_live_bytes":524288,"transient_peak_bytes":2306048,"wait":{"nanos":8975917,"secs":0}},{"allocated_bytes":4,"allocation_time":{"nanos":2792,"secs":0},"allocations":1,"arena_capacity":244641792,"arena_high_water":268435456,"command_buffers":1,"completion_waits":1,"dispatches":591,"encode":{"nanos":200084,"secs":0},"gpu":{"nanos":8780875,"secs":0},"reused_bytes":2306048,"transient_live_bytes":524288,"transient_peak_bytes":2306048,"wait":{"nanos":8999792,"secs":0}},{"allocated_bytes":4,"allocation_time":{"nanos":2542,"secs":0},"allocations":1,"arena_capacity":244641792,"arena_high_water":268435456,"command_buffers":1,"completion_waits":1,"dispatches":591,"encode":{"nanos":198519,"secs":0},"gpu":{"nanos":8611333,"secs":0},"reused_bytes":2306048,"transient_live_bytes":524288,"transient_peak_bytes":2306048,"wait":{"nanos":8828250,"secs":0}},{"allocated_bytes":4,"allocation_time":{"nanos":2583,"secs":0},"allocations":1,"arena_capacity":244641792,"arena_high_water":268435456,"command_buffers":1,"completion_waits":1,"dispatches":591,"encode":{"nanos":199369,"secs":0},"gpu":{"nanos":8595333,"secs":0},"reused_bytes":2306048,"transient_live_bytes":524288,"transient_peak_bytes":2306048,"wait":{"nanos":8888875,"secs":0}},{"allocated_bytes":4,"allocation_time":{"nanos":4667,"secs":0},"allocations":1,"arena_capacity":244641792,"arena_high_water":268435456,"command_buffers":1,"completion_waits":1,"dispatches":591,"encode":{"nanos":207972,"secs":0},"gpu":{"nanos":8586500,"secs":0},"reused_bytes":2306048,"transient_live_bytes":524288,"transient_peak_bytes":2306048,"wait":{"nanos":8822500,"secs":0}},{"allocated_bytes":4,"allocation_time":{"nanos":3042,"secs":0},"allocations":1,"arena_capacity":244641792,"arena_high_water":268435456,"command_buffers":1,"completion_waits":1,"dispatches":591,"encode":{"nanos":214620,"secs":0},"gpu":{"nanos":8581000,"secs":0},"reused_bytes":2363392,"transient_live_bytes":524288,"transient_peak_bytes":2363392,"wait":{"nanos":8824916,"secs":0}},{"allocated_bytes":4,"allocation_time":{"nanos":3125,"secs":0},"allocations":1,"arena_capacity":244641792,"arena_high_water":268435456,"command_buffers":1,"completion_waits":1,"dispatches":591,"encode":{"nanos":202425,"secs":0},"gpu":{"nanos":8770750,"secs":0},"reused_bytes":2363392,"transient_live_bytes":524288,"transient_peak_bytes":2363392,"wait":{"nanos":8983542,"secs":0}},{"allocated_bytes":4,"allocation_time":{"nanos":3208,"secs":0},"allocations":1,"arena_capacity":244641792,"arena_high_water":268435456,"command_buffers":1,"completion_waits":1,"dispatches":591,"encode":{"nanos":212490,"secs":0},"gpu":{"nanos":8890042,"secs":0},"reused_bytes":2363392,"transient_live_bytes":524288,"transient_peak_bytes":2363392,"wait":{"nanos":9129250,"secs":0}},{"allocated_bytes":4,"allocation_time":{"nanos":5042,"secs":0},"allocations":1,"arena_capacity":244641792,"arena_high_water":268435456,"command_buffers":1,"completion_waits":1,"dispatches":591,"encode":{"nanos":222817,"secs":0},"gpu":{"nanos":8775875,"secs":0},"reused_bytes":2363392,"transient_live_bytes":524288,"transient_peak_bytes":2363392,"wait":{"nanos":9002292,"secs":0}},{"allocated_bytes":4,"allocation_time":{"nanos":3167,"secs":0},"allocations":1,"arena_capacity":244641792,"arena_high_water":268435456,"command_buffers":1,"completion_waits":1,"dispatches":591,"encode":{"nanos":215373,"secs":0},"gpu":{"nanos":8818792,"secs":0},"reused_bytes":2363392,"transient_live_bytes":524288,"transient_peak_bytes":2363392,"wait":{"nanos":9123667,"secs":0}}],"decode_median_ms":9.379083,"decode_ms":[9.317374999999998,9.379083,9.323709,9.077083,9.51125,9.001624999999999,9.478125,9.462290999999999,9.292333,9.375167,9.293583,9.319583,9.447792,9.638291,9.524,9.6135],"decode_profiles":[{},{},{},{},{},{},{},{},{},{},{},{},{},{},{},{}],"decode_tps":106.62023142347712,"first_token_ms":48.446292,"generated_ids":[151667,198,32313,11,279,1196,1101,1053,330,9707,8958,773,358,1184,311,5889,34901],"generated_tokens":17,"generation_ms":202.68566700000002,"generation_tps":83.87371564857617,"kv_active_bytes":4243456,"kv_reserved_bytes":29360128,"model_format":"GGUF","model_repository":"Qwen/Qwen3-0.6B-GGUF","model_revision":"23749fefcc72300e3a2ad315e1317431b06b590a","moe_expert_tensorops":true,"moe_expert_tensorops_min_routes_per_expert":8,"moe_expert_tensorops_tile_k64":true,"packed_quantized_bytes":633233408,"pair":1,"pair_order":"llama.cpp>ferrum","parameter_count":596049920,"prefill_counters":{"allocated_bytes":29360212,"allocation_time":{"nanos":1749207,"secs":0},"allocations":57,"arena_capacity":244641792,"arena_high_water":268435456,"command_buffers":1,"completion_waits":1,"dispatches":591,"encode":{"nanos":251470,"secs":0},"gpu":{"nanos":45276000,"secs":0},"reused_bytes":45613056,"transient_live_bytes":0,"transient_peak_bytes":45613056,"wait":{"nanos":45865459,"secs":0}},"prefill_ms":48.125167000000005,"prefill_profile":{},"prefill_tps":436.36212213040216,"prompt_ids":[151644,8948,198,2610,525,264,10950,17847,13,151645,198,151644,872,198,9707,0,151645,198,151644,77091,198],"prompt_tokens":21,"q4_k_mpp_tile_k64":true,"q5_0_gemv_n4":false,"q5_1_mpp_tile_k64":true,"q8_0_mpp_tile_k64":true,"retained_weight_bytes":633364480,"runtime":"ferrum","sampling_ms":4.276082,"source_tensor_bytes":633495552,"tensor_count":310,"warmup":false,"process_rss_bytes":1148567552,"source_matrix_case_model":"Qwen/Qwen3-0.6B-GGUF@Q8_0","ferrum_options":{"batch_limit_dispatches":1024,"q4_0_gemv_8rows":true,"q4_k_gemv_8rows":true,"q6_k_gemv_8rows":true,"moe_gpu_routing":true,"mlx_affine4_gemv_quad":true},"engine_order":["llama.cpp","ferrum"],"case_index":0,"engine_load_plus_first_warmup_ms":967.3795419512317}
{"case":"short","decode_aggregate_tps":107.11855916272171,"decode_counters":[{"allocated_bytes":4,"allocation_time":{"nanos":6167,"secs":0},"allocations":1,"arena_capacity":244641792,"arena_high_water":268435456,"command_buffers":1,"completion_waits":1,"dispatches":591,"encode":{"nanos":226206,"secs":0},"gpu":{"nanos":8522708,"secs":0},"reused_bytes":2306048,"transient_live_bytes":524288,"transient_peak_bytes":2306048,"wait":{"nanos":8760833,"secs":0}},{"allocated_bytes":4,"allocation_time":{"nanos":3625,"secs":0},"allocations":1,"arena_capacity":244641792,"arena_high_water":268435456,"command_buffers":1,"completion_waits":1,"dispatches":591,"encode":{"nanos":203127,"secs":0},"gpu":{"nanos":8599375,"secs":0},"reused_bytes":2306048,"transient_live_bytes":524288,"transient_peak_bytes":2306048,"wait":{"nanos":8865375,"secs":0}},{"allocated_bytes":4,"allocation_time":{"nanos":3083,"secs":0},"allocations":1,"arena_capacity":244641792,"arena_high_water":268435456,"command_buffers":1,"completion_waits":1,"dispatches":591,"encode":{"nanos":202469,"secs":0},"gpu":{"nanos":8565042,"secs":0},"reused_bytes":2306048,"transient_live_bytes":524288,"transient_peak_bytes":2306048,"wait":{"nanos":8844292,"secs":0}},{"allocated_bytes":4,"allocation_time":{"nanos":2584,"secs":0},"allocations":1,"arena_capacity":244641792,"arena_high_water":268435456,"command_buffers":1,"completion_waits":1,"dispatches":591,"encode":{"nanos":209663,"secs":0},"gpu":{"nanos":8339708,"secs":0},"reused_bytes":2306048,"transient_live_bytes":524288,"transient_peak_bytes":2306048,"wait":{"nanos":8576125,"secs":0}},{"allocated_bytes":4,"allocation_time":{"nanos":4417,"secs":0},"allocations":1,"arena_capacity":244641792,"arena_high_water":268435456,"command_buffers":1,"completion_waits":1,"dispatches":591,"encode":{"nanos":215118,"secs":0},"gpu":{"nanos":8870875,"secs":0},"reused_bytes":2306048,"transient_live_bytes":524288,"transient_peak_bytes":2306048,"wait":{"nanos":9106917,"secs":0}},{"allocated_bytes":4,"allocation_time":{"nanos":3209,"secs":0},"allocations":1,"arena_capacity":244641792,"arena_high_water":268435456,"command_buffers":1,"completion_waits":1,"dispatches":591,"encode":{"nanos":199593,"secs":0},"gpu":{"nanos":8287125,"secs":0},"reused_bytes":2306048,"transient_live_bytes":524288,"transient_peak_bytes":2306048,"wait":{"nanos":8548792,"secs":0}},{"allocated_bytes":4,"allocation_time":{"nanos":3375,"secs":0},"allocations":1,"arena_capacity":244641792,"arena_high_water":268435456,"command_buffers":1,"completion_waits":1,"dispatches":591,"encode":{"nanos":201880,"secs":0},"gpu":{"nanos":8688250,"secs":0},"reused_bytes":2306048,"transient_live_bytes":524288,"transient_peak_bytes":2306048,"wait":{"nanos":8952958,"secs":0}},{"allocated_bytes":4,"allocation_time":{"nanos":2959,"secs":0},"allocations":1,"arena_capacity":244641792,"arena_high_water":268435456,"command_buffers":1,"completion_waits":1,"dispatches":591,"encode":{"nanos":200701,"secs":0},"gpu":{"nanos":8781750,"secs":0},"reused_bytes":2306048,"transient_live_bytes":524288,"transient_peak_bytes":2306048,"wait":{"nanos":9017209,"secs":0}},{"allocated_bytes":4,"allocation_time":{"nanos":3292,"secs":0},"allocations":1,"arena_capacity":244641792,"arena_high_water":268435456,"command_buffers":1,"completion_waits":1,"dispatches":591,"encode":{"nanos":199638,"secs":0},"gpu":{"nanos":8604958,"secs":0},"reused_bytes":2306048,"transient_live_bytes":524288,"transient_peak_bytes":2306048,"wait":{"nanos":8849417,"secs":0}},{"allocated_bytes":4,"allocation_time":{"nanos":2708,"secs":0},"allocations":1,"arena_capacity":244641792,"arena_high_water":268435456,"command_buffers":1,"completion_waits":1,"dispatches":591,"encode":{"nanos":199510,"secs":0},"gpu":{"nanos":8596500,"secs":0},"reused_bytes":2306048,"transient_live_bytes":524288,"transient_peak_bytes":2306048,"wait":{"nanos":8842500,"secs":0}},{"allocated_bytes":4,"allocation_time":{"nanos":2708,"secs":0},"allocations":1,"arena_capacity":244641792,"arena_high_water":268435456,"command_buffers":1,"completion_waits":1,"dispatches":591,"encode":{"nanos":200900,"secs":0},"gpu":{"nanos":8600583,"secs":0},"reused_bytes":2306048,"transient_live_bytes":524288,"transient_peak_bytes":2306048,"wait":{"nanos":8860208,"secs":0}},{"allocated_bytes":4,"allocation_time":{"nanos":2500,"secs":0},"allocations":1,"arena_capacity":244641792,"arena_high_water":268435456,"command_buffers":1,"completion_waits":1,"dispatches":591,"encode":{"nanos":204785,"secs":0},"gpu":{"nanos":8364375,"secs":0},"reused_bytes":2363392,"transient_live_bytes":524288,"transient_peak_bytes":2363392,"wait":{"nanos":8650417,"secs":0}},{"allocated_bytes":4,"allocation_time":{"nanos":4250,"secs":0},"allocations":1,"arena_capacity":244641792,"arena_high_water":268435456,"command_buffers":1,"completion_waits":1,"dispatches":591,"encode":{"nanos":207953,"secs":0},"gpu":{"nanos":8491417,"secs":0},"reused_bytes":2363392,"transient_live_bytes":524288,"transient_peak_bytes":2363392,"wait":{"nanos":8722792,"secs":0}},{"allocated_bytes":4,"allocation_time":{"nanos":3666,"secs":0},"allocations":1,"arena_capacity":244641792,"arena_high_water":268435456,"command_buffers":1,"completion_waits":1,"dispatches":591,"encode":{"nanos":205388,"secs":0},"gpu":{"nanos":8743542,"secs":0},"reused_bytes":2363392,"transient_live_bytes":524288,"transient_peak_bytes":2363392,"wait":{"nanos":8928708,"secs":0}},{"allocated_bytes":4,"allocation_time":{"nanos":4584,"secs":0},"allocations":1,"arena_capacity":244641792,"arena_high_water":268435456,"command_buffers":1,"completion_waits":1,"dispatches":591,"encode":{"nanos":207456,"secs":0},"gpu":{"nanos":8676542,"secs":0},"reused_bytes":2363392,"transient_live_bytes":524288,"transient_peak_bytes":2363392,"wait":{"nanos":8889167,"secs":0}},{"allocated_bytes":4,"allocation_time":{"nanos":3167,"secs":0},"allocations":1,"arena_capacity":244641792,"arena_high_water":268435456,"command_buffers":1,"completion_waits":1,"dispatches":591,"encode":{"nanos":200580,"secs":0},"gpu":{"nanos":8816375,"secs":0},"reused_bytes":2363392,"transient_live_bytes":524288,"transient_peak_bytes":2363392,"wait":{"nanos":9064875,"secs":0}}],"decode_median_ms":9.350333000000001,"decode_ms":[9.265625,9.327833,9.342875000000001,9.073666,9.628916,9.035875,9.442333000000001,9.475582999999999,9.356708,9.3315,9.350333000000001,9.148333,9.227292,9.397334,9.392917,9.570084],"decode_profiles":[{},{},{},{},{},{},{},{},{},{},{},{},{},{},{},{}],"decode_tps":106.94806270536033,"first_token_ms":48.506333,"generated_ids":[151667,198,32313,11,279,1196,1101,1053,330,9707,8958,773,358,1184,311,5889,34901],"generated_tokens":17,"generation_ms":202.079333,"generation_tps":84.12537664106404,"kv_active_bytes":4243456,"kv_reserved_bytes":29360128,"model_format":"GGUF","model_repository":"Qwen/Qwen3-0.6B-GGUF","model_revision":"23749fefcc72300e3a2ad315e1317431b06b590a","moe_expert_tensorops":true,"moe_expert_tensorops_min_routes_per_expert":8,"moe_expert_tensorops_tile_k64":true,"packed_quantized_bytes":633233408,"pair":2,"pair_order":"ferrum>llama.cpp","parameter_count":596049920,"prefill_counters":{"allocated_bytes":29360212,"allocation_time":{"nanos":1905960,"secs":0},"allocations":57,"arena_capacity":244641792,"arena_high_water":268435456,"command_buffers":1,"completion_waits":1,"dispatches":591,"encode":{"nanos":271749,"secs":0},"gpu":{"nanos":45203125,"secs":0},"reused_bytes":45613056,"transient_live_bytes":0,"transient_peak_bytes":45613056,"wait":{"nanos":45746750,"secs":0}},"prefill_ms":48.173291,"prefill_profile":{},"prefill_tps":435.9262064947981,"prompt_ids":[151644,8948,198,2610,525,264,10950,17847,13,151645,198,151644,872,198,9707,0,151645,198,151644,77091,198],"prompt_tokens":21,"q4_k_mpp_tile_k64":true,"q5_0_gemv_n4":false,"q5_1_mpp_tile_k64":true,"q8_0_mpp_tile_k64":true,"retained_weight_bytes":633364480,"runtime":"ferrum","sampling_ms":4.305917,"source_tensor_bytes":633495552,"tensor_count":310,"warmup":false,"process_rss_bytes":1148583936,"source_matrix_case_model":"Qwen/Qwen3-0.6B-GGUF@Q8_0","ferrum_options":{"batch_limit_dispatches":1024,"q4_0_gemv_8rows":true,"q4_k_gemv_8rows":true,"q6_k_gemv_8rows":true,"moe_gpu_routing":true,"mlx_affine4_gemv_quad":true},"engine_order":["ferrum","llama.cpp"],"case_index":0,"engine_load_plus_first_warmup_ms":967.3795419512317}
{"case":"short","command_buffer_count":null,"decode_aggregate_tps":164.9296771296439,"decode_median_ms":6.11025,"decode_ms":[6.804875,6.180917,5.771584,6.137584,6.11025,5.782917,6.154917,5.8545,6.040333,6.154584,5.897041,6.287541,6.138167,5.79525,6.103,5.797583],"decode_tps":163.65942473712207,"dispatch_count":null,"first_token_ms":16.818833,"generated_ids":[151667,198,32313,11,279,1196,1101,1053,330,9707,8958,773,358,1184,311,5889,34901],"generated_tokens":17,"generation_ms":118.01425,"generation_tps":144.05040069313662,"kv_context_capacity_tokens":4096,"kv_type":"bf16","llama_commit":"84e76d8a23162eca70490da131945ebec1f09bf4","llama_version":"0.5.0-dev","model_format":"GGUF","pair":2,"pair_order":"ferrum>llama.cpp","prefill_ms":16.551583,"prefill_tps":1268.7608188292322,"process_max_rss_bytes":1235910656,"prompt_ids":[151644,8948,198,2610,525,264,10950,17847,13,151645,198,151644,872,198,9707,0,151645,198,151644,77091,198],"prompt_tokens":21,"runtime":"llama.cpp","sampling_ms":4.449623,"warmup":false,"process_rss_bytes":1235877888,"source_matrix_case_model":"Qwen/Qwen3-0.6B-GGUF@Q8_0","engine_order":["ferrum","llama.cpp"],"case_index":0,"engine_load_plus_first_warmup_ms":1067.7772499620914}
{"case":"128","command_buffer_count":null,"decode_aggregate_tps":161.35836636271858,"decode_median_ms":6.219042,"decode_ms":[6.864417,5.911209,6.512208,6.604792,6.189583,6.368708,6.219042,5.848333,6.158125,5.820917,6.188625,6.237708,5.900209,6.25375,6.244584,5.835958],"decode_tps":160.79646993861755,"dispatch_count":null,"first_token_ms":21.733708,"generated_ids":[151667,198,32313,11,1077,594,1490,13,576,1196,3897,264,4013,315,22870,1380,279],"generated_tokens":17,"generation_ms":125.016042,"generation_tps":135.9825485436501,"kv_context_capacity_tokens":4096,"kv_type":"bf16","llama_commit":"84e76d8a23162eca70490da131945ebec1f09bf4","llama_version":"0.5.0-dev","model_format":"GGUF","pair":0,"pair_order":"llama.cpp>ferrum","prefill_ms":21.479,"prefill_tps":5959.309092602077,"process_max_rss_bytes":1235943424,"prompt_ids":[151644,8948,198,2610,525,264,10950,17847,13,151645,198,151644,872,198,785,3974,13876,38835,26005,916,279,15678,5562,13,576,3974,13876,38835,26005,916,279,15678,5562,13,576,3974,13876,38835,26005,916,279,15678,5562,13,576,3974,13876,38835,26005,916,279,15678,5562,13,576,3974,13876,38835,26005,916,279,15678,5562,13,576,3974,13876,38835,26005,916,279,15678,5562,13,576,3974,13876,38835,26005,916,279,15678,5562,13,576,3974,13876,38835,26005,916,279,15678,5562,13,576,3974,13876,38835,26005,916,279,15678,5562,13,576,3974,13876,38835,26005,916,279,15678,5562,13,576,3974,13876,38835,26005,916,279,15678,5562,151645,198,151644,77091,198],"prompt_tokens":128,"runtime":"llama.cpp","sampling_ms":4.377,"warmup":false,"process_rss_bytes":1235910656,"source_matrix_case_model":"Qwen/Qwen3-0.6B-GGUF@Q8_0","engine_order":["llama.cpp","ferrum"],"case_index":1,"engine_load_plus_first_warmup_ms":1067.7772499620914}
{"case":"128","decode_aggregate_tps":104.96162524259911,"decode_counters":[{"allocated_bytes":458756,"allocation_time":{"nanos":215002,"secs":0},"allocations":57,"arena_capacity":267841536,"arena_high_water":268435456,"command_buffers":1,"completion_waits":1,"dispatches":591,"encode":{"nanos":312327,"secs":0},"gpu":{"nanos":8634500,"secs":0},"reused_bytes":2248704,"transient_live_bytes":524288,"transient_peak_bytes":2707456,"wait":{"nanos":8963125,"secs":0}},{"allocated_bytes":4,"allocation_time":{"nanos":6084,"secs":0},"allocations":1,"arena_capacity":267841536,"arena_high_water":268435456,"command_buffers":1,"completion_waits":1,"dispatches":591,"encode":{"nanos":321168,"secs":0},"gpu":{"nanos":8678042,"secs":0},"reused_bytes":2707456,"transient_live_bytes":524288,"transient_peak_bytes":2707456,"wait":{"nanos":8930958,"secs":0}},{"allocated_bytes":4,"allocation_time":{"nanos":6208,"secs":0},"allocations":1,"arena_capacity":267841536,"arena_high_water":268435456,"command_buffers":1,"completion_waits":1,"dispatches":591,"encode":{"nanos":233959,"secs":0},"gpu":{"nanos":9038958,"secs":0},"reused_bytes":2707456,"transient_live_bytes":524288,"transient_peak_bytes":2707456,"wait":{"nanos":9304625,"secs":0}},{"allocated_bytes":4,"allocation_time":{"nanos":5625,"secs":0},"allocations":1,"arena_capacity":267841536,"arena_high_water":268435456,"command_buffers":1,"completion_waits":1,"dispatches":591,"encode":{"nanos":221046,"secs":0},"gpu":{"nanos":8550417,"secs":0},"reused_bytes":2707456,"transient_live_bytes":524288,"transient_peak_bytes":2707456,"wait":{"nanos":8797875,"secs":0}},{"allocated_bytes":4,"allocation_time":{"nanos":6917,"secs":0},"allocations":1,"arena_capacity":267841536,"arena_high_water":268435456,"command_buffers":1,"completion_waits":1,"dispatches":591,"encode":{"nanos":220079,"secs":0},"gpu":{"nanos":8867167,"secs":0},"reused_bytes":2707456,"transient_live_bytes":524288,"transient_peak_bytes":2707456,"wait":{"nanos":9119583,"secs":0}},{"allocated_bytes":4,"allocation_time":{"nanos":5083,"secs":0},"allocations":1,"arena_capacity":267841536,"arena_high_water":268435456,"command_buffers":1,"completion_waits":1,"dispatches":591,"encode":{"nanos":213484,"secs":0},"gpu":{"nanos":8701000,"secs":0},"reused_bytes":2707456,"transient_live_bytes":524288,"transient_peak_bytes":2707456,"wait":{"nanos":8955042,"secs":0}},{"allocated_bytes":4,"allocation_time":{"nanos":5959,"secs":0},"allocations":1,"arena_capacity":267841536,"arena_high_water":268435456,"command_buffers":1,"completion_waits":1,"dispatches":591,"encode":{"nanos":217555,"secs":0},"gpu":{"nanos":8599417,"secs":0},"reused_bytes":2707456,"transient_live_bytes":524288,"transient_peak_bytes":2707456,"wait":{"nanos":8853334,"secs":0}},{"allocated_bytes":4,"allocation_time":{"nanos":7791,"secs":0},"allocations":1,"arena_capacity":267841536,"arena_high_water":268435456,"command_buffers":1,"completion_waits":1,"dispatches":591,"encode":{"nanos":227622,"secs":0},"gpu":{"nanos":8782125,"secs":0},"reused_bytes":2707456,"transient_live_bytes":524288,"transient_peak_bytes":2707456,"wait":{"nanos":9008042,"secs":0}},{"allocated_bytes":4,"allocation_time":{"nanos":4792,"secs":0},"allocations":1,"arena_capacity":267841536,"arena_high_water":268435456,"command_buffers":1,"completion_waits":1,"dispatches":591,"encode":{"nanos":216705,"secs":0},"gpu":{"nanos":8467083,"secs":0},"reused_bytes":2707456,"transient_live_bytes":524288,"transient_peak_bytes":2707456,"wait":{"nanos":8702334,"secs":0}},{"allocated_bytes":4,"allocation_time":{"nanos":6959,"secs":0},"allocations":1,"arena_capacity":267841536,"arena_high_water":268435456,"command_buffers":1,"completion_waits":1,"dispatches":591,"encode":{"nanos":226217,"secs":0},"gpu":{"nanos":8902708,"secs":0},"reused_bytes":2707456,"transient_live_bytes":524288,"transient_peak_bytes":2707456,"wait":{"nanos":9160333,"secs":0}},{"allocated_bytes":4,"allocation_time":{"nanos":7417,"secs":0},"allocations":1,"arena_capacity":267841536,"arena_high_water":268435456,"command_buffers":1,"completion_waits":1,"dispatches":591,"encode":{"nanos":236166,"secs":0},"gpu":{"nanos":8770375,"secs":0},"reused_bytes":2707456,"transient_live_bytes":524288,"transient_peak_bytes":2707456,"wait":{"nanos":9011000,"secs":0}},{"allocated_bytes":4,"allocation_time":{"nanos":8375,"secs":0},"allocations":1,"arena_capacity":267841536,"arena_high_water":268435456,"command_buffers":1,"completion_waits":1,"dispatches":591,"encode":{"nanos":237967,"secs":0},"gpu":{"nanos":8101542,"secs":0},"reused_bytes":2707456,"transient_live_bytes":524288,"transient_peak_bytes":2707456,"wait":{"nanos":8370666,"secs":0}},{"allocated_bytes":4,"allocation_time":{"nanos":9625,"secs":0},"allocations":1,"arena_capacity":267841536,"arena_high_water":268435456,"command_buffers":1,"completion_waits":1,"dispatches":591,"encode":{"nanos":239384,"secs":0},"gpu":{"nanos":8982500,"secs":0},"reused_bytes":2707456,"transient_live_bytes":524288,"transient_peak_bytes":2707456,"wait":{"nanos":9225709,"secs":0}},{"allocated_bytes":4,"allocation_time":{"nanos":12916,"secs":0},"allocations":1,"arena_capacity":267841536,"arena_high_water":268435456,"command_buffers":1,"completion_waits":1,"dispatches":591,"encode":{"nanos":251097,"secs":0},"gpu":{"nanos":8780125,"secs":0},"reused_bytes":2707456,"transient_live_bytes":524288,"transient_peak_bytes":2707456,"wait":{"nanos":9041958,"secs":0}},{"allocated_bytes":4,"allocation_time":{"nanos":9000,"secs":0},"allocations":1,"arena_capacity":267841536,"arena_high_water":268435456,"command_buffers":1,"completion_waits":1,"dispatches":591,"encode":{"nanos":230961,"secs":0},"gpu":{"nanos":8609000,"secs":0},"reused_bytes":2707456,"transient_live_bytes":524288,"transient_peak_bytes":2707456,"wait":{"nanos":8834583,"secs":0}},{"allocated_bytes":4,"allocation_time":{"nanos":9584,"secs":0},"allocations":1,"arena_capacity":267841536,"arena_high_water":268435456,"command_buffers":1,"completion_waits":1,"dispatches":591,"encode":{"nanos":228741,"secs":0},"gpu":{"nanos":9137250,"secs":0},"reused_bytes":2707456,"transient_live_bytes":524288,"transient_peak_bytes":2707456,"wait":{"nanos":9438916,"secs":0}}],"decode_median_ms":9.548041,"decode_ms":[9.831,9.548041,9.825416,9.299083,9.616249999999999,9.441334,9.358500000000001,9.51925,9.193625,9.667334,9.538583,8.89125,9.766916,9.597415999999999,9.357666,9.985000000000001],"decode_profiles":[{},{},{},{},{},{},{},{},{},{},{},{},{},{},{},{}],"decode_tps":104.73352596621653,"first_token_ms":82.372541,"generated_ids":[151667,198,32313,11,1077,594,1490,13,576,1196,3897,264,4013,315,12239,911,264],"generated_tokens":17,"generation_ms":239.083708,"generation_tps":71.10480317630008,"kv_active_bytes":16515072,"kv_reserved_bytes":29360128,"model_format":"GGUF","model_repository":"Qwen/Qwen3-0.6B-GGUF","model_revision":"23749fefcc72300e3a2ad315e1317431b06b590a","moe_expert_tensorops":true,"moe_expert_tensorops_min_routes_per_expert":8,"moe_expert_tensorops_tile_k64":true,"packed_quantized_bytes":633233408,"pair":0,"pair_order":"llama.cpp>ferrum","parameter_count":596049920,"prefill_counters":{"allocated_bytes":279446016,"allocation_time":{"nanos":15045552,"secs":0},"allocations":591,"arena_capacity":268431360,"arena_high_water":268435456,"command_buffers":1,"completion_waits":1,"dispatches":591,"encode":{"nanos":376924,"secs":0},"gpu":{"nanos":62005125,"secs":0},"reused_bytes":524288,"transient_live_bytes":0,"transient_peak_bytes":250609664,"wait":{"nanos":64245083,"secs":0}},"prefill_ms":81.999458,"prefill_profile":{},"prefill_tps":1560.9859274923501,"prompt_ids":[151644,8948,198,2610,525,264,10950,17847,13,151645,198,151644,872,198,785,3974,13876,38835,26005,916,279,15678,5562,13,576,3974,13876,38835,26005,916,279,15678,5562,13,576,3974,13876,38835,26005,916,279,15678,5562,13,576,3974,13876,38835,26005,916,279,15678,5562,13,576,3974,13876,38835,26005,916,279,15678,5562,13,576,3974,13876,38835,26005,916,279,15678,5562,13,576,3974,13876,38835,26005,916,279,15678,5562,13,576,3974,13876,38835,26005,916,279,15678,5562,13,576,3974,13876,38835,26005,916,279,15678,5562,13,576,3974,13876,38835,26005,916,279,15678,5562,13,576,3974,13876,38835,26005,916,279,15678,5562,151645,198,151644,77091,198],"prompt_tokens":128,"q4_k_mpp_tile_k64":true,"q5_0_gemv_n4":false,"q5_1_mpp_tile_k64":true,"q8_0_mpp_tile_k64":true,"retained_weight_bytes":633364480,"runtime":"ferrum","sampling_ms":4.384501,"source_tensor_bytes":633495552,"tensor_count":310,"warmup":false,"process_rss_bytes":1171849216,"source_matrix_case_model":"Qwen/Qwen3-0.6B-GGUF@Q8_0","ferrum_options":{"batch_limit_dispatches":1024,"q4_0_gemv_8rows":true,"q4_k_gemv_8rows":true,"q6_k_gemv_8rows":true,"moe_gpu_routing":true,"mlx_affine4_gemv_quad":true},"engine_order":["llama.cpp","ferrum"],"case_index":1,"engine_load_plus_first_warmup_ms":967.3795419512317}
{"case":"128","decode_aggregate_tps":102.56191128942098,"decode_counters":[{"allocated_bytes":4,"allocation_time":{"nanos":9792,"secs":0},"allocations":1,"arena_capacity":268431360,"arena_high_water":268435456,"command_buffers":1,"completion_waits":1,"dispatches":591,"encode":{"nanos":289763,"secs":0},"gpu":{"nanos":8830208,"secs":0},"reused_bytes":2707456,"transient_live_bytes":524288,"transient_peak_bytes":2707456,"wait":{"nanos":9096375,"secs":0}},{"allocated_bytes":4,"allocation_time":{"nanos":6042,"secs":0},"allocations":1,"arena_capacity":268431360,"arena_high_water":268435456,"command_buffers":1,"completion_waits":1,"dispatches":591,"encode":{"nanos":301418,"secs":0},"gpu":{"nanos":9088917,"secs":0},"reused_bytes":2707456,"transient_live_bytes":524288,"transient_peak_bytes":2707456,"wait":{"nanos":9349334,"secs":0}},{"allocated_bytes":4,"allocation_time":{"nanos":4958,"secs":0},"allocations":1,"arena_capacity":268431360,"arena_high_water":268435456,"command_buffers":1,"completion_waits":1,"dispatches":591,"encode":{"nanos":323410,"secs":0},"gpu":{"nanos":9079083,"secs":0},"reused_bytes":2707456,"transient_live_bytes":524288,"transient_peak_bytes":2707456,"wait":{"nanos":9424167,"secs":0}},{"allocated_bytes":4,"allocation_time":{"nanos":9375,"secs":0},"allocations":1,"arena_capacity":268431360,"arena_high_water":268435456,"command_buffers":1,"completion_waits":1,"dispatches":591,"encode":{"nanos":339163,"secs":0},"gpu":{"nanos":8739625,"secs":0},"reused_bytes":2707456,"transient_live_bytes":524288,"transient_peak_bytes":2707456,"wait":{"nanos":9080209,"secs":0}},{"allocated_bytes":4,"allocation_time":{"nanos":9375,"secs":0},"allocations":1,"arena_capacity":268431360,"arena_high_water":268435456,"command_buffers":1,"completion_waits":1,"dispatches":591,"encode":{"nanos":377468,"secs":0},"gpu":{"nanos":8716750,"secs":0},"reused_bytes":2707456,"transient_live_bytes":524288,"transient_peak_bytes":2707456,"wait":{"nanos":8989709,"secs":0}},{"allocated_bytes":4,"allocation_time":{"nanos":7250,"secs":0},"allocations":1,"arena_capacity":268431360,"arena_high_water":268435456,"command_buffers":1,"completion_waits":1,"dispatches":591,"encode":{"nanos":365404,"secs":0},"gpu":{"nanos":8766583,"secs":0},"reused_bytes":2707456,"transient_live_bytes":524288,"transient_peak_bytes":2707456,"wait":{"nanos":9044417,"secs":0}},{"allocated_bytes":4,"allocation_time":{"nanos":8375,"secs":0},"allocations":1,"arena_capacity":268431360,"arena_high_water":268435456,"command_buffers":1,"completion_waits":1,"dispatches":591,"encode":{"nanos":367127,"secs":0},"gpu":{"nanos":8757208,"secs":0},"reused_bytes":2707456,"transient_live_bytes":524288,"transient_peak_bytes":2707456,"wait":{"nanos":9066583,"secs":0}},{"allocated_bytes":4,"allocation_time":{"nanos":6250,"secs":0},"allocations":1,"arena_capacity":268431360,"arena_high_water":268435456,"command_buffers":1,"completion_waits":1,"dispatches":591,"encode":{"nanos":389902,"secs":0},"gpu":{"nanos":8827625,"secs":0},"reused_bytes":2707456,"transient_live_bytes":524288,"transient_peak_bytes":2707456,"wait":{"nanos":9134500,"secs":0}},{"allocated_bytes":4,"allocation_time":{"nanos":5375,"secs":0},"allocations":1,"arena_capacity":268431360,"arena_high_water":268435456,"command_buffers":1,"completion_waits":1,"dispatches":591,"encode":{"nanos":309126,"secs":0},"gpu":{"nanos":8406000,"secs":0},"reused_bytes":2707456,"transient_live_bytes":524288,"transient_peak_bytes":2707456,"wait":{"nanos":8727083,"secs":0}},{"allocated_bytes":4,"allocation_time":{"nanos":5292,"secs":0},"allocations":1,"arena_capacity":268431360,"arena_high_water":268435456,"command_buffers":1,"completion_waits":1,"dispatches":591,"encode":{"nanos":324166,"secs":0},"gpu":{"nanos":8866500,"secs":0},"reused_bytes":2707456,"transient_live_bytes":524288,"transient_peak_bytes":2707456,"wait":{"nanos":9105209,"secs":0}},{"allocated_bytes":4,"allocation_time":{"nanos":4125,"secs":0},"allocations":1,"arena_capacity":268431360,"arena_high_water":268435456,"command_buffers":1,"completion_waits":1,"dispatches":591,"encode":{"nanos":260833,"secs":0},"gpu":{"nanos":8573250,"secs":0},"reused_bytes":2707456,"transient_live_bytes":524288,"transient_peak_bytes":2707456,"wait":{"nanos":8774584,"secs":0}},{"allocated_bytes":4,"allocation_time":{"nanos":4916,"secs":0},"allocations":1,"arena_capacity":268431360,"arena_high_water":268435456,"command_buffers":1,"completion_waits":1,"dispatches":591,"encode":{"nanos":243459,"secs":0},"gpu":{"nanos":8556125,"secs":0},"reused_bytes":2707456,"transient_live_bytes":524288,"transient_peak_bytes":2707456,"wait":{"nanos":8765292,"secs":0}},{"allocated_bytes":4,"allocation_time":{"nanos":3500,"secs":0},"allocations":1,"arena_capacity":268431360,"arena_high_water":268435456,"command_buffers":1,"completion_waits":1,"dispatches":591,"encode":{"nanos":223740,"secs":0},"gpu":{"nanos":9099000,"secs":0},"reused_bytes":2707456,"transient_live_bytes":524288,"transient_peak_bytes":2707456,"wait":{"nanos":9329083,"secs":0}},{"allocated_bytes":4,"allocation_time":{"nanos":2708,"secs":0},"allocations":1,"arena_capacity":268431360,"arena_high_water":268435456,"command_buffers":1,"completion_waits":1,"dispatches":591,"encode":{"nanos":206368,"secs":0},"gpu":{"nanos":8967250,"secs":0},"reused_bytes":2707456,"transient_live_bytes":524288,"transient_peak_bytes":2707456,"wait":{"nanos":9205458,"secs":0}},{"allocated_bytes":4,"allocation_time":{"nanos":2625,"secs":0},"allocations":1,"arena_capacity":268431360,"arena_high_water":268435456,"command_buffers":1,"completion_waits":1,"dispatches":591,"encode":{"nanos":205832,"secs":0},"gpu":{"nanos":8659125,"secs":0},"reused_bytes":2707456,"transient_live_bytes":524288,"transient_peak_bytes":2707456,"wait":{"nanos":8902334,"secs":0}},{"allocated_bytes":4,"allocation_time":{"nanos":2833,"secs":0},"allocations":1,"arena_capacity":268431360,"arena_high_water":268435456,"command_buffers":1,"completion_waits":1,"dispatches":591,"encode":{"nanos":203258,"secs":0},"gpu":{"nanos":8925000,"secs":0},"reused_bytes":2707456,"transient_live_bytes":524288,"transient_peak_bytes":2707456,"wait":{"nanos":9181583,"secs":0}}],"decode_median_ms":9.847042,"decode_ms":[9.771666,10.043708,10.171083,9.868459,9.847042,9.870333,9.901917,9.982041,9.431583,9.825000000000001,9.356042,9.300542,9.853208,9.70325,9.404042,9.673417],"decode_profiles":[{},{},{},{},{},{},{},{},{},{},{},{},{},{},{},{}],"decode_tps":101.55333957141647,"first_token_ms":67.715667,"generated_ids":[151667,198,32313,11,1077,594,1490,13,576,1196,3897,264,4013,315,12239,911,264],"generated_tokens":17,"generation_ms":229.258459,"generation_tps":74.1521166728247,"kv_active_bytes":16515072,"kv_reserved_bytes":29360128,"model_format":"GGUF","model_repository":"Qwen/Qwen3-0.6B-GGUF","model_revision":"23749fefcc72300e3a2ad315e1317431b06b590a","moe_expert_tensorops":true,"moe_expert_tensorops_min_routes_per_expert":8,"moe_expert_tensorops_tile_k64":true,"packed_quantized_bytes":633233408,"pair":1,"pair_order":"ferrum>llama.cpp","parameter_count":596049920,"prefill_counters":{"allocated_bytes":30933504,"allocation_time":{"nanos":1710707,"secs":0},"allocations":59,"arena_capacity":268431360,"arena_high_water":268435456,"command_buffers":1,"completion_waits":1,"dispatches":591,"encode":{"nanos":294949,"secs":0},"gpu":{"nanos":64501625,"secs":0},"reused_bytes":249036800,"transient_live_bytes":0,"transient_peak_bytes":250609664,"wait":{"nanos":65002459,"secs":0}},"prefill_ms":67.290375,"prefill_profile":{},"prefill_tps":1902.2036955508124,"prompt_ids":[151644,8948,198,2610,525,264,10950,17847,13,151645,198,151644,872,198,785,3974,13876,38835,26005,916,279,15678,5562,13,576,3974,13876,38835,26005,916,279,15678,5562,13,576,3974,13876,38835,26005,916,279,15678,5562,13,576,3974,13876,38835,26005,916,279,15678,5562,13,576,3974,13876,38835,26005,916,279,15678,5562,13,576,3974,13876,38835,26005,916,279,15678,5562,13,576,3974,13876,38835,26005,916,279,15678,5562,13,576,3974,13876,38835,26005,916,279,15678,5562,13,576,3974,13876,38835,26005,916,279,15678,5562,13,576,3974,13876,38835,26005,916,279,15678,5562,13,576,3974,13876,38835,26005,916,279,15678,5562,151645,198,151644,77091,198],"prompt_tokens":128,"q4_k_mpp_tile_k64":true,"q5_0_gemv_n4":false,"q5_1_mpp_tile_k64":true,"q8_0_mpp_tile_k64":true,"retained_weight_bytes":633364480,"runtime":"ferrum","sampling_ms":5.696459,"source_tensor_bytes":633495552,"tensor_count":310,"warmup":false,"process_rss_bytes":1172439040,"source_matrix_case_model":"Qwen/Qwen3-0.6B-GGUF@Q8_0","ferrum_options":{"batch_limit_dispatches":1024,"q4_0_gemv_8rows":true,"q4_k_gemv_8rows":true,"q6_k_gemv_8rows":true,"moe_gpu_routing":true,"mlx_affine4_gemv_quad":true},"engine_order":["ferrum","llama.cpp"],"case_index":1,"engine_load_plus_first_warmup_ms":967.3795419512317}
{"case":"128","command_buffer_count":null,"decode_aggregate_tps":159.83124058631455,"decode_median_ms":6.299375,"decode_ms":[6.892417,6.48125,5.967542,6.274334,6.299375,5.915542,6.464167,5.90925,5.926709,6.322042,6.299208,6.301333,6.267458,5.967959,6.403375,6.413625],"decode_tps":158.7459073320766,"dispatch_count":null,"first_token_ms":21.875083,"generated_ids":[151667,198,32313,11,1077,594,1490,13,576,1196,3897,264,4013,315,22870,1380,279],"generated_tokens":17,"generation_ms":126.110333,"generation_tps":134.80259385247996,"kv_context_capacity_tokens":4096,"kv_type":"bf16","llama_commit":"84e76d8a23162eca70490da131945ebec1f09bf4","llama_version":"0.5.0-dev","model_format":"GGUF","pair":1,"pair_order":"ferrum>llama.cpp","prefill_ms":21.61325,"prefill_tps":5922.293037835587,"process_max_rss_bytes":1235943424,"prompt_ids":[151644,8948,198,2610,525,264,10950,17847,13,151645,198,151644,872,198,785,3974,13876,38835,26005,916,279,15678,5562,13,576,3974,13876,38835,26005,916,279,15678,5562,13,576,3974,13876,38835,26005,916,279,15678,5562,13,576,3974,13876,38835,26005,916,279,15678,5562,13,576,3974,13876,38835,26005,916,279,15678,5562,13,576,3974,13876,38835,26005,916,279,15678,5562,13,576,3974,13876,38835,26005,916,279,15678,5562,13,576,3974,13876,38835,26005,916,279,15678,5562,13,576,3974,13876,38835,26005,916,279,15678,5562,13,576,3974,13876,38835,26005,916,279,15678,5562,13,576,3974,13876,38835,26005,916,279,15678,5562,151645,198,151644,77091,198],"prompt_tokens":128,"runtime":"llama.cpp","sampling_ms":4.389460000000001,"warmup":false,"process_rss_bytes":1235943424,"source_matrix_case_model":"Qwen/Qwen3-0.6B-GGUF@Q8_0","engine_order":["ferrum","llama.cpp"],"case_index":1,"engine_load_plus_first_warmup_ms":1067.7772499620914}
{"case":"128","command_buffer_count":null,"decode_aggregate_tps":162.02524754369216,"decode_median_ms":6.217458,"decode_ms":[6.925,6.290042,5.923375,6.395667,5.963125,6.341792,6.381583,5.954459,6.217458,6.211375,5.83275,6.205375,6.2525,5.782666,6.236875,5.836],"decode_tps":160.83743549212556,"dispatch_count":null,"first_token_ms":21.335542,"generated_ids":[151667,198,32313,11,1077,594,1490,13,576,1196,3897,264,4013,315,22870,1380,279],"generated_tokens":17,"generation_ms":124.221334,"generation_tps":136.8524991045419,"kv_context_capacity_tokens":4096,"kv_type":"bf16","llama_commit":"84e76d8a23162eca70490da131945ebec1f09bf4","llama_version":"0.5.0-dev","model_format":"GGUF","pair":2,"pair_order":"llama.cpp>ferrum","prefill_ms":21.058625,"prefill_tps":6078.26959262535,"process_max_rss_bytes":1235976192,"prompt_ids":[151644,8948,198,2610,525,264,10950,17847,13,151645,198,151644,872,198,785,3974,13876,38835,26005,916,279,15678,5562,13,576,3974,13876,38835,26005,916,279,15678,5562,13,576,3974,13876,38835,26005,916,279,15678,5562,13,576,3974,13876,38835,26005,916,279,15678,5562,13,576,3974,13876,38835,26005,916,279,15678,5562,13,576,3974,13876,38835,26005,916,279,15678,5562,13,576,3974,13876,38835,26005,916,279,15678,5562,13,576,3974,13876,38835,26005,916,279,15678,5562,13,576,3974,13876,38835,26005,916,279,15678,5562,13,576,3974,13876,38835,26005,916,279,15678,5562,13,576,3974,13876,38835,26005,916,279,15678,5562,151645,198,151644,77091,198],"prompt_tokens":128,"runtime":"llama.cpp","sampling_ms":4.410502000000001,"warmup":false,"process_rss_bytes":1235943424,"source_matrix_case_model":"Qwen/Qwen3-0.6B-GGUF@Q8_0","engine_order":["llama.cpp","ferrum"],"case_index":1,"engine_load_plus_first_warmup_ms":1067.7772499620914}
{"case":"128","decode_aggregate_tps":106.54180464357528,"decode_counters":[{"allocated_bytes":4,"allocation_time":{"nanos":6208,"secs":0},"allocations":1,"arena_capacity":268431360,"arena_high_water":268435456,"command_buffers":1,"completion_waits":1,"dispatches":591,"encode":{"nanos":230406,"secs":0},"gpu":{"nanos":8611667,"secs":0},"reused_bytes":2707456,"transient_live_bytes":524288,"transient_peak_bytes":2707456,"wait":{"nanos":8869125,"secs":0}},{"allocated_bytes":4,"allocation_time":{"nanos":4083,"secs":0},"allocations":1,"arena_capacity":268431360,"arena_high_water":268435456,"command_buffers":1,"completion_waits":1,"dispatches":591,"encode":{"nanos":208796,"secs":0},"gpu":{"nanos":8618292,"secs":0},"reused_bytes":2707456,"transient_live_bytes":524288,"transient_peak_bytes":2707456,"wait":{"nanos":8869417,"secs":0}},{"allocated_bytes":4,"allocation_time":{"nanos":3167,"secs":0},"allocations":1,"arena_capacity":268431360,"arena_high_water":268435456,"command_buffers":1,"completion_waits":1,"dispatches":591,"encode":{"nanos":205701,"secs":0},"gpu":{"nanos":8884333,"secs":0},"reused_bytes":2707456,"transient_live_bytes":524288,"transient_peak_bytes":2707456,"wait":{"nanos":9126292,"secs":0}},{"allocated_bytes":4,"allocation_time":{"nanos":3375,"secs":0},"allocations":1,"arena_capacity":268431360,"arena_high_water":268435456,"command_buffers":1,"completion_waits":1,"dispatches":591,"encode":{"nanos":205339,"secs":0},"gpu":{"nanos":8470000,"secs":0},"reused_bytes":2707456,"transient_live_bytes":524288,"transient_peak_bytes":2707456,"wait":{"nanos":8731541,"secs":0}},{"allocated_bytes":4,"allocation_time":{"nanos":2917,"secs":0},"allocations":1,"arena_capacity":268431360,"arena_high_water":268435456,"command_buffers":1,"completion_waits":1,"dispatches":591,"encode":{"nanos":205331,"secs":0},"gpu":{"nanos":8830083,"secs":0},"reused_bytes":2707456,"transient_live_bytes":524288,"transient_peak_bytes":2707456,"wait":{"nanos":9097209,"secs":0}},{"allocated_bytes":4,"allocation_time":{"nanos":2958,"secs":0},"allocations":1,"arena_capacity":268431360,"arena_high_water":268435456,"command_buffers":1,"completion_waits":1,"dispatches":591,"encode":{"nanos":205100,"secs":0},"gpu":{"nanos":8555125,"secs":0},"reused_bytes":2707456,"transient_live_bytes":524288,"transient_peak_bytes":2707456,"wait":{"nanos":8818667,"secs":0}},{"allocated_bytes":4,"allocation_time":{"nanos":3833,"secs":0},"allocations":1,"arena_capacity":268431360,"arena_high_water":268435456,"command_buffers":1,"completion_waits":1,"dispatches":591,"encode":{"nanos":206122,"secs":0},"gpu":{"nanos":8592583,"secs":0},"reused_bytes":2707456,"transient_live_bytes":524288,"transient_peak_bytes":2707456,"wait":{"nanos":8838084,"secs":0}},{"allocated_bytes":4,"allocation_time":{"nanos":3459,"secs":0},"allocations":1,"arena_capacity":268431360,"arena_high_water":268435456,"command_buffers":1,"completion_waits":1,"dispatches":591,"encode":{"nanos":213429,"secs":0},"gpu":{"nanos":8768708,"secs":0},"reused_bytes":2707456,"transient_live_bytes":524288,"transient_peak_bytes":2707456,"wait":{"nanos":9029416,"secs":0}},{"allocated_bytes":4,"allocation_time":{"nanos":4416,"secs":0},"allocations":1,"arena_capacity":268431360,"arena_high_water":268435456,"command_buffers":1,"completion_waits":1,"dispatches":591,"encode":{"nanos":228460,"secs":0},"gpu":{"nanos":8305750,"secs":0},"reused_bytes":2707456,"transient_live_bytes":524288,"transient_peak_bytes":2707456,"wait":{"nanos":8541125,"secs":0}},{"allocated_bytes":4,"allocation_time":{"nanos":3500,"secs":0},"allocations":1,"arena_capacity":268431360,"arena_high_water":268435456,"command_buffers":1,"completion_waits":1,"dispatches":591,"encode":{"nanos":205957,"secs":0},"gpu":{"nanos":8712417,"secs":0},"reused_bytes":2707456,"transient_live_bytes":524288,"transient_peak_bytes":2707456,"wait":{"nanos":8965500,"secs":0}},{"allocated_bytes":4,"allocation_time":{"nanos":4917,"secs":0},"allocations":1,"arena_capacity":268431360,"arena_high_water":268435456,"command_buffers":1,"completion_waits":1,"dispatches":591,"encode":{"nanos":212007,"secs":0},"gpu":{"nanos":8355625,"secs":0},"reused_bytes":2707456,"transient_live_bytes":524288,"transient_peak_bytes":2707456,"wait":{"nanos":8606041,"secs":0}},{"allocated_bytes":4,"allocation_time":{"nanos":3958,"secs":0},"allocations":1,"arena_capacity":268431360,"arena_high_water":268435456,"command_buffers":1,"completion_waits":1,"dispatches":591,"encode":{"nanos":218450,"secs":0},"gpu":{"nanos":8354125,"secs":0},"reused_bytes":2707456,"transient_live_bytes":524288,"transient_peak_bytes":2707456,"wait":{"nanos":8639375,"secs":0}},{"allocated_bytes":4,"allocation_time":{"nanos":3458,"secs":0},"allocations":1,"arena_capacity":268431360,"arena_high_water":268435456,"command_buffers":1,"completion_waits":1,"dispatches":591,"encode":{"nanos":214541,"secs":0},"gpu":{"nanos":8880250,"secs":0},"reused_bytes":2707456,"transient_live_bytes":524288,"transient_peak_bytes":2707456,"wait":{"nanos":9140792,"secs":0}},{"allocated_bytes":4,"allocation_time":{"nanos":3458,"secs":0},"allocations":1,"arena_capacity":268431360,"arena_high_water":268435456,"command_buffers":1,"completion_waits":1,"dispatches":591,"encode":{"nanos":201089,"secs":0},"gpu":{"nanos":8853375,"secs":0},"reused_bytes":2707456,"transient_live_bytes":524288,"transient_peak_bytes":2707456,"wait":{"nanos":9127708,"secs":0}},{"allocated_bytes":4,"allocation_time":{"nanos":3417,"secs":0},"allocations":1,"arena_capacity":268431360,"arena_high_water":268435456,"command_buffers":1,"completion_waits":1,"dispatches":591,"encode":{"nanos":206342,"secs":0},"gpu":{"nanos":8507375,"secs":0},"reused_bytes":2707456,"transient_live_bytes":524288,"transient_peak_bytes":2707456,"wait":{"nanos":8780875,"secs":0}},{"allocated_bytes":4,"allocation_time":{"nanos":3292,"secs":0},"allocations":1,"arena_capacity":268431360,"arena_high_water":268435456,"command_buffers":1,"completion_waits":1,"dispatches":591,"encode":{"nanos":203986,"secs":0},"gpu":{"nanos":8714250,"secs":0},"reused_bytes":2707456,"transient_live_bytes":524288,"transient_peak_bytes":2707456,"wait":{"nanos":8982791,"secs":0}}],"decode_median_ms":9.410167000000001,"decode_ms":[9.410167000000001,9.388708000000001,9.591459,9.225499999999998,9.607875,9.321375,9.304875000000001,9.560041,9.049916999999999,9.430709,9.086416999999999,9.169125000000001,9.658084,9.617458000000001,9.278125,9.475958],"decode_profiles":[{},{},{},{},{},{},{},{},{},{},{},{},{},{},{},{}],"decode_tps":106.26803966390818,"first_token_ms":65.706875,"generated_ids":[151667,198,32313,11,1077,594,1490,13,576,1196,3897,264,4013,315,12239,911,264],"generated_tokens":17,"generation_ms":220.067625,"generation_tps":77.24898198905905,"kv_active_bytes":16515072,"kv_reserved_bytes":29360128,"model_format":"GGUF","model_repository":"Qwen/Qwen3-0.6B-GGUF","model_revision":"23749fefcc72300e3a2ad315e1317431b06b590a","moe_expert_tensorops":true,"moe_expert_tensorops_min_routes_per_expert":8,"moe_expert_tensorops_tile_k64":true,"packed_quantized_bytes":633233408,"pair":2,"pair_order":"llama.cpp>ferrum","parameter_count":596049920,"prefill_counters":{"allocated_bytes":29360640,"allocation_time":{"nanos":2056001,"secs":0},"allocations":57,"arena_capacity":268431360,"arena_high_water":268435456,"command_buffers":1,"completion_waits":1,"dispatches":591,"encode":{"nanos":290123,"secs":0},"gpu":{"nanos":62338792,"secs":0},"reused_bytes":250609664,"transient_live_bytes":0,"transient_peak_bytes":250609664,"wait":{"nanos":62774583,"secs":0}},"prefill_ms":65.3865,"prefill_profile":{},"prefill_tps":1957.5906341523098,"prompt_ids":[151644,8948,198,2610,525,264,10950,17847,13,151645,198,151644,872,198,785,3974,13876,38835,26005,916,279,15678,5562,13,576,3974,13876,38835,26005,916,279,15678,5562,13,576,3974,13876,38835,26005,916,279,15678,5562,13,576,3974,13876,38835,26005,916,279,15678,5562,13,576,3974,13876,38835,26005,916,279,15678,5562,13,576,3974,13876,38835,26005,916,279,15678,5562,13,576,3974,13876,38835,26005,916,279,15678,5562,13,576,3974,13876,38835,26005,916,279,15678,5562,13,576,3974,13876,38835,26005,916,279,15678,5562,13,576,3974,13876,38835,26005,916,279,15678,5562,13,576,3974,13876,38835,26005,916,279,15678,5562,151645,198,151644,77091,198],"prompt_tokens":128,"q4_k_mpp_tile_k64":true,"q5_0_gemv_n4":false,"q5_1_mpp_tile_k64":true,"q8_0_mpp_tile_k64":true,"retained_weight_bytes":633364480,"runtime":"ferrum","sampling_ms":4.268957,"source_tensor_bytes":633495552,"tensor_count":310,"warmup":false,"process_rss_bytes":1172439040,"source_matrix_case_model":"Qwen/Qwen3-0.6B-GGUF@Q8_0","ferrum_options":{"batch_limit_dispatches":1024,"q4_0_gemv_8rows":true,"q4_k_gemv_8rows":true,"q6_k_gemv_8rows":true,"moe_gpu_routing":true,"mlx_affine4_gemv_quad":true},"engine_order":["llama.cpp","ferrum"],"case_index":1,"engine_load_plus_first_warmup_ms":967.3795419512317}
{"case":"512","decode_aggregate_tps":93.82997099105701,"decode_counters":[{"allocated_bytes":120999940,"allocation_time":{"nanos":6391042,"secs":0},"allocations":591,"arena_capacity":262033408,"arena_high_water":268435456,"command_buffers":1,"completion_waits":1,"dispatches":647,"encode":{"nanos":311244,"secs":0},"gpu":{"nanos":10174875,"secs":0},"reused_bytes":524288,"transient_live_bytes":524288,"transient_peak_bytes":4083712,"wait":{"nanos":11048708,"secs":0}},{"allocated_bytes":4,"allocation_time":{"nanos":4417,"secs":0},"allocations":1,"arena_capacity":262033408,"arena_high_water":268435456,"command_buffers":1,"completion_waits":1,"dispatches":591,"encode":{"nanos":214206,"secs":0},"gpu":{"nanos":9057833,"secs":0},"reused_bytes":4083712,"transient_live_bytes":524288,"transient_peak_bytes":4083712,"wait":{"nanos":9277250,"secs":0}},{"allocated_bytes":4,"allocation_time":{"nanos":4208,"secs":0},"allocations":1,"arena_capacity":262033408,"arena_high_water":268435456,"command_buffers":1,"completion_waits":1,"dispatches":591,"encode":{"nanos":215165,"secs":0},"gpu":{"nanos":9403333,"secs":0},"reused_bytes":4083712,"transient_live_bytes":524288,"transient_peak_bytes":4083712,"wait":{"nanos":9626958,"secs":0}},{"allocated_bytes":4,"allocation_time":{"nanos":4334,"secs":0},"allocations":1,"arena_capacity":262033408,"arena_high_water":268435456,"command_buffers":1,"completion_waits":1,"dispatches":591,"encode":{"nanos":208112,"secs":0},"gpu":{"nanos":9466625,"secs":0},"reused_bytes":4083712,"transient_live_bytes":524288,"transient_peak_bytes":4083712,"wait":{"nanos":9699791,"secs":0}},{"allocated_bytes":4,"allocation_time":{"nanos":3833,"secs":0},"allocations":1,"arena_capacity":262033408,"arena_high_water":268435456,"command_buffers":1,"completion_waits":1,"dispatches":591,"encode":{"nanos":205681,"secs":0},"gpu":{"nanos":9710000,"secs":0},"reused_bytes":4083712,"transient_live_bytes":524288,"transient_peak_bytes":4083712,"wait":{"nanos":9965250,"secs":0}},{"allocated_bytes":4,"allocation_time":{"nanos":2958,"secs":0},"allocations":1,"arena_capacity":262033408,"arena_high_water":268435456,"command_buffers":1,"completion_waits":1,"dispatches":591,"encode":{"nanos":203909,"secs":0},"gpu":{"nanos":9448792,"secs":0},"reused_bytes":4083712,"transient_live_bytes":524288,"transient_peak_bytes":4083712,"wait":{"nanos":9720625,"secs":0}},{"allocated_bytes":4,"allocation_time":{"nanos":4542,"secs":0},"allocations":1,"arena_capacity":262033408,"arena_high_water":268435456,"command_buffers":1,"completion_waits":1,"dispatches":591,"encode":{"nanos":210919,"secs":0},"gpu":{"nanos":9325208,"secs":0},"reused_bytes":4083712,"transient_live_bytes":524288,"transient_peak_bytes":4083712,"wait":{"nanos":9597584,"secs":0}},{"allocated_bytes":4,"allocation_time":{"nanos":3500,"secs":0},"allocations":1,"arena_capacity":262033408,"arena_high_water":268435456,"command_buffers":1,"completion_waits":1,"dispatches":591,"encode":{"nanos":204996,"secs":0},"gpu":{"nanos":9202458,"secs":0},"reused_bytes":4083712,"transient_live_bytes":524288,"transient_peak_bytes":4083712,"wait":{"nanos":9468667,"secs":0}},{"allocated_bytes":4,"allocation_time":{"nanos":2958,"secs":0},"allocations":1,"arena_capacity":262033408,"arena_high_water":268435456,"command_buffers":1,"completion_waits":1,"dispatches":591,"encode":{"nanos":203075,"secs":0},"gpu":{"nanos":9726000,"secs":0},"reused_bytes":4083712,"transient_live_bytes":524288,"transient_peak_bytes":4083712,"wait":{"nanos":9995750,"secs":0}},{"allocated_bytes":4,"allocation_time":{"nanos":3875,"secs":0},"allocations":1,"arena_capacity":262033408,"arena_high_water":268435456,"command_buffers":1,"completion_waits":1,"dispatches":591,"encode":{"nanos":205801,"secs":0},"gpu":{"nanos":9319792,"secs":0},"reused_bytes":4083712,"transient_live_bytes":524288,"transient_peak_bytes":4083712,"wait":{"nanos":9623584,"secs":0}},{"allocated_bytes":4,"allocation_time":{"nanos":3625,"secs":0},"allocations":1,"arena_capacity":262033408,"arena_high_water":268435456,"command_buffers":1,"completion_waits":1,"dispatches":591,"encode":{"nanos":209605,"secs":0},"gpu":{"nanos":9034042,"secs":0},"reused_bytes":4083712,"transient_live_bytes":524288,"transient_peak_bytes":4083712,"wait":{"nanos":9281041,"secs":0}},{"allocated_bytes":4,"allocation_time":{"nanos":3083,"secs":0},"allocations":1,"arena_capacity":262033408,"arena_high_water":268435456,"command_buffers":1,"completion_waits":1,"dispatches":591,"encode":{"nanos":218907,"secs":0},"gpu":{"nanos":9427625,"secs":0},"reused_bytes":4083712,"transient_live_bytes":524288,"transient_peak_bytes":4083712,"wait":{"nanos":9661208,"secs":0}},{"allocated_bytes":4,"allocation_time":{"nanos":3125,"secs":0},"allocations":1,"arena_capacity":262033408,"arena_high_water":268435456,"command_buffers":1,"completion_waits":1,"dispatches":591,"encode":{"nanos":210413,"secs":0},"gpu":{"nanos":9200500,"secs":0},"reused_bytes":4083712,"transient_live_bytes":524288,"transient_peak_bytes":4083712,"wait":{"nanos":9468584,"secs":0}},{"allocated_bytes":4,"allocation_time":{"nanos":3917,"secs":0},"allocations":1,"arena_capacity":262033408,"arena_high_water":268435456,"command_buffers":1,"completion_waits":1,"dispatches":591,"encode":{"nanos":200743,"secs":0},"gpu":{"nanos":9540417,"secs":0},"reused_bytes":4083712,"transient_live_bytes":524288,"transient_peak_bytes":4083712,"wait":{"nanos":9800833,"secs":0}},{"allocated_bytes":4,"allocation_time":{"nanos":3083,"secs":0},"allocations":1,"arena_capacity":262033408,"arena_high_water":268435456,"command_buffers":1,"completion_waits":1,"dispatches":591,"encode":{"nanos":212289,"secs":0},"gpu":{"nanos":9746000,"secs":0},"reused_bytes":4083712,"transient_live_bytes":524288,"transient_peak_bytes":4083712,"wait":{"nanos":10018750,"secs":0}},{"allocated_bytes":4,"allocation_time":{"nanos":2917,"secs":0},"allocations":1,"arena_capacity":262033408,"arena_high_water":268435456,"command_buffers":1,"completion_waits":1,"dispatches":591,"encode":{"nanos":200651,"secs":0},"gpu":{"nanos":9423042,"secs":0},"reused_bytes":4083712,"transient_live_bytes":524288,"transient_peak_bytes":4083712,"wait":{"nanos":9690500,"secs":0}}],"decode_median_ms":10.173959,"decode_ms":[18.2915,9.782625,10.120333,10.173959,10.462083,10.211542,10.099541,9.96525,10.485708,10.087625,9.77425,10.138958,9.966167,10.2615,10.521208000000001,10.178958999999999],"decode_profiles":[{},{},{},{},{},{},{},{},{},{},{},{},{},{},{},{}],"decode_tps":98.29015430473034,"first_token_ms":182.816083,"generated_ids":[151667,198,32313,11,1077,594,1490,13,576,1196,3897,264,4013,315,22870,1380,279],"generated_tokens":17,"generation_ms":357.739125,"generation_tps":47.520661878959984,"kv_active_bytes":60555264,"kv_reserved_bytes":117440512,"model_format":"GGUF","model_repository":"Qwen/Qwen3-0.6B-GGUF","model_revision":"23749fefcc72300e3a2ad315e1317431b06b590a","moe_expert_tensorops":true,"moe_expert_tensorops_min_routes_per_expert":8,"moe_expert_tensorops_tile_k64":true,"packed_quantized_bytes":633233408,"pair":0,"pair_order":"ferrum>llama.cpp","parameter_count":596049920,"prefill_counters":{"allocated_bytes":352847872,"allocation_time":{"nanos":17594790,"secs":0},"allocations":160,"arena_capacity":266862592,"arena_high_water":268435456,"command_buffers":6,"completion_waits":6,"dispatches":591,"encode":{"nanos":361683,"secs":0},"gpu":{"nanos":157494126,"secs":0},"reused_bytes":1059061760,"transient_live_bytes":0,"transient_peak_bytes":268435456,"wait":{"nanos":160697168,"secs":0}},"prefill_ms":182.46716700000002,"prefill_profile":{},"prefill_tps":2805.98426784365,"prompt_ids":[151644,8948,198,2610,525,264,10950,17847,13,151645,198,151644,872,198,785,3974,13876,38835,26005,916,279,15678,5562,13,576,3974,13876,38835,26005,916,279,15678,5562,13,576,3974,13876,38835,26005,916,279,15678,5562,13,576,3974,13876,38835,26005,916,279,15678,5562,13,576,3974,13876,38835,26005,916,279,15678,5562,13,576,3974,13876,38835,26005,916,279,15678,5562,13,576,3974,13876,38835,26005,916,279,15678,5562,13,576,3974,13876,38835,26005,916,279,15678,5562,13,576,3974,13876,38835,26005,916,279,15678,5562,13,576,3974,13876,38835,26005,916,279,15678,5562,13,576,3974,13876,38835,26005,916,279,15678,5562,13,576,3974,13876,38835,26005,916,279,15678,5562,13,576,3974,13876,38835,26005,916,279,15678,5562,13,576,3974,13876,38835,26005,916,279,15678,5562,13,576,3974,13876,38835,26005,916,279,15678,5562,13,576,3974,13876,38835,26005,916,279,15678,5562,13,576,3974,13876,38835,26005,916,279,15678,5562,13,576,3974,13876,38835,26005,916,279,15678,5562,13,576,3974,13876,38835,26005,916,279,15678,5562,13,576,3974,13876,38835,26005,916,279,15678,5562,13,576,3974,13876,38835,26005,916,279,15678,5562,13,576,3974,13876,38835,26005,916,279,15678,5562,13,576,3974,13876,38835,26005,916,279,15678,5562,13,576,3974,13876,38835,26005,916,279,15678,5562,13,576,3974,13876,38835,26005,916,279,15678,5562,13,576,3974,13876,38835,26005,916,279,15678,5562,13,576,3974,13876,38835,26005,916,279,15678,5562,13,576,3974,13876,38835,26005,916,279,15678,5562,13,576,3974,13876,38835,26005,916,279,15678,5562,13,576,3974,13876,38835,26005,916,279,15678,5562,13,576,3974,13876,38835,26005,916,279,15678,5562,13,576,3974,13876,38835,26005,916,279,15678,5562,13,576,3974,13876,38835,26005,916,279,15678,5562,13,576,3974,13876,38835,26005,916,279,15678,5562,13,576,3974,13876,38835,26005,916,279,15678,5562,13,576,3974,13876,38835,26005,916,279,15678,5562,13,576,3974,13876,38835,26005,916,279,15678,5562,13,576,3974,13876,38835,26005,916,279,15678,5562,13,576,3974,13876,38835,26005,916,279,15678,5562,13,576,3974,13876,38835,26005,916,279,15678,5562,13,576,3974,13876,38835,26005,916,279,15678,5562,13,576,3974,13876,38835,26005,916,279,15678,5562,13,576,3974,13876,38835,26005,916,279,15678,5562,13,576,3974,13876,38835,26005,916,279,15678,5562,13,576,3974,13876,38835,26005,916,279,15678,5562,13,576,3974,13876,38835,26005,916,279,15678,5562,13,576,3974,13876,38835,26005,916,279,15678,5562,13,576,3974,13876,38835,26005,916,279,15678,5562,13,576,3974,13876,38835,26005,916,279,15678,5562,13,576,3974,13876,151645,198,151644,77091,198],"prompt_tokens":512,"q4_k_mpp_tile_k64":true,"q5_0_gemv_n4":false,"q5_1_mpp_tile_k64":true,"q8_0_mpp_tile_k64":true,"retained_weight_bytes":633364480,"runtime":"ferrum","sampling_ms":4.265835,"source_tensor_bytes":633495552,"tensor_count":310,"warmup":false,"process_rss_bytes":1187020800,"source_matrix_case_model":"Qwen/Qwen3-0.6B-GGUF@Q8_0","ferrum_options":{"batch_limit_dispatches":1024,"q4_0_gemv_8rows":true,"q4_k_gemv_8rows":true,"q6_k_gemv_8rows":true,"moe_gpu_routing":true,"mlx_affine4_gemv_quad":true},"engine_order":["ferrum","llama.cpp"],"case_index":2,"engine_load_plus_first_warmup_ms":967.3795419512317}
{"case":"512","command_buffer_count":null,"decode_aggregate_tps":155.40424125175863,"decode_median_ms":6.472334,"decode_ms":[7.111042,6.529708,6.2475,6.523833,6.472334,6.14075,6.49325,6.607791,6.154584,6.4535,6.446875,6.159542,6.49575,6.491959,6.177083,6.451792],"decode_tps":154.50376942846273,"dispatch_count":null,"first_token_ms":72.054291,"generated_ids":[151667,198,32313,11,1077,594,1490,13,576,1196,3897,264,4013,315,22870,1380,279],"generated_tokens":17,"generation_ms":179.258625,"generation_tps":94.83504629135697,"kv_context_capacity_tokens":4096,"kv_type":"bf16","llama_commit":"84e76d8a23162eca70490da131945ebec1f09bf4","llama_version":"0.5.0-dev","model_format":"GGUF","pair":0,"pair_order":"ferrum>llama.cpp","prefill_ms":71.792,"prefill_tps":7131.713839982171,"process_max_rss_bytes":1235976192,"prompt_ids":[151644,8948,198,2610,525,264,10950,17847,13,151645,198,151644,872,198,785,3974,13876,38835,26005,916,279,15678,5562,13,576,3974,13876,38835,26005,916,279,15678,5562,13,576,3974,13876,38835,26005,916,279,15678,5562,13,576,3974,13876,38835,26005,916,279,15678,5562,13,576,3974,13876,38835,26005,916,279,15678,5562,13,576,3974,13876,38835,26005,916,279,15678,5562,13,576,3974,13876,38835,26005,916,279,15678,5562,13,576,3974,13876,38835,26005,916,279,15678,5562,13,576,3974,13876,38835,26005,916,279,15678,5562,13,576,3974,13876,38835,26005,916,279,15678,5562,13,576,3974,13876,38835,26005,916,279,15678,5562,13,576,3974,13876,38835,26005,916,279,15678,5562,13,576,3974,13876,38835,26005,916,279,15678,5562,13,576,3974,13876,38835,26005,916,279,15678,5562,13,576,3974,13876,38835,26005,916,279,15678,5562,13,576,3974,13876,38835,26005,916,279,15678,5562,13,576,3974,13876,38835,26005,916,279,15678,5562,13,576,3974,13876,38835,26005,916,279,15678,5562,13,576,3974,13876,38835,26005,916,279,15678,5562,13,576,3974,13876,38835,26005,916,279,15678,5562,13,576,3974,13876,38835,26005,916,279,15678,5562,13,576,3974,13876,38835,26005,916,279,15678,5562,13,576,3974,13876,38835,26005,916,279,15678,5562,13,576,3974,13876,38835,26005,916,279,15678,5562,13,576,3974,13876,38835,26005,916,279,15678,5562,13,576,3974,13876,38835,26005,916,279,15678,5562,13,576,3974,13876,38835,26005,916,279,15678,5562,13,576,3974,13876,38835,26005,916,279,15678,5562,13,576,3974,13876,38835,26005,916,279,15678,5562,13,576,3974,13876,38835,26005,916,279,15678,5562,13,576,3974,13876,38835,26005,916,279,15678,5562,13,576,3974,13876,38835,26005,916,279,15678,5562,13,576,3974,13876,38835,26005,916,279,15678,5562,13,576,3974,13876,38835,26005,916,279,15678,5562,13,576,3974,13876,38835,26005,916,279,15678,5562,13,576,3974,13876,38835,26005,916,279,15678,5562,13,576,3974,13876,38835,26005,916,279,15678,5562,13,576,3974,13876,38835,26005,916,279,15678,5562,13,576,3974,13876,38835,26005,916,279,15678,5562,13,576,3974,13876,38835,26005,916,279,15678,5562,13,576,3974,13876,38835,26005,916,279,15678,5562,13,576,3974,13876,38835,26005,916,279,15678,5562,13,576,3974,13876,38835,26005,916,279,15678,5562,13,576,3974,13876,38835,26005,916,279,15678,5562,13,576,3974,13876,38835,26005,916,279,15678,5562,13,576,3974,13876,38835,26005,916,279,15678,5562,13,576,3974,13876,38835,26005,916,279,15678,5562,13,576,3974,13876,38835,26005,916,279,15678,5562,13,576,3974,13876,38835,26005,916,279,15678,5562,13,576,3974,13876,151645,198,151644,77091,198],"prompt_tokens":512,"runtime":"llama.cpp","sampling_ms":4.506876,"warmup":false,"process_rss_bytes":1235714048,"source_matrix_case_model":"Qwen/Qwen3-0.6B-GGUF@Q8_0","engine_order":["ferrum","llama.cpp"],"case_index":2,"engine_load_plus_first_warmup_ms":1067.7772499620914}
{"case":"512","command_buffer_count":null,"decode_aggregate_tps":155.26254989374175,"decode_median_ms":6.51425,"decode_ms":[6.786334,6.479875,6.549959,6.144167,6.493125,6.526042,6.147,6.51425,6.673125,6.202,6.518166,6.580041,6.207625,6.507334,6.535583,6.186625],"decode_tps":153.50961353954793,"dispatch_count":null,"first_token_ms":72.486,"generated_ids":[151667,198,32313,11,1077,594,1490,13,576,1196,3897,264,4013,315,22870,1380,279],"generated_tokens":17,"generation_ms":179.635333,"generation_tps":94.63617049102473,"kv_context_capacity_tokens":4096,"kv_type":"bf16","llama_commit":"84e76d8a23162eca70490da131945ebec1f09bf4","llama_version":"0.5.0-dev","model_format":"GGUF","pair":1,"pair_order":"llama.cpp>ferrum","prefill_ms":72.206708,"prefill_tps":7090.753950450143,"process_max_rss_bytes":1235976192,"prompt_ids":[151644,8948,198,2610,525,264,10950,17847,13,151645,198,151644,872,198,785,3974,13876,38835,26005,916,279,15678,5562,13,576,3974,13876,38835,26005,916,279,15678,5562,13,576,3974,13876,38835,26005,916,279,15678,5562,13,576,3974,13876,38835,26005,916,279,15678,5562,13,576,3974,13876,38835,26005,916,279,15678,5562,13,576,3974,13876,38835,26005,916,279,15678,5562,13,576,3974,13876,38835,26005,916,279,15678,5562,13,576,3974,13876,38835,26005,916,279,15678,5562,13,576,3974,13876,38835,26005,916,279,15678,5562,13,576,3974,13876,38835,26005,916,279,15678,5562,13,576,3974,13876,38835,26005,916,279,15678,5562,13,576,3974,13876,38835,26005,916,279,15678,5562,13,576,3974,13876,38835,26005,916,279,15678,5562,13,576,3974,13876,38835,26005,916,279,15678,5562,13,576,3974,13876,38835,26005,916,279,15678,5562,13,576,3974,13876,38835,26005,916,279,15678,5562,13,576,3974,13876,38835,26005,916,279,15678,5562,13,576,3974,13876,38835,26005,916,279,15678,5562,13,576,3974,13876,38835,26005,916,279,15678,5562,13,576,3974,13876,38835,26005,916,279,15678,5562,13,576,3974,13876,38835,26005,916,279,15678,5562,13,576,3974,13876,38835,26005,916,279,15678,5562,13,576,3974,13876,38835,26005,916,279,15678,5562,13,576,3974,13876,38835,26005,916,279,15678,5562,13,576,3974,13876,38835,26005,916,279,15678,5562,13,576,3974,13876,38835,26005,916,279,15678,5562,13,576,3974,13876,38835,26005,916,279,15678,5562,13,576,3974,13876,38835,26005,916,279,15678,5562,13,576,3974,13876,38835,26005,916,279,15678,5562,13,576,3974,13876,38835,26005,916,279,15678,5562,13,576,3974,13876,38835,26005,916,279,15678,5562,13,576,3974,13876,38835,26005,916,279,15678,5562,13,576,3974,13876,38835,26005,916,279,15678,5562,13,576,3974,13876,38835,26005,916,279,15678,5562,13,576,3974,13876,38835,26005,916,279,15678,5562,13,576,3974,13876,38835,26005,916,279,15678,5562,13,576,3974,13876,38835,26005,916,279,15678,5562,13,576,3974,13876,38835,26005,916,279,15678,5562,13,576,3974,13876,38835,26005,916,279,15678,5562,13,576,3974,13876,38835,26005,916,279,15678,5562,13,576,3974,13876,38835,26005,916,279,15678,5562,13,576,3974,13876,38835,26005,916,279,15678,5562,13,576,3974,13876,38835,26005,916,279,15678,5562,13,576,3974,13876,38835,26005,916,279,15678,5562,13,576,3974,13876,38835,26005,916,279,15678,5562,13,576,3974,13876,38835,26005,916,279,15678,5562,13,576,3974,13876,38835,26005,916,279,15678,5562,13,576,3974,13876,38835,26005,916,279,15678,5562,13,576,3974,13876,38835,26005,916,279,15678,5562,13,576,3974,13876,151645,198,151644,77091,198],"prompt_tokens":512,"runtime":"llama.cpp","sampling_ms":4.375043000000001,"warmup":false,"process_rss_bytes":1235681280,"source_matrix_case_model":"Qwen/Qwen3-0.6B-GGUF@Q8_0","engine_order":["llama.cpp","ferrum"],"case_index":2,"engine_load_plus_first_warmup_ms":1067.7772499620914}
{"case":"512","decode_aggregate_tps":93.79057614800602,"decode_counters":[{"allocated_bytes":120999940,"allocation_time":{"nanos":6478965,"secs":0},"allocations":591,"arena_capacity":262033408,"arena_high_water":268435456,"command_buffers":1,"completion_waits":1,"dispatches":647,"encode":{"nanos":315459,"secs":0},"gpu":{"nanos":10078875,"secs":0},"reused_bytes":524288,"transient_live_bytes":524288,"transient_peak_bytes":4083712,"wait":{"nanos":10871250,"secs":0}},{"allocated_bytes":4,"allocation_time":{"nanos":3292,"secs":0},"allocations":1,"arena_capacity":262033408,"arena_high_water":268435456,"command_buffers":1,"completion_waits":1,"dispatches":591,"encode":{"nanos":212661,"secs":0},"gpu":{"nanos":9179333,"secs":0},"reused_bytes":4083712,"transient_live_bytes":524288,"transient_peak_bytes":4083712,"wait":{"nanos":9500208,"secs":0}},{"allocated_bytes":4,"allocation_time":{"nanos":2542,"secs":0},"allocations":1,"arena_capacity":262033408,"arena_high_water":268435456,"command_buffers":1,"completion_waits":1,"dispatches":591,"encode":{"nanos":201538,"secs":0},"gpu":{"nanos":9361667,"secs":0},"reused_bytes":4083712,"transient_live_bytes":524288,"transient_peak_bytes":4083712,"wait":{"nanos":9626208,"secs":0}},{"allocated_bytes":4,"allocation_time":{"nanos":2791,"secs":0},"allocations":1,"arena_capacity":262033408,"arena_high_water":268435456,"command_buffers":1,"completion_waits":1,"dispatches":591,"encode":{"nanos":207331,"secs":0},"gpu":{"nanos":9252333,"secs":0},"reused_bytes":4083712,"transient_live_bytes":524288,"transient_peak_bytes":4083712,"wait":{"nanos":9508250,"secs":0}},{"allocated_bytes":4,"allocation_time":{"nanos":2917,"secs":0},"allocations":1,"arena_capacity":262033408,"arena_high_water":268435456,"command_buffers":1,"completion_waits":1,"dispatches":591,"encode":{"nanos":198033,"secs":0},"gpu":{"nanos":9729000,"secs":0},"reused_bytes":4083712,"transient_live_bytes":524288,"transient_peak_bytes":4083712,"wait":{"nanos":9989792,"secs":0}},{"allocated_bytes":4,"allocation_time":{"nanos":3084,"secs":0},"allocations":1,"arena_capacity":262033408,"arena_high_water":268435456,"command_buffers":1,"completion_waits":1,"dispatches":591,"encode":{"nanos":200529,"secs":0},"gpu":{"nanos":9431000,"secs":0},"reused_bytes":4083712,"transient_live_bytes":524288,"transient_peak_bytes":4083712,"wait":{"nanos":9688708,"secs":0}},{"allocated_bytes":4,"allocation_time":{"nanos":3083,"secs":0},"allocations":1,"arena_capacity":262033408,"arena_high_water":268435456,"command_buffers":1,"completion_waits":1,"dispatches":591,"encode":{"nanos":198088,"secs":0},"gpu":{"nanos":9320500,"secs":0},"reused_bytes":4083712,"transient_live_bytes":524288,"transient_peak_bytes":4083712,"wait":{"nanos":9571916,"secs":0}},{"allocated_bytes":4,"allocation_time":{"nanos":2750,"secs":0},"allocations":1,"arena_capacity":262033408,"arena_high_water":268435456,"command_buffers":1,"completion_waits":1,"dispatches":591,"encode":{"nanos":199001,"secs":0},"gpu":{"nanos":9186625,"secs":0},"reused_bytes":4083712,"transient_live_bytes":524288,"transient_peak_bytes":4083712,"wait":{"nanos":9423584,"secs":0}},{"allocated_bytes":4,"allocation_time":{"nanos":2708,"secs":0},"allocations":1,"arena_capacity":262033408,"arena_high_water":268435456,"command_buffers":1,"completion_waits":1,"dispatches":591,"encode":{"nanos":197375,"secs":0},"gpu":{"nanos":9738167,"secs":0},"reused_bytes":4083712,"transient_live_bytes":524288,"transient_peak_bytes":4083712,"wait":{"nanos":9982292,"secs":0}},{"allocated_bytes":4,"allocation_time":{"nanos":2834,"secs":0},"allocations":1,"arena_capacity":262033408,"arena_high_water":268435456,"command_buffers":1,"completion_waits":1,"dispatches":591,"encode":{"nanos":199508,"secs":0},"gpu":{"nanos":9589417,"secs":0},"reused_bytes":4083712,"transient_live_bytes":524288,"transient_peak_bytes":4083712,"wait":{"nanos":9824459,"secs":0}},{"allocated_bytes":4,"allocation_time":{"nanos":3042,"secs":0},"allocations":1,"arena_capacity":262033408,"arena_high_water":268435456,"command_buffers":1,"completion_waits":1,"dispatches":591,"encode":{"nanos":197992,"secs":0},"gpu":{"nanos":9327208,"secs":0},"reused_bytes":4083712,"transient_live_bytes":524288,"transient_peak_bytes":4083712,"wait":{"nanos":9564833,"secs":0}},{"allocated_bytes":4,"allocation_time":{"nanos":5584,"secs":0},"allocations":1,"arena_capacity":262033408,"arena_high_water":268435456,"command_buffers":1,"completion_waits":1,"dispatches":591,"encode":{"nanos":212005,"secs":0},"gpu":{"nanos":9423375,"secs":0},"reused_bytes":4083712,"transient_live_bytes":524288,"transient_peak_bytes":4083712,"wait":{"nanos":9702209,"secs":0}},{"allocated_bytes":4,"allocation_time":{"nanos":4334,"secs":0},"allocations":1,"arena_capacity":262033408,"arena_high_water":268435456,"command_buffers":1,"completion_waits":1,"dispatches":591,"encode":{"nanos":212586,"secs":0},"gpu":{"nanos":8962000,"secs":0},"reused_bytes":4083712,"transient_live_bytes":524288,"transient_peak_bytes":4083712,"wait":{"nanos":9189042,"secs":0}},{"allocated_bytes":4,"allocation_time":{"nanos":3292,"secs":0},"allocations":1,"arena_capacity":262033408,"arena_high_water":268435456,"command_buffers":1,"completion_waits":1,"dispatches":591,"encode":{"nanos":230259,"secs":0},"gpu":{"nanos":9280750,"secs":0},"reused_bytes":4083712,"transient_live_bytes":524288,"transient_peak_bytes":4083712,"wait":{"nanos":9593208,"secs":0}},{"allocated_bytes":4,"allocation_time":{"nanos":3917,"secs":0},"allocations":1,"arena_capacity":262033408,"arena_high_water":268435456,"command_buffers":1,"completion_waits":1,"dispatches":591,"encode":{"nanos":208013,"secs":0},"gpu":{"nanos":9852333,"secs":0},"reused_bytes":4083712,"transient_live_bytes":524288,"transient_peak_bytes":4083712,"wait":{"nanos":10126542,"secs":0}},{"allocated_bytes":4,"allocation_time":{"nanos":6167,"secs":0},"allocations":1,"arena_capacity":262033408,"arena_high_water":268435456,"command_buffers":1,"completion_waits":1,"dispatches":591,"encode":{"nanos":230270,"secs":0},"gpu":{"nanos":9621625,"secs":0},"reused_bytes":4083712,"transient_live_bytes":524288,"transient_peak_bytes":4083712,"wait":{"nanos":9891333,"secs":0}}],"decode_median_ms":10.175666999999999,"decode_ms":[18.04825,10.009875,10.114459,10.009625,10.472916,10.175666999999999,10.056833,9.878292,10.435708,10.302125,10.02125,10.227666999999999,9.662749999999999,10.112665999999999,10.634541,10.430208],"decode_profiles":[{},{},{},{},{},{},{},{},{},{},{},{},{},{},{},{}],"decode_tps":98.27365616425932,"first_token_ms":165.38825,"generated_ids":[151667,198,32313,11,1077,594,1490,13,576,1196,3897,264,4013,315,22870,1380,279],"generated_tokens":17,"generation_ms":340.270333,"generation_tps":49.96027673091324,"kv_active_bytes":60555264,"kv_reserved_bytes":117440512,"model_format":"GGUF","model_repository":"Qwen/Qwen3-0.6B-GGUF","model_revision":"23749fefcc72300e3a2ad315e1317431b06b590a","moe_expert_tensorops":true,"moe_expert_tensorops_min_routes_per_expert":8,"moe_expert_tensorops_tile_k64":true,"packed_quantized_bytes":633233408,"pair":1,"pair_order":"llama.cpp>ferrum","parameter_count":596049920,"prefill_counters":{"allocated_bytes":119015424,"allocation_time":{"nanos":5692710,"secs":0},"allocations":75,"arena_capacity":266862592,"arena_high_water":268435456,"command_buffers":6,"completion_waits":6,"dispatches":591,"encode":{"nanos":349080,"secs":0},"gpu":{"nanos":156180667,"secs":0},"reused_bytes":1292894208,"transient_live_bytes":0,"transient_peak_bytes":268435456,"wait":{"nanos":158249875,"secs":0}},"prefill_ms":165.041917,"prefill_profile":{},"prefill_tps":3102.242201900745,"prompt_ids":[151644,8948,198,2610,525,264,10950,17847,13,151645,198,151644,872,198,785,3974,13876,38835,26005,916,279,15678,5562,13,576,3974,13876,38835,26005,916,279,15678,5562,13,576,3974,13876,38835,26005,916,279,15678,5562,13,576,3974,13876,38835,26005,916,279,15678,5562,13,576,3974,13876,38835,26005,916,279,15678,5562,13,576,3974,13876,38835,26005,916,279,15678,5562,13,576,3974,13876,38835,26005,916,279,15678,5562,13,576,3974,13876,38835,26005,916,279,15678,5562,13,576,3974,13876,38835,26005,916,279,15678,5562,13,576,3974,13876,38835,26005,916,279,15678,5562,13,576,3974,13876,38835,26005,916,279,15678,5562,13,576,3974,13876,38835,26005,916,279,15678,5562,13,576,3974,13876,38835,26005,916,279,15678,5562,13,576,3974,13876,38835,26005,916,279,15678,5562,13,576,3974,13876,38835,26005,916,279,15678,5562,13,576,3974,13876,38835,26005,916,279,15678,5562,13,576,3974,13876,38835,26005,916,279,15678,5562,13,576,3974,13876,38835,26005,916,279,15678,5562,13,576,3974,13876,38835,26005,916,279,15678,5562,13,576,3974,13876,38835,26005,916,279,15678,5562,13,576,3974,13876,38835,26005,916,279,15678,5562,13,576,3974,13876,38835,26005,916,279,15678,5562,13,576,3974,13876,38835,26005,916,279,15678,5562,13,576,3974,13876,38835,26005,916,279,15678,5562,13,576,3974,13876,38835,26005,916,279,15678,5562,13,576,3974,13876,38835,26005,916,279,15678,5562,13,576,3974,13876,38835,26005,916,279,15678,5562,13,576,3974,13876,38835,26005,916,279,15678,5562,13,576,3974,13876,38835,26005,916,279,15678,5562,13,576,3974,13876,38835,26005,916,279,15678,5562,13,576,3974,13876,38835,26005,916,279,15678,5562,13,576,3974,13876,38835,26005,916,279,15678,5562,13,576,3974,13876,38835,26005,916,279,15678,5562,13,576,3974,13876,38835,26005,916,279,15678,5562,13,576,3974,13876,38835,26005,916,279,15678,5562,13,576,3974,13876,38835,26005,916,279,15678,5562,13,576,3974,13876,38835,26005,916,279,15678,5562,13,576,3974,13876,38835,26005,916,279,15678,5562,13,576,3974,13876,38835,26005,916,279,15678,5562,13,576,3974,13876,38835,26005,916,279,15678,5562,13,576,3974,13876,38835,26005,916,279,15678,5562,13,576,3974,13876,38835,26005,916,279,15678,5562,13,576,3974,13876,38835,26005,916,279,15678,5562,13,576,3974,13876,38835,26005,916,279,15678,5562,13,576,3974,13876,38835,26005,916,279,15678,5562,13,576,3974,13876,38835,26005,916,279,15678,5562,13,576,3974,13876,38835,26005,916,279,15678,5562,13,576,3974,13876,38835,26005,916,279,15678,5562,13,576,3974,13876,38835,26005,916,279,15678,5562,13,576,3974,13876,151645,198,151644,77091,198],"prompt_tokens":512,"q4_k_mpp_tile_k64":true,"q5_0_gemv_n4":false,"q5_1_mpp_tile_k64":true,"q8_0_mpp_tile_k64":true,"retained_weight_bytes":633364480,"runtime":"ferrum","sampling_ms":4.246876,"source_tensor_bytes":633495552,"tensor_count":310,"warmup":false,"process_rss_bytes":1203798016,"source_matrix_case_model":"Qwen/Qwen3-0.6B-GGUF@Q8_0","ferrum_options":{"batch_limit_dispatches":1024,"q4_0_gemv_8rows":true,"q4_k_gemv_8rows":true,"q6_k_gemv_8rows":true,"moe_gpu_routing":true,"mlx_affine4_gemv_quad":true},"engine_order":["llama.cpp","ferrum"],"case_index":2,"engine_load_plus_first_warmup_ms":967.3795419512317}
{"case":"512","decode_aggregate_tps":93.96362078617646,"decode_counters":[{"allocated_bytes":120999940,"allocation_time":{"nanos":6194130,"secs":0},"allocations":591,"arena_capacity":262033408,"arena_high_water":268435456,"command_buffers":1,"completion_waits":1,"dispatches":647,"encode":{"nanos":301583,"secs":0},"gpu":{"nanos":10159750,"secs":0},"reused_bytes":524288,"transient_live_bytes":524288,"transient_peak_bytes":4083712,"wait":{"nanos":11045292,"secs":0}},{"allocated_bytes":4,"allocation_time":{"nanos":4833,"secs":0},"allocations":1,"arena_capacity":262033408,"arena_high_water":268435456,"command_buffers":1,"completion_waits":1,"dispatches":591,"encode":{"nanos":220265,"secs":0},"gpu":{"nanos":8885917,"secs":0},"reused_bytes":4083712,"transient_live_bytes":524288,"transient_peak_bytes":4083712,"wait":{"nanos":9161375,"secs":0}},{"allocated_bytes":4,"allocation_time":{"nanos":4583,"secs":0},"allocations":1,"arena_capacity":262033408,"arena_high_water":268435456,"command_buffers":1,"completion_waits":1,"dispatches":591,"encode":{"nanos":223453,"secs":0},"gpu":{"nanos":9310375,"secs":0},"reused_bytes":4083712,"transient_live_bytes":524288,"transient_peak_bytes":4083712,"wait":{"nanos":9543500,"secs":0}},{"allocated_bytes":4,"allocation_time":{"nanos":3417,"secs":0},"allocations":1,"arena_capacity":262033408,"arena_high_water":268435456,"command_buffers":1,"completion_waits":1,"dispatches":591,"encode":{"nanos":214627,"secs":0},"gpu":{"nanos":9259875,"secs":0},"reused_bytes":4083712,"transient_live_bytes":524288,"transient_peak_bytes":4083712,"wait":{"nanos":9517750,"secs":0}},{"allocated_bytes":4,"allocation_time":{"nanos":3083,"secs":0},"allocations":1,"arena_capacity":262033408,"arena_high_water":268435456,"command_buffers":1,"completion_waits":1,"dispatches":591,"encode":{"nanos":211161,"secs":0},"gpu":{"nanos":9698542,"secs":0},"reused_bytes":4083712,"transient_live_bytes":524288,"transient_peak_bytes":4083712,"wait":{"nanos":9952458,"secs":0}},{"allocated_bytes":4,"allocation_time":{"nanos":3042,"secs":0},"allocations":1,"arena_capacity":262033408,"arena_high_water":268435456,"command_buffers":1,"completion_waits":1,"dispatches":591,"encode":{"nanos":204455,"secs":0},"gpu":{"nanos":9419083,"secs":0},"reused_bytes":4083712,"transient_live_bytes":524288,"transient_peak_bytes":4083712,"wait":{"nanos":9727083,"secs":0}},{"allocated_bytes":4,"allocation_time":{"nanos":2500,"secs":0},"allocations":1,"arena_capacity":262033408,"arena_high_water":268435456,"command_buffers":1,"completion_waits":1,"dispatches":591,"encode":{"nanos":202684,"secs":0},"gpu":{"nanos":9367292,"secs":0},"reused_bytes":4083712,"transient_live_bytes":524288,"transient_peak_bytes":4083712,"wait":{"nanos":9636375,"secs":0}},{"allocated_bytes":4,"allocation_time":{"nanos":2875,"secs":0},"allocations":1,"arena_capacity":262033408,"arena_high_water":268435456,"command_buffers":1,"completion_waits":1,"dispatches":591,"encode":{"nanos":209373,"secs":0},"gpu":{"nanos":9175708,"secs":0},"reused_bytes":4083712,"transient_live_bytes":524288,"transient_peak_bytes":4083712,"wait":{"nanos":9430375,"secs":0}},{"allocated_bytes":4,"allocation_time":{"nanos":3041,"secs":0},"allocations":1,"arena_capacity":262033408,"arena_high_water":268435456,"command_buffers":1,"completion_waits":1,"dispatches":591,"encode":{"nanos":201926,"secs":0},"gpu":{"nanos":9662875,"secs":0},"reused_bytes":4083712,"transient_live_bytes":524288,"transient_peak_bytes":4083712,"wait":{"nanos":9932000,"secs":0}},{"allocated_bytes":4,"allocation_time":{"nanos":3167,"secs":0},"allocations":1,"arena_capacity":262033408,"arena_high_water":268435456,"command_buffers":1,"completion_waits":1,"dispatches":591,"encode":{"nanos":230735,"secs":0},"gpu":{"nanos":9564625,"secs":0},"reused_bytes":4083712,"transient_live_bytes":524288,"transient_peak_bytes":4083712,"wait":{"nanos":9775584,"secs":0}},{"allocated_bytes":4,"allocation_time":{"nanos":4083,"secs":0},"allocations":1,"arena_capacity":262033408,"arena_high_water":268435456,"command_buffers":1,"completion_waits":1,"dispatches":591,"encode":{"nanos":210838,"secs":0},"gpu":{"nanos":9357625,"secs":0},"reused_bytes":4083712,"transient_live_bytes":524288,"transient_peak_bytes":4083712,"wait":{"nanos":9562125,"secs":0}},{"allocated_bytes":4,"allocation_time":{"nanos":5583,"secs":0},"allocations":1,"arena_capacity":262033408,"arena_high_water":268435456,"command_buffers":1,"completion_waits":1,"dispatches":591,"encode":{"nanos":213912,"secs":0},"gpu":{"nanos":9466167,"secs":0},"reused_bytes":4083712,"transient_live_bytes":524288,"transient_peak_bytes":4083712,"wait":{"nanos":9683791,"secs":0}},{"allocated_bytes":4,"allocation_time":{"nanos":4292,"secs":0},"allocations":1,"arena_capacity":262033408,"arena_high_water":268435456,"command_buffers":1,"completion_waits":1,"dispatches":591,"encode":{"nanos":206832,"secs":0},"gpu":{"nanos":9258375,"secs":0},"reused_bytes":4083712,"transient_live_bytes":524288,"transient_peak_bytes":4083712,"wait":{"nanos":9568334,"secs":0}},{"allocated_bytes":4,"allocation_time":{"nanos":3084,"secs":0},"allocations":1,"arena_capacity":262033408,"arena_high_water":268435456,"command_buffers":1,"completion_waits":1,"dispatches":591,"encode":{"nanos":203706,"secs":0},"gpu":{"nanos":9557167,"secs":0},"reused_bytes":4083712,"transient_live_bytes":524288,"transient_peak_bytes":4083712,"wait":{"nanos":9815500,"secs":0}},{"allocated_bytes":4,"allocation_time":{"nanos":3459,"secs":0},"allocations":1,"arena_capacity":262033408,"arena_high_water":268435456,"command_buffers":1,"completion_waits":1,"dispatches":591,"encode":{"nanos":210374,"secs":0},"gpu":{"nanos":9730125,"secs":0},"reused_bytes":4083712,"transient_live_bytes":524288,"transient_peak_bytes":4083712,"wait":{"nanos":9990791,"secs":0}},{"allocated_bytes":4,"allocation_time":{"nanos":3208,"secs":0},"allocations":1,"arena_capacity":262033408,"arena_high_water":268435456,"command_buffers":1,"completion_waits":1,"dispatches":591,"encode":{"nanos":204443,"secs":0},"gpu":{"nanos":9312958,"secs":0},"reused_bytes":4083712,"transient_live_bytes":524288,"transient_peak_bytes":4083712,"wait":{"nanos":9559292,"secs":0}}],"decode_median_ms":10.172125000000001,"decode_ms":[17.957542,9.683041999999999,10.057333,10.024708,10.453958,10.2285,10.128333,9.930375,10.41925,10.282458,10.04325,10.172125000000001,10.078334,10.309708,10.488249999999999,10.0215],"decode_profiles":[{},{},{},{},{},{},{},{},{},{},{},{},{},{},{},{}],"decode_tps":98.30787568969117,"first_token_ms":167.125167,"generated_ids":[151667,198,32313,11,1077,594,1490,13,576,1196,3897,264,4013,315,22870,1380,279],"generated_tokens":17,"generation_ms":341.802375,"generation_tps":49.73634252833966,"kv_active_bytes":60555264,"kv_reserved_bytes":117440512,"model_format":"GGUF","model_repository":"Qwen/Qwen3-0.6B-GGUF","model_revision":"23749fefcc72300e3a2ad315e1317431b06b590a","moe_expert_tensorops":true,"moe_expert_tensorops_min_routes_per_expert":8,"moe_expert_tensorops_tile_k64":true,"packed_quantized_bytes":633233408,"pair":2,"pair_order":"ferrum>llama.cpp","parameter_count":596049920,"prefill_counters":{"allocated_bytes":119015424,"allocation_time":{"nanos":5951333,"secs":0},"allocations":75,"arena_capacity":266862592,"arena_high_water":268435456,"command_buffers":6,"completion_waits":6,"dispatches":591,"encode":{"nanos":362576,"secs":0},"gpu":{"nanos":157496167,"secs":0},"reused_bytes":1292894208,"transient_live_bytes":0,"transient_peak_bytes":268435456,"wait":{"nanos":159670668,"secs":0}},"prefill_ms":166.775667,"prefill_profile":{},"prefill_tps":3069.9922189488234,"prompt_ids":[151644,8948,198,2610,525,264,10950,17847,13,151645,198,151644,872,198,785,3974,13876,38835,26005,916,279,15678,5562,13,576,3974,13876,38835,26005,916,279,15678,5562,13,576,3974,13876,38835,26005,916,279,15678,5562,13,576,3974,13876,38835,26005,916,279,15678,5562,13,576,3974,13876,38835,26005,916,279,15678,5562,13,576,3974,13876,38835,26005,916,279,15678,5562,13,576,3974,13876,38835,26005,916,279,15678,5562,13,576,3974,13876,38835,26005,916,279,15678,5562,13,576,3974,13876,38835,26005,916,279,15678,5562,13,576,3974,13876,38835,26005,916,279,15678,5562,13,576,3974,13876,38835,26005,916,279,15678,5562,13,576,3974,13876,38835,26005,916,279,15678,5562,13,576,3974,13876,38835,26005,916,279,15678,5562,13,576,3974,13876,38835,26005,916,279,15678,5562,13,576,3974,13876,38835,26005,916,279,15678,5562,13,576,3974,13876,38835,26005,916,279,15678,5562,13,576,3974,13876,38835,26005,916,279,15678,5562,13,576,3974,13876,38835,26005,916,279,15678,5562,13,576,3974,13876,38835,26005,916,279,15678,5562,13,576,3974,13876,38835,26005,916,279,15678,5562,13,576,3974,13876,38835,26005,916,279,15678,5562,13,576,3974,13876,38835,26005,916,279,15678,5562,13,576,3974,13876,38835,26005,916,279,15678,5562,13,576,3974,13876,38835,26005,916,279,15678,5562,13,576,3974,13876,38835,26005,916,279,15678,5562,13,576,3974,13876,38835,26005,916,279,15678,5562,13,576,3974,13876,38835,26005,916,279,15678,5562,13,576,3974,13876,38835,26005,916,279,15678,5562,13,576,3974,13876,38835,26005,916,279,15678,5562,13,576,3974,13876,38835,26005,916,279,15678,5562,13,576,3974,13876,38835,26005,916,279,15678,5562,13,576,3974,13876,38835,26005,916,279,15678,5562,13,576,3974,13876,38835,26005,916,279,15678,5562,13,576,3974,13876,38835,26005,916,279,15678,5562,13,576,3974,13876,38835,26005,916,279,15678,5562,13,576,3974,13876,38835,26005,916,279,15678,5562,13,576,3974,13876,38835,26005,916,279,15678,5562,13,576,3974,13876,38835,26005,916,279,15678,5562,13,576,3974,13876,38835,26005,916,279,15678,5562,13,576,3974,13876,38835,26005,916,279,15678,5562,13,576,3974,13876,38835,26005,916,279,15678,5562,13,576,3974,13876,38835,26005,916,279,15678,5562,13,576,3974,13876,38835,26005,916,279,15678,5562,13,576,3974,13876,38835,26005,916,279,15678,5562,13,576,3974,13876,38835,26005,916,279,15678,5562,13,576,3974,13876,38835,26005,916,279,15678,5562,13,576,3974,13876,38835,26005,916,279,15678,5562,13,576,3974,13876,38835,26005,916,279,15678,5562,13,576,3974,13876,38835,26005,916,279,15678,5562,13,576,3974,13876,151645,198,151644,77091,198],"prompt_tokens":512,"q4_k_mpp_tile_k64":true,"q5_0_gemv_n4":false,"q5_1_mpp_tile_k64":true,"q8_0_mpp_tile_k64":true,"retained_weight_bytes":633364480,"runtime":"ferrum","sampling_ms":4.290541,"source_tensor_bytes":633495552,"tensor_count":310,"warmup":false,"process_rss_bytes":1199603712,"source_matrix_case_model":"Qwen/Qwen3-0.6B-GGUF@Q8_0","ferrum_options":{"batch_limit_dispatches":1024,"q4_0_gemv_8rows":true,"q4_k_gemv_8rows":true,"q6_k_gemv_8rows":true,"moe_gpu_routing":true,"mlx_affine4_gemv_quad":true},"engine_order":["ferrum","llama.cpp"],"case_index":2,"engine_load_plus_first_warmup_ms":967.3795419512317}
{"case":"512","command_buffer_count":null,"decode_aggregate_tps":156.07674718968454,"decode_median_ms":6.416833,"decode_ms":[6.827583,6.181,6.631542,6.205375,6.476916,6.491042,6.153084,6.396292,6.470417,6.185834,6.416833,6.577458,6.357542,6.401625,6.586584,6.154542],"decode_tps":155.84011614452177,"dispatch_count":null,"first_token_ms":72.072792,"generated_ids":[151667,198,32313,11,1077,594,1490,13,576,1196,3897,264,4013,315,22870,1380,279],"generated_tokens":17,"generation_ms":178.776875,"generation_tps":95.09059826669417,"kv_context_capacity_tokens":4096,"kv_type":"bf16","llama_commit":"84e76d8a23162eca70490da131945ebec1f09bf4","llama_version":"0.5.0-dev","model_format":"GGUF","pair":2,"pair_order":"ferrum>llama.cpp","prefill_ms":71.802167,"prefill_tps":7130.7040078609325,"process_max_rss_bytes":1235976192,"prompt_ids":[151644,8948,198,2610,525,264,10950,17847,13,151645,198,151644,872,198,785,3974,13876,38835,26005,916,279,15678,5562,13,576,3974,13876,38835,26005,916,279,15678,5562,13,576,3974,13876,38835,26005,916,279,15678,5562,13,576,3974,13876,38835,26005,916,279,15678,5562,13,576,3974,13876,38835,26005,916,279,15678,5562,13,576,3974,13876,38835,26005,916,279,15678,5562,13,576,3974,13876,38835,26005,916,279,15678,5562,13,576,3974,13876,38835,26005,916,279,15678,5562,13,576,3974,13876,38835,26005,916,279,15678,5562,13,576,3974,13876,38835,26005,916,279,15678,5562,13,576,3974,13876,38835,26005,916,279,15678,5562,13,576,3974,13876,38835,26005,916,279,15678,5562,13,576,3974,13876,38835,26005,916,279,15678,5562,13,576,3974,13876,38835,26005,916,279,15678,5562,13,576,3974,13876,38835,26005,916,279,15678,5562,13,576,3974,13876,38835,26005,916,279,15678,5562,13,576,3974,13876,38835,26005,916,279,15678,5562,13,576,3974,13876,38835,26005,916,279,15678,5562,13,576,3974,13876,38835,26005,916,279,15678,5562,13,576,3974,13876,38835,26005,916,279,15678,5562,13,576,3974,13876,38835,26005,916,279,15678,5562,13,576,3974,13876,38835,26005,916,279,15678,5562,13,576,3974,13876,38835,26005,916,279,15678,5562,13,576,3974,13876,38835,26005,916,279,15678,5562,13,576,3974,13876,38835,26005,916,279,15678,5562,13,576,3974,13876,38835,26005,916,279,15678,5562,13,576,3974,13876,38835,26005,916,279,15678,5562,13,576,3974,13876,38835,26005,916,279,15678,5562,13,576,3974,13876,38835,26005,916,279,15678,5562,13,576,3974,13876,38835,26005,916,279,15678,5562,13,576,3974,13876,38835,26005,916,279,15678,5562,13,576,3974,13876,38835,26005,916,279,15678,5562,13,576,3974,13876,38835,26005,916,279,15678,5562,13,576,3974,13876,38835,26005,916,279,15678,5562,13,576,3974,13876,38835,26005,916,279,15678,5562,13,576,3974,13876,38835,26005,916,279,15678,5562,13,576,3974,13876,38835,26005,916,279,15678,5562,13,576,3974,13876,38835,26005,916,279,15678,5562,13,576,3974,13876,38835,26005,916,279,15678,5562,13,576,3974,13876,38835,26005,916,279,15678,5562,13,576,3974,13876,38835,26005,916,279,15678,5562,13,576,3974,13876,38835,26005,916,279,15678,5562,13,576,3974,13876,38835,26005,916,279,15678,5562,13,576,3974,13876,38835,26005,916,279,15678,5562,13,576,3974,13876,38835,26005,916,279,15678,5562,13,576,3974,13876,38835,26005,916,279,15678,5562,13,576,3974,13876,38835,26005,916,279,15678,5562,13,576,3974,13876,38835,26005,916,279,15678,5562,13,576,3974,13876,38835,26005,916,279,15678,5562,13,576,3974,13876,151645,198,151644,77091,198],"prompt_tokens":512,"runtime":"llama.cpp","sampling_ms":4.458502,"warmup":false,"process_rss_bytes":1235615744,"source_matrix_case_model":"Qwen/Qwen3-0.6B-GGUF@Q8_0","engine_order":["ferrum","llama.cpp"],"case_index":2,"engine_load_plus_first_warmup_ms":1067.7772499620914}
{"case":"1024","command_buffer_count":null,"decode_aggregate_tps":143.1155814853161,"decode_median_ms":7.002792,"decode_ms":[7.653542,7.05725,6.707833,7.083,6.999667,6.716542,6.888959,7.027416,7.084125,6.759916,6.970542,7.122,7.066291,6.685916,6.971959,7.002792],"decode_tps":142.8001859829622,"dispatch_count":null,"first_token_ms":163.168458,"generated_ids":[151667,198,32313,11,1077,594,1490,13,576,1196,3897,264,4013,315,11504,22870,911],"generated_tokens":17,"generation_ms":279.052041,"generation_tps":60.92053632390383,"kv_context_capacity_tokens":4096,"kv_type":"bf16","llama_commit":"84e76d8a23162eca70490da131945ebec1f09bf4","llama_version":"0.5.0-dev","model_format":"GGUF","pair":0,"pair_order":"llama.cpp>ferrum","prefill_ms":162.91525,"prefill_tps":6285.476651203617,"process_max_rss_bytes":1235976192,"prompt_ids":[151644,8948,198,2610,525,264,10950,17847,13,151645,198,151644,872,198,785,3974,13876,38835,26005,916,279,15678,5562,13,576,3974,13876,38835,26005,916,279,15678,5562,13,576,3974,13876,38835,26005,916,279,15678,5562,13,576,3974,13876,38835,26005,916,279,15678,5562,13,576,3974,13876,38835,26005,916,279,15678,5562,13,576,3974,13876,38835,26005,916,279,15678,5562,13,576,3974,13876,38835,26005,916,279,15678,5562,13,576,3974,13876,38835,26005,916,279,15678,5562,13,576,3974,13876,38835,26005,916,279,15678,5562,13,576,3974,13876,38835,26005,916,279,15678,5562,13,576,3974,13876,38835,26005,916,279,15678,5562,13,576,3974,13876,38835,26005,916,279,15678,5562,13,576,3974,13876,38835,26005,916,279,15678,5562,13,576,3974,13876,38835,26005,916,279,15678,5562,13,576,3974,13876,38835,26005,916,279,15678,5562,13,576,3974,13876,38835,26005,916,279,15678,5562,13,576,3974,13876,38835,26005,916,279,15678,5562,13,576,3974,13876,38835,26005,916,279,15678,5562,13,576,3974,13876,38835,26005,916,279,15678,5562,13,576,3974,13876,38835,26005,916,279,15678,5562,13,576,3974,13876,38835,26005,916,279,15678,5562,13,576,3974,13876,38835,26005,916,279,15678,5562,13,576,3974,13876,38835,26005,916,279,15678,5562,13,576,3974,13876,38835,26005,916,279,15678,5562,13,576,3974,13876,38835,26005,916,279,15678,5562,13,576,3974,13876,38835,26005,916,279,15678,5562,13,576,3974,13876,38835,26005,916,279,15678,5562,13,576,3974,13876,38835,26005,916,279,15678,5562,13,576,3974,13876,38835,26005,916,279,15678,5562,13,576,3974,13876,38835,26005,916,279,15678,5562,13,576,3974,13876,38835,26005,916,279,15678,5562,13,576,3974,13876,38835,26005,916,279,15678,5562,13,576,3974,13876,38835,26005,916,279,15678,5562,13,576,3974,13876,38835,26005,916,279,15678,5562,13,576,3974,13876,38835,26005,916,279,15678,5562,13,576,3974,13876,38835,26005,916,279,15678,5562,13,576,3974,13876,38835,26005,916,279,15678,5562,13,576,3974,13876,38835,26005,916,279,15678,5562,13,576,3974,13876,38835,26005,916,279,15678,5562,13,576,3974,13876,38835,26005,916,279,15678,5562,13,576,3974,13876,38835,26005,916,279,15678,5562,13,576,3974,13876,38835,26005,916,279,15678,5562,13,576,3974,13876,38835,26005,916,279,15678,5562,13,576,3974,13876,38835,26005,916,279,15678,5562,13,576,3974,13876,38835,26005,916,279,15678,5562,13,576,3974,13876,38835,26005,916,279,15678,5562,13,576,3974,13876,38835,26005,916,279,15678,5562,13,576,3974,13876,38835,26005,916,279,15678,5562,13,576,3974,13876,38835,26005,916,279,15678,5562,13,576,3974,13876,38835,26005,916,279,15678,5562,13,576,3974,13876,38835,26005,916,279,15678,5562,13,576,3974,13876,38835,26005,916,279,15678,5562,13,576,3974,13876,38835,26005,916,279,15678,5562,13,576,3974,13876,38835,26005,916,279,15678,5562,13,576,3974,13876,38835,26005,916,279,15678,5562,13,576,3974,13876,38835,26005,916,279,15678,5562,13,576,3974,13876,38835,26005,916,279,15678,5562,13,576,3974,13876,38835,26005,916,279,15678,5562,13,576,3974,13876,38835,26005,916,279,15678,5562,13,576,3974,13876,38835,26005,916,279,15678,5562,13,576,3974,13876,38835,26005,916,279,15678,5562,13,576,3974,13876,38835,26005,916,279,15678,5562,13,576,3974,13876,38835,26005,916,279,15678,5562,13,576,3974,13876,38835,26005,916,279,15678,5562,13,576,3974,13876,38835,26005,916,279,15678,5562,13,576,3974,13876,38835,26005,916,279,15678,5562,13,576,3974,13876,38835,26005,916,279,15678,5562,13,576,3974,13876,38835,26005,916,279,15678,5562,13,576,3974,13876,38835,26005,916,279,15678,5562,13,576,3974,13876,38835,26005,916,279,15678,5562,13,576,3974,13876,38835,26005,916,279,15678,5562,13,576,3974,13876,38835,26005,916,279,15678,5562,13,576,3974,13876,38835,26005,916,279,15678,5562,13,576,3974,13876,38835,26005,916,279,15678,5562,13,576,3974,13876,38835,26005,916,279,15678,5562,13,576,3974,13876,38835,26005,916,279,15678,5562,13,576,3974,13876,38835,26005,916,279,15678,5562,13,576,3974,13876,38835,26005,916,279,15678,5562,13,576,3974,13876,38835,26005,916,279,15678,5562,13,576,3974,13876,38835,26005,916,279,15678,5562,13,576,3974,13876,38835,26005,916,279,15678,5562,13,576,3974,13876,38835,26005,916,279,15678,5562,13,576,3974,13876,38835,26005,916,279,15678,5562,13,576,3974,13876,38835,26005,916,279,15678,5562,13,576,3974,13876,38835,26005,916,279,15678,5562,13,576,3974,13876,38835,26005,916,279,15678,5562,13,576,3974,13876,38835,26005,916,279,15678,5562,13,576,3974,13876,38835,26005,916,279,15678,5562,13,576,3974,13876,38835,26005,916,279,15678,5562,13,576,3974,13876,38835,26005,916,279,15678,5562,13,576,3974,13876,38835,26005,916,279,15678,5562,13,576,3974,13876,38835,26005,916,279,15678,5562,13,576,3974,13876,38835,26005,916,279,15678,5562,13,576,3974,13876,38835,26005,916,279,15678,5562,13,576,3974,13876,38835,26005,916,279,15678,5562,13,576,3974,13876,38835,26005,916,279,15678,5562,13,576,3974,13876,38835,26005,916,279,15678,5562,13,576,3974,13876,38835,26005,916,279,15678,5562,13,576,3974,13876,38835,26005,916,279,15678,5562,13,576,3974,13876,38835,26005,916,279,15678,5562,13,576,3974,13876,38835,26005,151645,198,151644,77091,198],"prompt_tokens":1024,"runtime":"llama.cpp","sampling_ms":4.336663000000001,"warmup":false,"process_rss_bytes":1235730432,"source_matrix_case_model":"Qwen/Qwen3-0.6B-GGUF@Q8_0","engine_order":["llama.cpp","ferrum"],"case_index":3,"engine_load_plus_first_warmup_ms":1067.7772499620914}
{"case":"1024","decode_aggregate_tps":80.91409420911937,"decode_counters":[{"allocated_bytes":240275460,"allocation_time":{"nanos":11388587,"secs":0},"allocations":591,"arena_capacity":236605440,"arena_high_water":268435456,"command_buffers":1,"completion_waits":1,"dispatches":647,"encode":{"nanos":306822,"secs":0},"gpu":{"nanos":12774125,"secs":0},"reused_bytes":524288,"transient_live_bytes":524288,"transient_peak_bytes":5918720,"wait":{"nanos":14256834,"secs":0}},{"allocated_bytes":4,"allocation_time":{"nanos":4416,"secs":0},"allocations":1,"arena_capacity":236605440,"arena_high_water":268435456,"command_buffers":1,"completion_waits":1,"dispatches":591,"encode":{"nanos":213093,"secs":0},"gpu":{"nanos":10567625,"secs":0},"reused_bytes":5918720,"transient_live_bytes":524288,"transient_peak_bytes":5918720,"wait":{"nanos":10822292,"secs":0}},{"allocated_bytes":4,"allocation_time":{"nanos":3167,"secs":0},"allocations":1,"arena_capacity":236605440,"arena_high_water":268435456,"command_buffers":1,"completion_waits":1,"dispatches":591,"encode":{"nanos":203867,"secs":0},"gpu":{"nanos":10488250,"secs":0},"reused_bytes":5918720,"transient_live_bytes":524288,"transient_peak_bytes":5918720,"wait":{"nanos":10724708,"secs":0}},{"allocated_bytes":4,"allocation_time":{"nanos":3125,"secs":0},"allocations":1,"arena_capacity":236605440,"arena_high_water":268435456,"command_buffers":1,"completion_waits":1,"dispatches":591,"encode":{"nanos":202840,"secs":0},"gpu":{"nanos":11051542,"secs":0},"reused_bytes":5918720,"transient_live_bytes":524288,"transient_peak_bytes":5918720,"wait":{"nanos":11352542,"secs":0}},{"allocated_bytes":4,"allocation_time":{"nanos":3083,"secs":0},"allocations":1,"arena_capacity":236605440,"arena_high_water":268435456,"command_buffers":1,"completion_waits":1,"dispatches":591,"encode":{"nanos":216577,"secs":0},"gpu":{"nanos":10311458,"secs":0},"reused_bytes":5918720,"transient_live_bytes":524288,"transient_peak_bytes":5918720,"wait":{"nanos":10545375,"secs":0}},{"allocated_bytes":4,"allocation_time":{"nanos":3250,"secs":0},"allocations":1,"arena_capacity":236605440,"arena_high_water":268435456,"command_buffers":1,"completion_waits":1,"dispatches":591,"encode":{"nanos":200790,"secs":0},"gpu":{"nanos":10792792,"secs":0},"reused_bytes":5918720,"transient_live_bytes":524288,"transient_peak_bytes":5918720,"wait":{"nanos":11102917,"secs":0}},{"allocated_bytes":4,"allocation_time":{"nanos":2292,"secs":0},"allocations":1,"arena_capacity":236605440,"arena_high_water":268435456,"command_buffers":1,"completion_waits":1,"dispatches":591,"encode":{"nanos":200995,"secs":0},"gpu":{"nanos":10816917,"secs":0},"reused_bytes":5918720,"transient_live_bytes":524288,"transient_peak_bytes":5918720,"wait":{"nanos":11073250,"secs":0}},{"allocated_bytes":4,"allocation_time":{"nanos":2708,"secs":0},"allocations":1,"arena_capacity":236605440,"arena_high_water":268435456,"command_buffers":1,"completion_waits":1,"dispatches":591,"encode":{"nanos":207069,"secs":0},"gpu":{"nanos":10519292,"secs":0},"reused_bytes":5918720,"transient_live_bytes":524288,"transient_peak_bytes":5918720,"wait":{"nanos":10784542,"secs":0}},{"allocated_bytes":4,"allocation_time":{"nanos":2875,"secs":0},"allocations":1,"arena_capacity":236605440,"arena_high_water":268435456,"command_buffers":1,"completion_waits":1,"dispatches":591,"encode":{"nanos":199803,"secs":0},"gpu":{"nanos":10939042,"secs":0},"reused_bytes":5918720,"transient_live_bytes":524288,"transient_peak_bytes":5918720,"wait":{"nanos":11202250,"secs":0}},{"allocated_bytes":4,"allocation_time":{"nanos":3083,"secs":0},"allocations":1,"arena_capacity":236605440,"arena_high_water":268435456,"command_buffers":1,"completion_waits":1,"dispatches":591,"encode":{"nanos":219091,"secs":0},"gpu":{"nanos":10428125,"secs":0},"reused_bytes":5918720,"transient_live_bytes":524288,"transient_peak_bytes":5918720,"wait":{"nanos":10703042,"secs":0}},{"allocated_bytes":4,"allocation_time":{"nanos":3250,"secs":0},"allocations":1,"arena_capacity":236605440,"arena_high_water":268435456,"command_buffers":1,"completion_waits":1,"dispatches":591,"encode":{"nanos":201213,"secs":0},"gpu":{"nanos":10591417,"secs":0},"reused_bytes":5918720,"transient_live_bytes":524288,"transient_peak_bytes":5918720,"wait":{"nanos":10825375,"secs":0}},{"allocated_bytes":4,"allocation_time":{"nanos":6625,"secs":0},"allocations":1,"arena_capacity":236605440,"arena_high_water":268435456,"command_buffers":1,"completion_waits":1,"dispatches":591,"encode":{"nanos":228450,"secs":0},"gpu":{"nanos":10428125,"secs":0},"reused_bytes":5918720,"transient_live_bytes":524288,"transient_peak_bytes":5918720,"wait":{"nanos":10629333,"secs":0}},{"allocated_bytes":4,"allocation_time":{"nanos":3791,"secs":0},"allocations":1,"arena_capacity":236605440,"arena_high_water":268435456,"command_buffers":1,"completion_waits":1,"dispatches":591,"encode":{"nanos":203865,"secs":0},"gpu":{"nanos":10646250,"secs":0},"reused_bytes":5918720,"transient_live_bytes":524288,"transient_peak_bytes":5918720,"wait":{"nanos":10886458,"secs":0}},{"allocated_bytes":4,"allocation_time":{"nanos":4125,"secs":0},"allocations":1,"arena_capacity":236605440,"arena_high_water":268435456,"command_buffers":1,"completion_waits":1,"dispatches":591,"encode":{"nanos":204569,"secs":0},"gpu":{"nanos":10769958,"secs":0},"reused_bytes":5918720,"transient_live_bytes":524288,"transient_peak_bytes":5918720,"wait":{"nanos":11038583,"secs":0}},{"allocated_bytes":4,"allocation_time":{"nanos":3542,"secs":0},"allocations":1,"arena_capacity":236605440,"arena_high_water":268435456,"command_buffers":1,"completion_waits":1,"dispatches":591,"encode":{"nanos":203092,"secs":0},"gpu":{"nanos":10937000,"secs":0},"reused_bytes":5918720,"transient_live_bytes":524288,"transient_peak_bytes":5918720,"wait":{"nanos":11206625,"secs":0}},{"allocated_bytes":4,"allocation_time":{"nanos":4959,"secs":0},"allocations":1,"arena_capacity":236605440,"arena_high_water":268435456,"command_buffers":1,"completion_waits":1,"dispatches":591,"encode":{"nanos":215585,"secs":0},"gpu":{"nanos":10593792,"secs":0},"reused_bytes":5918720,"transient_live_bytes":524288,"transient_peak_bytes":5918720,"wait":{"nanos":10818292,"secs":0}}],"decode_median_ms":11.379708,"decode_ms":[26.540582999999998,11.333917000000001,11.191833,11.843167,11.072875,11.593875,11.565583,11.280167,11.692915999999999,11.227915999999999,11.289041,11.158625,11.379708,11.532833,11.69925,11.338292],"decode_profiles":[{},{},{},{},{},{},{},{},{},{},{},{},{},{},{},{}],"decode_tps":87.87571702191303,"first_token_ms":324.47841700000004,"generated_ids":[151667,198,32313,11,1077,594,1490,13,576,1196,3897,264,4013,315,11504,22870,911],"generated_tokens":17,"generation_ms":526.7885,"generation_tps":32.271015787170754,"kv_active_bytes":119275520,"kv_reserved_bytes":234881024,"model_format":"GGUF","model_repository":"Qwen/Qwen3-0.6B-GGUF","model_revision":"23749fefcc72300e3a2ad315e1317431b06b590a","moe_expert_tensorops":true,"moe_expert_tensorops_min_routes_per_expert":8,"moe_expert_tensorops_tile_k64":true,"packed_quantized_bytes":633233408,"pair":0,"pair_order":"llama.cpp>ferrum","parameter_count":596049920,"prefill_counters":{"allocated_bytes":306712576,"allocation_time":{"nanos":14976422,"secs":0},"allocations":74,"arena_capacity":264765440,"arena_high_water":268435456,"command_buffers":14,"completion_waits":14,"dispatches":591,"encode":{"nanos":572043,"secs":0},"gpu":{"nanos":302559583,"secs":0},"reused_bytes":3456106496,"transient_live_bytes":0,"transient_peak_bytes":268435456,"wait":{"nanos":307100751,"secs":0}},"prefill_ms":324.136167,"prefill_profile":{},"prefill_tps":3159.166129091667,"prompt_ids":[151644,8948,198,2610,525,264,10950,17847,13,151645,198,151644,872,198,785,3974,13876,38835,26005,916,279,15678,5562,13,576,3974,13876,38835,26005,916,279,15678,5562,13,576,3974,13876,38835,26005,916,279,15678,5562,13,576,3974,13876,38835,26005,916,279,15678,5562,13,576,3974,13876,38835,26005,916,279,15678,5562,13,576,3974,13876,38835,26005,916,279,15678,5562,13,576,3974,13876,38835,26005,916,279,15678,5562,13,576,3974,13876,38835,26005,916,279,15678,5562,13,576,3974,13876,38835,26005,916,279,15678,5562,13,576,3974,13876,38835,26005,916,279,15678,5562,13,576,3974,13876,38835,26005,916,279,15678,5562,13,576,3974,13876,38835,26005,916,279,15678,5562,13,576,3974,13876,38835,26005,916,279,15678,5562,13,576,3974,13876,38835,26005,916,279,15678,5562,13,576,3974,13876,38835,26005,916,279,15678,5562,13,576,3974,13876,38835,26005,916,279,15678,5562,13,576,3974,13876,38835,26005,916,279,15678,5562,13,576,3974,13876,38835,26005,916,279,15678,5562,13,576,3974,13876,38835,26005,916,279,15678,5562,13,576,3974,13876,38835,26005,916,279,15678,5562,13,576,3974,13876,38835,26005,916,279,15678,5562,13,576,3974,13876,38835,26005,916,279,15678,5562,13,576,3974,13876,38835,26005,916,279,15678,5562,13,576,3974,13876,38835,26005,916,279,15678,5562,13,576,3974,13876,38835,26005,916,279,15678,5562,13,576,3974,13876,38835,26005,916,279,15678,5562,13,576,3974,13876,38835,26005,916,279,15678,5562,13,576,3974,13876,38835,26005,916,279,15678,5562,13,576,3974,13876,38835,26005,916,279,15678,5562,13,576,3974,13876,38835,26005,916,279,15678,5562,13,576,3974,13876,38835,26005,916,279,15678,5562,13,576,3974,13876,38835,26005,916,279,15678,5562,13,576,3974,13876,38835,26005,916,279,15678,5562,13,576,3974,13876,38835,26005,916,279,15678,5562,13,576,3974,13876,38835,26005,916,279,15678,5562,13,576,3974,13876,38835,26005,916,279,15678,5562,13,576,3974,13876,38835,26005,916,279,15678,5562,13,576,3974,13876,38835,26005,916,279,15678,5562,13,576,3974,13876,38835,26005,916,279,15678,5562,13,576,3974,13876,38835,26005,916,279,15678,5562,13,576,3974,13876,38835,26005,916,279,15678,5562,13,576,3974,13876,38835,26005,916,279,15678,5562,13,576,3974,13876,38835,26005,916,279,15678,5562,13,576,3974,13876,38835,26005,916,279,15678,5562,13,576,3974,13876,38835,26005,916,279,15678,5562,13,576,3974,13876,38835,26005,916,279,15678,5562,13,576,3974,13876,38835,26005,916,279,15678,5562,13,576,3974,13876,38835,26005,916,279,15678,5562,13,576,3974,13876,38835,26005,916,279,15678,5562,13,576,3974,13876,38835,26005,916,279,15678,5562,13,576,3974,13876,38835,26005,916,279,15678,5562,13,576,3974,13876,38835,26005,916,279,15678,5562,13,576,3974,13876,38835,26005,916,279,15678,5562,13,576,3974,13876,38835,26005,916,279,15678,5562,13,576,3974,13876,38835,26005,916,279,15678,5562,13,576,3974,13876,38835,26005,916,279,15678,5562,13,576,3974,13876,38835,26005,916,279,15678,5562,13,576,3974,13876,38835,26005,916,279,15678,5562,13,576,3974,13876,38835,26005,916,279,15678,5562,13,576,3974,13876,38835,26005,916,279,15678,5562,13,576,3974,13876,38835,26005,916,279,15678,5562,13,576,3974,13876,38835,26005,916,279,15678,5562,13,576,3974,13876,38835,26005,916,279,15678,5562,13,576,3974,13876,38835,26005,916,279,15678,5562,13,576,3974,13876,38835,26005,916,279,15678,5562,13,576,3974,13876,38835,26005,916,279,15678,5562,13,576,3974,13876,38835,26005,916,279,15678,5562,13,576,3974,13876,38835,26005,916,279,15678,5562,13,576,3974,13876,38835,26005,916,279,15678,5562,13,576,3974,13876,38835,26005,916,279,15678,5562,13,576,3974,13876,38835,26005,916,279,15678,5562,13,576,3974,13876,38835,26005,916,279,15678,5562,13,576,3974,13876,38835,26005,916,279,15678,5562,13,576,3974,13876,38835,26005,916,279,15678,5562,13,576,3974,13876,38835,26005,916,279,15678,5562,13,576,3974,13876,38835,26005,916,279,15678,5562,13,576,3974,13876,38835,26005,916,279,15678,5562,13,576,3974,13876,38835,26005,916,279,15678,5562,13,576,3974,13876,38835,26005,916,279,15678,5562,13,576,3974,13876,38835,26005,916,279,15678,5562,13,576,3974,13876,38835,26005,916,279,15678,5562,13,576,3974,13876,38835,26005,916,279,15678,5562,13,576,3974,13876,38835,26005,916,279,15678,5562,13,576,3974,13876,38835,26005,916,279,15678,5562,13,576,3974,13876,38835,26005,916,279,15678,5562,13,576,3974,13876,38835,26005,916,279,15678,5562,13,576,3974,13876,38835,26005,916,279,15678,5562,13,576,3974,13876,38835,26005,916,279,15678,5562,13,576,3974,13876,38835,26005,916,279,15678,5562,13,576,3974,13876,38835,26005,916,279,15678,5562,13,576,3974,13876,38835,26005,916,279,15678,5562,13,576,3974,13876,38835,26005,916,279,15678,5562,13,576,3974,13876,38835,26005,916,279,15678,5562,13,576,3974,13876,38835,26005,916,279,15678,5562,13,576,3974,13876,38835,26005,916,279,15678,5562,13,576,3974,13876,38835,26005,916,279,15678,5562,13,576,3974,13876,38835,26005,916,279,15678,5562,13,576,3974,13876,38835,26005,916,279,15678,5562,13,576,3974,13876,38835,26005,916,279,15678,5562,13,576,3974,13876,38835,26005,916,279,15678,5562,13,576,3974,13876,38835,26005,151645,198,151644,77091,198],"prompt_tokens":1024,"q4_k_mpp_tile_k64":true,"q5_0_gemv_n4":false,"q5_1_mpp_tile_k64":true,"q8_0_mpp_tile_k64":true,"retained_weight_bytes":633364480,"runtime":"ferrum","sampling_ms":4.287624,"source_tensor_bytes":633495552,"tensor_count":310,"warmup":false,"process_rss_bytes":1266434048,"source_matrix_case_model":"Qwen/Qwen3-0.6B-GGUF@Q8_0","ferrum_options":{"batch_limit_dispatches":1024,"q4_0_gemv_8rows":true,"q4_k_gemv_8rows":true,"q6_k_gemv_8rows":true,"moe_gpu_routing":true,"mlx_affine4_gemv_quad":true},"engine_order":["llama.cpp","ferrum"],"case_index":3,"engine_load_plus_first_warmup_ms":967.3795419512317}
{"case":"1024","decode_aggregate_tps":81.02318755003371,"decode_counters":[{"allocated_bytes":240275460,"allocation_time":{"nanos":11079216,"secs":0},"allocations":591,"arena_capacity":236605440,"arena_high_water":268435456,"command_buffers":1,"completion_waits":1,"dispatches":647,"encode":{"nanos":295530,"secs":0},"gpu":{"nanos":12754375,"secs":0},"reused_bytes":524288,"transient_live_bytes":524288,"transient_peak_bytes":5918720,"wait":{"nanos":14139000,"secs":0}},{"allocated_bytes":4,"allocation_time":{"nanos":4625,"secs":0},"allocations":1,"arena_capacity":236605440,"arena_high_water":268435456,"command_buffers":1,"completion_waits":1,"dispatches":591,"encode":{"nanos":212910,"secs":0},"gpu":{"nanos":10586625,"secs":0},"reused_bytes":5918720,"transient_live_bytes":524288,"transient_peak_bytes":5918720,"wait":{"nanos":10838459,"secs":0}},{"allocated_bytes":4,"allocation_time":{"nanos":3625,"secs":0},"allocations":1,"arena_capacity":236605440,"arena_high_water":268435456,"command_buffers":1,"completion_waits":1,"dispatches":591,"encode":{"nanos":205960,"secs":0},"gpu":{"nanos":10740583,"secs":0},"reused_bytes":5918720,"transient_live_bytes":524288,"transient_peak_bytes":5918720,"wait":{"nanos":11033375,"secs":0}},{"allocated_bytes":4,"allocation_time":{"nanos":3209,"secs":0},"allocations":1,"arena_capacity":236605440,"arena_high_water":268435456,"command_buffers":1,"completion_waits":1,"dispatches":591,"encode":{"nanos":208707,"secs":0},"gpu":{"nanos":10830833,"secs":0},"reused_bytes":5918720,"transient_live_bytes":524288,"transient_peak_bytes":5918720,"wait":{"nanos":11106500,"secs":0}},{"allocated_bytes":4,"allocation_time":{"nanos":3167,"secs":0},"allocations":1,"arena_capacity":236605440,"arena_high_water":268435456,"command_buffers":1,"completion_waits":1,"dispatches":591,"encode":{"nanos":205464,"secs":0},"gpu":{"nanos":10267875,"secs":0},"reused_bytes":5918720,"transient_live_bytes":524288,"transient_peak_bytes":5918720,"wait":{"nanos":10524417,"secs":0}},{"allocated_bytes":4,"allocation_time":{"nanos":2208,"secs":0},"allocations":1,"arena_capacity":236605440,"arena_high_water":268435456,"command_buffers":1,"completion_waits":1,"dispatches":591,"encode":{"nanos":200656,"secs":0},"gpu":{"nanos":10679625,"secs":0},"reused_bytes":5918720,"transient_live_bytes":524288,"transient_peak_bytes":5918720,"wait":{"nanos":10946167,"secs":0}},{"allocated_bytes":4,"allocation_time":{"nanos":4916,"secs":0},"allocations":1,"arena_capacity":236605440,"arena_high_water":268435456,"command_buffers":1,"completion_waits":1,"dispatches":591,"encode":{"nanos":208259,"secs":0},"gpu":{"nanos":10826833,"secs":0},"reused_bytes":5918720,"transient_live_bytes":524288,"transient_peak_bytes":5918720,"wait":{"nanos":11077000,"secs":0}},{"allocated_bytes":4,"allocation_time":{"nanos":3959,"secs":0},"allocations":1,"arena_capacity":236605440,"arena_high_water":268435456,"command_buffers":1,"completion_waits":1,"dispatches":591,"encode":{"nanos":203046,"secs":0},"gpu":{"nanos":10526250,"secs":0},"reused_bytes":5918720,"transient_live_bytes":524288,"transient_peak_bytes":5918720,"wait":{"nanos":10794167,"secs":0}},{"allocated_bytes":4,"allocation_time":{"nanos":3250,"secs":0},"allocations":1,"arena_capacity":236605440,"arena_high_water":268435456,"command_buffers":1,"completion_waits":1,"dispatches":591,"encode":{"nanos":201994,"secs":0},"gpu":{"nanos":11215208,"secs":0},"reused_bytes":5918720,"transient_live_bytes":524288,"transient_peak_bytes":5918720,"wait":{"nanos":11439416,"secs":0}},{"allocated_bytes":4,"allocation_time":{"nanos":3250,"secs":0},"allocations":1,"arena_capacity":236605440,"arena_high_water":268435456,"command_buffers":1,"completion_waits":1,"dispatches":591,"encode":{"nanos":202326,"secs":0},"gpu":{"nanos":10498417,"secs":0},"reused_bytes":5918720,"transient_live_bytes":524288,"transient_peak_bytes":5918720,"wait":{"nanos":10766541,"secs":0}},{"allocated_bytes":4,"allocation_time":{"nanos":3500,"secs":0},"allocations":1,"arena_capacity":236605440,"arena_high_water":268435456,"command_buffers":1,"completion_waits":1,"dispatches":591,"encode":{"nanos":207373,"secs":0},"gpu":{"nanos":10561625,"secs":0},"reused_bytes":5918720,"transient_live_bytes":524288,"transient_peak_bytes":5918720,"wait":{"nanos":10808625,"secs":0}},{"allocated_bytes":4,"allocation_time":{"nanos":4125,"secs":0},"allocations":1,"arena_capacity":236605440,"arena_high_water":268435456,"command_buffers":1,"completion_waits":1,"dispatches":591,"encode":{"nanos":206210,"secs":0},"gpu":{"nanos":10387750,"secs":0},"reused_bytes":5918720,"transient_live_bytes":524288,"transient_peak_bytes":5918720,"wait":{"nanos":10646375,"secs":0}},{"allocated_bytes":4,"allocation_time":{"nanos":3292,"secs":0},"allocations":1,"arena_capacity":236605440,"arena_high_water":268435456,"command_buffers":1,"completion_waits":1,"dispatches":591,"encode":{"nanos":202507,"secs":0},"gpu":{"nanos":10659625,"secs":0},"reused_bytes":5918720,"transient_live_bytes":524288,"transient_peak_bytes":5918720,"wait":{"nanos":10926042,"secs":0}},{"allocated_bytes":4,"allocation_time":{"nanos":3250,"secs":0},"allocations":1,"arena_capacity":236605440,"arena_high_water":268435456,"command_buffers":1,"completion_waits":1,"dispatches":591,"encode":{"nanos":205175,"secs":0},"gpu":{"nanos":10805875,"secs":0},"reused_bytes":5918720,"transient_live_bytes":524288,"transient_peak_bytes":5918720,"wait":{"nanos":11066333,"secs":0}},{"allocated_bytes":4,"allocation_time":{"nanos":3041,"secs":0},"allocations":1,"arena_capacity":236605440,"arena_high_water":268435456,"command_buffers":1,"completion_waits":1,"dispatches":591,"encode":{"nanos":200919,"secs":0},"gpu":{"nanos":11214500,"secs":0},"reused_bytes":5918720,"transient_live_bytes":524288,"transient_peak_bytes":5918720,"wait":{"nanos":11445041,"secs":0}},{"allocated_bytes":4,"allocation_time":{"nanos":3208,"secs":0},"allocations":1,"arena_capacity":236605440,"arena_high_water":268435456,"command_buffers":1,"completion_waits":1,"dispatches":591,"encode":{"nanos":200367,"secs":0},"gpu":{"nanos":10588417,"secs":0},"reused_bytes":5918720,"transient_live_bytes":524288,"transient_peak_bytes":5918720,"wait":{"nanos":10842958,"secs":0}}],"decode_median_ms":11.443292000000001,"decode_ms":[25.885458,11.354167,11.533958,11.60275,10.996167,11.443292000000001,11.547583,11.283792,11.898791000000001,11.253457999999998,11.283084,11.137875000000001,11.42075,11.565792,11.933417,11.334],"decode_profiles":[{},{},{},{},{},{},{},{},{},{},{},{},{},{},{},{}],"decode_tps":87.38744060712598,"first_token_ms":316.409,"generated_ids":[151667,198,32313,11,1077,594,1490,13,576,1196,3897,264,4013,315,11504,22870,911],"generated_tokens":17,"generation_ms":518.4061250000001,"generation_tps":32.79282242276747,"kv_active_bytes":119275520,"kv_reserved_bytes":234881024,"model_format":"GGUF","model_repository":"Qwen/Qwen3-0.6B-GGUF","model_revision":"23749fefcc72300e3a2ad315e1317431b06b590a","moe_expert_tensorops":true,"moe_expert_tensorops_min_routes_per_expert":8,"moe_expert_tensorops_tile_k64":true,"packed_quantized_bytes":633233408,"pair":1,"pair_order":"ferrum>llama.cpp","parameter_count":596049920,"prefill_counters":{"allocated_bytes":166203392,"allocation_time":{"nanos":7711415,"secs":0},"allocations":62,"arena_capacity":264765440,"arena_high_water":268435456,"command_buffers":14,"completion_waits":14,"dispatches":591,"encode":{"nanos":517448,"secs":0},"gpu":{"nanos":303131874,"secs":0},"reused_bytes":3596615680,"transient_live_bytes":0,"transient_peak_bytes":268435456,"wait":{"nanos":306839001,"secs":0}},"prefill_ms":316.08833400000003,"prefill_profile":{},"prefill_tps":3239.600737684928,"prompt_ids":[151644,8948,198,2610,525,264,10950,17847,13,151645,198,151644,872,198,785,3974,13876,38835,26005,916,279,15678,5562,13,576,3974,13876,38835,26005,916,279,15678,5562,13,576,3974,13876,38835,26005,916,279,15678,5562,13,576,3974,13876,38835,26005,916,279,15678,5562,13,576,3974,13876,38835,26005,916,279,15678,5562,13,576,3974,13876,38835,26005,916,279,15678,5562,13,576,3974,13876,38835,26005,916,279,15678,5562,13,576,3974,13876,38835,26005,916,279,15678,5562,13,576,3974,13876,38835,26005,916,279,15678,5562,13,576,3974,13876,38835,26005,916,279,15678,5562,13,576,3974,13876,38835,26005,916,279,15678,5562,13,576,3974,13876,38835,26005,916,279,15678,5562,13,576,3974,13876,38835,26005,916,279,15678,5562,13,576,3974,13876,38835,26005,916,279,15678,5562,13,576,3974,13876,38835,26005,916,279,15678,5562,13,576,3974,13876,38835,26005,916,279,15678,5562,13,576,3974,13876,38835,26005,916,279,15678,5562,13,576,3974,13876,38835,26005,916,279,15678,5562,13,576,3974,13876,38835,26005,916,279,15678,5562,13,576,3974,13876,38835,26005,916,279,15678,5562,13,576,3974,13876,38835,26005,916,279,15678,5562,13,576,3974,13876,38835,26005,916,279,15678,5562,13,576,3974,13876,38835,26005,916,279,15678,5562,13,576,3974,13876,38835,26005,916,279,15678,5562,13,576,3974,13876,38835,26005,916,279,15678,5562,13,576,3974,13876,38835,26005,916,279,15678,5562,13,576,3974,13876,38835,26005,916,279,15678,5562,13,576,3974,13876,38835,26005,916,279,15678,5562,13,576,3974,13876,38835,26005,916,279,15678,5562,13,576,3974,13876,38835,26005,916,279,15678,5562,13,576,3974,13876,38835,26005,916,279,15678,5562,13,576,3974,13876,38835,26005,916,279,15678,5562,13,576,3974,13876,38835,26005,916,279,15678,5562,13,576,3974,13876,38835,26005,916,279,15678,5562,13,576,3974,13876,38835,26005,916,279,15678,5562,13,576,3974,13876,38835,26005,916,279,15678,5562,13,576,3974,13876,38835,26005,916,279,15678,5562,13,576,3974,13876,38835,26005,916,279,15678,5562,13,576,3974,13876,38835,26005,916,279,15678,5562,13,576,3974,13876,38835,26005,916,279,15678,5562,13,576,3974,13876,38835,26005,916,279,15678,5562,13,576,3974,13876,38835,26005,916,279,15678,5562,13,576,3974,13876,38835,26005,916,279,15678,5562,13,576,3974,13876,38835,26005,916,279,15678,5562,13,576,3974,13876,38835,26005,916,279,15678,5562,13,576,3974,13876,38835,26005,916,279,15678,5562,13,576,3974,13876,38835,26005,916,279,15678,5562,13,576,3974,13876,38835,26005,916,279,15678,5562,13,576,3974,13876,38835,26005,916,279,15678,5562,13,576,3974,13876,38835,26005,916,279,15678,5562,13,576,3974,13876,38835,26005,916,279,15678,5562,13,576,3974,13876,38835,26005,916,279,15678,5562,13,576,3974,13876,38835,26005,916,279,15678,5562,13,576,3974,13876,38835,26005,916,279,15678,5562,13,576,3974,13876,38835,26005,916,279,15678,5562,13,576,3974,13876,38835,26005,916,279,15678,5562,13,576,3974,13876,38835,26005,916,279,15678,5562,13,576,3974,13876,38835,26005,916,279,15678,5562,13,576,3974,13876,38835,26005,916,279,15678,5562,13,576,3974,13876,38835,26005,916,279,15678,5562,13,576,3974,13876,38835,26005,916,279,15678,5562,13,576,3974,13876,38835,26005,916,279,15678,5562,13,576,3974,13876,38835,26005,916,279,15678,5562,13,576,3974,13876,38835,26005,916,279,15678,5562,13,576,3974,13876,38835,26005,916,279,15678,5562,13,576,3974,13876,38835,26005,916,279,15678,5562,13,576,3974,13876,38835,26005,916,279,15678,5562,13,576,3974,13876,38835,26005,916,279,15678,5562,13,576,3974,13876,38835,26005,916,279,15678,5562,13,576,3974,13876,38835,26005,916,279,15678,5562,13,576,3974,13876,38835,26005,916,279,15678,5562,13,576,3974,13876,38835,26005,916,279,15678,5562,13,576,3974,13876,38835,26005,916,279,15678,5562,13,576,3974,13876,38835,26005,916,279,15678,5562,13,576,3974,13876,38835,26005,916,279,15678,5562,13,576,3974,13876,38835,26005,916,279,15678,5562,13,576,3974,13876,38835,26005,916,279,15678,5562,13,576,3974,13876,38835,26005,916,279,15678,5562,13,576,3974,13876,38835,26005,916,279,15678,5562,13,576,3974,13876,38835,26005,916,279,15678,5562,13,576,3974,13876,38835,26005,916,279,15678,5562,13,576,3974,13876,38835,26005,916,279,15678,5562,13,576,3974,13876,38835,26005,916,279,15678,5562,13,576,3974,13876,38835,26005,916,279,15678,5562,13,576,3974,13876,38835,26005,916,279,15678,5562,13,576,3974,13876,38835,26005,916,279,15678,5562,13,576,3974,13876,38835,26005,916,279,15678,5562,13,576,3974,13876,38835,26005,916,279,15678,5562,13,576,3974,13876,38835,26005,916,279,15678,5562,13,576,3974,13876,38835,26005,916,279,15678,5562,13,576,3974,13876,38835,26005,916,279,15678,5562,13,576,3974,13876,38835,26005,916,279,15678,5562,13,576,3974,13876,38835,26005,916,279,15678,5562,13,576,3974,13876,38835,26005,916,279,15678,5562,13,576,3974,13876,38835,26005,916,279,15678,5562,13,576,3974,13876,38835,26005,916,279,15678,5562,13,576,3974,13876,38835,26005,916,279,15678,5562,13,576,3974,13876,38835,26005,916,279,15678,5562,13,576,3974,13876,38835,26005,916,279,15678,5562,13,576,3974,13876,38835,26005,916,279,15678,5562,13,576,3974,13876,38835,26005,151645,198,151644,77091,198],"prompt_tokens":1024,"q4_k_mpp_tile_k64":true,"q5_0_gemv_n4":false,"q5_1_mpp_tile_k64":true,"q8_0_mpp_tile_k64":true,"retained_weight_bytes":633364480,"runtime":"ferrum","sampling_ms":4.239001,"source_tensor_bytes":633495552,"tensor_count":310,"warmup":false,"process_rss_bytes":1253851136,"source_matrix_case_model":"Qwen/Qwen3-0.6B-GGUF@Q8_0","ferrum_options":{"batch_limit_dispatches":1024,"q4_0_gemv_8rows":true,"q4_k_gemv_8rows":true,"q6_k_gemv_8rows":true,"moe_gpu_routing":true,"mlx_affine4_gemv_quad":true},"engine_order":["ferrum","llama.cpp"],"case_index":3,"engine_load_plus_first_warmup_ms":967.3795419512317}
{"case":"1024","command_buffer_count":null,"decode_aggregate_tps":143.2231932058498,"decode_median_ms":7.046292,"decode_ms":[7.28325,7.097375,7.058083,7.036167,6.664667,7.027583,7.084667,6.753709,6.979583,7.070125,7.046292,6.700167,7.060791,7.0665,7.041583,6.743208],"decode_tps":141.9186147834918,"dispatch_count":null,"first_token_ms":164.318875,"generated_ids":[151667,198,32313,11,1077,594,1490,13,576,1196,3897,264,4013,315,11504,22870,911],"generated_tokens":17,"generation_ms":280.207875,"generation_tps":60.669244217351135,"kv_context_capacity_tokens":4096,"kv_type":"bf16","llama_commit":"84e76d8a23162eca70490da131945ebec1f09bf4","llama_version":"0.5.0-dev","model_format":"GGUF","pair":1,"pair_order":"ferrum>llama.cpp","prefill_ms":164.055334,"prefill_tps":6241.796441681074,"process_max_rss_bytes":1235976192,"prompt_ids":[151644,8948,198,2610,525,264,10950,17847,13,151645,198,151644,872,198,785,3974,13876,38835,26005,916,279,15678,5562,13,576,3974,13876,38835,26005,916,279,15678,5562,13,576,3974,13876,38835,26005,916,279,15678,5562,13,576,3974,13876,38835,26005,916,279,15678,5562,13,576,3974,13876,38835,26005,916,279,15678,5562,13,576,3974,13876,38835,26005,916,279,15678,5562,13,576,3974,13876,38835,26005,916,279,15678,5562,13,576,3974,13876,38835,26005,916,279,15678,5562,13,576,3974,13876,38835,26005,916,279,15678,5562,13,576,3974,13876,38835,26005,916,279,15678,5562,13,576,3974,13876,38835,26005,916,279,15678,5562,13,576,3974,13876,38835,26005,916,279,15678,5562,13,576,3974,13876,38835,26005,916,279,15678,5562,13,576,3974,13876,38835,26005,916,279,15678,5562,13,576,3974,13876,38835,26005,916,279,15678,5562,13,576,3974,13876,38835,26005,916,279,15678,5562,13,576,3974,13876,38835,26005,916,279,15678,5562,13,576,3974,13876,38835,26005,916,279,15678,5562,13,576,3974,13876,38835,26005,916,279,15678,5562,13,576,3974,13876,38835,26005,916,279,15678,5562,13,576,3974,13876,38835,26005,916,279,15678,5562,13,576,3974,13876,38835,26005,916,279,15678,5562,13,576,3974,13876,38835,26005,916,279,15678,5562,13,576,3974,13876,38835,26005,916,279,15678,5562,13,576,3974,13876,38835,26005,916,279,15678,5562,13,576,3974,13876,38835,26005,916,279,15678,5562,13,576,3974,13876,38835,26005,916,279,15678,5562,13,576,3974,13876,38835,26005,916,279,15678,5562,13,576,3974,13876,38835,26005,916,279,15678,5562,13,576,3974,13876,38835,26005,916,279,15678,5562,13,576,3974,13876,38835,26005,916,279,15678,5562,13,576,3974,13876,38835,26005,916,279,15678,5562,13,576,3974,13876,38835,26005,916,279,15678,5562,13,576,3974,13876,38835,26005,916,279,15678,5562,13,576,3974,13876,38835,26005,916,279,15678,5562,13,576,3974,13876,38835,26005,916,279,15678,5562,13,576,3974,13876,38835,26005,916,279,15678,5562,13,576,3974,13876,38835,26005,916,279,15678,5562,13,576,3974,13876,38835,26005,916,279,15678,5562,13,576,3974,13876,38835,26005,916,279,15678,5562,13,576,3974,13876,38835,26005,916,279,15678,5562,13,576,3974,13876,38835,26005,916,279,15678,5562,13,576,3974,13876,38835,26005,916,279,15678,5562,13,576,3974,13876,38835,26005,916,279,15678,5562,13,576,3974,13876,38835,26005,916,279,15678,5562,13,576,3974,13876,38835,26005,916,279,15678,5562,13,576,3974,13876,38835,26005,916,279,15678,5562,13,576,3974,13876,38835,26005,916,279,15678,5562,13,576,3974,13876,38835,26005,916,279,15678,5562,13,576,3974,13876,38835,26005,916,279,15678,5562,13,576,3974,13876,38835,26005,916,279,15678,5562,13,576,3974,13876,38835,26005,916,279,15678,5562,13,576,3974,13876,38835,26005,916,279,15678,5562,13,576,3974,13876,38835,26005,916,279,15678,5562,13,576,3974,13876,38835,26005,916,279,15678,5562,13,576,3974,13876,38835,26005,916,279,15678,5562,13,576,3974,13876,38835,26005,916,279,15678,5562,13,576,3974,13876,38835,26005,916,279,15678,5562,13,576,3974,13876,38835,26005,916,279,15678,5562,13,576,3974,13876,38835,26005,916,279,15678,5562,13,576,3974,13876,38835,26005,916,279,15678,5562,13,576,3974,13876,38835,26005,916,279,15678,5562,13,576,3974,13876,38835,26005,916,279,15678,5562,13,576,3974,13876,38835,26005,916,279,15678,5562,13,576,3974,13876,38835,26005,916,279,15678,5562,13,576,3974,13876,38835,26005,916,279,15678,5562,13,576,3974,13876,38835,26005,916,279,15678,5562,13,576,3974,13876,38835,26005,916,279,15678,5562,13,576,3974,13876,38835,26005,916,279,15678,5562,13,576,3974,13876,38835,26005,916,279,15678,5562,13,576,3974,13876,38835,26005,916,279,15678,5562,13,576,3974,13876,38835,26005,916,279,15678,5562,13,576,3974,13876,38835,26005,916,279,15678,5562,13,576,3974,13876,38835,26005,916,279,15678,5562,13,576,3974,13876,38835,26005,916,279,15678,5562,13,576,3974,13876,38835,26005,916,279,15678,5562,13,576,3974,13876,38835,26005,916,279,15678,5562,13,576,3974,13876,38835,26005,916,279,15678,5562,13,576,3974,13876,38835,26005,916,279,15678,5562,13,576,3974,13876,38835,26005,916,279,15678,5562,13,576,3974,13876,38835,26005,916,279,15678,5562,13,576,3974,13876,38835,26005,916,279,15678,5562,13,576,3974,13876,38835,26005,916,279,15678,5562,13,576,3974,13876,38835,26005,916,279,15678,5562,13,576,3974,13876,38835,26005,916,279,15678,5562,13,576,3974,13876,38835,26005,916,279,15678,5562,13,576,3974,13876,38835,26005,916,279,15678,5562,13,576,3974,13876,38835,26005,916,279,15678,5562,13,576,3974,13876,38835,26005,916,279,15678,5562,13,576,3974,13876,38835,26005,916,279,15678,5562,13,576,3974,13876,38835,26005,916,279,15678,5562,13,576,3974,13876,38835,26005,916,279,15678,5562,13,576,3974,13876,38835,26005,916,279,15678,5562,13,576,3974,13876,38835,26005,916,279,15678,5562,13,576,3974,13876,38835,26005,916,279,15678,5562,13,576,3974,13876,38835,26005,916,279,15678,5562,13,576,3974,13876,38835,26005,916,279,15678,5562,13,576,3974,13876,38835,26005,916,279,15678,5562,13,576,3974,13876,38835,26005,916,279,15678,5562,13,576,3974,13876,38835,26005,916,279,15678,5562,13,576,3974,13876,38835,26005,151645,198,151644,77091,198],"prompt_tokens":1024,"runtime":"llama.cpp","sampling_ms":4.43604,"warmup":false,"process_rss_bytes":1235730432,"source_matrix_case_model":"Qwen/Qwen3-0.6B-GGUF@Q8_0","engine_order":["ferrum","llama.cpp"],"case_index":3,"engine_load_plus_first_warmup_ms":1067.7772499620914}
{"case":"1024","command_buffer_count":null,"decode_aggregate_tps":141.22413539539167,"decode_median_ms":7.067583,"decode_ms":[7.739209,6.755667,6.968,7.205083,6.655125,6.967,7.29175,7.019458,7.067583,6.969708,7.110041,7.043166,7.233834,6.890041,7.200292,7.179125],"decode_tps":141.4910868397301,"dispatch_count":null,"first_token_ms":164.006334,"generated_ids":[151667,198,32313,11,1077,594,1490,13,576,1196,3897,264,4013,315,11504,22870,911],"generated_tokens":17,"generation_ms":281.472917,"generation_tps":60.39657449530038,"kv_context_capacity_tokens":4096,"kv_type":"bf16","llama_commit":"84e76d8a23162eca70490da131945ebec1f09bf4","llama_version":"0.5.0-dev","model_format":"GGUF","pair":2,"pair_order":"llama.cpp>ferrum","prefill_ms":163.727584,"prefill_tps":6254.291274462341,"process_max_rss_bytes":1235976192,"prompt_ids":[151644,8948,198,2610,525,264,10950,17847,13,151645,198,151644,872,198,785,3974,13876,38835,26005,916,279,15678,5562,13,576,3974,13876,38835,26005,916,279,15678,5562,13,576,3974,13876,38835,26005,916,279,15678,5562,13,576,3974,13876,38835,26005,916,279,15678,5562,13,576,3974,13876,38835,26005,916,279,15678,5562,13,576,3974,13876,38835,26005,916,279,15678,5562,13,576,3974,13876,38835,26005,916,279,15678,5562,13,576,3974,13876,38835,26005,916,279,15678,5562,13,576,3974,13876,38835,26005,916,279,15678,5562,13,576,3974,13876,38835,26005,916,279,15678,5562,13,576,3974,13876,38835,26005,916,279,15678,5562,13,576,3974,13876,38835,26005,916,279,15678,5562,13,576,3974,13876,38835,26005,916,279,15678,5562,13,576,3974,13876,38835,26005,916,279,15678,5562,13,576,3974,13876,38835,26005,916,279,15678,5562,13,576,3974,13876,38835,26005,916,279,15678,5562,13,576,3974,13876,38835,26005,916,279,15678,5562,13,576,3974,13876,38835,26005,916,279,15678,5562,13,576,3974,13876,38835,26005,916,279,15678,5562,13,576,3974,13876,38835,26005,916,279,15678,5562,13,576,3974,13876,38835,26005,916,279,15678,5562,13,576,3974,13876,38835,26005,916,279,15678,5562,13,576,3974,13876,38835,26005,916,279,15678,5562,13,576,3974,13876,38835,26005,916,279,15678,5562,13,576,3974,13876,38835,26005,916,279,15678,5562,13,576,3974,13876,38835,26005,916,279,15678,5562,13,576,3974,13876,38835,26005,916,279,15678,5562,13,576,3974,13876,38835,26005,916,279,15678,5562,13,576,3974,13876,38835,26005,916,279,15678,5562,13,576,3974,13876,38835,26005,916,279,15678,5562,13,576,3974,13876,38835,26005,916,279,15678,5562,13,576,3974,13876,38835,26005,916,279,15678,5562,13,576,3974,13876,38835,26005,916,279,15678,5562,13,576,3974,13876,38835,26005,916,279,15678,5562,13,576,3974,13876,38835,26005,916,279,15678,5562,13,576,3974,13876,38835,26005,916,279,15678,5562,13,576,3974,13876,38835,26005,916,279,15678,5562,13,576,3974,13876,38835,26005,916,279,15678,5562,13,576,3974,13876,38835,26005,916,279,15678,5562,13,576,3974,13876,38835,26005,916,279,15678,5562,13,576,3974,13876,38835,26005,916,279,15678,5562,13,576,3974,13876,38835,26005,916,279,15678,5562,13,576,3974,13876,38835,26005,916,279,15678,5562,13,576,3974,13876,38835,26005,916,279,15678,5562,13,576,3974,13876,38835,26005,916,279,15678,5562,13,576,3974,13876,38835,26005,916,279,15678,5562,13,576,3974,13876,38835,26005,916,279,15678,5562,13,576,3974,13876,38835,26005,916,279,15678,5562,13,576,3974,13876,38835,26005,916,279,15678,5562,13,576,3974,13876,38835,26005,916,279,15678,5562,13,576,3974,13876,38835,26005,916,279,15678,5562,13,576,3974,13876,38835,26005,916,279,15678,5562,13,576,3974,13876,38835,26005,916,279,15678,5562,13,576,3974,13876,38835,26005,916,279,15678,5562,13,576,3974,13876,38835,26005,916,279,15678,5562,13,576,3974,13876,38835,26005,916,279,15678,5562,13,576,3974,13876,38835,26005,916,279,15678,5562,13,576,3974,13876,38835,26005,916,279,15678,5562,13,576,3974,13876,38835,26005,916,279,15678,5562,13,576,3974,13876,38835,26005,916,279,15678,5562,13,576,3974,13876,38835,26005,916,279,15678,5562,13,576,3974,13876,38835,26005,916,279,15678,5562,13,576,3974,13876,38835,26005,916,279,15678,5562,13,576,3974,13876,38835,26005,916,279,15678,5562,13,576,3974,13876,38835,26005,916,279,15678,5562,13,576,3974,13876,38835,26005,916,279,15678,5562,13,576,3974,13876,38835,26005,916,279,15678,5562,13,576,3974,13876,38835,26005,916,279,15678,5562,13,576,3974,13876,38835,26005,916,279,15678,5562,13,576,3974,13876,38835,26005,916,279,15678,5562,13,576,3974,13876,38835,26005,916,279,15678,5562,13,576,3974,13876,38835,26005,916,279,15678,5562,13,576,3974,13876,38835,26005,916,279,15678,5562,13,576,3974,13876,38835,26005,916,279,15678,5562,13,576,3974,13876,38835,26005,916,279,15678,5562,13,576,3974,13876,38835,26005,916,279,15678,5562,13,576,3974,13876,38835,26005,916,279,15678,5562,13,576,3974,13876,38835,26005,916,279,15678,5562,13,576,3974,13876,38835,26005,916,279,15678,5562,13,576,3974,13876,38835,26005,916,279,15678,5562,13,576,3974,13876,38835,26005,916,279,15678,5562,13,576,3974,13876,38835,26005,916,279,15678,5562,13,576,3974,13876,38835,26005,916,279,15678,5562,13,576,3974,13876,38835,26005,916,279,15678,5562,13,576,3974,13876,38835,26005,916,279,15678,5562,13,576,3974,13876,38835,26005,916,279,15678,5562,13,576,3974,13876,38835,26005,916,279,15678,5562,13,576,3974,13876,38835,26005,916,279,15678,5562,13,576,3974,13876,38835,26005,916,279,15678,5562,13,576,3974,13876,38835,26005,916,279,15678,5562,13,576,3974,13876,38835,26005,916,279,15678,5562,13,576,3974,13876,38835,26005,916,279,15678,5562,13,576,3974,13876,38835,26005,916,279,15678,5562,13,576,3974,13876,38835,26005,916,279,15678,5562,13,576,3974,13876,38835,26005,916,279,15678,5562,13,576,3974,13876,38835,26005,916,279,15678,5562,13,576,3974,13876,38835,26005,916,279,15678,5562,13,576,3974,13876,38835,26005,916,279,15678,5562,13,576,3974,13876,38835,26005,916,279,15678,5562,13,576,3974,13876,38835,26005,916,279,15678,5562,13,576,3974,13876,38835,26005,151645,198,151644,77091,198],"prompt_tokens":1024,"runtime":"llama.cpp","sampling_ms":4.446833999999999,"warmup":false,"process_rss_bytes":1235730432,"source_matrix_case_model":"Qwen/Qwen3-0.6B-GGUF@Q8_0","engine_order":["llama.cpp","ferrum"],"case_index":3,"engine_load_plus_first_warmup_ms":1067.7772499620914}
{"case":"1024","decode_aggregate_tps":81.05765076467203,"decode_counters":[{"allocated_bytes":240275460,"allocation_time":{"nanos":11073698,"secs":0},"allocations":591,"arena_capacity":236605440,"arena_high_water":268435456,"command_buffers":1,"completion_waits":1,"dispatches":647,"encode":{"nanos":307794,"secs":0},"gpu":{"nanos":12749833,"secs":0},"reused_bytes":524288,"transient_live_bytes":524288,"transient_peak_bytes":5918720,"wait":{"nanos":14208583,"secs":0}},{"allocated_bytes":4,"allocation_time":{"nanos":4083,"secs":0},"allocations":1,"arena_capacity":236605440,"arena_high_water":268435456,"command_buffers":1,"completion_waits":1,"dispatches":591,"encode":{"nanos":222367,"secs":0},"gpu":{"nanos":10606833,"secs":0},"reused_bytes":5918720,"transient_live_bytes":524288,"transient_peak_bytes":5918720,"wait":{"nanos":10866625,"secs":0}},{"allocated_bytes":4,"allocation_time":{"nanos":3625,"secs":0},"allocations":1,"arena_capacity":236605440,"arena_high_water":268435456,"command_buffers":1,"completion_waits":1,"dispatches":591,"encode":{"nanos":214673,"secs":0},"gpu":{"nanos":10479625,"secs":0},"reused_bytes":5918720,"transient_live_bytes":524288,"transient_peak_bytes":5918720,"wait":{"nanos":10685292,"secs":0}},{"allocated_bytes":4,"allocation_time":{"nanos":3333,"secs":0},"allocations":1,"arena_capacity":236605440,"arena_high_water":268435456,"command_buffers":1,"completion_waits":1,"dispatches":591,"encode":{"nanos":217007,"secs":0},"gpu":{"nanos":10842250,"secs":0},"reused_bytes":5918720,"transient_live_bytes":524288,"transient_peak_bytes":5918720,"wait":{"nanos":11091833,"secs":0}},{"allocated_bytes":4,"allocation_time":{"nanos":3333,"secs":0},"allocations":1,"arena_capacity":236605440,"arena_high_water":268435456,"command_buffers":1,"completion_waits":1,"dispatches":591,"encode":{"nanos":228110,"secs":0},"gpu":{"nanos":10387375,"secs":0},"reused_bytes":5918720,"transient_live_bytes":524288,"transient_peak_bytes":5918720,"wait":{"nanos":10640709,"secs":0}},{"allocated_bytes":4,"allocation_time":{"nanos":4666,"secs":0},"allocations":1,"arena_capacity":236605440,"arena_high_water":268435456,"command_buffers":1,"completion_waits":1,"dispatches":591,"encode":{"nanos":209384,"secs":0},"gpu":{"nanos":10694958,"secs":0},"reused_bytes":5918720,"transient_live_bytes":524288,"transient_peak_bytes":5918720,"wait":{"nanos":10952583,"secs":0}},{"allocated_bytes":4,"allocation_time":{"nanos":3708,"secs":0},"allocations":1,"arena_capacity":236605440,"arena_high_water":268435456,"command_buffers":1,"completion_waits":1,"dispatches":591,"encode":{"nanos":204769,"secs":0},"gpu":{"nanos":10822667,"secs":0},"reused_bytes":5918720,"transient_live_bytes":524288,"transient_peak_bytes":5918720,"wait":{"nanos":11085834,"secs":0}},{"allocated_bytes":4,"allocation_time":{"nanos":3375,"secs":0},"allocations":1,"arena_capacity":236605440,"arena_high_water":268435456,"command_buffers":1,"completion_waits":1,"dispatches":591,"encode":{"nanos":202834,"secs":0},"gpu":{"nanos":10520167,"secs":0},"reused_bytes":5918720,"transient_live_bytes":524288,"transient_peak_bytes":5918720,"wait":{"nanos":10788417,"secs":0}},{"allocated_bytes":4,"allocation_time":{"nanos":3500,"secs":0},"allocations":1,"arena_capacity":236605440,"arena_high_water":268435456,"command_buffers":1,"completion_waits":1,"dispatches":591,"encode":{"nanos":204609,"secs":0},"gpu":{"nanos":11037250,"secs":0},"reused_bytes":5918720,"transient_live_bytes":524288,"transient_peak_bytes":5918720,"wait":{"nanos":11247666,"secs":0}},{"allocated_bytes":4,"allocation_time":{"nanos":3333,"secs":0},"allocations":1,"arena_capacity":236605440,"arena_high_water":268435456,"command_buffers":1,"completion_waits":1,"dispatches":591,"encode":{"nanos":203956,"secs":0},"gpu":{"nanos":10461375,"secs":0},"reused_bytes":5918720,"transient_live_bytes":524288,"transient_peak_bytes":5918720,"wait":{"nanos":10707417,"secs":0}},{"allocated_bytes":4,"allocation_time":{"nanos":3250,"secs":0},"allocations":1,"arena_capacity":236605440,"arena_high_water":268435456,"command_buffers":1,"completion_waits":1,"dispatches":591,"encode":{"nanos":205398,"secs":0},"gpu":{"nanos":10538000,"secs":0},"reused_bytes":5918720,"transient_live_bytes":524288,"transient_peak_bytes":5918720,"wait":{"nanos":10864958,"secs":0}},{"allocated_bytes":4,"allocation_time":{"nanos":3875,"secs":0},"allocations":1,"arena_capacity":236605440,"arena_high_water":268435456,"command_buffers":1,"completion_waits":1,"dispatches":591,"encode":{"nanos":208631,"secs":0},"gpu":{"nanos":10402750,"secs":0},"reused_bytes":5918720,"transient_live_bytes":524288,"transient_peak_bytes":5918720,"wait":{"nanos":10666958,"secs":0}},{"allocated_bytes":4,"allocation_time":{"nanos":3209,"secs":0},"allocations":1,"arena_capacity":236605440,"arena_high_water":268435456,"command_buffers":1,"completion_waits":1,"dispatches":591,"encode":{"nanos":203749,"secs":0},"gpu":{"nanos":10625375,"secs":0},"reused_bytes":5918720,"transient_live_bytes":524288,"transient_peak_bytes":5918720,"wait":{"nanos":10869416,"secs":0}},{"allocated_bytes":4,"allocation_time":{"nanos":3542,"secs":0},"allocations":1,"arena_capacity":236605440,"arena_high_water":268435456,"command_buffers":1,"completion_waits":1,"dispatches":591,"encode":{"nanos":214072,"secs":0},"gpu":{"nanos":10777042,"secs":0},"reused_bytes":5918720,"transient_live_bytes":524288,"transient_peak_bytes":5918720,"wait":{"nanos":11037250,"secs":0}},{"allocated_bytes":4,"allocation_time":{"nanos":3458,"secs":0},"allocations":1,"arena_capacity":236605440,"arena_high_water":268435456,"command_buffers":1,"completion_waits":1,"dispatches":591,"encode":{"nanos":215339,"secs":0},"gpu":{"nanos":11227917,"secs":0},"reused_bytes":5918720,"transient_live_bytes":524288,"transient_peak_bytes":5918720,"wait":{"nanos":11473041,"secs":0}},{"allocated_bytes":4,"allocation_time":{"nanos":3250,"secs":0},"allocations":1,"arena_capacity":236605440,"arena_high_water":268435456,"command_buffers":1,"completion_waits":1,"dispatches":591,"encode":{"nanos":209537,"secs":0},"gpu":{"nanos":10591375,"secs":0},"reused_bytes":5918720,"transient_live_bytes":524288,"transient_peak_bytes":5918720,"wait":{"nanos":10832250,"secs":0}}],"decode_median_ms":11.38875,"decode_ms":[26.175084000000002,11.38875,11.168958,11.597833,11.137834,11.451291000000001,11.577416,11.279000000000002,11.739084,11.1935,11.357458000000001,11.16725,11.333083,11.539791000000001,11.952792,11.331249999999999],"decode_profiles":[{},{},{},{},{},{},{},{},{},{},{},{},{},{},{},{}],"decode_tps":87.80594885303479,"first_token_ms":316.086167,"generated_ids":[151667,198,32313,11,1077,594,1490,13,576,1196,3897,264,4013,315,11504,22870,911],"generated_tokens":17,"generation_ms":517.850041,"generation_tps":32.828036408323854,"kv_active_bytes":119275520,"kv_reserved_bytes":234881024,"model_format":"GGUF","model_repository":"Qwen/Qwen3-0.6B-GGUF","model_revision":"23749fefcc72300e3a2ad315e1317431b06b590a","moe_expert_tensorops":true,"moe_expert_tensorops_min_routes_per_expert":8,"moe_expert_tensorops_tile_k64":true,"packed_quantized_bytes":633233408,"pair":2,"pair_order":"llama.cpp>ferrum","parameter_count":596049920,"prefill_counters":{"allocated_bytes":166203392,"allocation_time":{"nanos":7508132,"secs":0},"allocations":62,"arena_capacity":264765440,"arena_high_water":268435456,"command_buffers":14,"completion_waits":14,"dispatches":591,"encode":{"nanos":516640,"secs":0},"gpu":{"nanos":303193874,"secs":0},"reused_bytes":3596615680,"transient_live_bytes":0,"transient_peak_bytes":268435456,"wait":{"nanos":306860585,"secs":0}},"prefill_ms":315.73612499999996,"prefill_profile":{},"prefill_tps":3243.214567227618,"prompt_ids":[151644,8948,198,2610,525,264,10950,17847,13,151645,198,151644,872,198,785,3974,13876,38835,26005,916,279,15678,5562,13,576,3974,13876,38835,26005,916,279,15678,5562,13,576,3974,13876,38835,26005,916,279,15678,5562,13,576,3974,13876,38835,26005,916,279,15678,5562,13,576,3974,13876,38835,26005,916,279,15678,5562,13,576,3974,13876,38835,26005,916,279,15678,5562,13,576,3974,13876,38835,26005,916,279,15678,5562,13,576,3974,13876,38835,26005,916,279,15678,5562,13,576,3974,13876,38835,26005,916,279,15678,5562,13,576,3974,13876,38835,26005,916,279,15678,5562,13,576,3974,13876,38835,26005,916,279,15678,5562,13,576,3974,13876,38835,26005,916,279,15678,5562,13,576,3974,13876,38835,26005,916,279,15678,5562,13,576,3974,13876,38835,26005,916,279,15678,5562,13,576,3974,13876,38835,26005,916,279,15678,5562,13,576,3974,13876,38835,26005,916,279,15678,5562,13,576,3974,13876,38835,26005,916,279,15678,5562,13,576,3974,13876,38835,26005,916,279,15678,5562,13,576,3974,13876,38835,26005,916,279,15678,5562,13,576,3974,13876,38835,26005,916,279,15678,5562,13,576,3974,13876,38835,26005,916,279,15678,5562,13,576,3974,13876,38835,26005,916,279,15678,5562,13,576,3974,13876,38835,26005,916,279,15678,5562,13,576,3974,13876,38835,26005,916,279,15678,5562,13,576,3974,13876,38835,26005,916,279,15678,5562,13,576,3974,13876,38835,26005,916,279,15678,5562,13,576,3974,13876,38835,26005,916,279,15678,5562,13,576,3974,13876,38835,26005,916,279,15678,5562,13,576,3974,13876,38835,26005,916,279,15678,5562,13,576,3974,13876,38835,26005,916,279,15678,5562,13,576,3974,13876,38835,26005,916,279,15678,5562,13,576,3974,13876,38835,26005,916,279,15678,5562,13,576,3974,13876,38835,26005,916,279,15678,5562,13,576,3974,13876,38835,26005,916,279,15678,5562,13,576,3974,13876,38835,26005,916,279,15678,5562,13,576,3974,13876,38835,26005,916,279,15678,5562,13,576,3974,13876,38835,26005,916,279,15678,5562,13,576,3974,13876,38835,26005,916,279,15678,5562,13,576,3974,13876,38835,26005,916,279,15678,5562,13,576,3974,13876,38835,26005,916,279,15678,5562,13,576,3974,13876,38835,26005,916,279,15678,5562,13,576,3974,13876,38835,26005,916,279,15678,5562,13,576,3974,13876,38835,26005,916,279,15678,5562,13,576,3974,13876,38835,26005,916,279,15678,5562,13,576,3974,13876,38835,26005,916,279,15678,5562,13,576,3974,13876,38835,26005,916,279,15678,5562,13,576,3974,13876,38835,26005,916,279,15678,5562,13,576,3974,13876,38835,26005,916,279,15678,5562,13,576,3974,13876,38835,26005,916,279,15678,5562,13,576,3974,13876,38835,26005,916,279,15678,5562,13,576,3974,13876,38835,26005,916,279,15678,5562,13,576,3974,13876,38835,26005,916,279,15678,5562,13,576,3974,13876,38835,26005,916,279,15678,5562,13,576,3974,13876,38835,26005,916,279,15678,5562,13,576,3974,13876,38835,26005,916,279,15678,5562,13,576,3974,13876,38835,26005,916,279,15678,5562,13,576,3974,13876,38835,26005,916,279,15678,5562,13,576,3974,13876,38835,26005,916,279,15678,5562,13,576,3974,13876,38835,26005,916,279,15678,5562,13,576,3974,13876,38835,26005,916,279,15678,5562,13,576,3974,13876,38835,26005,916,279,15678,5562,13,576,3974,13876,38835,26005,916,279,15678,5562,13,576,3974,13876,38835,26005,916,279,15678,5562,13,576,3974,13876,38835,26005,916,279,15678,5562,13,576,3974,13876,38835,26005,916,279,15678,5562,13,576,3974,13876,38835,26005,916,279,15678,5562,13,576,3974,13876,38835,26005,916,279,15678,5562,13,576,3974,13876,38835,26005,916,279,15678,5562,13,576,3974,13876,38835,26005,916,279,15678,5562,13,576,3974,13876,38835,26005,916,279,15678,5562,13,576,3974,13876,38835,26005,916,279,15678,5562,13,576,3974,13876,38835,26005,916,279,15678,5562,13,576,3974,13876,38835,26005,916,279,15678,5562,13,576,3974,13876,38835,26005,916,279,15678,5562,13,576,3974,13876,38835,26005,916,279,15678,5562,13,576,3974,13876,38835,26005,916,279,15678,5562,13,576,3974,13876,38835,26005,916,279,15678,5562,13,576,3974,13876,38835,26005,916,279,15678,5562,13,576,3974,13876,38835,26005,916,279,15678,5562,13,576,3974,13876,38835,26005,916,279,15678,5562,13,576,3974,13876,38835,26005,916,279,15678,5562,13,576,3974,13876,38835,26005,916,279,15678,5562,13,576,3974,13876,38835,26005,916,279,15678,5562,13,576,3974,13876,38835,26005,916,279,15678,5562,13,576,3974,13876,38835,26005,916,279,15678,5562,13,576,3974,13876,38835,26005,916,279,15678,5562,13,576,3974,13876,38835,26005,916,279,15678,5562,13,576,3974,13876,38835,26005,916,279,15678,5562,13,576,3974,13876,38835,26005,916,279,15678,5562,13,576,3974,13876,38835,26005,916,279,15678,5562,13,576,3974,13876,38835,26005,916,279,15678,5562,13,576,3974,13876,38835,26005,916,279,15678,5562,13,576,3974,13876,38835,26005,916,279,15678,5562,13,576,3974,13876,38835,26005,916,279,15678,5562,13,576,3974,13876,38835,26005,916,279,15678,5562,13,576,3974,13876,38835,26005,916,279,15678,5562,13,576,3974,13876,38835,26005,916,279,15678,5562,13,576,3974,13876,38835,26005,916,279,15678,5562,13,576,3974,13876,38835,26005,916,279,15678,5562,13,576,3974,13876,38835,26005,916,279,15678,5562,13,576,3974,13876,38835,26005,151645,198,151644,77091,198],"prompt_tokens":1024,"q4_k_mpp_tile_k64":true,"q5_0_gemv_n4":false,"q5_1_mpp_tile_k64":true,"q8_0_mpp_tile_k64":true,"retained_weight_bytes":633364480,"runtime":"ferrum","sampling_ms":4.25925,"source_tensor_bytes":633495552,"tensor_count":310,"warmup":false,"process_rss_bytes":1228685312,"source_matrix_case_model":"Qwen/Qwen3-0.6B-GGUF@Q8_0","ferrum_options":{"batch_limit_dispatches":1024,"q4_0_gemv_8rows":true,"q4_k_gemv_8rows":true,"q6_k_gemv_8rows":true,"moe_gpu_routing":true,"mlx_affine4_gemv_quad":true},"engine_order":["llama.cpp","ferrum"],"case_index":3,"engine_load_plus_first_warmup_ms":967.3795419512317}
{"case":"sustained-128-decode","decode_aggregate_tps":102.85302710143033,"decode_counters":[{"allocated_bytes":57348,"allocation_time":{"nanos":89044,"secs":0},"allocations":57,"arena_capacity":244527104,"arena_high_water":268435456,"command_buffers":1,"completion_waits":1,"dispatches":591,"encode":{"nanos":241550,"secs":0},"gpu":{"nanos":8584458,"secs":0},"reused_bytes":2248704,"transient_live_bytes":524288,"transient_peak_bytes":2306048,"wait":{"nanos":8838833,"secs":0}},{"allocated_bytes":4,"allocation_time":{"nanos":3584,"secs":0},"allocations":1,"arena_capacity":244527104,"arena_high_water":268435456,"command_buffers":1,"completion_waits":1,"dispatches":591,"encode":{"nanos":212010,"secs":0},"gpu":{"nanos":8601375,"secs":0},"reused_bytes":2306048,"transient_live_bytes":524288,"transient_peak_bytes":2306048,"wait":{"nanos":8885125,"secs":0}},{"allocated_bytes":4,"allocation_time":{"nanos":3000,"secs":0},"allocations":1,"arena_capacity":244527104,"arena_high_water":268435456,"command_buffers":1,"completion_waits":1,"dispatches":591,"encode":{"nanos":206203,"secs":0},"gpu":{"nanos":8582458,"secs":0},"reused_bytes":2306048,"transient_live_bytes":524288,"transient_peak_bytes":2306048,"wait":{"nanos":8844584,"secs":0}},{"allocated_bytes":4,"allocation_time":{"nanos":2917,"secs":0},"allocations":1,"arena_capacity":244527104,"arena_high_water":268435456,"command_buffers":1,"completion_waits":1,"dispatches":591,"encode":{"nanos":205669,"secs":0},"gpu":{"nanos":8341500,"secs":0},"reused_bytes":2306048,"transient_live_bytes":524288,"transient_peak_bytes":2306048,"wait":{"nanos":8600291,"secs":0}},{"allocated_bytes":4,"allocation_time":{"nanos":2917,"secs":0},"allocations":1,"arena_capacity":244527104,"arena_high_water":268435456,"command_buffers":1,"completion_waits":1,"dispatches":591,"encode":{"nanos":204336,"secs":0},"gpu":{"nanos":8872750,"secs":0},"reused_bytes":2306048,"transient_live_bytes":524288,"transient_peak_bytes":2306048,"wait":{"nanos":9119250,"secs":0}},{"allocated_bytes":4,"allocation_time":{"nanos":2917,"secs":0},"allocations":1,"arena_capacity":244527104,"arena_high_water":268435456,"command_buffers":1,"completion_waits":1,"dispatches":591,"encode":{"nanos":204078,"secs":0},"gpu":{"nanos":8265625,"secs":0},"reused_bytes":2306048,"transient_live_bytes":524288,"transient_peak_bytes":2306048,"wait":{"nanos":8532208,"secs":0}},{"allocated_bytes":4,"allocation_time":{"nanos":3083,"secs":0},"allocations":1,"arena_capacity":244527104,"arena_high_water":268435456,"command_buffers":1,"completion_waits":1,"dispatches":591,"encode":{"nanos":202750,"secs":0},"gpu":{"nanos":8660000,"secs":0},"reused_bytes":2306048,"transient_live_bytes":524288,"transient_peak_bytes":2306048,"wait":{"nanos":8900292,"secs":0}},{"allocated_bytes":4,"allocation_time":{"nanos":3042,"secs":0},"allocations":1,"arena_capacity":244527104,"arena_high_water":268435456,"command_buffers":1,"completion_waits":1,"dispatches":591,"encode":{"nanos":202687,"secs":0},"gpu":{"nanos":8818708,"secs":0},"reused_bytes":2306048,"transient_live_bytes":524288,"transient_peak_bytes":2306048,"wait":{"nanos":9079375,"secs":0}},{"allocated_bytes":4,"allocation_time":{"nanos":2958,"secs":0},"allocations":1,"arena_capacity":244527104,"arena_high_water":268435456,"command_buffers":1,"completion_waits":1,"dispatches":591,"encode":{"nanos":209482,"secs":0},"gpu":{"nanos":8586750,"secs":0},"reused_bytes":2306048,"transient_live_bytes":524288,"transient_peak_bytes":2306048,"wait":{"nanos":8845833,"secs":0}},{"allocated_bytes":4,"allocation_time":{"nanos":2875,"secs":0},"allocations":1,"arena_capacity":244527104,"arena_high_water":268435456,"command_buffers":1,"completion_waits":1,"dispatches":591,"encode":{"nanos":203339,"secs":0},"gpu":{"nanos":8608667,"secs":0},"reused_bytes":2306048,"transient_live_bytes":524288,"transient_peak_bytes":2306048,"wait":{"nanos":8877500,"secs":0}},{"allocated_bytes":4,"allocation_time":{"nanos":5333,"secs":0},"allocations":1,"arena_capacity":244527104,"arena_high_water":268435456,"command_buffers":1,"completion_waits":1,"dispatches":591,"encode":{"nanos":207856,"secs":0},"gpu":{"nanos":8617000,"secs":0},"reused_bytes":2306048,"transient_live_bytes":524288,"transient_peak_bytes":2306048,"wait":{"nanos":8936416,"secs":0}},{"allocated_bytes":114692,"allocation_time":{"nanos":99579,"secs":0},"allocations":57,"arena_capacity":244641792,"arena_high_water":268435456,"command_buffers":1,"completion_waits":1,"dispatches":591,"encode":{"nanos":210950,"secs":0},"gpu":{"nanos":8606208,"secs":0},"reused_bytes":2248704,"transient_live_bytes":524288,"transient_peak_bytes":2363392,"wait":{"nanos":8875417,"secs":0}},{"allocated_bytes":4,"allocation_time":{"nanos":3667,"secs":0},"allocations":1,"arena_capacity":244641792,"arena_high_water":268435456,"command_buffers":1,"completion_waits":1,"dispatches":591,"encode":{"nanos":203833,"secs":0},"gpu":{"nanos":8841000,"secs":0},"reused_bytes":2363392,"transient_live_bytes":524288,"transient_peak_bytes":2363392,"wait":{"nanos":9137875,"secs":0}},{"allocated_bytes":4,"allocation_time":{"nanos":3458,"secs":0},"allocations":1,"arena_capacity":244641792,"arena_high_water":268435456,"command_buffers":1,"completion_waits":1,"dispatches":591,"encode":{"nanos":203116,"secs":0},"gpu":{"nanos":8877333,"secs":0},"reused_bytes":2363392,"transient_live_bytes":524288,"transient_peak_bytes":2363392,"wait":{"nanos":9180125,"secs":0}},{"allocated_bytes":4,"allocation_time":{"nanos":4042,"secs":0},"allocations":1,"arena_capacity":244641792,"arena_high_water":268435456,"command_buffers":1,"completion_waits":1,"dispatches":591,"encode":{"nanos":214283,"secs":0},"gpu":{"nanos":8818833,"secs":0},"reused_bytes":2363392,"transient_live_bytes":524288,"transient_peak_bytes":2363392,"wait":{"nanos":9047375,"secs":0}},{"allocated_bytes":4,"allocation_time":{"nanos":4500,"secs":0},"allocations":1,"arena_capacity":244641792,"arena_high_water":268435456,"command_buffers":1,"completion_waits":1,"dispatches":591,"encode":{"nanos":228074,"secs":0},"gpu":{"nanos":9143708,"secs":0},"reused_bytes":2363392,"transient_live_bytes":524288,"transient_peak_bytes":2363392,"wait":{"nanos":9435958,"secs":0}},{"allocated_bytes":4,"allocation_time":{"nanos":4792,"secs":0},"allocations":1,"arena_capacity":244641792,"arena_high_water":268435456,"command_buffers":1,"completion_waits":1,"dispatches":591,"encode":{"nanos":215727,"secs":0},"gpu":{"nanos":8550792,"secs":0},"reused_bytes":2363392,"transient_live_bytes":524288,"transient_peak_bytes":2363392,"wait":{"nanos":8806417,"secs":0}},{"allocated_bytes":4,"allocation_time":{"nanos":3083,"secs":0},"allocations":1,"arena_capacity":244641792,"arena_high_water":268435456,"command_buffers":1,"completion_waits":1,"dispatches":591,"encode":{"nanos":216158,"secs":0},"gpu":{"nanos":8462167,"secs":0},"reused_bytes":2363392,"transient_live_bytes":524288,"transient_peak_bytes":2363392,"wait":{"nanos":8698458,"secs":0}},{"allocated_bytes":4,"allocation_time":{"nanos":3875,"secs":0},"allocations":1,"arena_capacity":244641792,"arena_high_water":268435456,"command_buffers":1,"completion_waits":1,"dispatches":591,"encode":{"nanos":208745,"secs":0},"gpu":{"nanos":8597833,"secs":0},"reused_bytes":2363392,"transient_live_bytes":524288,"transient_peak_bytes":2363392,"wait":{"nanos":8855334,"secs":0}},{"allocated_bytes":4,"allocation_time":{"nanos":3375,"secs":0},"allocations":1,"arena_capacity":244641792,"arena_high_water":268435456,"command_buffers":1,"completion_waits":1,"dispatches":591,"encode":{"nanos":220708,"secs":0},"gpu":{"nanos":8731000,"secs":0},"reused_bytes":2363392,"transient_live_bytes":524288,"transient_peak_bytes":2363392,"wait":{"nanos":8974834,"secs":0}},{"allocated_bytes":4,"allocation_time":{"nanos":3125,"secs":0},"allocations":1,"arena_capacity":244641792,"arena_high_water":268435456,"command_buffers":1,"completion_waits":1,"dispatches":591,"encode":{"nanos":236591,"secs":0},"gpu":{"nanos":8709000,"secs":0},"reused_bytes":2363392,"transient_live_bytes":524288,"transient_peak_bytes":2363392,"wait":{"nanos":8943417,"secs":0}},{"allocated_bytes":4,"allocation_time":{"nanos":3583,"secs":0},"allocations":1,"arena_capacity":244641792,"arena_high_water":268435456,"command_buffers":1,"completion_waits":1,"dispatches":591,"encode":{"nanos":216382,"secs":0},"gpu":{"nanos":8712250,"secs":0},"reused_bytes":2363392,"transient_live_bytes":524288,"transient_peak_bytes":2363392,"wait":{"nanos":8975583,"secs":0}},{"allocated_bytes":4,"allocation_time":{"nanos":3000,"secs":0},"allocations":1,"arena_capacity":244641792,"arena_high_water":268435456,"command_buffers":1,"completion_waits":1,"dispatches":591,"encode":{"nanos":224668,"secs":0},"gpu":{"nanos":8826833,"secs":0},"reused_bytes":2363392,"transient_live_bytes":524288,"transient_peak_bytes":2363392,"wait":{"nanos":9062250,"secs":0}},{"allocated_bytes":4,"allocation_time":{"nanos":3000,"secs":0},"allocations":1,"arena_capacity":244641792,"arena_high_water":268435456,"command_buffers":1,"completion_waits":1,"dispatches":591,"encode":{"nanos":208912,"secs":0},"gpu":{"nanos":8733583,"secs":0},"reused_bytes":2363392,"transient_live_bytes":524288,"transient_peak_bytes":2363392,"wait":{"nanos":9056042,"secs":0}},{"allocated_bytes":4,"allocation_time":{"nanos":2791,"secs":0},"allocations":1,"arena_capacity":244641792,"arena_high_water":268435456,"command_buffers":1,"completion_waits":1,"dispatches":591,"encode":{"nanos":210089,"secs":0},"gpu":{"nanos":8844000,"secs":0},"reused_bytes":2363392,"transient_live_bytes":524288,"transient_peak_bytes":2363392,"wait":{"nanos":9111459,"secs":0}},{"allocated_bytes":4,"allocation_time":{"nanos":3542,"secs":0},"allocations":1,"arena_capacity":244641792,"arena_high_water":268435456,"command_buffers":1,"completion_waits":1,"dispatches":591,"encode":{"nanos":207369,"secs":0},"gpu":{"nanos":8905875,"secs":0},"reused_bytes":2363392,"transient_live_bytes":524288,"transient_peak_bytes":2363392,"wait":{"nanos":9178291,"secs":0}},{"allocated_bytes":4,"allocation_time":{"nanos":3125,"secs":0},"allocations":1,"arena_capacity":244641792,"arena_high_water":268435456,"command_buffers":1,"completion_waits":1,"dispatches":591,"encode":{"nanos":209740,"secs":0},"gpu":{"nanos":8689875,"secs":0},"reused_bytes":2363392,"transient_live_bytes":524288,"transient_peak_bytes":2363392,"wait":{"nanos":8941208,"secs":0}},{"allocated_bytes":4,"allocation_time":{"nanos":2333,"secs":0},"allocations":1,"arena_capacity":244641792,"arena_high_water":268435456,"command_buffers":1,"completion_waits":1,"dispatches":591,"encode":{"nanos":207949,"secs":0},"gpu":{"nanos":9063875,"secs":0},"reused_bytes":2363392,"transient_live_bytes":524288,"transient_peak_bytes":2363392,"wait":{"nanos":9292292,"secs":0}},{"allocated_bytes":4,"allocation_time":{"nanos":2959,"secs":0},"allocations":1,"arena_capacity":244641792,"arena_high_water":268435456,"command_buffers":1,"completion_waits":1,"dispatches":591,"encode":{"nanos":212202,"secs":0},"gpu":{"nanos":9063125,"secs":0},"reused_bytes":2363392,"transient_live_bytes":524288,"transient_peak_bytes":2363392,"wait":{"nanos":9305959,"secs":0}},{"allocated_bytes":4,"allocation_time":{"nanos":4875,"secs":0},"allocations":1,"arena_capacity":244641792,"arena_high_water":268435456,"command_buffers":1,"completion_waits":1,"dispatches":591,"encode":{"nanos":213264,"secs":0},"gpu":{"nanos":8906833,"secs":0},"reused_bytes":2363392,"transient_live_bytes":524288,"transient_peak_bytes":2363392,"wait":{"nanos":9177709,"secs":0}},{"allocated_bytes":4,"allocation_time":{"nanos":4083,"secs":0},"allocations":1,"arena_capacity":244641792,"arena_high_water":268435456,"command_buffers":1,"completion_waits":1,"dispatches":591,"encode":{"nanos":216581,"secs":0},"gpu":{"nanos":8813750,"secs":0},"reused_bytes":2363392,"transient_live_bytes":524288,"transient_peak_bytes":2363392,"wait":{"nanos":9076625,"secs":0}},{"allocated_bytes":4,"allocation_time":{"nanos":3833,"secs":0},"allocations":1,"arena_capacity":244641792,"arena_high_water":268435456,"command_buffers":1,"completion_waits":1,"dispatches":591,"encode":{"nanos":217951,"secs":0},"gpu":{"nanos":8472333,"secs":0},"reused_bytes":2363392,"transient_live_bytes":524288,"transient_peak_bytes":2363392,"wait":{"nanos":8712916,"secs":0}},{"allocated_bytes":4,"allocation_time":{"nanos":3583,"secs":0},"allocations":1,"arena_capacity":244641792,"arena_high_water":268435456,"command_buffers":1,"completion_waits":1,"dispatches":591,"encode":{"nanos":210657,"secs":0},"gpu":{"nanos":8974375,"secs":0},"reused_bytes":2363392,"transient_live_bytes":524288,"transient_peak_bytes":2363392,"wait":{"nanos":9231542,"secs":0}},{"allocated_bytes":4,"allocation_time":{"nanos":3375,"secs":0},"allocations":1,"arena_capacity":244641792,"arena_high_water":268435456,"command_buffers":1,"completion_waits":1,"dispatches":591,"encode":{"nanos":211168,"secs":0},"gpu":{"nanos":8563875,"secs":0},"reused_bytes":2363392,"transient_live_bytes":524288,"transient_peak_bytes":2363392,"wait":{"nanos":8804584,"secs":0}},{"allocated_bytes":4,"allocation_time":{"nanos":3792,"secs":0},"allocations":1,"arena_capacity":244641792,"arena_high_water":268435456,"command_buffers":1,"completion_waits":1,"dispatches":591,"encode":{"nanos":211961,"secs":0},"gpu":{"nanos":8530250,"secs":0},"reused_bytes":2363392,"transient_live_bytes":524288,"transient_peak_bytes":2363392,"wait":{"nanos":8787417,"secs":0}},{"allocated_bytes":4,"allocation_time":{"nanos":3375,"secs":0},"allocations":1,"arena_capacity":244641792,"arena_high_water":268435456,"command_buffers":1,"completion_waits":1,"dispatches":591,"encode":{"nanos":226622,"secs":0},"gpu":{"nanos":8569417,"secs":0},"reused_bytes":2363392,"transient_live_bytes":524288,"transient_peak_bytes":2363392,"wait":{"nanos":8832333,"secs":0}},{"allocated_bytes":4,"allocation_time":{"nanos":4417,"secs":0},"allocations":1,"arena_capacity":244641792,"arena_high_water":268435456,"command_buffers":1,"completion_waits":1,"dispatches":591,"encode":{"nanos":214122,"secs":0},"gpu":{"nanos":8792958,"secs":0},"reused_bytes":2363392,"transient_live_bytes":524288,"transient_peak_bytes":2363392,"wait":{"nanos":9028834,"secs":0}},{"allocated_bytes":4,"allocation_time":{"nanos":4333,"secs":0},"allocations":1,"arena_capacity":244641792,"arena_high_water":268435456,"command_buffers":1,"completion_waits":1,"dispatches":591,"encode":{"nanos":213612,"secs":0},"gpu":{"nanos":8375125,"secs":0},"reused_bytes":2363392,"transient_live_bytes":524288,"transient_peak_bytes":2363392,"wait":{"nanos":8642958,"secs":0}},{"allocated_bytes":4,"allocation_time":{"nanos":3125,"secs":0},"allocations":1,"arena_capacity":244641792,"arena_high_water":268435456,"command_buffers":1,"completion_waits":1,"dispatches":591,"encode":{"nanos":204665,"secs":0},"gpu":{"nanos":8877250,"secs":0},"reused_bytes":2363392,"transient_live_bytes":524288,"transient_peak_bytes":2363392,"wait":{"nanos":9132834,"secs":0}},{"allocated_bytes":4,"allocation_time":{"nanos":3166,"secs":0},"allocations":1,"arena_capacity":244641792,"arena_high_water":268435456,"command_buffers":1,"completion_waits":1,"dispatches":591,"encode":{"nanos":203326,"secs":0},"gpu":{"nanos":9219500,"secs":0},"reused_bytes":2363392,"transient_live_bytes":524288,"transient_peak_bytes":2363392,"wait":{"nanos":9460875,"secs":0}},{"allocated_bytes":4,"allocation_time":{"nanos":2875,"secs":0},"allocations":1,"arena_capacity":244641792,"arena_high_water":268435456,"command_buffers":1,"completion_waits":1,"dispatches":591,"encode":{"nanos":201584,"secs":0},"gpu":{"nanos":8543500,"secs":0},"reused_bytes":2363392,"transient_live_bytes":524288,"transient_peak_bytes":2363392,"wait":{"nanos":8780958,"secs":0}},{"allocated_bytes":4,"allocation_time":{"nanos":3750,"secs":0},"allocations":1,"arena_capacity":244641792,"arena_high_water":268435456,"command_buffers":1,"completion_waits":1,"dispatches":591,"encode":{"nanos":203788,"secs":0},"gpu":{"nanos":9175500,"secs":0},"reused_bytes":2363392,"transient_live_bytes":524288,"transient_peak_bytes":2363392,"wait":{"nanos":9438000,"secs":0}},{"allocated_bytes":4,"allocation_time":{"nanos":3083,"secs":0},"allocations":1,"arena_capacity":244641792,"arena_high_water":268435456,"command_buffers":1,"completion_waits":1,"dispatches":591,"encode":{"nanos":202673,"secs":0},"gpu":{"nanos":9184958,"secs":0},"reused_bytes":2363392,"transient_live_bytes":524288,"transient_peak_bytes":2363392,"wait":{"nanos":9453958,"secs":0}},{"allocated_bytes":229380,"allocation_time":{"nanos":113331,"secs":0},"allocations":57,"arena_capacity":244871168,"arena_high_water":268435456,"command_buffers":1,"completion_waits":1,"dispatches":591,"encode":{"nanos":210870,"secs":0},"gpu":{"nanos":9442000,"secs":0},"reused_bytes":2248704,"transient_live_bytes":524288,"transient_peak_bytes":2478080,"wait":{"nanos":9688542,"secs":0}},{"allocated_bytes":4,"allocation_time":{"nanos":3416,"secs":0},"allocations":1,"arena_capacity":244871168,"arena_high_water":268435456,"command_buffers":1,"completion_waits":1,"dispatches":591,"encode":{"nanos":203506,"secs":0},"gpu":{"nanos":8876125,"secs":0},"reused_bytes":2478080,"transient_live_bytes":524288,"transient_peak_bytes":2478080,"wait":{"nanos":9157833,"secs":0}},{"allocated_bytes":4,"allocation_time":{"nanos":2208,"secs":0},"allocations":1,"arena_capacity":244871168,"arena_high_water":268435456,"command_buffers":1,"completion_waits":1,"dispatches":591,"encode":{"nanos":205532,"secs":0},"gpu":{"nanos":9254375,"secs":0},"reused_bytes":2478080,"transient_live_bytes":524288,"transient_peak_bytes":2478080,"wait":{"nanos":9481792,"secs":0}},{"allocated_bytes":4,"allocation_time":{"nanos":3166,"secs":0},"allocations":1,"arena_capacity":244871168,"arena_high_water":268435456,"command_buffers":1,"completion_waits":1,"dispatches":591,"encode":{"nanos":202366,"secs":0},"gpu":{"nanos":8502167,"secs":0},"reused_bytes":2478080,"transient_live_bytes":524288,"transient_peak_bytes":2478080,"wait":{"nanos":8726542,"secs":0}},{"allocated_bytes":4,"allocation_time":{"nanos":3083,"secs":0},"allocations":1,"arena_capacity":244871168,"arena_high_water":268435456,"command_buffers":1,"completion_waits":1,"dispatches":591,"encode":{"nanos":200432,"secs":0},"gpu":{"nanos":8751250,"secs":0},"reused_bytes":2478080,"transient_live_bytes":524288,"transient_peak_bytes":2478080,"wait":{"nanos":9018917,"secs":0}},{"allocated_bytes":4,"allocation_time":{"nanos":3250,"secs":0},"allocations":1,"arena_capacity":244871168,"arena_high_water":268435456,"command_buffers":1,"completion_waits":1,"dispatches":591,"encode":{"nanos":200044,"secs":0},"gpu":{"nanos":9175125,"secs":0},"reused_bytes":2478080,"transient_live_bytes":524288,"transient_peak_bytes":2478080,"wait":{"nanos":9441250,"secs":0}},{"allocated_bytes":4,"allocation_time":{"nanos":2708,"secs":0},"allocations":1,"arena_capacity":244871168,"arena_high_water":268435456,"command_buffers":1,"completion_waits":1,"dispatches":591,"encode":{"nanos":209199,"secs":0},"gpu":{"nanos":9228917,"secs":0},"reused_bytes":2478080,"transient_live_bytes":524288,"transient_peak_bytes":2478080,"wait":{"nanos":9495916,"secs":0}},{"allocated_bytes":4,"allocation_time":{"nanos":2959,"secs":0},"allocations":1,"arena_capacity":244871168,"arena_high_water":268435456,"command_buffers":1,"completion_waits":1,"dispatches":591,"encode":{"nanos":201784,"secs":0},"gpu":{"nanos":8787292,"secs":0},"reused_bytes":2478080,"transient_live_bytes":524288,"transient_peak_bytes":2478080,"wait":{"nanos":9031792,"secs":0}},{"allocated_bytes":4,"allocation_time":{"nanos":2834,"secs":0},"allocations":1,"arena_capacity":244871168,"arena_high_water":268435456,"command_buffers":1,"completion_waits":1,"dispatches":591,"encode":{"nanos":201113,"secs":0},"gpu":{"nanos":9018250,"secs":0},"reused_bytes":2478080,"transient_live_bytes":524288,"transient_peak_bytes":2478080,"wait":{"nanos":9275000,"secs":0}},{"allocated_bytes":4,"allocation_time":{"nanos":4041,"secs":0},"allocations":1,"arena_capacity":244871168,"arena_high_water":268435456,"command_buffers":1,"completion_waits":1,"dispatches":591,"encode":{"nanos":214974,"secs":0},"gpu":{"nanos":9051083,"secs":0},"reused_bytes":2478080,"transient_live_bytes":524288,"transient_peak_bytes":2478080,"wait":{"nanos":9331417,"secs":0}},{"allocated_bytes":4,"allocation_time":{"nanos":3291,"secs":0},"allocations":1,"arena_capacity":244871168,"arena_high_water":268435456,"command_buffers":1,"completion_waits":1,"dispatches":591,"encode":{"nanos":209593,"secs":0},"gpu":{"nanos":8998333,"secs":0},"reused_bytes":2478080,"transient_live_bytes":524288,"transient_peak_bytes":2478080,"wait":{"nanos":9271625,"secs":0}},{"allocated_bytes":4,"allocation_time":{"nanos":3208,"secs":0},"allocations":1,"arena_capacity":244871168,"arena_high_water":268435456,"command_buffers":1,"completion_waits":1,"dispatches":591,"encode":{"nanos":208207,"secs":0},"gpu":{"nanos":8938250,"secs":0},"reused_bytes":2478080,"transient_live_bytes":524288,"transient_peak_bytes":2478080,"wait":{"nanos":9159833,"secs":0}},{"allocated_bytes":4,"allocation_time":{"nanos":5000,"secs":0},"allocations":1,"arena_capacity":244871168,"arena_high_water":268435456,"command_buffers":1,"completion_waits":1,"dispatches":591,"encode":{"nanos":221389,"secs":0},"gpu":{"nanos":8905667,"secs":0},"reused_bytes":2478080,"transient_live_bytes":524288,"transient_peak_bytes":2478080,"wait":{"nanos":9162375,"secs":0}},{"allocated_bytes":4,"allocation_time":{"nanos":6000,"secs":0},"allocations":1,"arena_capacity":244871168,"arena_high_water":268435456,"command_buffers":1,"completion_waits":1,"dispatches":591,"encode":{"nanos":212093,"secs":0},"gpu":{"nanos":8920458,"secs":0},"reused_bytes":2478080,"transient_live_bytes":524288,"transient_peak_bytes":2478080,"wait":{"nanos":9184209,"secs":0}},{"allocated_bytes":4,"allocation_time":{"nanos":3875,"secs":0},"allocations":1,"arena_capacity":244871168,"arena_high_water":268435456,"command_buffers":1,"completion_waits":1,"dispatches":591,"encode":{"nanos":213170,"secs":0},"gpu":{"nanos":8834792,"secs":0},"reused_bytes":2478080,"transient_live_bytes":524288,"transient_peak_bytes":2478080,"wait":{"nanos":9108625,"secs":0}},{"allocated_bytes":4,"allocation_time":{"nanos":3875,"secs":0},"allocations":1,"arena_capacity":244871168,"arena_high_water":268435456,"command_buffers":1,"completion_waits":1,"dispatches":591,"encode":{"nanos":205708,"secs":0},"gpu":{"nanos":9130250,"secs":0},"reused_bytes":2478080,"transient_live_bytes":524288,"transient_peak_bytes":2478080,"wait":{"nanos":9396875,"secs":0}},{"allocated_bytes":4,"allocation_time":{"nanos":3500,"secs":0},"allocations":1,"arena_capacity":244871168,"arena_high_water":268435456,"command_buffers":1,"completion_waits":1,"dispatches":591,"encode":{"nanos":205197,"secs":0},"gpu":{"nanos":8868375,"secs":0},"reused_bytes":2478080,"transient_live_bytes":524288,"transient_peak_bytes":2478080,"wait":{"nanos":9130708,"secs":0}},{"allocated_bytes":4,"allocation_time":{"nanos":3333,"secs":0},"allocations":1,"arena_capacity":244871168,"arena_high_water":268435456,"command_buffers":1,"completion_waits":1,"dispatches":591,"encode":{"nanos":204327,"secs":0},"gpu":{"nanos":9010333,"secs":0},"reused_bytes":2478080,"transient_live_bytes":524288,"transient_peak_bytes":2478080,"wait":{"nanos":9260625,"secs":0}},{"allocated_bytes":4,"allocation_time":{"nanos":2833,"secs":0},"allocations":1,"arena_capacity":244871168,"arena_high_water":268435456,"command_buffers":1,"completion_waits":1,"dispatches":591,"encode":{"nanos":202804,"secs":0},"gpu":{"nanos":8635042,"secs":0},"reused_bytes":2478080,"transient_live_bytes":524288,"transient_peak_bytes":2478080,"wait":{"nanos":8824500,"secs":0}},{"allocated_bytes":4,"allocation_time":{"nanos":3083,"secs":0},"allocations":1,"arena_capacity":244871168,"arena_high_water":268435456,"command_buffers":1,"completion_waits":1,"dispatches":591,"encode":{"nanos":201962,"secs":0},"gpu":{"nanos":8999583,"secs":0},"reused_bytes":2478080,"transient_live_bytes":524288,"transient_peak_bytes":2478080,"wait":{"nanos":9218208,"secs":0}},{"allocated_bytes":4,"allocation_time":{"nanos":3958,"secs":0},"allocations":1,"arena_capacity":244871168,"arena_high_water":268435456,"command_buffers":1,"completion_waits":1,"dispatches":591,"encode":{"nanos":204027,"secs":0},"gpu":{"nanos":8906958,"secs":0},"reused_bytes":2478080,"transient_live_bytes":524288,"transient_peak_bytes":2478080,"wait":{"nanos":9138375,"secs":0}},{"allocated_bytes":4,"allocation_time":{"nanos":2917,"secs":0},"allocations":1,"arena_capacity":244871168,"arena_high_water":268435456,"command_buffers":1,"completion_waits":1,"dispatches":591,"encode":{"nanos":208847,"secs":0},"gpu":{"nanos":9034750,"secs":0},"reused_bytes":2478080,"transient_live_bytes":524288,"transient_peak_bytes":2478080,"wait":{"nanos":9246625,"secs":0}},{"allocated_bytes":4,"allocation_time":{"nanos":3042,"secs":0},"allocations":1,"arena_capacity":244871168,"arena_high_water":268435456,"command_buffers":1,"completion_waits":1,"dispatches":591,"encode":{"nanos":201916,"secs":0},"gpu":{"nanos":9893750,"secs":0},"reused_bytes":2478080,"transient_live_bytes":524288,"transient_peak_bytes":2478080,"wait":{"nanos":10084375,"secs":0}},{"allocated_bytes":4,"allocation_time":{"nanos":3667,"secs":0},"allocations":1,"arena_capacity":244871168,"arena_high_water":268435456,"command_buffers":1,"completion_waits":1,"dispatches":591,"encode":{"nanos":213723,"secs":0},"gpu":{"nanos":9312875,"secs":0},"reused_bytes":2478080,"transient_live_bytes":524288,"transient_peak_bytes":2478080,"wait":{"nanos":9677250,"secs":0}},{"allocated_bytes":4,"allocation_time":{"nanos":4833,"secs":0},"allocations":1,"arena_capacity":244871168,"arena_high_water":268435456,"command_buffers":1,"completion_waits":1,"dispatches":591,"encode":{"nanos":210629,"secs":0},"gpu":{"nanos":10477750,"secs":0},"reused_bytes":2478080,"transient_live_bytes":524288,"transient_peak_bytes":2478080,"wait":{"nanos":10701333,"secs":0}},{"allocated_bytes":4,"allocation_time":{"nanos":4458,"secs":0},"allocations":1,"arena_capacity":244871168,"arena_high_water":268435456,"command_buffers":1,"completion_waits":1,"dispatches":591,"encode":{"nanos":223258,"secs":0},"gpu":{"nanos":9743542,"secs":0},"reused_bytes":2478080,"transient_live_bytes":524288,"transient_peak_bytes":2478080,"wait":{"nanos":9978709,"secs":0}},{"allocated_bytes":4,"allocation_time":{"nanos":4083,"secs":0},"allocations":1,"arena_capacity":244871168,"arena_high_water":268435456,"command_buffers":1,"completion_waits":1,"dispatches":591,"encode":{"nanos":226043,"secs":0},"gpu":{"nanos":9650292,"secs":0},"reused_bytes":2478080,"transient_live_bytes":524288,"transient_peak_bytes":2478080,"wait":{"nanos":9879333,"secs":0}},{"allocated_bytes":4,"allocation_time":{"nanos":4792,"secs":0},"allocations":1,"arena_capacity":244871168,"arena_high_water":268435456,"command_buffers":1,"completion_waits":1,"dispatches":591,"encode":{"nanos":243220,"secs":0},"gpu":{"nanos":9251000,"secs":0},"reused_bytes":2478080,"transient_live_bytes":524288,"transient_peak_bytes":2478080,"wait":{"nanos":9459375,"secs":0}},{"allocated_bytes":4,"allocation_time":{"nanos":3041,"secs":0},"allocations":1,"arena_capacity":244871168,"arena_high_water":268435456,"command_buffers":1,"completion_waits":1,"dispatches":591,"encode":{"nanos":206536,"secs":0},"gpu":{"nanos":9120000,"secs":0},"reused_bytes":2478080,"transient_live_bytes":524288,"transient_peak_bytes":2478080,"wait":{"nanos":9351500,"secs":0}},{"allocated_bytes":4,"allocation_time":{"nanos":2958,"secs":0},"allocations":1,"arena_capacity":244871168,"arena_high_water":268435456,"command_buffers":1,"completion_waits":1,"dispatches":591,"encode":{"nanos":212748,"secs":0},"gpu":{"nanos":9374833,"secs":0},"reused_bytes":2478080,"transient_live_bytes":524288,"transient_peak_bytes":2478080,"wait":{"nanos":9631459,"secs":0}},{"allocated_bytes":4,"allocation_time":{"nanos":2875,"secs":0},"allocations":1,"arena_capacity":244871168,"arena_high_water":268435456,"command_buffers":1,"completion_waits":1,"dispatches":591,"encode":{"nanos":232754,"secs":0},"gpu":{"nanos":9027417,"secs":0},"reused_bytes":2478080,"transient_live_bytes":524288,"transient_peak_bytes":2478080,"wait":{"nanos":9244208,"secs":0}},{"allocated_bytes":4,"allocation_time":{"nanos":3542,"secs":0},"allocations":1,"arena_capacity":244871168,"arena_high_water":268435456,"command_buffers":1,"completion_waits":1,"dispatches":591,"encode":{"nanos":217256,"secs":0},"gpu":{"nanos":9182167,"secs":0},"reused_bytes":2478080,"transient_live_bytes":524288,"transient_peak_bytes":2478080,"wait":{"nanos":9475875,"secs":0}},{"allocated_bytes":4,"allocation_time":{"nanos":3125,"secs":0},"allocations":1,"arena_capacity":244871168,"arena_high_water":268435456,"command_buffers":1,"completion_waits":1,"dispatches":591,"encode":{"nanos":227414,"secs":0},"gpu":{"nanos":9100250,"secs":0},"reused_bytes":2478080,"transient_live_bytes":524288,"transient_peak_bytes":2478080,"wait":{"nanos":9321875,"secs":0}},{"allocated_bytes":4,"allocation_time":{"nanos":2959,"secs":0},"allocations":1,"arena_capacity":244871168,"arena_high_water":268435456,"command_buffers":1,"completion_waits":1,"dispatches":591,"encode":{"nanos":212991,"secs":0},"gpu":{"nanos":9299458,"secs":0},"reused_bytes":2478080,"transient_live_bytes":524288,"transient_peak_bytes":2478080,"wait":{"nanos":9506834,"secs":0}},{"allocated_bytes":4,"allocation_time":{"nanos":2709,"secs":0},"allocations":1,"arena_capacity":244871168,"arena_high_water":268435456,"command_buffers":1,"completion_waits":1,"dispatches":591,"encode":{"nanos":200610,"secs":0},"gpu":{"nanos":9370833,"secs":0},"reused_bytes":2478080,"transient_live_bytes":524288,"transient_peak_bytes":2478080,"wait":{"nanos":9630875,"secs":0}},{"allocated_bytes":4,"allocation_time":{"nanos":2125,"secs":0},"allocations":1,"arena_capacity":244871168,"arena_high_water":268435456,"command_buffers":1,"completion_waits":1,"dispatches":591,"encode":{"nanos":198780,"secs":0},"gpu":{"nanos":9597042,"secs":0},"reused_bytes":2478080,"transient_live_bytes":524288,"transient_peak_bytes":2478080,"wait":{"nanos":9822542,"secs":0}},{"allocated_bytes":4,"allocation_time":{"nanos":4542,"secs":0},"allocations":1,"arena_capacity":244871168,"arena_high_water":268435456,"command_buffers":1,"completion_waits":1,"dispatches":591,"encode":{"nanos":212371,"secs":0},"gpu":{"nanos":9151500,"secs":0},"reused_bytes":2478080,"transient_live_bytes":524288,"transient_peak_bytes":2478080,"wait":{"nanos":9426375,"secs":0}},{"allocated_bytes":4,"allocation_time":{"nanos":2625,"secs":0},"allocations":1,"arena_capacity":244871168,"arena_high_water":268435456,"command_buffers":1,"completion_waits":1,"dispatches":591,"encode":{"nanos":204617,"secs":0},"gpu":{"nanos":9279500,"secs":0},"reused_bytes":2478080,"transient_live_bytes":524288,"transient_peak_bytes":2478080,"wait":{"nanos":9571958,"secs":0}},{"allocated_bytes":4,"allocation_time":{"nanos":3416,"secs":0},"allocations":1,"arena_capacity":244871168,"arena_high_water":268435456,"command_buffers":1,"completion_waits":1,"dispatches":591,"encode":{"nanos":203913,"secs":0},"gpu":{"nanos":9443167,"secs":0},"reused_bytes":2478080,"transient_live_bytes":524288,"transient_peak_bytes":2478080,"wait":{"nanos":9690083,"secs":0}},{"allocated_bytes":4,"allocation_time":{"nanos":3333,"secs":0},"allocations":1,"arena_capacity":244871168,"arena_high_water":268435456,"command_buffers":1,"completion_waits":1,"dispatches":591,"encode":{"nanos":204586,"secs":0},"gpu":{"nanos":9259083,"secs":0},"reused_bytes":2478080,"transient_live_bytes":524288,"transient_peak_bytes":2478080,"wait":{"nanos":9482458,"secs":0}},{"allocated_bytes":4,"allocation_time":{"nanos":2500,"secs":0},"allocations":1,"arena_capacity":244871168,"arena_high_water":268435456,"command_buffers":1,"completion_waits":1,"dispatches":591,"encode":{"nanos":209074,"secs":0},"gpu":{"nanos":9375792,"secs":0},"reused_bytes":2478080,"transient_live_bytes":524288,"transient_peak_bytes":2478080,"wait":{"nanos":9575583,"secs":0}},{"allocated_bytes":4,"allocation_time":{"nanos":3500,"secs":0},"allocations":1,"arena_capacity":244871168,"arena_high_water":268435456,"command_buffers":1,"completion_waits":1,"dispatches":591,"encode":{"nanos":206418,"secs":0},"gpu":{"nanos":9357500,"secs":0},"reused_bytes":2478080,"transient_live_bytes":524288,"transient_peak_bytes":2478080,"wait":{"nanos":9653875,"secs":0}},{"allocated_bytes":4,"allocation_time":{"nanos":3042,"secs":0},"allocations":1,"arena_capacity":244871168,"arena_high_water":268435456,"command_buffers":1,"completion_waits":1,"dispatches":591,"encode":{"nanos":205591,"secs":0},"gpu":{"nanos":9671917,"secs":0},"reused_bytes":2478080,"transient_live_bytes":524288,"transient_peak_bytes":2478080,"wait":{"nanos":9904958,"secs":0}},{"allocated_bytes":4,"allocation_time":{"nanos":2417,"secs":0},"allocations":1,"arena_capacity":244871168,"arena_high_water":268435456,"command_buffers":1,"completion_waits":1,"dispatches":591,"encode":{"nanos":205417,"secs":0},"gpu":{"nanos":9485417,"secs":0},"reused_bytes":2478080,"transient_live_bytes":524288,"transient_peak_bytes":2478080,"wait":{"nanos":9711500,"secs":0}},{"allocated_bytes":4,"allocation_time":{"nanos":2292,"secs":0},"allocations":1,"arena_capacity":244871168,"arena_high_water":268435456,"command_buffers":1,"completion_waits":1,"dispatches":591,"encode":{"nanos":222743,"secs":0},"gpu":{"nanos":9014167,"secs":0},"reused_bytes":2478080,"transient_live_bytes":524288,"transient_peak_bytes":2478080,"wait":{"nanos":9228417,"secs":0}},{"allocated_bytes":4,"allocation_time":{"nanos":2584,"secs":0},"allocations":1,"arena_capacity":244871168,"arena_high_water":268435456,"command_buffers":1,"completion_waits":1,"dispatches":591,"encode":{"nanos":206572,"secs":0},"gpu":{"nanos":9357875,"secs":0},"reused_bytes":2478080,"transient_live_bytes":524288,"transient_peak_bytes":2478080,"wait":{"nanos":9584083,"secs":0}},{"allocated_bytes":4,"allocation_time":{"nanos":2791,"secs":0},"allocations":1,"arena_capacity":244871168,"arena_high_water":268435456,"command_buffers":1,"completion_waits":1,"dispatches":591,"encode":{"nanos":205766,"secs":0},"gpu":{"nanos":9058250,"secs":0},"reused_bytes":2478080,"transient_live_bytes":524288,"transient_peak_bytes":2478080,"wait":{"nanos":9289834,"secs":0}},{"allocated_bytes":4,"allocation_time":{"nanos":2917,"secs":0},"allocations":1,"arena_capacity":244871168,"arena_high_water":268435456,"command_buffers":1,"completion_waits":1,"dispatches":591,"encode":{"nanos":204962,"secs":0},"gpu":{"nanos":9291250,"secs":0},"reused_bytes":2478080,"transient_live_bytes":524288,"transient_peak_bytes":2478080,"wait":{"nanos":9551792,"secs":0}},{"allocated_bytes":4,"allocation_time":{"nanos":2958,"secs":0},"allocations":1,"arena_capacity":244871168,"arena_high_water":268435456,"command_buffers":1,"completion_waits":1,"dispatches":591,"encode":{"nanos":208335,"secs":0},"gpu":{"nanos":9173875,"secs":0},"reused_bytes":2478080,"transient_live_bytes":524288,"transient_peak_bytes":2478080,"wait":{"nanos":9406333,"secs":0}},{"allocated_bytes":4,"allocation_time":{"nanos":3333,"secs":0},"allocations":1,"arena_capacity":244871168,"arena_high_water":268435456,"command_buffers":1,"completion_waits":1,"dispatches":591,"encode":{"nanos":208342,"secs":0},"gpu":{"nanos":9553458,"secs":0},"reused_bytes":2478080,"transient_live_bytes":524288,"transient_peak_bytes":2478080,"wait":{"nanos":9777875,"secs":0}},{"allocated_bytes":4,"allocation_time":{"nanos":3041,"secs":0},"allocations":1,"arena_capacity":244871168,"arena_high_water":268435456,"command_buffers":1,"completion_waits":1,"dispatches":591,"encode":{"nanos":206131,"secs":0},"gpu":{"nanos":9229125,"secs":0},"reused_bytes":2478080,"transient_live_bytes":524288,"transient_peak_bytes":2478080,"wait":{"nanos":9426542,"secs":0}},{"allocated_bytes":4,"allocation_time":{"nanos":4000,"secs":0},"allocations":1,"arena_capacity":244871168,"arena_high_water":268435456,"command_buffers":1,"completion_waits":1,"dispatches":591,"encode":{"nanos":210260,"secs":0},"gpu":{"nanos":8970208,"secs":0},"reused_bytes":2478080,"transient_live_bytes":524288,"transient_peak_bytes":2478080,"wait":{"nanos":9327125,"secs":0}},{"allocated_bytes":4,"allocation_time":{"nanos":4791,"secs":0},"allocations":1,"arena_capacity":244871168,"arena_high_water":268435456,"command_buffers":1,"completion_waits":1,"dispatches":591,"encode":{"nanos":220393,"secs":0},"gpu":{"nanos":9397125,"secs":0},"reused_bytes":2478080,"transient_live_bytes":524288,"transient_peak_bytes":2478080,"wait":{"nanos":9596625,"secs":0}},{"allocated_bytes":4,"allocation_time":{"nanos":3167,"secs":0},"allocations":1,"arena_capacity":244871168,"arena_high_water":268435456,"command_buffers":1,"completion_waits":1,"dispatches":591,"encode":{"nanos":213114,"secs":0},"gpu":{"nanos":8945583,"secs":0},"reused_bytes":2478080,"transient_live_bytes":524288,"transient_peak_bytes":2478080,"wait":{"nanos":9202708,"secs":0}},{"allocated_bytes":4,"allocation_time":{"nanos":2667,"secs":0},"allocations":1,"arena_capacity":244871168,"arena_high_water":268435456,"command_buffers":1,"completion_waits":1,"dispatches":591,"encode":{"nanos":215859,"secs":0},"gpu":{"nanos":10008917,"secs":0},"reused_bytes":2478080,"transient_live_bytes":524288,"transient_peak_bytes":2478080,"wait":{"nanos":10199541,"secs":0}},{"allocated_bytes":4,"allocation_time":{"nanos":4083,"secs":0},"allocations":1,"arena_capacity":244871168,"arena_high_water":268435456,"command_buffers":1,"completion_waits":1,"dispatches":591,"encode":{"nanos":222360,"secs":0},"gpu":{"nanos":9818417,"secs":0},"reused_bytes":2478080,"transient_live_bytes":524288,"transient_peak_bytes":2478080,"wait":{"nanos":10087375,"secs":0}},{"allocated_bytes":4,"allocation_time":{"nanos":4042,"secs":0},"allocations":1,"arena_capacity":244871168,"arena_high_water":268435456,"command_buffers":1,"completion_waits":1,"dispatches":591,"encode":{"nanos":210667,"secs":0},"gpu":{"nanos":9745375,"secs":0},"reused_bytes":2478080,"transient_live_bytes":524288,"transient_peak_bytes":2478080,"wait":{"nanos":9962167,"secs":0}},{"allocated_bytes":4,"allocation_time":{"nanos":3167,"secs":0},"allocations":1,"arena_capacity":244871168,"arena_high_water":268435456,"command_buffers":1,"completion_waits":1,"dispatches":591,"encode":{"nanos":210805,"secs":0},"gpu":{"nanos":9114583,"secs":0},"reused_bytes":2478080,"transient_live_bytes":524288,"transient_peak_bytes":2478080,"wait":{"nanos":9328500,"secs":0}},{"allocated_bytes":4,"allocation_time":{"nanos":2917,"secs":0},"allocations":1,"arena_capacity":244871168,"arena_high_water":268435456,"command_buffers":1,"completion_waits":1,"dispatches":591,"encode":{"nanos":210587,"secs":0},"gpu":{"nanos":9334000,"secs":0},"reused_bytes":2478080,"transient_live_bytes":524288,"transient_peak_bytes":2478080,"wait":{"nanos":9555042,"secs":0}},{"allocated_bytes":4,"allocation_time":{"nanos":3041,"secs":0},"allocations":1,"arena_capacity":244871168,"arena_high_water":268435456,"command_buffers":1,"completion_waits":1,"dispatches":591,"encode":{"nanos":207166,"secs":0},"gpu":{"nanos":9594750,"secs":0},"reused_bytes":2478080,"transient_live_bytes":524288,"transient_peak_bytes":2478080,"wait":{"nanos":9846792,"secs":0}},{"allocated_bytes":4,"allocation_time":{"nanos":2167,"secs":0},"allocations":1,"arena_capacity":244871168,"arena_high_water":268435456,"command_buffers":1,"completion_waits":1,"dispatches":591,"encode":{"nanos":211716,"secs":0},"gpu":{"nanos":9457167,"secs":0},"reused_bytes":2478080,"transient_live_bytes":524288,"transient_peak_bytes":2478080,"wait":{"nanos":9684958,"secs":0}},{"allocated_bytes":4,"allocation_time":{"nanos":3791,"secs":0},"allocations":1,"arena_capacity":244871168,"arena_high_water":268435456,"command_buffers":1,"completion_waits":1,"dispatches":591,"encode":{"nanos":225586,"secs":0},"gpu":{"nanos":9567375,"secs":0},"reused_bytes":2478080,"transient_live_bytes":524288,"transient_peak_bytes":2478080,"wait":{"nanos":9764500,"secs":0}},{"allocated_bytes":4,"allocation_time":{"nanos":6041,"secs":0},"allocations":1,"arena_capacity":244871168,"arena_high_water":268435456,"command_buffers":1,"completion_waits":1,"dispatches":591,"encode":{"nanos":213547,"secs":0},"gpu":{"nanos":9577625,"secs":0},"reused_bytes":2478080,"transient_live_bytes":524288,"transient_peak_bytes":2478080,"wait":{"nanos":9807250,"secs":0}},{"allocated_bytes":4,"allocation_time":{"nanos":3500,"secs":0},"allocations":1,"arena_capacity":244871168,"arena_high_water":268435456,"command_buffers":1,"completion_waits":1,"dispatches":591,"encode":{"nanos":205802,"secs":0},"gpu":{"nanos":8705250,"secs":0},"reused_bytes":2478080,"transient_live_bytes":524288,"transient_peak_bytes":2478080,"wait":{"nanos":8928291,"secs":0}},{"allocated_bytes":458756,"allocation_time":{"nanos":136789,"secs":0},"allocations":57,"arena_capacity":245329920,"arena_high_water":268435456,"command_buffers":1,"completion_waits":1,"dispatches":591,"encode":{"nanos":216043,"secs":0},"gpu":{"nanos":8680625,"secs":0},"reused_bytes":2248704,"transient_live_bytes":524288,"transient_peak_bytes":2707456,"wait":{"nanos":8898875,"secs":0}},{"allocated_bytes":4,"allocation_time":{"nanos":2583,"secs":0},"allocations":1,"arena_capacity":245329920,"arena_high_water":268435456,"command_buffers":1,"completion_waits":1,"dispatches":591,"encode":{"nanos":204861,"secs":0},"gpu":{"nanos":8627917,"secs":0},"reused_bytes":2707456,"transient_live_bytes":524288,"transient_peak_bytes":2707456,"wait":{"nanos":8811625,"secs":0}},{"allocated_bytes":4,"allocation_time":{"nanos":2750,"secs":0},"allocations":1,"arena_capacity":245329920,"arena_high_water":268435456,"command_buffers":1,"completion_waits":1,"dispatches":591,"encode":{"nanos":217256,"secs":0},"gpu":{"nanos":8579250,"secs":0},"reused_bytes":2707456,"transient_live_bytes":524288,"transient_peak_bytes":2707456,"wait":{"nanos":8803916,"secs":0}},{"allocated_bytes":4,"allocation_time":{"nanos":2792,"secs":0},"allocations":1,"arena_capacity":245329920,"arena_high_water":268435456,"command_buffers":1,"completion_waits":1,"dispatches":591,"encode":{"nanos":227500,"secs":0},"gpu":{"nanos":8554917,"secs":0},"reused_bytes":2707456,"transient_live_bytes":524288,"transient_peak_bytes":2707456,"wait":{"nanos":8821416,"secs":0}},{"allocated_bytes":4,"allocation_time":{"nanos":3625,"secs":0},"allocations":1,"arena_capacity":245329920,"arena_high_water":268435456,"command_buffers":1,"completion_waits":1,"dispatches":591,"encode":{"nanos":207666,"secs":0},"gpu":{"nanos":8644833,"secs":0},"reused_bytes":2707456,"transient_live_bytes":524288,"transient_peak_bytes":2707456,"wait":{"nanos":8891333,"secs":0}},{"allocated_bytes":4,"allocation_time":{"nanos":3250,"secs":0},"allocations":1,"arena_capacity":245329920,"arena_high_water":268435456,"command_buffers":1,"completion_waits":1,"dispatches":591,"encode":{"nanos":206251,"secs":0},"gpu":{"nanos":8913625,"secs":0},"reused_bytes":2707456,"transient_live_bytes":524288,"transient_peak_bytes":2707456,"wait":{"nanos":9169000,"secs":0}},{"allocated_bytes":4,"allocation_time":{"nanos":2750,"secs":0},"allocations":1,"arena_capacity":245329920,"arena_high_water":268435456,"command_buffers":1,"completion_waits":1,"dispatches":591,"encode":{"nanos":205461,"secs":0},"gpu":{"nanos":8900458,"secs":0},"reused_bytes":2707456,"transient_live_bytes":524288,"transient_peak_bytes":2707456,"wait":{"nanos":9153833,"secs":0}},{"allocated_bytes":4,"allocation_time":{"nanos":4041,"secs":0},"allocations":1,"arena_capacity":245329920,"arena_high_water":268435456,"command_buffers":1,"completion_waits":1,"dispatches":591,"encode":{"nanos":210539,"secs":0},"gpu":{"nanos":8843750,"secs":0},"reused_bytes":2707456,"transient_live_bytes":524288,"transient_peak_bytes":2707456,"wait":{"nanos":9057667,"secs":0}},{"allocated_bytes":4,"allocation_time":{"nanos":3458,"secs":0},"allocations":1,"arena_capacity":245329920,"arena_high_water":268435456,"command_buffers":1,"completion_waits":1,"dispatches":591,"encode":{"nanos":208150,"secs":0},"gpu":{"nanos":8396500,"secs":0},"reused_bytes":2707456,"transient_live_bytes":524288,"transient_peak_bytes":2707456,"wait":{"nanos":8652083,"secs":0}},{"allocated_bytes":4,"allocation_time":{"nanos":3167,"secs":0},"allocations":1,"arena_capacity":245329920,"arena_high_water":268435456,"command_buffers":1,"completion_waits":1,"dispatches":591,"encode":{"nanos":208079,"secs":0},"gpu":{"nanos":8743833,"secs":0},"reused_bytes":2707456,"transient_live_bytes":524288,"transient_peak_bytes":2707456,"wait":{"nanos":8998667,"secs":0}},{"allocated_bytes":4,"allocation_time":{"nanos":2834,"secs":0},"allocations":1,"arena_capacity":245329920,"arena_high_water":268435456,"command_buffers":1,"completion_waits":1,"dispatches":591,"encode":{"nanos":209785,"secs":0},"gpu":{"nanos":8652458,"secs":0},"reused_bytes":2707456,"transient_live_bytes":524288,"transient_peak_bytes":2707456,"wait":{"nanos":8912125,"secs":0}},{"allocated_bytes":4,"allocation_time":{"nanos":3708,"secs":0},"allocations":1,"arena_capacity":245329920,"arena_high_water":268435456,"command_buffers":1,"completion_waits":1,"dispatches":591,"encode":{"nanos":206883,"secs":0},"gpu":{"nanos":7923958,"secs":0},"reused_bytes":2707456,"transient_live_bytes":524288,"transient_peak_bytes":2707456,"wait":{"nanos":8197292,"secs":0}},{"allocated_bytes":4,"allocation_time":{"nanos":3583,"secs":0},"allocations":1,"arena_capacity":245329920,"arena_high_water":268435456,"command_buffers":1,"completion_waits":1,"dispatches":591,"encode":{"nanos":220406,"secs":0},"gpu":{"nanos":8329500,"secs":0},"reused_bytes":2707456,"transient_live_bytes":524288,"transient_peak_bytes":2707456,"wait":{"nanos":8583000,"secs":0}},{"allocated_bytes":4,"allocation_time":{"nanos":3042,"secs":0},"allocations":1,"arena_capacity":245329920,"arena_high_water":268435456,"command_buffers":1,"completion_waits":1,"dispatches":591,"encode":{"nanos":225542,"secs":0},"gpu":{"nanos":8667750,"secs":0},"reused_bytes":2707456,"transient_live_bytes":524288,"transient_peak_bytes":2707456,"wait":{"nanos":8960375,"secs":0}},{"allocated_bytes":4,"allocation_time":{"nanos":4125,"secs":0},"allocations":1,"arena_capacity":245329920,"arena_high_water":268435456,"command_buffers":1,"completion_waits":1,"dispatches":591,"encode":{"nanos":206633,"secs":0},"gpu":{"nanos":8703375,"secs":0},"reused_bytes":2707456,"transient_live_bytes":524288,"transient_peak_bytes":2707456,"wait":{"nanos":8961792,"secs":0}},{"allocated_bytes":4,"allocation_time":{"nanos":3333,"secs":0},"allocations":1,"arena_capacity":245329920,"arena_high_water":268435456,"command_buffers":1,"completion_waits":1,"dispatches":591,"encode":{"nanos":206274,"secs":0},"gpu":{"nanos":8572875,"secs":0},"reused_bytes":2707456,"transient_live_bytes":524288,"transient_peak_bytes":2707456,"wait":{"nanos":8833417,"secs":0}},{"allocated_bytes":4,"allocation_time":{"nanos":3500,"secs":0},"allocations":1,"arena_capacity":245329920,"arena_high_water":268435456,"command_buffers":1,"completion_waits":1,"dispatches":591,"encode":{"nanos":205802,"secs":0},"gpu":{"nanos":8446333,"secs":0},"reused_bytes":2707456,"transient_live_bytes":524288,"transient_peak_bytes":2707456,"wait":{"nanos":8706250,"secs":0}},{"allocated_bytes":4,"allocation_time":{"nanos":3250,"secs":0},"allocations":1,"arena_capacity":245329920,"arena_high_water":268435456,"command_buffers":1,"completion_waits":1,"dispatches":591,"encode":{"nanos":204798,"secs":0},"gpu":{"nanos":8689875,"secs":0},"reused_bytes":2707456,"transient_live_bytes":524288,"transient_peak_bytes":2707456,"wait":{"nanos":8951334,"secs":0}},{"allocated_bytes":4,"allocation_time":{"nanos":4000,"secs":0},"allocations":1,"arena_capacity":245329920,"arena_high_water":268435456,"command_buffers":1,"completion_waits":1,"dispatches":591,"encode":{"nanos":206125,"secs":0},"gpu":{"nanos":8481792,"secs":0},"reused_bytes":2707456,"transient_live_bytes":524288,"transient_peak_bytes":2707456,"wait":{"nanos":8715500,"secs":0}},{"allocated_bytes":4,"allocation_time":{"nanos":2458,"secs":0},"allocations":1,"arena_capacity":245329920,"arena_high_water":268435456,"command_buffers":1,"completion_waits":1,"dispatches":591,"encode":{"nanos":206076,"secs":0},"gpu":{"nanos":9036625,"secs":0},"reused_bytes":2707456,"transient_live_bytes":524288,"transient_peak_bytes":2707456,"wait":{"nanos":9270542,"secs":0}},{"allocated_bytes":4,"allocation_time":{"nanos":2916,"secs":0},"allocations":1,"arena_capacity":245329920,"arena_high_water":268435456,"command_buffers":1,"completion_waits":1,"dispatches":591,"encode":{"nanos":206335,"secs":0},"gpu":{"nanos":8409500,"secs":0},"reused_bytes":2707456,"transient_live_bytes":524288,"transient_peak_bytes":2707456,"wait":{"nanos":8668167,"secs":0}}],"decode_median_ms":9.675333,"decode_ms":[9.481375,9.396875000000001,9.340167,9.095208000000001,9.606667,9.025917,9.360834,9.568916999999999,9.342708,9.365416,9.436875,9.453667000000001,9.633625,9.674999999999999,9.527208,9.953333,9.296208,9.197500000000002,9.360791,9.498458,9.467375,9.489167,9.592540999999999,9.554083,9.613541999999999,9.679791,9.448875000000001,9.782667,9.815333,9.692333,9.593124999999999,9.198583,9.739625,9.28675,9.302792,9.362250000000001,9.511500000000002,9.152667,9.6225,9.925082999999999,9.272958,9.936208,9.947958,10.304832999999999,9.653125000000001,9.975249999999999,9.219375,9.521708,9.930542,9.967875,9.522459000000001,9.769207999999999,9.844458,9.769833,9.65075,9.675333,9.693792,9.619791000000001,9.894708,9.62825,9.756166,9.320084,9.699708,9.633125,9.751707999999999,10.547625,10.195167,11.209916,10.5045,10.425749999999999,10.017875,9.821292,10.142292000000001,9.791208,9.994459,9.853083,9.994625,10.088541,10.280332999999999,9.936541,10.041417000000001,10.166958000000001,9.978166,10.047834,10.151833,10.403666000000001,10.205334,9.76275,10.080042,9.784832999999999,10.052292000000001,9.92525,10.278374999999999,9.894708,9.838583,10.120542,9.711041999999999,10.724375,10.62525,10.47325,9.799541999999999,10.029584,10.348708,10.198832999999999,10.275584,10.2935,9.396333,9.525375,9.292125,9.324833,9.353,9.362499999999999,9.668332999999999,9.647542,9.551041,9.148458,9.500290999999999,9.42,8.696583,9.098333,9.484958,9.458083,9.327209,9.200125,9.459792,9.211041999999999,9.7685,9.177792],"decode_profiles":[{},{},{},{},{},{},{},{},{},{},{},{},{},{},{},{},{},{},{},{},{},{},{},{},{},{},{},{},{},{},{},{},{},{},{},{},{},{},{},{},{},{},{},{},{},{},{},{},{},{},{},{},{},{},{},{},{},{},{},{},{},{},{},{},{},{},{},{},{},{},{},{},{},{},{},{},{},{},{},{},{},{},{},{},{},{},{},{},{},{},{},{},{},{},{},{},{},{},{},{},{},{},{},{},{},{},{},{},{},{},{},{},{},{},{},{},{},{},{},{},{},{},{},{},{},{},{},{}],"decode_tps":103.3556157705373,"first_token_ms":52.866917,"generated_ids":[151667,198,32313,11,279,1196,1101,1053,330,9707,8958,773,358,1184,311,5889,34901,13,6771,752,1744,911,279,1850,1616,311,40786,1105,13,8704,807,2299,1667,279,21927,0,1943,11,7196,358,1265,24645,432,323,3010,12994,13,358,1265,2506,432,11657,323,1787,83075,13,6771,752,1281,2704,311,1779,421,1052,594,894,3151,1681,807,2578,614,11,714,2474,807,3207,944,6286,4113,11,1101,264,4285,42113,1265,975,13,97593,11,882,311,2182,429,1119,264,2033,624,151668,271,9707,0,2585,646,358,7789,498,3351,30,26525,232,151645,198,151643,33975,25,3555,374,279,1850,1616,311,40786,4325,1939,71703,25,320,3563,7979],"generated_tokens":129,"generation_ms":1329.799125,"generation_tps":97.00713256222062,"kv_active_bytes":17088512,"kv_reserved_bytes":29360128,"model_format":"GGUF","model_repository":"Qwen/Qwen3-0.6B-GGUF","model_revision":"23749fefcc72300e3a2ad315e1317431b06b590a","moe_expert_tensorops":true,"moe_expert_tensorops_min_routes_per_expert":8,"moe_expert_tensorops_tile_k64":true,"packed_quantized_bytes":633233408,"pair":0,"pair_order":"ferrum>llama.cpp","parameter_count":596049920,"prefill_counters":{"allocated_bytes":70778964,"allocation_time":{"nanos":4826943,"secs":0},"allocations":535,"arena_capacity":244469760,"arena_high_water":268435456,"command_buffers":1,"completion_waits":1,"dispatches":591,"encode":{"nanos":315426,"secs":0},"gpu":{"nanos":45825250,"secs":0},"reused_bytes":4194304,"transient_live_bytes":0,"transient_peak_bytes":45613056,"wait":{"nanos":47079584,"secs":0}},"prefill_ms":52.521417,"prefill_profile":{},"prefill_tps":399.83688939694827,"prompt_ids":[151644,8948,198,2610,525,264,10950,17847,13,151645,198,151644,872,198,9707,0,151645,198,151644,77091,198],"prompt_tokens":21,"q4_k_mpp_tile_k64":true,"q5_0_gemv_n4":false,"q5_1_mpp_tile_k64":true,"q8_0_mpp_tile_k64":true,"retained_weight_bytes":633364480,"runtime":"ferrum","sampling_ms":32.495081,"source_tensor_bytes":633495552,"tensor_count":310,"warmup":false,"process_rss_bytes":1149419520,"source_matrix_case_model":"Qwen/Qwen3-0.6B-GGUF@Q8_0","ferrum_options":{"batch_limit_dispatches":1024,"q4_0_gemv_8rows":true,"q4_k_gemv_8rows":true,"q6_k_gemv_8rows":true,"moe_gpu_routing":true,"mlx_affine4_gemv_quad":true},"engine_order":["ferrum","llama.cpp"],"case_index":4,"engine_load_plus_first_warmup_ms":967.3795419512317}
{"case":"sustained-128-decode","command_buffer_count":null,"decode_aggregate_tps":165.03204191213555,"decode_median_ms":6.136875,"decode_ms":[6.433583,6.233375,5.868958,6.2435,6.185334,5.913542,6.195708,6.174041,5.759625,6.111333,5.825333,6.151833,6.150083,5.839625,6.169125,6.276375,5.848292,6.160375,5.823208,6.081333,6.143334,5.803,6.142042,6.144875,5.786166,6.208208,6.13625,5.814041,6.123625,5.79525,6.136875,6.190084,5.789083,6.135,6.138,5.890208,6.17775,6.036167,6.187416,6.172709,5.842959,6.090209,6.132209,5.849833,6.106083,6.28675,5.826666,6.176334,5.985,5.935042,6.142875,5.793291,6.147459,6.156667,5.786166,6.174458,5.89375,6.139167,6.139459,5.81225,6.100583,6.162792,5.727208,6.152875,5.90925,6.057708,6.334209,5.833208,6.16175,6.155,5.792417,6.115333,5.797417,5.907458,6.158666,5.831959,6.271958,6.244875,5.810625,6.131208,5.905917,5.825625,6.164958,5.85625,6.208042,6.1695,5.931292,6.158333,6.168959,5.790833,6.172292,5.842583,6.12825,6.163083,5.80775,6.215333,6.322375,5.91275,6.120042,6.286125,5.833917,6.222167,5.821125,6.198625,6.207959,5.810375,6.30325,6.685625,6.219791,6.346,6.254084,5.823208,6.1835,5.8945,6.091083,6.294625,5.9255,6.254,6.217584,5.814166,6.216709,6.154208,5.8375,6.220375,5.855958,6.15975,6.21525,5.928042],"decode_tps":162.94938384764234,"dispatch_count":null,"first_token_ms":17.188625,"generated_ids":[151667,198,32313,11,279,1196,1101,1053,330,9707,8958,773,358,1184,311,5889,34901,13,6771,752,1744,911,279,1850,1616,311,40786,1105,13,8704,807,2299,1667,279,21927,0,1943,11,7196,358,1265,24645,432,323,3010,12994,13,358,1265,2506,432,11657,323,1787,83075,13,6771,752,1281,2704,311,1779,421,1052,594,894,3151,1681,807,2578,614,11,714,2474,807,3207,944,6286,4113,11,1101,264,4285,42113,1265,975,13,97593,11,882,311,2182,429,1119,264,2033,624,151668,271,9707,0,2585,646,358,7789,498,3351,30,26525,232,151645,198,151643,33975,25,3555,374,279,1850,1616,311,40786,4325,5267,2121,458,15235,11,358],"generated_tokens":129,"generation_ms":826.271958,"generation_tps":156.1229311378857,"kv_context_capacity_tokens":4096,"kv_type":"bf16","llama_commit":"84e76d8a23162eca70490da131945ebec1f09bf4","llama_version":"0.5.0-dev","model_format":"GGUF","pair":0,"pair_order":"ferrum>llama.cpp","prefill_ms":16.923833,"prefill_tps":1240.8536529520234,"process_max_rss_bytes":1235976192,"prompt_ids":[151644,8948,198,2610,525,264,10950,17847,13,151645,198,151644,872,198,9707,0,151645,198,151644,77091,198],"prompt_tokens":21,"runtime":"llama.cpp","sampling_ms":33.731919000000005,"warmup":false,"process_rss_bytes":1235746816,"source_matrix_case_model":"Qwen/Qwen3-0.6B-GGUF@Q8_0","engine_order":["ferrum","llama.cpp"],"case_index":4,"engine_load_plus_first_warmup_ms":1067.7772499620914}
{"case":"sustained-128-decode","command_buffer_count":null,"decode_aggregate_tps":165.05259541505495,"decode_median_ms":6.136083,"decode_ms":[6.668042,6.125042,5.802542,6.193917,6.160625,5.861834,6.169833,5.818208,6.106709,6.208792,5.780209,6.260167,6.214416,5.752,6.130584,5.906541,6.234709,6.219375,5.83825,6.066917,6.275583,5.80925,6.146,6.224041,5.87,6.216,5.928958,6.126,6.165125,5.85275,6.170042,6.137125,5.770209,6.150292,5.792416,6.048667,6.345666,5.822667,6.13,6.154833,5.754958,6.134208,6.173125,5.8525,6.308083,5.825458,6.003417,6.232708,5.775625,6.188125,6.222125,5.820375,6.126458,5.9295,6.16075,6.142416,5.912833,6.22925,6.144333,5.821542,6.183,6.130083,5.735459,6.138167,6.022167,6.178917,6.258542,5.845916,6.135833,6.171333,5.820167,6.164084,5.934,6.204583,6.280542,5.821083,6.2435,6.207375,5.792584,6.145292,6.099208,5.819459,6.206333,5.826708,6.127666,6.166833,5.911834,6.2305,6.183292,5.774583,6.118875,5.909708,6.132417,6.176875,5.814292,6.139125,6.2215,5.944958,6.16825,6.231917,5.786125,6.145708,5.885375,6.15225,6.15425,5.80425,6.142167,6.292125,5.826125,6.216875,5.907459,6.09025,6.259583,5.866083,6.142542,6.2195,5.787083,6.304833,6.192208,5.793833,6.140542,5.880958,6.136083,6.212916,5.88175,6.219708,6.145833,5.894875],"decode_tps":162.97041614332792,"dispatch_count":null,"first_token_ms":16.69175,"generated_ids":[151667,198,32313,11,279,1196,1101,1053,330,9707,8958,773,358,1184,311,5889,34901,13,6771,752,1744,911,279,1850,1616,311,40786,1105,13,8704,807,2299,1667,279,21927,0,1943,11,7196,358,1265,24645,432,323,3010,12994,13,358,1265,2506,432,11657,323,1787,83075,13,6771,752,1281,2704,311,1779,421,1052,594,894,3151,1681,807,2578,614,11,714,2474,807,3207,944,6286,4113,11,1101,264,4285,42113,1265,975,13,97593,11,882,311,2182,429,1119,264,2033,624,151668,271,9707,0,2585,646,358,7789,498,3351,30,26525,232,151645,198,151643,33975,25,3555,374,279,1850,1616,311,40786,4325,5267,2121,458,15235,11,358],"generated_tokens":129,"generation_ms":825.71275,"generation_tps":156.22866426611432,"kv_context_capacity_tokens":4096,"kv_type":"bf16","llama_commit":"84e76d8a23162eca70490da131945ebec1f09bf4","llama_version":"0.5.0-dev","model_format":"GGUF","pair":1,"pair_order":"llama.cpp>ferrum","prefill_ms":16.407917,"prefill_tps":1279.8699554611349,"process_max_rss_bytes":1235976192,"prompt_ids":[151644,8948,198,2610,525,264,10950,17847,13,151645,198,151644,872,198,9707,0,151645,198,151644,77091,198],"prompt_tokens":21,"runtime":"llama.cpp","sampling_ms":33.785205000000005,"warmup":false,"process_rss_bytes":1235746816,"source_matrix_case_model":"Qwen/Qwen3-0.6B-GGUF@Q8_0","engine_order":["llama.cpp","ferrum"],"case_index":4,"engine_load_plus_first_warmup_ms":1067.7772499620914}
{"case":"sustained-128-decode","decode_aggregate_tps":103.22224728193162,"decode_counters":[{"allocated_bytes":4,"allocation_time":{"nanos":6833,"secs":0},"allocations":1,"arena_capacity":245329920,"arena_high_water":268435456,"command_buffers":1,"completion_waits":1,"dispatches":591,"encode":{"nanos":252744,"secs":0},"gpu":{"nanos":8648875,"secs":0},"reused_bytes":2306048,"transient_live_bytes":524288,"transient_peak_bytes":2306048,"wait":{"nanos":9015375,"secs":0}},{"allocated_bytes":4,"allocation_time":{"nanos":5625,"secs":0},"allocations":1,"arena_capacity":245329920,"arena_high_water":268435456,"command_buffers":1,"completion_waits":1,"dispatches":591,"encode":{"nanos":210581,"secs":0},"gpu":{"nanos":8681375,"secs":0},"reused_bytes":2306048,"transient_live_bytes":524288,"transient_peak_bytes":2306048,"wait":{"nanos":8992458,"secs":0}},{"allocated_bytes":4,"allocation_time":{"nanos":3375,"secs":0},"allocations":1,"arena_capacity":245329920,"arena_high_water":268435456,"command_buffers":1,"completion_waits":1,"dispatches":591,"encode":{"nanos":205486,"secs":0},"gpu":{"nanos":8643333,"secs":0},"reused_bytes":2306048,"transient_live_bytes":524288,"transient_peak_bytes":2306048,"wait":{"nanos":8905375,"secs":0}},{"allocated_bytes":4,"allocation_time":{"nanos":3250,"secs":0},"allocations":1,"arena_capacity":245329920,"arena_high_water":268435456,"command_buffers":1,"completion_waits":1,"dispatches":591,"encode":{"nanos":205673,"secs":0},"gpu":{"nanos":8387250,"secs":0},"reused_bytes":2306048,"transient_live_bytes":524288,"transient_peak_bytes":2306048,"wait":{"nanos":8632291,"secs":0}},{"allocated_bytes":4,"allocation_time":{"nanos":2334,"secs":0},"allocations":1,"arena_capacity":245329920,"arena_high_water":268435456,"command_buffers":1,"completion_waits":1,"dispatches":591,"encode":{"nanos":204623,"secs":0},"gpu":{"nanos":8911958,"secs":0},"reused_bytes":2306048,"transient_live_bytes":524288,"transient_peak_bytes":2306048,"wait":{"nanos":9160750,"secs":0}},{"allocated_bytes":4,"allocation_time":{"nanos":3750,"secs":0},"allocations":1,"arena_capacity":245329920,"arena_high_water":268435456,"command_buffers":1,"completion_waits":1,"dispatches":591,"encode":{"nanos":204250,"secs":0},"gpu":{"nanos":8267833,"secs":0},"reused_bytes":2306048,"transient_live_bytes":524288,"transient_peak_bytes":2306048,"wait":{"nanos":8535458,"secs":0}},{"allocated_bytes":4,"allocation_time":{"nanos":3667,"secs":0},"allocations":1,"arena_capacity":245329920,"arena_high_water":268435456,"command_buffers":1,"completion_waits":1,"dispatches":591,"encode":{"nanos":216238,"secs":0},"gpu":{"nanos":8712500,"secs":0},"reused_bytes":2306048,"transient_live_bytes":524288,"transient_peak_bytes":2306048,"wait":{"nanos":8950833,"secs":0}},{"allocated_bytes":4,"allocation_time":{"nanos":2958,"secs":0},"allocations":1,"arena_capacity":245329920,"arena_high_water":268435456,"command_buffers":1,"completion_waits":1,"dispatches":591,"encode":{"nanos":219871,"secs":0},"gpu":{"nanos":8815458,"secs":0},"reused_bytes":2306048,"transient_live_bytes":524288,"transient_peak_bytes":2306048,"wait":{"nanos":9021000,"secs":0}},{"allocated_bytes":4,"allocation_time":{"nanos":3875,"secs":0},"allocations":1,"arena_capacity":245329920,"arena_high_water":268435456,"command_buffers":1,"completion_waits":1,"dispatches":591,"encode":{"nanos":213974,"secs":0},"gpu":{"nanos":8638500,"secs":0},"reused_bytes":2306048,"transient_live_bytes":524288,"transient_peak_bytes":2306048,"wait":{"nanos":8951625,"secs":0}},{"allocated_bytes":4,"allocation_time":{"nanos":2625,"secs":0},"allocations":1,"arena_capacity":245329920,"arena_high_water":268435456,"command_buffers":1,"completion_waits":1,"dispatches":591,"encode":{"nanos":203114,"secs":0},"gpu":{"nanos":8610792,"secs":0},"reused_bytes":2306048,"transient_live_bytes":524288,"transient_peak_bytes":2306048,"wait":{"nanos":8879334,"secs":0}},{"allocated_bytes":4,"allocation_time":{"nanos":5750,"secs":0},"allocations":1,"arena_capacity":245329920,"arena_high_water":268435456,"command_buffers":1,"completion_waits":1,"dispatches":591,"encode":{"nanos":213771,"secs":0},"gpu":{"nanos":8643667,"secs":0},"reused_bytes":2306048,"transient_live_bytes":524288,"transient_peak_bytes":2306048,"wait":{"nanos":8921250,"secs":0}},{"allocated_bytes":4,"allocation_time":{"nanos":3334,"secs":0},"allocations":1,"arena_capacity":245329920,"arena_high_water":268435456,"command_buffers":1,"completion_waits":1,"dispatches":591,"encode":{"nanos":214415,"secs":0},"gpu":{"nanos":8636542,"secs":0},"reused_bytes":2363392,"transient_live_bytes":524288,"transient_peak_bytes":2363392,"wait":{"nanos":8913625,"secs":0}},{"allocated_bytes":4,"allocation_time":{"nanos":3500,"secs":0},"allocations":1,"arena_capacity":245329920,"arena_high_water":268435456,"command_buffers":1,"completion_waits":1,"dispatches":591,"encode":{"nanos":204079,"secs":0},"gpu":{"nanos":8787458,"secs":0},"reused_bytes":2363392,"transient_live_bytes":524288,"transient_peak_bytes":2363392,"wait":{"nanos":9050083,"secs":0}},{"allocated_bytes":4,"allocation_time":{"nanos":3334,"secs":0},"allocations":1,"arena_capacity":245329920,"arena_high_water":268435456,"command_buffers":1,"completion_waits":1,"dispatches":591,"encode":{"nanos":204795,"secs":0},"gpu":{"nanos":8915750,"secs":0},"reused_bytes":2363392,"transient_live_bytes":524288,"transient_peak_bytes":2363392,"wait":{"nanos":9186084,"secs":0}},{"allocated_bytes":4,"allocation_time":{"nanos":3542,"secs":0},"allocations":1,"arena_capacity":245329920,"arena_high_water":268435456,"command_buffers":1,"completion_waits":1,"dispatches":591,"encode":{"nanos":206401,"secs":0},"gpu":{"nanos":8893125,"secs":0},"reused_bytes":2363392,"transient_live_bytes":524288,"transient_peak_bytes":2363392,"wait":{"nanos":9184584,"secs":0}},{"allocated_bytes":4,"allocation_time":{"nanos":4375,"secs":0},"allocations":1,"arena_capacity":245329920,"arena_high_water":268435456,"command_buffers":1,"completion_waits":1,"dispatches":591,"encode":{"nanos":216240,"secs":0},"gpu":{"nanos":8975333,"secs":0},"reused_bytes":2363392,"transient_live_bytes":524288,"transient_peak_bytes":2363392,"wait":{"nanos":9236834,"secs":0}},{"allocated_bytes":4,"allocation_time":{"nanos":4541,"secs":0},"allocations":1,"arena_capacity":245329920,"arena_high_water":268435456,"command_buffers":1,"completion_waits":1,"dispatches":591,"encode":{"nanos":209837,"secs":0},"gpu":{"nanos":8642417,"secs":0},"reused_bytes":2363392,"transient_live_bytes":524288,"transient_peak_bytes":2363392,"wait":{"nanos":8907459,"secs":0}},{"allocated_bytes":4,"allocation_time":{"nanos":3916,"secs":0},"allocations":1,"arena_capacity":245329920,"arena_high_water":268435456,"command_buffers":1,"completion_waits":1,"dispatches":591,"encode":{"nanos":212457,"secs":0},"gpu":{"nanos":8167125,"secs":0},"reused_bytes":2363392,"transient_live_bytes":524288,"transient_peak_bytes":2363392,"wait":{"nanos":8442333,"secs":0}},{"allocated_bytes":4,"allocation_time":{"nanos":3667,"secs":0},"allocations":1,"arena_capacity":245329920,"arena_high_water":268435456,"command_buffers":1,"completion_waits":1,"dispatches":591,"encode":{"nanos":205205,"secs":0},"gpu":{"nanos":8454250,"secs":0},"reused_bytes":2363392,"transient_live_bytes":524288,"transient_peak_bytes":2363392,"wait":{"nanos":8719833,"secs":0}},{"allocated_bytes":4,"allocation_time":{"nanos":3917,"secs":0},"allocations":1,"arena_capacity":245329920,"arena_high_water":268435456,"command_buffers":1,"completion_waits":1,"dispatches":591,"encode":{"nanos":209375,"secs":0},"gpu":{"nanos":8794250,"secs":0},"reused_bytes":2363392,"transient_live_bytes":524288,"transient_peak_bytes":2363392,"wait":{"nanos":9018166,"secs":0}},{"allocated_bytes":4,"allocation_time":{"nanos":4041,"secs":0},"allocations":1,"arena_capacity":245329920,"arena_high_water":268435456,"command_buffers":1,"completion_waits":1,"dispatches":591,"encode":{"nanos":210378,"secs":0},"gpu":{"nanos":8716375,"secs":0},"reused_bytes":2363392,"transient_live_bytes":524288,"transient_peak_bytes":2363392,"wait":{"nanos":8913583,"secs":0}},{"allocated_bytes":4,"allocation_time":{"nanos":3500,"secs":0},"allocations":1,"arena_capacity":245329920,"arena_high_water":268435456,"command_buffers":1,"completion_waits":1,"dispatches":591,"encode":{"nanos":206587,"secs":0},"gpu":{"nanos":8692792,"secs":0},"reused_bytes":2363392,"transient_live_bytes":524288,"transient_peak_bytes":2363392,"wait":{"nanos":8959667,"secs":0}},{"allocated_bytes":4,"allocation_time":{"nanos":3291,"secs":0},"allocations":1,"arena_capacity":245329920,"arena_high_water":268435456,"command_buffers":1,"completion_waits":1,"dispatches":591,"encode":{"nanos":204078,"secs":0},"gpu":{"nanos":8679208,"secs":0},"reused_bytes":2363392,"transient_live_bytes":524288,"transient_peak_bytes":2363392,"wait":{"nanos":8943542,"secs":0}},{"allocated_bytes":4,"allocation_time":{"nanos":3333,"secs":0},"allocations":1,"arena_capacity":245329920,"arena_high_water":268435456,"command_buffers":1,"completion_waits":1,"dispatches":591,"encode":{"nanos":205387,"secs":0},"gpu":{"nanos":8856625,"secs":0},"reused_bytes":2363392,"transient_live_bytes":524288,"transient_peak_bytes":2363392,"wait":{"nanos":9131667,"secs":0}},{"allocated_bytes":4,"allocation_time":{"nanos":5042,"secs":0},"allocations":1,"arena_capacity":245329920,"arena_high_water":268435456,"command_buffers":1,"completion_waits":1,"dispatches":591,"encode":{"nanos":212740,"secs":0},"gpu":{"nanos":9013125,"secs":0},"reused_bytes":2363392,"transient_live_bytes":524288,"transient_peak_bytes":2363392,"wait":{"nanos":9276833,"secs":0}},{"allocated_bytes":4,"allocation_time":{"nanos":4250,"secs":0},"allocations":1,"arena_capacity":245329920,"arena_high_water":268435456,"command_buffers":1,"completion_waits":1,"dispatches":591,"encode":{"nanos":208469,"secs":0},"gpu":{"nanos":9036750,"secs":0},"reused_bytes":2363392,"transient_live_bytes":524288,"transient_peak_bytes":2363392,"wait":{"nanos":9288375,"secs":0}},{"allocated_bytes":4,"allocation_time":{"nanos":3500,"secs":0},"allocations":1,"arena_capacity":245329920,"arena_high_water":268435456,"command_buffers":1,"completion_waits":1,"dispatches":591,"encode":{"nanos":209005,"secs":0},"gpu":{"nanos":8935417,"secs":0},"reused_bytes":2363392,"transient_live_bytes":524288,"transient_peak_bytes":2363392,"wait":{"nanos":9170000,"secs":0}},{"allocated_bytes":4,"allocation_time":{"nanos":3791,"secs":0},"allocations":1,"arena_capacity":245329920,"arena_high_water":268435456,"command_buffers":1,"completion_waits":1,"dispatches":591,"encode":{"nanos":207340,"secs":0},"gpu":{"nanos":9181000,"secs":0},"reused_bytes":2363392,"transient_live_bytes":524288,"transient_peak_bytes":2363392,"wait":{"nanos":9435542,"secs":0}},{"allocated_bytes":4,"allocation_time":{"nanos":4083,"secs":0},"allocations":1,"arena_capacity":245329920,"arena_high_water":268435456,"command_buffers":1,"completion_waits":1,"dispatches":591,"encode":{"nanos":207006,"secs":0},"gpu":{"nanos":9173292,"secs":0},"reused_bytes":2363392,"transient_live_bytes":524288,"transient_peak_bytes":2363392,"wait":{"nanos":9449459,"secs":0}},{"allocated_bytes":4,"allocation_time":{"nanos":3708,"secs":0},"allocations":1,"arena_capacity":245329920,"arena_high_water":268435456,"command_buffers":1,"completion_waits":1,"dispatches":591,"encode":{"nanos":212492,"secs":0},"gpu":{"nanos":9017875,"secs":0},"reused_bytes":2363392,"transient_live_bytes":524288,"transient_peak_bytes":2363392,"wait":{"nanos":9284667,"secs":0}},{"allocated_bytes":4,"allocation_time":{"nanos":3958,"secs":0},"allocations":1,"arena_capacity":245329920,"arena_high_water":268435456,"command_buffers":1,"completion_waits":1,"dispatches":591,"encode":{"nanos":209808,"secs":0},"gpu":{"nanos":8982750,"secs":0},"reused_bytes":2363392,"transient_live_bytes":524288,"transient_peak_bytes":2363392,"wait":{"nanos":9245791,"secs":0}},{"allocated_bytes":4,"allocation_time":{"nanos":5916,"secs":0},"allocations":1,"arena_capacity":245329920,"arena_high_water":268435456,"command_buffers":1,"completion_waits":1,"dispatches":591,"encode":{"nanos":218795,"secs":0},"gpu":{"nanos":8614667,"secs":0},"reused_bytes":2363392,"transient_live_bytes":524288,"transient_peak_bytes":2363392,"wait":{"nanos":8884125,"secs":0}},{"allocated_bytes":4,"allocation_time":{"nanos":4833,"secs":0},"allocations":1,"arena_capacity":245329920,"arena_high_water":268435456,"command_buffers":1,"completion_waits":1,"dispatches":591,"encode":{"nanos":211360,"secs":0},"gpu":{"nanos":9122417,"secs":0},"reused_bytes":2363392,"transient_live_bytes":524288,"transient_peak_bytes":2363392,"wait":{"nanos":9393083,"secs":0}},{"allocated_bytes":4,"allocation_time":{"nanos":4333,"secs":0},"allocations":1,"arena_capacity":245329920,"arena_high_water":268435456,"command_buffers":1,"completion_waits":1,"dispatches":591,"encode":{"nanos":211755,"secs":0},"gpu":{"nanos":8594375,"secs":0},"reused_bytes":2363392,"transient_live_bytes":524288,"transient_peak_bytes":2363392,"wait":{"nanos":8838334,"secs":0}},{"allocated_bytes":4,"allocation_time":{"nanos":3792,"secs":0},"allocations":1,"arena_capacity":245329920,"arena_high_water":268435456,"command_buffers":1,"completion_waits":1,"dispatches":591,"encode":{"nanos":204911,"secs":0},"gpu":{"nanos":8649000,"secs":0},"reused_bytes":2363392,"transient_live_bytes":524288,"transient_peak_bytes":2363392,"wait":{"nanos":8897375,"secs":0}},{"allocated_bytes":4,"allocation_time":{"nanos":3917,"secs":0},"allocations":1,"arena_capacity":245329920,"arena_high_water":268435456,"command_buffers":1,"completion_waits":1,"dispatches":591,"encode":{"nanos":219260,"secs":0},"gpu":{"nanos":8942875,"secs":0},"reused_bytes":2363392,"transient_live_bytes":524288,"transient_peak_bytes":2363392,"wait":{"nanos":9184083,"secs":0}},{"allocated_bytes":4,"allocation_time":{"nanos":3250,"secs":0},"allocations":1,"arena_capacity":245329920,"arena_high_water":268435456,"command_buffers":1,"completion_waits":1,"dispatches":591,"encode":{"nanos":221930,"secs":0},"gpu":{"nanos":9208000,"secs":0},"reused_bytes":2363392,"transient_live_bytes":524288,"transient_peak_bytes":2363392,"wait":{"nanos":9442583,"secs":0}},{"allocated_bytes":4,"allocation_time":{"nanos":6250,"secs":0},"allocations":1,"arena_capacity":245329920,"arena_high_water":268435456,"command_buffers":1,"completion_waits":1,"dispatches":591,"encode":{"nanos":214121,"secs":0},"gpu":{"nanos":8782708,"secs":0},"reused_bytes":2363392,"transient_live_bytes":524288,"transient_peak_bytes":2363392,"wait":{"nanos":9053583,"secs":0}},{"allocated_bytes":4,"allocation_time":{"nanos":4208,"secs":0},"allocations":1,"arena_capacity":245329920,"arena_high_water":268435456,"command_buffers":1,"completion_waits":1,"dispatches":591,"encode":{"nanos":210791,"secs":0},"gpu":{"nanos":8943292,"secs":0},"reused_bytes":2363392,"transient_live_bytes":524288,"transient_peak_bytes":2363392,"wait":{"nanos":9211917,"secs":0}},{"allocated_bytes":4,"allocation_time":{"nanos":3667,"secs":0},"allocations":1,"arena_capacity":245329920,"arena_high_water":268435456,"command_buffers":1,"completion_waits":1,"dispatches":591,"encode":{"nanos":209284,"secs":0},"gpu":{"nanos":9385375,"secs":0},"reused_bytes":2363392,"transient_live_bytes":524288,"transient_peak_bytes":2363392,"wait":{"nanos":9655500,"secs":0}},{"allocated_bytes":4,"allocation_time":{"nanos":3541,"secs":0},"allocations":1,"arena_capacity":245329920,"arena_high_water":268435456,"command_buffers":1,"completion_waits":1,"dispatches":591,"encode":{"nanos":209579,"secs":0},"gpu":{"nanos":8726625,"secs":0},"reused_bytes":2363392,"transient_live_bytes":524288,"transient_peak_bytes":2363392,"wait":{"nanos":8967583,"secs":0}},{"allocated_bytes":4,"allocation_time":{"nanos":3750,"secs":0},"allocations":1,"arena_capacity":245329920,"arena_high_water":268435456,"command_buffers":1,"completion_waits":1,"dispatches":591,"encode":{"nanos":205759,"secs":0},"gpu":{"nanos":9291917,"secs":0},"reused_bytes":2363392,"transient_live_bytes":524288,"transient_peak_bytes":2363392,"wait":{"nanos":9553041,"secs":0}},{"allocated_bytes":4,"allocation_time":{"nanos":3292,"secs":0},"allocations":1,"arena_capacity":245329920,"arena_high_water":268435456,"command_buffers":1,"completion_waits":1,"dispatches":591,"encode":{"nanos":206041,"secs":0},"gpu":{"nanos":9283375,"secs":0},"reused_bytes":2363392,"transient_live_bytes":524288,"transient_peak_bytes":2363392,"wait":{"nanos":9530834,"secs":0}},{"allocated_bytes":4,"allocation_time":{"nanos":3666,"secs":0},"allocations":1,"arena_capacity":245329920,"arena_high_water":268435456,"command_buffers":1,"completion_waits":1,"dispatches":591,"encode":{"nanos":209582,"secs":0},"gpu":{"nanos":9502125,"secs":0},"reused_bytes":2478080,"transient_live_bytes":524288,"transient_peak_bytes":2478080,"wait":{"nanos":9747166,"secs":0}},{"allocated_bytes":4,"allocation_time":{"nanos":3250,"secs":0},"allocations":1,"arena_capacity":245329920,"arena_high_water":268435456,"command_buffers":1,"completion_waits":1,"dispatches":591,"encode":{"nanos":204757,"secs":0},"gpu":{"nanos":9039750,"secs":0},"reused_bytes":2478080,"transient_live_bytes":524288,"transient_peak_bytes":2478080,"wait":{"nanos":9285250,"secs":0}},{"allocated_bytes":4,"allocation_time":{"nanos":4625,"secs":0},"allocations":1,"arena_capacity":245329920,"arena_high_water":268435456,"command_buffers":1,"completion_waits":1,"dispatches":591,"encode":{"nanos":204969,"secs":0},"gpu":{"nanos":9346708,"secs":0},"reused_bytes":2478080,"transient_live_bytes":524288,"transient_peak_bytes":2478080,"wait":{"nanos":9609083,"secs":0}},{"allocated_bytes":4,"allocation_time":{"nanos":4000,"secs":0},"allocations":1,"arena_capacity":245329920,"arena_high_water":268435456,"command_buffers":1,"completion_waits":1,"dispatches":591,"encode":{"nanos":214756,"secs":0},"gpu":{"nanos":8884500,"secs":0},"reused_bytes":2478080,"transient_live_bytes":524288,"transient_peak_bytes":2478080,"wait":{"nanos":9106208,"secs":0}},{"allocated_bytes":4,"allocation_time":{"nanos":3417,"secs":0},"allocations":1,"arena_capacity":245329920,"arena_high_water":268435456,"command_buffers":1,"completion_waits":1,"dispatches":591,"encode":{"nanos":204462,"secs":0},"gpu":{"nanos":8836958,"secs":0},"reused_bytes":2478080,"transient_live_bytes":524288,"transient_peak_bytes":2478080,"wait":{"nanos":9105333,"secs":0}},{"allocated_bytes":4,"allocation_time":{"nanos":3208,"secs":0},"allocations":1,"arena_capacity":245329920,"arena_high_water":268435456,"command_buffers":1,"completion_waits":1,"dispatches":591,"encode":{"nanos":207332,"secs":0},"gpu":{"nanos":9296875,"secs":0},"reused_bytes":2478080,"transient_live_bytes":524288,"transient_peak_bytes":2478080,"wait":{"nanos":9557875,"secs":0}},{"allocated_bytes":4,"allocation_time":{"nanos":3209,"secs":0},"allocations":1,"arena_capacity":245329920,"arena_high_water":268435456,"command_buffers":1,"completion_waits":1,"dispatches":591,"encode":{"nanos":202703,"secs":0},"gpu":{"nanos":9243000,"secs":0},"reused_bytes":2478080,"transient_live_bytes":524288,"transient_peak_bytes":2478080,"wait":{"nanos":9547959,"secs":0}},{"allocated_bytes":4,"allocation_time":{"nanos":3250,"secs":0},"allocations":1,"arena_capacity":245329920,"arena_high_water":268435456,"command_buffers":1,"completion_waits":1,"dispatches":591,"encode":{"nanos":210071,"secs":0},"gpu":{"nanos":8592500,"secs":0},"reused_bytes":2478080,"transient_live_bytes":524288,"transient_peak_bytes":2478080,"wait":{"nanos":8814250,"secs":0}},{"allocated_bytes":4,"allocation_time":{"nanos":2875,"secs":0},"allocations":1,"arena_capacity":245329920,"arena_high_water":268435456,"command_buffers":1,"completion_waits":1,"dispatches":591,"encode":{"nanos":203361,"secs":0},"gpu":{"nanos":8991292,"secs":0},"reused_bytes":2478080,"transient_live_bytes":524288,"transient_peak_bytes":2478080,"wait":{"nanos":9240792,"secs":0}},{"allocated_bytes":4,"allocation_time":{"nanos":2667,"secs":0},"allocations":1,"arena_capacity":245329920,"arena_high_water":268435456,"command_buffers":1,"completion_waits":1,"dispatches":591,"encode":{"nanos":204311,"secs":0},"gpu":{"nanos":9112417,"secs":0},"reused_bytes":2478080,"transient_live_bytes":524288,"transient_peak_bytes":2478080,"wait":{"nanos":9357541,"secs":0}},{"allocated_bytes":4,"allocation_time":{"nanos":3209,"secs":0},"allocations":1,"arena_capacity":245329920,"arena_high_water":268435456,"command_buffers":1,"completion_waits":1,"dispatches":591,"encode":{"nanos":202366,"secs":0},"gpu":{"nanos":8992375,"secs":0},"reused_bytes":2478080,"transient_live_bytes":524288,"transient_peak_bytes":2478080,"wait":{"nanos":9258542,"secs":0}},{"allocated_bytes":4,"allocation_time":{"nanos":3042,"secs":0},"allocations":1,"arena_capacity":245329920,"arena_high_water":268435456,"command_buffers":1,"completion_waits":1,"dispatches":591,"encode":{"nanos":213592,"secs":0},"gpu":{"nanos":9028500,"secs":0},"reused_bytes":2478080,"transient_live_bytes":524288,"transient_peak_bytes":2478080,"wait":{"nanos":9257667,"secs":0}},{"allocated_bytes":4,"allocation_time":{"nanos":5000,"secs":0},"allocations":1,"arena_capacity":245329920,"arena_high_water":268435456,"command_buffers":1,"completion_waits":1,"dispatches":591,"encode":{"nanos":214975,"secs":0},"gpu":{"nanos":8915500,"secs":0},"reused_bytes":2478080,"transient_live_bytes":524288,"transient_peak_bytes":2478080,"wait":{"nanos":9178084,"secs":0}},{"allocated_bytes":4,"allocation_time":{"nanos":3875,"secs":0},"allocations":1,"arena_capacity":245329920,"arena_high_water":268435456,"command_buffers":1,"completion_waits":1,"dispatches":591,"encode":{"nanos":208046,"secs":0},"gpu":{"nanos":8936792,"secs":0},"reused_bytes":2478080,"transient_live_bytes":524288,"transient_peak_bytes":2478080,"wait":{"nanos":9171292,"secs":0}},{"allocated_bytes":4,"allocation_time":{"nanos":3041,"secs":0},"allocations":1,"arena_capacity":245329920,"arena_high_water":268435456,"command_buffers":1,"completion_waits":1,"dispatches":591,"encode":{"nanos":203736,"secs":0},"gpu":{"nanos":8827000,"secs":0},"reused_bytes":2478080,"transient_live_bytes":524288,"transient_peak_bytes":2478080,"wait":{"nanos":9094125,"secs":0}},{"allocated_bytes":4,"allocation_time":{"nanos":3292,"secs":0},"allocations":1,"arena_capacity":245329920,"arena_high_water":268435456,"command_buffers":1,"completion_waits":1,"dispatches":591,"encode":{"nanos":206547,"secs":0},"gpu":{"nanos":9172042,"secs":0},"reused_bytes":2478080,"transient_live_bytes":524288,"transient_peak_bytes":2478080,"wait":{"nanos":9430125,"secs":0}},{"allocated_bytes":4,"allocation_time":{"nanos":2834,"secs":0},"allocations":1,"arena_capacity":245329920,"arena_high_water":268435456,"command_buffers":1,"completion_waits":1,"dispatches":591,"encode":{"nanos":205416,"secs":0},"gpu":{"nanos":8683000,"secs":0},"reused_bytes":2478080,"transient_live_bytes":524288,"transient_peak_bytes":2478080,"wait":{"nanos":8883417,"secs":0}},{"allocated_bytes":4,"allocation_time":{"nanos":3292,"secs":0},"allocations":1,"arena_capacity":245329920,"arena_high_water":268435456,"command_buffers":1,"completion_waits":1,"dispatches":591,"encode":{"nanos":203253,"secs":0},"gpu":{"nanos":8996750,"secs":0},"reused_bytes":2478080,"transient_live_bytes":524288,"transient_peak_bytes":2478080,"wait":{"nanos":9259292,"secs":0}},{"allocated_bytes":4,"allocation_time":{"nanos":5584,"secs":0},"allocations":1,"arena_capacity":245329920,"arena_high_water":268435456,"command_buffers":1,"completion_waits":1,"dispatches":591,"encode":{"nanos":219042,"secs":0},"gpu":{"nanos":8887667,"secs":0},"reused_bytes":2478080,"transient_live_bytes":524288,"transient_peak_bytes":2478080,"wait":{"nanos":9148666,"secs":0}},{"allocated_bytes":4,"allocation_time":{"nanos":3708,"secs":0},"allocations":1,"arena_capacity":245329920,"arena_high_water":268435456,"command_buffers":1,"completion_waits":1,"dispatches":591,"encode":{"nanos":206508,"secs":0},"gpu":{"nanos":8961000,"secs":0},"reused_bytes":2478080,"transient_live_bytes":524288,"transient_peak_bytes":2478080,"wait":{"nanos":9229584,"secs":0}},{"allocated_bytes":4,"allocation_time":{"nanos":3708,"secs":0},"allocations":1,"arena_capacity":245329920,"arena_high_water":268435456,"command_buffers":1,"completion_waits":1,"dispatches":591,"encode":{"nanos":204589,"secs":0},"gpu":{"nanos":8932833,"secs":0},"reused_bytes":2478080,"transient_live_bytes":524288,"transient_peak_bytes":2478080,"wait":{"nanos":9196167,"secs":0}},{"allocated_bytes":4,"allocation_time":{"nanos":3333,"secs":0},"allocations":1,"arena_capacity":245329920,"arena_high_water":268435456,"command_buffers":1,"completion_waits":1,"dispatches":591,"encode":{"nanos":203959,"secs":0},"gpu":{"nanos":9018750,"secs":0},"reused_bytes":2478080,"transient_live_bytes":524288,"transient_peak_bytes":2478080,"wait":{"nanos":9284416,"secs":0}},{"allocated_bytes":4,"allocation_time":{"nanos":3500,"secs":0},"allocations":1,"arena_capacity":245329920,"arena_high_water":268435456,"command_buffers":1,"completion_waits":1,"dispatches":591,"encode":{"nanos":203676,"secs":0},"gpu":{"nanos":9178625,"secs":0},"reused_bytes":2478080,"transient_live_bytes":524288,"transient_peak_bytes":2478080,"wait":{"nanos":9421208,"secs":0}},{"allocated_bytes":4,"allocation_time":{"nanos":3209,"secs":0},"allocations":1,"arena_capacity":245329920,"arena_high_water":268435456,"command_buffers":1,"completion_waits":1,"dispatches":591,"encode":{"nanos":203790,"secs":0},"gpu":{"nanos":9189083,"secs":0},"reused_bytes":2478080,"transient_live_bytes":524288,"transient_peak_bytes":2478080,"wait":{"nanos":9464625,"secs":0}},{"allocated_bytes":4,"allocation_time":{"nanos":2875,"secs":0},"allocations":1,"arena_capacity":245329920,"arena_high_water":268435456,"command_buffers":1,"completion_waits":1,"dispatches":591,"encode":{"nanos":202138,"secs":0},"gpu":{"nanos":9111917,"secs":0},"reused_bytes":2478080,"transient_live_bytes":524288,"transient_peak_bytes":2478080,"wait":{"nanos":9316459,"secs":0}},{"allocated_bytes":4,"allocation_time":{"nanos":3042,"secs":0},"allocations":1,"arena_capacity":245329920,"arena_high_water":268435456,"command_buffers":1,"completion_waits":1,"dispatches":591,"encode":{"nanos":202368,"secs":0},"gpu":{"nanos":9586250,"secs":0},"reused_bytes":2478080,"transient_live_bytes":524288,"transient_peak_bytes":2478080,"wait":{"nanos":9825334,"secs":0}},{"allocated_bytes":4,"allocation_time":{"nanos":3084,"secs":0},"allocations":1,"arena_capacity":245329920,"arena_high_water":268435456,"command_buffers":1,"completion_waits":1,"dispatches":591,"encode":{"nanos":201466,"secs":0},"gpu":{"nanos":9374125,"secs":0},"reused_bytes":2478080,"transient_live_bytes":524288,"transient_peak_bytes":2478080,"wait":{"nanos":9642250,"secs":0}},{"allocated_bytes":4,"allocation_time":{"nanos":5750,"secs":0},"allocations":1,"arena_capacity":245329920,"arena_high_water":268435456,"command_buffers":1,"completion_waits":1,"dispatches":591,"encode":{"nanos":221422,"secs":0},"gpu":{"nanos":8739250,"secs":0},"reused_bytes":2478080,"transient_live_bytes":524288,"transient_peak_bytes":2478080,"wait":{"nanos":9005250,"secs":0}},{"allocated_bytes":4,"allocation_time":{"nanos":3708,"secs":0},"allocations":1,"arena_capacity":245329920,"arena_high_water":268435456,"command_buffers":1,"completion_waits":1,"dispatches":591,"encode":{"nanos":215125,"secs":0},"gpu":{"nanos":8867125,"secs":0},"reused_bytes":2478080,"transient_live_bytes":524288,"transient_peak_bytes":2478080,"wait":{"nanos":9103625,"secs":0}},{"allocated_bytes":4,"allocation_time":{"nanos":3334,"secs":0},"allocations":1,"arena_capacity":245329920,"arena_high_water":268435456,"command_buffers":1,"completion_waits":1,"dispatches":591,"encode":{"nanos":204809,"secs":0},"gpu":{"nanos":9306833,"secs":0},"reused_bytes":2478080,"transient_live_bytes":524288,"transient_peak_bytes":2478080,"wait":{"nanos":9591500,"secs":0}},{"allocated_bytes":4,"allocation_time":{"nanos":3834,"secs":0},"allocations":1,"arena_capacity":245329920,"arena_high_water":268435456,"command_buffers":1,"completion_waits":1,"dispatches":591,"encode":{"nanos":205757,"secs":0},"gpu":{"nanos":8655500,"secs":0},"reused_bytes":2478080,"transient_live_bytes":524288,"transient_peak_bytes":2478080,"wait":{"nanos":8972958,"secs":0}},{"allocated_bytes":4,"allocation_time":{"nanos":2500,"secs":0},"allocations":1,"arena_capacity":245329920,"arena_high_water":268435456,"command_buffers":1,"completion_waits":1,"dispatches":591,"encode":{"nanos":204429,"secs":0},"gpu":{"nanos":9018792,"secs":0},"reused_bytes":2478080,"transient_live_bytes":524288,"transient_peak_bytes":2478080,"wait":{"nanos":9262250,"secs":0}},{"allocated_bytes":4,"allocation_time":{"nanos":3334,"secs":0},"allocations":1,"arena_capacity":245329920,"arena_high_water":268435456,"command_buffers":1,"completion_waits":1,"dispatches":591,"encode":{"nanos":205824,"secs":0},"gpu":{"nanos":8774125,"secs":0},"reused_bytes":2478080,"transient_live_bytes":524288,"transient_peak_bytes":2478080,"wait":{"nanos":8996542,"secs":0}},{"allocated_bytes":4,"allocation_time":{"nanos":3000,"secs":0},"allocations":1,"arena_capacity":245329920,"arena_high_water":268435456,"command_buffers":1,"completion_waits":1,"dispatches":591,"encode":{"nanos":203781,"secs":0},"gpu":{"nanos":9111625,"secs":0},"reused_bytes":2478080,"transient_live_bytes":524288,"transient_peak_bytes":2478080,"wait":{"nanos":9319791,"secs":0}},{"allocated_bytes":4,"allocation_time":{"nanos":2917,"secs":0},"allocations":1,"arena_capacity":245329920,"arena_high_water":268435456,"command_buffers":1,"completion_waits":1,"dispatches":591,"encode":{"nanos":204998,"secs":0},"gpu":{"nanos":9347375,"secs":0},"reused_bytes":2478080,"transient_live_bytes":524288,"transient_peak_bytes":2478080,"wait":{"nanos":9660125,"secs":0}},{"allocated_bytes":4,"allocation_time":{"nanos":4125,"secs":0},"allocations":1,"arena_capacity":245329920,"arena_high_water":268435456,"command_buffers":1,"completion_waits":1,"dispatches":591,"encode":{"nanos":204242,"secs":0},"gpu":{"nanos":9426500,"secs":0},"reused_bytes":2478080,"transient_live_bytes":524288,"transient_peak_bytes":2478080,"wait":{"nanos":9648667,"secs":0}},{"allocated_bytes":4,"allocation_time":{"nanos":3125,"secs":0},"allocations":1,"arena_capacity":245329920,"arena_high_water":268435456,"command_buffers":1,"completion_waits":1,"dispatches":591,"encode":{"nanos":202685,"secs":0},"gpu":{"nanos":8824333,"secs":0},"reused_bytes":2478080,"transient_live_bytes":524288,"transient_peak_bytes":2478080,"wait":{"nanos":9097875,"secs":0}},{"allocated_bytes":4,"allocation_time":{"nanos":3541,"secs":0},"allocations":1,"arena_capacity":245329920,"arena_high_water":268435456,"command_buffers":1,"completion_waits":1,"dispatches":591,"encode":{"nanos":209180,"secs":0},"gpu":{"nanos":8913958,"secs":0},"reused_bytes":2478080,"transient_live_bytes":524288,"transient_peak_bytes":2478080,"wait":{"nanos":9186750,"secs":0}},{"allocated_bytes":4,"allocation_time":{"nanos":3500,"secs":0},"allocations":1,"arena_capacity":245329920,"arena_high_water":268435456,"command_buffers":1,"completion_waits":1,"dispatches":591,"encode":{"nanos":204211,"secs":0},"gpu":{"nanos":9090708,"secs":0},"reused_bytes":2478080,"transient_live_bytes":524288,"transient_peak_bytes":2478080,"wait":{"nanos":9354875,"secs":0}},{"allocated_bytes":4,"allocation_time":{"nanos":3667,"secs":0},"allocations":1,"arena_capacity":245329920,"arena_high_water":268435456,"command_buffers":1,"completion_waits":1,"dispatches":591,"encode":{"nanos":203960,"secs":0},"gpu":{"nanos":8824500,"secs":0},"reused_bytes":2478080,"transient_live_bytes":524288,"transient_peak_bytes":2478080,"wait":{"nanos":9081750,"secs":0}},{"allocated_bytes":4,"allocation_time":{"nanos":2958,"secs":0},"allocations":1,"arena_capacity":245329920,"arena_high_water":268435456,"command_buffers":1,"completion_waits":1,"dispatches":591,"encode":{"nanos":202123,"secs":0},"gpu":{"nanos":9017333,"secs":0},"reused_bytes":2478080,"transient_live_bytes":524288,"transient_peak_bytes":2478080,"wait":{"nanos":9281209,"secs":0}},{"allocated_bytes":4,"allocation_time":{"nanos":3375,"secs":0},"allocations":1,"arena_capacity":245329920,"arena_high_water":268435456,"command_buffers":1,"completion_waits":1,"dispatches":591,"encode":{"nanos":210176,"secs":0},"gpu":{"nanos":9005708,"secs":0},"reused_bytes":2478080,"transient_live_bytes":524288,"transient_peak_bytes":2478080,"wait":{"nanos":9307500,"secs":0}},{"allocated_bytes":4,"allocation_time":{"nanos":3709,"secs":0},"allocations":1,"arena_capacity":245329920,"arena_high_water":268435456,"command_buffers":1,"completion_waits":1,"dispatches":591,"encode":{"nanos":208423,"secs":0},"gpu":{"nanos":9312833,"secs":0},"reused_bytes":2478080,"transient_live_bytes":524288,"transient_peak_bytes":2478080,"wait":{"nanos":9562208,"secs":0}},{"allocated_bytes":4,"allocation_time":{"nanos":3125,"secs":0},"allocations":1,"arena_capacity":245329920,"arena_high_water":268435456,"command_buffers":1,"completion_waits":1,"dispatches":591,"encode":{"nanos":209793,"secs":0},"gpu":{"nanos":9405292,"secs":0},"reused_bytes":2478080,"transient_live_bytes":524288,"transient_peak_bytes":2478080,"wait":{"nanos":9655166,"secs":0}},{"allocated_bytes":4,"allocation_time":{"nanos":3875,"secs":0},"allocations":1,"arena_capacity":245329920,"arena_high_water":268435456,"command_buffers":1,"completion_waits":1,"dispatches":591,"encode":{"nanos":212201,"secs":0},"gpu":{"nanos":8920750,"secs":0},"reused_bytes":2478080,"transient_live_bytes":524288,"transient_peak_bytes":2478080,"wait":{"nanos":9190208,"secs":0}},{"allocated_bytes":4,"allocation_time":{"nanos":3417,"secs":0},"allocations":1,"arena_capacity":245329920,"arena_high_water":268435456,"command_buffers":1,"completion_waits":1,"dispatches":591,"encode":{"nanos":212083,"secs":0},"gpu":{"nanos":8941542,"secs":0},"reused_bytes":2478080,"transient_live_bytes":524288,"transient_peak_bytes":2478080,"wait":{"nanos":9213500,"secs":0}},{"allocated_bytes":4,"allocation_time":{"nanos":2583,"secs":0},"allocations":1,"arena_capacity":245329920,"arena_high_water":268435456,"command_buffers":1,"completion_waits":1,"dispatches":591,"encode":{"nanos":203005,"secs":0},"gpu":{"nanos":8689917,"secs":0},"reused_bytes":2478080,"transient_live_bytes":524288,"transient_peak_bytes":2478080,"wait":{"nanos":9025500,"secs":0}},{"allocated_bytes":4,"allocation_time":{"nanos":3708,"secs":0},"allocations":1,"arena_capacity":245329920,"arena_high_water":268435456,"command_buffers":1,"completion_waits":1,"dispatches":591,"encode":{"nanos":204433,"secs":0},"gpu":{"nanos":9263000,"secs":0},"reused_bytes":2478080,"transient_live_bytes":524288,"transient_peak_bytes":2478080,"wait":{"nanos":9515959,"secs":0}},{"allocated_bytes":4,"allocation_time":{"nanos":2667,"secs":0},"allocations":1,"arena_capacity":245329920,"arena_high_water":268435456,"command_buffers":1,"completion_waits":1,"dispatches":591,"encode":{"nanos":202676,"secs":0},"gpu":{"nanos":9083917,"secs":0},"reused_bytes":2478080,"transient_live_bytes":524288,"transient_peak_bytes":2478080,"wait":{"nanos":9329708,"secs":0}},{"allocated_bytes":4,"allocation_time":{"nanos":3000,"secs":0},"allocations":1,"arena_capacity":245329920,"arena_high_water":268435456,"command_buffers":1,"completion_waits":1,"dispatches":591,"encode":{"nanos":204344,"secs":0},"gpu":{"nanos":9474875,"secs":0},"reused_bytes":2478080,"transient_live_bytes":524288,"transient_peak_bytes":2478080,"wait":{"nanos":9712833,"secs":0}},{"allocated_bytes":4,"allocation_time":{"nanos":3583,"secs":0},"allocations":1,"arena_capacity":245329920,"arena_high_water":268435456,"command_buffers":1,"completion_waits":1,"dispatches":591,"encode":{"nanos":213141,"secs":0},"gpu":{"nanos":9430083,"secs":0},"reused_bytes":2478080,"transient_live_bytes":524288,"transient_peak_bytes":2478080,"wait":{"nanos":9697625,"secs":0}},{"allocated_bytes":4,"allocation_time":{"nanos":3167,"secs":0},"allocations":1,"arena_capacity":245329920,"arena_high_water":268435456,"command_buffers":1,"completion_waits":1,"dispatches":591,"encode":{"nanos":213820,"secs":0},"gpu":{"nanos":9125875,"secs":0},"reused_bytes":2478080,"transient_live_bytes":524288,"transient_peak_bytes":2478080,"wait":{"nanos":9362625,"secs":0}},{"allocated_bytes":4,"allocation_time":{"nanos":3083,"secs":0},"allocations":1,"arena_capacity":245329920,"arena_high_water":268435456,"command_buffers":1,"completion_waits":1,"dispatches":591,"encode":{"nanos":201549,"secs":0},"gpu":{"nanos":9304708,"secs":0},"reused_bytes":2478080,"transient_live_bytes":524288,"transient_peak_bytes":2478080,"wait":{"nanos":9576875,"secs":0}},{"allocated_bytes":4,"allocation_time":{"nanos":3084,"secs":0},"allocations":1,"arena_capacity":245329920,"arena_high_water":268435456,"command_buffers":1,"completion_waits":1,"dispatches":591,"encode":{"nanos":202997,"secs":0},"gpu":{"nanos":9253292,"secs":0},"reused_bytes":2478080,"transient_live_bytes":524288,"transient_peak_bytes":2478080,"wait":{"nanos":9517625,"secs":0}},{"allocated_bytes":4,"allocation_time":{"nanos":3042,"secs":0},"allocations":1,"arena_capacity":245329920,"arena_high_water":268435456,"command_buffers":1,"completion_waits":1,"dispatches":591,"encode":{"nanos":202462,"secs":0},"gpu":{"nanos":9470125,"secs":0},"reused_bytes":2478080,"transient_live_bytes":524288,"transient_peak_bytes":2478080,"wait":{"nanos":9718750,"secs":0}},{"allocated_bytes":4,"allocation_time":{"nanos":4583,"secs":0},"allocations":1,"arena_capacity":245329920,"arena_high_water":268435456,"command_buffers":1,"completion_waits":1,"dispatches":591,"encode":{"nanos":207554,"secs":0},"gpu":{"nanos":9707542,"secs":0},"reused_bytes":2478080,"transient_live_bytes":524288,"transient_peak_bytes":2478080,"wait":{"nanos":9968500,"secs":0}},{"allocated_bytes":4,"allocation_time":{"nanos":6042,"secs":0},"allocations":1,"arena_capacity":245329920,"arena_high_water":268435456,"command_buffers":1,"completion_waits":1,"dispatches":591,"encode":{"nanos":235511,"secs":0},"gpu":{"nanos":9709500,"secs":0},"reused_bytes":2478080,"transient_live_bytes":524288,"transient_peak_bytes":2478080,"wait":{"nanos":10052625,"secs":0}},{"allocated_bytes":4,"allocation_time":{"nanos":4833,"secs":0},"allocations":1,"arena_capacity":245329920,"arena_high_water":268435456,"command_buffers":1,"completion_waits":1,"dispatches":591,"encode":{"nanos":215928,"secs":0},"gpu":{"nanos":9053875,"secs":0},"reused_bytes":2478080,"transient_live_bytes":524288,"transient_peak_bytes":2478080,"wait":{"nanos":9316834,"secs":0}},{"allocated_bytes":4,"allocation_time":{"nanos":4000,"secs":0},"allocations":1,"arena_capacity":245329920,"arena_high_water":268435456,"command_buffers":1,"completion_waits":1,"dispatches":591,"encode":{"nanos":205249,"secs":0},"gpu":{"nanos":9249875,"secs":0},"reused_bytes":2478080,"transient_live_bytes":524288,"transient_peak_bytes":2478080,"wait":{"nanos":9503292,"secs":0}},{"allocated_bytes":4,"allocation_time":{"nanos":2417,"secs":0},"allocations":1,"arena_capacity":245329920,"arena_high_water":268435456,"command_buffers":1,"completion_waits":1,"dispatches":591,"encode":{"nanos":210543,"secs":0},"gpu":{"nanos":9625875,"secs":0},"reused_bytes":2478080,"transient_live_bytes":524288,"transient_peak_bytes":2478080,"wait":{"nanos":9934417,"secs":0}},{"allocated_bytes":4,"allocation_time":{"nanos":2417,"secs":0},"allocations":1,"arena_capacity":245329920,"arena_high_water":268435456,"command_buffers":1,"completion_waits":1,"dispatches":591,"encode":{"nanos":210300,"secs":0},"gpu":{"nanos":9435875,"secs":0},"reused_bytes":2478080,"transient_live_bytes":524288,"transient_peak_bytes":2478080,"wait":{"nanos":9707792,"secs":0}},{"allocated_bytes":4,"allocation_time":{"nanos":3250,"secs":0},"allocations":1,"arena_capacity":245329920,"arena_high_water":268435456,"command_buffers":1,"completion_waits":1,"dispatches":591,"encode":{"nanos":207179,"secs":0},"gpu":{"nanos":9545583,"secs":0},"reused_bytes":2478080,"transient_live_bytes":524288,"transient_peak_bytes":2478080,"wait":{"nanos":9823166,"secs":0}},{"allocated_bytes":4,"allocation_time":{"nanos":2708,"secs":0},"allocations":1,"arena_capacity":245329920,"arena_high_water":268435456,"command_buffers":1,"completion_waits":1,"dispatches":591,"encode":{"nanos":203300,"secs":0},"gpu":{"nanos":9502333,"secs":0},"reused_bytes":2478080,"transient_live_bytes":524288,"transient_peak_bytes":2478080,"wait":{"nanos":9773708,"secs":0}},{"allocated_bytes":4,"allocation_time":{"nanos":3250,"secs":0},"allocations":1,"arena_capacity":245329920,"arena_high_water":268435456,"command_buffers":1,"completion_waits":1,"dispatches":591,"encode":{"nanos":212215,"secs":0},"gpu":{"nanos":8598125,"secs":0},"reused_bytes":2478080,"transient_live_bytes":524288,"transient_peak_bytes":2478080,"wait":{"nanos":8862334,"secs":0}},{"allocated_bytes":4,"allocation_time":{"nanos":2916,"secs":0},"allocations":1,"arena_capacity":245329920,"arena_high_water":268435456,"command_buffers":1,"completion_waits":1,"dispatches":591,"encode":{"nanos":208293,"secs":0},"gpu":{"nanos":8537500,"secs":0},"reused_bytes":2707456,"transient_live_bytes":524288,"transient_peak_bytes":2707456,"wait":{"nanos":8800833,"secs":0}},{"allocated_bytes":4,"allocation_time":{"nanos":3125,"secs":0},"allocations":1,"arena_capacity":245329920,"arena_high_water":268435456,"command_buffers":1,"completion_waits":1,"dispatches":591,"encode":{"nanos":205129,"secs":0},"gpu":{"nanos":8631333,"secs":0},"reused_bytes":2707456,"transient_live_bytes":524288,"transient_peak_bytes":2707456,"wait":{"nanos":8894416,"secs":0}},{"allocated_bytes":4,"allocation_time":{"nanos":3000,"secs":0},"allocations":1,"arena_capacity":245329920,"arena_high_water":268435456,"command_buffers":1,"completion_waits":1,"dispatches":591,"encode":{"nanos":205508,"secs":0},"gpu":{"nanos":8568917,"secs":0},"reused_bytes":2707456,"transient_live_bytes":524288,"transient_peak_bytes":2707456,"wait":{"nanos":8791708,"secs":0}},{"allocated_bytes":4,"allocation_time":{"nanos":3959,"secs":0},"allocations":1,"arena_capacity":245329920,"arena_high_water":268435456,"command_buffers":1,"completion_waits":1,"dispatches":591,"encode":{"nanos":208285,"secs":0},"gpu":{"nanos":8510625,"secs":0},"reused_bytes":2707456,"transient_live_bytes":524288,"transient_peak_bytes":2707456,"wait":{"nanos":8758917,"secs":0}},{"allocated_bytes":4,"allocation_time":{"nanos":2833,"secs":0},"allocations":1,"arena_capacity":245329920,"arena_high_water":268435456,"command_buffers":1,"completion_waits":1,"dispatches":591,"encode":{"nanos":207009,"secs":0},"gpu":{"nanos":8606333,"secs":0},"reused_bytes":2707456,"transient_live_bytes":524288,"transient_peak_bytes":2707456,"wait":{"nanos":8817584,"secs":0}},{"allocated_bytes":4,"allocation_time":{"nanos":3208,"secs":0},"allocations":1,"arena_capacity":245329920,"arena_high_water":268435456,"command_buffers":1,"completion_waits":1,"dispatches":591,"encode":{"nanos":209960,"secs":0},"gpu":{"nanos":8872375,"secs":0},"reused_bytes":2707456,"transient_live_bytes":524288,"transient_peak_bytes":2707456,"wait":{"nanos":9085916,"secs":0}},{"allocated_bytes":4,"allocation_time":{"nanos":4417,"secs":0},"allocations":1,"arena_capacity":245329920,"arena_high_water":268435456,"command_buffers":1,"completion_waits":1,"dispatches":591,"encode":{"nanos":229712,"secs":0},"gpu":{"nanos":8825500,"secs":0},"reused_bytes":2707456,"transient_live_bytes":524288,"transient_peak_bytes":2707456,"wait":{"nanos":9073959,"secs":0}},{"allocated_bytes":4,"allocation_time":{"nanos":3666,"secs":0},"allocations":1,"arena_capacity":245329920,"arena_high_water":268435456,"command_buffers":1,"completion_waits":1,"dispatches":591,"encode":{"nanos":206330,"secs":0},"gpu":{"nanos":9080042,"secs":0},"reused_bytes":2707456,"transient_live_bytes":524288,"transient_peak_bytes":2707456,"wait":{"nanos":9337083,"secs":0}},{"allocated_bytes":4,"allocation_time":{"nanos":4375,"secs":0},"allocations":1,"arena_capacity":245329920,"arena_high_water":268435456,"command_buffers":1,"completion_waits":1,"dispatches":591,"encode":{"nanos":216123,"secs":0},"gpu":{"nanos":8425750,"secs":0},"reused_bytes":2707456,"transient_live_bytes":524288,"transient_peak_bytes":2707456,"wait":{"nanos":8708000,"secs":0}},{"allocated_bytes":4,"allocation_time":{"nanos":3375,"secs":0},"allocations":1,"arena_capacity":245329920,"arena_high_water":268435456,"command_buffers":1,"completion_waits":1,"dispatches":591,"encode":{"nanos":232298,"secs":0},"gpu":{"nanos":8877625,"secs":0},"reused_bytes":2707456,"transient_live_bytes":524288,"transient_peak_bytes":2707456,"wait":{"nanos":9110667,"secs":0}},{"allocated_bytes":4,"allocation_time":{"nanos":5208,"secs":0},"allocations":1,"arena_capacity":245329920,"arena_high_water":268435456,"command_buffers":1,"completion_waits":1,"dispatches":591,"encode":{"nanos":232629,"secs":0},"gpu":{"nanos":8695250,"secs":0},"reused_bytes":2707456,"transient_live_bytes":524288,"transient_peak_bytes":2707456,"wait":{"nanos":8917292,"secs":0}},{"allocated_bytes":4,"allocation_time":{"nanos":4333,"secs":0},"allocations":1,"arena_capacity":245329920,"arena_high_water":268435456,"command_buffers":1,"completion_waits":1,"dispatches":591,"encode":{"nanos":207874,"secs":0},"gpu":{"nanos":8200458,"secs":0},"reused_bytes":2707456,"transient_live_bytes":524288,"transient_peak_bytes":2707456,"wait":{"nanos":8471583,"secs":0}},{"allocated_bytes":4,"allocation_time":{"nanos":3458,"secs":0},"allocations":1,"arena_capacity":245329920,"arena_high_water":268435456,"command_buffers":1,"completion_waits":1,"dispatches":591,"encode":{"nanos":205860,"secs":0},"gpu":{"nanos":8585208,"secs":0},"reused_bytes":2707456,"transient_live_bytes":524288,"transient_peak_bytes":2707456,"wait":{"nanos":8838500,"secs":0}},{"allocated_bytes":4,"allocation_time":{"nanos":3041,"secs":0},"allocations":1,"arena_capacity":245329920,"arena_high_water":268435456,"command_buffers":1,"completion_waits":1,"dispatches":591,"encode":{"nanos":204688,"secs":0},"gpu":{"nanos":8604083,"secs":0},"reused_bytes":2707456,"transient_live_bytes":524288,"transient_peak_bytes":2707456,"wait":{"nanos":8875834,"secs":0}},{"allocated_bytes":4,"allocation_time":{"nanos":3208,"secs":0},"allocations":1,"arena_capacity":245329920,"arena_high_water":268435456,"command_buffers":1,"completion_waits":1,"dispatches":591,"encode":{"nanos":207621,"secs":0},"gpu":{"nanos":8687625,"secs":0},"reused_bytes":2707456,"transient_live_bytes":524288,"transient_peak_bytes":2707456,"wait":{"nanos":8960292,"secs":0}},{"allocated_bytes":4,"allocation_time":{"nanos":3167,"secs":0},"allocations":1,"arena_capacity":245329920,"arena_high_water":268435456,"command_buffers":1,"completion_waits":1,"dispatches":591,"encode":{"nanos":204535,"secs":0},"gpu":{"nanos":8311875,"secs":0},"reused_bytes":2707456,"transient_live_bytes":524288,"transient_peak_bytes":2707456,"wait":{"nanos":8592834,"secs":0}},{"allocated_bytes":4,"allocation_time":{"nanos":3708,"secs":0},"allocations":1,"arena_capacity":245329920,"arena_high_water":268435456,"command_buffers":1,"completion_waits":1,"dispatches":591,"encode":{"nanos":209166,"secs":0},"gpu":{"nanos":8187375,"secs":0},"reused_bytes":2707456,"transient_live_bytes":524288,"transient_peak_bytes":2707456,"wait":{"nanos":8450083,"secs":0}},{"allocated_bytes":4,"allocation_time":{"nanos":3084,"secs":0},"allocations":1,"arena_capacity":245329920,"arena_high_water":268435456,"command_buffers":1,"completion_waits":1,"dispatches":591,"encode":{"nanos":206598,"secs":0},"gpu":{"nanos":8410083,"secs":0},"reused_bytes":2707456,"transient_live_bytes":524288,"transient_peak_bytes":2707456,"wait":{"nanos":8697667,"secs":0}},{"allocated_bytes":4,"allocation_time":{"nanos":3959,"secs":0},"allocations":1,"arena_capacity":245329920,"arena_high_water":268435456,"command_buffers":1,"completion_waits":1,"dispatches":591,"encode":{"nanos":225332,"secs":0},"gpu":{"nanos":8250500,"secs":0},"reused_bytes":2707456,"transient_live_bytes":524288,"transient_peak_bytes":2707456,"wait":{"nanos":8558583,"secs":0}},{"allocated_bytes":4,"allocation_time":{"nanos":2958,"secs":0},"allocations":1,"arena_capacity":245329920,"arena_high_water":268435456,"command_buffers":1,"completion_waits":1,"dispatches":591,"encode":{"nanos":212919,"secs":0},"gpu":{"nanos":8932500,"secs":0},"reused_bytes":2707456,"transient_live_bytes":524288,"transient_peak_bytes":2707456,"wait":{"nanos":9225959,"secs":0}},{"allocated_bytes":4,"allocation_time":{"nanos":3334,"secs":0},"allocations":1,"arena_capacity":245329920,"arena_high_water":268435456,"command_buffers":1,"completion_waits":1,"dispatches":591,"encode":{"nanos":208293,"secs":0},"gpu":{"nanos":8319375,"secs":0},"reused_bytes":2707456,"transient_live_bytes":524288,"transient_peak_bytes":2707456,"wait":{"nanos":8586750,"secs":0}}],"decode_median_ms":9.689290999999999,"decode_ms":[9.594417,9.499792,9.412375,9.099916,9.6245,9.029917,9.474708999999999,9.554542,9.463375,9.389417,9.428792,9.420625,9.55025,9.690125,9.687958,9.726958000000002,9.416,8.951709000000001,9.220083,9.520249999999999,9.393,9.45675,9.442,9.62925,9.790458000000001,9.795042,9.665042,9.931792,9.949207999999999,9.796208,9.7585,9.407666,9.904292,9.319042,9.400375,9.678125,9.945083,9.568750000000001,9.715665999999999,10.159457999999999,9.440042,10.055208,10.023041,10.2175,9.750208,10.106959,9.615958000000001,9.598584,10.064667,10.040375000000001,9.318792,9.725792,9.843083,9.749083,9.740499999999999,9.689290999999999,9.640875,9.590958,9.92625,9.381375,9.756667,9.676625,9.729083,9.692625,9.7835,9.917125,9.963167,9.778958000000001,10.287709000000001,10.125666,9.52175,9.612709,10.084166999999999,9.470625,9.753375,9.490584,9.782666,10.163375,10.150333,9.591083000000001,9.686584,9.856416999999999,9.587750000000002,9.785375,9.815000000000001,10.05725,10.148875,9.690292,9.719541999999999,9.516167000000001,10.014791,9.8225,10.200834,10.201375,9.872875,10.07025,10.003209,10.182,10.461459,10.573583,9.804625000000001,9.973792,10.4415,10.214292,10.321917,10.27075,9.363375,9.297834,9.3875,9.257334,9.235917,9.286624999999999,9.572833,9.6155,9.817041999999999,9.2205,9.659333,9.456458,8.968959,9.326291000000001,9.376583,9.464542,9.08375,8.954208999999999,9.190541999999999,9.087292,9.730832999999999,9.084750000000001],"decode_profiles":[{},{},{},{},{},{},{},{},{},{},{},{},{},{},{},{},{},{},{},{},{},{},{},{},{},{},{},{},{},{},{},{},{},{},{},{},{},{},{},{},{},{},{},{},{},{},{},{},{},{},{},{},{},{},{},{},{},{},{},{},{},{},{},{},{},{},{},{},{},{},{},{},{},{},{},{},{},{},{},{},{},{},{},{},{},{},{},{},{},{},{},{},{},{},{},{},{},{},{},{},{},{},{},{},{},{},{},{},{},{},{},{},{},{},{},{},{},{},{},{},{},{},{},{},{},{},{},{}],"decode_tps":103.20672585847613,"first_token_ms":55.156749999999995,"generated_ids":[151667,198,32313,11,279,1196,1101,1053,330,9707,8958,773,358,1184,311,5889,34901,13,6771,752,1744,911,279,1850,1616,311,40786,1105,13,8704,807,2299,1667,279,21927,0,1943,11,7196,358,1265,24645,432,323,3010,12994,13,358,1265,2506,432,11657,323,1787,83075,13,6771,752,1281,2704,311,1779,421,1052,594,894,3151,1681,807,2578,614,11,714,2474,807,3207,944,6286,4113,11,1101,264,4285,42113,1265,975,13,97593,11,882,311,2182,429,1119,264,2033,624,151668,271,9707,0,2585,646,358,7789,498,3351,30,26525,232,151645,198,151643,33975,25,3555,374,279,1850,1616,311,40786,4325,1939,71703,25,320,3563,7979],"generated_tokens":129,"generation_ms":1327.387625,"generation_tps":97.18336797060316,"kv_active_bytes":17088512,"kv_reserved_bytes":29360128,"model_format":"GGUF","model_repository":"Qwen/Qwen3-0.6B-GGUF","model_revision":"23749fefcc72300e3a2ad315e1317431b06b590a","moe_expert_tensorops":true,"moe_expert_tensorops_min_routes_per_expert":8,"moe_expert_tensorops_tile_k64":true,"packed_quantized_bytes":633233408,"pair":1,"pair_order":"llama.cpp>ferrum","parameter_count":596049920,"prefill_counters":{"allocated_bytes":29360212,"allocation_time":{"nanos":1597621,"secs":0},"allocations":57,"arena_capacity":245329920,"arena_high_water":268435456,"command_buffers":1,"completion_waits":1,"dispatches":591,"encode":{"nanos":268250,"secs":0},"gpu":{"nanos":45837000,"secs":0},"reused_bytes":45613056,"transient_live_bytes":0,"transient_peak_bytes":45613056,"wait":{"nanos":52669875,"secs":0}},"prefill_ms":54.817625,"prefill_profile":{},"prefill_tps":383.088468353016,"prompt_ids":[151644,8948,198,2610,525,264,10950,17847,13,151645,198,151644,872,198,9707,0,151645,198,151644,77091,198],"prompt_tokens":21,"q4_k_mpp_tile_k64":true,"q5_0_gemv_n4":false,"q5_1_mpp_tile_k64":true,"q8_0_mpp_tile_k64":true,"retained_weight_bytes":633364480,"runtime":"ferrum","sampling_ms":32.247079,"source_tensor_bytes":633495552,"tensor_count":310,"warmup":false,"process_rss_bytes":1149419520,"source_matrix_case_model":"Qwen/Qwen3-0.6B-GGUF@Q8_0","ferrum_options":{"batch_limit_dispatches":1024,"q4_0_gemv_8rows":true,"q4_k_gemv_8rows":true,"q6_k_gemv_8rows":true,"moe_gpu_routing":true,"mlx_affine4_gemv_quad":true},"engine_order":["llama.cpp","ferrum"],"case_index":4,"engine_load_plus_first_warmup_ms":967.3795419512317}
{"case":"sustained-128-decode","decode_aggregate_tps":103.39373146278123,"decode_counters":[{"allocated_bytes":4,"allocation_time":{"nanos":6583,"secs":0},"allocations":1,"arena_capacity":245329920,"arena_high_water":268435456,"command_buffers":1,"completion_waits":1,"dispatches":591,"encode":{"nanos":228604,"secs":0},"gpu":{"nanos":8531917,"secs":0},"reused_bytes":2306048,"transient_live_bytes":524288,"transient_peak_bytes":2306048,"wait":{"nanos":8789583,"secs":0}},{"allocated_bytes":4,"allocation_time":{"nanos":4209,"secs":0},"allocations":1,"arena_capacity":245329920,"arena_high_water":268435456,"command_buffers":1,"completion_waits":1,"dispatches":591,"encode":{"nanos":214453,"secs":0},"gpu":{"nanos":8346875,"secs":0},"reused_bytes":2306048,"transient_live_bytes":524288,"transient_peak_bytes":2306048,"wait":{"nanos":8592375,"secs":0}},{"allocated_bytes":4,"allocation_time":{"nanos":3708,"secs":0},"allocations":1,"arena_capacity":245329920,"arena_high_water":268435456,"command_buffers":1,"completion_waits":1,"dispatches":591,"encode":{"nanos":206829,"secs":0},"gpu":{"nanos":8355125,"secs":0},"reused_bytes":2306048,"transient_live_bytes":524288,"transient_peak_bytes":2306048,"wait":{"nanos":8616959,"secs":0}},{"allocated_bytes":4,"allocation_time":{"nanos":3541,"secs":0},"allocations":1,"arena_capacity":245329920,"arena_high_water":268435456,"command_buffers":1,"completion_waits":1,"dispatches":591,"encode":{"nanos":207144,"secs":0},"gpu":{"nanos":8091042,"secs":0},"reused_bytes":2306048,"transient_live_bytes":524288,"transient_peak_bytes":2306048,"wait":{"nanos":8326792,"secs":0}},{"allocated_bytes":4,"allocation_time":{"nanos":3083,"secs":0},"allocations":1,"arena_capacity":245329920,"arena_high_water":268435456,"command_buffers":1,"completion_waits":1,"dispatches":591,"encode":{"nanos":204337,"secs":0},"gpu":{"nanos":8898792,"secs":0},"reused_bytes":2306048,"transient_live_bytes":524288,"transient_peak_bytes":2306048,"wait":{"nanos":9169291,"secs":0}},{"allocated_bytes":4,"allocation_time":{"nanos":3208,"secs":0},"allocations":1,"arena_capacity":245329920,"arena_high_water":268435456,"command_buffers":1,"completion_waits":1,"dispatches":591,"encode":{"nanos":204585,"secs":0},"gpu":{"nanos":8270500,"secs":0},"reused_bytes":2306048,"transient_live_bytes":524288,"transient_peak_bytes":2306048,"wait":{"nanos":8529208,"secs":0}},{"allocated_bytes":4,"allocation_time":{"nanos":3125,"secs":0},"allocations":1,"arena_capacity":245329920,"arena_high_water":268435456,"command_buffers":1,"completion_waits":1,"dispatches":591,"encode":{"nanos":204830,"secs":0},"gpu":{"nanos":8680708,"secs":0},"reused_bytes":2306048,"transient_live_bytes":524288,"transient_peak_bytes":2306048,"wait":{"nanos":8952166,"secs":0}},{"allocated_bytes":4,"allocation_time":{"nanos":3000,"secs":0},"allocations":1,"arena_capacity":245329920,"arena_high_water":268435456,"command_buffers":1,"completion_waits":1,"dispatches":591,"encode":{"nanos":210621,"secs":0},"gpu":{"nanos":8763000,"secs":0},"reused_bytes":2306048,"transient_live_bytes":524288,"transient_peak_bytes":2306048,"wait":{"nanos":9031042,"secs":0}},{"allocated_bytes":4,"allocation_time":{"nanos":2917,"secs":0},"allocations":1,"arena_capacity":245329920,"arena_high_water":268435456,"command_buffers":1,"completion_waits":1,"dispatches":591,"encode":{"nanos":202498,"secs":0},"gpu":{"nanos":8630333,"secs":0},"reused_bytes":2306048,"transient_live_bytes":524288,"transient_peak_bytes":2306048,"wait":{"nanos":8897208,"secs":0}},{"allocated_bytes":4,"allocation_time":{"nanos":3083,"secs":0},"allocations":1,"arena_capacity":245329920,"arena_high_water":268435456,"command_buffers":1,"completion_waits":1,"dispatches":591,"encode":{"nanos":204815,"secs":0},"gpu":{"nanos":8641958,"secs":0},"reused_bytes":2306048,"transient_live_bytes":524288,"transient_peak_bytes":2306048,"wait":{"nanos":8896958,"secs":0}},{"allocated_bytes":4,"allocation_time":{"nanos":2667,"secs":0},"allocations":1,"arena_capacity":245329920,"arena_high_water":268435456,"command_buffers":1,"completion_waits":1,"dispatches":591,"encode":{"nanos":215342,"secs":0},"gpu":{"nanos":8611000,"secs":0},"reused_bytes":2306048,"transient_live_bytes":524288,"transient_peak_bytes":2306048,"wait":{"nanos":8873000,"secs":0}},{"allocated_bytes":4,"allocation_time":{"nanos":3125,"secs":0},"allocations":1,"arena_capacity":245329920,"arena_high_water":268435456,"command_buffers":1,"completion_waits":1,"dispatches":591,"encode":{"nanos":206997,"secs":0},"gpu":{"nanos":8580708,"secs":0},"reused_bytes":2363392,"transient_live_bytes":524288,"transient_peak_bytes":2363392,"wait":{"nanos":8848875,"secs":0}},{"allocated_bytes":4,"allocation_time":{"nanos":2750,"secs":0},"allocations":1,"arena_capacity":245329920,"arena_high_water":268435456,"command_buffers":1,"completion_waits":1,"dispatches":591,"encode":{"nanos":208584,"secs":0},"gpu":{"nanos":8808000,"secs":0},"reused_bytes":2363392,"transient_live_bytes":524288,"transient_peak_bytes":2363392,"wait":{"nanos":9110708,"secs":0}},{"allocated_bytes":4,"allocation_time":{"nanos":2834,"secs":0},"allocations":1,"arena_capacity":245329920,"arena_high_water":268435456,"command_buffers":1,"completion_waits":1,"dispatches":591,"encode":{"nanos":203667,"secs":0},"gpu":{"nanos":8883750,"secs":0},"reused_bytes":2363392,"transient_live_bytes":524288,"transient_peak_bytes":2363392,"wait":{"nanos":9139833,"secs":0}},{"allocated_bytes":4,"allocation_time":{"nanos":2583,"secs":0},"allocations":1,"arena_capacity":245329920,"arena_high_water":268435456,"command_buffers":1,"completion_waits":1,"dispatches":591,"encode":{"nanos":202906,"secs":0},"gpu":{"nanos":8838000,"secs":0},"reused_bytes":2363392,"transient_live_bytes":524288,"transient_peak_bytes":2363392,"wait":{"nanos":9102000,"secs":0}},{"allocated_bytes":4,"allocation_time":{"nanos":2833,"secs":0},"allocations":1,"arena_capacity":245329920,"arena_high_water":268435456,"command_buffers":1,"completion_waits":1,"dispatches":591,"encode":{"nanos":202800,"secs":0},"gpu":{"nanos":8913625,"secs":0},"reused_bytes":2363392,"transient_live_bytes":524288,"transient_peak_bytes":2363392,"wait":{"nanos":9217167,"secs":0}},{"allocated_bytes":4,"allocation_time":{"nanos":2584,"secs":0},"allocations":1,"arena_capacity":245329920,"arena_high_water":268435456,"command_buffers":1,"completion_waits":1,"dispatches":591,"encode":{"nanos":208917,"secs":0},"gpu":{"nanos":8554875,"secs":0},"reused_bytes":2363392,"transient_live_bytes":524288,"transient_peak_bytes":2363392,"wait":{"nanos":8778750,"secs":0}},{"allocated_bytes":4,"allocation_time":{"nanos":3000,"secs":0},"allocations":1,"arena_capacity":245329920,"arena_high_water":268435456,"command_buffers":1,"completion_waits":1,"dispatches":591,"encode":{"nanos":201994,"secs":0},"gpu":{"nanos":8437667,"secs":0},"reused_bytes":2363392,"transient_live_bytes":524288,"transient_peak_bytes":2363392,"wait":{"nanos":8679375,"secs":0}},{"allocated_bytes":4,"allocation_time":{"nanos":2542,"secs":0},"allocations":1,"arena_capacity":245329920,"arena_high_water":268435456,"command_buffers":1,"completion_waits":1,"dispatches":591,"encode":{"nanos":210013,"secs":0},"gpu":{"nanos":8569750,"secs":0},"reused_bytes":2363392,"transient_live_bytes":524288,"transient_peak_bytes":2363392,"wait":{"nanos":8817417,"secs":0}},{"allocated_bytes":4,"allocation_time":{"nanos":4041,"secs":0},"allocations":1,"arena_capacity":245329920,"arena_high_water":268435456,"command_buffers":1,"completion_waits":1,"dispatches":591,"encode":{"nanos":209757,"secs":0},"gpu":{"nanos":8746958,"secs":0},"reused_bytes":2363392,"transient_live_bytes":524288,"transient_peak_bytes":2363392,"wait":{"nanos":8983042,"secs":0}},{"allocated_bytes":4,"allocation_time":{"nanos":3459,"secs":0},"allocations":1,"arena_capacity":245329920,"arena_high_water":268435456,"command_buffers":1,"completion_waits":1,"dispatches":591,"encode":{"nanos":218952,"secs":0},"gpu":{"nanos":8722167,"secs":0},"reused_bytes":2363392,"transient_live_bytes":524288,"transient_peak_bytes":2363392,"wait":{"nanos":8961459,"secs":0}},{"allocated_bytes":4,"allocation_time":{"nanos":2958,"secs":0},"allocations":1,"arena_capacity":245329920,"arena_high_water":268435456,"command_buffers":1,"completion_waits":1,"dispatches":591,"encode":{"nanos":222216,"secs":0},"gpu":{"nanos":8774125,"secs":0},"reused_bytes":2363392,"transient_live_bytes":524288,"transient_peak_bytes":2363392,"wait":{"nanos":8985958,"secs":0}},{"allocated_bytes":4,"allocation_time":{"nanos":4916,"secs":0},"allocations":1,"arena_capacity":245329920,"arena_high_water":268435456,"command_buffers":1,"completion_waits":1,"dispatches":591,"encode":{"nanos":219623,"secs":0},"gpu":{"nanos":8933250,"secs":0},"reused_bytes":2363392,"transient_live_bytes":524288,"transient_peak_bytes":2363392,"wait":{"nanos":9191458,"secs":0}},{"allocated_bytes":4,"allocation_time":{"nanos":6709,"secs":0},"allocations":1,"arena_capacity":245329920,"arena_high_water":268435456,"command_buffers":1,"completion_waits":1,"dispatches":591,"encode":{"nanos":221369,"secs":0},"gpu":{"nanos":8745875,"secs":0},"reused_bytes":2363392,"transient_live_bytes":524288,"transient_peak_bytes":2363392,"wait":{"nanos":9033708,"secs":0}},{"allocated_bytes":4,"allocation_time":{"nanos":3959,"secs":0},"allocations":1,"arena_capacity":245329920,"arena_high_water":268435456,"command_buffers":1,"completion_waits":1,"dispatches":591,"encode":{"nanos":217346,"secs":0},"gpu":{"nanos":8854875,"secs":0},"reused_bytes":2363392,"transient_live_bytes":524288,"transient_peak_bytes":2363392,"wait":{"nanos":9135375,"secs":0}},{"allocated_bytes":4,"allocation_time":{"nanos":4083,"secs":0},"allocations":1,"arena_capacity":245329920,"arena_high_water":268435456,"command_buffers":1,"completion_waits":1,"dispatches":591,"encode":{"nanos":209212,"secs":0},"gpu":{"nanos":8903167,"secs":0},"reused_bytes":2363392,"transient_live_bytes":524288,"transient_peak_bytes":2363392,"wait":{"nanos":9149125,"secs":0}},{"allocated_bytes":4,"allocation_time":{"nanos":2958,"secs":0},"allocations":1,"arena_capacity":245329920,"arena_high_water":268435456,"command_buffers":1,"completion_waits":1,"dispatches":591,"encode":{"nanos":202795,"secs":0},"gpu":{"nanos":8744250,"secs":0},"reused_bytes":2363392,"transient_live_bytes":524288,"transient_peak_bytes":2363392,"wait":{"nanos":8987166,"secs":0}},{"allocated_bytes":4,"allocation_time":{"nanos":3542,"secs":0},"allocations":1,"arena_capacity":245329920,"arena_high_water":268435456,"command_buffers":1,"completion_waits":1,"dispatches":591,"encode":{"nanos":204408,"secs":0},"gpu":{"nanos":9056792,"secs":0},"reused_bytes":2363392,"transient_live_bytes":524288,"transient_peak_bytes":2363392,"wait":{"nanos":9316459,"secs":0}},{"allocated_bytes":4,"allocation_time":{"nanos":3416,"secs":0},"allocations":1,"arena_capacity":245329920,"arena_high_water":268435456,"command_buffers":1,"completion_waits":1,"dispatches":591,"encode":{"nanos":201121,"secs":0},"gpu":{"nanos":9059500,"secs":0},"reused_bytes":2363392,"transient_live_bytes":524288,"transient_peak_bytes":2363392,"wait":{"nanos":9325500,"secs":0}},{"allocated_bytes":4,"allocation_time":{"nanos":3542,"secs":0},"allocations":1,"arena_capacity":245329920,"arena_high_water":268435456,"command_buffers":1,"completion_waits":1,"dispatches":591,"encode":{"nanos":200804,"secs":0},"gpu":{"nanos":8926625,"secs":0},"reused_bytes":2363392,"transient_live_bytes":524288,"transient_peak_bytes":2363392,"wait":{"nanos":9158791,"secs":0}},{"allocated_bytes":4,"allocation_time":{"nanos":3708,"secs":0},"allocations":1,"arena_capacity":245329920,"arena_high_water":268435456,"command_buffers":1,"completion_waits":1,"dispatches":591,"encode":{"nanos":212129,"secs":0},"gpu":{"nanos":8820250,"secs":0},"reused_bytes":2363392,"transient_live_bytes":524288,"transient_peak_bytes":2363392,"wait":{"nanos":9093333,"secs":0}},{"allocated_bytes":4,"allocation_time":{"nanos":3125,"secs":0},"allocations":1,"arena_capacity":245329920,"arena_high_water":268435456,"command_buffers":1,"completion_waits":1,"dispatches":591,"encode":{"nanos":218044,"secs":0},"gpu":{"nanos":8420625,"secs":0},"reused_bytes":2363392,"transient_live_bytes":524288,"transient_peak_bytes":2363392,"wait":{"nanos":8691458,"secs":0}},{"allocated_bytes":4,"allocation_time":{"nanos":3167,"secs":0},"allocations":1,"arena_capacity":245329920,"arena_high_water":268435456,"command_buffers":1,"completion_waits":1,"dispatches":591,"encode":{"nanos":209745,"secs":0},"gpu":{"nanos":8978042,"secs":0},"reused_bytes":2363392,"transient_live_bytes":524288,"transient_peak_bytes":2363392,"wait":{"nanos":9220916,"secs":0}},{"allocated_bytes":4,"allocation_time":{"nanos":3000,"secs":0},"allocations":1,"arena_capacity":245329920,"arena_high_water":268435456,"command_buffers":1,"completion_waits":1,"dispatches":591,"encode":{"nanos":209920,"secs":0},"gpu":{"nanos":8553292,"secs":0},"reused_bytes":2363392,"transient_live_bytes":524288,"transient_peak_bytes":2363392,"wait":{"nanos":8821500,"secs":0}},{"allocated_bytes":4,"allocation_time":{"nanos":3083,"secs":0},"allocations":1,"arena_capacity":245329920,"arena_high_water":268435456,"command_buffers":1,"completion_waits":1,"dispatches":591,"encode":{"nanos":208327,"secs":0},"gpu":{"nanos":8813833,"secs":0},"reused_bytes":2363392,"transient_live_bytes":524288,"transient_peak_bytes":2363392,"wait":{"nanos":9082833,"secs":0}},{"allocated_bytes":4,"allocation_time":{"nanos":2542,"secs":0},"allocations":1,"arena_capacity":245329920,"arena_high_water":268435456,"command_buffers":1,"completion_waits":1,"dispatches":591,"encode":{"nanos":208614,"secs":0},"gpu":{"nanos":8852542,"secs":0},"reused_bytes":2363392,"transient_live_bytes":524288,"transient_peak_bytes":2363392,"wait":{"nanos":9099917,"secs":0}},{"allocated_bytes":4,"allocation_time":{"nanos":4417,"secs":0},"allocations":1,"arena_capacity":245329920,"arena_high_water":268435456,"command_buffers":1,"completion_waits":1,"dispatches":591,"encode":{"nanos":212333,"secs":0},"gpu":{"nanos":9054333,"secs":0},"reused_bytes":2363392,"transient_live_bytes":524288,"transient_peak_bytes":2363392,"wait":{"nanos":9323458,"secs":0}},{"allocated_bytes":4,"allocation_time":{"nanos":3375,"secs":0},"allocations":1,"arena_capacity":245329920,"arena_high_water":268435456,"command_buffers":1,"completion_waits":1,"dispatches":591,"encode":{"nanos":219296,"secs":0},"gpu":{"nanos":8357250,"secs":0},"reused_bytes":2363392,"transient_live_bytes":524288,"transient_peak_bytes":2363392,"wait":{"nanos":8632542,"secs":0}},{"allocated_bytes":4,"allocation_time":{"nanos":2709,"secs":0},"allocations":1,"arena_capacity":245329920,"arena_high_water":268435456,"command_buffers":1,"completion_waits":1,"dispatches":591,"encode":{"nanos":209505,"secs":0},"gpu":{"nanos":8559125,"secs":0},"reused_bytes":2363392,"transient_live_bytes":524288,"transient_peak_bytes":2363392,"wait":{"nanos":8811792,"secs":0}},{"allocated_bytes":4,"allocation_time":{"nanos":3334,"secs":0},"allocations":1,"arena_capacity":245329920,"arena_high_water":268435456,"command_buffers":1,"completion_waits":1,"dispatches":591,"encode":{"nanos":214622,"secs":0},"gpu":{"nanos":8950750,"secs":0},"reused_bytes":2363392,"transient_live_bytes":524288,"transient_peak_bytes":2363392,"wait":{"nanos":9205292,"secs":0}},{"allocated_bytes":4,"allocation_time":{"nanos":3291,"secs":0},"allocations":1,"arena_capacity":245329920,"arena_high_water":268435456,"command_buffers":1,"completion_waits":1,"dispatches":591,"encode":{"nanos":216497,"secs":0},"gpu":{"nanos":8327125,"secs":0},"reused_bytes":2363392,"transient_live_bytes":524288,"transient_peak_bytes":2363392,"wait":{"nanos":8580917,"secs":0}},{"allocated_bytes":4,"allocation_time":{"nanos":3000,"secs":0},"allocations":1,"arena_capacity":245329920,"arena_high_water":268435456,"command_buffers":1,"completion_waits":1,"dispatches":591,"encode":{"nanos":211756,"secs":0},"gpu":{"nanos":9191417,"secs":0},"reused_bytes":2363392,"transient_live_bytes":524288,"transient_peak_bytes":2363392,"wait":{"nanos":9464500,"secs":0}},{"allocated_bytes":4,"allocation_time":{"nanos":2708,"secs":0},"allocations":1,"arena_capacity":245329920,"arena_high_water":268435456,"command_buffers":1,"completion_waits":1,"dispatches":591,"encode":{"nanos":209123,"secs":0},"gpu":{"nanos":9155000,"secs":0},"reused_bytes":2363392,"transient_live_bytes":524288,"transient_peak_bytes":2363392,"wait":{"nanos":9399125,"secs":0}},{"allocated_bytes":4,"allocation_time":{"nanos":3000,"secs":0},"allocations":1,"arena_capacity":245329920,"arena_high_water":268435456,"command_buffers":1,"completion_waits":1,"dispatches":591,"encode":{"nanos":223069,"secs":0},"gpu":{"nanos":9166292,"secs":0},"reused_bytes":2478080,"transient_live_bytes":524288,"transient_peak_bytes":2478080,"wait":{"nanos":9472625,"secs":0}},{"allocated_bytes":4,"allocation_time":{"nanos":4208,"secs":0},"allocations":1,"arena_capacity":245329920,"arena_high_water":268435456,"command_buffers":1,"completion_waits":1,"dispatches":591,"encode":{"nanos":209796,"secs":0},"gpu":{"nanos":8656958,"secs":0},"reused_bytes":2478080,"transient_live_bytes":524288,"transient_peak_bytes":2478080,"wait":{"nanos":8984417,"secs":0}},{"allocated_bytes":4,"allocation_time":{"nanos":3500,"secs":0},"allocations":1,"arena_capacity":245329920,"arena_high_water":268435456,"command_buffers":1,"completion_waits":1,"dispatches":591,"encode":{"nanos":209668,"secs":0},"gpu":{"nanos":8942792,"secs":0},"reused_bytes":2478080,"transient_live_bytes":524288,"transient_peak_bytes":2478080,"wait":{"nanos":9275292,"secs":0}},{"allocated_bytes":4,"allocation_time":{"nanos":3542,"secs":0},"allocations":1,"arena_capacity":245329920,"arena_high_water":268435456,"command_buffers":1,"completion_waits":1,"dispatches":591,"encode":{"nanos":203378,"secs":0},"gpu":{"nanos":8506250,"secs":0},"reused_bytes":2478080,"transient_live_bytes":524288,"transient_peak_bytes":2478080,"wait":{"nanos":8752459,"secs":0}},{"allocated_bytes":4,"allocation_time":{"nanos":3167,"secs":0},"allocations":1,"arena_capacity":245329920,"arena_high_water":268435456,"command_buffers":1,"completion_waits":1,"dispatches":591,"encode":{"nanos":200699,"secs":0},"gpu":{"nanos":8757292,"secs":0},"reused_bytes":2478080,"transient_live_bytes":524288,"transient_peak_bytes":2478080,"wait":{"nanos":9016042,"secs":0}},{"allocated_bytes":4,"allocation_time":{"nanos":3333,"secs":0},"allocations":1,"arena_capacity":245329920,"arena_high_water":268435456,"command_buffers":1,"completion_waits":1,"dispatches":591,"encode":{"nanos":203072,"secs":0},"gpu":{"nanos":9204250,"secs":0},"reused_bytes":2478080,"transient_live_bytes":524288,"transient_peak_bytes":2478080,"wait":{"nanos":9446709,"secs":0}},{"allocated_bytes":4,"allocation_time":{"nanos":4000,"secs":0},"allocations":1,"arena_capacity":245329920,"arena_high_water":268435456,"command_buffers":1,"completion_waits":1,"dispatches":591,"encode":{"nanos":208318,"secs":0},"gpu":{"nanos":9270500,"secs":0},"reused_bytes":2478080,"transient_live_bytes":524288,"transient_peak_bytes":2478080,"wait":{"nanos":9541625,"secs":0}},{"allocated_bytes":4,"allocation_time":{"nanos":3708,"secs":0},"allocations":1,"arena_capacity":245329920,"arena_high_water":268435456,"command_buffers":1,"completion_waits":1,"dispatches":591,"encode":{"nanos":200050,"secs":0},"gpu":{"nanos":8840042,"secs":0},"reused_bytes":2478080,"transient_live_bytes":524288,"transient_peak_bytes":2478080,"wait":{"nanos":9089833,"secs":0}},{"allocated_bytes":4,"allocation_time":{"nanos":3208,"secs":0},"allocations":1,"arena_capacity":245329920,"arena_high_water":268435456,"command_buffers":1,"completion_waits":1,"dispatches":591,"encode":{"nanos":200426,"secs":0},"gpu":{"nanos":8966625,"secs":0},"reused_bytes":2478080,"transient_live_bytes":524288,"transient_peak_bytes":2478080,"wait":{"nanos":9212459,"secs":0}},{"allocated_bytes":4,"allocation_time":{"nanos":2917,"secs":0},"allocations":1,"arena_capacity":245329920,"arena_high_water":268435456,"command_buffers":1,"completion_waits":1,"dispatches":591,"encode":{"nanos":201948,"secs":0},"gpu":{"nanos":9052125,"secs":0},"reused_bytes":2478080,"transient_live_bytes":524288,"transient_peak_bytes":2478080,"wait":{"nanos":9323458,"secs":0}},{"allocated_bytes":4,"allocation_time":{"nanos":2917,"secs":0},"allocations":1,"arena_capacity":245329920,"arena_high_water":268435456,"command_buffers":1,"completion_waits":1,"dispatches":591,"encode":{"nanos":197664,"secs":0},"gpu":{"nanos":9011583,"secs":0},"reused_bytes":2478080,"transient_live_bytes":524288,"transient_peak_bytes":2478080,"wait":{"nanos":9281875,"secs":0}},{"allocated_bytes":4,"allocation_time":{"nanos":3125,"secs":0},"allocations":1,"arena_capacity":245329920,"arena_high_water":268435456,"command_buffers":1,"completion_waits":1,"dispatches":591,"encode":{"nanos":198905,"secs":0},"gpu":{"nanos":8902333,"secs":0},"reused_bytes":2478080,"transient_live_bytes":524288,"transient_peak_bytes":2478080,"wait":{"nanos":9171417,"secs":0}},{"allocated_bytes":4,"allocation_time":{"nanos":2958,"secs":0},"allocations":1,"arena_capacity":245329920,"arena_high_water":268435456,"command_buffers":1,"completion_waits":1,"dispatches":591,"encode":{"nanos":199212,"secs":0},"gpu":{"nanos":8901208,"secs":0},"reused_bytes":2478080,"transient_live_bytes":524288,"transient_peak_bytes":2478080,"wait":{"nanos":9156250,"secs":0}},{"allocated_bytes":4,"allocation_time":{"nanos":2709,"secs":0},"allocations":1,"arena_capacity":245329920,"arena_high_water":268435456,"command_buffers":1,"completion_waits":1,"dispatches":591,"encode":{"nanos":201336,"secs":0},"gpu":{"nanos":8917458,"secs":0},"reused_bytes":2478080,"transient_live_bytes":524288,"transient_peak_bytes":2478080,"wait":{"nanos":9169667,"secs":0}},{"allocated_bytes":4,"allocation_time":{"nanos":3292,"secs":0},"allocations":1,"arena_capacity":245329920,"arena_high_water":268435456,"command_buffers":1,"completion_waits":1,"dispatches":591,"encode":{"nanos":198629,"secs":0},"gpu":{"nanos":8775958,"secs":0},"reused_bytes":2478080,"transient_live_bytes":524288,"transient_peak_bytes":2478080,"wait":{"nanos":9040875,"secs":0}},{"allocated_bytes":4,"allocation_time":{"nanos":3292,"secs":0},"allocations":1,"arena_capacity":245329920,"arena_high_water":268435456,"command_buffers":1,"completion_waits":1,"dispatches":591,"encode":{"nanos":199972,"secs":0},"gpu":{"nanos":9111125,"secs":0},"reused_bytes":2478080,"transient_live_bytes":524288,"transient_peak_bytes":2478080,"wait":{"nanos":9369458,"secs":0}},{"allocated_bytes":4,"allocation_time":{"nanos":3333,"secs":0},"allocations":1,"arena_capacity":245329920,"arena_high_water":268435456,"command_buffers":1,"completion_waits":1,"dispatches":591,"encode":{"nanos":210679,"secs":0},"gpu":{"nanos":8795542,"secs":0},"reused_bytes":2478080,"transient_live_bytes":524288,"transient_peak_bytes":2478080,"wait":{"nanos":9002125,"secs":0}},{"allocated_bytes":4,"allocation_time":{"nanos":3167,"secs":0},"allocations":1,"arena_capacity":245329920,"arena_high_water":268435456,"command_buffers":1,"completion_waits":1,"dispatches":591,"encode":{"nanos":208811,"secs":0},"gpu":{"nanos":9054208,"secs":0},"reused_bytes":2478080,"transient_live_bytes":524288,"transient_peak_bytes":2478080,"wait":{"nanos":9321583,"secs":0}},{"allocated_bytes":4,"allocation_time":{"nanos":3542,"secs":0},"allocations":1,"arena_capacity":245329920,"arena_high_water":268435456,"command_buffers":1,"completion_waits":1,"dispatches":591,"encode":{"nanos":208743,"secs":0},"gpu":{"nanos":8911458,"secs":0},"reused_bytes":2478080,"transient_live_bytes":524288,"transient_peak_bytes":2478080,"wait":{"nanos":9163208,"secs":0}},{"allocated_bytes":4,"allocation_time":{"nanos":3500,"secs":0},"allocations":1,"arena_capacity":245329920,"arena_high_water":268435456,"command_buffers":1,"completion_waits":1,"dispatches":591,"encode":{"nanos":205554,"secs":0},"gpu":{"nanos":8966125,"secs":0},"reused_bytes":2478080,"transient_live_bytes":524288,"transient_peak_bytes":2478080,"wait":{"nanos":9231709,"secs":0}},{"allocated_bytes":4,"allocation_time":{"nanos":3292,"secs":0},"allocations":1,"arena_capacity":245329920,"arena_high_water":268435456,"command_buffers":1,"completion_waits":1,"dispatches":591,"encode":{"nanos":206464,"secs":0},"gpu":{"nanos":8921958,"secs":0},"reused_bytes":2478080,"transient_live_bytes":524288,"transient_peak_bytes":2478080,"wait":{"nanos":9174667,"secs":0}},{"allocated_bytes":4,"allocation_time":{"nanos":4458,"secs":0},"allocations":1,"arena_capacity":245329920,"arena_high_water":268435456,"command_buffers":1,"completion_waits":1,"dispatches":591,"encode":{"nanos":205197,"secs":0},"gpu":{"nanos":9036917,"secs":0},"reused_bytes":2478080,"transient_live_bytes":524288,"transient_peak_bytes":2478080,"wait":{"nanos":9302375,"secs":0}},{"allocated_bytes":4,"allocation_time":{"nanos":3667,"secs":0},"allocations":1,"arena_capacity":245329920,"arena_high_water":268435456,"command_buffers":1,"completion_waits":1,"dispatches":591,"encode":{"nanos":212141,"secs":0},"gpu":{"nanos":9105792,"secs":0},"reused_bytes":2478080,"transient_live_bytes":524288,"transient_peak_bytes":2478080,"wait":{"nanos":9371833,"secs":0}},{"allocated_bytes":4,"allocation_time":{"nanos":3208,"secs":0},"allocations":1,"arena_capacity":245329920,"arena_high_water":268435456,"command_buffers":1,"completion_waits":1,"dispatches":591,"encode":{"nanos":206093,"secs":0},"gpu":{"nanos":9625125,"secs":0},"reused_bytes":2478080,"transient_live_bytes":524288,"transient_peak_bytes":2478080,"wait":{"nanos":9897667,"secs":0}},{"allocated_bytes":4,"allocation_time":{"nanos":4500,"secs":0},"allocations":1,"arena_capacity":245329920,"arena_high_water":268435456,"command_buffers":1,"completion_waits":1,"dispatches":591,"encode":{"nanos":217266,"secs":0},"gpu":{"nanos":9497583,"secs":0},"reused_bytes":2478080,"transient_live_bytes":524288,"transient_peak_bytes":2478080,"wait":{"nanos":9768000,"secs":0}},{"allocated_bytes":4,"allocation_time":{"nanos":3958,"secs":0},"allocations":1,"arena_capacity":245329920,"arena_high_water":268435456,"command_buffers":1,"completion_waits":1,"dispatches":591,"encode":{"nanos":210989,"secs":0},"gpu":{"nanos":10079167,"secs":0},"reused_bytes":2478080,"transient_live_bytes":524288,"transient_peak_bytes":2478080,"wait":{"nanos":10298917,"secs":0}},{"allocated_bytes":4,"allocation_time":{"nanos":3666,"secs":0},"allocations":1,"arena_capacity":245329920,"arena_high_water":268435456,"command_buffers":1,"completion_waits":1,"dispatches":591,"encode":{"nanos":211584,"secs":0},"gpu":{"nanos":9371917,"secs":0},"reused_bytes":2478080,"transient_live_bytes":524288,"transient_peak_bytes":2478080,"wait":{"nanos":9643458,"secs":0}},{"allocated_bytes":4,"allocation_time":{"nanos":4708,"secs":0},"allocations":1,"arena_capacity":245329920,"arena_high_water":268435456,"command_buffers":1,"completion_waits":1,"dispatches":591,"encode":{"nanos":219633,"secs":0},"gpu":{"nanos":9005083,"secs":0},"reused_bytes":2478080,"transient_live_bytes":524288,"transient_peak_bytes":2478080,"wait":{"nanos":9276375,"secs":0}},{"allocated_bytes":4,"allocation_time":{"nanos":3541,"secs":0},"allocations":1,"arena_capacity":245329920,"arena_high_water":268435456,"command_buffers":1,"completion_waits":1,"dispatches":591,"encode":{"nanos":207261,"secs":0},"gpu":{"nanos":9025875,"secs":0},"reused_bytes":2478080,"transient_live_bytes":524288,"transient_peak_bytes":2478080,"wait":{"nanos":9292167,"secs":0}},{"allocated_bytes":4,"allocation_time":{"nanos":3417,"secs":0},"allocations":1,"arena_capacity":245329920,"arena_high_water":268435456,"command_buffers":1,"completion_waits":1,"dispatches":591,"encode":{"nanos":205946,"secs":0},"gpu":{"nanos":9309000,"secs":0},"reused_bytes":2478080,"transient_live_bytes":524288,"transient_peak_bytes":2478080,"wait":{"nanos":9572959,"secs":0}},{"allocated_bytes":4,"allocation_time":{"nanos":3208,"secs":0},"allocations":1,"arena_capacity":245329920,"arena_high_water":268435456,"command_buffers":1,"completion_waits":1,"dispatches":591,"encode":{"nanos":204592,"secs":0},"gpu":{"nanos":8946625,"secs":0},"reused_bytes":2478080,"transient_live_bytes":524288,"transient_peak_bytes":2478080,"wait":{"nanos":9219250,"secs":0}},{"allocated_bytes":4,"allocation_time":{"nanos":3417,"secs":0},"allocations":1,"arena_capacity":245329920,"arena_high_water":268435456,"command_buffers":1,"completion_waits":1,"dispatches":591,"encode":{"nanos":203870,"secs":0},"gpu":{"nanos":9075917,"secs":0},"reused_bytes":2478080,"transient_live_bytes":524288,"transient_peak_bytes":2478080,"wait":{"nanos":9340042,"secs":0}},{"allocated_bytes":4,"allocation_time":{"nanos":3417,"secs":0},"allocations":1,"arena_capacity":245329920,"arena_high_water":268435456,"command_buffers":1,"completion_waits":1,"dispatches":591,"encode":{"nanos":203395,"secs":0},"gpu":{"nanos":8984625,"secs":0},"reused_bytes":2478080,"transient_live_bytes":524288,"transient_peak_bytes":2478080,"wait":{"nanos":9251667,"secs":0}},{"allocated_bytes":4,"allocation_time":{"nanos":3250,"secs":0},"allocations":1,"arena_capacity":245329920,"arena_high_water":268435456,"command_buffers":1,"completion_waits":1,"dispatches":591,"encode":{"nanos":204840,"secs":0},"gpu":{"nanos":9145042,"secs":0},"reused_bytes":2478080,"transient_live_bytes":524288,"transient_peak_bytes":2478080,"wait":{"nanos":9384209,"secs":0}},{"allocated_bytes":4,"allocation_time":{"nanos":3250,"secs":0},"allocations":1,"arena_capacity":245329920,"arena_high_water":268435456,"command_buffers":1,"completion_waits":1,"dispatches":591,"encode":{"nanos":204350,"secs":0},"gpu":{"nanos":9291083,"secs":0},"reused_bytes":2478080,"transient_live_bytes":524288,"transient_peak_bytes":2478080,"wait":{"nanos":9551584,"secs":0}},{"allocated_bytes":4,"allocation_time":{"nanos":3375,"secs":0},"allocations":1,"arena_capacity":245329920,"arena_high_water":268435456,"command_buffers":1,"completion_waits":1,"dispatches":591,"encode":{"nanos":203958,"secs":0},"gpu":{"nanos":9497625,"secs":0},"reused_bytes":2478080,"transient_live_bytes":524288,"transient_peak_bytes":2478080,"wait":{"nanos":9771833,"secs":0}},{"allocated_bytes":4,"allocation_time":{"nanos":3166,"secs":0},"allocations":1,"arena_capacity":245329920,"arena_high_water":268435456,"command_buffers":1,"completion_waits":1,"dispatches":591,"encode":{"nanos":205667,"secs":0},"gpu":{"nanos":9176375,"secs":0},"reused_bytes":2478080,"transient_live_bytes":524288,"transient_peak_bytes":2478080,"wait":{"nanos":9453083,"secs":0}},{"allocated_bytes":4,"allocation_time":{"nanos":3084,"secs":0},"allocations":1,"arena_capacity":245329920,"arena_high_water":268435456,"command_buffers":1,"completion_waits":1,"dispatches":591,"encode":{"nanos":206110,"secs":0},"gpu":{"nanos":9196250,"secs":0},"reused_bytes":2478080,"transient_live_bytes":524288,"transient_peak_bytes":2478080,"wait":{"nanos":9477167,"secs":0}},{"allocated_bytes":4,"allocation_time":{"nanos":4291,"secs":0},"allocations":1,"arena_capacity":245329920,"arena_high_water":268435456,"command_buffers":1,"completion_waits":1,"dispatches":591,"encode":{"nanos":210796,"secs":0},"gpu":{"nanos":9339417,"secs":0},"reused_bytes":2478080,"transient_live_bytes":524288,"transient_peak_bytes":2478080,"wait":{"nanos":9617209,"secs":0}},{"allocated_bytes":4,"allocation_time":{"nanos":3084,"secs":0},"allocations":1,"arena_capacity":245329920,"arena_high_water":268435456,"command_buffers":1,"completion_waits":1,"dispatches":591,"encode":{"nanos":232844,"secs":0},"gpu":{"nanos":9130667,"secs":0},"reused_bytes":2478080,"transient_live_bytes":524288,"transient_peak_bytes":2478080,"wait":{"nanos":9407542,"secs":0}},{"allocated_bytes":4,"allocation_time":{"nanos":4042,"secs":0},"allocations":1,"arena_capacity":245329920,"arena_high_water":268435456,"command_buffers":1,"completion_waits":1,"dispatches":591,"encode":{"nanos":220550,"secs":0},"gpu":{"nanos":9265958,"secs":0},"reused_bytes":2478080,"transient_live_bytes":524288,"transient_peak_bytes":2478080,"wait":{"nanos":9562459,"secs":0}},{"allocated_bytes":4,"allocation_time":{"nanos":3875,"secs":0},"allocations":1,"arena_capacity":245329920,"arena_high_water":268435456,"command_buffers":1,"completion_waits":1,"dispatches":591,"encode":{"nanos":224092,"secs":0},"gpu":{"nanos":9264458,"secs":0},"reused_bytes":2478080,"transient_live_bytes":524288,"transient_peak_bytes":2478080,"wait":{"nanos":9475208,"secs":0}},{"allocated_bytes":4,"allocation_time":{"nanos":2708,"secs":0},"allocations":1,"arena_capacity":245329920,"arena_high_water":268435456,"command_buffers":1,"completion_waits":1,"dispatches":591,"encode":{"nanos":203206,"secs":0},"gpu":{"nanos":9622875,"secs":0},"reused_bytes":2478080,"transient_live_bytes":524288,"transient_peak_bytes":2478080,"wait":{"nanos":9838292,"secs":0}},{"allocated_bytes":4,"allocation_time":{"nanos":4083,"secs":0},"allocations":1,"arena_capacity":245329920,"arena_high_water":268435456,"command_buffers":1,"completion_waits":1,"dispatches":591,"encode":{"nanos":211987,"secs":0},"gpu":{"nanos":9361958,"secs":0},"reused_bytes":2478080,"transient_live_bytes":524288,"transient_peak_bytes":2478080,"wait":{"nanos":9637042,"secs":0}},{"allocated_bytes":4,"allocation_time":{"nanos":3375,"secs":0},"allocations":1,"arena_capacity":245329920,"arena_high_water":268435456,"command_buffers":1,"completion_waits":1,"dispatches":591,"encode":{"nanos":206040,"secs":0},"gpu":{"nanos":8923375,"secs":0},"reused_bytes":2478080,"transient_live_bytes":524288,"transient_peak_bytes":2478080,"wait":{"nanos":9184667,"secs":0}},{"allocated_bytes":4,"allocation_time":{"nanos":2541,"secs":0},"allocations":1,"arena_capacity":245329920,"arena_high_water":268435456,"command_buffers":1,"completion_waits":1,"dispatches":591,"encode":{"nanos":205039,"secs":0},"gpu":{"nanos":9210250,"secs":0},"reused_bytes":2478080,"transient_live_bytes":524288,"transient_peak_bytes":2478080,"wait":{"nanos":9449250,"secs":0}},{"allocated_bytes":4,"allocation_time":{"nanos":2583,"secs":0},"allocations":1,"arena_capacity":245329920,"arena_high_water":268435456,"command_buffers":1,"completion_waits":1,"dispatches":591,"encode":{"nanos":204807,"secs":0},"gpu":{"nanos":9075375,"secs":0},"reused_bytes":2478080,"transient_live_bytes":524288,"transient_peak_bytes":2478080,"wait":{"nanos":9339500,"secs":0}},{"allocated_bytes":4,"allocation_time":{"nanos":3708,"secs":0},"allocations":1,"arena_capacity":245329920,"arena_high_water":268435456,"command_buffers":1,"completion_waits":1,"dispatches":591,"encode":{"nanos":211670,"secs":0},"gpu":{"nanos":9237417,"secs":0},"reused_bytes":2478080,"transient_live_bytes":524288,"transient_peak_bytes":2478080,"wait":{"nanos":9484375,"secs":0}},{"allocated_bytes":4,"allocation_time":{"nanos":3167,"secs":0},"allocations":1,"arena_capacity":245329920,"arena_high_water":268435456,"command_buffers":1,"completion_waits":1,"dispatches":591,"encode":{"nanos":208891,"secs":0},"gpu":{"nanos":9089583,"secs":0},"reused_bytes":2478080,"transient_live_bytes":524288,"transient_peak_bytes":2478080,"wait":{"nanos":9348959,"secs":0}},{"allocated_bytes":4,"allocation_time":{"nanos":2917,"secs":0},"allocations":1,"arena_capacity":245329920,"arena_high_water":268435456,"command_buffers":1,"completion_waits":1,"dispatches":591,"encode":{"nanos":213405,"secs":0},"gpu":{"nanos":9536250,"secs":0},"reused_bytes":2478080,"transient_live_bytes":524288,"transient_peak_bytes":2478080,"wait":{"nanos":9770292,"secs":0}},{"allocated_bytes":4,"allocation_time":{"nanos":3833,"secs":0},"allocations":1,"arena_capacity":245329920,"arena_high_water":268435456,"command_buffers":1,"completion_waits":1,"dispatches":591,"encode":{"nanos":210146,"secs":0},"gpu":{"nanos":9415583,"secs":0},"reused_bytes":2478080,"transient_live_bytes":524288,"transient_peak_bytes":2478080,"wait":{"nanos":9735125,"secs":0}},{"allocated_bytes":4,"allocation_time":{"nanos":3792,"secs":0},"allocations":1,"arena_capacity":245329920,"arena_high_water":268435456,"command_buffers":1,"completion_waits":1,"dispatches":591,"encode":{"nanos":215244,"secs":0},"gpu":{"nanos":9093625,"secs":0},"reused_bytes":2478080,"transient_live_bytes":524288,"transient_peak_bytes":2478080,"wait":{"nanos":9362833,"secs":0}},{"allocated_bytes":4,"allocation_time":{"nanos":3042,"secs":0},"allocations":1,"arena_capacity":245329920,"arena_high_water":268435456,"command_buffers":1,"completion_waits":1,"dispatches":591,"encode":{"nanos":203210,"secs":0},"gpu":{"nanos":9323333,"secs":0},"reused_bytes":2478080,"transient_live_bytes":524288,"transient_peak_bytes":2478080,"wait":{"nanos":9581291,"secs":0}},{"allocated_bytes":4,"allocation_time":{"nanos":3625,"secs":0},"allocations":1,"arena_capacity":245329920,"arena_high_water":268435456,"command_buffers":1,"completion_waits":1,"dispatches":591,"encode":{"nanos":205156,"secs":0},"gpu":{"nanos":9189375,"secs":0},"reused_bytes":2478080,"transient_live_bytes":524288,"transient_peak_bytes":2478080,"wait":{"nanos":9453792,"secs":0}},{"allocated_bytes":4,"allocation_time":{"nanos":3750,"secs":0},"allocations":1,"arena_capacity":245329920,"arena_high_water":268435456,"command_buffers":1,"completion_waits":1,"dispatches":591,"encode":{"nanos":207829,"secs":0},"gpu":{"nanos":9424125,"secs":0},"reused_bytes":2478080,"transient_live_bytes":524288,"transient_peak_bytes":2478080,"wait":{"nanos":9688500,"secs":0}},{"allocated_bytes":4,"allocation_time":{"nanos":3333,"secs":0},"allocations":1,"arena_capacity":245329920,"arena_high_water":268435456,"command_buffers":1,"completion_waits":1,"dispatches":591,"encode":{"nanos":205391,"secs":0},"gpu":{"nanos":9464417,"secs":0},"reused_bytes":2478080,"transient_live_bytes":524288,"transient_peak_bytes":2478080,"wait":{"nanos":9729875,"secs":0}},{"allocated_bytes":4,"allocation_time":{"nanos":3625,"secs":0},"allocations":1,"arena_capacity":245329920,"arena_high_water":268435456,"command_buffers":1,"completion_waits":1,"dispatches":591,"encode":{"nanos":206956,"secs":0},"gpu":{"nanos":9363042,"secs":0},"reused_bytes":2478080,"transient_live_bytes":524288,"transient_peak_bytes":2478080,"wait":{"nanos":9607500,"secs":0}},{"allocated_bytes":4,"allocation_time":{"nanos":4167,"secs":0},"allocations":1,"arena_capacity":245329920,"arena_high_water":268435456,"command_buffers":1,"completion_waits":1,"dispatches":591,"encode":{"nanos":205696,"secs":0},"gpu":{"nanos":9011708,"secs":0},"reused_bytes":2478080,"transient_live_bytes":524288,"transient_peak_bytes":2478080,"wait":{"nanos":9280417,"secs":0}},{"allocated_bytes":4,"allocation_time":{"nanos":3250,"secs":0},"allocations":1,"arena_capacity":245329920,"arena_high_water":268435456,"command_buffers":1,"completion_waits":1,"dispatches":591,"encode":{"nanos":203387,"secs":0},"gpu":{"nanos":9221542,"secs":0},"reused_bytes":2478080,"transient_live_bytes":524288,"transient_peak_bytes":2478080,"wait":{"nanos":9468083,"secs":0}},{"allocated_bytes":4,"allocation_time":{"nanos":3167,"secs":0},"allocations":1,"arena_capacity":245329920,"arena_high_water":268435456,"command_buffers":1,"completion_waits":1,"dispatches":591,"encode":{"nanos":200887,"secs":0},"gpu":{"nanos":9562667,"secs":0},"reused_bytes":2478080,"transient_live_bytes":524288,"transient_peak_bytes":2478080,"wait":{"nanos":9890250,"secs":0}},{"allocated_bytes":4,"allocation_time":{"nanos":2208,"secs":0},"allocations":1,"arena_capacity":245329920,"arena_high_water":268435456,"command_buffers":1,"completion_waits":1,"dispatches":591,"encode":{"nanos":201235,"secs":0},"gpu":{"nanos":9340708,"secs":0},"reused_bytes":2478080,"transient_live_bytes":524288,"transient_peak_bytes":2478080,"wait":{"nanos":9620084,"secs":0}},{"allocated_bytes":4,"allocation_time":{"nanos":3042,"secs":0},"allocations":1,"arena_capacity":245329920,"arena_high_water":268435456,"command_buffers":1,"completion_waits":1,"dispatches":591,"encode":{"nanos":204168,"secs":0},"gpu":{"nanos":9294458,"secs":0},"reused_bytes":2478080,"transient_live_bytes":524288,"transient_peak_bytes":2478080,"wait":{"nanos":9534458,"secs":0}},{"allocated_bytes":4,"allocation_time":{"nanos":3125,"secs":0},"allocations":1,"arena_capacity":245329920,"arena_high_water":268435456,"command_buffers":1,"completion_waits":1,"dispatches":591,"encode":{"nanos":217496,"secs":0},"gpu":{"nanos":9242875,"secs":0},"reused_bytes":2478080,"transient_live_bytes":524288,"transient_peak_bytes":2478080,"wait":{"nanos":9486625,"secs":0}},{"allocated_bytes":4,"allocation_time":{"nanos":3250,"secs":0},"allocations":1,"arena_capacity":245329920,"arena_high_water":268435456,"command_buffers":1,"completion_waits":1,"dispatches":591,"encode":{"nanos":204482,"secs":0},"gpu":{"nanos":8332333,"secs":0},"reused_bytes":2478080,"transient_live_bytes":524288,"transient_peak_bytes":2478080,"wait":{"nanos":8596000,"secs":0}},{"allocated_bytes":4,"allocation_time":{"nanos":2917,"secs":0},"allocations":1,"arena_capacity":245329920,"arena_high_water":268435456,"command_buffers":1,"completion_waits":1,"dispatches":591,"encode":{"nanos":208672,"secs":0},"gpu":{"nanos":8407833,"secs":0},"reused_bytes":2707456,"transient_live_bytes":524288,"transient_peak_bytes":2707456,"wait":{"nanos":8628709,"secs":0}},{"allocated_bytes":4,"allocation_time":{"nanos":3250,"secs":0},"allocations":1,"arena_capacity":245329920,"arena_high_water":268435456,"command_buffers":1,"completion_waits":1,"dispatches":591,"encode":{"nanos":205177,"secs":0},"gpu":{"nanos":8573500,"secs":0},"reused_bytes":2707456,"transient_live_bytes":524288,"transient_peak_bytes":2707456,"wait":{"nanos":8834417,"secs":0}},{"allocated_bytes":4,"allocation_time":{"nanos":3000,"secs":0},"allocations":1,"arena_capacity":245329920,"arena_high_water":268435456,"command_buffers":1,"completion_waits":1,"dispatches":591,"encode":{"nanos":204419,"secs":0},"gpu":{"nanos":8528208,"secs":0},"reused_bytes":2707456,"transient_live_bytes":524288,"transient_peak_bytes":2707456,"wait":{"nanos":8778375,"secs":0}},{"allocated_bytes":4,"allocation_time":{"nanos":4375,"secs":0},"allocations":1,"arena_capacity":245329920,"arena_high_water":268435456,"command_buffers":1,"completion_waits":1,"dispatches":591,"encode":{"nanos":209154,"secs":0},"gpu":{"nanos":8487167,"secs":0},"reused_bytes":2707456,"transient_live_bytes":524288,"transient_peak_bytes":2707456,"wait":{"nanos":8756292,"secs":0}},{"allocated_bytes":4,"allocation_time":{"nanos":3291,"secs":0},"allocations":1,"arena_capacity":245329920,"arena_high_water":268435456,"command_buffers":1,"completion_waits":1,"dispatches":591,"encode":{"nanos":208006,"secs":0},"gpu":{"nanos":8624750,"secs":0},"reused_bytes":2707456,"transient_live_bytes":524288,"transient_peak_bytes":2707456,"wait":{"nanos":8892500,"secs":0}},{"allocated_bytes":4,"allocation_time":{"nanos":3333,"secs":0},"allocations":1,"arena_capacity":245329920,"arena_high_water":268435456,"command_buffers":1,"completion_waits":1,"dispatches":591,"encode":{"nanos":203931,"secs":0},"gpu":{"nanos":8895750,"secs":0},"reused_bytes":2707456,"transient_live_bytes":524288,"transient_peak_bytes":2707456,"wait":{"nanos":9145000,"secs":0}},{"allocated_bytes":4,"allocation_time":{"nanos":3084,"secs":0},"allocations":1,"arena_capacity":245329920,"arena_high_water":268435456,"command_buffers":1,"completion_waits":1,"dispatches":591,"encode":{"nanos":200872,"secs":0},"gpu":{"nanos":8890333,"secs":0},"reused_bytes":2707456,"transient_live_bytes":524288,"transient_peak_bytes":2707456,"wait":{"nanos":9154500,"secs":0}},{"allocated_bytes":4,"allocation_time":{"nanos":2916,"secs":0},"allocations":1,"arena_capacity":245329920,"arena_high_water":268435456,"command_buffers":1,"completion_waits":1,"dispatches":591,"encode":{"nanos":209161,"secs":0},"gpu":{"nanos":8765958,"secs":0},"reused_bytes":2707456,"transient_live_bytes":524288,"transient_peak_bytes":2707456,"wait":{"nanos":9045500,"secs":0}},{"allocated_bytes":4,"allocation_time":{"nanos":3125,"secs":0},"allocations":1,"arena_capacity":245329920,"arena_high_water":268435456,"command_buffers":1,"completion_waits":1,"dispatches":591,"encode":{"nanos":205873,"secs":0},"gpu":{"nanos":8387500,"secs":0},"reused_bytes":2707456,"transient_live_bytes":524288,"transient_peak_bytes":2707456,"wait":{"nanos":8645709,"secs":0}},{"allocated_bytes":4,"allocation_time":{"nanos":3625,"secs":0},"allocations":1,"arena_capacity":245329920,"arena_high_water":268435456,"command_buffers":1,"completion_waits":1,"dispatches":591,"encode":{"nanos":206044,"secs":0},"gpu":{"nanos":8734292,"secs":0},"reused_bytes":2707456,"transient_live_bytes":524288,"transient_peak_bytes":2707456,"wait":{"nanos":9002792,"secs":0}},{"allocated_bytes":4,"allocation_time":{"nanos":3250,"secs":0},"allocations":1,"arena_capacity":245329920,"arena_high_water":268435456,"command_buffers":1,"completion_waits":1,"dispatches":591,"encode":{"nanos":207163,"secs":0},"gpu":{"nanos":8690625,"secs":0},"reused_bytes":2707456,"transient_live_bytes":524288,"transient_peak_bytes":2707456,"wait":{"nanos":8946333,"secs":0}},{"allocated_bytes":4,"allocation_time":{"nanos":3958,"secs":0},"allocations":1,"arena_capacity":245329920,"arena_high_water":268435456,"command_buffers":1,"completion_waits":1,"dispatches":591,"encode":{"nanos":207492,"secs":0},"gpu":{"nanos":8221542,"secs":0},"reused_bytes":2707456,"transient_live_bytes":524288,"transient_peak_bytes":2707456,"wait":{"nanos":8461583,"secs":0}},{"allocated_bytes":4,"allocation_time":{"nanos":3541,"secs":0},"allocations":1,"arena_capacity":245329920,"arena_high_water":268435456,"command_buffers":1,"completion_waits":1,"dispatches":591,"encode":{"nanos":206279,"secs":0},"gpu":{"nanos":8619125,"secs":0},"reused_bytes":2707456,"transient_live_bytes":524288,"transient_peak_bytes":2707456,"wait":{"nanos":8891583,"secs":0}},{"allocated_bytes":4,"allocation_time":{"nanos":2541,"secs":0},"allocations":1,"arena_capacity":245329920,"arena_high_water":268435456,"command_buffers":1,"completion_waits":1,"dispatches":591,"encode":{"nanos":206160,"secs":0},"gpu":{"nanos":8605125,"secs":0},"reused_bytes":2707456,"transient_live_bytes":524288,"transient_peak_bytes":2707456,"wait":{"nanos":8866250,"secs":0}},{"allocated_bytes":4,"allocation_time":{"nanos":2917,"secs":0},"allocations":1,"arena_capacity":245329920,"arena_high_water":268435456,"command_buffers":1,"completion_waits":1,"dispatches":591,"encode":{"nanos":206943,"secs":0},"gpu":{"nanos":8717625,"secs":0},"reused_bytes":2707456,"transient_live_bytes":524288,"transient_peak_bytes":2707456,"wait":{"nanos":8953917,"secs":0}},{"allocated_bytes":4,"allocation_time":{"nanos":2791,"secs":0},"allocations":1,"arena_capacity":245329920,"arena_high_water":268435456,"command_buffers":1,"completion_waits":1,"dispatches":591,"encode":{"nanos":209283,"secs":0},"gpu":{"nanos":8641500,"secs":0},"reused_bytes":2707456,"transient_live_bytes":524288,"transient_peak_bytes":2707456,"wait":{"nanos":8964583,"secs":0}},{"allocated_bytes":4,"allocation_time":{"nanos":4125,"secs":0},"allocations":1,"arena_capacity":245329920,"arena_high_water":268435456,"command_buffers":1,"completion_waits":1,"dispatches":591,"encode":{"nanos":230910,"secs":0},"gpu":{"nanos":8458625,"secs":0},"reused_bytes":2707456,"transient_live_bytes":524288,"transient_peak_bytes":2707456,"wait":{"nanos":8746417,"secs":0}},{"allocated_bytes":4,"allocation_time":{"nanos":4250,"secs":0},"allocations":1,"arena_capacity":245329920,"arena_high_water":268435456,"command_buffers":1,"completion_waits":1,"dispatches":591,"encode":{"nanos":212360,"secs":0},"gpu":{"nanos":8752375,"secs":0},"reused_bytes":2707456,"transient_live_bytes":524288,"transient_peak_bytes":2707456,"wait":{"nanos":8999458,"secs":0}},{"allocated_bytes":4,"allocation_time":{"nanos":3000,"secs":0},"allocations":1,"arena_capacity":245329920,"arena_high_water":268435456,"command_buffers":1,"completion_waits":1,"dispatches":591,"encode":{"nanos":208619,"secs":0},"gpu":{"nanos":8499875,"secs":0},"reused_bytes":2707456,"transient_live_bytes":524288,"transient_peak_bytes":2707456,"wait":{"nanos":8715708,"secs":0}},{"allocated_bytes":4,"allocation_time":{"nanos":3708,"secs":0},"allocations":1,"arena_capacity":245329920,"arena_high_water":268435456,"command_buffers":1,"completion_waits":1,"dispatches":591,"encode":{"nanos":217084,"secs":0},"gpu":{"nanos":9001458,"secs":0},"reused_bytes":2707456,"transient_live_bytes":524288,"transient_peak_bytes":2707456,"wait":{"nanos":9203083,"secs":0}},{"allocated_bytes":4,"allocation_time":{"nanos":2292,"secs":0},"allocations":1,"arena_capacity":245329920,"arena_high_water":268435456,"command_buffers":1,"completion_waits":1,"dispatches":591,"encode":{"nanos":205662,"secs":0},"gpu":{"nanos":8358375,"secs":0},"reused_bytes":2707456,"transient_live_bytes":524288,"transient_peak_bytes":2707456,"wait":{"nanos":8619417,"secs":0}}],"decode_median_ms":9.667792,"decode_ms":[9.322708,9.098165999999999,9.111667,8.822458,9.663666,9.013917,9.442957999999999,9.532667,9.391416,9.387625,9.362125,9.344333,9.612084,9.646708,9.606083,9.712917,9.253124999999999,9.144375,9.303583000000001,9.497125,9.477915999999999,9.492875,9.6885,9.561958,9.667792,9.658958,9.487583,9.813083,9.817041999999999,9.626875,9.603875,9.207666999999999,9.695374999999999,9.323875000000001,9.588833,9.597458,9.832583000000001,9.155625,9.286582999999998,9.711375,9.093125,9.969792,9.896375,9.991959,9.48825,9.774958,9.221375,9.500542000000001,9.913958000000001,10.041834,9.578125,9.66925,9.812458,9.770541000000001,9.661792,9.637625,9.682292,9.525041,9.86125,9.506792,9.825958,9.6625,9.7325,9.666084,9.796167,9.881291000000001,10.400041,10.283166999999999,10.803458000000001,10.154083,9.790459,9.794,10.06775,9.714458,9.834667,9.743125000000001,9.846041999999999,10.05325,10.2605,9.948125000000001,9.973332999999998,10.123375000000001,9.941958000000001,10.08375,9.967958000000001,10.299875,10.142167,9.676874999999999,9.915709,9.812083,9.997792,9.837125,10.279125,10.238417,9.869333,10.078208,9.946541999999999,10.184958,10.228917000000001,10.073834,9.774958,9.929375,10.379625,10.111125,10.020291,9.965375,9.101375,9.125167,9.33025,9.239,9.257249999999999,9.391791999999999,9.606083,9.642625,9.545833,9.174458,9.496417,9.41525,8.935625000000002,9.357166,9.369791000000001,9.45,9.465667,9.263542,9.511375000000001,9.196833,9.719791,9.118208],"decode_profiles":[{},{},{},{},{},{},{},{},{},{},{},{},{},{},{},{},{},{},{},{},{},{},{},{},{},{},{},{},{},{},{},{},{},{},{},{},{},{},{},{},{},{},{},{},{},{},{},{},{},{},{},{},{},{},{},{},{},{},{},{},{},{},{},{},{},{},{},{},{},{},{},{},{},{},{},{},{},{},{},{},{},{},{},{},{},{},{},{},{},{},{},{},{},{},{},{},{},{},{},{},{},{},{},{},{},{},{},{},{},{},{},{},{},{},{},{},{},{},{},{},{},{},{},{},{},{},{},{}],"decode_tps":103.4362344576714,"first_token_ms":49.310708,"generated_ids":[151667,198,32313,11,279,1196,1101,1053,330,9707,8958,773,358,1184,311,5889,34901,13,6771,752,1744,911,279,1850,1616,311,40786,1105,13,8704,807,2299,1667,279,21927,0,1943,11,7196,358,1265,24645,432,323,3010,12994,13,358,1265,2506,432,11657,323,1787,83075,13,6771,752,1281,2704,311,1779,421,1052,594,894,3151,1681,807,2578,614,11,714,2474,807,3207,944,6286,4113,11,1101,264,4285,42113,1265,975,13,97593,11,882,311,2182,429,1119,264,2033,624,151668,271,9707,0,2585,646,358,7789,498,3351,30,26525,232,151645,198,151643,33975,25,3555,374,279,1850,1616,311,40786,4325,1939,71703,25,320,3563,7979],"generated_tokens":129,"generation_ms":1319.544667,"generation_tps":97.76099530854306,"kv_active_bytes":17088512,"kv_reserved_bytes":29360128,"model_format":"GGUF","model_repository":"Qwen/Qwen3-0.6B-GGUF","model_revision":"23749fefcc72300e3a2ad315e1317431b06b590a","moe_expert_tensorops":true,"moe_expert_tensorops_min_routes_per_expert":8,"moe_expert_tensorops_tile_k64":true,"packed_quantized_bytes":633233408,"pair":2,"pair_order":"ferrum>llama.cpp","parameter_count":596049920,"prefill_counters":{"allocated_bytes":29360212,"allocation_time":{"nanos":1578700,"secs":0},"allocations":57,"arena_capacity":245329920,"arena_high_water":268435456,"command_buffers":1,"completion_waits":1,"dispatches":591,"encode":{"nanos":261874,"secs":0},"gpu":{"nanos":45572167,"secs":0},"reused_bytes":45613056,"transient_live_bytes":0,"transient_peak_bytes":45613056,"wait":{"nanos":46903125,"secs":0}},"prefill_ms":48.989667,"prefill_profile":{},"prefill_tps":428.6618237270321,"prompt_ids":[151644,8948,198,2610,525,264,10950,17847,13,151645,198,151644,872,198,9707,0,151645,198,151644,77091,198],"prompt_tokens":21,"q4_k_mpp_tile_k64":true,"q5_0_gemv_n4":false,"q5_1_mpp_tile_k64":true,"q8_0_mpp_tile_k64":true,"retained_weight_bytes":633364480,"runtime":"ferrum","sampling_ms":32.302791,"source_tensor_bytes":633495552,"tensor_count":310,"warmup":false,"process_rss_bytes":1149435904,"source_matrix_case_model":"Qwen/Qwen3-0.6B-GGUF@Q8_0","ferrum_options":{"batch_limit_dispatches":1024,"q4_0_gemv_8rows":true,"q4_k_gemv_8rows":true,"q6_k_gemv_8rows":true,"moe_gpu_routing":true,"mlx_affine4_gemv_quad":true},"engine_order":["ferrum","llama.cpp"],"case_index":4,"engine_load_plus_first_warmup_ms":967.3795419512317}
{"case":"sustained-128-decode","command_buffer_count":null,"decode_aggregate_tps":162.8283025809801,"decode_median_ms":6.189375,"decode_ms":[6.3715,6.219542,6.171125,5.813708,6.208125,6.147333,5.742958,6.150333,6.111541,5.80525,6.136292,5.955041,6.189375,6.135167,5.80975,6.175209,5.812334,5.906959,6.184709,5.772042,6.244334,6.277834,5.827459,6.115709,5.879958,5.865375,6.183417,5.827541,6.129166,6.215,5.827,6.20475,6.269334,5.919083,6.289875,6.007791,5.940666,6.260833,8.238,5.985959,6.227625,6.6325,6.115541,6.283875,6.258542,5.880708,6.3745,5.941792,5.992916,6.224708,5.935375,6.4345,6.235875,5.883333,6.347042,6.281041,6.302958,6.340333,6.645084,6.277209,6.367625,6.355541,5.886375,6.235166,6.291,5.87725,6.391083,5.860875,6.206792,6.380625,5.911875,6.361542,6.281292,5.881166,6.283291,6.239625,5.884625,6.35575,5.99375,6.232333,6.355416,6.030833,6.296958,6.282875,5.943916,6.241125,6.2905,5.9345,6.27525,6.141417,5.893,6.4045,5.9595,6.173833,6.305791,5.986167,6.360375,6.247541,5.846708,6.2155,6.296584,5.967333,6.315083,6.304625,5.86625,6.1895,5.879459,6.176709,6.229625,5.829709,6.274875,6.261792,5.771541,6.28575,5.924166,6.1475,6.244375,5.83475,6.330792,6.186209,5.884,6.278,5.804958,5.934959,6.190667,5.790834,6.241458,6.2565],"decode_tps":161.56720185802283,"dispatch_count":null,"first_token_ms":17.401333,"generated_ids":[151667,198,32313,11,279,1196,1101,1053,330,9707,8958,773,358,1184,311,5889,34901,13,6771,752,1744,911,279,1850,1616,311,40786,1105,13,8704,807,2299,1667,279,21927,0,1943,11,7196,358,1265,24645,432,323,3010,12994,13,358,1265,2506,432,11657,323,1787,83075,13,6771,752,1281,2704,311,1779,421,1052,594,894,3151,1681,807,2578,614,11,714,2474,807,3207,944,6286,4113,11,1101,264,4285,42113,1265,975,13,97593,11,882,311,2182,429,1119,264,2033,624,151668,271,9707,0,2585,646,358,7789,498,3351,30,26525,232,151645,198,151643,33975,25,3555,374,279,1850,1616,311,40786,4325,5267,2121,458,15235,11,358],"generated_tokens":129,"generation_ms":836.65975,"generation_tps":154.18454156543325,"kv_context_capacity_tokens":4096,"kv_type":"bf16","llama_commit":"84e76d8a23162eca70490da131945ebec1f09bf4","llama_version":"0.5.0-dev","model_format":"GGUF","pair":2,"pair_order":"ferrum>llama.cpp","prefill_ms":17.131458,"prefill_tps":1225.8151057545715,"process_max_rss_bytes":1235976192,"prompt_ids":[151644,8948,198,2610,525,264,10950,17847,13,151645,198,151644,872,198,9707,0,151645,198,151644,77091,198],"prompt_tokens":21,"runtime":"llama.cpp","sampling_ms":33.415081,"warmup":false,"process_rss_bytes":1235746816,"source_matrix_case_model":"Qwen/Qwen3-0.6B-GGUF@Q8_0","engine_order":["ferrum","llama.cpp"],"case_index":4,"engine_load_plus_first_warmup_ms":1067.7772499620914}
~llama_context:       MTL0 compute buffer size is 300.7500 MiB, matches expectation of 300.7500 MiB
~llama_context:        CPU compute buffer size is   8.0137 MiB, matches expectation of   8.0137 MiB
~llama_context:        CPU compute buffer size is   0.0000 MiB, matches expectation of   0.0000 MiB
ggml_metal_free: deallocating
