ggml_metal_device_init: testing tensor API for f16 support
ggml_metal_library_compile_pipeline: compiling pipeline: base = 'dummy_kernel', name = 'dummy_kernel'
ggml_metal_library_compile_pipeline: loaded dummy_kernel                                  0x103705880 | th_max = 1024 | th_width =   32
ggml_metal_device_init: testing tensor API for bfloat support
ggml_metal_library_compile_pipeline: compiling pipeline: base = 'dummy_kernel', name = 'dummy_kernel'
ggml_metal_library_compile_pipeline: loaded dummy_kernel                                  0x103706180 | th_max = 1024 | th_width =   32
ggml_metal_library_init: using embedded metal library
ggml_metal_library_compile_all: compiled 'fa' library in 0.009 sec
ggml_metal_library_compile_all: compiled 'mul_mv' library in 0.002 sec
ggml_metal_library_compile_all: compiled 'mul_mm' library in 0.001 sec
ggml_metal_library_compile_all: compiled 'quantize' library in 0.010 sec
ggml_metal_library_compile_all: compiled 'softmax' library in 0.000 sec
ggml_metal_library_compile_all: compiled 'norm' library in 0.000 sec
ggml_metal_library_compile_all: compiled 'unary' library in 0.000 sec
ggml_metal_library_compile_all: compiled 'binbcast' library in 0.002 sec
ggml_metal_library_compile_all: compiled 'reduce' library in 0.009 sec
ggml_metal_library_compile_all: compiled 'tri' library in 0.001 sec
ggml_metal_library_compile_all: compiled 'ssm' library in 0.001 sec
ggml_metal_library_compile_all: compiled 'wkv' library in 0.002 sec
ggml_metal_library_compile_all: compiled 'gated_delta_net' library in 0.001 sec
ggml_metal_library_compile_all: compiled 'solve_tri' library in 0.001 sec
ggml_metal_library_compile_all: compiled 'rope' library in 0.009 sec
ggml_metal_library_compile_all: compiled 'conv' library in 0.001 sec
ggml_metal_library_compile_all: compiled 'upscale' library in 0.002 sec
ggml_metal_library_compile_all: compiled 'argsort' library in 0.001 sec
ggml_metal_library_compile_all: compiled 'pool' library in 0.002 sec
ggml_metal_library_compile_all: compiled 'misc' library in 0.001 sec
ggml_metal_library_compile_all: loaded 20 libraries from embedded data in 0.010 sec (max single = 0.010 sec)
ggml_metal_rsets_init: creating a residency set collection (keep_alive = 180 s)
ggml_metal_device_init: GPU name:   MTL0 (Apple M5)
ggml_metal_device_init: GPU family: MTLGPUFamilyApple10  (1010)
ggml_metal_device_init: GPU family: MTLGPUFamilyMetal4  (5002)
ggml_metal_device_init: simdgroup reduction   = true
ggml_metal_device_init: simdgroup matrix mul. = true
ggml_metal_device_init: has unified memory    = true
ggml_metal_device_init: has bfloat            = true
ggml_metal_device_init: has tensor            = true
ggml_metal_device_init: use residency sets    = true
ggml_metal_device_init: use shared buffers    = true
ggml_metal_device_init: recommendedMaxWorkingSetSize  = 25769.80 MB
llama_model_loader: loaded meta data with 26 key-value pairs and 291 tensors from /private/tmp/ferrum-phase5-qwen-gguf-lower/qwen2.5-0.5b-instruct-q4_k_m.gguf (version GGUF V3 (latest))
llama_model_loader: Dumping metadata keys/values. Note: KV overrides do not apply in this output.
llama_model_loader: - kv   0:                       general.architecture str              = qwen2
llama_model_loader: - kv   1:                               general.type str              = model
llama_model_loader: - kv   2:                               general.name str              = qwen2.5-0.5b-instruct
llama_model_loader: - kv   3:                            general.version str              = v0.1
llama_model_loader: - kv   4:                           general.finetune str              = qwen2.5-0.5b-instruct
llama_model_loader: - kv   5:                         general.size_label str              = 630M
llama_model_loader: - kv   6:                          qwen2.block_count u32              = 24
llama_model_loader: - kv   7:                       qwen2.context_length u32              = 32768
llama_model_loader: - kv   8:                     qwen2.embedding_length u32              = 896
llama_model_loader: - kv   9:                  qwen2.feed_forward_length u32              = 4864
llama_model_loader: - kv  10:                 qwen2.attention.head_count u32              = 14
llama_model_loader: - kv  11:              qwen2.attention.head_count_kv u32              = 2
llama_model_loader: - kv  12:                       qwen2.rope.freq_base f32              = 1000000.000000
llama_model_loader: - kv  13:     qwen2.attention.layer_norm_rms_epsilon f32              = 0.000001
llama_model_loader: - kv  14:                          general.file_type u32              = 15
llama_model_loader: - kv  15:                       tokenizer.ggml.model str              = gpt2
llama_model_loader: - kv  16:                         tokenizer.ggml.pre str              = qwen2
llama_model_loader: - kv  17:                      tokenizer.ggml.tokens arr[str,151936]  = ["!", "\"", "#", "$", "%", "&", "'", ...
llama_model_loader: - kv  18:                  tokenizer.ggml.token_type arr[i32,151936]  = [1, 1, 1, 1, 1, 1, 1, 1, 1, 1, 1, 1, ...
llama_model_loader: - kv  19:                      tokenizer.ggml.merges arr[str,151387]  = ["Ġ Ġ", "ĠĠ ĠĠ", "i n", "Ġ t",...
llama_model_loader: - kv  20:                tokenizer.ggml.eos_token_id u32              = 151645
llama_model_loader: - kv  21:            tokenizer.ggml.padding_token_id u32              = 151643
llama_model_loader: - kv  22:                tokenizer.ggml.bos_token_id u32              = 151643
llama_model_loader: - kv  23:               tokenizer.ggml.add_bos_token bool             = false
llama_model_loader: - kv  24:                    tokenizer.chat_template str              = {%- if tools %}\n    {{- '<|im_start|>...
llama_model_loader: - kv  25:               general.quantization_version u32              = 2
llama_model_loader: - type  f32:  121 tensors
llama_model_loader: - type q5_0:  133 tensors
llama_model_loader: - type q8_0:   13 tensors
llama_model_loader: - type q4_K:   12 tensors
llama_model_loader: - type q6_K:   12 tensors
print_info: file format = GGUF V3 (latest)
print_info: file type   = Q4_K - Medium
print_info: file size   = 462.96 MiB (6.16 BPW) 
llama_prepare_model_devices: using device MTL0 (Apple M5) (unknown id) - 24575 MiB free
init_tokenizer: initializing tokenizer for type 2
load: 0 unused tokens
load: control token: 151659 '<|fim_prefix|>' is not marked as EOG
load: control token: 151656 '<|video_pad|>' is not marked as EOG
load: control token: 151655 '<|image_pad|>' is not marked as EOG
load: control token: 151653 '<|vision_end|>' is not marked as EOG
load: control token: 151652 '<|vision_start|>' is not marked as EOG
load: control token: 151651 '<|quad_end|>' is not marked as EOG
load: control token: 151649 '<|box_end|>' is not marked as EOG
load: control token: 151648 '<|box_start|>' is not marked as EOG
load: control token: 151646 '<|object_ref_start|>' is not marked as EOG
load: control token: 151644 '<|im_start|>' is not marked as EOG
load: control token: 151661 '<|fim_suffix|>' is not marked as EOG
load: control token: 151647 '<|object_ref_end|>' is not marked as EOG
load: control-looking token: 128247 '</s>' was not control-type; this is probably a bug in the model. its type will be overridden
load: control token: 151660 '<|fim_middle|>' is not marked as EOG
load: control token: 151654 '<|vision_pad|>' is not marked as EOG
load: control token: 151650 '<|quad_start|>' is not marked as EOG
load: printing all EOG tokens:
load:   - 128247 ('</s>')
load:   - 151643 ('<|endoftext|>')
load:   - 151645 ('<|im_end|>')
load:   - 151662 ('<|fim_pad|>')
load:   - 151663 ('<|repo_name|>')
load:   - 151664 ('<|file_sep|>')
load: special tokens cache size = 23
load: token to piece cache size = 0.9310 MB
print_info: arch                  = qwen2
print_info: vocab_only            = 0
print_info: no_alloc              = 0
print_info: n_ctx_train           = 32768
print_info: n_embd_inp            = 896
print_info: n_embd                = 896
print_info: n_embd_out            = 896
print_info: n_layer               = 24
print_info: n_layer_all           = 24
print_info: n_head                = 14
print_info: n_head_kv             = 2
print_info: n_rot                 = 64
print_info: n_swa                 = 0
print_info: is_swa_any            = 0
print_info: non_causal_type       = 0
print_info: n_embd_head_k         = 64
print_info: n_embd_head_v         = 64
print_info: n_gqa                 = 7
print_info: n_embd_k_gqa          = 128
print_info: n_embd_v_gqa          = 128
print_info: f_norm_eps            = 0.0e+00
print_info: f_norm_rms_eps        = 1.0e-06
print_info: f_clamp_kqv           = 0.0e+00
print_info: f_max_alibi_bias      = 0.0e+00
print_info: f_logit_scale         = 0.0e+00
print_info: f_attn_scale          = 0.0e+00
print_info: f_attn_value_scale    = 0.0000
print_info: n_ff                  = 4864
print_info: n_expert              = 0
print_info: n_expert_used         = 0
print_info: n_expert_groups       = 0
print_info: n_group_used          = 0
print_info: causal attn           = 1
print_info: pooling type          = -1
print_info: rope type             = 2
print_info: rope scaling          = linear
print_info: freq_base_train       = 1000000.0
print_info: freq_scale_train      = 1
print_info: n_ctx_orig_yarn       = 32768
print_info: rope_yarn_log_mul     = 0.0000
print_info: rope_finetuned        = unknown
print_info: model type            = 1B
print_info: model params          = 630.17 M
print_info: general.name          = qwen2.5-0.5b-instruct
print_info: vocab type            = BPE
print_info: n_vocab               = 151936
print_info: n_merges              = 151387
print_info: BOS token             = 151643 '<|endoftext|>'
print_info: EOS token             = 151645 '<|im_end|>'
print_info: EOT token             = 151645 '<|im_end|>'
print_info: PAD token             = 151643 '<|endoftext|>'
print_info: LF token              = 198 'Ċ'
print_info: FIM PRE token         = 151659 '<|fim_prefix|>'
print_info: FIM SUF token         = 151661 '<|fim_suffix|>'
print_info: FIM MID token         = 151660 '<|fim_middle|>'
print_info: FIM PAD token         = 151662 '<|fim_pad|>'
print_info: FIM REP token         = 151663 '<|repo_name|>'
print_info: FIM SEP token         = 151664 '<|file_sep|>'
print_info: EOG token             = 128247 '</s>'
print_info: EOG token             = 151643 '<|endoftext|>'
print_info: EOG token             = 151645 '<|im_end|>'
print_info: EOG token             = 151662 '<|fim_pad|>'
print_info: EOG token             = 151663 '<|repo_name|>'
print_info: EOG token             = 151664 '<|file_sep|>'
print_info: max token length      = 256
load_tensors: loading model tensors, this can take a while... (load_mode = mmap)
load_tensors: layer   0 assigned to device MTL0, is_swa = 0
load_tensors: layer   1 assigned to device MTL0, is_swa = 0
load_tensors: layer   2 assigned to device MTL0, is_swa = 0
load_tensors: layer   3 assigned to device MTL0, is_swa = 0
load_tensors: layer   4 assigned to device MTL0, is_swa = 0
load_tensors: layer   5 assigned to device MTL0, is_swa = 0
load_tensors: layer   6 assigned to device MTL0, is_swa = 0
load_tensors: layer   7 assigned to device MTL0, is_swa = 0
load_tensors: layer   8 assigned to device MTL0, is_swa = 0
load_tensors: layer   9 assigned to device MTL0, is_swa = 0
load_tensors: layer  10 assigned to device MTL0, is_swa = 0
load_tensors: layer  11 assigned to device MTL0, is_swa = 0
load_tensors: layer  12 assigned to device MTL0, is_swa = 0
load_tensors: layer  13 assigned to device MTL0, is_swa = 0
load_tensors: layer  14 assigned to device MTL0, is_swa = 0
load_tensors: layer  15 assigned to device MTL0, is_swa = 0
load_tensors: layer  16 assigned to device MTL0, is_swa = 0
load_tensors: layer  17 assigned to device MTL0, is_swa = 0
load_tensors: layer  18 assigned to device MTL0, is_swa = 0
load_tensors: layer  19 assigned to device MTL0, is_swa = 0
load_tensors: layer  20 assigned to device MTL0, is_swa = 0
load_tensors: layer  21 assigned to device MTL0, is_swa = 0
load_tensors: layer  22 assigned to device MTL0, is_swa = 0
load_tensors: layer  23 assigned to device MTL0, is_swa = 0
load_tensors: layer  24 assigned to device MTL0, is_swa = 0
create_tensor: loading tensor token_embd.weight
create_tensor: loading tensor output_norm.weight
create_tensor: loading tensor output.weight
create_tensor: loading tensor output.bias
create_tensor: loading tensor blk.0.attn_norm.weight
create_tensor: loading tensor blk.0.attn_qkv.weight
create_tensor: loading tensor blk.0.attn_q.weight
create_tensor: loading tensor blk.0.attn_k.weight
create_tensor: loading tensor blk.0.attn_v.weight
create_tensor: loading tensor blk.0.attn_q.bias
create_tensor: loading tensor blk.0.attn_k.bias
create_tensor: loading tensor blk.0.attn_v.bias
create_tensor: loading tensor blk.0.attn_output.weight
create_tensor: loading tensor blk.0.ffn_norm.weight
create_tensor: loading tensor blk.0.ffn_gate.weight
create_tensor: loading tensor blk.0.ffn_down.weight
create_tensor: loading tensor blk.0.ffn_up.weight
create_tensor: loading tensor blk.1.attn_norm.weight
create_tensor: loading tensor blk.1.attn_qkv.weight
create_tensor: loading tensor blk.1.attn_q.weight
create_tensor: loading tensor blk.1.attn_k.weight
create_tensor: loading tensor blk.1.attn_v.weight
create_tensor: loading tensor blk.1.attn_q.bias
create_tensor: loading tensor blk.1.attn_k.bias
create_tensor: loading tensor blk.1.attn_v.bias
create_tensor: loading tensor blk.1.attn_output.weight
create_tensor: loading tensor blk.1.ffn_norm.weight
create_tensor: loading tensor blk.1.ffn_gate.weight
create_tensor: loading tensor blk.1.ffn_down.weight
create_tensor: loading tensor blk.1.ffn_up.weight
create_tensor: loading tensor blk.2.attn_norm.weight
create_tensor: loading tensor blk.2.attn_qkv.weight
create_tensor: loading tensor blk.2.attn_q.weight
create_tensor: loading tensor blk.2.attn_k.weight
create_tensor: loading tensor blk.2.attn_v.weight
create_tensor: loading tensor blk.2.attn_q.bias
create_tensor: loading tensor blk.2.attn_k.bias
create_tensor: loading tensor blk.2.attn_v.bias
create_tensor: loading tensor blk.2.attn_output.weight
create_tensor: loading tensor blk.2.ffn_norm.weight
create_tensor: loading tensor blk.2.ffn_gate.weight
create_tensor: loading tensor blk.2.ffn_down.weight
create_tensor: loading tensor blk.2.ffn_up.weight
create_tensor: loading tensor blk.3.attn_norm.weight
create_tensor: loading tensor blk.3.attn_qkv.weight
create_tensor: loading tensor blk.3.attn_q.weight
create_tensor: loading tensor blk.3.attn_k.weight
create_tensor: loading tensor blk.3.attn_v.weight
create_tensor: loading tensor blk.3.attn_q.bias
create_tensor: loading tensor blk.3.attn_k.bias
create_tensor: loading tensor blk.3.attn_v.bias
create_tensor: loading tensor blk.3.attn_output.weight
create_tensor: loading tensor blk.3.ffn_norm.weight
create_tensor: loading tensor blk.3.ffn_gate.weight
create_tensor: loading tensor blk.3.ffn_down.weight
create_tensor: loading tensor blk.3.ffn_up.weight
create_tensor: loading tensor blk.4.attn_norm.weight
create_tensor: loading tensor blk.4.attn_qkv.weight
create_tensor: loading tensor blk.4.attn_q.weight
create_tensor: loading tensor blk.4.attn_k.weight
create_tensor: loading tensor blk.4.attn_v.weight
create_tensor: loading tensor blk.4.attn_q.bias
create_tensor: loading tensor blk.4.attn_k.bias
create_tensor: loading tensor blk.4.attn_v.bias
create_tensor: loading tensor blk.4.attn_output.weight
create_tensor: loading tensor blk.4.ffn_norm.weight
create_tensor: loading tensor blk.4.ffn_gate.weight
create_tensor: loading tensor blk.4.ffn_down.weight
create_tensor: loading tensor blk.4.ffn_up.weight
create_tensor: loading tensor blk.5.attn_norm.weight
create_tensor: loading tensor blk.5.attn_qkv.weight
create_tensor: loading tensor blk.5.attn_q.weight
create_tensor: loading tensor blk.5.attn_k.weight
create_tensor: loading tensor blk.5.attn_v.weight
create_tensor: loading tensor blk.5.attn_q.bias
create_tensor: loading tensor blk.5.attn_k.bias
create_tensor: loading tensor blk.5.attn_v.bias
create_tensor: loading tensor blk.5.attn_output.weight
create_tensor: loading tensor blk.5.ffn_norm.weight
create_tensor: loading tensor blk.5.ffn_gate.weight
create_tensor: loading tensor blk.5.ffn_down.weight
create_tensor: loading tensor blk.5.ffn_up.weight
create_tensor: loading tensor blk.6.attn_norm.weight
create_tensor: loading tensor blk.6.attn_qkv.weight
create_tensor: loading tensor blk.6.attn_q.weight
create_tensor: loading tensor blk.6.attn_k.weight
create_tensor: loading tensor blk.6.attn_v.weight
create_tensor: loading tensor blk.6.attn_q.bias
create_tensor: loading tensor blk.6.attn_k.bias
create_tensor: loading tensor blk.6.attn_v.bias
create_tensor: loading tensor blk.6.attn_output.weight
create_tensor: loading tensor blk.6.ffn_norm.weight
create_tensor: loading tensor blk.6.ffn_gate.weight
create_tensor: loading tensor blk.6.ffn_down.weight
create_tensor: loading tensor blk.6.ffn_up.weight
create_tensor: loading tensor blk.7.attn_norm.weight
create_tensor: loading tensor blk.7.attn_qkv.weight
create_tensor: loading tensor blk.7.attn_q.weight
create_tensor: loading tensor blk.7.attn_k.weight
create_tensor: loading tensor blk.7.attn_v.weight
create_tensor: loading tensor blk.7.attn_q.bias
create_tensor: loading tensor blk.7.attn_k.bias
create_tensor: loading tensor blk.7.attn_v.bias
create_tensor: loading tensor blk.7.attn_output.weight
create_tensor: loading tensor blk.7.ffn_norm.weight
create_tensor: loading tensor blk.7.ffn_gate.weight
create_tensor: loading tensor blk.7.ffn_down.weight
create_tensor: loading tensor blk.7.ffn_up.weight
create_tensor: loading tensor blk.8.attn_norm.weight
create_tensor: loading tensor blk.8.attn_qkv.weight
create_tensor: loading tensor blk.8.attn_q.weight
create_tensor: loading tensor blk.8.attn_k.weight
create_tensor: loading tensor blk.8.attn_v.weight
create_tensor: loading tensor blk.8.attn_q.bias
create_tensor: loading tensor blk.8.attn_k.bias
create_tensor: loading tensor blk.8.attn_v.bias
create_tensor: loading tensor blk.8.attn_output.weight
create_tensor: loading tensor blk.8.ffn_norm.weight
create_tensor: loading tensor blk.8.ffn_gate.weight
create_tensor: loading tensor blk.8.ffn_down.weight
create_tensor: loading tensor blk.8.ffn_up.weight
create_tensor: loading tensor blk.9.attn_norm.weight
create_tensor: loading tensor blk.9.attn_qkv.weight
create_tensor: loading tensor blk.9.attn_q.weight
create_tensor: loading tensor blk.9.attn_k.weight
create_tensor: loading tensor blk.9.attn_v.weight
create_tensor: loading tensor blk.9.attn_q.bias
create_tensor: loading tensor blk.9.attn_k.bias
create_tensor: loading tensor blk.9.attn_v.bias
create_tensor: loading tensor blk.9.attn_output.weight
create_tensor: loading tensor blk.9.ffn_norm.weight
create_tensor: loading tensor blk.9.ffn_gate.weight
create_tensor: loading tensor blk.9.ffn_down.weight
create_tensor: loading tensor blk.9.ffn_up.weight
create_tensor: loading tensor blk.10.attn_norm.weight
create_tensor: loading tensor blk.10.attn_qkv.weight
create_tensor: loading tensor blk.10.attn_q.weight
create_tensor: loading tensor blk.10.attn_k.weight
create_tensor: loading tensor blk.10.attn_v.weight
create_tensor: loading tensor blk.10.attn_q.bias
create_tensor: loading tensor blk.10.attn_k.bias
create_tensor: loading tensor blk.10.attn_v.bias
create_tensor: loading tensor blk.10.attn_output.weight
create_tensor: loading tensor blk.10.ffn_norm.weight
create_tensor: loading tensor blk.10.ffn_gate.weight
create_tensor: loading tensor blk.10.ffn_down.weight
create_tensor: loading tensor blk.10.ffn_up.weight
create_tensor: loading tensor blk.11.attn_norm.weight
create_tensor: loading tensor blk.11.attn_qkv.weight
create_tensor: loading tensor blk.11.attn_q.weight
create_tensor: loading tensor blk.11.attn_k.weight
create_tensor: loading tensor blk.11.attn_v.weight
create_tensor: loading tensor blk.11.attn_q.bias
create_tensor: loading tensor blk.11.attn_k.bias
create_tensor: loading tensor blk.11.attn_v.bias
create_tensor: loading tensor blk.11.attn_output.weight
create_tensor: loading tensor blk.11.ffn_norm.weight
create_tensor: loading tensor blk.11.ffn_gate.weight
create_tensor: loading tensor blk.11.ffn_down.weight
create_tensor: loading tensor blk.11.ffn_up.weight
create_tensor: loading tensor blk.12.attn_norm.weight
create_tensor: loading tensor blk.12.attn_qkv.weight
create_tensor: loading tensor blk.12.attn_q.weight
create_tensor: loading tensor blk.12.attn_k.weight
create_tensor: loading tensor blk.12.attn_v.weight
create_tensor: loading tensor blk.12.attn_q.bias
create_tensor: loading tensor blk.12.attn_k.bias
create_tensor: loading tensor blk.12.attn_v.bias
create_tensor: loading tensor blk.12.attn_output.weight
create_tensor: loading tensor blk.12.ffn_norm.weight
create_tensor: loading tensor blk.12.ffn_gate.weight
create_tensor: loading tensor blk.12.ffn_down.weight
create_tensor: loading tensor blk.12.ffn_up.weight
create_tensor: loading tensor blk.13.attn_norm.weight
create_tensor: loading tensor blk.13.attn_qkv.weight
create_tensor: loading tensor blk.13.attn_q.weight
create_tensor: loading tensor blk.13.attn_k.weight
create_tensor: loading tensor blk.13.attn_v.weight
create_tensor: loading tensor blk.13.attn_q.bias
create_tensor: loading tensor blk.13.attn_k.bias
create_tensor: loading tensor blk.13.attn_v.bias
create_tensor: loading tensor blk.13.attn_output.weight
create_tensor: loading tensor blk.13.ffn_norm.weight
create_tensor: loading tensor blk.13.ffn_gate.weight
create_tensor: loading tensor blk.13.ffn_down.weight
create_tensor: loading tensor blk.13.ffn_up.weight
create_tensor: loading tensor blk.14.attn_norm.weight
create_tensor: loading tensor blk.14.attn_qkv.weight
create_tensor: loading tensor blk.14.attn_q.weight
create_tensor: loading tensor blk.14.attn_k.weight
create_tensor: loading tensor blk.14.attn_v.weight
create_tensor: loading tensor blk.14.attn_q.bias
create_tensor: loading tensor blk.14.attn_k.bias
create_tensor: loading tensor blk.14.attn_v.bias
create_tensor: loading tensor blk.14.attn_output.weight
create_tensor: loading tensor blk.14.ffn_norm.weight
create_tensor: loading tensor blk.14.ffn_gate.weight
create_tensor: loading tensor blk.14.ffn_down.weight
create_tensor: loading tensor blk.14.ffn_up.weight
create_tensor: loading tensor blk.15.attn_norm.weight
create_tensor: loading tensor blk.15.attn_qkv.weight
create_tensor: loading tensor blk.15.attn_q.weight
create_tensor: loading tensor blk.15.attn_k.weight
create_tensor: loading tensor blk.15.attn_v.weight
create_tensor: loading tensor blk.15.attn_q.bias
create_tensor: loading tensor blk.15.attn_k.bias
create_tensor: loading tensor blk.15.attn_v.bias
create_tensor: loading tensor blk.15.attn_output.weight
create_tensor: loading tensor blk.15.ffn_norm.weight
create_tensor: loading tensor blk.15.ffn_gate.weight
create_tensor: loading tensor blk.15.ffn_down.weight
create_tensor: loading tensor blk.15.ffn_up.weight
create_tensor: loading tensor blk.16.attn_norm.weight
create_tensor: loading tensor blk.16.attn_qkv.weight
create_tensor: loading tensor blk.16.attn_q.weight
create_tensor: loading tensor blk.16.attn_k.weight
create_tensor: loading tensor blk.16.attn_v.weight
create_tensor: loading tensor blk.16.attn_q.bias
create_tensor: loading tensor blk.16.attn_k.bias
create_tensor: loading tensor blk.16.attn_v.bias
create_tensor: loading tensor blk.16.attn_output.weight
create_tensor: loading tensor blk.16.ffn_norm.weight
create_tensor: loading tensor blk.16.ffn_gate.weight
create_tensor: loading tensor blk.16.ffn_down.weight
create_tensor: loading tensor blk.16.ffn_up.weight
create_tensor: loading tensor blk.17.attn_norm.weight
create_tensor: loading tensor blk.17.attn_qkv.weight
create_tensor: loading tensor blk.17.attn_q.weight
create_tensor: loading tensor blk.17.attn_k.weight
create_tensor: loading tensor blk.17.attn_v.weight
create_tensor: loading tensor blk.17.attn_q.bias
create_tensor: loading tensor blk.17.attn_k.bias
create_tensor: loading tensor blk.17.attn_v.bias
create_tensor: loading tensor blk.17.attn_output.weight
create_tensor: loading tensor blk.17.ffn_norm.weight
create_tensor: loading tensor blk.17.ffn_gate.weight
create_tensor: loading tensor blk.17.ffn_down.weight
create_tensor: loading tensor blk.17.ffn_up.weight
create_tensor: loading tensor blk.18.attn_norm.weight
create_tensor: loading tensor blk.18.attn_qkv.weight
create_tensor: loading tensor blk.18.attn_q.weight
create_tensor: loading tensor blk.18.attn_k.weight
create_tensor: loading tensor blk.18.attn_v.weight
create_tensor: loading tensor blk.18.attn_q.bias
create_tensor: loading tensor blk.18.attn_k.bias
create_tensor: loading tensor blk.18.attn_v.bias
create_tensor: loading tensor blk.18.attn_output.weight
create_tensor: loading tensor blk.18.ffn_norm.weight
create_tensor: loading tensor blk.18.ffn_gate.weight
create_tensor: loading tensor blk.18.ffn_down.weight
create_tensor: loading tensor blk.18.ffn_up.weight
create_tensor: loading tensor blk.19.attn_norm.weight
create_tensor: loading tensor blk.19.attn_qkv.weight
create_tensor: loading tensor blk.19.attn_q.weight
create_tensor: loading tensor blk.19.attn_k.weight
create_tensor: loading tensor blk.19.attn_v.weight
create_tensor: loading tensor blk.19.attn_q.bias
create_tensor: loading tensor blk.19.attn_k.bias
create_tensor: loading tensor blk.19.attn_v.bias
create_tensor: loading tensor blk.19.attn_output.weight
create_tensor: loading tensor blk.19.ffn_norm.weight
create_tensor: loading tensor blk.19.ffn_gate.weight
create_tensor: loading tensor blk.19.ffn_down.weight
create_tensor: loading tensor blk.19.ffn_up.weight
create_tensor: loading tensor blk.20.attn_norm.weight
create_tensor: loading tensor blk.20.attn_qkv.weight
create_tensor: loading tensor blk.20.attn_q.weight
create_tensor: loading tensor blk.20.attn_k.weight
create_tensor: loading tensor blk.20.attn_v.weight
create_tensor: loading tensor blk.20.attn_q.bias
create_tensor: loading tensor blk.20.attn_k.bias
create_tensor: loading tensor blk.20.attn_v.bias
create_tensor: loading tensor blk.20.attn_output.weight
create_tensor: loading tensor blk.20.ffn_norm.weight
create_tensor: loading tensor blk.20.ffn_gate.weight
create_tensor: loading tensor blk.20.ffn_down.weight
create_tensor: loading tensor blk.20.ffn_up.weight
create_tensor: loading tensor blk.21.attn_norm.weight
create_tensor: loading tensor blk.21.attn_qkv.weight
create_tensor: loading tensor blk.21.attn_q.weight
create_tensor: loading tensor blk.21.attn_k.weight
create_tensor: loading tensor blk.21.attn_v.weight
create_tensor: loading tensor blk.21.attn_q.bias
create_tensor: loading tensor blk.21.attn_k.bias
create_tensor: loading tensor blk.21.attn_v.bias
create_tensor: loading tensor blk.21.attn_output.weight
create_tensor: loading tensor blk.21.ffn_norm.weight
create_tensor: loading tensor blk.21.ffn_gate.weight
create_tensor: loading tensor blk.21.ffn_down.weight
create_tensor: loading tensor blk.21.ffn_up.weight
create_tensor: loading tensor blk.22.attn_norm.weight
create_tensor: loading tensor blk.22.attn_qkv.weight
create_tensor: loading tensor blk.22.attn_q.weight
create_tensor: loading tensor blk.22.attn_k.weight
create_tensor: loading tensor blk.22.attn_v.weight
create_tensor: loading tensor blk.22.attn_q.bias
create_tensor: loading tensor blk.22.attn_k.bias
create_tensor: loading tensor blk.22.attn_v.bias
create_tensor: loading tensor blk.22.attn_output.weight
create_tensor: loading tensor blk.22.ffn_norm.weight
create_tensor: loading tensor blk.22.ffn_gate.weight
create_tensor: loading tensor blk.22.ffn_down.weight
create_tensor: loading tensor blk.22.ffn_up.weight
create_tensor: loading tensor blk.23.attn_norm.weight
create_tensor: loading tensor blk.23.attn_qkv.weight
create_tensor: loading tensor blk.23.attn_q.weight
create_tensor: loading tensor blk.23.attn_k.weight
create_tensor: loading tensor blk.23.attn_v.weight
create_tensor: loading tensor blk.23.attn_q.bias
create_tensor: loading tensor blk.23.attn_k.bias
create_tensor: loading tensor blk.23.attn_v.bias
create_tensor: loading tensor blk.23.attn_output.weight
create_tensor: loading tensor blk.23.ffn_norm.weight
create_tensor: loading tensor blk.23.ffn_gate.weight
create_tensor: loading tensor blk.23.ffn_down.weight
create_tensor: loading tensor blk.23.ffn_up.weight
create_tensor: loading tensor blk.0.attn_q.scale
create_tensor: loading tensor blk.0.attn_k.scale
create_tensor: loading tensor blk.0.attn_v.scale
create_tensor: loading tensor blk.0.attn_output.scale
create_tensor: loading tensor blk.0.ffn_gate.scale
create_tensor: loading tensor blk.0.ffn_down.scale
create_tensor: loading tensor blk.0.ffn_up.scale
create_tensor: loading tensor blk.0.attn_q.input_scale
create_tensor: loading tensor blk.0.attn_k.input_scale
create_tensor: loading tensor blk.0.attn_v.input_scale
create_tensor: loading tensor blk.0.attn_output.input_scale
create_tensor: loading tensor blk.0.ffn_gate.input_scale
create_tensor: loading tensor blk.0.ffn_down.input_scale
create_tensor: loading tensor blk.0.ffn_up.input_scale
create_tensor: loading tensor blk.1.attn_q.scale
create_tensor: loading tensor blk.1.attn_k.scale
create_tensor: loading tensor blk.1.attn_v.scale
create_tensor: loading tensor blk.1.attn_output.scale
create_tensor: loading tensor blk.1.ffn_gate.scale
create_tensor: loading tensor blk.1.ffn_down.scale
create_tensor: loading tensor blk.1.ffn_up.scale
create_tensor: loading tensor blk.1.attn_q.input_scale
create_tensor: loading tensor blk.1.attn_k.input_scale
create_tensor: loading tensor blk.1.attn_v.input_scale
create_tensor: loading tensor blk.1.attn_output.input_scale
create_tensor: loading tensor blk.1.ffn_gate.input_scale
create_tensor: loading tensor blk.1.ffn_down.input_scale
create_tensor: loading tensor blk.1.ffn_up.input_scale
create_tensor: loading tensor blk.2.attn_q.scale
create_tensor: loading tensor blk.2.attn_k.scale
create_tensor: loading tensor blk.2.attn_v.scale
create_tensor: loading tensor blk.2.attn_output.scale
create_tensor: loading tensor blk.2.ffn_gate.scale
create_tensor: loading tensor blk.2.ffn_down.scale
create_tensor: loading tensor blk.2.ffn_up.scale
create_tensor: loading tensor blk.2.attn_q.input_scale
create_tensor: loading tensor blk.2.attn_k.input_scale
create_tensor: loading tensor blk.2.attn_v.input_scale
create_tensor: loading tensor blk.2.attn_output.input_scale
create_tensor: loading tensor blk.2.ffn_gate.input_scale
create_tensor: loading tensor blk.2.ffn_down.input_scale
create_tensor: loading tensor blk.2.ffn_up.input_scale
create_tensor: loading tensor blk.3.attn_q.scale
create_tensor: loading tensor blk.3.attn_k.scale
create_tensor: loading tensor blk.3.attn_v.scale
create_tensor: loading tensor blk.3.attn_output.scale
create_tensor: loading tensor blk.3.ffn_gate.scale
create_tensor: loading tensor blk.3.ffn_down.scale
create_tensor: loading tensor blk.3.ffn_up.scale
create_tensor: loading tensor blk.3.attn_q.input_scale
create_tensor: loading tensor blk.3.attn_k.input_scale
create_tensor: loading tensor blk.3.attn_v.input_scale
create_tensor: loading tensor blk.3.attn_output.input_scale
create_tensor: loading tensor blk.3.ffn_gate.input_scale
create_tensor: loading tensor blk.3.ffn_down.input_scale
create_tensor: loading tensor blk.3.ffn_up.input_scale
create_tensor: loading tensor blk.4.attn_q.scale
create_tensor: loading tensor blk.4.attn_k.scale
create_tensor: loading tensor blk.4.attn_v.scale
create_tensor: loading tensor blk.4.attn_output.scale
create_tensor: loading tensor blk.4.ffn_gate.scale
create_tensor: loading tensor blk.4.ffn_down.scale
create_tensor: loading tensor blk.4.ffn_up.scale
create_tensor: loading tensor blk.4.attn_q.input_scale
create_tensor: loading tensor blk.4.attn_k.input_scale
create_tensor: loading tensor blk.4.attn_v.input_scale
create_tensor: loading tensor blk.4.attn_output.input_scale
create_tensor: loading tensor blk.4.ffn_gate.input_scale
create_tensor: loading tensor blk.4.ffn_down.input_scale
create_tensor: loading tensor blk.4.ffn_up.input_scale
create_tensor: loading tensor blk.5.attn_q.scale
create_tensor: loading tensor blk.5.attn_k.scale
create_tensor: loading tensor blk.5.attn_v.scale
create_tensor: loading tensor blk.5.attn_output.scale
create_tensor: loading tensor blk.5.ffn_gate.scale
create_tensor: loading tensor blk.5.ffn_down.scale
create_tensor: loading tensor blk.5.ffn_up.scale
create_tensor: loading tensor blk.5.attn_q.input_scale
create_tensor: loading tensor blk.5.attn_k.input_scale
create_tensor: loading tensor blk.5.attn_v.input_scale
create_tensor: loading tensor blk.5.attn_output.input_scale
create_tensor: loading tensor blk.5.ffn_gate.input_scale
create_tensor: loading tensor blk.5.ffn_down.input_scale
create_tensor: loading tensor blk.5.ffn_up.input_scale
create_tensor: loading tensor blk.6.attn_q.scale
create_tensor: loading tensor blk.6.attn_k.scale
create_tensor: loading tensor blk.6.attn_v.scale
create_tensor: loading tensor blk.6.attn_output.scale
create_tensor: loading tensor blk.6.ffn_gate.scale
create_tensor: loading tensor blk.6.ffn_down.scale
create_tensor: loading tensor blk.6.ffn_up.scale
create_tensor: loading tensor blk.6.attn_q.input_scale
create_tensor: loading tensor blk.6.attn_k.input_scale
create_tensor: loading tensor blk.6.attn_v.input_scale
create_tensor: loading tensor blk.6.attn_output.input_scale
create_tensor: loading tensor blk.6.ffn_gate.input_scale
create_tensor: loading tensor blk.6.ffn_down.input_scale
create_tensor: loading tensor blk.6.ffn_up.input_scale
create_tensor: loading tensor blk.7.attn_q.scale
create_tensor: loading tensor blk.7.attn_k.scale
create_tensor: loading tensor blk.7.attn_v.scale
create_tensor: loading tensor blk.7.attn_output.scale
create_tensor: loading tensor blk.7.ffn_gate.scale
create_tensor: loading tensor blk.7.ffn_down.scale
create_tensor: loading tensor blk.7.ffn_up.scale
create_tensor: loading tensor blk.7.attn_q.input_scale
create_tensor: loading tensor blk.7.attn_k.input_scale
create_tensor: loading tensor blk.7.attn_v.input_scale
create_tensor: loading tensor blk.7.attn_output.input_scale
create_tensor: loading tensor blk.7.ffn_gate.input_scale
create_tensor: loading tensor blk.7.ffn_down.input_scale
create_tensor: loading tensor blk.7.ffn_up.input_scale
create_tensor: loading tensor blk.8.attn_q.scale
create_tensor: loading tensor blk.8.attn_k.scale
create_tensor: loading tensor blk.8.attn_v.scale
create_tensor: loading tensor blk.8.attn_output.scale
create_tensor: loading tensor blk.8.ffn_gate.scale
create_tensor: loading tensor blk.8.ffn_down.scale
create_tensor: loading tensor blk.8.ffn_up.scale
create_tensor: loading tensor blk.8.attn_q.input_scale
create_tensor: loading tensor blk.8.attn_k.input_scale
create_tensor: loading tensor blk.8.attn_v.input_scale
create_tensor: loading tensor blk.8.attn_output.input_scale
create_tensor: loading tensor blk.8.ffn_gate.input_scale
create_tensor: loading tensor blk.8.ffn_down.input_scale
create_tensor: loading tensor blk.8.ffn_up.input_scale
create_tensor: loading tensor blk.9.attn_q.scale
create_tensor: loading tensor blk.9.attn_k.scale
create_tensor: loading tensor blk.9.attn_v.scale
create_tensor: loading tensor blk.9.attn_output.scale
create_tensor: loading tensor blk.9.ffn_gate.scale
create_tensor: loading tensor blk.9.ffn_down.scale
create_tensor: loading tensor blk.9.ffn_up.scale
create_tensor: loading tensor blk.9.attn_q.input_scale
create_tensor: loading tensor blk.9.attn_k.input_scale
create_tensor: loading tensor blk.9.attn_v.input_scale
create_tensor: loading tensor blk.9.attn_output.input_scale
create_tensor: loading tensor blk.9.ffn_gate.input_scale
create_tensor: loading tensor blk.9.ffn_down.input_scale
create_tensor: loading tensor blk.9.ffn_up.input_scale
create_tensor: loading tensor blk.10.attn_q.scale
create_tensor: loading tensor blk.10.attn_k.scale
create_tensor: loading tensor blk.10.attn_v.scale
create_tensor: loading tensor blk.10.attn_output.scale
create_tensor: loading tensor blk.10.ffn_gate.scale
create_tensor: loading tensor blk.10.ffn_down.scale
create_tensor: loading tensor blk.10.ffn_up.scale
create_tensor: loading tensor blk.10.attn_q.input_scale
create_tensor: loading tensor blk.10.attn_k.input_scale
create_tensor: loading tensor blk.10.attn_v.input_scale
create_tensor: loading tensor blk.10.attn_output.input_scale
create_tensor: loading tensor blk.10.ffn_gate.input_scale
create_tensor: loading tensor blk.10.ffn_down.input_scale
create_tensor: loading tensor blk.10.ffn_up.input_scale
create_tensor: loading tensor blk.11.attn_q.scale
create_tensor: loading tensor blk.11.attn_k.scale
create_tensor: loading tensor blk.11.attn_v.scale
create_tensor: loading tensor blk.11.attn_output.scale
create_tensor: loading tensor blk.11.ffn_gate.scale
create_tensor: loading tensor blk.11.ffn_down.scale
create_tensor: loading tensor blk.11.ffn_up.scale
create_tensor: loading tensor blk.11.attn_q.input_scale
create_tensor: loading tensor blk.11.attn_k.input_scale
create_tensor: loading tensor blk.11.attn_v.input_scale
create_tensor: loading tensor blk.11.attn_output.input_scale
create_tensor: loading tensor blk.11.ffn_gate.input_scale
create_tensor: loading tensor blk.11.ffn_down.input_scale
create_tensor: loading tensor blk.11.ffn_up.input_scale
create_tensor: loading tensor blk.12.attn_q.scale
create_tensor: loading tensor blk.12.attn_k.scale
create_tensor: loading tensor blk.12.attn_v.scale
create_tensor: loading tensor blk.12.attn_output.scale
create_tensor: loading tensor blk.12.ffn_gate.scale
create_tensor: loading tensor blk.12.ffn_down.scale
create_tensor: loading tensor blk.12.ffn_up.scale
create_tensor: loading tensor blk.12.attn_q.input_scale
create_tensor: loading tensor blk.12.attn_k.input_scale
create_tensor: loading tensor blk.12.attn_v.input_scale
create_tensor: loading tensor blk.12.attn_output.input_scale
create_tensor: loading tensor blk.12.ffn_gate.input_scale
create_tensor: loading tensor blk.12.ffn_down.input_scale
create_tensor: loading tensor blk.12.ffn_up.input_scale
create_tensor: loading tensor blk.13.attn_q.scale
create_tensor: loading tensor blk.13.attn_k.scale
create_tensor: loading tensor blk.13.attn_v.scale
create_tensor: loading tensor blk.13.attn_output.scale
create_tensor: loading tensor blk.13.ffn_gate.scale
create_tensor: loading tensor blk.13.ffn_down.scale
create_tensor: loading tensor blk.13.ffn_up.scale
create_tensor: loading tensor blk.13.attn_q.input_scale
create_tensor: loading tensor blk.13.attn_k.input_scale
create_tensor: loading tensor blk.13.attn_v.input_scale
create_tensor: loading tensor blk.13.attn_output.input_scale
create_tensor: loading tensor blk.13.ffn_gate.input_scale
create_tensor: loading tensor blk.13.ffn_down.input_scale
create_tensor: loading tensor blk.13.ffn_up.input_scale
create_tensor: loading tensor blk.14.attn_q.scale
create_tensor: loading tensor blk.14.attn_k.scale
create_tensor: loading tensor blk.14.attn_v.scale
create_tensor: loading tensor blk.14.attn_output.scale
create_tensor: loading tensor blk.14.ffn_gate.scale
create_tensor: loading tensor blk.14.ffn_down.scale
create_tensor: loading tensor blk.14.ffn_up.scale
create_tensor: loading tensor blk.14.attn_q.input_scale
create_tensor: loading tensor blk.14.attn_k.input_scale
create_tensor: loading tensor blk.14.attn_v.input_scale
create_tensor: loading tensor blk.14.attn_output.input_scale
create_tensor: loading tensor blk.14.ffn_gate.input_scale
create_tensor: loading tensor blk.14.ffn_down.input_scale
create_tensor: loading tensor blk.14.ffn_up.input_scale
create_tensor: loading tensor blk.15.attn_q.scale
create_tensor: loading tensor blk.15.attn_k.scale
create_tensor: loading tensor blk.15.attn_v.scale
create_tensor: loading tensor blk.15.attn_output.scale
create_tensor: loading tensor blk.15.ffn_gate.scale
create_tensor: loading tensor blk.15.ffn_down.scale
create_tensor: loading tensor blk.15.ffn_up.scale
create_tensor: loading tensor blk.15.attn_q.input_scale
create_tensor: loading tensor blk.15.attn_k.input_scale
create_tensor: loading tensor blk.15.attn_v.input_scale
create_tensor: loading tensor blk.15.attn_output.input_scale
create_tensor: loading tensor blk.15.ffn_gate.input_scale
create_tensor: loading tensor blk.15.ffn_down.input_scale
create_tensor: loading tensor blk.15.ffn_up.input_scale
create_tensor: loading tensor blk.16.attn_q.scale
create_tensor: loading tensor blk.16.attn_k.scale
create_tensor: loading tensor blk.16.attn_v.scale
create_tensor: loading tensor blk.16.attn_output.scale
create_tensor: loading tensor blk.16.ffn_gate.scale
create_tensor: loading tensor blk.16.ffn_down.scale
create_tensor: loading tensor blk.16.ffn_up.scale
create_tensor: loading tensor blk.16.attn_q.input_scale
create_tensor: loading tensor blk.16.attn_k.input_scale
create_tensor: loading tensor blk.16.attn_v.input_scale
create_tensor: loading tensor blk.16.attn_output.input_scale
create_tensor: loading tensor blk.16.ffn_gate.input_scale
create_tensor: loading tensor blk.16.ffn_down.input_scale
create_tensor: loading tensor blk.16.ffn_up.input_scale
create_tensor: loading tensor blk.17.attn_q.scale
create_tensor: loading tensor blk.17.attn_k.scale
create_tensor: loading tensor blk.17.attn_v.scale
create_tensor: loading tensor blk.17.attn_output.scale
create_tensor: loading tensor blk.17.ffn_gate.scale
create_tensor: loading tensor blk.17.ffn_down.scale
create_tensor: loading tensor blk.17.ffn_up.scale
create_tensor: loading tensor blk.17.attn_q.input_scale
create_tensor: loading tensor blk.17.attn_k.input_scale
create_tensor: loading tensor blk.17.attn_v.input_scale
create_tensor: loading tensor blk.17.attn_output.input_scale
create_tensor: loading tensor blk.17.ffn_gate.input_scale
create_tensor: loading tensor blk.17.ffn_down.input_scale
create_tensor: loading tensor blk.17.ffn_up.input_scale
create_tensor: loading tensor blk.18.attn_q.scale
create_tensor: loading tensor blk.18.attn_k.scale
create_tensor: loading tensor blk.18.attn_v.scale
create_tensor: loading tensor blk.18.attn_output.scale
create_tensor: loading tensor blk.18.ffn_gate.scale
create_tensor: loading tensor blk.18.ffn_down.scale
create_tensor: loading tensor blk.18.ffn_up.scale
create_tensor: loading tensor blk.18.attn_q.input_scale
create_tensor: loading tensor blk.18.attn_k.input_scale
create_tensor: loading tensor blk.18.attn_v.input_scale
create_tensor: loading tensor blk.18.attn_output.input_scale
create_tensor: loading tensor blk.18.ffn_gate.input_scale
create_tensor: loading tensor blk.18.ffn_down.input_scale
create_tensor: loading tensor blk.18.ffn_up.input_scale
create_tensor: loading tensor blk.19.attn_q.scale
create_tensor: loading tensor blk.19.attn_k.scale
create_tensor: loading tensor blk.19.attn_v.scale
create_tensor: loading tensor blk.19.attn_output.scale
create_tensor: loading tensor blk.19.ffn_gate.scale
create_tensor: loading tensor blk.19.ffn_down.scale
create_tensor: loading tensor blk.19.ffn_up.scale
create_tensor: loading tensor blk.19.attn_q.input_scale
create_tensor: loading tensor blk.19.attn_k.input_scale
create_tensor: loading tensor blk.19.attn_v.input_scale
create_tensor: loading tensor blk.19.attn_output.input_scale
create_tensor: loading tensor blk.19.ffn_gate.input_scale
create_tensor: loading tensor blk.19.ffn_down.input_scale
create_tensor: loading tensor blk.19.ffn_up.input_scale
create_tensor: loading tensor blk.20.attn_q.scale
create_tensor: loading tensor blk.20.attn_k.scale
create_tensor: loading tensor blk.20.attn_v.scale
create_tensor: loading tensor blk.20.attn_output.scale
create_tensor: loading tensor blk.20.ffn_gate.scale
create_tensor: loading tensor blk.20.ffn_down.scale
create_tensor: loading tensor blk.20.ffn_up.scale
create_tensor: loading tensor blk.20.attn_q.input_scale
create_tensor: loading tensor blk.20.attn_k.input_scale
create_tensor: loading tensor blk.20.attn_v.input_scale
create_tensor: loading tensor blk.20.attn_output.input_scale
create_tensor: loading tensor blk.20.ffn_gate.input_scale
create_tensor: loading tensor blk.20.ffn_down.input_scale
create_tensor: loading tensor blk.20.ffn_up.input_scale
create_tensor: loading tensor blk.21.attn_q.scale
create_tensor: loading tensor blk.21.attn_k.scale
create_tensor: loading tensor blk.21.attn_v.scale
create_tensor: loading tensor blk.21.attn_output.scale
create_tensor: loading tensor blk.21.ffn_gate.scale
create_tensor: loading tensor blk.21.ffn_down.scale
create_tensor: loading tensor blk.21.ffn_up.scale
create_tensor: loading tensor blk.21.attn_q.input_scale
create_tensor: loading tensor blk.21.attn_k.input_scale
create_tensor: loading tensor blk.21.attn_v.input_scale
create_tensor: loading tensor blk.21.attn_output.input_scale
create_tensor: loading tensor blk.21.ffn_gate.input_scale
create_tensor: loading tensor blk.21.ffn_down.input_scale
create_tensor: loading tensor blk.21.ffn_up.input_scale
create_tensor: loading tensor blk.22.attn_q.scale
create_tensor: loading tensor blk.22.attn_k.scale
create_tensor: loading tensor blk.22.attn_v.scale
create_tensor: loading tensor blk.22.attn_output.scale
create_tensor: loading tensor blk.22.ffn_gate.scale
create_tensor: loading tensor blk.22.ffn_down.scale
create_tensor: loading tensor blk.22.ffn_up.scale
create_tensor: loading tensor blk.22.attn_q.input_scale
create_tensor: loading tensor blk.22.attn_k.input_scale
create_tensor: loading tensor blk.22.attn_v.input_scale
create_tensor: loading tensor blk.22.attn_output.input_scale
create_tensor: loading tensor blk.22.ffn_gate.input_scale
create_tensor: loading tensor blk.22.ffn_down.input_scale
create_tensor: loading tensor blk.22.ffn_up.input_scale
create_tensor: loading tensor blk.23.attn_q.scale
create_tensor: loading tensor blk.23.attn_k.scale
create_tensor: loading tensor blk.23.attn_v.scale
create_tensor: loading tensor blk.23.attn_output.scale
create_tensor: loading tensor blk.23.ffn_gate.scale
create_tensor: loading tensor blk.23.ffn_down.scale
create_tensor: loading tensor blk.23.ffn_up.scale
create_tensor: loading tensor blk.23.attn_q.input_scale
create_tensor: loading tensor blk.23.attn_k.input_scale
create_tensor: loading tensor blk.23.attn_v.input_scale
create_tensor: loading tensor blk.23.attn_output.input_scale
create_tensor: loading tensor blk.23.ffn_gate.input_scale
create_tensor: loading tensor blk.23.ffn_down.input_scale
create_tensor: loading tensor blk.23.ffn_up.input_scale
done_getting_tensors: tensor 'token_embd.weight' (q5_0) (and 0 others) cannot be used with preferred buffer type CPU_REPACK, using CPU instead
ggml_metal_log_allocated_size: allocated buffer, size =   462.97 MiB, (  463.41 / 24576.00)
load_tensors: offloading output layer to GPU
load_tensors: offloading 23 repeating layers to GPU
load_tensors: offloaded 25/25 layers to GPU
load_tensors:   CPU_Mapped model buffer size =    89.26 MiB
load_tensors:  MTL0_Mapped model buffer size =   462.96 MiB
.....................................................
llama_context: constructing llama_context
llama_context: n_seq_max             = 1
llama_context: n_ctx                 = 4096
llama_context: n_ctx_seq             = 4096
llama_context: n_batch               = 2048
llama_context: n_ubatch              = 512
llama_context: causal_attn           = 1
llama_context: flash_attn            = enabled
llama_context: kv_unified            = false
llama_context: freq_base             = 1000000.0
llama_context: freq_scale            = 1
llama_context: n_rs_seq              = 0
llama_context: n_outputs_max         = 2048
llama_context: n_outputs_max_per_seq = 1
llama_context: n_ctx_seq (4096) < n_ctx_train (32768) -- the full capacity of the model will not be utilized
ggml_metal_init: allocating
ggml_metal_init: found device: Apple M5
ggml_metal_init: picking default device: Apple M5
ggml_metal_init: use fusion         = true
ggml_metal_init: use concurrency    = true
ggml_metal_init: use graph optimize = true
set_abort_callback: call
llama_context:        CPU  output buffer size =     0.58 MiB
llama_kv_cache: layer   0: dev = MTL0
llama_kv_cache: layer   1: dev = MTL0
llama_kv_cache: layer   2: dev = MTL0
llama_kv_cache: layer   3: dev = MTL0
llama_kv_cache: layer   4: dev = MTL0
llama_kv_cache: layer   5: dev = MTL0
llama_kv_cache: layer   6: dev = MTL0
llama_kv_cache: layer   7: dev = MTL0
llama_kv_cache: layer   8: dev = MTL0
llama_kv_cache: layer   9: dev = MTL0
llama_kv_cache: layer  10: dev = MTL0
llama_kv_cache: layer  11: dev = MTL0
llama_kv_cache: layer  12: dev = MTL0
llama_kv_cache: layer  13: dev = MTL0
llama_kv_cache: layer  14: dev = MTL0
llama_kv_cache: layer  15: dev = MTL0
llama_kv_cache: layer  16: dev = MTL0
llama_kv_cache: layer  17: dev = MTL0
llama_kv_cache: layer  18: dev = MTL0
llama_kv_cache: layer  19: dev = MTL0
llama_kv_cache: layer  20: dev = MTL0
llama_kv_cache: layer  21: dev = MTL0
llama_kv_cache: layer  22: dev = MTL0
llama_kv_cache: layer  23: dev = MTL0
llama_kv_cache:       MTL0 KV buffer size =    48.00 MiB
llama_kv_cache: size =   48.00 MiB (  4096 cells,  24 layers,  1/1 seqs), K (bf16):   24.00 MiB, V (bf16):   24.00 MiB
llama_kv_cache: attn_rot_k = 0, n_embd_head_k_all = 64
llama_kv_cache: attn_rot_v = 0, n_embd_head_k_all = 64
llama_context: enumerating backends
llama_context: backend_ptrs.size() = 3
sched_reserve: reserving ...
sched_reserve: max_nodes = 2328
sched_reserve: reserving full memory module
sched_reserve: worst-case: n_tokens = 512, n_seqs = 1, n_outputs = 1
resolve_fused_ops: resolving fused DeepSeek V4 HC support:
graph_reserve: reserving a graph for ubatch with n_tokens =    1, n_seqs =  1, n_outputs =    1
llama_graph_n_input_tensors: input tensor '                         out_ids' [i32, ne = {     1,     1,     1,     1 }] is used by node 'node_809' (GET_ROWS)
llama_graph_n_input_tensors: input tensor '                         out_ids' [i32, ne = {     1,     1,     1,     1 }] is used by node 'node_810' (GET_ROWS)
llama_graph_n_input_tensors: input tensor '                attn_inp_kq_mask' [f16, ne = {  4096,     1,     1,     1 }] is used by node 'node_24' (FLASH_ATTN_EXT)
llama_graph_n_input_tensors: input tensor '                attn_inp_kq_mask' [f16, ne = {  4096,     1,     1,     1 }] is used by node 'node_58' (FLASH_ATTN_EXT)
llama_graph_n_input_tensors: input tensor '                attn_inp_kq_mask' [f16, ne = {  4096,     1,     1,     1 }] is used by node 'node_92' (FLASH_ATTN_EXT)
llama_graph_n_input_tensors: input tensor '                attn_inp_kq_mask' [f16, ne = {  4096,     1,     1,     1 }] is used by node 'node_126' (FLASH_ATTN_EXT)
llama_graph_n_input_tensors: input tensor '                attn_inp_kq_mask' [f16, ne = {  4096,     1,     1,     1 }] is used by node 'node_160' (FLASH_ATTN_EXT)
llama_graph_n_input_tensors: input tensor '                attn_inp_kq_mask' [f16, ne = {  4096,     1,     1,     1 }] is used by node 'node_194' (FLASH_ATTN_EXT)
llama_graph_n_input_tensors: input tensor '                attn_inp_kq_mask' [f16, ne = {  4096,     1,     1,     1 }] is used by node 'node_228' (FLASH_ATTN_EXT)
llama_graph_n_input_tensors: input tensor '                attn_inp_kq_mask' [f16, ne = {  4096,     1,     1,     1 }] is used by node 'node_262' (FLASH_ATTN_EXT)
llama_graph_n_input_tensors: input tensor '                attn_inp_kq_mask' [f16, ne = {  4096,     1,     1,     1 }] is used by node 'node_296' (FLASH_ATTN_EXT)
llama_graph_n_input_tensors: input tensor '                attn_inp_kq_mask' [f16, ne = {  4096,     1,     1,     1 }] is used by node 'node_330' (FLASH_ATTN_EXT)
llama_graph_n_input_tensors: input tensor '                attn_inp_kq_mask' [f16, ne = {  4096,     1,     1,     1 }] is used by node 'node_364' (FLASH_ATTN_EXT)
llama_graph_n_input_tensors: input tensor '                attn_inp_kq_mask' [f16, ne = {  4096,     1,     1,     1 }] is used by node 'node_398' (FLASH_ATTN_EXT)
llama_graph_n_input_tensors: input tensor '                attn_inp_kq_mask' [f16, ne = {  4096,     1,     1,     1 }] is used by node 'node_432' (FLASH_ATTN_EXT)
llama_graph_n_input_tensors: input tensor '                attn_inp_kq_mask' [f16, ne = {  4096,     1,     1,     1 }] is used by node 'node_466' (FLASH_ATTN_EXT)
llama_graph_n_input_tensors: input tensor '                attn_inp_kq_mask' [f16, ne = {  4096,     1,     1,     1 }] is used by node 'node_500' (FLASH_ATTN_EXT)
llama_graph_n_input_tensors: input tensor '                attn_inp_kq_mask' [f16, ne = {  4096,     1,     1,     1 }] is used by node 'node_534' (FLASH_ATTN_EXT)
llama_graph_n_input_tensors: input tensor '                attn_inp_kq_mask' [f16, ne = {  4096,     1,     1,     1 }] is used by node 'node_568' (FLASH_ATTN_EXT)
llama_graph_n_input_tensors: input tensor '                attn_inp_kq_mask' [f16, ne = {  4096,     1,     1,     1 }] is used by node 'node_602' (FLASH_ATTN_EXT)
llama_graph_n_input_tensors: input tensor '                attn_inp_kq_mask' [f16, ne = {  4096,     1,     1,     1 }] is used by node 'node_636' (FLASH_ATTN_EXT)
llama_graph_n_input_tensors: input tensor '                attn_inp_kq_mask' [f16, ne = {  4096,     1,     1,     1 }] is used by node 'node_670' (FLASH_ATTN_EXT)
llama_graph_n_input_tensors: input tensor '                attn_inp_kq_mask' [f16, ne = {  4096,     1,     1,     1 }] is used by node 'node_704' (FLASH_ATTN_EXT)
llama_graph_n_input_tensors: input tensor '                attn_inp_kq_mask' [f16, ne = {  4096,     1,     1,     1 }] is used by node 'node_738' (FLASH_ATTN_EXT)
llama_graph_n_input_tensors: input tensor '                attn_inp_kq_mask' [f16, ne = {  4096,     1,     1,     1 }] is used by node 'node_772' (FLASH_ATTN_EXT)
llama_graph_n_input_tensors: input tensor '                attn_inp_kq_mask' [f16, ne = {  4096,     1,     1,     1 }] is used by node 'node_806' (FLASH_ATTN_EXT)
llama_graph_n_input_tensors: input tensor '                 attn_inp_v_idxs' [i64, ne = {     1,     1,     1,     1 }] is used by node 'cache_v_l0 (view)' (SET_ROWS)
llama_graph_n_input_tensors: input tensor '                 attn_inp_v_idxs' [i64, ne = {     1,     1,     1,     1 }] is used by node 'cache_v_l1 (view)' (SET_ROWS)
llama_graph_n_input_tensors: input tensor '                 attn_inp_v_idxs' [i64, ne = {     1,     1,     1,     1 }] is used by node 'cache_v_l2 (view)' (SET_ROWS)
llama_graph_n_input_tensors: input tensor '                 attn_inp_v_idxs' [i64, ne = {     1,     1,     1,     1 }] is used by node 'cache_v_l3 (view)' (SET_ROWS)
llama_graph_n_input_tensors: input tensor '                 attn_inp_v_idxs' [i64, ne = {     1,     1,     1,     1 }] is used by node 'cache_v_l4 (view)' (SET_ROWS)
llama_graph_n_input_tensors: input tensor '                 attn_inp_v_idxs' [i64, ne = {     1,     1,     1,     1 }] is used by node 'cache_v_l5 (view)' (SET_ROWS)
llama_graph_n_input_tensors: input tensor '                 attn_inp_v_idxs' [i64, ne = {     1,     1,     1,     1 }] is used by node 'cache_v_l6 (view)' (SET_ROWS)
llama_graph_n_input_tensors: input tensor '                 attn_inp_v_idxs' [i64, ne = {     1,     1,     1,     1 }] is used by node 'cache_v_l7 (view)' (SET_ROWS)
llama_graph_n_input_tensors: input tensor '                 attn_inp_v_idxs' [i64, ne = {     1,     1,     1,     1 }] is used by node 'cache_v_l8 (view)' (SET_ROWS)
llama_graph_n_input_tensors: input tensor '                 attn_inp_v_idxs' [i64, ne = {     1,     1,     1,     1 }] is used by node 'cache_v_l9 (view)' (SET_ROWS)
llama_graph_n_input_tensors: input tensor '                 attn_inp_v_idxs' [i64, ne = {     1,     1,     1,     1 }] is used by node 'cache_v_l10 (view)' (SET_ROWS)
llama_graph_n_input_tensors: input tensor '                 attn_inp_v_idxs' [i64, ne = {     1,     1,     1,     1 }] is used by node 'cache_v_l11 (view)' (SET_ROWS)
llama_graph_n_input_tensors: input tensor '                 attn_inp_v_idxs' [i64, ne = {     1,     1,     1,     1 }] is used by node 'cache_v_l12 (view)' (SET_ROWS)
llama_graph_n_input_tensors: input tensor '                 attn_inp_v_idxs' [i64, ne = {     1,     1,     1,     1 }] is used by node 'cache_v_l13 (view)' (SET_ROWS)
llama_graph_n_input_tensors: input tensor '                 attn_inp_v_idxs' [i64, ne = {     1,     1,     1,     1 }] is used by node 'cache_v_l14 (view)' (SET_ROWS)
llama_graph_n_input_tensors: input tensor '                 attn_inp_v_idxs' [i64, ne = {     1,     1,     1,     1 }] is used by node 'cache_v_l15 (view)' (SET_ROWS)
llama_graph_n_input_tensors: input tensor '                 attn_inp_v_idxs' [i64, ne = {     1,     1,     1,     1 }] is used by node 'cache_v_l16 (view)' (SET_ROWS)
llama_graph_n_input_tensors: input tensor '                 attn_inp_v_idxs' [i64, ne = {     1,     1,     1,     1 }] is used by node 'cache_v_l17 (view)' (SET_ROWS)
llama_graph_n_input_tensors: input tensor '                 attn_inp_v_idxs' [i64, ne = {     1,     1,     1,     1 }] is used by node 'cache_v_l18 (view)' (SET_ROWS)
llama_graph_n_input_tensors: input tensor '                 attn_inp_v_idxs' [i64, ne = {     1,     1,     1,     1 }] is used by node 'cache_v_l19 (view)' (SET_ROWS)
llama_graph_n_input_tensors: input tensor '                 attn_inp_v_idxs' [i64, ne = {     1,     1,     1,     1 }] is used by node 'cache_v_l20 (view)' (SET_ROWS)
llama_graph_n_input_tensors: input tensor '                 attn_inp_v_idxs' [i64, ne = {     1,     1,     1,     1 }] is used by node 'cache_v_l21 (view)' (SET_ROWS)
llama_graph_n_input_tensors: input tensor '                 attn_inp_v_idxs' [i64, ne = {     1,     1,     1,     1 }] is used by node 'cache_v_l22 (view)' (SET_ROWS)
llama_graph_n_input_tensors: input tensor '                 attn_inp_v_idxs' [i64, ne = {     1,     1,     1,     1 }] is used by node 'cache_v_l23 (view)' (SET_ROWS)
llama_graph_n_input_tensors: input tensor '                 attn_inp_k_idxs' [i64, ne = {     1,     1,     1,     1 }] is used by node 'cache_k_l0 (view)' (SET_ROWS)
llama_graph_n_input_tensors: input tensor '                 attn_inp_k_idxs' [i64, ne = {     1,     1,     1,     1 }] is used by node 'cache_k_l1 (view)' (SET_ROWS)
llama_graph_n_input_tensors: input tensor '                 attn_inp_k_idxs' [i64, ne = {     1,     1,     1,     1 }] is used by node 'cache_k_l2 (view)' (SET_ROWS)
llama_graph_n_input_tensors: input tensor '                 attn_inp_k_idxs' [i64, ne = {     1,     1,     1,     1 }] is used by node 'cache_k_l3 (view)' (SET_ROWS)
llama_graph_n_input_tensors: input tensor '                 attn_inp_k_idxs' [i64, ne = {     1,     1,     1,     1 }] is used by node 'cache_k_l4 (view)' (SET_ROWS)
llama_graph_n_input_tensors: input tensor '                 attn_inp_k_idxs' [i64, ne = {     1,     1,     1,     1 }] is used by node 'cache_k_l5 (view)' (SET_ROWS)
llama_graph_n_input_tensors: input tensor '                 attn_inp_k_idxs' [i64, ne = {     1,     1,     1,     1 }] is used by node 'cache_k_l6 (view)' (SET_ROWS)
llama_graph_n_input_tensors: input tensor '                 attn_inp_k_idxs' [i64, ne = {     1,     1,     1,     1 }] is used by node 'cache_k_l7 (view)' (SET_ROWS)
llama_graph_n_input_tensors: input tensor '                 attn_inp_k_idxs' [i64, ne = {     1,     1,     1,     1 }] is used by node 'cache_k_l8 (view)' (SET_ROWS)
llama_graph_n_input_tensors: input tensor '                 attn_inp_k_idxs' [i64, ne = {     1,     1,     1,     1 }] is used by node 'cache_k_l9 (view)' (SET_ROWS)
llama_graph_n_input_tensors: input tensor '                 attn_inp_k_idxs' [i64, ne = {     1,     1,     1,     1 }] is used by node 'cache_k_l10 (view)' (SET_ROWS)
llama_graph_n_input_tensors: input tensor '                 attn_inp_k_idxs' [i64, ne = {     1,     1,     1,     1 }] is used by node 'cache_k_l11 (view)' (SET_ROWS)
llama_graph_n_input_tensors: input tensor '                 attn_inp_k_idxs' [i64, ne = {     1,     1,     1,     1 }] is used by node 'cache_k_l12 (view)' (SET_ROWS)
llama_graph_n_input_tensors: input tensor '                 attn_inp_k_idxs' [i64, ne = {     1,     1,     1,     1 }] is used by node 'cache_k_l13 (view)' (SET_ROWS)
llama_graph_n_input_tensors: input tensor '                 attn_inp_k_idxs' [i64, ne = {     1,     1,     1,     1 }] is used by node 'cache_k_l14 (view)' (SET_ROWS)
llama_graph_n_input_tensors: input tensor '                 attn_inp_k_idxs' [i64, ne = {     1,     1,     1,     1 }] is used by node 'cache_k_l15 (view)' (SET_ROWS)
llama_graph_n_input_tensors: input tensor '                 attn_inp_k_idxs' [i64, ne = {     1,     1,     1,     1 }] is used by node 'cache_k_l16 (view)' (SET_ROWS)
llama_graph_n_input_tensors: input tensor '                 attn_inp_k_idxs' [i64, ne = {     1,     1,     1,     1 }] is used by node 'cache_k_l17 (view)' (SET_ROWS)
llama_graph_n_input_tensors: input tensor '                 attn_inp_k_idxs' [i64, ne = {     1,     1,     1,     1 }] is used by node 'cache_k_l18 (view)' (SET_ROWS)
llama_graph_n_input_tensors: input tensor '                 attn_inp_k_idxs' [i64, ne = {     1,     1,     1,     1 }] is used by node 'cache_k_l19 (view)' (SET_ROWS)
llama_graph_n_input_tensors: input tensor '                 attn_inp_k_idxs' [i64, ne = {     1,     1,     1,     1 }] is used by node 'cache_k_l20 (view)' (SET_ROWS)
llama_graph_n_input_tensors: input tensor '                 attn_inp_k_idxs' [i64, ne = {     1,     1,     1,     1 }] is used by node 'cache_k_l21 (view)' (SET_ROWS)
llama_graph_n_input_tensors: input tensor '                 attn_inp_k_idxs' [i64, ne = {     1,     1,     1,     1 }] is used by node 'cache_k_l22 (view)' (SET_ROWS)
llama_graph_n_input_tensors: input tensor '                 attn_inp_k_idxs' [i64, ne = {     1,     1,     1,     1 }] is used by node 'cache_k_l23 (view)' (SET_ROWS)
llama_graph_n_input_tensors: input tensor '                         inp_pos' [i32, ne = {     1,     1,     1,     1 }] is used by node 'Qcur-0' (ROPE)
llama_graph_n_input_tensors: input tensor '                         inp_pos' [i32, ne = {     1,     1,     1,     1 }] is used by node 'Kcur-0' (ROPE)
llama_graph_n_input_tensors: input tensor '                         inp_pos' [i32, ne = {     1,     1,     1,     1 }] is used by node 'Qcur-1' (ROPE)
llama_graph_n_input_tensors: input tensor '                         inp_pos' [i32, ne = {     1,     1,     1,     1 }] is used by node 'Kcur-1' (ROPE)
llama_graph_n_input_tensors: input tensor '                         inp_pos' [i32, ne = {     1,     1,     1,     1 }] is used by node 'Qcur-2' (ROPE)
llama_graph_n_input_tensors: input tensor '                         inp_pos' [i32, ne = {     1,     1,     1,     1 }] is used by node 'Kcur-2' (ROPE)
llama_graph_n_input_tensors: input tensor '                         inp_pos' [i32, ne = {     1,     1,     1,     1 }] is used by node 'Qcur-3' (ROPE)
llama_graph_n_input_tensors: input tensor '                         inp_pos' [i32, ne = {     1,     1,     1,     1 }] is used by node 'Kcur-3' (ROPE)
llama_graph_n_input_tensors: input tensor '                         inp_pos' [i32, ne = {     1,     1,     1,     1 }] is used by node 'Qcur-4' (ROPE)
llama_graph_n_input_tensors: input tensor '                         inp_pos' [i32, ne = {     1,     1,     1,     1 }] is used by node 'Kcur-4' (ROPE)
llama_graph_n_input_tensors: input tensor '                         inp_pos' [i32, ne = {     1,     1,     1,     1 }] is used by node 'Qcur-5' (ROPE)
llama_graph_n_input_tensors: input tensor '                         inp_pos' [i32, ne = {     1,     1,     1,     1 }] is used by node 'Kcur-5' (ROPE)
llama_graph_n_input_tensors: input tensor '                         inp_pos' [i32, ne = {     1,     1,     1,     1 }] is used by node 'Qcur-6' (ROPE)
llama_graph_n_input_tensors: input tensor '                         inp_pos' [i32, ne = {     1,     1,     1,     1 }] is used by node 'Kcur-6' (ROPE)
llama_graph_n_input_tensors: input tensor '                         inp_pos' [i32, ne = {     1,     1,     1,     1 }] is used by node 'Qcur-7' (ROPE)
llama_graph_n_input_tensors: input tensor '                         inp_pos' [i32, ne = {     1,     1,     1,     1 }] is used by node 'Kcur-7' (ROPE)
llama_graph_n_input_tensors: input tensor '                         inp_pos' [i32, ne = {     1,     1,     1,     1 }] is used by node 'Qcur-8' (ROPE)
llama_graph_n_input_tensors: input tensor '                         inp_pos' [i32, ne = {     1,     1,     1,     1 }] is used by node 'Kcur-8' (ROPE)
llama_graph_n_input_tensors: input tensor '                         inp_pos' [i32, ne = {     1,     1,     1,     1 }] is used by node 'Qcur-9' (ROPE)
llama_graph_n_input_tensors: input tensor '                         inp_pos' [i32, ne = {     1,     1,     1,     1 }] is used by node 'Kcur-9' (ROPE)
llama_graph_n_input_tensors: input tensor '                         inp_pos' [i32, ne = {     1,     1,     1,     1 }] is used by node 'Qcur-10' (ROPE)
llama_graph_n_input_tensors: input tensor '                         inp_pos' [i32, ne = {     1,     1,     1,     1 }] is used by node 'Kcur-10' (ROPE)
llama_graph_n_input_tensors: input tensor '                         inp_pos' [i32, ne = {     1,     1,     1,     1 }] is used by node 'Qcur-11' (ROPE)
llama_graph_n_input_tensors: input tensor '                         inp_pos' [i32, ne = {     1,     1,     1,     1 }] is used by node 'Kcur-11' (ROPE)
llama_graph_n_input_tensors: input tensor '                         inp_pos' [i32, ne = {     1,     1,     1,     1 }] is used by node 'Qcur-12' (ROPE)
llama_graph_n_input_tensors: input tensor '                         inp_pos' [i32, ne = {     1,     1,     1,     1 }] is used by node 'Kcur-12' (ROPE)
llama_graph_n_input_tensors: input tensor '                         inp_pos' [i32, ne = {     1,     1,     1,     1 }] is used by node 'Qcur-13' (ROPE)
llama_graph_n_input_tensors: input tensor '                         inp_pos' [i32, ne = {     1,     1,     1,     1 }] is used by node 'Kcur-13' (ROPE)
llama_graph_n_input_tensors: input tensor '                         inp_pos' [i32, ne = {     1,     1,     1,     1 }] is used by node 'Qcur-14' (ROPE)
llama_graph_n_input_tensors: input tensor '                         inp_pos' [i32, ne = {     1,     1,     1,     1 }] is used by node 'Kcur-14' (ROPE)
llama_graph_n_input_tensors: input tensor '                         inp_pos' [i32, ne = {     1,     1,     1,     1 }] is used by node 'Qcur-15' (ROPE)
llama_graph_n_input_tensors: input tensor '                         inp_pos' [i32, ne = {     1,     1,     1,     1 }] is used by node 'Kcur-15' (ROPE)
llama_graph_n_input_tensors: input tensor '                         inp_pos' [i32, ne = {     1,     1,     1,     1 }] is used by node 'Qcur-16' (ROPE)
llama_graph_n_input_tensors: input tensor '                         inp_pos' [i32, ne = {     1,     1,     1,     1 }] is used by node 'Kcur-16' (ROPE)
llama_graph_n_input_tensors: input tensor '                         inp_pos' [i32, ne = {     1,     1,     1,     1 }] is used by node 'Qcur-17' (ROPE)
llama_graph_n_input_tensors: input tensor '                         inp_pos' [i32, ne = {     1,     1,     1,     1 }] is used by node 'Kcur-17' (ROPE)
llama_graph_n_input_tensors: input tensor '                         inp_pos' [i32, ne = {     1,     1,     1,     1 }] is used by node 'Qcur-18' (ROPE)
llama_graph_n_input_tensors: input tensor '                         inp_pos' [i32, ne = {     1,     1,     1,     1 }] is used by node 'Kcur-18' (ROPE)
llama_graph_n_input_tensors: input tensor '                         inp_pos' [i32, ne = {     1,     1,     1,     1 }] is used by node 'Qcur-19' (ROPE)
llama_graph_n_input_tensors: input tensor '                         inp_pos' [i32, ne = {     1,     1,     1,     1 }] is used by node 'Kcur-19' (ROPE)
llama_graph_n_input_tensors: input tensor '                         inp_pos' [i32, ne = {     1,     1,     1,     1 }] is used by node 'Qcur-20' (ROPE)
llama_graph_n_input_tensors: input tensor '                         inp_pos' [i32, ne = {     1,     1,     1,     1 }] is used by node 'Kcur-20' (ROPE)
llama_graph_n_input_tensors: input tensor '                         inp_pos' [i32, ne = {     1,     1,     1,     1 }] is used by node 'Qcur-21' (ROPE)
llama_graph_n_input_tensors: input tensor '                         inp_pos' [i32, ne = {     1,     1,     1,     1 }] is used by node 'Kcur-21' (ROPE)
llama_graph_n_input_tensors: input tensor '                         inp_pos' [i32, ne = {     1,     1,     1,     1 }] is used by node 'Qcur-22' (ROPE)
llama_graph_n_input_tensors: input tensor '                         inp_pos' [i32, ne = {     1,     1,     1,     1 }] is used by node 'Kcur-22' (ROPE)
llama_graph_n_input_tensors: input tensor '                         inp_pos' [i32, ne = {     1,     1,     1,     1 }] is used by node 'Qcur-23' (ROPE)
llama_graph_n_input_tensors: input tensor '                         inp_pos' [i32, ne = {     1,     1,     1,     1 }] is used by node 'Kcur-23' (ROPE)
llama_graph_n_input_tensors: input tensor '                      inp_tokens' [i32, ne = {     1,     1,     1,     1 }] is used by node 'embd' (GET_ROWS)
resolve_fused_ops: fused DeepSeek V4 HC pre enabled
graph_reserve: reserving a graph for ubatch with n_tokens =    1, n_seqs =  1, n_outputs =    1
llama_graph_n_input_tensors: input tensor '                         out_ids' [i32, ne = {     1,     1,     1,     1 }] is used by node 'node_809' (GET_ROWS)
llama_graph_n_input_tensors: input tensor '                         out_ids' [i32, ne = {     1,     1,     1,     1 }] is used by node 'node_810' (GET_ROWS)
llama_graph_n_input_tensors: input tensor '                attn_inp_kq_mask' [f16, ne = {  4096,     1,     1,     1 }] is used by node 'node_24' (FLASH_ATTN_EXT)
llama_graph_n_input_tensors: input tensor '                attn_inp_kq_mask' [f16, ne = {  4096,     1,     1,     1 }] is used by node 'node_58' (FLASH_ATTN_EXT)
llama_graph_n_input_tensors: input tensor '                attn_inp_kq_mask' [f16, ne = {  4096,     1,     1,     1 }] is used by node 'node_92' (FLASH_ATTN_EXT)
llama_graph_n_input_tensors: input tensor '                attn_inp_kq_mask' [f16, ne = {  4096,     1,     1,     1 }] is used by node 'node_126' (FLASH_ATTN_EXT)
llama_graph_n_input_tensors: input tensor '                attn_inp_kq_mask' [f16, ne = {  4096,     1,     1,     1 }] is used by node 'node_160' (FLASH_ATTN_EXT)
llama_graph_n_input_tensors: input tensor '                attn_inp_kq_mask' [f16, ne = {  4096,     1,     1,     1 }] is used by node 'node_194' (FLASH_ATTN_EXT)
llama_graph_n_input_tensors: input tensor '                attn_inp_kq_mask' [f16, ne = {  4096,     1,     1,     1 }] is used by node 'node_228' (FLASH_ATTN_EXT)
llama_graph_n_input_tensors: input tensor '                attn_inp_kq_mask' [f16, ne = {  4096,     1,     1,     1 }] is used by node 'node_262' (FLASH_ATTN_EXT)
llama_graph_n_input_tensors: input tensor '                attn_inp_kq_mask' [f16, ne = {  4096,     1,     1,     1 }] is used by node 'node_296' (FLASH_ATTN_EXT)
llama_graph_n_input_tensors: input tensor '                attn_inp_kq_mask' [f16, ne = {  4096,     1,     1,     1 }] is used by node 'node_330' (FLASH_ATTN_EXT)
llama_graph_n_input_tensors: input tensor '                attn_inp_kq_mask' [f16, ne = {  4096,     1,     1,     1 }] is used by node 'node_364' (FLASH_ATTN_EXT)
llama_graph_n_input_tensors: input tensor '                attn_inp_kq_mask' [f16, ne = {  4096,     1,     1,     1 }] is used by node 'node_398' (FLASH_ATTN_EXT)
llama_graph_n_input_tensors: input tensor '                attn_inp_kq_mask' [f16, ne = {  4096,     1,     1,     1 }] is used by node 'node_432' (FLASH_ATTN_EXT)
llama_graph_n_input_tensors: input tensor '                attn_inp_kq_mask' [f16, ne = {  4096,     1,     1,     1 }] is used by node 'node_466' (FLASH_ATTN_EXT)
llama_graph_n_input_tensors: input tensor '                attn_inp_kq_mask' [f16, ne = {  4096,     1,     1,     1 }] is used by node 'node_500' (FLASH_ATTN_EXT)
llama_graph_n_input_tensors: input tensor '                attn_inp_kq_mask' [f16, ne = {  4096,     1,     1,     1 }] is used by node 'node_534' (FLASH_ATTN_EXT)
llama_graph_n_input_tensors: input tensor '                attn_inp_kq_mask' [f16, ne = {  4096,     1,     1,     1 }] is used by node 'node_568' (FLASH_ATTN_EXT)
llama_graph_n_input_tensors: input tensor '                attn_inp_kq_mask' [f16, ne = {  4096,     1,     1,     1 }] is used by node 'node_602' (FLASH_ATTN_EXT)
llama_graph_n_input_tensors: input tensor '                attn_inp_kq_mask' [f16, ne = {  4096,     1,     1,     1 }] is used by node 'node_636' (FLASH_ATTN_EXT)
llama_graph_n_input_tensors: input tensor '                attn_inp_kq_mask' [f16, ne = {  4096,     1,     1,     1 }] is used by node 'node_670' (FLASH_ATTN_EXT)
llama_graph_n_input_tensors: input tensor '                attn_inp_kq_mask' [f16, ne = {  4096,     1,     1,     1 }] is used by node 'node_704' (FLASH_ATTN_EXT)
llama_graph_n_input_tensors: input tensor '                attn_inp_kq_mask' [f16, ne = {  4096,     1,     1,     1 }] is used by node 'node_738' (FLASH_ATTN_EXT)
llama_graph_n_input_tensors: input tensor '                attn_inp_kq_mask' [f16, ne = {  4096,     1,     1,     1 }] is used by node 'node_772' (FLASH_ATTN_EXT)
llama_graph_n_input_tensors: input tensor '                attn_inp_kq_mask' [f16, ne = {  4096,     1,     1,     1 }] is used by node 'node_806' (FLASH_ATTN_EXT)
llama_graph_n_input_tensors: input tensor '                 attn_inp_v_idxs' [i64, ne = {     1,     1,     1,     1 }] is used by node 'cache_v_l0 (view)' (SET_ROWS)
llama_graph_n_input_tensors: input tensor '                 attn_inp_v_idxs' [i64, ne = {     1,     1,     1,     1 }] is used by node 'cache_v_l1 (view)' (SET_ROWS)
llama_graph_n_input_tensors: input tensor '                 attn_inp_v_idxs' [i64, ne = {     1,     1,     1,     1 }] is used by node 'cache_v_l2 (view)' (SET_ROWS)
llama_graph_n_input_tensors: input tensor '                 attn_inp_v_idxs' [i64, ne = {     1,     1,     1,     1 }] is used by node 'cache_v_l3 (view)' (SET_ROWS)
llama_graph_n_input_tensors: input tensor '                 attn_inp_v_idxs' [i64, ne = {     1,     1,     1,     1 }] is used by node 'cache_v_l4 (view)' (SET_ROWS)
llama_graph_n_input_tensors: input tensor '                 attn_inp_v_idxs' [i64, ne = {     1,     1,     1,     1 }] is used by node 'cache_v_l5 (view)' (SET_ROWS)
llama_graph_n_input_tensors: input tensor '                 attn_inp_v_idxs' [i64, ne = {     1,     1,     1,     1 }] is used by node 'cache_v_l6 (view)' (SET_ROWS)
llama_graph_n_input_tensors: input tensor '                 attn_inp_v_idxs' [i64, ne = {     1,     1,     1,     1 }] is used by node 'cache_v_l7 (view)' (SET_ROWS)
llama_graph_n_input_tensors: input tensor '                 attn_inp_v_idxs' [i64, ne = {     1,     1,     1,     1 }] is used by node 'cache_v_l8 (view)' (SET_ROWS)
llama_graph_n_input_tensors: input tensor '                 attn_inp_v_idxs' [i64, ne = {     1,     1,     1,     1 }] is used by node 'cache_v_l9 (view)' (SET_ROWS)
llama_graph_n_input_tensors: input tensor '                 attn_inp_v_idxs' [i64, ne = {     1,     1,     1,     1 }] is used by node 'cache_v_l10 (view)' (SET_ROWS)
llama_graph_n_input_tensors: input tensor '                 attn_inp_v_idxs' [i64, ne = {     1,     1,     1,     1 }] is used by node 'cache_v_l11 (view)' (SET_ROWS)
llama_graph_n_input_tensors: input tensor '                 attn_inp_v_idxs' [i64, ne = {     1,     1,     1,     1 }] is used by node 'cache_v_l12 (view)' (SET_ROWS)
llama_graph_n_input_tensors: input tensor '                 attn_inp_v_idxs' [i64, ne = {     1,     1,     1,     1 }] is used by node 'cache_v_l13 (view)' (SET_ROWS)
llama_graph_n_input_tensors: input tensor '                 attn_inp_v_idxs' [i64, ne = {     1,     1,     1,     1 }] is used by node 'cache_v_l14 (view)' (SET_ROWS)
llama_graph_n_input_tensors: input tensor '                 attn_inp_v_idxs' [i64, ne = {     1,     1,     1,     1 }] is used by node 'cache_v_l15 (view)' (SET_ROWS)
llama_graph_n_input_tensors: input tensor '                 attn_inp_v_idxs' [i64, ne = {     1,     1,     1,     1 }] is used by node 'cache_v_l16 (view)' (SET_ROWS)
llama_graph_n_input_tensors: input tensor '                 attn_inp_v_idxs' [i64, ne = {     1,     1,     1,     1 }] is used by node 'cache_v_l17 (view)' (SET_ROWS)
llama_graph_n_input_tensors: input tensor '                 attn_inp_v_idxs' [i64, ne = {     1,     1,     1,     1 }] is used by node 'cache_v_l18 (view)' (SET_ROWS)
llama_graph_n_input_tensors: input tensor '                 attn_inp_v_idxs' [i64, ne = {     1,     1,     1,     1 }] is used by node 'cache_v_l19 (view)' (SET_ROWS)
llama_graph_n_input_tensors: input tensor '                 attn_inp_v_idxs' [i64, ne = {     1,     1,     1,     1 }] is used by node 'cache_v_l20 (view)' (SET_ROWS)
llama_graph_n_input_tensors: input tensor '                 attn_inp_v_idxs' [i64, ne = {     1,     1,     1,     1 }] is used by node 'cache_v_l21 (view)' (SET_ROWS)
llama_graph_n_input_tensors: input tensor '                 attn_inp_v_idxs' [i64, ne = {     1,     1,     1,     1 }] is used by node 'cache_v_l22 (view)' (SET_ROWS)
llama_graph_n_input_tensors: input tensor '                 attn_inp_v_idxs' [i64, ne = {     1,     1,     1,     1 }] is used by node 'cache_v_l23 (view)' (SET_ROWS)
llama_graph_n_input_tensors: input tensor '                 attn_inp_k_idxs' [i64, ne = {     1,     1,     1,     1 }] is used by node 'cache_k_l0 (view)' (SET_ROWS)
llama_graph_n_input_tensors: input tensor '                 attn_inp_k_idxs' [i64, ne = {     1,     1,     1,     1 }] is used by node 'cache_k_l1 (view)' (SET_ROWS)
llama_graph_n_input_tensors: input tensor '                 attn_inp_k_idxs' [i64, ne = {     1,     1,     1,     1 }] is used by node 'cache_k_l2 (view)' (SET_ROWS)
llama_graph_n_input_tensors: input tensor '                 attn_inp_k_idxs' [i64, ne = {     1,     1,     1,     1 }] is used by node 'cache_k_l3 (view)' (SET_ROWS)
llama_graph_n_input_tensors: input tensor '                 attn_inp_k_idxs' [i64, ne = {     1,     1,     1,     1 }] is used by node 'cache_k_l4 (view)' (SET_ROWS)
llama_graph_n_input_tensors: input tensor '                 attn_inp_k_idxs' [i64, ne = {     1,     1,     1,     1 }] is used by node 'cache_k_l5 (view)' (SET_ROWS)
llama_graph_n_input_tensors: input tensor '                 attn_inp_k_idxs' [i64, ne = {     1,     1,     1,     1 }] is used by node 'cache_k_l6 (view)' (SET_ROWS)
llama_graph_n_input_tensors: input tensor '                 attn_inp_k_idxs' [i64, ne = {     1,     1,     1,     1 }] is used by node 'cache_k_l7 (view)' (SET_ROWS)
llama_graph_n_input_tensors: input tensor '                 attn_inp_k_idxs' [i64, ne = {     1,     1,     1,     1 }] is used by node 'cache_k_l8 (view)' (SET_ROWS)
llama_graph_n_input_tensors: input tensor '                 attn_inp_k_idxs' [i64, ne = {     1,     1,     1,     1 }] is used by node 'cache_k_l9 (view)' (SET_ROWS)
llama_graph_n_input_tensors: input tensor '                 attn_inp_k_idxs' [i64, ne = {     1,     1,     1,     1 }] is used by node 'cache_k_l10 (view)' (SET_ROWS)
llama_graph_n_input_tensors: input tensor '                 attn_inp_k_idxs' [i64, ne = {     1,     1,     1,     1 }] is used by node 'cache_k_l11 (view)' (SET_ROWS)
llama_graph_n_input_tensors: input tensor '                 attn_inp_k_idxs' [i64, ne = {     1,     1,     1,     1 }] is used by node 'cache_k_l12 (view)' (SET_ROWS)
llama_graph_n_input_tensors: input tensor '                 attn_inp_k_idxs' [i64, ne = {     1,     1,     1,     1 }] is used by node 'cache_k_l13 (view)' (SET_ROWS)
llama_graph_n_input_tensors: input tensor '                 attn_inp_k_idxs' [i64, ne = {     1,     1,     1,     1 }] is used by node 'cache_k_l14 (view)' (SET_ROWS)
llama_graph_n_input_tensors: input tensor '                 attn_inp_k_idxs' [i64, ne = {     1,     1,     1,     1 }] is used by node 'cache_k_l15 (view)' (SET_ROWS)
llama_graph_n_input_tensors: input tensor '                 attn_inp_k_idxs' [i64, ne = {     1,     1,     1,     1 }] is used by node 'cache_k_l16 (view)' (SET_ROWS)
llama_graph_n_input_tensors: input tensor '                 attn_inp_k_idxs' [i64, ne = {     1,     1,     1,     1 }] is used by node 'cache_k_l17 (view)' (SET_ROWS)
llama_graph_n_input_tensors: input tensor '                 attn_inp_k_idxs' [i64, ne = {     1,     1,     1,     1 }] is used by node 'cache_k_l18 (view)' (SET_ROWS)
llama_graph_n_input_tensors: input tensor '                 attn_inp_k_idxs' [i64, ne = {     1,     1,     1,     1 }] is used by node 'cache_k_l19 (view)' (SET_ROWS)
llama_graph_n_input_tensors: input tensor '                 attn_inp_k_idxs' [i64, ne = {     1,     1,     1,     1 }] is used by node 'cache_k_l20 (view)' (SET_ROWS)
llama_graph_n_input_tensors: input tensor '                 attn_inp_k_idxs' [i64, ne = {     1,     1,     1,     1 }] is used by node 'cache_k_l21 (view)' (SET_ROWS)
llama_graph_n_input_tensors: input tensor '                 attn_inp_k_idxs' [i64, ne = {     1,     1,     1,     1 }] is used by node 'cache_k_l22 (view)' (SET_ROWS)
llama_graph_n_input_tensors: input tensor '                 attn_inp_k_idxs' [i64, ne = {     1,     1,     1,     1 }] is used by node 'cache_k_l23 (view)' (SET_ROWS)
llama_graph_n_input_tensors: input tensor '                         inp_pos' [i32, ne = {     1,     1,     1,     1 }] is used by node 'Qcur-0' (ROPE)
llama_graph_n_input_tensors: input tensor '                         inp_pos' [i32, ne = {     1,     1,     1,     1 }] is used by node 'Kcur-0' (ROPE)
llama_graph_n_input_tensors: input tensor '                         inp_pos' [i32, ne = {     1,     1,     1,     1 }] is used by node 'Qcur-1' (ROPE)
llama_graph_n_input_tensors: input tensor '                         inp_pos' [i32, ne = {     1,     1,     1,     1 }] is used by node 'Kcur-1' (ROPE)
llama_graph_n_input_tensors: input tensor '                         inp_pos' [i32, ne = {     1,     1,     1,     1 }] is used by node 'Qcur-2' (ROPE)
llama_graph_n_input_tensors: input tensor '                         inp_pos' [i32, ne = {     1,     1,     1,     1 }] is used by node 'Kcur-2' (ROPE)
llama_graph_n_input_tensors: input tensor '                         inp_pos' [i32, ne = {     1,     1,     1,     1 }] is used by node 'Qcur-3' (ROPE)
llama_graph_n_input_tensors: input tensor '                         inp_pos' [i32, ne = {     1,     1,     1,     1 }] is used by node 'Kcur-3' (ROPE)
llama_graph_n_input_tensors: input tensor '                         inp_pos' [i32, ne = {     1,     1,     1,     1 }] is used by node 'Qcur-4' (ROPE)
llama_graph_n_input_tensors: input tensor '                         inp_pos' [i32, ne = {     1,     1,     1,     1 }] is used by node 'Kcur-4' (ROPE)
llama_graph_n_input_tensors: input tensor '                         inp_pos' [i32, ne = {     1,     1,     1,     1 }] is used by node 'Qcur-5' (ROPE)
llama_graph_n_input_tensors: input tensor '                         inp_pos' [i32, ne = {     1,     1,     1,     1 }] is used by node 'Kcur-5' (ROPE)
llama_graph_n_input_tensors: input tensor '                         inp_pos' [i32, ne = {     1,     1,     1,     1 }] is used by node 'Qcur-6' (ROPE)
llama_graph_n_input_tensors: input tensor '                         inp_pos' [i32, ne = {     1,     1,     1,     1 }] is used by node 'Kcur-6' (ROPE)
llama_graph_n_input_tensors: input tensor '                         inp_pos' [i32, ne = {     1,     1,     1,     1 }] is used by node 'Qcur-7' (ROPE)
llama_graph_n_input_tensors: input tensor '                         inp_pos' [i32, ne = {     1,     1,     1,     1 }] is used by node 'Kcur-7' (ROPE)
llama_graph_n_input_tensors: input tensor '                         inp_pos' [i32, ne = {     1,     1,     1,     1 }] is used by node 'Qcur-8' (ROPE)
llama_graph_n_input_tensors: input tensor '                         inp_pos' [i32, ne = {     1,     1,     1,     1 }] is used by node 'Kcur-8' (ROPE)
llama_graph_n_input_tensors: input tensor '                         inp_pos' [i32, ne = {     1,     1,     1,     1 }] is used by node 'Qcur-9' (ROPE)
llama_graph_n_input_tensors: input tensor '                         inp_pos' [i32, ne = {     1,     1,     1,     1 }] is used by node 'Kcur-9' (ROPE)
llama_graph_n_input_tensors: input tensor '                         inp_pos' [i32, ne = {     1,     1,     1,     1 }] is used by node 'Qcur-10' (ROPE)
llama_graph_n_input_tensors: input tensor '                         inp_pos' [i32, ne = {     1,     1,     1,     1 }] is used by node 'Kcur-10' (ROPE)
llama_graph_n_input_tensors: input tensor '                         inp_pos' [i32, ne = {     1,     1,     1,     1 }] is used by node 'Qcur-11' (ROPE)
llama_graph_n_input_tensors: input tensor '                         inp_pos' [i32, ne = {     1,     1,     1,     1 }] is used by node 'Kcur-11' (ROPE)
llama_graph_n_input_tensors: input tensor '                         inp_pos' [i32, ne = {     1,     1,     1,     1 }] is used by node 'Qcur-12' (ROPE)
llama_graph_n_input_tensors: input tensor '                         inp_pos' [i32, ne = {     1,     1,     1,     1 }] is used by node 'Kcur-12' (ROPE)
llama_graph_n_input_tensors: input tensor '                         inp_pos' [i32, ne = {     1,     1,     1,     1 }] is used by node 'Qcur-13' (ROPE)
llama_graph_n_input_tensors: input tensor '                         inp_pos' [i32, ne = {     1,     1,     1,     1 }] is used by node 'Kcur-13' (ROPE)
llama_graph_n_input_tensors: input tensor '                         inp_pos' [i32, ne = {     1,     1,     1,     1 }] is used by node 'Qcur-14' (ROPE)
llama_graph_n_input_tensors: input tensor '                         inp_pos' [i32, ne = {     1,     1,     1,     1 }] is used by node 'Kcur-14' (ROPE)
llama_graph_n_input_tensors: input tensor '                         inp_pos' [i32, ne = {     1,     1,     1,     1 }] is used by node 'Qcur-15' (ROPE)
llama_graph_n_input_tensors: input tensor '                         inp_pos' [i32, ne = {     1,     1,     1,     1 }] is used by node 'Kcur-15' (ROPE)
llama_graph_n_input_tensors: input tensor '                         inp_pos' [i32, ne = {     1,     1,     1,     1 }] is used by node 'Qcur-16' (ROPE)
llama_graph_n_input_tensors: input tensor '                         inp_pos' [i32, ne = {     1,     1,     1,     1 }] is used by node 'Kcur-16' (ROPE)
llama_graph_n_input_tensors: input tensor '                         inp_pos' [i32, ne = {     1,     1,     1,     1 }] is used by node 'Qcur-17' (ROPE)
llama_graph_n_input_tensors: input tensor '                         inp_pos' [i32, ne = {     1,     1,     1,     1 }] is used by node 'Kcur-17' (ROPE)
llama_graph_n_input_tensors: input tensor '                         inp_pos' [i32, ne = {     1,     1,     1,     1 }] is used by node 'Qcur-18' (ROPE)
llama_graph_n_input_tensors: input tensor '                         inp_pos' [i32, ne = {     1,     1,     1,     1 }] is used by node 'Kcur-18' (ROPE)
llama_graph_n_input_tensors: input tensor '                         inp_pos' [i32, ne = {     1,     1,     1,     1 }] is used by node 'Qcur-19' (ROPE)
llama_graph_n_input_tensors: input tensor '                         inp_pos' [i32, ne = {     1,     1,     1,     1 }] is used by node 'Kcur-19' (ROPE)
llama_graph_n_input_tensors: input tensor '                         inp_pos' [i32, ne = {     1,     1,     1,     1 }] is used by node 'Qcur-20' (ROPE)
llama_graph_n_input_tensors: input tensor '                         inp_pos' [i32, ne = {     1,     1,     1,     1 }] is used by node 'Kcur-20' (ROPE)
llama_graph_n_input_tensors: input tensor '                         inp_pos' [i32, ne = {     1,     1,     1,     1 }] is used by node 'Qcur-21' (ROPE)
llama_graph_n_input_tensors: input tensor '                         inp_pos' [i32, ne = {     1,     1,     1,     1 }] is used by node 'Kcur-21' (ROPE)
llama_graph_n_input_tensors: input tensor '                         inp_pos' [i32, ne = {     1,     1,     1,     1 }] is used by node 'Qcur-22' (ROPE)
llama_graph_n_input_tensors: input tensor '                         inp_pos' [i32, ne = {     1,     1,     1,     1 }] is used by node 'Kcur-22' (ROPE)
llama_graph_n_input_tensors: input tensor '                         inp_pos' [i32, ne = {     1,     1,     1,     1 }] is used by node 'Qcur-23' (ROPE)
llama_graph_n_input_tensors: input tensor '                         inp_pos' [i32, ne = {     1,     1,     1,     1 }] is used by node 'Kcur-23' (ROPE)
llama_graph_n_input_tensors: input tensor '                      inp_tokens' [i32, ne = {     1,     1,     1,     1 }] is used by node 'embd' (GET_ROWS)
resolve_fused_ops: fused DeepSeek V4 HC comb enabled
graph_reserve: reserving a graph for ubatch with n_tokens =    1, n_seqs =  1, n_outputs =    1
llama_graph_n_input_tensors: input tensor '                         out_ids' [i32, ne = {     1,     1,     1,     1 }] is used by node 'node_809' (GET_ROWS)
llama_graph_n_input_tensors: input tensor '                         out_ids' [i32, ne = {     1,     1,     1,     1 }] is used by node 'node_810' (GET_ROWS)
llama_graph_n_input_tensors: input tensor '                attn_inp_kq_mask' [f16, ne = {  4096,     1,     1,     1 }] is used by node 'node_24' (FLASH_ATTN_EXT)
llama_graph_n_input_tensors: input tensor '                attn_inp_kq_mask' [f16, ne = {  4096,     1,     1,     1 }] is used by node 'node_58' (FLASH_ATTN_EXT)
llama_graph_n_input_tensors: input tensor '                attn_inp_kq_mask' [f16, ne = {  4096,     1,     1,     1 }] is used by node 'node_92' (FLASH_ATTN_EXT)
llama_graph_n_input_tensors: input tensor '                attn_inp_kq_mask' [f16, ne = {  4096,     1,     1,     1 }] is used by node 'node_126' (FLASH_ATTN_EXT)
llama_graph_n_input_tensors: input tensor '                attn_inp_kq_mask' [f16, ne = {  4096,     1,     1,     1 }] is used by node 'node_160' (FLASH_ATTN_EXT)
llama_graph_n_input_tensors: input tensor '                attn_inp_kq_mask' [f16, ne = {  4096,     1,     1,     1 }] is used by node 'node_194' (FLASH_ATTN_EXT)
llama_graph_n_input_tensors: input tensor '                attn_inp_kq_mask' [f16, ne = {  4096,     1,     1,     1 }] is used by node 'node_228' (FLASH_ATTN_EXT)
llama_graph_n_input_tensors: input tensor '                attn_inp_kq_mask' [f16, ne = {  4096,     1,     1,     1 }] is used by node 'node_262' (FLASH_ATTN_EXT)
llama_graph_n_input_tensors: input tensor '                attn_inp_kq_mask' [f16, ne = {  4096,     1,     1,     1 }] is used by node 'node_296' (FLASH_ATTN_EXT)
llama_graph_n_input_tensors: input tensor '                attn_inp_kq_mask' [f16, ne = {  4096,     1,     1,     1 }] is used by node 'node_330' (FLASH_ATTN_EXT)
llama_graph_n_input_tensors: input tensor '                attn_inp_kq_mask' [f16, ne = {  4096,     1,     1,     1 }] is used by node 'node_364' (FLASH_ATTN_EXT)
llama_graph_n_input_tensors: input tensor '                attn_inp_kq_mask' [f16, ne = {  4096,     1,     1,     1 }] is used by node 'node_398' (FLASH_ATTN_EXT)
llama_graph_n_input_tensors: input tensor '                attn_inp_kq_mask' [f16, ne = {  4096,     1,     1,     1 }] is used by node 'node_432' (FLASH_ATTN_EXT)
llama_graph_n_input_tensors: input tensor '                attn_inp_kq_mask' [f16, ne = {  4096,     1,     1,     1 }] is used by node 'node_466' (FLASH_ATTN_EXT)
llama_graph_n_input_tensors: input tensor '                attn_inp_kq_mask' [f16, ne = {  4096,     1,     1,     1 }] is used by node 'node_500' (FLASH_ATTN_EXT)
llama_graph_n_input_tensors: input tensor '                attn_inp_kq_mask' [f16, ne = {  4096,     1,     1,     1 }] is used by node 'node_534' (FLASH_ATTN_EXT)
llama_graph_n_input_tensors: input tensor '                attn_inp_kq_mask' [f16, ne = {  4096,     1,     1,     1 }] is used by node 'node_568' (FLASH_ATTN_EXT)
llama_graph_n_input_tensors: input tensor '                attn_inp_kq_mask' [f16, ne = {  4096,     1,     1,     1 }] is used by node 'node_602' (FLASH_ATTN_EXT)
llama_graph_n_input_tensors: input tensor '                attn_inp_kq_mask' [f16, ne = {  4096,     1,     1,     1 }] is used by node 'node_636' (FLASH_ATTN_EXT)
llama_graph_n_input_tensors: input tensor '                attn_inp_kq_mask' [f16, ne = {  4096,     1,     1,     1 }] is used by node 'node_670' (FLASH_ATTN_EXT)
llama_graph_n_input_tensors: input tensor '                attn_inp_kq_mask' [f16, ne = {  4096,     1,     1,     1 }] is used by node 'node_704' (FLASH_ATTN_EXT)
llama_graph_n_input_tensors: input tensor '                attn_inp_kq_mask' [f16, ne = {  4096,     1,     1,     1 }] is used by node 'node_738' (FLASH_ATTN_EXT)
llama_graph_n_input_tensors: input tensor '                attn_inp_kq_mask' [f16, ne = {  4096,     1,     1,     1 }] is used by node 'node_772' (FLASH_ATTN_EXT)
llama_graph_n_input_tensors: input tensor '                attn_inp_kq_mask' [f16, ne = {  4096,     1,     1,     1 }] is used by node 'node_806' (FLASH_ATTN_EXT)
llama_graph_n_input_tensors: input tensor '                 attn_inp_v_idxs' [i64, ne = {     1,     1,     1,     1 }] is used by node 'cache_v_l0 (view)' (SET_ROWS)
llama_graph_n_input_tensors: input tensor '                 attn_inp_v_idxs' [i64, ne = {     1,     1,     1,     1 }] is used by node 'cache_v_l1 (view)' (SET_ROWS)
llama_graph_n_input_tensors: input tensor '                 attn_inp_v_idxs' [i64, ne = {     1,     1,     1,     1 }] is used by node 'cache_v_l2 (view)' (SET_ROWS)
llama_graph_n_input_tensors: input tensor '                 attn_inp_v_idxs' [i64, ne = {     1,     1,     1,     1 }] is used by node 'cache_v_l3 (view)' (SET_ROWS)
llama_graph_n_input_tensors: input tensor '                 attn_inp_v_idxs' [i64, ne = {     1,     1,     1,     1 }] is used by node 'cache_v_l4 (view)' (SET_ROWS)
llama_graph_n_input_tensors: input tensor '                 attn_inp_v_idxs' [i64, ne = {     1,     1,     1,     1 }] is used by node 'cache_v_l5 (view)' (SET_ROWS)
llama_graph_n_input_tensors: input tensor '                 attn_inp_v_idxs' [i64, ne = {     1,     1,     1,     1 }] is used by node 'cache_v_l6 (view)' (SET_ROWS)
llama_graph_n_input_tensors: input tensor '                 attn_inp_v_idxs' [i64, ne = {     1,     1,     1,     1 }] is used by node 'cache_v_l7 (view)' (SET_ROWS)
llama_graph_n_input_tensors: input tensor '                 attn_inp_v_idxs' [i64, ne = {     1,     1,     1,     1 }] is used by node 'cache_v_l8 (view)' (SET_ROWS)
llama_graph_n_input_tensors: input tensor '                 attn_inp_v_idxs' [i64, ne = {     1,     1,     1,     1 }] is used by node 'cache_v_l9 (view)' (SET_ROWS)
llama_graph_n_input_tensors: input tensor '                 attn_inp_v_idxs' [i64, ne = {     1,     1,     1,     1 }] is used by node 'cache_v_l10 (view)' (SET_ROWS)
llama_graph_n_input_tensors: input tensor '                 attn_inp_v_idxs' [i64, ne = {     1,     1,     1,     1 }] is used by node 'cache_v_l11 (view)' (SET_ROWS)
llama_graph_n_input_tensors: input tensor '                 attn_inp_v_idxs' [i64, ne = {     1,     1,     1,     1 }] is used by node 'cache_v_l12 (view)' (SET_ROWS)
llama_graph_n_input_tensors: input tensor '                 attn_inp_v_idxs' [i64, ne = {     1,     1,     1,     1 }] is used by node 'cache_v_l13 (view)' (SET_ROWS)
llama_graph_n_input_tensors: input tensor '                 attn_inp_v_idxs' [i64, ne = {     1,     1,     1,     1 }] is used by node 'cache_v_l14 (view)' (SET_ROWS)
llama_graph_n_input_tensors: input tensor '                 attn_inp_v_idxs' [i64, ne = {     1,     1,     1,     1 }] is used by node 'cache_v_l15 (view)' (SET_ROWS)
llama_graph_n_input_tensors: input tensor '                 attn_inp_v_idxs' [i64, ne = {     1,     1,     1,     1 }] is used by node 'cache_v_l16 (view)' (SET_ROWS)
llama_graph_n_input_tensors: input tensor '                 attn_inp_v_idxs' [i64, ne = {     1,     1,     1,     1 }] is used by node 'cache_v_l17 (view)' (SET_ROWS)
llama_graph_n_input_tensors: input tensor '                 attn_inp_v_idxs' [i64, ne = {     1,     1,     1,     1 }] is used by node 'cache_v_l18 (view)' (SET_ROWS)
llama_graph_n_input_tensors: input tensor '                 attn_inp_v_idxs' [i64, ne = {     1,     1,     1,     1 }] is used by node 'cache_v_l19 (view)' (SET_ROWS)
llama_graph_n_input_tensors: input tensor '                 attn_inp_v_idxs' [i64, ne = {     1,     1,     1,     1 }] is used by node 'cache_v_l20 (view)' (SET_ROWS)
llama_graph_n_input_tensors: input tensor '                 attn_inp_v_idxs' [i64, ne = {     1,     1,     1,     1 }] is used by node 'cache_v_l21 (view)' (SET_ROWS)
llama_graph_n_input_tensors: input tensor '                 attn_inp_v_idxs' [i64, ne = {     1,     1,     1,     1 }] is used by node 'cache_v_l22 (view)' (SET_ROWS)
llama_graph_n_input_tensors: input tensor '                 attn_inp_v_idxs' [i64, ne = {     1,     1,     1,     1 }] is used by node 'cache_v_l23 (view)' (SET_ROWS)
llama_graph_n_input_tensors: input tensor '                 attn_inp_k_idxs' [i64, ne = {     1,     1,     1,     1 }] is used by node 'cache_k_l0 (view)' (SET_ROWS)
llama_graph_n_input_tensors: input tensor '                 attn_inp_k_idxs' [i64, ne = {     1,     1,     1,     1 }] is used by node 'cache_k_l1 (view)' (SET_ROWS)
llama_graph_n_input_tensors: input tensor '                 attn_inp_k_idxs' [i64, ne = {     1,     1,     1,     1 }] is used by node 'cache_k_l2 (view)' (SET_ROWS)
llama_graph_n_input_tensors: input tensor '                 attn_inp_k_idxs' [i64, ne = {     1,     1,     1,     1 }] is used by node 'cache_k_l3 (view)' (SET_ROWS)
llama_graph_n_input_tensors: input tensor '                 attn_inp_k_idxs' [i64, ne = {     1,     1,     1,     1 }] is used by node 'cache_k_l4 (view)' (SET_ROWS)
llama_graph_n_input_tensors: input tensor '                 attn_inp_k_idxs' [i64, ne = {     1,     1,     1,     1 }] is used by node 'cache_k_l5 (view)' (SET_ROWS)
llama_graph_n_input_tensors: input tensor '                 attn_inp_k_idxs' [i64, ne = {     1,     1,     1,     1 }] is used by node 'cache_k_l6 (view)' (SET_ROWS)
llama_graph_n_input_tensors: input tensor '                 attn_inp_k_idxs' [i64, ne = {     1,     1,     1,     1 }] is used by node 'cache_k_l7 (view)' (SET_ROWS)
llama_graph_n_input_tensors: input tensor '                 attn_inp_k_idxs' [i64, ne = {     1,     1,     1,     1 }] is used by node 'cache_k_l8 (view)' (SET_ROWS)
llama_graph_n_input_tensors: input tensor '                 attn_inp_k_idxs' [i64, ne = {     1,     1,     1,     1 }] is used by node 'cache_k_l9 (view)' (SET_ROWS)
llama_graph_n_input_tensors: input tensor '                 attn_inp_k_idxs' [i64, ne = {     1,     1,     1,     1 }] is used by node 'cache_k_l10 (view)' (SET_ROWS)
llama_graph_n_input_tensors: input tensor '                 attn_inp_k_idxs' [i64, ne = {     1,     1,     1,     1 }] is used by node 'cache_k_l11 (view)' (SET_ROWS)
llama_graph_n_input_tensors: input tensor '                 attn_inp_k_idxs' [i64, ne = {     1,     1,     1,     1 }] is used by node 'cache_k_l12 (view)' (SET_ROWS)
llama_graph_n_input_tensors: input tensor '                 attn_inp_k_idxs' [i64, ne = {     1,     1,     1,     1 }] is used by node 'cache_k_l13 (view)' (SET_ROWS)
llama_graph_n_input_tensors: input tensor '                 attn_inp_k_idxs' [i64, ne = {     1,     1,     1,     1 }] is used by node 'cache_k_l14 (view)' (SET_ROWS)
llama_graph_n_input_tensors: input tensor '                 attn_inp_k_idxs' [i64, ne = {     1,     1,     1,     1 }] is used by node 'cache_k_l15 (view)' (SET_ROWS)
llama_graph_n_input_tensors: input tensor '                 attn_inp_k_idxs' [i64, ne = {     1,     1,     1,     1 }] is used by node 'cache_k_l16 (view)' (SET_ROWS)
llama_graph_n_input_tensors: input tensor '                 attn_inp_k_idxs' [i64, ne = {     1,     1,     1,     1 }] is used by node 'cache_k_l17 (view)' (SET_ROWS)
llama_graph_n_input_tensors: input tensor '                 attn_inp_k_idxs' [i64, ne = {     1,     1,     1,     1 }] is used by node 'cache_k_l18 (view)' (SET_ROWS)
llama_graph_n_input_tensors: input tensor '                 attn_inp_k_idxs' [i64, ne = {     1,     1,     1,     1 }] is used by node 'cache_k_l19 (view)' (SET_ROWS)
llama_graph_n_input_tensors: input tensor '                 attn_inp_k_idxs' [i64, ne = {     1,     1,     1,     1 }] is used by node 'cache_k_l20 (view)' (SET_ROWS)
llama_graph_n_input_tensors: input tensor '                 attn_inp_k_idxs' [i64, ne = {     1,     1,     1,     1 }] is used by node 'cache_k_l21 (view)' (SET_ROWS)
llama_graph_n_input_tensors: input tensor '                 attn_inp_k_idxs' [i64, ne = {     1,     1,     1,     1 }] is used by node 'cache_k_l22 (view)' (SET_ROWS)
llama_graph_n_input_tensors: input tensor '                 attn_inp_k_idxs' [i64, ne = {     1,     1,     1,     1 }] is used by node 'cache_k_l23 (view)' (SET_ROWS)
llama_graph_n_input_tensors: input tensor '                         inp_pos' [i32, ne = {     1,     1,     1,     1 }] is used by node 'Qcur-0' (ROPE)
llama_graph_n_input_tensors: input tensor '                         inp_pos' [i32, ne = {     1,     1,     1,     1 }] is used by node 'Kcur-0' (ROPE)
llama_graph_n_input_tensors: input tensor '                         inp_pos' [i32, ne = {     1,     1,     1,     1 }] is used by node 'Qcur-1' (ROPE)
llama_graph_n_input_tensors: input tensor '                         inp_pos' [i32, ne = {     1,     1,     1,     1 }] is used by node 'Kcur-1' (ROPE)
llama_graph_n_input_tensors: input tensor '                         inp_pos' [i32, ne = {     1,     1,     1,     1 }] is used by node 'Qcur-2' (ROPE)
llama_graph_n_input_tensors: input tensor '                         inp_pos' [i32, ne = {     1,     1,     1,     1 }] is used by node 'Kcur-2' (ROPE)
llama_graph_n_input_tensors: input tensor '                         inp_pos' [i32, ne = {     1,     1,     1,     1 }] is used by node 'Qcur-3' (ROPE)
llama_graph_n_input_tensors: input tensor '                         inp_pos' [i32, ne = {     1,     1,     1,     1 }] is used by node 'Kcur-3' (ROPE)
llama_graph_n_input_tensors: input tensor '                         inp_pos' [i32, ne = {     1,     1,     1,     1 }] is used by node 'Qcur-4' (ROPE)
llama_graph_n_input_tensors: input tensor '                         inp_pos' [i32, ne = {     1,     1,     1,     1 }] is used by node 'Kcur-4' (ROPE)
llama_graph_n_input_tensors: input tensor '                         inp_pos' [i32, ne = {     1,     1,     1,     1 }] is used by node 'Qcur-5' (ROPE)
llama_graph_n_input_tensors: input tensor '                         inp_pos' [i32, ne = {     1,     1,     1,     1 }] is used by node 'Kcur-5' (ROPE)
llama_graph_n_input_tensors: input tensor '                         inp_pos' [i32, ne = {     1,     1,     1,     1 }] is used by node 'Qcur-6' (ROPE)
llama_graph_n_input_tensors: input tensor '                         inp_pos' [i32, ne = {     1,     1,     1,     1 }] is used by node 'Kcur-6' (ROPE)
llama_graph_n_input_tensors: input tensor '                         inp_pos' [i32, ne = {     1,     1,     1,     1 }] is used by node 'Qcur-7' (ROPE)
llama_graph_n_input_tensors: input tensor '                         inp_pos' [i32, ne = {     1,     1,     1,     1 }] is used by node 'Kcur-7' (ROPE)
llama_graph_n_input_tensors: input tensor '                         inp_pos' [i32, ne = {     1,     1,     1,     1 }] is used by node 'Qcur-8' (ROPE)
llama_graph_n_input_tensors: input tensor '                         inp_pos' [i32, ne = {     1,     1,     1,     1 }] is used by node 'Kcur-8' (ROPE)
llama_graph_n_input_tensors: input tensor '                         inp_pos' [i32, ne = {     1,     1,     1,     1 }] is used by node 'Qcur-9' (ROPE)
llama_graph_n_input_tensors: input tensor '                         inp_pos' [i32, ne = {     1,     1,     1,     1 }] is used by node 'Kcur-9' (ROPE)
llama_graph_n_input_tensors: input tensor '                         inp_pos' [i32, ne = {     1,     1,     1,     1 }] is used by node 'Qcur-10' (ROPE)
llama_graph_n_input_tensors: input tensor '                         inp_pos' [i32, ne = {     1,     1,     1,     1 }] is used by node 'Kcur-10' (ROPE)
llama_graph_n_input_tensors: input tensor '                         inp_pos' [i32, ne = {     1,     1,     1,     1 }] is used by node 'Qcur-11' (ROPE)
llama_graph_n_input_tensors: input tensor '                         inp_pos' [i32, ne = {     1,     1,     1,     1 }] is used by node 'Kcur-11' (ROPE)
llama_graph_n_input_tensors: input tensor '                         inp_pos' [i32, ne = {     1,     1,     1,     1 }] is used by node 'Qcur-12' (ROPE)
llama_graph_n_input_tensors: input tensor '                         inp_pos' [i32, ne = {     1,     1,     1,     1 }] is used by node 'Kcur-12' (ROPE)
llama_graph_n_input_tensors: input tensor '                         inp_pos' [i32, ne = {     1,     1,     1,     1 }] is used by node 'Qcur-13' (ROPE)
llama_graph_n_input_tensors: input tensor '                         inp_pos' [i32, ne = {     1,     1,     1,     1 }] is used by node 'Kcur-13' (ROPE)
llama_graph_n_input_tensors: input tensor '                         inp_pos' [i32, ne = {     1,     1,     1,     1 }] is used by node 'Qcur-14' (ROPE)
llama_graph_n_input_tensors: input tensor '                         inp_pos' [i32, ne = {     1,     1,     1,     1 }] is used by node 'Kcur-14' (ROPE)
llama_graph_n_input_tensors: input tensor '                         inp_pos' [i32, ne = {     1,     1,     1,     1 }] is used by node 'Qcur-15' (ROPE)
llama_graph_n_input_tensors: input tensor '                         inp_pos' [i32, ne = {     1,     1,     1,     1 }] is used by node 'Kcur-15' (ROPE)
llama_graph_n_input_tensors: input tensor '                         inp_pos' [i32, ne = {     1,     1,     1,     1 }] is used by node 'Qcur-16' (ROPE)
llama_graph_n_input_tensors: input tensor '                         inp_pos' [i32, ne = {     1,     1,     1,     1 }] is used by node 'Kcur-16' (ROPE)
llama_graph_n_input_tensors: input tensor '                         inp_pos' [i32, ne = {     1,     1,     1,     1 }] is used by node 'Qcur-17' (ROPE)
llama_graph_n_input_tensors: input tensor '                         inp_pos' [i32, ne = {     1,     1,     1,     1 }] is used by node 'Kcur-17' (ROPE)
llama_graph_n_input_tensors: input tensor '                         inp_pos' [i32, ne = {     1,     1,     1,     1 }] is used by node 'Qcur-18' (ROPE)
llama_graph_n_input_tensors: input tensor '                         inp_pos' [i32, ne = {     1,     1,     1,     1 }] is used by node 'Kcur-18' (ROPE)
llama_graph_n_input_tensors: input tensor '                         inp_pos' [i32, ne = {     1,     1,     1,     1 }] is used by node 'Qcur-19' (ROPE)
llama_graph_n_input_tensors: input tensor '                         inp_pos' [i32, ne = {     1,     1,     1,     1 }] is used by node 'Kcur-19' (ROPE)
llama_graph_n_input_tensors: input tensor '                         inp_pos' [i32, ne = {     1,     1,     1,     1 }] is used by node 'Qcur-20' (ROPE)
llama_graph_n_input_tensors: input tensor '                         inp_pos' [i32, ne = {     1,     1,     1,     1 }] is used by node 'Kcur-20' (ROPE)
llama_graph_n_input_tensors: input tensor '                         inp_pos' [i32, ne = {     1,     1,     1,     1 }] is used by node 'Qcur-21' (ROPE)
llama_graph_n_input_tensors: input tensor '                         inp_pos' [i32, ne = {     1,     1,     1,     1 }] is used by node 'Kcur-21' (ROPE)
llama_graph_n_input_tensors: input tensor '                         inp_pos' [i32, ne = {     1,     1,     1,     1 }] is used by node 'Qcur-22' (ROPE)
llama_graph_n_input_tensors: input tensor '                         inp_pos' [i32, ne = {     1,     1,     1,     1 }] is used by node 'Kcur-22' (ROPE)
llama_graph_n_input_tensors: input tensor '                         inp_pos' [i32, ne = {     1,     1,     1,     1 }] is used by node 'Qcur-23' (ROPE)
llama_graph_n_input_tensors: input tensor '                         inp_pos' [i32, ne = {     1,     1,     1,     1 }] is used by node 'Kcur-23' (ROPE)
llama_graph_n_input_tensors: input tensor '                      inp_tokens' [i32, ne = {     1,     1,     1,     1 }] is used by node 'embd' (GET_ROWS)
resolve_fused_ops: fused DeepSeek V4 HC post enabled
graph_reserve: reserving a graph for ubatch with n_tokens =  512, n_seqs =  1, n_outputs =  512
llama_graph_n_input_tensors: input tensor '                         out_ids' [i32, ne = {   512,     1,     1,     1 }] is used by node 'node_809' (GET_ROWS)
llama_graph_n_input_tensors: input tensor '                         out_ids' [i32, ne = {   512,     1,     1,     1 }] is used by node 'node_810' (GET_ROWS)
llama_graph_n_input_tensors: input tensor '                attn_inp_kq_mask' [f16, ne = {  4096,   512,     1,     1 }] is used by node 'node_24' (FLASH_ATTN_EXT)
llama_graph_n_input_tensors: input tensor '                attn_inp_kq_mask' [f16, ne = {  4096,   512,     1,     1 }] is used by node 'node_58' (FLASH_ATTN_EXT)
llama_graph_n_input_tensors: input tensor '                attn_inp_kq_mask' [f16, ne = {  4096,   512,     1,     1 }] is used by node 'node_92' (FLASH_ATTN_EXT)
llama_graph_n_input_tensors: input tensor '                attn_inp_kq_mask' [f16, ne = {  4096,   512,     1,     1 }] is used by node 'node_126' (FLASH_ATTN_EXT)
llama_graph_n_input_tensors: input tensor '                attn_inp_kq_mask' [f16, ne = {  4096,   512,     1,     1 }] is used by node 'node_160' (FLASH_ATTN_EXT)
llama_graph_n_input_tensors: input tensor '                attn_inp_kq_mask' [f16, ne = {  4096,   512,     1,     1 }] is used by node 'node_194' (FLASH_ATTN_EXT)
llama_graph_n_input_tensors: input tensor '                attn_inp_kq_mask' [f16, ne = {  4096,   512,     1,     1 }] is used by node 'node_228' (FLASH_ATTN_EXT)
llama_graph_n_input_tensors: input tensor '                attn_inp_kq_mask' [f16, ne = {  4096,   512,     1,     1 }] is used by node 'node_262' (FLASH_ATTN_EXT)
llama_graph_n_input_tensors: input tensor '                attn_inp_kq_mask' [f16, ne = {  4096,   512,     1,     1 }] is used by node 'node_296' (FLASH_ATTN_EXT)
llama_graph_n_input_tensors: input tensor '                attn_inp_kq_mask' [f16, ne = {  4096,   512,     1,     1 }] is used by node 'node_330' (FLASH_ATTN_EXT)
llama_graph_n_input_tensors: input tensor '                attn_inp_kq_mask' [f16, ne = {  4096,   512,     1,     1 }] is used by node 'node_364' (FLASH_ATTN_EXT)
llama_graph_n_input_tensors: input tensor '                attn_inp_kq_mask' [f16, ne = {  4096,   512,     1,     1 }] is used by node 'node_398' (FLASH_ATTN_EXT)
llama_graph_n_input_tensors: input tensor '                attn_inp_kq_mask' [f16, ne = {  4096,   512,     1,     1 }] is used by node 'node_432' (FLASH_ATTN_EXT)
llama_graph_n_input_tensors: input tensor '                attn_inp_kq_mask' [f16, ne = {  4096,   512,     1,     1 }] is used by node 'node_466' (FLASH_ATTN_EXT)
llama_graph_n_input_tensors: input tensor '                attn_inp_kq_mask' [f16, ne = {  4096,   512,     1,     1 }] is used by node 'node_500' (FLASH_ATTN_EXT)
llama_graph_n_input_tensors: input tensor '                attn_inp_kq_mask' [f16, ne = {  4096,   512,     1,     1 }] is used by node 'node_534' (FLASH_ATTN_EXT)
llama_graph_n_input_tensors: input tensor '                attn_inp_kq_mask' [f16, ne = {  4096,   512,     1,     1 }] is used by node 'node_568' (FLASH_ATTN_EXT)
llama_graph_n_input_tensors: input tensor '                attn_inp_kq_mask' [f16, ne = {  4096,   512,     1,     1 }] is used by node 'node_602' (FLASH_ATTN_EXT)
llama_graph_n_input_tensors: input tensor '                attn_inp_kq_mask' [f16, ne = {  4096,   512,     1,     1 }] is used by node 'node_636' (FLASH_ATTN_EXT)
llama_graph_n_input_tensors: input tensor '                attn_inp_kq_mask' [f16, ne = {  4096,   512,     1,     1 }] is used by node 'node_670' (FLASH_ATTN_EXT)
llama_graph_n_input_tensors: input tensor '                attn_inp_kq_mask' [f16, ne = {  4096,   512,     1,     1 }] is used by node 'node_704' (FLASH_ATTN_EXT)
llama_graph_n_input_tensors: input tensor '                attn_inp_kq_mask' [f16, ne = {  4096,   512,     1,     1 }] is used by node 'node_738' (FLASH_ATTN_EXT)
llama_graph_n_input_tensors: input tensor '                attn_inp_kq_mask' [f16, ne = {  4096,   512,     1,     1 }] is used by node 'node_772' (FLASH_ATTN_EXT)
llama_graph_n_input_tensors: input tensor '                attn_inp_kq_mask' [f16, ne = {  4096,   512,     1,     1 }] is used by node 'node_806' (FLASH_ATTN_EXT)
llama_graph_n_input_tensors: input tensor '                 attn_inp_v_idxs' [i64, ne = {   512,     1,     1,     1 }] is used by node 'cache_v_l0 (view)' (SET_ROWS)
llama_graph_n_input_tensors: input tensor '                 attn_inp_v_idxs' [i64, ne = {   512,     1,     1,     1 }] is used by node 'cache_v_l1 (view)' (SET_ROWS)
llama_graph_n_input_tensors: input tensor '                 attn_inp_v_idxs' [i64, ne = {   512,     1,     1,     1 }] is used by node 'cache_v_l2 (view)' (SET_ROWS)
llama_graph_n_input_tensors: input tensor '                 attn_inp_v_idxs' [i64, ne = {   512,     1,     1,     1 }] is used by node 'cache_v_l3 (view)' (SET_ROWS)
llama_graph_n_input_tensors: input tensor '                 attn_inp_v_idxs' [i64, ne = {   512,     1,     1,     1 }] is used by node 'cache_v_l4 (view)' (SET_ROWS)
llama_graph_n_input_tensors: input tensor '                 attn_inp_v_idxs' [i64, ne = {   512,     1,     1,     1 }] is used by node 'cache_v_l5 (view)' (SET_ROWS)
llama_graph_n_input_tensors: input tensor '                 attn_inp_v_idxs' [i64, ne = {   512,     1,     1,     1 }] is used by node 'cache_v_l6 (view)' (SET_ROWS)
llama_graph_n_input_tensors: input tensor '                 attn_inp_v_idxs' [i64, ne = {   512,     1,     1,     1 }] is used by node 'cache_v_l7 (view)' (SET_ROWS)
llama_graph_n_input_tensors: input tensor '                 attn_inp_v_idxs' [i64, ne = {   512,     1,     1,     1 }] is used by node 'cache_v_l8 (view)' (SET_ROWS)
llama_graph_n_input_tensors: input tensor '                 attn_inp_v_idxs' [i64, ne = {   512,     1,     1,     1 }] is used by node 'cache_v_l9 (view)' (SET_ROWS)
llama_graph_n_input_tensors: input tensor '                 attn_inp_v_idxs' [i64, ne = {   512,     1,     1,     1 }] is used by node 'cache_v_l10 (view)' (SET_ROWS)
llama_graph_n_input_tensors: input tensor '                 attn_inp_v_idxs' [i64, ne = {   512,     1,     1,     1 }] is used by node 'cache_v_l11 (view)' (SET_ROWS)
llama_graph_n_input_tensors: input tensor '                 attn_inp_v_idxs' [i64, ne = {   512,     1,     1,     1 }] is used by node 'cache_v_l12 (view)' (SET_ROWS)
llama_graph_n_input_tensors: input tensor '                 attn_inp_v_idxs' [i64, ne = {   512,     1,     1,     1 }] is used by node 'cache_v_l13 (view)' (SET_ROWS)
llama_graph_n_input_tensors: input tensor '                 attn_inp_v_idxs' [i64, ne = {   512,     1,     1,     1 }] is used by node 'cache_v_l14 (view)' (SET_ROWS)
llama_graph_n_input_tensors: input tensor '                 attn_inp_v_idxs' [i64, ne = {   512,     1,     1,     1 }] is used by node 'cache_v_l15 (view)' (SET_ROWS)
llama_graph_n_input_tensors: input tensor '                 attn_inp_v_idxs' [i64, ne = {   512,     1,     1,     1 }] is used by node 'cache_v_l16 (view)' (SET_ROWS)
llama_graph_n_input_tensors: input tensor '                 attn_inp_v_idxs' [i64, ne = {   512,     1,     1,     1 }] is used by node 'cache_v_l17 (view)' (SET_ROWS)
llama_graph_n_input_tensors: input tensor '                 attn_inp_v_idxs' [i64, ne = {   512,     1,     1,     1 }] is used by node 'cache_v_l18 (view)' (SET_ROWS)
llama_graph_n_input_tensors: input tensor '                 attn_inp_v_idxs' [i64, ne = {   512,     1,     1,     1 }] is used by node 'cache_v_l19 (view)' (SET_ROWS)
llama_graph_n_input_tensors: input tensor '                 attn_inp_v_idxs' [i64, ne = {   512,     1,     1,     1 }] is used by node 'cache_v_l20 (view)' (SET_ROWS)
llama_graph_n_input_tensors: input tensor '                 attn_inp_v_idxs' [i64, ne = {   512,     1,     1,     1 }] is used by node 'cache_v_l21 (view)' (SET_ROWS)
llama_graph_n_input_tensors: input tensor '                 attn_inp_v_idxs' [i64, ne = {   512,     1,     1,     1 }] is used by node 'cache_v_l22 (view)' (SET_ROWS)
llama_graph_n_input_tensors: input tensor '                 attn_inp_v_idxs' [i64, ne = {   512,     1,     1,     1 }] is used by node 'cache_v_l23 (view)' (SET_ROWS)
llama_graph_n_input_tensors: input tensor '                 attn_inp_k_idxs' [i64, ne = {   512,     1,     1,     1 }] is used by node 'cache_k_l0 (view)' (SET_ROWS)
llama_graph_n_input_tensors: input tensor '                 attn_inp_k_idxs' [i64, ne = {   512,     1,     1,     1 }] is used by node 'cache_k_l1 (view)' (SET_ROWS)
llama_graph_n_input_tensors: input tensor '                 attn_inp_k_idxs' [i64, ne = {   512,     1,     1,     1 }] is used by node 'cache_k_l2 (view)' (SET_ROWS)
llama_graph_n_input_tensors: input tensor '                 attn_inp_k_idxs' [i64, ne = {   512,     1,     1,     1 }] is used by node 'cache_k_l3 (view)' (SET_ROWS)
llama_graph_n_input_tensors: input tensor '                 attn_inp_k_idxs' [i64, ne = {   512,     1,     1,     1 }] is used by node 'cache_k_l4 (view)' (SET_ROWS)
llama_graph_n_input_tensors: input tensor '                 attn_inp_k_idxs' [i64, ne = {   512,     1,     1,     1 }] is used by node 'cache_k_l5 (view)' (SET_ROWS)
llama_graph_n_input_tensors: input tensor '                 attn_inp_k_idxs' [i64, ne = {   512,     1,     1,     1 }] is used by node 'cache_k_l6 (view)' (SET_ROWS)
llama_graph_n_input_tensors: input tensor '                 attn_inp_k_idxs' [i64, ne = {   512,     1,     1,     1 }] is used by node 'cache_k_l7 (view)' (SET_ROWS)
llama_graph_n_input_tensors: input tensor '                 attn_inp_k_idxs' [i64, ne = {   512,     1,     1,     1 }] is used by node 'cache_k_l8 (view)' (SET_ROWS)
llama_graph_n_input_tensors: input tensor '                 attn_inp_k_idxs' [i64, ne = {   512,     1,     1,     1 }] is used by node 'cache_k_l9 (view)' (SET_ROWS)
llama_graph_n_input_tensors: input tensor '                 attn_inp_k_idxs' [i64, ne = {   512,     1,     1,     1 }] is used by node 'cache_k_l10 (view)' (SET_ROWS)
llama_graph_n_input_tensors: input tensor '                 attn_inp_k_idxs' [i64, ne = {   512,     1,     1,     1 }] is used by node 'cache_k_l11 (view)' (SET_ROWS)
llama_graph_n_input_tensors: input tensor '                 attn_inp_k_idxs' [i64, ne = {   512,     1,     1,     1 }] is used by node 'cache_k_l12 (view)' (SET_ROWS)
llama_graph_n_input_tensors: input tensor '                 attn_inp_k_idxs' [i64, ne = {   512,     1,     1,     1 }] is used by node 'cache_k_l13 (view)' (SET_ROWS)
llama_graph_n_input_tensors: input tensor '                 attn_inp_k_idxs' [i64, ne = {   512,     1,     1,     1 }] is used by node 'cache_k_l14 (view)' (SET_ROWS)
llama_graph_n_input_tensors: input tensor '                 attn_inp_k_idxs' [i64, ne = {   512,     1,     1,     1 }] is used by node 'cache_k_l15 (view)' (SET_ROWS)
llama_graph_n_input_tensors: input tensor '                 attn_inp_k_idxs' [i64, ne = {   512,     1,     1,     1 }] is used by node 'cache_k_l16 (view)' (SET_ROWS)
llama_graph_n_input_tensors: input tensor '                 attn_inp_k_idxs' [i64, ne = {   512,     1,     1,     1 }] is used by node 'cache_k_l17 (view)' (SET_ROWS)
llama_graph_n_input_tensors: input tensor '                 attn_inp_k_idxs' [i64, ne = {   512,     1,     1,     1 }] is used by node 'cache_k_l18 (view)' (SET_ROWS)
llama_graph_n_input_tensors: input tensor '                 attn_inp_k_idxs' [i64, ne = {   512,     1,     1,     1 }] is used by node 'cache_k_l19 (view)' (SET_ROWS)
llama_graph_n_input_tensors: input tensor '                 attn_inp_k_idxs' [i64, ne = {   512,     1,     1,     1 }] is used by node 'cache_k_l20 (view)' (SET_ROWS)
llama_graph_n_input_tensors: input tensor '                 attn_inp_k_idxs' [i64, ne = {   512,     1,     1,     1 }] is used by node 'cache_k_l21 (view)' (SET_ROWS)
llama_graph_n_input_tensors: input tensor '                 attn_inp_k_idxs' [i64, ne = {   512,     1,     1,     1 }] is used by node 'cache_k_l22 (view)' (SET_ROWS)
llama_graph_n_input_tensors: input tensor '                 attn_inp_k_idxs' [i64, ne = {   512,     1,     1,     1 }] is used by node 'cache_k_l23 (view)' (SET_ROWS)
llama_graph_n_input_tensors: input tensor '                         inp_pos' [i32, ne = {   512,     1,     1,     1 }] is used by node 'Qcur-0' (ROPE)
llama_graph_n_input_tensors: input tensor '                         inp_pos' [i32, ne = {   512,     1,     1,     1 }] is used by node 'Kcur-0' (ROPE)
llama_graph_n_input_tensors: input tensor '                         inp_pos' [i32, ne = {   512,     1,     1,     1 }] is used by node 'Qcur-1' (ROPE)
llama_graph_n_input_tensors: input tensor '                         inp_pos' [i32, ne = {   512,     1,     1,     1 }] is used by node 'Kcur-1' (ROPE)
llama_graph_n_input_tensors: input tensor '                         inp_pos' [i32, ne = {   512,     1,     1,     1 }] is used by node 'Qcur-2' (ROPE)
llama_graph_n_input_tensors: input tensor '                         inp_pos' [i32, ne = {   512,     1,     1,     1 }] is used by node 'Kcur-2' (ROPE)
llama_graph_n_input_tensors: input tensor '                         inp_pos' [i32, ne = {   512,     1,     1,     1 }] is used by node 'Qcur-3' (ROPE)
llama_graph_n_input_tensors: input tensor '                         inp_pos' [i32, ne = {   512,     1,     1,     1 }] is used by node 'Kcur-3' (ROPE)
llama_graph_n_input_tensors: input tensor '                         inp_pos' [i32, ne = {   512,     1,     1,     1 }] is used by node 'Qcur-4' (ROPE)
llama_graph_n_input_tensors: input tensor '                         inp_pos' [i32, ne = {   512,     1,     1,     1 }] is used by node 'Kcur-4' (ROPE)
llama_graph_n_input_tensors: input tensor '                         inp_pos' [i32, ne = {   512,     1,     1,     1 }] is used by node 'Qcur-5' (ROPE)
llama_graph_n_input_tensors: input tensor '                         inp_pos' [i32, ne = {   512,     1,     1,     1 }] is used by node 'Kcur-5' (ROPE)
llama_graph_n_input_tensors: input tensor '                         inp_pos' [i32, ne = {   512,     1,     1,     1 }] is used by node 'Qcur-6' (ROPE)
llama_graph_n_input_tensors: input tensor '                         inp_pos' [i32, ne = {   512,     1,     1,     1 }] is used by node 'Kcur-6' (ROPE)
llama_graph_n_input_tensors: input tensor '                         inp_pos' [i32, ne = {   512,     1,     1,     1 }] is used by node 'Qcur-7' (ROPE)
llama_graph_n_input_tensors: input tensor '                         inp_pos' [i32, ne = {   512,     1,     1,     1 }] is used by node 'Kcur-7' (ROPE)
llama_graph_n_input_tensors: input tensor '                         inp_pos' [i32, ne = {   512,     1,     1,     1 }] is used by node 'Qcur-8' (ROPE)
llama_graph_n_input_tensors: input tensor '                         inp_pos' [i32, ne = {   512,     1,     1,     1 }] is used by node 'Kcur-8' (ROPE)
llama_graph_n_input_tensors: input tensor '                         inp_pos' [i32, ne = {   512,     1,     1,     1 }] is used by node 'Qcur-9' (ROPE)
llama_graph_n_input_tensors: input tensor '                         inp_pos' [i32, ne = {   512,     1,     1,     1 }] is used by node 'Kcur-9' (ROPE)
llama_graph_n_input_tensors: input tensor '                         inp_pos' [i32, ne = {   512,     1,     1,     1 }] is used by node 'Qcur-10' (ROPE)
llama_graph_n_input_tensors: input tensor '                         inp_pos' [i32, ne = {   512,     1,     1,     1 }] is used by node 'Kcur-10' (ROPE)
llama_graph_n_input_tensors: input tensor '                         inp_pos' [i32, ne = {   512,     1,     1,     1 }] is used by node 'Qcur-11' (ROPE)
llama_graph_n_input_tensors: input tensor '                         inp_pos' [i32, ne = {   512,     1,     1,     1 }] is used by node 'Kcur-11' (ROPE)
llama_graph_n_input_tensors: input tensor '                         inp_pos' [i32, ne = {   512,     1,     1,     1 }] is used by node 'Qcur-12' (ROPE)
llama_graph_n_input_tensors: input tensor '                         inp_pos' [i32, ne = {   512,     1,     1,     1 }] is used by node 'Kcur-12' (ROPE)
llama_graph_n_input_tensors: input tensor '                         inp_pos' [i32, ne = {   512,     1,     1,     1 }] is used by node 'Qcur-13' (ROPE)
llama_graph_n_input_tensors: input tensor '                         inp_pos' [i32, ne = {   512,     1,     1,     1 }] is used by node 'Kcur-13' (ROPE)
llama_graph_n_input_tensors: input tensor '                         inp_pos' [i32, ne = {   512,     1,     1,     1 }] is used by node 'Qcur-14' (ROPE)
llama_graph_n_input_tensors: input tensor '                         inp_pos' [i32, ne = {   512,     1,     1,     1 }] is used by node 'Kcur-14' (ROPE)
llama_graph_n_input_tensors: input tensor '                         inp_pos' [i32, ne = {   512,     1,     1,     1 }] is used by node 'Qcur-15' (ROPE)
llama_graph_n_input_tensors: input tensor '                         inp_pos' [i32, ne = {   512,     1,     1,     1 }] is used by node 'Kcur-15' (ROPE)
llama_graph_n_input_tensors: input tensor '                         inp_pos' [i32, ne = {   512,     1,     1,     1 }] is used by node 'Qcur-16' (ROPE)
llama_graph_n_input_tensors: input tensor '                         inp_pos' [i32, ne = {   512,     1,     1,     1 }] is used by node 'Kcur-16' (ROPE)
llama_graph_n_input_tensors: input tensor '                         inp_pos' [i32, ne = {   512,     1,     1,     1 }] is used by node 'Qcur-17' (ROPE)
llama_graph_n_input_tensors: input tensor '                         inp_pos' [i32, ne = {   512,     1,     1,     1 }] is used by node 'Kcur-17' (ROPE)
llama_graph_n_input_tensors: input tensor '                         inp_pos' [i32, ne = {   512,     1,     1,     1 }] is used by node 'Qcur-18' (ROPE)
llama_graph_n_input_tensors: input tensor '                         inp_pos' [i32, ne = {   512,     1,     1,     1 }] is used by node 'Kcur-18' (ROPE)
llama_graph_n_input_tensors: input tensor '                         inp_pos' [i32, ne = {   512,     1,     1,     1 }] is used by node 'Qcur-19' (ROPE)
llama_graph_n_input_tensors: input tensor '                         inp_pos' [i32, ne = {   512,     1,     1,     1 }] is used by node 'Kcur-19' (ROPE)
llama_graph_n_input_tensors: input tensor '                         inp_pos' [i32, ne = {   512,     1,     1,     1 }] is used by node 'Qcur-20' (ROPE)
llama_graph_n_input_tensors: input tensor '                         inp_pos' [i32, ne = {   512,     1,     1,     1 }] is used by node 'Kcur-20' (ROPE)
llama_graph_n_input_tensors: input tensor '                         inp_pos' [i32, ne = {   512,     1,     1,     1 }] is used by node 'Qcur-21' (ROPE)
llama_graph_n_input_tensors: input tensor '                         inp_pos' [i32, ne = {   512,     1,     1,     1 }] is used by node 'Kcur-21' (ROPE)
llama_graph_n_input_tensors: input tensor '                         inp_pos' [i32, ne = {   512,     1,     1,     1 }] is used by node 'Qcur-22' (ROPE)
llama_graph_n_input_tensors: input tensor '                         inp_pos' [i32, ne = {   512,     1,     1,     1 }] is used by node 'Kcur-22' (ROPE)
llama_graph_n_input_tensors: input tensor '                         inp_pos' [i32, ne = {   512,     1,     1,     1 }] is used by node 'Qcur-23' (ROPE)
llama_graph_n_input_tensors: input tensor '                         inp_pos' [i32, ne = {   512,     1,     1,     1 }] is used by node 'Kcur-23' (ROPE)
llama_graph_n_input_tensors: input tensor '                      inp_tokens' [i32, ne = {   512,     1,     1,     1 }] is used by node 'embd' (GET_ROWS)
graph_reserve: reserving a graph for ubatch with n_tokens =    1, n_seqs =  1, n_outputs =    1
llama_graph_n_input_tensors: input tensor '                         out_ids' [i32, ne = {     1,     1,     1,     1 }] is used by node 'node_809' (GET_ROWS)
llama_graph_n_input_tensors: input tensor '                         out_ids' [i32, ne = {     1,     1,     1,     1 }] is used by node 'node_810' (GET_ROWS)
llama_graph_n_input_tensors: input tensor '                attn_inp_kq_mask' [f16, ne = {  4096,     1,     1,     1 }] is used by node 'node_24' (FLASH_ATTN_EXT)
llama_graph_n_input_tensors: input tensor '                attn_inp_kq_mask' [f16, ne = {  4096,     1,     1,     1 }] is used by node 'node_58' (FLASH_ATTN_EXT)
llama_graph_n_input_tensors: input tensor '                attn_inp_kq_mask' [f16, ne = {  4096,     1,     1,     1 }] is used by node 'node_92' (FLASH_ATTN_EXT)
llama_graph_n_input_tensors: input tensor '                attn_inp_kq_mask' [f16, ne = {  4096,     1,     1,     1 }] is used by node 'node_126' (FLASH_ATTN_EXT)
llama_graph_n_input_tensors: input tensor '                attn_inp_kq_mask' [f16, ne = {  4096,     1,     1,     1 }] is used by node 'node_160' (FLASH_ATTN_EXT)
llama_graph_n_input_tensors: input tensor '                attn_inp_kq_mask' [f16, ne = {  4096,     1,     1,     1 }] is used by node 'node_194' (FLASH_ATTN_EXT)
llama_graph_n_input_tensors: input tensor '                attn_inp_kq_mask' [f16, ne = {  4096,     1,     1,     1 }] is used by node 'node_228' (FLASH_ATTN_EXT)
llama_graph_n_input_tensors: input tensor '                attn_inp_kq_mask' [f16, ne = {  4096,     1,     1,     1 }] is used by node 'node_262' (FLASH_ATTN_EXT)
llama_graph_n_input_tensors: input tensor '                attn_inp_kq_mask' [f16, ne = {  4096,     1,     1,     1 }] is used by node 'node_296' (FLASH_ATTN_EXT)
llama_graph_n_input_tensors: input tensor '                attn_inp_kq_mask' [f16, ne = {  4096,     1,     1,     1 }] is used by node 'node_330' (FLASH_ATTN_EXT)
llama_graph_n_input_tensors: input tensor '                attn_inp_kq_mask' [f16, ne = {  4096,     1,     1,     1 }] is used by node 'node_364' (FLASH_ATTN_EXT)
llama_graph_n_input_tensors: input tensor '                attn_inp_kq_mask' [f16, ne = {  4096,     1,     1,     1 }] is used by node 'node_398' (FLASH_ATTN_EXT)
llama_graph_n_input_tensors: input tensor '                attn_inp_kq_mask' [f16, ne = {  4096,     1,     1,     1 }] is used by node 'node_432' (FLASH_ATTN_EXT)
llama_graph_n_input_tensors: input tensor '                attn_inp_kq_mask' [f16, ne = {  4096,     1,     1,     1 }] is used by node 'node_466' (FLASH_ATTN_EXT)
llama_graph_n_input_tensors: input tensor '                attn_inp_kq_mask' [f16, ne = {  4096,     1,     1,     1 }] is used by node 'node_500' (FLASH_ATTN_EXT)
llama_graph_n_input_tensors: input tensor '                attn_inp_kq_mask' [f16, ne = {  4096,     1,     1,     1 }] is used by node 'node_534' (FLASH_ATTN_EXT)
llama_graph_n_input_tensors: input tensor '                attn_inp_kq_mask' [f16, ne = {  4096,     1,     1,     1 }] is used by node 'node_568' (FLASH_ATTN_EXT)
llama_graph_n_input_tensors: input tensor '                attn_inp_kq_mask' [f16, ne = {  4096,     1,     1,     1 }] is used by node 'node_602' (FLASH_ATTN_EXT)
llama_graph_n_input_tensors: input tensor '                attn_inp_kq_mask' [f16, ne = {  4096,     1,     1,     1 }] is used by node 'node_636' (FLASH_ATTN_EXT)
llama_graph_n_input_tensors: input tensor '                attn_inp_kq_mask' [f16, ne = {  4096,     1,     1,     1 }] is used by node 'node_670' (FLASH_ATTN_EXT)
llama_graph_n_input_tensors: input tensor '                attn_inp_kq_mask' [f16, ne = {  4096,     1,     1,     1 }] is used by node 'node_704' (FLASH_ATTN_EXT)
llama_graph_n_input_tensors: input tensor '                attn_inp_kq_mask' [f16, ne = {  4096,     1,     1,     1 }] is used by node 'node_738' (FLASH_ATTN_EXT)
llama_graph_n_input_tensors: input tensor '                attn_inp_kq_mask' [f16, ne = {  4096,     1,     1,     1 }] is used by node 'node_772' (FLASH_ATTN_EXT)
llama_graph_n_input_tensors: input tensor '                attn_inp_kq_mask' [f16, ne = {  4096,     1,     1,     1 }] is used by node 'node_806' (FLASH_ATTN_EXT)
llama_graph_n_input_tensors: input tensor '                 attn_inp_v_idxs' [i64, ne = {     1,     1,     1,     1 }] is used by node 'cache_v_l0 (view)' (SET_ROWS)
llama_graph_n_input_tensors: input tensor '                 attn_inp_v_idxs' [i64, ne = {     1,     1,     1,     1 }] is used by node 'cache_v_l1 (view)' (SET_ROWS)
llama_graph_n_input_tensors: input tensor '                 attn_inp_v_idxs' [i64, ne = {     1,     1,     1,     1 }] is used by node 'cache_v_l2 (view)' (SET_ROWS)
llama_graph_n_input_tensors: input tensor '                 attn_inp_v_idxs' [i64, ne = {     1,     1,     1,     1 }] is used by node 'cache_v_l3 (view)' (SET_ROWS)
llama_graph_n_input_tensors: input tensor '                 attn_inp_v_idxs' [i64, ne = {     1,     1,     1,     1 }] is used by node 'cache_v_l4 (view)' (SET_ROWS)
llama_graph_n_input_tensors: input tensor '                 attn_inp_v_idxs' [i64, ne = {     1,     1,     1,     1 }] is used by node 'cache_v_l5 (view)' (SET_ROWS)
llama_graph_n_input_tensors: input tensor '                 attn_inp_v_idxs' [i64, ne = {     1,     1,     1,     1 }] is used by node 'cache_v_l6 (view)' (SET_ROWS)
llama_graph_n_input_tensors: input tensor '                 attn_inp_v_idxs' [i64, ne = {     1,     1,     1,     1 }] is used by node 'cache_v_l7 (view)' (SET_ROWS)
llama_graph_n_input_tensors: input tensor '                 attn_inp_v_idxs' [i64, ne = {     1,     1,     1,     1 }] is used by node 'cache_v_l8 (view)' (SET_ROWS)
llama_graph_n_input_tensors: input tensor '                 attn_inp_v_idxs' [i64, ne = {     1,     1,     1,     1 }] is used by node 'cache_v_l9 (view)' (SET_ROWS)
llama_graph_n_input_tensors: input tensor '                 attn_inp_v_idxs' [i64, ne = {     1,     1,     1,     1 }] is used by node 'cache_v_l10 (view)' (SET_ROWS)
llama_graph_n_input_tensors: input tensor '                 attn_inp_v_idxs' [i64, ne = {     1,     1,     1,     1 }] is used by node 'cache_v_l11 (view)' (SET_ROWS)
llama_graph_n_input_tensors: input tensor '                 attn_inp_v_idxs' [i64, ne = {     1,     1,     1,     1 }] is used by node 'cache_v_l12 (view)' (SET_ROWS)
llama_graph_n_input_tensors: input tensor '                 attn_inp_v_idxs' [i64, ne = {     1,     1,     1,     1 }] is used by node 'cache_v_l13 (view)' (SET_ROWS)
llama_graph_n_input_tensors: input tensor '                 attn_inp_v_idxs' [i64, ne = {     1,     1,     1,     1 }] is used by node 'cache_v_l14 (view)' (SET_ROWS)
llama_graph_n_input_tensors: input tensor '                 attn_inp_v_idxs' [i64, ne = {     1,     1,     1,     1 }] is used by node 'cache_v_l15 (view)' (SET_ROWS)
llama_graph_n_input_tensors: input tensor '                 attn_inp_v_idxs' [i64, ne = {     1,     1,     1,     1 }] is used by node 'cache_v_l16 (view)' (SET_ROWS)
llama_graph_n_input_tensors: input tensor '                 attn_inp_v_idxs' [i64, ne = {     1,     1,     1,     1 }] is used by node 'cache_v_l17 (view)' (SET_ROWS)
llama_graph_n_input_tensors: input tensor '                 attn_inp_v_idxs' [i64, ne = {     1,     1,     1,     1 }] is used by node 'cache_v_l18 (view)' (SET_ROWS)
llama_graph_n_input_tensors: input tensor '                 attn_inp_v_idxs' [i64, ne = {     1,     1,     1,     1 }] is used by node 'cache_v_l19 (view)' (SET_ROWS)
llama_graph_n_input_tensors: input tensor '                 attn_inp_v_idxs' [i64, ne = {     1,     1,     1,     1 }] is used by node 'cache_v_l20 (view)' (SET_ROWS)
llama_graph_n_input_tensors: input tensor '                 attn_inp_v_idxs' [i64, ne = {     1,     1,     1,     1 }] is used by node 'cache_v_l21 (view)' (SET_ROWS)
llama_graph_n_input_tensors: input tensor '                 attn_inp_v_idxs' [i64, ne = {     1,     1,     1,     1 }] is used by node 'cache_v_l22 (view)' (SET_ROWS)
llama_graph_n_input_tensors: input tensor '                 attn_inp_v_idxs' [i64, ne = {     1,     1,     1,     1 }] is used by node 'cache_v_l23 (view)' (SET_ROWS)
llama_graph_n_input_tensors: input tensor '                 attn_inp_k_idxs' [i64, ne = {     1,     1,     1,     1 }] is used by node 'cache_k_l0 (view)' (SET_ROWS)
llama_graph_n_input_tensors: input tensor '                 attn_inp_k_idxs' [i64, ne = {     1,     1,     1,     1 }] is used by node 'cache_k_l1 (view)' (SET_ROWS)
llama_graph_n_input_tensors: input tensor '                 attn_inp_k_idxs' [i64, ne = {     1,     1,     1,     1 }] is used by node 'cache_k_l2 (view)' (SET_ROWS)
llama_graph_n_input_tensors: input tensor '                 attn_inp_k_idxs' [i64, ne = {     1,     1,     1,     1 }] is used by node 'cache_k_l3 (view)' (SET_ROWS)
llama_graph_n_input_tensors: input tensor '                 attn_inp_k_idxs' [i64, ne = {     1,     1,     1,     1 }] is used by node 'cache_k_l4 (view)' (SET_ROWS)
llama_graph_n_input_tensors: input tensor '                 attn_inp_k_idxs' [i64, ne = {     1,     1,     1,     1 }] is used by node 'cache_k_l5 (view)' (SET_ROWS)
llama_graph_n_input_tensors: input tensor '                 attn_inp_k_idxs' [i64, ne = {     1,     1,     1,     1 }] is used by node 'cache_k_l6 (view)' (SET_ROWS)
llama_graph_n_input_tensors: input tensor '                 attn_inp_k_idxs' [i64, ne = {     1,     1,     1,     1 }] is used by node 'cache_k_l7 (view)' (SET_ROWS)
llama_graph_n_input_tensors: input tensor '                 attn_inp_k_idxs' [i64, ne = {     1,     1,     1,     1 }] is used by node 'cache_k_l8 (view)' (SET_ROWS)
llama_graph_n_input_tensors: input tensor '                 attn_inp_k_idxs' [i64, ne = {     1,     1,     1,     1 }] is used by node 'cache_k_l9 (view)' (SET_ROWS)
llama_graph_n_input_tensors: input tensor '                 attn_inp_k_idxs' [i64, ne = {     1,     1,     1,     1 }] is used by node 'cache_k_l10 (view)' (SET_ROWS)
llama_graph_n_input_tensors: input tensor '                 attn_inp_k_idxs' [i64, ne = {     1,     1,     1,     1 }] is used by node 'cache_k_l11 (view)' (SET_ROWS)
llama_graph_n_input_tensors: input tensor '                 attn_inp_k_idxs' [i64, ne = {     1,     1,     1,     1 }] is used by node 'cache_k_l12 (view)' (SET_ROWS)
llama_graph_n_input_tensors: input tensor '                 attn_inp_k_idxs' [i64, ne = {     1,     1,     1,     1 }] is used by node 'cache_k_l13 (view)' (SET_ROWS)
llama_graph_n_input_tensors: input tensor '                 attn_inp_k_idxs' [i64, ne = {     1,     1,     1,     1 }] is used by node 'cache_k_l14 (view)' (SET_ROWS)
llama_graph_n_input_tensors: input tensor '                 attn_inp_k_idxs' [i64, ne = {     1,     1,     1,     1 }] is used by node 'cache_k_l15 (view)' (SET_ROWS)
llama_graph_n_input_tensors: input tensor '                 attn_inp_k_idxs' [i64, ne = {     1,     1,     1,     1 }] is used by node 'cache_k_l16 (view)' (SET_ROWS)
llama_graph_n_input_tensors: input tensor '                 attn_inp_k_idxs' [i64, ne = {     1,     1,     1,     1 }] is used by node 'cache_k_l17 (view)' (SET_ROWS)
llama_graph_n_input_tensors: input tensor '                 attn_inp_k_idxs' [i64, ne = {     1,     1,     1,     1 }] is used by node 'cache_k_l18 (view)' (SET_ROWS)
llama_graph_n_input_tensors: input tensor '                 attn_inp_k_idxs' [i64, ne = {     1,     1,     1,     1 }] is used by node 'cache_k_l19 (view)' (SET_ROWS)
llama_graph_n_input_tensors: input tensor '                 attn_inp_k_idxs' [i64, ne = {     1,     1,     1,     1 }] is used by node 'cache_k_l20 (view)' (SET_ROWS)
llama_graph_n_input_tensors: input tensor '                 attn_inp_k_idxs' [i64, ne = {     1,     1,     1,     1 }] is used by node 'cache_k_l21 (view)' (SET_ROWS)
llama_graph_n_input_tensors: input tensor '                 attn_inp_k_idxs' [i64, ne = {     1,     1,     1,     1 }] is used by node 'cache_k_l22 (view)' (SET_ROWS)
llama_graph_n_input_tensors: input tensor '                 attn_inp_k_idxs' [i64, ne = {     1,     1,     1,     1 }] is used by node 'cache_k_l23 (view)' (SET_ROWS)
llama_graph_n_input_tensors: input tensor '                         inp_pos' [i32, ne = {     1,     1,     1,     1 }] is used by node 'Qcur-0' (ROPE)
llama_graph_n_input_tensors: input tensor '                         inp_pos' [i32, ne = {     1,     1,     1,     1 }] is used by node 'Kcur-0' (ROPE)
llama_graph_n_input_tensors: input tensor '                         inp_pos' [i32, ne = {     1,     1,     1,     1 }] is used by node 'Qcur-1' (ROPE)
llama_graph_n_input_tensors: input tensor '                         inp_pos' [i32, ne = {     1,     1,     1,     1 }] is used by node 'Kcur-1' (ROPE)
llama_graph_n_input_tensors: input tensor '                         inp_pos' [i32, ne = {     1,     1,     1,     1 }] is used by node 'Qcur-2' (ROPE)
llama_graph_n_input_tensors: input tensor '                         inp_pos' [i32, ne = {     1,     1,     1,     1 }] is used by node 'Kcur-2' (ROPE)
llama_graph_n_input_tensors: input tensor '                         inp_pos' [i32, ne = {     1,     1,     1,     1 }] is used by node 'Qcur-3' (ROPE)
llama_graph_n_input_tensors: input tensor '                         inp_pos' [i32, ne = {     1,     1,     1,     1 }] is used by node 'Kcur-3' (ROPE)
llama_graph_n_input_tensors: input tensor '                         inp_pos' [i32, ne = {     1,     1,     1,     1 }] is used by node 'Qcur-4' (ROPE)
llama_graph_n_input_tensors: input tensor '                         inp_pos' [i32, ne = {     1,     1,     1,     1 }] is used by node 'Kcur-4' (ROPE)
llama_graph_n_input_tensors: input tensor '                         inp_pos' [i32, ne = {     1,     1,     1,     1 }] is used by node 'Qcur-5' (ROPE)
llama_graph_n_input_tensors: input tensor '                         inp_pos' [i32, ne = {     1,     1,     1,     1 }] is used by node 'Kcur-5' (ROPE)
llama_graph_n_input_tensors: input tensor '                         inp_pos' [i32, ne = {     1,     1,     1,     1 }] is used by node 'Qcur-6' (ROPE)
llama_graph_n_input_tensors: input tensor '                         inp_pos' [i32, ne = {     1,     1,     1,     1 }] is used by node 'Kcur-6' (ROPE)
llama_graph_n_input_tensors: input tensor '                         inp_pos' [i32, ne = {     1,     1,     1,     1 }] is used by node 'Qcur-7' (ROPE)
llama_graph_n_input_tensors: input tensor '                         inp_pos' [i32, ne = {     1,     1,     1,     1 }] is used by node 'Kcur-7' (ROPE)
llama_graph_n_input_tensors: input tensor '                         inp_pos' [i32, ne = {     1,     1,     1,     1 }] is used by node 'Qcur-8' (ROPE)
llama_graph_n_input_tensors: input tensor '                         inp_pos' [i32, ne = {     1,     1,     1,     1 }] is used by node 'Kcur-8' (ROPE)
llama_graph_n_input_tensors: input tensor '                         inp_pos' [i32, ne = {     1,     1,     1,     1 }] is used by node 'Qcur-9' (ROPE)
llama_graph_n_input_tensors: input tensor '                         inp_pos' [i32, ne = {     1,     1,     1,     1 }] is used by node 'Kcur-9' (ROPE)
llama_graph_n_input_tensors: input tensor '                         inp_pos' [i32, ne = {     1,     1,     1,     1 }] is used by node 'Qcur-10' (ROPE)
llama_graph_n_input_tensors: input tensor '                         inp_pos' [i32, ne = {     1,     1,     1,     1 }] is used by node 'Kcur-10' (ROPE)
llama_graph_n_input_tensors: input tensor '                         inp_pos' [i32, ne = {     1,     1,     1,     1 }] is used by node 'Qcur-11' (ROPE)
llama_graph_n_input_tensors: input tensor '                         inp_pos' [i32, ne = {     1,     1,     1,     1 }] is used by node 'Kcur-11' (ROPE)
llama_graph_n_input_tensors: input tensor '                         inp_pos' [i32, ne = {     1,     1,     1,     1 }] is used by node 'Qcur-12' (ROPE)
llama_graph_n_input_tensors: input tensor '                         inp_pos' [i32, ne = {     1,     1,     1,     1 }] is used by node 'Kcur-12' (ROPE)
llama_graph_n_input_tensors: input tensor '                         inp_pos' [i32, ne = {     1,     1,     1,     1 }] is used by node 'Qcur-13' (ROPE)
llama_graph_n_input_tensors: input tensor '                         inp_pos' [i32, ne = {     1,     1,     1,     1 }] is used by node 'Kcur-13' (ROPE)
llama_graph_n_input_tensors: input tensor '                         inp_pos' [i32, ne = {     1,     1,     1,     1 }] is used by node 'Qcur-14' (ROPE)
llama_graph_n_input_tensors: input tensor '                         inp_pos' [i32, ne = {     1,     1,     1,     1 }] is used by node 'Kcur-14' (ROPE)
llama_graph_n_input_tensors: input tensor '                         inp_pos' [i32, ne = {     1,     1,     1,     1 }] is used by node 'Qcur-15' (ROPE)
llama_graph_n_input_tensors: input tensor '                         inp_pos' [i32, ne = {     1,     1,     1,     1 }] is used by node 'Kcur-15' (ROPE)
llama_graph_n_input_tensors: input tensor '                         inp_pos' [i32, ne = {     1,     1,     1,     1 }] is used by node 'Qcur-16' (ROPE)
llama_graph_n_input_tensors: input tensor '                         inp_pos' [i32, ne = {     1,     1,     1,     1 }] is used by node 'Kcur-16' (ROPE)
llama_graph_n_input_tensors: input tensor '                         inp_pos' [i32, ne = {     1,     1,     1,     1 }] is used by node 'Qcur-17' (ROPE)
llama_graph_n_input_tensors: input tensor '                         inp_pos' [i32, ne = {     1,     1,     1,     1 }] is used by node 'Kcur-17' (ROPE)
llama_graph_n_input_tensors: input tensor '                         inp_pos' [i32, ne = {     1,     1,     1,     1 }] is used by node 'Qcur-18' (ROPE)
llama_graph_n_input_tensors: input tensor '                         inp_pos' [i32, ne = {     1,     1,     1,     1 }] is used by node 'Kcur-18' (ROPE)
llama_graph_n_input_tensors: input tensor '                         inp_pos' [i32, ne = {     1,     1,     1,     1 }] is used by node 'Qcur-19' (ROPE)
llama_graph_n_input_tensors: input tensor '                         inp_pos' [i32, ne = {     1,     1,     1,     1 }] is used by node 'Kcur-19' (ROPE)
llama_graph_n_input_tensors: input tensor '                         inp_pos' [i32, ne = {     1,     1,     1,     1 }] is used by node 'Qcur-20' (ROPE)
llama_graph_n_input_tensors: input tensor '                         inp_pos' [i32, ne = {     1,     1,     1,     1 }] is used by node 'Kcur-20' (ROPE)
llama_graph_n_input_tensors: input tensor '                         inp_pos' [i32, ne = {     1,     1,     1,     1 }] is used by node 'Qcur-21' (ROPE)
llama_graph_n_input_tensors: input tensor '                         inp_pos' [i32, ne = {     1,     1,     1,     1 }] is used by node 'Kcur-21' (ROPE)
llama_graph_n_input_tensors: input tensor '                         inp_pos' [i32, ne = {     1,     1,     1,     1 }] is used by node 'Qcur-22' (ROPE)
llama_graph_n_input_tensors: input tensor '                         inp_pos' [i32, ne = {     1,     1,     1,     1 }] is used by node 'Kcur-22' (ROPE)
llama_graph_n_input_tensors: input tensor '                         inp_pos' [i32, ne = {     1,     1,     1,     1 }] is used by node 'Qcur-23' (ROPE)
llama_graph_n_input_tensors: input tensor '                         inp_pos' [i32, ne = {     1,     1,     1,     1 }] is used by node 'Kcur-23' (ROPE)
llama_graph_n_input_tensors: input tensor '                      inp_tokens' [i32, ne = {     1,     1,     1,     1 }] is used by node 'embd' (GET_ROWS)
graph_reserve: reserving a graph for ubatch with n_tokens =  512, n_seqs =  1, n_outputs =  512
llama_graph_n_input_tensors: input tensor '                         out_ids' [i32, ne = {   512,     1,     1,     1 }] is used by node 'node_809' (GET_ROWS)
llama_graph_n_input_tensors: input tensor '                         out_ids' [i32, ne = {   512,     1,     1,     1 }] is used by node 'node_810' (GET_ROWS)
llama_graph_n_input_tensors: input tensor '                attn_inp_kq_mask' [f16, ne = {  4096,   512,     1,     1 }] is used by node 'node_24' (FLASH_ATTN_EXT)
llama_graph_n_input_tensors: input tensor '                attn_inp_kq_mask' [f16, ne = {  4096,   512,     1,     1 }] is used by node 'node_58' (FLASH_ATTN_EXT)
llama_graph_n_input_tensors: input tensor '                attn_inp_kq_mask' [f16, ne = {  4096,   512,     1,     1 }] is used by node 'node_92' (FLASH_ATTN_EXT)
llama_graph_n_input_tensors: input tensor '                attn_inp_kq_mask' [f16, ne = {  4096,   512,     1,     1 }] is used by node 'node_126' (FLASH_ATTN_EXT)
llama_graph_n_input_tensors: input tensor '                attn_inp_kq_mask' [f16, ne = {  4096,   512,     1,     1 }] is used by node 'node_160' (FLASH_ATTN_EXT)
llama_graph_n_input_tensors: input tensor '                attn_inp_kq_mask' [f16, ne = {  4096,   512,     1,     1 }] is used by node 'node_194' (FLASH_ATTN_EXT)
llama_graph_n_input_tensors: input tensor '                attn_inp_kq_mask' [f16, ne = {  4096,   512,     1,     1 }] is used by node 'node_228' (FLASH_ATTN_EXT)
llama_graph_n_input_tensors: input tensor '                attn_inp_kq_mask' [f16, ne = {  4096,   512,     1,     1 }] is used by node 'node_262' (FLASH_ATTN_EXT)
llama_graph_n_input_tensors: input tensor '                attn_inp_kq_mask' [f16, ne = {  4096,   512,     1,     1 }] is used by node 'node_296' (FLASH_ATTN_EXT)
llama_graph_n_input_tensors: input tensor '                attn_inp_kq_mask' [f16, ne = {  4096,   512,     1,     1 }] is used by node 'node_330' (FLASH_ATTN_EXT)
llama_graph_n_input_tensors: input tensor '                attn_inp_kq_mask' [f16, ne = {  4096,   512,     1,     1 }] is used by node 'node_364' (FLASH_ATTN_EXT)
llama_graph_n_input_tensors: input tensor '                attn_inp_kq_mask' [f16, ne = {  4096,   512,     1,     1 }] is used by node 'node_398' (FLASH_ATTN_EXT)
llama_graph_n_input_tensors: input tensor '                attn_inp_kq_mask' [f16, ne = {  4096,   512,     1,     1 }] is used by node 'node_432' (FLASH_ATTN_EXT)
llama_graph_n_input_tensors: input tensor '                attn_inp_kq_mask' [f16, ne = {  4096,   512,     1,     1 }] is used by node 'node_466' (FLASH_ATTN_EXT)
llama_graph_n_input_tensors: input tensor '                attn_inp_kq_mask' [f16, ne = {  4096,   512,     1,     1 }] is used by node 'node_500' (FLASH_ATTN_EXT)
llama_graph_n_input_tensors: input tensor '                attn_inp_kq_mask' [f16, ne = {  4096,   512,     1,     1 }] is used by node 'node_534' (FLASH_ATTN_EXT)
llama_graph_n_input_tensors: input tensor '                attn_inp_kq_mask' [f16, ne = {  4096,   512,     1,     1 }] is used by node 'node_568' (FLASH_ATTN_EXT)
llama_graph_n_input_tensors: input tensor '                attn_inp_kq_mask' [f16, ne = {  4096,   512,     1,     1 }] is used by node 'node_602' (FLASH_ATTN_EXT)
llama_graph_n_input_tensors: input tensor '                attn_inp_kq_mask' [f16, ne = {  4096,   512,     1,     1 }] is used by node 'node_636' (FLASH_ATTN_EXT)
llama_graph_n_input_tensors: input tensor '                attn_inp_kq_mask' [f16, ne = {  4096,   512,     1,     1 }] is used by node 'node_670' (FLASH_ATTN_EXT)
llama_graph_n_input_tensors: input tensor '                attn_inp_kq_mask' [f16, ne = {  4096,   512,     1,     1 }] is used by node 'node_704' (FLASH_ATTN_EXT)
llama_graph_n_input_tensors: input tensor '                attn_inp_kq_mask' [f16, ne = {  4096,   512,     1,     1 }] is used by node 'node_738' (FLASH_ATTN_EXT)
llama_graph_n_input_tensors: input tensor '                attn_inp_kq_mask' [f16, ne = {  4096,   512,     1,     1 }] is used by node 'node_772' (FLASH_ATTN_EXT)
llama_graph_n_input_tensors: input tensor '                attn_inp_kq_mask' [f16, ne = {  4096,   512,     1,     1 }] is used by node 'node_806' (FLASH_ATTN_EXT)
llama_graph_n_input_tensors: input tensor '                 attn_inp_v_idxs' [i64, ne = {   512,     1,     1,     1 }] is used by node 'cache_v_l0 (view)' (SET_ROWS)
llama_graph_n_input_tensors: input tensor '                 attn_inp_v_idxs' [i64, ne = {   512,     1,     1,     1 }] is used by node 'cache_v_l1 (view)' (SET_ROWS)
llama_graph_n_input_tensors: input tensor '                 attn_inp_v_idxs' [i64, ne = {   512,     1,     1,     1 }] is used by node 'cache_v_l2 (view)' (SET_ROWS)
llama_graph_n_input_tensors: input tensor '                 attn_inp_v_idxs' [i64, ne = {   512,     1,     1,     1 }] is used by node 'cache_v_l3 (view)' (SET_ROWS)
llama_graph_n_input_tensors: input tensor '                 attn_inp_v_idxs' [i64, ne = {   512,     1,     1,     1 }] is used by node 'cache_v_l4 (view)' (SET_ROWS)
llama_graph_n_input_tensors: input tensor '                 attn_inp_v_idxs' [i64, ne = {   512,     1,     1,     1 }] is used by node 'cache_v_l5 (view)' (SET_ROWS)
llama_graph_n_input_tensors: input tensor '                 attn_inp_v_idxs' [i64, ne = {   512,     1,     1,     1 }] is used by node 'cache_v_l6 (view)' (SET_ROWS)
llama_graph_n_input_tensors: input tensor '                 attn_inp_v_idxs' [i64, ne = {   512,     1,     1,     1 }] is used by node 'cache_v_l7 (view)' (SET_ROWS)
llama_graph_n_input_tensors: input tensor '                 attn_inp_v_idxs' [i64, ne = {   512,     1,     1,     1 }] is used by node 'cache_v_l8 (view)' (SET_ROWS)
llama_graph_n_input_tensors: input tensor '                 attn_inp_v_idxs' [i64, ne = {   512,     1,     1,     1 }] is used by node 'cache_v_l9 (view)' (SET_ROWS)
llama_graph_n_input_tensors: input tensor '                 attn_inp_v_idxs' [i64, ne = {   512,     1,     1,     1 }] is used by node 'cache_v_l10 (view)' (SET_ROWS)
llama_graph_n_input_tensors: input tensor '                 attn_inp_v_idxs' [i64, ne = {   512,     1,     1,     1 }] is used by node 'cache_v_l11 (view)' (SET_ROWS)
llama_graph_n_input_tensors: input tensor '                 attn_inp_v_idxs' [i64, ne = {   512,     1,     1,     1 }] is used by node 'cache_v_l12 (view)' (SET_ROWS)
llama_graph_n_input_tensors: input tensor '                 attn_inp_v_idxs' [i64, ne = {   512,     1,     1,     1 }] is used by node 'cache_v_l13 (view)' (SET_ROWS)
llama_graph_n_input_tensors: input tensor '                 attn_inp_v_idxs' [i64, ne = {   512,     1,     1,     1 }] is used by node 'cache_v_l14 (view)' (SET_ROWS)
llama_graph_n_input_tensors: input tensor '                 attn_inp_v_idxs' [i64, ne = {   512,     1,     1,     1 }] is used by node 'cache_v_l15 (view)' (SET_ROWS)
llama_graph_n_input_tensors: input tensor '                 attn_inp_v_idxs' [i64, ne = {   512,     1,     1,     1 }] is used by node 'cache_v_l16 (view)' (SET_ROWS)
llama_graph_n_input_tensors: input tensor '                 attn_inp_v_idxs' [i64, ne = {   512,     1,     1,     1 }] is used by node 'cache_v_l17 (view)' (SET_ROWS)
llama_graph_n_input_tensors: input tensor '                 attn_inp_v_idxs' [i64, ne = {   512,     1,     1,     1 }] is used by node 'cache_v_l18 (view)' (SET_ROWS)
llama_graph_n_input_tensors: input tensor '                 attn_inp_v_idxs' [i64, ne = {   512,     1,     1,     1 }] is used by node 'cache_v_l19 (view)' (SET_ROWS)
llama_graph_n_input_tensors: input tensor '                 attn_inp_v_idxs' [i64, ne = {   512,     1,     1,     1 }] is used by node 'cache_v_l20 (view)' (SET_ROWS)
llama_graph_n_input_tensors: input tensor '                 attn_inp_v_idxs' [i64, ne = {   512,     1,     1,     1 }] is used by node 'cache_v_l21 (view)' (SET_ROWS)
llama_graph_n_input_tensors: input tensor '                 attn_inp_v_idxs' [i64, ne = {   512,     1,     1,     1 }] is used by node 'cache_v_l22 (view)' (SET_ROWS)
llama_graph_n_input_tensors: input tensor '                 attn_inp_v_idxs' [i64, ne = {   512,     1,     1,     1 }] is used by node 'cache_v_l23 (view)' (SET_ROWS)
llama_graph_n_input_tensors: input tensor '                 attn_inp_k_idxs' [i64, ne = {   512,     1,     1,     1 }] is used by node 'cache_k_l0 (view)' (SET_ROWS)
llama_graph_n_input_tensors: input tensor '                 attn_inp_k_idxs' [i64, ne = {   512,     1,     1,     1 }] is used by node 'cache_k_l1 (view)' (SET_ROWS)
llama_graph_n_input_tensors: input tensor '                 attn_inp_k_idxs' [i64, ne = {   512,     1,     1,     1 }] is used by node 'cache_k_l2 (view)' (SET_ROWS)
llama_graph_n_input_tensors: input tensor '                 attn_inp_k_idxs' [i64, ne = {   512,     1,     1,     1 }] is used by node 'cache_k_l3 (view)' (SET_ROWS)
llama_graph_n_input_tensors: input tensor '                 attn_inp_k_idxs' [i64, ne = {   512,     1,     1,     1 }] is used by node 'cache_k_l4 (view)' (SET_ROWS)
llama_graph_n_input_tensors: input tensor '                 attn_inp_k_idxs' [i64, ne = {   512,     1,     1,     1 }] is used by node 'cache_k_l5 (view)' (SET_ROWS)
llama_graph_n_input_tensors: input tensor '                 attn_inp_k_idxs' [i64, ne = {   512,     1,     1,     1 }] is used by node 'cache_k_l6 (view)' (SET_ROWS)
llama_graph_n_input_tensors: input tensor '                 attn_inp_k_idxs' [i64, ne = {   512,     1,     1,     1 }] is used by node 'cache_k_l7 (view)' (SET_ROWS)
llama_graph_n_input_tensors: input tensor '                 attn_inp_k_idxs' [i64, ne = {   512,     1,     1,     1 }] is used by node 'cache_k_l8 (view)' (SET_ROWS)
llama_graph_n_input_tensors: input tensor '                 attn_inp_k_idxs' [i64, ne = {   512,     1,     1,     1 }] is used by node 'cache_k_l9 (view)' (SET_ROWS)
llama_graph_n_input_tensors: input tensor '                 attn_inp_k_idxs' [i64, ne = {   512,     1,     1,     1 }] is used by node 'cache_k_l10 (view)' (SET_ROWS)
llama_graph_n_input_tensors: input tensor '                 attn_inp_k_idxs' [i64, ne = {   512,     1,     1,     1 }] is used by node 'cache_k_l11 (view)' (SET_ROWS)
llama_graph_n_input_tensors: input tensor '                 attn_inp_k_idxs' [i64, ne = {   512,     1,     1,     1 }] is used by node 'cache_k_l12 (view)' (SET_ROWS)
llama_graph_n_input_tensors: input tensor '                 attn_inp_k_idxs' [i64, ne = {   512,     1,     1,     1 }] is used by node 'cache_k_l13 (view)' (SET_ROWS)
llama_graph_n_input_tensors: input tensor '                 attn_inp_k_idxs' [i64, ne = {   512,     1,     1,     1 }] is used by node 'cache_k_l14 (view)' (SET_ROWS)
llama_graph_n_input_tensors: input tensor '                 attn_inp_k_idxs' [i64, ne = {   512,     1,     1,     1 }] is used by node 'cache_k_l15 (view)' (SET_ROWS)
llama_graph_n_input_tensors: input tensor '                 attn_inp_k_idxs' [i64, ne = {   512,     1,     1,     1 }] is used by node 'cache_k_l16 (view)' (SET_ROWS)
llama_graph_n_input_tensors: input tensor '                 attn_inp_k_idxs' [i64, ne = {   512,     1,     1,     1 }] is used by node 'cache_k_l17 (view)' (SET_ROWS)
llama_graph_n_input_tensors: input tensor '                 attn_inp_k_idxs' [i64, ne = {   512,     1,     1,     1 }] is used by node 'cache_k_l18 (view)' (SET_ROWS)
llama_graph_n_input_tensors: input tensor '                 attn_inp_k_idxs' [i64, ne = {   512,     1,     1,     1 }] is used by node 'cache_k_l19 (view)' (SET_ROWS)
llama_graph_n_input_tensors: input tensor '                 attn_inp_k_idxs' [i64, ne = {   512,     1,     1,     1 }] is used by node 'cache_k_l20 (view)' (SET_ROWS)
llama_graph_n_input_tensors: input tensor '                 attn_inp_k_idxs' [i64, ne = {   512,     1,     1,     1 }] is used by node 'cache_k_l21 (view)' (SET_ROWS)
llama_graph_n_input_tensors: input tensor '                 attn_inp_k_idxs' [i64, ne = {   512,     1,     1,     1 }] is used by node 'cache_k_l22 (view)' (SET_ROWS)
llama_graph_n_input_tensors: input tensor '                 attn_inp_k_idxs' [i64, ne = {   512,     1,     1,     1 }] is used by node 'cache_k_l23 (view)' (SET_ROWS)
llama_graph_n_input_tensors: input tensor '                         inp_pos' [i32, ne = {   512,     1,     1,     1 }] is used by node 'Qcur-0' (ROPE)
llama_graph_n_input_tensors: input tensor '                         inp_pos' [i32, ne = {   512,     1,     1,     1 }] is used by node 'Kcur-0' (ROPE)
llama_graph_n_input_tensors: input tensor '                         inp_pos' [i32, ne = {   512,     1,     1,     1 }] is used by node 'Qcur-1' (ROPE)
llama_graph_n_input_tensors: input tensor '                         inp_pos' [i32, ne = {   512,     1,     1,     1 }] is used by node 'Kcur-1' (ROPE)
llama_graph_n_input_tensors: input tensor '                         inp_pos' [i32, ne = {   512,     1,     1,     1 }] is used by node 'Qcur-2' (ROPE)
llama_graph_n_input_tensors: input tensor '                         inp_pos' [i32, ne = {   512,     1,     1,     1 }] is used by node 'Kcur-2' (ROPE)
llama_graph_n_input_tensors: input tensor '                         inp_pos' [i32, ne = {   512,     1,     1,     1 }] is used by node 'Qcur-3' (ROPE)
llama_graph_n_input_tensors: input tensor '                         inp_pos' [i32, ne = {   512,     1,     1,     1 }] is used by node 'Kcur-3' (ROPE)
llama_graph_n_input_tensors: input tensor '                         inp_pos' [i32, ne = {   512,     1,     1,     1 }] is used by node 'Qcur-4' (ROPE)
llama_graph_n_input_tensors: input tensor '                         inp_pos' [i32, ne = {   512,     1,     1,     1 }] is used by node 'Kcur-4' (ROPE)
llama_graph_n_input_tensors: input tensor '                         inp_pos' [i32, ne = {   512,     1,     1,     1 }] is used by node 'Qcur-5' (ROPE)
llama_graph_n_input_tensors: input tensor '                         inp_pos' [i32, ne = {   512,     1,     1,     1 }] is used by node 'Kcur-5' (ROPE)
llama_graph_n_input_tensors: input tensor '                         inp_pos' [i32, ne = {   512,     1,     1,     1 }] is used by node 'Qcur-6' (ROPE)
llama_graph_n_input_tensors: input tensor '                         inp_pos' [i32, ne = {   512,     1,     1,     1 }] is used by node 'Kcur-6' (ROPE)
llama_graph_n_input_tensors: input tensor '                         inp_pos' [i32, ne = {   512,     1,     1,     1 }] is used by node 'Qcur-7' (ROPE)
llama_graph_n_input_tensors: input tensor '                         inp_pos' [i32, ne = {   512,     1,     1,     1 }] is used by node 'Kcur-7' (ROPE)
llama_graph_n_input_tensors: input tensor '                         inp_pos' [i32, ne = {   512,     1,     1,     1 }] is used by node 'Qcur-8' (ROPE)
llama_graph_n_input_tensors: input tensor '                         inp_pos' [i32, ne = {   512,     1,     1,     1 }] is used by node 'Kcur-8' (ROPE)
llama_graph_n_input_tensors: input tensor '                         inp_pos' [i32, ne = {   512,     1,     1,     1 }] is used by node 'Qcur-9' (ROPE)
llama_graph_n_input_tensors: input tensor '                         inp_pos' [i32, ne = {   512,     1,     1,     1 }] is used by node 'Kcur-9' (ROPE)
llama_graph_n_input_tensors: input tensor '                         inp_pos' [i32, ne = {   512,     1,     1,     1 }] is used by node 'Qcur-10' (ROPE)
llama_graph_n_input_tensors: input tensor '                         inp_pos' [i32, ne = {   512,     1,     1,     1 }] is used by node 'Kcur-10' (ROPE)
llama_graph_n_input_tensors: input tensor '                         inp_pos' [i32, ne = {   512,     1,     1,     1 }] is used by node 'Qcur-11' (ROPE)
llama_graph_n_input_tensors: input tensor '                         inp_pos' [i32, ne = {   512,     1,     1,     1 }] is used by node 'Kcur-11' (ROPE)
llama_graph_n_input_tensors: input tensor '                         inp_pos' [i32, ne = {   512,     1,     1,     1 }] is used by node 'Qcur-12' (ROPE)
llama_graph_n_input_tensors: input tensor '                         inp_pos' [i32, ne = {   512,     1,     1,     1 }] is used by node 'Kcur-12' (ROPE)
llama_graph_n_input_tensors: input tensor '                         inp_pos' [i32, ne = {   512,     1,     1,     1 }] is used by node 'Qcur-13' (ROPE)
llama_graph_n_input_tensors: input tensor '                         inp_pos' [i32, ne = {   512,     1,     1,     1 }] is used by node 'Kcur-13' (ROPE)
llama_graph_n_input_tensors: input tensor '                         inp_pos' [i32, ne = {   512,     1,     1,     1 }] is used by node 'Qcur-14' (ROPE)
llama_graph_n_input_tensors: input tensor '                         inp_pos' [i32, ne = {   512,     1,     1,     1 }] is used by node 'Kcur-14' (ROPE)
llama_graph_n_input_tensors: input tensor '                         inp_pos' [i32, ne = {   512,     1,     1,     1 }] is used by node 'Qcur-15' (ROPE)
llama_graph_n_input_tensors: input tensor '                         inp_pos' [i32, ne = {   512,     1,     1,     1 }] is used by node 'Kcur-15' (ROPE)
llama_graph_n_input_tensors: input tensor '                         inp_pos' [i32, ne = {   512,     1,     1,     1 }] is used by node 'Qcur-16' (ROPE)
llama_graph_n_input_tensors: input tensor '                         inp_pos' [i32, ne = {   512,     1,     1,     1 }] is used by node 'Kcur-16' (ROPE)
llama_graph_n_input_tensors: input tensor '                         inp_pos' [i32, ne = {   512,     1,     1,     1 }] is used by node 'Qcur-17' (ROPE)
llama_graph_n_input_tensors: input tensor '                         inp_pos' [i32, ne = {   512,     1,     1,     1 }] is used by node 'Kcur-17' (ROPE)
llama_graph_n_input_tensors: input tensor '                         inp_pos' [i32, ne = {   512,     1,     1,     1 }] is used by node 'Qcur-18' (ROPE)
llama_graph_n_input_tensors: input tensor '                         inp_pos' [i32, ne = {   512,     1,     1,     1 }] is used by node 'Kcur-18' (ROPE)
llama_graph_n_input_tensors: input tensor '                         inp_pos' [i32, ne = {   512,     1,     1,     1 }] is used by node 'Qcur-19' (ROPE)
llama_graph_n_input_tensors: input tensor '                         inp_pos' [i32, ne = {   512,     1,     1,     1 }] is used by node 'Kcur-19' (ROPE)
llama_graph_n_input_tensors: input tensor '                         inp_pos' [i32, ne = {   512,     1,     1,     1 }] is used by node 'Qcur-20' (ROPE)
llama_graph_n_input_tensors: input tensor '                         inp_pos' [i32, ne = {   512,     1,     1,     1 }] is used by node 'Kcur-20' (ROPE)
llama_graph_n_input_tensors: input tensor '                         inp_pos' [i32, ne = {   512,     1,     1,     1 }] is used by node 'Qcur-21' (ROPE)
llama_graph_n_input_tensors: input tensor '                         inp_pos' [i32, ne = {   512,     1,     1,     1 }] is used by node 'Kcur-21' (ROPE)
llama_graph_n_input_tensors: input tensor '                         inp_pos' [i32, ne = {   512,     1,     1,     1 }] is used by node 'Qcur-22' (ROPE)
llama_graph_n_input_tensors: input tensor '                         inp_pos' [i32, ne = {   512,     1,     1,     1 }] is used by node 'Kcur-22' (ROPE)
llama_graph_n_input_tensors: input tensor '                         inp_pos' [i32, ne = {   512,     1,     1,     1 }] is used by node 'Qcur-23' (ROPE)
llama_graph_n_input_tensors: input tensor '                         inp_pos' [i32, ne = {   512,     1,     1,     1 }] is used by node 'Kcur-23' (ROPE)
llama_graph_n_input_tensors: input tensor '                      inp_tokens' [i32, ne = {   512,     1,     1,     1 }] is used by node 'embd' (GET_ROWS)
sched_reserve:       MTL0 compute buffer size =   298.50 MiB
sched_reserve:        CPU compute buffer size =     7.51 MiB
sched_reserve: graph: nodes = 822, splits = 2, input objects = 4, input tensors = 6
sched_reserve: reserve took 10.76 ms, sched copies = 1
phase55_llama_matrix ready: version=0.5.0-dev commit=84e76d8a23162eca70490da131945ebec1f09bf4 n_ctx=4096 n_batch=2048 n_ubatch=512 kv=bf16 flash_attention=enabled gpu_layers=99
phase55_bench ready: format=GGUF weights=485309184 packed=485166080 tensors=291
ggml_metal_library_compile_pipeline: compiling pipeline: base = 'kernel_rms_norm_mul_f32_4', name = 'kernel_rms_norm_mul_f32_4'
ggml_metal_library_compile_pipeline: loaded kernel_rms_norm_mul_f32_4                     0x1037155c0 | th_max = 1024 | th_width =   32
ggml_metal_library_compile_pipeline: compiling pipeline: base = 'kernel_mul_mv_ext_q5_0_f32_r1_4', name = 'kernel_mul_mv_ext_q5_0_f32_r1_4_nsg=2_nxpsg=8_ne12=1_r2=1_r3=1'
ggml_metal_library_compile_pipeline: loaded kernel_mul_mv_ext_q5_0_f32_r1_4_nsg=2_nxpsg=8_ne12=1_r2=1_r3=1      0x103716040 | th_max = 1024 | th_width =   32
ggml_metal_library_compile_pipeline: compiling pipeline: base = 'kernel_mul_mv_ext_q8_0_f32_r1_4', name = 'kernel_mul_mv_ext_q8_0_f32_r1_4_nsg=2_nxpsg=8_ne12=1_r2=1_r3=1'
ggml_metal_library_compile_pipeline: loaded kernel_mul_mv_ext_q8_0_f32_r1_4_nsg=2_nxpsg=8_ne12=1_r2=1_r3=1      0x1037165c0 | th_max = 1024 | th_width =   32
ggml_metal_library_compile_pipeline: compiling pipeline: base = 'kernel_bin_fuse_f32_f32_f32_4', name = 'kernel_bin_fuse_f32_f32_f32_4_op=0_nf=1_rb=1_cb=0'
ggml_metal_library_compile_pipeline: loaded kernel_bin_fuse_f32_f32_f32_4_op=0_nf=1_rb=1_cb=0      0x103716940 | th_max = 1024 | th_width =   32
ggml_metal_library_compile_pipeline: compiling pipeline: base = 'kernel_rope_neox_f32', name = 'kernel_rope_neox_f32_imrope=0_is_back=0'
ggml_metal_library_compile_pipeline: loaded kernel_rope_neox_f32_imrope=0_is_back=0      0x79e9388000 | th_max = 1024 | th_width =   32
ggml_metal_library_compile_pipeline: compiling pipeline: base = 'kernel_set_rows_f32_i64_bf16', name = 'kernel_set_rows_f32_i64_bf16'
ggml_metal_library_compile_pipeline: loaded kernel_set_rows_f32_i64_bf16                 0x79e9388380 | th_max = 1024 | th_width =   32
ggml_metal_library_compile_pipeline: compiling pipeline: base = 'kernel_flash_attn_ext_vec_bf16_dk64_dv64', name = 'kernel_flash_attn_ext_vec_bf16_dk64_dv64_mask=1_sink=0_bias=0_scap=0_kvpad=0_sparse=0_ns10=128_ns20=128_nsg=1_nwg=32'
ggml_metal_library_compile_pipeline: loaded kernel_flash_attn_ext_vec_bf16_dk64_dv64_mask=1_sink=0_bias=0_scap=0_kvpad=0_sparse=0_ns10=128_ns20=128_nsg=1_nwg=32     0x79e9388700 | th_max = 1024 | th_width =   32
ggml_metal_library_compile_pipeline: compiling pipeline: base = 'kernel_flash_attn_ext_vec_reduce', name = 'kernel_flash_attn_ext_vec_reduce_dv=64_nwg=32'
ggml_metal_library_compile_pipeline: loaded kernel_flash_attn_ext_vec_reduce_dv=64_nwg=32     0x79e9388a80 | th_max = 1024 | th_width =   32
ggml_metal_library_compile_pipeline: compiling pipeline: base = 'kernel_bin_fuse_f32_f32_f32_4', name = 'kernel_bin_fuse_f32_f32_f32_4_op=0_nf=1_rb=0_cb=0'
ggml_metal_library_compile_pipeline: loaded kernel_bin_fuse_f32_f32_f32_4_op=0_nf=1_rb=0_cb=0     0x79e9388e00 | th_max = 1024 | th_width =   32
ggml_metal_library_compile_pipeline: compiling pipeline: base = 'kernel_swiglu_f32', name = 'kernel_swiglu_f32'
ggml_metal_library_compile_pipeline: loaded kernel_swiglu_f32                            0x79e9389180 | th_max = 1024 | th_width =   32
ggml_metal_library_compile_pipeline: compiling pipeline: base = 'kernel_mul_mv_ext_q6_K_f32_r1_4', name = 'kernel_mul_mv_ext_q6_K_f32_r1_4_nsg=2_nxpsg=8_ne12=1_r2=1_r3=1'
ggml_metal_library_compile_pipeline: loaded kernel_mul_mv_ext_q6_K_f32_r1_4_nsg=2_nxpsg=8_ne12=1_r2=1_r3=1     0x79e9389500 | th_max = 1024 | th_width =   32
ggml_metal_library_compile_pipeline: compiling pipeline: base = 'kernel_mul_mv_ext_q4_K_f32_r1_4', name = 'kernel_mul_mv_ext_q4_K_f32_r1_4_nsg=2_nxpsg=8_ne12=1_r2=1_r3=1'
ggml_metal_library_compile_pipeline: loaded kernel_mul_mv_ext_q4_K_f32_r1_4_nsg=2_nxpsg=8_ne12=1_r2=1_r3=1     0x79e9389c00 | th_max = 1024 | th_width =   32
ggml_metal_library_compile_pipeline: compiling pipeline: base = 'kernel_get_rows_f32', name = 'kernel_get_rows_f32'
ggml_metal_library_compile_pipeline: loaded kernel_get_rows_f32                          0x79e9389f80 | th_max = 1024 | th_width =   32
ggml_metal_library_compile_pipeline: compiling pipeline: base = 'kernel_mul_mv_q5_0_f32', name = 'kernel_mul_mv_q5_0_f32_nsg=2_ne12=1_r2=1_r3=1_split=0'
ggml_metal_library_compile_pipeline: loaded kernel_mul_mv_q5_0_f32_nsg=2_ne12=1_r2=1_r3=1_split=0     0x79e938a300 | th_max = 1024 | th_width =   32
ggml_metal_library_compile_pipeline: compiling pipeline: base = 'kernel_mul_mv_q4_K_f32', name = 'kernel_mul_mv_q4_K_f32_nsg=2_ne12=1_r2=1_r3=1_split=0'
ggml_metal_library_compile_pipeline: loaded kernel_mul_mv_q4_K_f32_nsg=2_ne12=1_r2=1_r3=1_split=0     0x79e938a680 | th_max = 1024 | th_width =   32
ggml_metal_library_compile_pipeline: compiling pipeline: base = 'kernel_mul_mv_q8_0_f32', name = 'kernel_mul_mv_q8_0_f32_nsg=4_ne12=1_r2=1_r3=1_split=0'
ggml_metal_library_compile_pipeline: loaded kernel_mul_mv_q8_0_f32_nsg=4_ne12=1_r2=1_r3=1_split=0     0x79e938aa00 | th_max = 1024 | th_width =   32
ggml_metal_library_compile_pipeline: compiling pipeline: base = 'kernel_mul_mv_q6_K_f32', name = 'kernel_mul_mv_q6_K_f32_nsg=2_ne12=1_r2=1_r3=1_split=0'
ggml_metal_library_compile_pipeline: loaded kernel_mul_mv_q6_K_f32_nsg=2_ne12=1_r2=1_r3=1_split=0     0x79e938b100 | th_max = 1024 | th_width =   32
{"case":"m04","decode_aggregate_tps":124.60079980422722,"decode_counters":[{"allocated_bytes":4,"allocation_time":{"nanos":3833,"secs":0},"allocations":1,"arena_capacity":9091072,"arena_high_water":9091072,"command_buffers":1,"completion_waits":1,"dispatches":531,"encode":{"nanos":198835,"secs":0},"gpu":{"nanos":7075042,"secs":0},"reused_bytes":2242560,"transient_live_bytes":524288,"transient_peak_bytes":2242560,"wait":{"nanos":7324417,"secs":0}},{"allocated_bytes":4,"allocation_time":{"nanos":3834,"secs":0},"allocations":1,"arena_capacity":9091072,"arena_high_water":9091072,"command_buffers":1,"completion_waits":1,"dispatches":531,"encode":{"nanos":200710,"secs":0},"gpu":{"nanos":7392583,"secs":0},"reused_bytes":2242560,"transient_live_bytes":524288,"transient_peak_bytes":2242560,"wait":{"nanos":7625542,"secs":0}},{"allocated_bytes":4,"allocation_time":{"nanos":4416,"secs":0},"allocations":1,"arena_capacity":9091072,"arena_high_water":9091072,"command_buffers":1,"completion_waits":1,"dispatches":531,"encode":{"nanos":179844,"secs":0},"gpu":{"nanos":7636375,"secs":0},"reused_bytes":2242560,"transient_live_bytes":524288,"transient_peak_bytes":2242560,"wait":{"nanos":7888292,"secs":0}},{"allocated_bytes":4,"allocation_time":{"nanos":3375,"secs":0},"allocations":1,"arena_capacity":9091072,"arena_high_water":9091072,"command_buffers":1,"completion_waits":1,"dispatches":531,"encode":{"nanos":175416,"secs":0},"gpu":{"nanos":7348083,"secs":0},"reused_bytes":2242560,"transient_live_bytes":524288,"transient_peak_bytes":2242560,"wait":{"nanos":7561083,"secs":0}},{"allocated_bytes":4,"allocation_time":{"nanos":3166,"secs":0},"allocations":1,"arena_capacity":9091072,"arena_high_water":9091072,"command_buffers":1,"completion_waits":1,"dispatches":531,"encode":{"nanos":176799,"secs":0},"gpu":{"nanos":7331875,"secs":0},"reused_bytes":2242560,"transient_live_bytes":524288,"transient_peak_bytes":2242560,"wait":{"nanos":7580250,"secs":0}},{"allocated_bytes":4,"allocation_time":{"nanos":3125,"secs":0},"allocations":1,"arena_capacity":9091072,"arena_high_water":9091072,"command_buffers":1,"completion_waits":1,"dispatches":531,"encode":{"nanos":203690,"secs":0},"gpu":{"nanos":7373667,"secs":0},"reused_bytes":2254848,"transient_live_bytes":524288,"transient_peak_bytes":2254848,"wait":{"nanos":7640750,"secs":0}},{"allocated_bytes":4,"allocation_time":{"nanos":3834,"secs":0},"allocations":1,"arena_capacity":9091072,"arena_high_water":9091072,"command_buffers":1,"completion_waits":1,"dispatches":531,"encode":{"nanos":177917,"secs":0},"gpu":{"nanos":7023125,"secs":0},"reused_bytes":2254848,"transient_live_bytes":524288,"transient_peak_bytes":2254848,"wait":{"nanos":7282125,"secs":0}},{"allocated_bytes":4,"allocation_time":{"nanos":3750,"secs":0},"allocations":1,"arena_capacity":9091072,"arena_high_water":9091072,"command_buffers":1,"completion_waits":1,"dispatches":531,"encode":{"nanos":181587,"secs":0},"gpu":{"nanos":7209875,"secs":0},"reused_bytes":2254848,"transient_live_bytes":524288,"transient_peak_bytes":2254848,"wait":{"nanos":7504792,"secs":0}},{"allocated_bytes":4,"allocation_time":{"nanos":5459,"secs":0},"allocations":1,"arena_capacity":9091072,"arena_high_water":9091072,"command_buffers":1,"completion_waits":1,"dispatches":531,"encode":{"nanos":191398,"secs":0},"gpu":{"nanos":7384625,"secs":0},"reused_bytes":2254848,"transient_live_bytes":524288,"transient_peak_bytes":2254848,"wait":{"nanos":7639708,"secs":0}},{"allocated_bytes":4,"allocation_time":{"nanos":4458,"secs":0},"allocations":1,"arena_capacity":9091072,"arena_high_water":9091072,"command_buffers":1,"completion_waits":1,"dispatches":531,"encode":{"nanos":202872,"secs":0},"gpu":{"nanos":7574292,"secs":0},"reused_bytes":2254848,"transient_live_bytes":524288,"transient_peak_bytes":2254848,"wait":{"nanos":7800458,"secs":0}},{"allocated_bytes":4,"allocation_time":{"nanos":4292,"secs":0},"allocations":1,"arena_capacity":9091072,"arena_high_water":9091072,"command_buffers":1,"completion_waits":1,"dispatches":531,"encode":{"nanos":180723,"secs":0},"gpu":{"nanos":7365792,"secs":0},"reused_bytes":2254848,"transient_live_bytes":524288,"transient_peak_bytes":2254848,"wait":{"nanos":7598291,"secs":0}},{"allocated_bytes":4,"allocation_time":{"nanos":3167,"secs":0},"allocations":1,"arena_capacity":9091072,"arena_high_water":9091072,"command_buffers":1,"completion_waits":1,"dispatches":531,"encode":{"nanos":182121,"secs":0},"gpu":{"nanos":7375875,"secs":0},"reused_bytes":2254848,"transient_live_bytes":524288,"transient_peak_bytes":2254848,"wait":{"nanos":7653333,"secs":0}},{"allocated_bytes":4,"allocation_time":{"nanos":2666,"secs":0},"allocations":1,"arena_capacity":9091072,"arena_high_water":9091072,"command_buffers":1,"completion_waits":1,"dispatches":531,"encode":{"nanos":175508,"secs":0},"gpu":{"nanos":7259125,"secs":0},"reused_bytes":2254848,"transient_live_bytes":524288,"transient_peak_bytes":2254848,"wait":{"nanos":7504375,"secs":0}},{"allocated_bytes":4,"allocation_time":{"nanos":3167,"secs":0},"allocations":1,"arena_capacity":9091072,"arena_high_water":9091072,"command_buffers":1,"completion_waits":1,"dispatches":531,"encode":{"nanos":175207,"secs":0},"gpu":{"nanos":7350958,"secs":0},"reused_bytes":2254848,"transient_live_bytes":524288,"transient_peak_bytes":2254848,"wait":{"nanos":7570583,"secs":0}},{"allocated_bytes":4,"allocation_time":{"nanos":3000,"secs":0},"allocations":1,"arena_capacity":9091072,"arena_high_water":9091072,"command_buffers":1,"completion_waits":1,"dispatches":531,"encode":{"nanos":177211,"secs":0},"gpu":{"nanos":7405333,"secs":0},"reused_bytes":2279424,"transient_live_bytes":524288,"transient_peak_bytes":2279424,"wait":{"nanos":7603708,"secs":0}}],"decode_median_ms":8.012208,"decode_ms":[7.789584,8.08675,8.331125,7.961790999999999,8.012208,8.116750000000001,7.717166,7.937708999999999,8.113959000000001,8.25475,8.032,8.097458999999999,7.930667000000001,7.998917,8.003625],"decode_profiles":[{},{},{},{},{},{},{},{},{},{},{},{},{},{},{}],"decode_tps":124.80954064098187,"first_token_ms":27.490875000000003,"generated_ids":[525,264,10950,17847,498,646,4226,4755,1075,25,5489,13151,311,1486,2766,3868],"generated_tokens":16,"generation_ms":151.519917,"generation_tps":105.59667875214055,"gguf_mpp_min_rows":16,"kv_active_bytes":233472,"kv_reserved_bytes":3145728,"model_format":"GGUF","model_repository":"Qwen/Qwen2.5-0.5B-Instruct-GGUF","model_revision":"9217f5db79a29953eb74d5343926648285ec7e67","moe_expert_tensorops":true,"moe_expert_tensorops_min_routes_per_expert":8,"moe_expert_tensorops_tile_k64":true,"packed_quantized_bytes":485166080,"pair":0,"pair_order":"ferrum-control>ferrum-candidate>llama.cpp","parameter_count":630167424,"prefill_counters":{"allocated_bytes":3145744,"allocation_time":{"nanos":306457,"secs":0},"allocations":49,"arena_capacity":9091072,"arena_high_water":9091072,"command_buffers":1,"completion_waits":1,"dispatches":531,"encode":{"nanos":226874,"secs":0},"gpu":{"nanos":25969667,"secs":0},"reused_bytes":7372800,"transient_live_bytes":0,"transient_peak_bytes":7372800,"wait":{"nanos":26410959,"secs":0}},"prefill_ms":27.172292000000002,"prefill_profile":{},"prefill_tps":147.20878165154414,"prompt_ids":[151644,8948,198,2610],"prompt_tokens":4,"q4_k_mpp_tile_k64":true,"q5_0_gemv_n4":false,"q5_1_mpp_tile_k64":true,"q8_0_mpp_tile_k64":true,"retained_weight_bytes":485309184,"runtime":"ferrum","sampling_ms":3.811414,"source_tensor_bytes":485452288,"tensor_count":291,"warmup":false,"process_rss_bytes":741900288,"ferrum_variant":"control","source_matrix_case_model":"qwen2.5-phase7a-small-batch-shape-probe-q4_k_m","engine_order":["ferrum-control","ferrum-candidate","llama.cpp"],"case_index":0,"engine_load_plus_first_warmup_ms":811.3339999690652}
{"case":"m04","decode_aggregate_tps":124.98259825623613,"decode_counters":[{"allocated_bytes":4,"allocation_time":{"nanos":4500,"secs":0},"allocations":1,"arena_capacity":9091072,"arena_high_water":9091072,"command_buffers":1,"completion_waits":1,"dispatches":531,"encode":{"nanos":207581,"secs":0},"gpu":{"nanos":7199750,"secs":0},"reused_bytes":2242560,"transient_live_bytes":524288,"transient_peak_bytes":2242560,"wait":{"nanos":7450000,"secs":0}},{"allocated_bytes":4,"allocation_time":{"nanos":3792,"secs":0},"allocations":1,"arena_capacity":9091072,"arena_high_water":9091072,"command_buffers":1,"completion_waits":1,"dispatches":531,"encode":{"nanos":185410,"secs":0},"gpu":{"nanos":7394333,"secs":0},"reused_bytes":2242560,"transient_live_bytes":524288,"transient_peak_bytes":2242560,"wait":{"nanos":7622958,"secs":0}},{"allocated_bytes":4,"allocation_time":{"nanos":3750,"secs":0},"allocations":1,"arena_capacity":9091072,"arena_high_water":9091072,"command_buffers":1,"completion_waits":1,"dispatches":531,"encode":{"nanos":175004,"secs":0},"gpu":{"nanos":7557792,"secs":0},"reused_bytes":2242560,"transient_live_bytes":524288,"transient_peak_bytes":2242560,"wait":{"nanos":7769708,"secs":0}},{"allocated_bytes":4,"allocation_time":{"nanos":3167,"secs":0},"allocations":1,"arena_capacity":9091072,"arena_high_water":9091072,"command_buffers":1,"completion_waits":1,"dispatches":531,"encode":{"nanos":178149,"secs":0},"gpu":{"nanos":7222375,"secs":0},"reused_bytes":2242560,"transient_live_bytes":524288,"transient_peak_bytes":2242560,"wait":{"nanos":7431375,"secs":0}},{"allocated_bytes":4,"allocation_time":{"nanos":4125,"secs":0},"allocations":1,"arena_capacity":9091072,"arena_high_water":9091072,"command_buffers":1,"completion_waits":1,"dispatches":531,"encode":{"nanos":184824,"secs":0},"gpu":{"nanos":7080042,"secs":0},"reused_bytes":2242560,"transient_live_bytes":524288,"transient_peak_bytes":2242560,"wait":{"nanos":7295292,"secs":0}},{"allocated_bytes":4,"allocation_time":{"nanos":3042,"secs":0},"allocations":1,"arena_capacity":9091072,"arena_high_water":9091072,"command_buffers":1,"completion_waits":1,"dispatches":531,"encode":{"nanos":177531,"secs":0},"gpu":{"nanos":7662500,"secs":0},"reused_bytes":2254848,"transient_live_bytes":524288,"transient_peak_bytes":2254848,"wait":{"nanos":7867625,"secs":0}},{"allocated_bytes":4,"allocation_time":{"nanos":9625,"secs":0},"allocations":1,"arena_capacity":9091072,"arena_high_water":9091072,"command_buffers":1,"completion_waits":1,"dispatches":531,"encode":{"nanos":222651,"secs":0},"gpu":{"nanos":7257750,"secs":0},"reused_bytes":2254848,"transient_live_bytes":524288,"transient_peak_bytes":2254848,"wait":{"nanos":7494292,"secs":0}},{"allocated_bytes":4,"allocation_time":{"nanos":7917,"secs":0},"allocations":1,"arena_capacity":9091072,"arena_high_water":9091072,"command_buffers":1,"completion_waits":1,"dispatches":531,"encode":{"nanos":207847,"secs":0},"gpu":{"nanos":7073875,"secs":0},"reused_bytes":2254848,"transient_live_bytes":524288,"transient_peak_bytes":2254848,"wait":{"nanos":7336458,"secs":0}},{"allocated_bytes":4,"allocation_time":{"nanos":3917,"secs":0},"allocations":1,"arena_capacity":9091072,"arena_high_water":9091072,"command_buffers":1,"completion_waits":1,"dispatches":531,"encode":{"nanos":187534,"secs":0},"gpu":{"nanos":7344917,"secs":0},"reused_bytes":2254848,"transient_live_bytes":524288,"transient_peak_bytes":2254848,"wait":{"nanos":7591125,"secs":0}},{"allocated_bytes":4,"allocation_time":{"nanos":3000,"secs":0},"allocations":1,"arena_capacity":9091072,"arena_high_water":9091072,"command_buffers":1,"completion_waits":1,"dispatches":531,"encode":{"nanos":182955,"secs":0},"gpu":{"nanos":7394208,"secs":0},"reused_bytes":2254848,"transient_live_bytes":524288,"transient_peak_bytes":2254848,"wait":{"nanos":7640583,"secs":0}},{"allocated_bytes":4,"allocation_time":{"nanos":4084,"secs":0},"allocations":1,"arena_capacity":9091072,"arena_high_water":9091072,"command_buffers":1,"completion_waits":1,"dispatches":531,"encode":{"nanos":184920,"secs":0},"gpu":{"nanos":7311875,"secs":0},"reused_bytes":2254848,"transient_live_bytes":524288,"transient_peak_bytes":2254848,"wait":{"nanos":7589959,"secs":0}},{"allocated_bytes":4,"allocation_time":{"nanos":3667,"secs":0},"allocations":1,"arena_capacity":9091072,"arena_high_water":9091072,"command_buffers":1,"completion_waits":1,"dispatches":531,"encode":{"nanos":189240,"secs":0},"gpu":{"nanos":7353875,"secs":0},"reused_bytes":2254848,"transient_live_bytes":524288,"transient_peak_bytes":2254848,"wait":{"nanos":7563667,"secs":0}},{"allocated_bytes":4,"allocation_time":{"nanos":3916,"secs":0},"allocations":1,"arena_capacity":9091072,"arena_high_water":9091072,"command_buffers":1,"completion_waits":1,"dispatches":531,"encode":{"nanos":178696,"secs":0},"gpu":{"nanos":7328125,"secs":0},"reused_bytes":2254848,"transient_live_bytes":524288,"transient_peak_bytes":2254848,"wait":{"nanos":7566791,"secs":0}},{"allocated_bytes":4,"allocation_time":{"nanos":6000,"secs":0},"allocations":1,"arena_capacity":9091072,"arena_high_water":9091072,"command_buffers":1,"completion_waits":1,"dispatches":531,"encode":{"nanos":188956,"secs":0},"gpu":{"nanos":7318875,"secs":0},"reused_bytes":2254848,"transient_live_bytes":524288,"transient_peak_bytes":2254848,"wait":{"nanos":7527583,"secs":0}},{"allocated_bytes":4,"allocation_time":{"nanos":3625,"secs":0},"allocations":1,"arena_capacity":9091072,"arena_high_water":9091072,"command_buffers":1,"completion_waits":1,"dispatches":531,"encode":{"nanos":177713,"secs":0},"gpu":{"nanos":7265000,"secs":0},"reused_bytes":2279424,"transient_live_bytes":524288,"transient_peak_bytes":2279424,"wait":{"nanos":7569291,"secs":0}}],"decode_median_ms":7.994458,"decode_ms":[7.928041,8.075583,8.167542,7.861541999999999,7.744708999999999,8.308292,8.004208,7.823874999999999,8.039708,8.106874999999999,8.038874999999999,7.9826250000000005,7.981,7.959375,7.994458],"decode_profiles":[{},{},{},{},{},{},{},{},{},{},{},{},{},{},{}],"decode_tps":125.08665377940568,"first_token_ms":27.304917000000003,"generated_ids":[525,264,10950,17847,498,646,4226,4755,1075,25,12677,11,7375,11,6649,11],"generated_tokens":16,"generation_ms":151.084375,"generation_tps":105.90109003661034,"gguf_mpp_min_rows":4,"kv_active_bytes":233472,"kv_reserved_bytes":3145728,"model_format":"GGUF","model_repository":"Qwen/Qwen2.5-0.5B-Instruct-GGUF","model_revision":"9217f5db79a29953eb74d5343926648285ec7e67","moe_expert_tensorops":true,"moe_expert_tensorops_min_routes_per_expert":8,"moe_expert_tensorops_tile_k64":true,"packed_quantized_bytes":485166080,"pair":0,"pair_order":"ferrum-control>ferrum-candidate>llama.cpp","parameter_count":630167424,"prefill_counters":{"allocated_bytes":3145744,"allocation_time":{"nanos":300038,"secs":0},"allocations":49,"arena_capacity":9091072,"arena_high_water":9091072,"command_buffers":1,"completion_waits":1,"dispatches":531,"encode":{"nanos":223210,"secs":0},"gpu":{"nanos":25828625,"secs":0},"reused_bytes":7372800,"transient_live_bytes":0,"transient_peak_bytes":7372800,"wait":{"nanos":26266125,"secs":0}},"prefill_ms":27.002125,"prefill_profile":{},"prefill_tps":148.13648925778992,"prompt_ids":[151644,8948,198,2610],"prompt_tokens":4,"q4_k_mpp_tile_k64":true,"q5_0_gemv_n4":false,"q5_1_mpp_tile_k64":true,"q8_0_mpp_tile_k64":true,"retained_weight_bytes":485309184,"runtime":"ferrum","sampling_ms":3.894498,"source_tensor_bytes":485452288,"tensor_count":291,"warmup":false,"process_rss_bytes":741900288,"ferrum_variant":"candidate","source_matrix_case_model":"qwen2.5-phase7a-small-batch-shape-probe-q4_k_m","engine_order":["ferrum-control","ferrum-candidate","llama.cpp"],"case_index":0,"engine_load_plus_first_warmup_ms":811.3339999690652}
{"case":"m04","command_buffer_count":null,"decode_aggregate_tps":237.61435567089393,"decode_median_ms":4.109042,"decode_ms":[4.741958,4.047417,4.302583,4.109042,4.402,4.029583,4.357708,4.09475,4.021542,4.074417,4.043166,4.363,4.160208,4.306458,4.073667],"decode_tps":243.36572855668064,"dispatch_count":null,"first_token_ms":6.197083,"generated_ids":[525,1588,25,5379,861,5398,861,5398,271,2,220,17,15,16,24,7948],"generated_tokens":16,"generation_ms":73.063166,"generation_tps":218.98859406119905,"kv_context_capacity_tokens":4096,"kv_type":"bf16","llama_commit":"84e76d8a23162eca70490da131945ebec1f09bf4","llama_version":"0.5.0-dev","model_format":"GGUF","pair":0,"pair_order":"ferrum-control>ferrum-candidate>llama.cpp","prefill_ms":5.916375,"prefill_tps":676.0896663920051,"process_max_rss_bytes":668778496,"prompt_ids":[151644,8948,198,2610],"prompt_tokens":4,"runtime":"llama.cpp","sampling_ms":4.017377,"warmup":false,"process_rss_bytes":668745728,"source_matrix_case_model":"qwen2.5-phase7a-small-batch-shape-probe-q4_k_m","engine_order":["ferrum-control","ferrum-candidate","llama.cpp"],"case_index":0,"engine_load_plus_first_warmup_ms":863.8389579718933}
{"case":"m04","command_buffer_count":null,"decode_aggregate_tps":236.97539394434028,"decode_median_ms":4.227209,"decode_ms":[4.530417,4.227209,4.075834,4.362875,4.092833,4.404916,4.0495,4.427625,4.033584,4.320875,4.029167,4.018,4.291709,4.107,4.326167],"decode_tps":236.56270603133177,"dispatch_count":null,"first_token_ms":6.211625,"generated_ids":[525,1588,25,5379,861,5398,861,5398,271,2,220,17,15,16,24,7948],"generated_tokens":16,"generation_ms":73.287042,"generation_tps":218.31963145681334,"kv_context_capacity_tokens":4096,"kv_type":"bf16","llama_commit":"84e76d8a23162eca70490da131945ebec1f09bf4","llama_version":"0.5.0-dev","model_format":"GGUF","pair":1,"pair_order":"llama.cpp>ferrum-candidate>ferrum-control","prefill_ms":5.970125,"prefill_tps":670.0027218860577,"process_max_rss_bytes":668778496,"prompt_ids":[151644,8948,198,2610],"prompt_tokens":4,"runtime":"llama.cpp","sampling_ms":4.017498,"warmup":false,"process_rss_bytes":668745728,"source_matrix_case_model":"qwen2.5-phase7a-small-batch-shape-probe-q4_k_m","engine_order":["llama.cpp","ferrum-candidate","ferrum-control"],"case_index":0,"engine_load_plus_first_warmup_ms":863.8389579718933}
{"case":"m04","decode_aggregate_tps":126.20362500561606,"decode_counters":[{"allocated_bytes":4,"allocation_time":{"nanos":3875,"secs":0},"allocations":1,"arena_capacity":9091072,"arena_high_water":9091072,"command_buffers":1,"completion_waits":1,"dispatches":531,"encode":{"nanos":194586,"secs":0},"gpu":{"nanos":7169667,"secs":0},"reused_bytes":2242560,"transient_live_bytes":524288,"transient_peak_bytes":2242560,"wait":{"nanos":7410542,"secs":0}},{"allocated_bytes":4,"allocation_time":{"nanos":3458,"secs":0},"allocations":1,"arena_capacity":9091072,"arena_high_water":9091072,"command_buffers":1,"completion_waits":1,"dispatches":531,"encode":{"nanos":184715,"secs":0},"gpu":{"nanos":7116542,"secs":0},"reused_bytes":2242560,"transient_live_bytes":524288,"transient_peak_bytes":2242560,"wait":{"nanos":7359500,"secs":0}},{"allocated_bytes":4,"allocation_time":{"nanos":2875,"secs":0},"allocations":1,"arena_capacity":9091072,"arena_high_water":9091072,"command_buffers":1,"completion_waits":1,"dispatches":531,"encode":{"nanos":180870,"secs":0},"gpu":{"nanos":7393417,"secs":0},"reused_bytes":2242560,"transient_live_bytes":524288,"transient_peak_bytes":2242560,"wait":{"nanos":7636958,"secs":0}},{"allocated_bytes":4,"allocation_time":{"nanos":4459,"secs":0},"allocations":1,"arena_capacity":9091072,"arena_high_water":9091072,"command_buffers":1,"completion_waits":1,"dispatches":531,"encode":{"nanos":196252,"secs":0},"gpu":{"nanos":7417583,"secs":0},"reused_bytes":2242560,"transient_live_bytes":524288,"transient_peak_bytes":2242560,"wait":{"nanos":7652916,"secs":0}},{"allocated_bytes":4,"allocation_time":{"nanos":4625,"secs":0},"allocations":1,"arena_capacity":9091072,"arena_high_water":9091072,"command_buffers":1,"completion_waits":1,"dispatches":531,"encode":{"nanos":181363,"secs":0},"gpu":{"nanos":7267417,"secs":0},"reused_bytes":2242560,"transient_live_bytes":524288,"transient_peak_bytes":2242560,"wait":{"nanos":7490125,"secs":0}},{"allocated_bytes":4,"allocation_time":{"nanos":3250,"secs":0},"allocations":1,"arena_capacity":9091072,"arena_high_water":9091072,"command_buffers":1,"completion_waits":1,"dispatches":531,"encode":{"nanos":187363,"secs":0},"gpu":{"nanos":7434167,"secs":0},"reused_bytes":2254848,"transient_live_bytes":524288,"transient_peak_bytes":2254848,"wait":{"nanos":7641125,"secs":0}},{"allocated_bytes":4,"allocation_time":{"nanos":3084,"secs":0},"allocations":1,"arena_capacity":9091072,"arena_high_water":9091072,"command_buffers":1,"completion_waits":1,"dispatches":531,"encode":{"nanos":175088,"secs":0},"gpu":{"nanos":6939000,"secs":0},"reused_bytes":2254848,"transient_live_bytes":524288,"transient_peak_bytes":2254848,"wait":{"nanos":7162542,"secs":0}},{"allocated_bytes":4,"allocation_time":{"nanos":4625,"secs":0},"allocations":1,"arena_capacity":9091072,"arena_high_water":9091072,"command_buffers":1,"completion_waits":1,"dispatches":531,"encode":{"nanos":181338,"secs":0},"gpu":{"nanos":6788542,"secs":0},"reused_bytes":2254848,"transient_live_bytes":524288,"transient_peak_bytes":2254848,"wait":{"nanos":7027875,"secs":0}},{"allocated_bytes":4,"allocation_time":{"nanos":3250,"secs":0},"allocations":1,"arena_capacity":9091072,"arena_high_water":9091072,"command_buffers":1,"completion_waits":1,"dispatches":531,"encode":{"nanos":176453,"secs":0},"gpu":{"nanos":7203917,"secs":0},"reused_bytes":2254848,"transient_live_bytes":524288,"transient_peak_bytes":2254848,"wait":{"nanos":7438083,"secs":0}},{"allocated_bytes":4,"allocation_time":{"nanos":3250,"secs":0},"allocations":1,"arena_capacity":9091072,"arena_high_water":9091072,"command_buffers":1,"completion_waits":1,"dispatches":531,"encode":{"nanos":174633,"secs":0},"gpu":{"nanos":7557625,"secs":0},"reused_bytes":2254848,"transient_live_bytes":524288,"transient_peak_bytes":2254848,"wait":{"nanos":7824667,"secs":0}},{"allocated_bytes":4,"allocation_time":{"nanos":3209,"secs":0},"allocations":1,"arena_capacity":9091072,"arena_high_water":9091072,"command_buffers":1,"completion_waits":1,"dispatches":531,"encode":{"nanos":178045,"secs":0},"gpu":{"nanos":7311125,"secs":0},"reused_bytes":2254848,"transient_live_bytes":524288,"transient_peak_bytes":2254848,"wait":{"nanos":7533666,"secs":0}},{"allocated_bytes":4,"allocation_time":{"nanos":3042,"secs":0},"allocations":1,"arena_capacity":9091072,"arena_high_water":9091072,"command_buffers":1,"completion_waits":1,"dispatches":531,"encode":{"nanos":176807,"secs":0},"gpu":{"nanos":7092917,"secs":0},"reused_bytes":2254848,"transient_live_bytes":524288,"transient_peak_bytes":2254848,"wait":{"nanos":7374125,"secs":0}},{"allocated_bytes":4,"allocation_time":{"nanos":4291,"secs":0},"allocations":1,"arena_capacity":9091072,"arena_high_water":9091072,"command_buffers":1,"completion_waits":1,"dispatches":531,"encode":{"nanos":176079,"secs":0},"gpu":{"nanos":7116000,"secs":0},"reused_bytes":2254848,"transient_live_bytes":524288,"transient_peak_bytes":2254848,"wait":{"nanos":7379792,"secs":0}},{"allocated_bytes":4,"allocation_time":{"nanos":3542,"secs":0},"allocations":1,"arena_capacity":9091072,"arena_high_water":9091072,"command_buffers":1,"completion_waits":1,"dispatches":531,"encode":{"nanos":175565,"secs":0},"gpu":{"nanos":7318125,"secs":0},"reused_bytes":2254848,"transient_live_bytes":524288,"transient_peak_bytes":2254848,"wait":{"nanos":7560708,"secs":0}},{"allocated_bytes":4,"allocation_time":{"nanos":3500,"secs":0},"allocations":1,"arena_capacity":9091072,"arena_high_water":9091072,"command_buffers":1,"completion_waits":1,"dispatches":531,"encode":{"nanos":183584,"secs":0},"gpu":{"nanos":7561833,"secs":0},"reused_bytes":2279424,"transient_live_bytes":524288,"transient_peak_bytes":2279424,"wait":{"nanos":7807459,"secs":0}}],"decode_median_ms":7.930417,"decode_ms":[7.875291,7.802083,8.07425,8.117958,7.930417,8.089167,7.587541,7.467083000000001,7.865667,8.226916000000001,7.964334,7.806167,7.813832999999999,7.988792,8.246041],"decode_profiles":[{},{},{},{},{},{},{},{},{},{},{},{},{},{},{}],"decode_tps":126.09677397796358,"first_token_ms":27.139208,"generated_ids":[525,264,10950,17847,498,646,4226,4755,1075,25,12677,11,7375,11,6649,11],"generated_tokens":16,"generation_ms":149.64450000000002,"generation_tps":106.92006722599226,"gguf_mpp_min_rows":4,"kv_active_bytes":233472,"kv_reserved_bytes":3145728,"model_format":"GGUF","model_repository":"Qwen/Qwen2.5-0.5B-Instruct-GGUF","model_revision":"9217f5db79a29953eb74d5343926648285ec7e67","moe_expert_tensorops":true,"moe_expert_tensorops_min_routes_per_expert":8,"moe_expert_tensorops_tile_k64":true,"packed_quantized_bytes":485166080,"pair":1,"pair_order":"llama.cpp>ferrum-candidate>ferrum-control","parameter_count":630167424,"prefill_counters":{"allocated_bytes":3145744,"allocation_time":{"nanos":316834,"secs":0},"allocations":49,"arena_capacity":9091072,"arena_high_water":9091072,"command_buffers":1,"completion_waits":1,"dispatches":531,"encode":{"nanos":210824,"secs":0},"gpu":{"nanos":25632000,"secs":0},"reused_bytes":7372800,"transient_live_bytes":0,"transient_peak_bytes":7372800,"wait":{"nanos":26091875,"secs":0}},"prefill_ms":26.839167,"prefill_profile":{},"prefill_tps":149.0359220165067,"prompt_ids":[151644,8948,198,2610],"prompt_tokens":4,"q4_k_mpp_tile_k64":true,"q5_0_gemv_n4":false,"q5_1_mpp_tile_k64":true,"q8_0_mpp_tile_k64":true,"retained_weight_bytes":485309184,"runtime":"ferrum","sampling_ms":3.7985010000000003,"source_tensor_bytes":485452288,"tensor_count":291,"warmup":false,"process_rss_bytes":741900288,"ferrum_variant":"candidate","source_matrix_case_model":"qwen2.5-phase7a-small-batch-shape-probe-q4_k_m","engine_order":["llama.cpp","ferrum-candidate","ferrum-control"],"case_index":0,"engine_load_plus_first_warmup_ms":811.3339999690652}
{"case":"m04","decode_aggregate_tps":124.5426927244409,"decode_counters":[{"allocated_bytes":4,"allocation_time":{"nanos":4375,"secs":0},"allocations":1,"arena_capacity":9091072,"arena_high_water":9091072,"command_buffers":1,"completion_waits":1,"dispatches":531,"encode":{"nanos":191969,"secs":0},"gpu":{"nanos":7211667,"secs":0},"reused_bytes":2242560,"transient_live_bytes":524288,"transient_peak_bytes":2242560,"wait":{"nanos":7417875,"secs":0}},{"allocated_bytes":4,"allocation_time":{"nanos":3459,"secs":0},"allocations":1,"arena_capacity":9091072,"arena_high_water":9091072,"command_buffers":1,"completion_waits":1,"dispatches":531,"encode":{"nanos":180389,"secs":0},"gpu":{"nanos":7594667,"secs":0},"reused_bytes":2242560,"transient_live_bytes":524288,"transient_peak_bytes":2242560,"wait":{"nanos":7795042,"secs":0}},{"allocated_bytes":4,"allocation_time":{"nanos":2625,"secs":0},"allocations":1,"arena_capacity":9091072,"arena_high_water":9091072,"command_buffers":1,"completion_waits":1,"dispatches":531,"encode":{"nanos":175932,"secs":0},"gpu":{"nanos":7407625,"secs":0},"reused_bytes":2242560,"transient_live_bytes":524288,"transient_peak_bytes":2242560,"wait":{"nanos":7627042,"secs":0}},{"allocated_bytes":4,"allocation_time":{"nanos":2584,"secs":0},"allocations":1,"arena_capacity":9091072,"arena_high_water":9091072,"command_buffers":1,"completion_waits":1,"dispatches":531,"encode":{"nanos":176577,"secs":0},"gpu":{"nanos":7395583,"secs":0},"reused_bytes":2242560,"transient_live_bytes":524288,"transient_peak_bytes":2242560,"wait":{"nanos":7599916,"secs":0}},{"allocated_bytes":4,"allocation_time":{"nanos":4125,"secs":0},"allocations":1,"arena_capacity":9091072,"arena_high_water":9091072,"command_buffers":1,"completion_waits":1,"dispatches":531,"encode":{"nanos":182789,"secs":0},"gpu":{"nanos":7102667,"secs":0},"reused_bytes":2242560,"transient_live_bytes":524288,"transient_peak_bytes":2242560,"wait":{"nanos":7304834,"secs":0}},{"allocated_bytes":4,"allocation_time":{"nanos":2625,"secs":0},"allocations":1,"arena_capacity":9091072,"arena_high_water":9091072,"command_buffers":1,"completion_waits":1,"dispatches":531,"encode":{"nanos":179222,"secs":0},"gpu":{"nanos":8181125,"secs":0},"reused_bytes":2254848,"transient_live_bytes":524288,"transient_peak_bytes":2254848,"wait":{"nanos":8383125,"secs":0}},{"allocated_bytes":4,"allocation_time":{"nanos":4125,"secs":0},"allocations":1,"arena_capacity":9091072,"arena_high_water":9091072,"command_buffers":1,"completion_waits":1,"dispatches":531,"encode":{"nanos":191292,"secs":0},"gpu":{"nanos":7369583,"secs":0},"reused_bytes":2254848,"transient_live_bytes":524288,"transient_peak_bytes":2254848,"wait":{"nanos":7589084,"secs":0}},{"allocated_bytes":4,"allocation_time":{"nanos":4125,"secs":0},"allocations":1,"arena_capacity":9091072,"arena_high_water":9091072,"command_buffers":1,"completion_waits":1,"dispatches":531,"encode":{"nanos":179157,"secs":0},"gpu":{"nanos":7508750,"secs":0},"reused_bytes":2254848,"transient_live_bytes":524288,"transient_peak_bytes":2254848,"wait":{"nanos":7722959,"secs":0}},{"allocated_bytes":4,"allocation_time":{"nanos":3792,"secs":0},"allocations":1,"arena_capacity":9091072,"arena_high_water":9091072,"command_buffers":1,"completion_waits":1,"dispatches":531,"encode":{"nanos":186825,"secs":0},"gpu":{"nanos":7496958,"secs":0},"reused_bytes":2254848,"transient_live_bytes":524288,"transient_peak_bytes":2254848,"wait":{"nanos":7738625,"secs":0}},{"allocated_bytes":4,"allocation_time":{"nanos":3750,"secs":0},"allocations":1,"arena_capacity":9091072,"arena_high_water":9091072,"command_buffers":1,"completion_waits":1,"dispatches":531,"encode":{"nanos":188802,"secs":0},"gpu":{"nanos":7034167,"secs":0},"reused_bytes":2254848,"transient_live_bytes":524288,"transient_peak_bytes":2254848,"wait":{"nanos":7261000,"secs":0}},{"allocated_bytes":4,"allocation_time":{"nanos":2833,"secs":0},"allocations":1,"arena_capacity":9091072,"arena_high_water":9091072,"command_buffers":1,"completion_waits":1,"dispatches":531,"encode":{"nanos":191722,"secs":0},"gpu":{"nanos":7125000,"secs":0},"reused_bytes":2254848,"transient_live_bytes":524288,"transient_peak_bytes":2254848,"wait":{"nanos":7314958,"secs":0}},{"allocated_bytes":4,"allocation_time":{"nanos":2958,"secs":0},"allocations":1,"arena_capacity":9091072,"arena_high_water":9091072,"command_buffers":1,"completion_waits":1,"dispatches":531,"encode":{"nanos":181538,"secs":0},"gpu":{"nanos":7282542,"secs":0},"reused_bytes":2254848,"transient_live_bytes":524288,"transient_peak_bytes":2254848,"wait":{"nanos":7504542,"secs":0}},{"allocated_bytes":4,"allocation_time":{"nanos":3291,"secs":0},"allocations":1,"arena_capacity":9091072,"arena_high_water":9091072,"command_buffers":1,"completion_waits":1,"dispatches":531,"encode":{"nanos":176737,"secs":0},"gpu":{"nanos":7466250,"secs":0},"reused_bytes":2254848,"transient_live_bytes":524288,"transient_peak_bytes":2254848,"wait":{"nanos":7733584,"secs":0}},{"allocated_bytes":4,"allocation_time":{"nanos":3667,"secs":0},"allocations":1,"arena_capacity":9091072,"arena_high_water":9091072,"command_buffers":1,"completion_waits":1,"dispatches":531,"encode":{"nanos":180411,"secs":0},"gpu":{"nanos":7400750,"secs":0},"reused_bytes":2254848,"transient_live_bytes":524288,"transient_peak_bytes":2254848,"wait":{"nanos":7613958,"secs":0}},{"allocated_bytes":4,"allocation_time":{"nanos":3167,"secs":0},"allocations":1,"arena_capacity":9091072,"arena_high_water":9091072,"command_buffers":1,"completion_waits":1,"dispatches":531,"encode":{"nanos":191171,"secs":0},"gpu":{"nanos":7014750,"secs":0},"reused_bytes":2279424,"transient_live_bytes":524288,"transient_peak_bytes":2279424,"wait":{"nanos":7228042,"secs":0}}],"decode_median_ms":8.017667,"decode_ms":[7.862875,8.235167,8.068708,8.037417,7.754041,8.821834,8.013,8.168625,8.184000000000001,7.714542,7.768292000000001,7.94375,8.1695,8.017667,7.681209],"decode_profiles":[{},{},{},{},{},{},{},{},{},{},{},{},{},{},{}],"decode_tps":124.72456139672552,"first_token_ms":27.432000000000002,"generated_ids":[525,264,10950,17847,498,646,4226,4755,1075,25,5489,13151,311,1486,2766,3868],"generated_tokens":16,"generation_ms":151.49633300000002,"generation_tps":105.61311738152763,"gguf_mpp_min_rows":16,"kv_active_bytes":233472,"kv_reserved_bytes":3145728,"model_format":"GGUF","model_repository":"Qwen/Qwen2.5-0.5B-Instruct-GGUF","model_revision":"9217f5db79a29953eb74d5343926648285ec7e67","moe_expert_tensorops":true,"moe_expert_tensorops_min_routes_per_expert":8,"moe_expert_tensorops_tile_k64":true,"packed_quantized_bytes":485166080,"pair":1,"pair_order":"llama.cpp>ferrum-candidate>ferrum-control","parameter_count":630167424,"prefill_counters":{"allocated_bytes":3145744,"allocation_time":{"nanos":367042,"secs":0},"allocations":49,"arena_capacity":9091072,"arena_high_water":9091072,"command_buffers":1,"completion_waits":1,"dispatches":531,"encode":{"nanos":231413,"secs":0},"gpu":{"nanos":25893000,"secs":0},"reused_bytes":7372800,"transient_live_bytes":0,"transient_peak_bytes":7372800,"wait":{"nanos":26301334,"secs":0}},"prefill_ms":27.120124999999998,"prefill_profile":{},"prefill_tps":147.4919455570356,"prompt_ids":[151644,8948,198,2610],"prompt_tokens":4,"q4_k_mpp_tile_k64":true,"q5_0_gemv_n4":false,"q5_1_mpp_tile_k64":true,"q8_0_mpp_tile_k64":true,"retained_weight_bytes":485309184,"runtime":"ferrum","sampling_ms":3.775417,"source_tensor_bytes":485452288,"tensor_count":291,"warmup":false,"process_rss_bytes":741900288,"ferrum_variant":"control","source_matrix_case_model":"qwen2.5-phase7a-small-batch-shape-probe-q4_k_m","engine_order":["llama.cpp","ferrum-candidate","ferrum-control"],"case_index":0,"engine_load_plus_first_warmup_ms":811.3339999690652}
{"case":"m04","decode_aggregate_tps":125.30464796958144,"decode_counters":[{"allocated_bytes":4,"allocation_time":{"nanos":4625,"secs":0},"allocations":1,"arena_capacity":9091072,"arena_high_water":9091072,"command_buffers":1,"completion_waits":1,"dispatches":531,"encode":{"nanos":193096,"secs":0},"gpu":{"nanos":6971417,"secs":0},"reused_bytes":2242560,"transient_live_bytes":524288,"transient_peak_bytes":2242560,"wait":{"nanos":7198375,"secs":0}},{"allocated_bytes":4,"allocation_time":{"nanos":3250,"secs":0},"allocations":1,"arena_capacity":9091072,"arena_high_water":9091072,"command_buffers":1,"completion_waits":1,"dispatches":531,"encode":{"nanos":178300,"secs":0},"gpu":{"nanos":7645000,"secs":0},"reused_bytes":2242560,"transient_live_bytes":524288,"transient_peak_bytes":2242560,"wait":{"nanos":7852167,"secs":0}},{"allocated_bytes":4,"allocation_time":{"nanos":3834,"secs":0},"allocations":1,"arena_capacity":9091072,"arena_high_water":9091072,"command_buffers":1,"completion_waits":1,"dispatches":531,"encode":{"nanos":184746,"secs":0},"gpu":{"nanos":7648917,"secs":0},"reused_bytes":2242560,"transient_live_bytes":524288,"transient_peak_bytes":2242560,"wait":{"nanos":7857208,"secs":0}},{"allocated_bytes":4,"allocation_time":{"nanos":5042,"secs":0},"allocations":1,"arena_capacity":9091072,"arena_high_water":9091072,"command_buffers":1,"completion_waits":1,"dispatches":531,"encode":{"nanos":204277,"secs":0},"gpu":{"nanos":7407167,"secs":0},"reused_bytes":2242560,"transient_live_bytes":524288,"transient_peak_bytes":2242560,"wait":{"nanos":7643500,"secs":0}},{"allocated_bytes":4,"allocation_time":{"nanos":5083,"secs":0},"allocations":1,"arena_capacity":9091072,"arena_high_water":9091072,"command_buffers":1,"completion_waits":1,"dispatches":531,"encode":{"nanos":211838,"secs":0},"gpu":{"nanos":7407500,"secs":0},"reused_bytes":2242560,"transient_live_bytes":524288,"transient_peak_bytes":2242560,"wait":{"nanos":7598917,"secs":0}},{"allocated_bytes":4,"allocation_time":{"nanos":3292,"secs":0},"allocations":1,"arena_capacity":9091072,"arena_high_water":9091072,"command_buffers":1,"completion_waits":1,"dispatches":531,"encode":{"nanos":185280,"secs":0},"gpu":{"nanos":7129750,"secs":0},"reused_bytes":2254848,"transient_live_bytes":524288,"transient_peak_bytes":2254848,"wait":{"nanos":7373375,"secs":0}},{"allocated_bytes":4,"allocation_time":{"nanos":4084,"secs":0},"allocations":1,"arena_capacity":9091072,"arena_high_water":9091072,"command_buffers":1,"completion_waits":1,"dispatches":531,"encode":{"nanos":188741,"secs":0},"gpu":{"nanos":6913875,"secs":0},"reused_bytes":2254848,"transient_live_bytes":524288,"transient_peak_bytes":2254848,"wait":{"nanos":7123166,"secs":0}},{"allocated_bytes":4,"allocation_time":{"nanos":3375,"secs":0},"allocations":1,"arena_capacity":9091072,"arena_high_water":9091072,"command_buffers":1,"completion_waits":1,"dispatches":531,"encode":{"nanos":179596,"secs":0},"gpu":{"nanos":7395875,"secs":0},"reused_bytes":2254848,"transient_live_bytes":524288,"transient_peak_bytes":2254848,"wait":{"nanos":7577583,"secs":0}},{"allocated_bytes":4,"allocation_time":{"nanos":9917,"secs":0},"allocations":1,"arena_capacity":9091072,"arena_high_water":9091072,"command_buffers":1,"completion_waits":1,"dispatches":531,"encode":{"nanos":219298,"secs":0},"gpu":{"nanos":7520208,"secs":0},"reused_bytes":2254848,"transient_live_bytes":524288,"transient_peak_bytes":2254848,"wait":{"nanos":7717500,"secs":0}},{"allocated_bytes":4,"allocation_time":{"nanos":4083,"secs":0},"allocations":1,"arena_capacity":9091072,"arena_high_water":9091072,"command_buffers":1,"completion_waits":1,"dispatches":531,"encode":{"nanos":204386,"secs":0},"gpu":{"nanos":7325708,"secs":0},"reused_bytes":2254848,"transient_live_bytes":524288,"transient_peak_bytes":2254848,"wait":{"nanos":7546875,"secs":0}},{"allocated_bytes":4,"allocation_time":{"nanos":3875,"secs":0},"allocations":1,"arena_capacity":9091072,"arena_high_water":9091072,"command_buffers":1,"completion_waits":1,"dispatches":531,"encode":{"nanos":173775,"secs":0},"gpu":{"nanos":7505333,"secs":0},"reused_bytes":2254848,"transient_live_bytes":524288,"transient_peak_bytes":2254848,"wait":{"nanos":7719333,"secs":0}},{"allocated_bytes":4,"allocation_time":{"nanos":4583,"secs":0},"allocations":1,"arena_capacity":9091072,"arena_high_water":9091072,"command_buffers":1,"completion_waits":1,"dispatches":531,"encode":{"nanos":179376,"secs":0},"gpu":{"nanos":6995917,"secs":0},"reused_bytes":2254848,"transient_live_bytes":524288,"transient_peak_bytes":2254848,"wait":{"nanos":7214292,"secs":0}},{"allocated_bytes":4,"allocation_time":{"nanos":3459,"secs":0},"allocations":1,"arena_capacity":9091072,"arena_high_water":9091072,"command_buffers":1,"completion_waits":1,"dispatches":531,"encode":{"nanos":177016,"secs":0},"gpu":{"nanos":7163292,"secs":0},"reused_bytes":2254848,"transient_live_bytes":524288,"transient_peak_bytes":2254848,"wait":{"nanos":7370292,"secs":0}},{"allocated_bytes":4,"allocation_time":{"nanos":2667,"secs":0},"allocations":1,"arena_capacity":9091072,"arena_high_water":9091072,"command_buffers":1,"completion_waits":1,"dispatches":531,"encode":{"nanos":174994,"secs":0},"gpu":{"nanos":7388250,"secs":0},"reused_bytes":2254848,"transient_live_bytes":524288,"transient_peak_bytes":2254848,"wait":{"nanos":7634916,"secs":0}},{"allocated_bytes":4,"allocation_time":{"nanos":2709,"secs":0},"allocations":1,"arena_capacity":9091072,"arena_high_water":9091072,"command_buffers":1,"completion_waits":1,"dispatches":531,"encode":{"nanos":176169,"secs":0},"gpu":{"nanos":7321667,"secs":0},"reused_bytes":2279424,"transient_live_bytes":524288,"transient_peak_bytes":2279424,"wait":{"nanos":7567334,"secs":0}}],"decode_median_ms":8.034042,"decode_ms":[7.6579999999999995,8.277584,8.272958000000001,8.125,8.095208,7.8195,7.587334,7.993040999999999,8.204167,8.034042,8.141625,7.657,7.796708000000001,8.052666,7.993416],"decode_profiles":[{},{},{},{},{},{},{},{},{},{},{},{},{},{},{}],"decode_tps":124.47034755357267,"first_token_ms":27.424875,"generated_ids":[525,264,10950,17847,498,646,4226,4755,1075,25,5489,13151,311,1486,2766,3868],"generated_tokens":16,"generation_ms":150.870166,"generation_tps":106.05145088791113,"gguf_mpp_min_rows":16,"kv_active_bytes":233472,"kv_reserved_bytes":3145728,"model_format":"GGUF","model_repository":"Qwen/Qwen2.5-0.5B-Instruct-GGUF","model_revision":"9217f5db79a29953eb74d5343926648285ec7e67","moe_expert_tensorops":true,"moe_expert_tensorops_min_routes_per_expert":8,"moe_expert_tensorops_tile_k64":true,"packed_quantized_bytes":485166080,"pair":2,"pair_order":"ferrum-control>ferrum-candidate>llama.cpp","parameter_count":630167424,"prefill_counters":{"allocated_bytes":3145744,"allocation_time":{"nanos":392961,"secs":0},"allocations":49,"arena_capacity":9091072,"arena_high_water":9091072,"command_buffers":1,"completion_waits":1,"dispatches":531,"encode":{"nanos":275997,"secs":0},"gpu":{"nanos":25841583,"secs":0},"reused_bytes":7372800,"transient_live_bytes":0,"transient_peak_bytes":7372800,"wait":{"nanos":26161375,"secs":0}},"prefill_ms":27.103292,"prefill_profile":{},"prefill_tps":147.5835481534863,"prompt_ids":[151644,8948,198,2610],"prompt_tokens":4,"q4_k_mpp_tile_k64":true,"q5_0_gemv_n4":false,"q5_1_mpp_tile_k64":true,"q8_0_mpp_tile_k64":true,"retained_weight_bytes":485309184,"runtime":"ferrum","sampling_ms":3.857085,"source_tensor_bytes":485452288,"tensor_count":291,"warmup":false,"process_rss_bytes":741900288,"ferrum_variant":"control","source_matrix_case_model":"qwen2.5-phase7a-small-batch-shape-probe-q4_k_m","engine_order":["ferrum-control","ferrum-candidate","llama.cpp"],"case_index":0,"engine_load_plus_first_warmup_ms":811.3339999690652}
{"case":"m04","decode_aggregate_tps":125.3973549584806,"decode_counters":[{"allocated_bytes":4,"allocation_time":{"nanos":3167,"secs":0},"allocations":1,"arena_capacity":9091072,"arena_high_water":9091072,"command_buffers":1,"completion_waits":1,"dispatches":531,"encode":{"nanos":206370,"secs":0},"gpu":{"nanos":7228000,"secs":0},"reused_bytes":2242560,"transient_live_bytes":524288,"transient_peak_bytes":2242560,"wait":{"nanos":7439708,"secs":0}},{"allocated_bytes":4,"allocation_time":{"nanos":11667,"secs":0},"allocations":1,"arena_capacity":9091072,"arena_high_water":9091072,"command_buffers":1,"completion_waits":1,"dispatches":531,"encode":{"nanos":192150,"secs":0},"gpu":{"nanos":7129125,"secs":0},"reused_bytes":2242560,"transient_live_bytes":524288,"transient_peak_bytes":2242560,"wait":{"nanos":7361167,"secs":0}},{"allocated_bytes":4,"allocation_time":{"nanos":3209,"secs":0},"allocations":1,"arena_capacity":9091072,"arena_high_water":9091072,"command_buffers":1,"completion_waits":1,"dispatches":531,"encode":{"nanos":177954,"secs":0},"gpu":{"nanos":7489417,"secs":0},"reused_bytes":2242560,"transient_live_bytes":524288,"transient_peak_bytes":2242560,"wait":{"nanos":7715542,"secs":0}},{"allocated_bytes":4,"allocation_time":{"nanos":2875,"secs":0},"allocations":1,"arena_capacity":9091072,"arena_high_water":9091072,"command_buffers":1,"completion_waits":1,"dispatches":531,"encode":{"nanos":178457,"secs":0},"gpu":{"nanos":7453375,"secs":0},"reused_bytes":2242560,"transient_live_bytes":524288,"transient_peak_bytes":2242560,"wait":{"nanos":7663167,"secs":0}},{"allocated_bytes":4,"allocation_time":{"nanos":3292,"secs":0},"allocations":1,"arena_capacity":9091072,"arena_high_water":9091072,"command_buffers":1,"completion_waits":1,"dispatches":531,"encode":{"nanos":175846,"secs":0},"gpu":{"nanos":7288250,"secs":0},"reused_bytes":2242560,"transient_live_bytes":524288,"transient_peak_bytes":2242560,"wait":{"nanos":7517459,"secs":0}},{"allocated_bytes":4,"allocation_time":{"nanos":4417,"secs":0},"allocations":1,"arena_capacity":9091072,"arena_high_water":9091072,"command_buffers":1,"completion_waits":1,"dispatches":531,"encode":{"nanos":178559,"secs":0},"gpu":{"nanos":7431375,"secs":0},"reused_bytes":2254848,"transient_live_bytes":524288,"transient_peak_bytes":2254848,"wait":{"nanos":7652000,"secs":0}},{"allocated_bytes":4,"allocation_time":{"nanos":3792,"secs":0},"allocations":1,"arena_capacity":9091072,"arena_high_water":9091072,"command_buffers":1,"completion_waits":1,"dispatches":531,"encode":{"nanos":174658,"secs":0},"gpu":{"nanos":7254000,"secs":0},"reused_bytes":2254848,"transient_live_bytes":524288,"transient_peak_bytes":2254848,"wait":{"nanos":7497000,"secs":0}},{"allocated_bytes":4,"allocation_time":{"nanos":2792,"secs":0},"allocations":1,"arena_capacity":9091072,"arena_high_water":9091072,"command_buffers":1,"completion_waits":1,"dispatches":531,"encode":{"nanos":177377,"secs":0},"gpu":{"nanos":6820042,"secs":0},"reused_bytes":2254848,"transient_live_bytes":524288,"transient_peak_bytes":2254848,"wait":{"nanos":7038541,"secs":0}},{"allocated_bytes":4,"allocation_time":{"nanos":2333,"secs":0},"allocations":1,"arena_capacity":9091072,"arena_high_water":9091072,"command_buffers":1,"completion_waits":1,"dispatches":531,"encode":{"nanos":184489,"secs":0},"gpu":{"nanos":7263000,"secs":0},"reused_bytes":2254848,"transient_live_bytes":524288,"transient_peak_bytes":2254848,"wait":{"nanos":7466292,"secs":0}},{"allocated_bytes":4,"allocation_time":{"nanos":3834,"secs":0},"allocations":1,"arena_capacity":9091072,"arena_high_water":9091072,"command_buffers":1,"completion_waits":1,"dispatches":531,"encode":{"nanos":183922,"secs":0},"gpu":{"nanos":7677542,"secs":0},"reused_bytes":2254848,"transient_live_bytes":524288,"transient_peak_bytes":2254848,"wait":{"nanos":7885125,"secs":0}},{"allocated_bytes":4,"allocation_time":{"nanos":3000,"secs":0},"allocations":1,"arena_capacity":9091072,"arena_high_water":9091072,"command_buffers":1,"completion_waits":1,"dispatches":531,"encode":{"nanos":177293,"secs":0},"gpu":{"nanos":7352792,"secs":0},"reused_bytes":2254848,"transient_live_bytes":524288,"transient_peak_bytes":2254848,"wait":{"nanos":7587541,"secs":0}},{"allocated_bytes":4,"allocation_time":{"nanos":3167,"secs":0},"allocations":1,"arena_capacity":9091072,"arena_high_water":9091072,"command_buffers":1,"completion_waits":1,"dispatches":531,"encode":{"nanos":217715,"secs":0},"gpu":{"nanos":7430292,"secs":0},"reused_bytes":2254848,"transient_live_bytes":524288,"transient_peak_bytes":2254848,"wait":{"nanos":7611250,"secs":0}},{"allocated_bytes":4,"allocation_time":{"nanos":4958,"secs":0},"allocations":1,"arena_capacity":9091072,"arena_high_water":9091072,"command_buffers":1,"completion_waits":1,"dispatches":531,"encode":{"nanos":195438,"secs":0},"gpu":{"nanos":7139667,"secs":0},"reused_bytes":2254848,"transient_live_bytes":524288,"transient_peak_bytes":2254848,"wait":{"nanos":7398333,"secs":0}},{"allocated_bytes":4,"allocation_time":{"nanos":7208,"secs":0},"allocations":1,"arena_capacity":9091072,"arena_high_water":9091072,"command_buffers":1,"completion_waits":1,"dispatches":531,"encode":{"nanos":201984,"secs":0},"gpu":{"nanos":7084250,"secs":0},"reused_bytes":2254848,"transient_live_bytes":524288,"transient_peak_bytes":2254848,"wait":{"nanos":7307541,"secs":0}},{"allocated_bytes":4,"allocation_time":{"nanos":5083,"secs":0},"allocations":1,"arena_capacity":9091072,"arena_high_water":9091072,"command_buffers":1,"completion_waits":1,"dispatches":531,"encode":{"nanos":196001,"secs":0},"gpu":{"nanos":7607875,"secs":0},"reused_bytes":2279424,"transient_live_bytes":524288,"transient_peak_bytes":2279424,"wait":{"nanos":7860917,"secs":0}}],"decode_median_ms":7.929624999999999,"decode_ms":[7.90975,7.790458,8.153041,8.10225,7.921124999999999,8.088875,7.929624999999999,7.474667,7.8765410000000005,8.316417,8.033916,8.084375,7.84525,7.758083,8.335375],"decode_profiles":[{},{},{},{},{},{},{},{},{},{},{},{},{},{},{}],"decode_tps":126.1093683497013,"first_token_ms":26.764,"generated_ids":[525,264,10950,17847,498,646,4226,4755,1075,25,12677,11,7375,11,6649,11],"generated_tokens":16,"generation_ms":150.168208,"generation_tps":106.54718607283374,"gguf_mpp_min_rows":4,"kv_active_bytes":233472,"kv_reserved_bytes":3145728,"model_format":"GGUF","model_repository":"Qwen/Qwen2.5-0.5B-Instruct-GGUF","model_revision":"9217f5db79a29953eb74d5343926648285ec7e67","moe_expert_tensorops":true,"moe_expert_tensorops_min_routes_per_expert":8,"moe_expert_tensorops_tile_k64":true,"packed_quantized_bytes":485166080,"pair":2,"pair_order":"ferrum-control>ferrum-candidate>llama.cpp","parameter_count":630167424,"prefill_counters":{"allocated_bytes":3145744,"allocation_time":{"nanos":280878,"secs":0},"allocations":49,"arena_capacity":9091072,"arena_high_water":9091072,"command_buffers":1,"completion_waits":1,"dispatches":531,"encode":{"nanos":209575,"secs":0},"gpu":{"nanos":25503625,"secs":0},"reused_bytes":7372800,"transient_live_bytes":0,"transient_peak_bytes":7372800,"wait":{"nanos":25768917,"secs":0}},"prefill_ms":26.464417,"prefill_profile":{},"prefill_tps":151.14634869908525,"prompt_ids":[151644,8948,198,2610],"prompt_tokens":4,"q4_k_mpp_tile_k64":true,"q5_0_gemv_n4":false,"q5_1_mpp_tile_k64":true,"q8_0_mpp_tile_k64":true,"retained_weight_bytes":485309184,"runtime":"ferrum","sampling_ms":3.841167,"source_tensor_bytes":485452288,"tensor_count":291,"warmup":false,"process_rss_bytes":741900288,"ferrum_variant":"candidate","source_matrix_case_model":"qwen2.5-phase7a-small-batch-shape-probe-q4_k_m","engine_order":["ferrum-control","ferrum-candidate","llama.cpp"],"case_index":0,"engine_load_plus_first_warmup_ms":811.3339999690652}
{"case":"m04","command_buffer_count":null,"decode_aggregate_tps":232.75977084397115,"decode_median_ms":4.322459,"decode_ms":[4.940917,4.104667,4.64225,4.084042,4.337875,4.418834,4.402792,4.458958,4.02325,4.342375,3.995917,4.314291,4.010416,4.045083,4.322459],"decode_tps":231.3497941796556,"dispatch_count":null,"first_token_ms":6.154958,"generated_ids":[525,1588,25,5379,861,5398,861,5398,271,2,220,17,15,16,24,7948],"generated_tokens":16,"generation_ms":74.396417,"generation_tps":215.0641206282824,"kv_context_capacity_tokens":4096,"kv_type":"bf16","llama_commit":"84e76d8a23162eca70490da131945ebec1f09bf4","llama_version":"0.5.0-dev","model_format":"GGUF","pair":2,"pair_order":"ferrum-control>ferrum-candidate>llama.cpp","prefill_ms":5.879833,"prefill_tps":680.2914300457173,"process_max_rss_bytes":668778496,"prompt_ids":[151644,8948,198,2610],"prompt_tokens":4,"runtime":"llama.cpp","sampling_ms":4.0708340000000005,"warmup":false,"process_rss_bytes":668762112,"source_matrix_case_model":"qwen2.5-phase7a-small-batch-shape-probe-q4_k_m","engine_order":["ferrum-control","ferrum-candidate","llama.cpp"],"case_index":0,"engine_load_plus_first_warmup_ms":863.8389579718933}
{"case":"m04","command_buffer_count":null,"decode_aggregate_tps":229.04886588057403,"decode_median_ms":4.44925,"decode_ms":[4.481292,4.469458,4.048041,4.383541,4.070333,4.497667,4.240833,4.286334,4.543292,4.258375,4.530292,4.44925,4.576167,4.192875,4.460459],"decode_tps":224.75698151373825,"dispatch_count":null,"first_token_ms":6.402292,"generated_ids":[525,1588,25,5379,861,5398,861,5398,271,2,220,17,15,16,24,7948],"generated_tokens":16,"generation_ms":75.640042,"generation_tps":211.5281744555351,"kv_context_capacity_tokens":4096,"kv_type":"bf16","llama_commit":"84e76d8a23162eca70490da131945ebec1f09bf4","llama_version":"0.5.0-dev","model_format":"GGUF","pair":3,"pair_order":"llama.cpp>ferrum-candidate>ferrum-control","prefill_ms":6.151042,"prefill_tps":650.2963237773372,"process_max_rss_bytes":668794880,"prompt_ids":[151644,8948,198,2610],"prompt_tokens":4,"runtime":"llama.cpp","sampling_ms":3.9994989999999997,"warmup":false,"process_rss_bytes":668762112,"source_matrix_case_model":"qwen2.5-phase7a-small-batch-shape-probe-q4_k_m","engine_order":["llama.cpp","ferrum-candidate","ferrum-control"],"case_index":0,"engine_load_plus_first_warmup_ms":863.8389579718933}
{"case":"m04","decode_aggregate_tps":125.5240608620313,"decode_counters":[{"allocated_bytes":4,"allocation_time":{"nanos":10208,"secs":0},"allocations":1,"arena_capacity":9091072,"arena_high_water":9091072,"command_buffers":1,"completion_waits":1,"dispatches":531,"encode":{"nanos":232761,"secs":0},"gpu":{"nanos":6920500,"secs":0},"reused_bytes":2242560,"transient_live_bytes":524288,"transient_peak_bytes":2242560,"wait":{"nanos":7157291,"secs":0}},{"allocated_bytes":4,"allocation_time":{"nanos":10666,"secs":0},"allocations":1,"arena_capacity":9091072,"arena_high_water":9091072,"command_buffers":1,"completion_waits":1,"dispatches":531,"encode":{"nanos":229168,"secs":0},"gpu":{"nanos":7124917,"secs":0},"reused_bytes":2242560,"transient_live_bytes":524288,"transient_peak_bytes":2242560,"wait":{"nanos":7365584,"secs":0}},{"allocated_bytes":4,"allocation_time":{"nanos":8209,"secs":0},"allocations":1,"arena_capacity":9091072,"arena_high_water":9091072,"command_buffers":1,"completion_waits":1,"dispatches":531,"encode":{"nanos":214495,"secs":0},"gpu":{"nanos":7434750,"secs":0},"reused_bytes":2242560,"transient_live_bytes":524288,"transient_peak_bytes":2242560,"wait":{"nanos":7678084,"secs":0}},{"allocated_bytes":4,"allocation_time":{"nanos":8625,"secs":0},"allocations":1,"arena_capacity":9091072,"arena_high_water":9091072,"command_buffers":1,"completion_waits":1,"dispatches":531,"encode":{"nanos":208200,"secs":0},"gpu":{"nanos":7414000,"secs":0},"reused_bytes":2242560,"transient_live_bytes":524288,"transient_peak_bytes":2242560,"wait":{"nanos":7654916,"secs":0}},{"allocated_bytes":4,"allocation_time":{"nanos":6584,"secs":0},"allocations":1,"arena_capacity":9091072,"arena_high_water":9091072,"command_buffers":1,"completion_waits":1,"dispatches":531,"encode":{"nanos":194810,"secs":0},"gpu":{"nanos":7323000,"secs":0},"reused_bytes":2242560,"transient_live_bytes":524288,"transient_peak_bytes":2242560,"wait":{"nanos":7568708,"secs":0}},{"allocated_bytes":4,"allocation_time":{"nanos":5208,"secs":0},"allocations":1,"arena_capacity":9091072,"arena_high_water":9091072,"command_buffers":1,"completion_waits":1,"dispatches":531,"encode":{"nanos":201264,"secs":0},"gpu":{"nanos":7425750,"secs":0},"reused_bytes":2254848,"transient_live_bytes":524288,"transient_peak_bytes":2254848,"wait":{"nanos":7664750,"secs":0}},{"allocated_bytes":4,"allocation_time":{"nanos":5750,"secs":0},"allocations":1,"arena_capacity":9091072,"arena_high_water":9091072,"command_buffers":1,"completion_waits":1,"dispatches":531,"encode":{"nanos":206440,"secs":0},"gpu":{"nanos":6939917,"secs":0},"reused_bytes":2254848,"transient_live_bytes":524288,"transient_peak_bytes":2254848,"wait":{"nanos":7191500,"secs":0}},{"allocated_bytes":4,"allocation_time":{"nanos":4875,"secs":0},"allocations":1,"arena_capacity":9091072,"arena_high_water":9091072,"command_buffers":1,"completion_waits":1,"dispatches":531,"encode":{"nanos":186961,"secs":0},"gpu":{"nanos":6944833,"secs":0},"reused_bytes":2254848,"transient_live_bytes":524288,"transient_peak_bytes":2254848,"wait":{"nanos":7145792,"secs":0}},{"allocated_bytes":4,"allocation_time":{"nanos":4208,"secs":0},"allocations":1,"arena_capacity":9091072,"arena_high_water":9091072,"command_buffers":1,"completion_waits":1,"dispatches":531,"encode":{"nanos":186495,"secs":0},"gpu":{"nanos":7227500,"secs":0},"reused_bytes":2254848,"transient_live_bytes":524288,"transient_peak_bytes":2254848,"wait":{"nanos":7466666,"secs":0}},{"allocated_bytes":4,"allocation_time":{"nanos":5250,"secs":0},"allocations":1,"arena_capacity":9091072,"arena_high_water":9091072,"command_buffers":1,"completion_waits":1,"dispatches":531,"encode":{"nanos":188552,"secs":0},"gpu":{"nanos":7542375,"secs":0},"reused_bytes":2254848,"transient_live_bytes":524288,"transient_peak_bytes":2254848,"wait":{"nanos":7779458,"secs":0}},{"allocated_bytes":4,"allocation_time":{"nanos":4500,"secs":0},"allocations":1,"arena_capacity":9091072,"arena_high_water":9091072,"command_buffers":1,"completion_waits":1,"dispatches":531,"encode":{"nanos":192704,"secs":0},"gpu":{"nanos":7361833,"secs":0},"reused_bytes":2254848,"transient_live_bytes":524288,"transient_peak_bytes":2254848,"wait":{"nanos":7578917,"secs":0}},{"allocated_bytes":4,"allocation_time":{"nanos":7166,"secs":0},"allocations":1,"arena_capacity":9091072,"arena_high_water":9091072,"command_buffers":1,"completion_waits":1,"dispatches":531,"encode":{"nanos":198073,"secs":0},"gpu":{"nanos":7156833,"secs":0},"reused_bytes":2254848,"transient_live_bytes":524288,"transient_peak_bytes":2254848,"wait":{"nanos":7435250,"secs":0}},{"allocated_bytes":4,"allocation_time":{"nanos":15042,"secs":0},"allocations":1,"arena_capacity":9091072,"arena_high_water":9091072,"command_buffers":1,"completion_waits":1,"dispatches":531,"encode":{"nanos":222879,"secs":0},"gpu":{"nanos":7128875,"secs":0},"reused_bytes":2254848,"transient_live_bytes":524288,"transient_peak_bytes":2254848,"wait":{"nanos":7364958,"secs":0}},{"allocated_bytes":4,"allocation_time":{"nanos":8458,"secs":0},"allocations":1,"arena_capacity":9091072,"arena_high_water":9091072,"command_buffers":1,"completion_waits":1,"dispatches":531,"encode":{"nanos":211504,"secs":0},"gpu":{"nanos":7373625,"secs":0},"reused_bytes":2254848,"transient_live_bytes":524288,"transient_peak_bytes":2254848,"wait":{"nanos":7600625,"secs":0}},{"allocated_bytes":4,"allocation_time":{"nanos":8625,"secs":0},"allocations":1,"arena_capacity":9091072,"arena_high_water":9091072,"command_buffers":1,"completion_waits":1,"dispatches":531,"encode":{"nanos":203512,"secs":0},"gpu":{"nanos":7583958,"secs":0},"reused_bytes":2279424,"transient_live_bytes":524288,"transient_peak_bytes":2279424,"wait":{"nanos":7831708,"secs":0}}],"decode_median_ms":8.013291,"decode_ms":[7.679167,7.874459,8.155834,8.131542,8.013291,8.116041,7.6634590000000005,7.569917,7.8875,8.242417,8.018542,7.9150409999999995,7.869667000000001,8.075624999999999,8.2865],"decode_profiles":[{},{},{},{},{},{},{},{},{},{},{},{},{},{},{}],"decode_tps":124.79267257360303,"first_token_ms":26.933708,"generated_ids":[525,264,10950,17847,498,646,4226,4755,1075,25,12677,11,7375,11,6649,11],"generated_tokens":16,"generation_ms":150.26175,"generation_tps":106.48085757020665,"gguf_mpp_min_rows":4,"kv_active_bytes":233472,"kv_reserved_bytes":3145728,"model_format":"GGUF","model_repository":"Qwen/Qwen2.5-0.5B-Instruct-GGUF","model_revision":"9217f5db79a29953eb74d5343926648285ec7e67","moe_expert_tensorops":true,"moe_expert_tensorops_min_routes_per_expert":8,"moe_expert_tensorops_tile_k64":true,"packed_quantized_bytes":485166080,"pair":3,"pair_order":"llama.cpp>ferrum-candidate>ferrum-control","parameter_count":630167424,"prefill_counters":{"allocated_bytes":3145744,"allocation_time":{"nanos":403709,"secs":0},"allocations":49,"arena_capacity":9091072,"arena_high_water":9091072,"command_buffers":1,"completion_waits":1,"dispatches":531,"encode":{"nanos":268527,"secs":0},"gpu":{"nanos":25228875,"secs":0},"reused_bytes":7372800,"transient_live_bytes":0,"transient_peak_bytes":7372800,"wait":{"nanos":25651500,"secs":0}},"prefill_ms":26.569625,"prefill_profile":{},"prefill_tps":150.54785304647694,"prompt_ids":[151644,8948,198,2610],"prompt_tokens":4,"q4_k_mpp_tile_k64":true,"q5_0_gemv_n4":false,"q5_1_mpp_tile_k64":true,"q8_0_mpp_tile_k64":true,"retained_weight_bytes":485309184,"runtime":"ferrum","sampling_ms":4.022376,"source_tensor_bytes":485452288,"tensor_count":291,"warmup":false,"process_rss_bytes":741900288,"ferrum_variant":"candidate","source_matrix_case_model":"qwen2.5-phase7a-small-batch-shape-probe-q4_k_m","engine_order":["llama.cpp","ferrum-candidate","ferrum-control"],"case_index":0,"engine_load_plus_first_warmup_ms":811.3339999690652}
{"case":"m04","decode_aggregate_tps":123.01547741371867,"decode_counters":[{"allocated_bytes":4,"allocation_time":{"nanos":5416,"secs":0},"allocations":1,"arena_capacity":9091072,"arena_high_water":9091072,"command_buffers":1,"completion_waits":1,"dispatches":531,"encode":{"nanos":222041,"secs":0},"gpu":{"nanos":7300208,"secs":0},"reused_bytes":2242560,"transient_live_bytes":524288,"transient_peak_bytes":2242560,"wait":{"nanos":7517500,"secs":0}},{"allocated_bytes":4,"allocation_time":{"nanos":4750,"secs":0},"allocations":1,"arena_capacity":9091072,"arena_high_water":9091072,"command_buffers":1,"completion_waits":1,"dispatches":531,"encode":{"nanos":210007,"secs":0},"gpu":{"nanos":7558500,"secs":0},"reused_bytes":2242560,"transient_live_bytes":524288,"transient_peak_bytes":2242560,"wait":{"nanos":7796208,"secs":0}},{"allocated_bytes":4,"allocation_time":{"nanos":3875,"secs":0},"allocations":1,"arena_capacity":9091072,"arena_high_water":9091072,"command_buffers":1,"completion_waits":1,"dispatches":531,"encode":{"nanos":186150,"secs":0},"gpu":{"nanos":7639042,"secs":0},"reused_bytes":2242560,"transient_live_bytes":524288,"transient_peak_bytes":2242560,"wait":{"nanos":7877333,"secs":0}},{"allocated_bytes":4,"allocation_time":{"nanos":4542,"secs":0},"allocations":1,"arena_capacity":9091072,"arena_high_water":9091072,"command_buffers":1,"completion_waits":1,"dispatches":531,"encode":{"nanos":206459,"secs":0},"gpu":{"nanos":7087125,"secs":0},"reused_bytes":2242560,"transient_live_bytes":524288,"transient_peak_bytes":2242560,"wait":{"nanos":7341000,"secs":0}},{"allocated_bytes":4,"allocation_time":{"nanos":3792,"secs":0},"allocations":1,"arena_capacity":9091072,"arena_high_water":9091072,"command_buffers":1,"completion_waits":1,"dispatches":531,"encode":{"nanos":202584,"secs":0},"gpu":{"nanos":7355875,"secs":0},"reused_bytes":2242560,"transient_live_bytes":524288,"transient_peak_bytes":2242560,"wait":{"nanos":7609833,"secs":0}},{"allocated_bytes":4,"allocation_time":{"nanos":3708,"secs":0},"allocations":1,"arena_capacity":9091072,"arena_high_water":9091072,"command_buffers":1,"completion_waits":1,"dispatches":531,"encode":{"nanos":209504,"secs":0},"gpu":{"nanos":7367625,"secs":0},"reused_bytes":2254848,"transient_live_bytes":524288,"transient_peak_bytes":2254848,"wait":{"nanos":7622750,"secs":0}},{"allocated_bytes":4,"allocation_time":{"nanos":3417,"secs":0},"allocations":1,"arena_capacity":9091072,"arena_high_water":9091072,"command_buffers":1,"completion_waits":1,"dispatches":531,"encode":{"nanos":214443,"secs":0},"gpu":{"nanos":7159375,"secs":0},"reused_bytes":2254848,"transient_live_bytes":524288,"transient_peak_bytes":2254848,"wait":{"nanos":7379167,"secs":0}},{"allocated_bytes":4,"allocation_time":{"nanos":3750,"secs":0},"allocations":1,"arena_capacity":9091072,"arena_high_water":9091072,"command_buffers":1,"completion_waits":1,"dispatches":531,"encode":{"nanos":227877,"secs":0},"gpu":{"nanos":7348625,"secs":0},"reused_bytes":2254848,"transient_live_bytes":524288,"transient_peak_bytes":2254848,"wait":{"nanos":7612750,"secs":0}},{"allocated_bytes":4,"allocation_time":{"nanos":3584,"secs":0},"allocations":1,"arena_capacity":9091072,"arena_high_water":9091072,"command_buffers":1,"completion_waits":1,"dispatches":531,"encode":{"nanos":242662,"secs":0},"gpu":{"nanos":7464792,"secs":0},"reused_bytes":2254848,"transient_live_bytes":524288,"transient_peak_bytes":2254848,"wait":{"nanos":7723167,"secs":0}},{"allocated_bytes":4,"allocation_time":{"nanos":3583,"secs":0},"allocations":1,"arena_capacity":9091072,"arena_high_water":9091072,"command_buffers":1,"completion_waits":1,"dispatches":531,"encode":{"nanos":244200,"secs":0},"gpu":{"nanos":7028708,"secs":0},"reused_bytes":2254848,"transient_live_bytes":524288,"transient_peak_bytes":2254848,"wait":{"nanos":7268875,"secs":0}},{"allocated_bytes":4,"allocation_time":{"nanos":3958,"secs":0},"allocations":1,"arena_capacity":9091072,"arena_high_water":9091072,"command_buffers":1,"completion_waits":1,"dispatches":531,"encode":{"nanos":257997,"secs":0},"gpu":{"nanos":7341708,"secs":0},"reused_bytes":2254848,"transient_live_bytes":524288,"transient_peak_bytes":2254848,"wait":{"nanos":7591625,"secs":0}},{"allocated_bytes":4,"allocation_time":{"nanos":3917,"secs":0},"allocations":1,"arena_capacity":9091072,"arena_high_water":9091072,"command_buffers":1,"completion_waits":1,"dispatches":531,"encode":{"nanos":262379,"secs":0},"gpu":{"nanos":7273000,"secs":0},"reused_bytes":2254848,"transient_live_bytes":524288,"transient_peak_bytes":2254848,"wait":{"nanos":7494666,"secs":0}},{"allocated_bytes":4,"allocation_time":{"nanos":3959,"secs":0},"allocations":1,"arena_capacity":9091072,"arena_high_water":9091072,"command_buffers":1,"completion_waits":1,"dispatches":531,"encode":{"nanos":282751,"secs":0},"gpu":{"nanos":7423292,"secs":0},"reused_bytes":2254848,"transient_live_bytes":524288,"transient_peak_bytes":2254848,"wait":{"nanos":7657000,"secs":0}},{"allocated_bytes":4,"allocation_time":{"nanos":4000,"secs":0},"allocations":1,"arena_capacity":9091072,"arena_high_water":9091072,"command_buffers":1,"completion_waits":1,"dispatches":531,"encode":{"nanos":286343,"secs":0},"gpu":{"nanos":7350500,"secs":0},"reused_bytes":2254848,"transient_live_bytes":524288,"transient_peak_bytes":2254848,"wait":{"nanos":7598500,"secs":0}},{"allocated_bytes":4,"allocation_time":{"nanos":4292,"secs":0},"allocations":1,"arena_capacity":9091072,"arena_high_water":9091072,"command_buffers":1,"completion_waits":1,"dispatches":531,"encode":{"nanos":315110,"secs":0},"gpu":{"nanos":7281875,"secs":0},"reused_bytes":2279424,"transient_live_bytes":524288,"transient_peak_bytes":2279424,"wait":{"nanos":7517459,"secs":0}}],"decode_median_ms":8.1515,"decode_ms":[8.015333,8.294042,8.324875,7.831917000000001,8.097209,8.121958000000001,7.870417,8.1515,8.292957999999999,7.841334,8.17725,8.095625,8.303541,8.283875,8.234042],"decode_profiles":[{},{},{},{},{},{},{},{},{},{},{},{},{},{},{}],"decode_tps":122.67680794945714,"first_token_ms":27.341375,"generated_ids":[525,264,10950,17847,498,646,4226,4755,1075,25,5489,13151,311,1486,2766,3868],"generated_tokens":16,"generation_ms":154.27875,"generation_tps":103.7083849849704,"gguf_mpp_min_rows":16,"kv_active_bytes":233472,"kv_reserved_bytes":3145728,"model_format":"GGUF","model_repository":"Qwen/Qwen2.5-0.5B-Instruct-GGUF","model_revision":"9217f5db79a29953eb74d5343926648285ec7e67","moe_expert_tensorops":true,"moe_expert_tensorops_min_routes_per_expert":8,"moe_expert_tensorops_tile_k64":true,"packed_quantized_bytes":485166080,"pair":3,"pair_order":"llama.cpp>ferrum-candidate>ferrum-control","parameter_count":630167424,"prefill_counters":{"allocated_bytes":3145744,"allocation_time":{"nanos":320708,"secs":0},"allocations":49,"arena_capacity":9091072,"arena_high_water":9091072,"command_buffers":1,"completion_waits":1,"dispatches":531,"encode":{"nanos":218523,"secs":0},"gpu":{"nanos":25851000,"secs":0},"reused_bytes":7372800,"transient_live_bytes":0,"transient_peak_bytes":7372800,"wait":{"nanos":26280042,"secs":0}},"prefill_ms":27.013749999999998,"prefill_profile":{},"prefill_tps":148.07274073388552,"prompt_ids":[151644,8948,198,2610],"prompt_tokens":4,"q4_k_mpp_tile_k64":true,"q5_0_gemv_n4":false,"q5_1_mpp_tile_k64":true,"q8_0_mpp_tile_k64":true,"retained_weight_bytes":485309184,"runtime":"ferrum","sampling_ms":5.130623,"source_tensor_bytes":485452288,"tensor_count":291,"warmup":false,"process_rss_bytes":741900288,"ferrum_variant":"control","source_matrix_case_model":"qwen2.5-phase7a-small-batch-shape-probe-q4_k_m","engine_order":["llama.cpp","ferrum-candidate","ferrum-control"],"case_index":0,"engine_load_plus_first_warmup_ms":811.3339999690652}
{"case":"m04","decode_aggregate_tps":125.03798862491072,"decode_counters":[{"allocated_bytes":4,"allocation_time":{"nanos":7708,"secs":0},"allocations":1,"arena_capacity":9091072,"arena_high_water":9091072,"command_buffers":1,"completion_waits":1,"dispatches":531,"encode":{"nanos":283461,"secs":0},"gpu":{"nanos":7238500,"secs":0},"reused_bytes":2242560,"transient_live_bytes":524288,"transient_peak_bytes":2242560,"wait":{"nanos":7499125,"secs":0}},{"allocated_bytes":4,"allocation_time":{"nanos":5375,"secs":0},"allocations":1,"arena_capacity":9091072,"arena_high_water":9091072,"command_buffers":1,"completion_waits":1,"dispatches":531,"encode":{"nanos":240372,"secs":0},"gpu":{"nanos":7554417,"secs":0},"reused_bytes":2242560,"transient_live_bytes":524288,"transient_peak_bytes":2242560,"wait":{"nanos":7785250,"secs":0}},{"allocated_bytes":4,"allocation_time":{"nanos":4041,"secs":0},"allocations":1,"arena_capacity":9091072,"arena_high_water":9091072,"command_buffers":1,"completion_waits":1,"dispatches":531,"encode":{"nanos":215176,"secs":0},"gpu":{"nanos":7551542,"secs":0},"reused_bytes":2242560,"transient_live_bytes":524288,"transient_peak_bytes":2242560,"wait":{"nanos":7795833,"secs":0}},{"allocated_bytes":4,"allocation_time":{"nanos":3500,"secs":0},"allocations":1,"arena_capacity":9091072,"arena_high_water":9091072,"command_buffers":1,"completion_waits":1,"dispatches":531,"encode":{"nanos":184537,"secs":0},"gpu":{"nanos":7092750,"secs":0},"reused_bytes":2242560,"transient_live_bytes":524288,"transient_peak_bytes":2242560,"wait":{"nanos":7344042,"secs":0}},{"allocated_bytes":4,"allocation_time":{"nanos":3417,"secs":0},"allocations":1,"arena_capacity":9091072,"arena_high_water":9091072,"command_buffers":1,"completion_waits":1,"dispatches":531,"encode":{"nanos":181528,"secs":0},"gpu":{"nanos":7367625,"secs":0},"reused_bytes":2242560,"transient_live_bytes":524288,"transient_peak_bytes":2242560,"wait":{"nanos":7618041,"secs":0}},{"allocated_bytes":4,"allocation_time":{"nanos":3125,"secs":0},"allocations":1,"arena_capacity":9091072,"arena_high_water":9091072,"command_buffers":1,"completion_waits":1,"dispatches":531,"encode":{"nanos":181092,"secs":0},"gpu":{"nanos":7383125,"secs":0},"reused_bytes":2254848,"transient_live_bytes":524288,"transient_peak_bytes":2254848,"wait":{"nanos":7674667,"secs":0}},{"allocated_bytes":4,"allocation_time":{"nanos":2333,"secs":0},"allocations":1,"arena_capacity":9091072,"arena_high_water":9091072,"command_buffers":1,"completion_waits":1,"dispatches":531,"encode":{"nanos":173990,"secs":0},"gpu":{"nanos":7153500,"secs":0},"reused_bytes":2254848,"transient_live_bytes":524288,"transient_peak_bytes":2254848,"wait":{"nanos":7402833,"secs":0}},{"allocated_bytes":4,"allocation_time":{"nanos":4583,"secs":0},"allocations":1,"arena_capacity":9091072,"arena_high_water":9091072,"command_buffers":1,"completion_waits":1,"dispatches":531,"encode":{"nanos":194578,"secs":0},"gpu":{"nanos":7362458,"secs":0},"reused_bytes":2254848,"transient_live_bytes":524288,"transient_peak_bytes":2254848,"wait":{"nanos":7589542,"secs":0}},{"allocated_bytes":4,"allocation_time":{"nanos":3417,"secs":0},"allocations":1,"arena_capacity":9091072,"arena_high_water":9091072,"command_buffers":1,"completion_waits":1,"dispatches":531,"encode":{"nanos":173049,"secs":0},"gpu":{"nanos":7174542,"secs":0},"reused_bytes":2254848,"transient_live_bytes":524288,"transient_peak_bytes":2254848,"wait":{"nanos":7423583,"secs":0}},{"allocated_bytes":4,"allocation_time":{"nanos":3792,"secs":0},"allocations":1,"arena_capacity":9091072,"arena_high_water":9091072,"command_buffers":1,"completion_waits":1,"dispatches":531,"encode":{"nanos":179422,"secs":0},"gpu":{"nanos":7015792,"secs":0},"reused_bytes":2254848,"transient_live_bytes":524288,"transient_peak_bytes":2254848,"wait":{"nanos":7248791,"secs":0}},{"allocated_bytes":4,"allocation_time":{"nanos":3084,"secs":0},"allocations":1,"arena_capacity":9091072,"arena_high_water":9091072,"command_buffers":1,"completion_waits":1,"dispatches":531,"encode":{"nanos":173041,"secs":0},"gpu":{"nanos":7360750,"secs":0},"reused_bytes":2254848,"transient_live_bytes":524288,"transient_peak_bytes":2254848,"wait":{"nanos":7615250,"secs":0}},{"allocated_bytes":4,"allocation_time":{"nanos":3500,"secs":0},"allocations":1,"arena_capacity":9091072,"arena_high_water":9091072,"command_buffers":1,"completion_waits":1,"dispatches":531,"encode":{"nanos":173460,"secs":0},"gpu":{"nanos":7256125,"secs":0},"reused_bytes":2254848,"transient_live_bytes":524288,"transient_peak_bytes":2254848,"wait":{"nanos":7490333,"secs":0}},{"allocated_bytes":4,"allocation_time":{"nanos":3541,"secs":0},"allocations":1,"arena_capacity":9091072,"arena_high_water":9091072,"command_buffers":1,"completion_waits":1,"dispatches":531,"encode":{"nanos":179597,"secs":0},"gpu":{"nanos":7437000,"secs":0},"reused_bytes":2254848,"transient_live_bytes":524288,"transient_peak_bytes":2254848,"wait":{"nanos":7682083,"secs":0}},{"allocated_bytes":4,"allocation_time":{"nanos":3500,"secs":0},"allocations":1,"arena_capacity":9091072,"arena_high_water":9091072,"command_buffers":1,"completion_waits":1,"dispatches":531,"encode":{"nanos":180419,"secs":0},"gpu":{"nanos":7408750,"secs":0},"reused_bytes":2254848,"transient_live_bytes":524288,"transient_peak_bytes":2254848,"wait":{"nanos":7637625,"secs":0}},{"allocated_bytes":4,"allocation_time":{"nanos":4209,"secs":0},"allocations":1,"arena_capacity":9091072,"arena_high_water":9091072,"command_buffers":1,"completion_waits":1,"dispatches":531,"encode":{"nanos":179318,"secs":0},"gpu":{"nanos":6982917,"secs":0},"reused_bytes":2279424,"transient_live_bytes":524288,"transient_peak_bytes":2279424,"wait":{"nanos":7226750,"secs":0}}],"decode_median_ms":8.056625,"decode_ms":[8.131334,8.337208,8.2995,7.7972909999999995,8.065084,8.111958000000001,7.830416999999999,8.056625,7.85125,7.698541,8.03875,7.8949169999999995,8.125333,8.062542,7.662792],"decode_profiles":[{},{},{},{},{},{},{},{},{},{},{},{},{},{},{}],"decode_tps":124.1214528416055,"first_token_ms":28.14825,"generated_ids":[525,264,10950,17847,498,646,4226,4755,1075,25,5489,13151,311,1486,2766,3868],"generated_tokens":16,"generation_ms":151.91125,"generation_tps":105.32465502061237,"gguf_mpp_min_rows":16,"kv_active_bytes":233472,"kv_reserved_bytes":3145728,"model_format":"GGUF","model_repository":"Qwen/Qwen2.5-0.5B-Instruct-GGUF","model_revision":"9217f5db79a29953eb74d5343926648285ec7e67","moe_expert_tensorops":true,"moe_expert_tensorops_min_routes_per_expert":8,"moe_expert_tensorops_tile_k64":true,"packed_quantized_bytes":485166080,"pair":4,"pair_order":"ferrum-control>ferrum-candidate>llama.cpp","parameter_count":630167424,"prefill_counters":{"allocated_bytes":3145744,"allocation_time":{"nanos":515961,"secs":0},"allocations":49,"arena_capacity":9091072,"arena_high_water":9091072,"command_buffers":1,"completion_waits":1,"dispatches":531,"encode":{"nanos":375536,"secs":0},"gpu":{"nanos":25883750,"secs":0},"reused_bytes":7372800,"transient_live_bytes":0,"transient_peak_bytes":7372800,"wait":{"nanos":26486250,"secs":0}},"prefill_ms":27.698292,"prefill_profile":{},"prefill_tps":144.41323674398407,"prompt_ids":[151644,8948,198,2610],"prompt_tokens":4,"q4_k_mpp_tile_k64":true,"q5_0_gemv_n4":false,"q5_1_mpp_tile_k64":true,"q8_0_mpp_tile_k64":true,"retained_weight_bytes":485309184,"runtime":"ferrum","sampling_ms":4.056248999999999,"source_tensor_bytes":485452288,"tensor_count":291,"warmup":false,"process_rss_bytes":741900288,"ferrum_variant":"control","source_matrix_case_model":"qwen2.5-phase7a-small-batch-shape-probe-q4_k_m","engine_order":["ferrum-control","ferrum-candidate","llama.cpp"],"case_index":0,"engine_load_plus_first_warmup_ms":811.3339999690652}
{"case":"m04","decode_aggregate_tps":125.9992411821699,"decode_counters":[{"allocated_bytes":4,"allocation_time":{"nanos":3958,"secs":0},"allocations":1,"arena_capacity":9091072,"arena_high_water":9091072,"command_buffers":1,"completion_waits":1,"dispatches":531,"encode":{"nanos":186879,"secs":0},"gpu":{"nanos":7240250,"secs":0},"reused_bytes":2242560,"transient_live_bytes":524288,"transient_peak_bytes":2242560,"wait":{"nanos":7475667,"secs":0}},{"allocated_bytes":4,"allocation_time":{"nanos":3833,"secs":0},"allocations":1,"arena_capacity":9091072,"arena_high_water":9091072,"command_buffers":1,"completion_waits":1,"dispatches":531,"encode":{"nanos":175076,"secs":0},"gpu":{"nanos":7431125,"secs":0},"reused_bytes":2242560,"transient_live_bytes":524288,"transient_peak_bytes":2242560,"wait":{"nanos":7653041,"secs":0}},{"allocated_bytes":4,"allocation_time":{"nanos":3042,"secs":0},"allocations":1,"arena_capacity":9091072,"arena_high_water":9091072,"command_buffers":1,"completion_waits":1,"dispatches":531,"encode":{"nanos":175573,"secs":0},"gpu":{"nanos":7417625,"secs":0},"reused_bytes":2242560,"transient_live_bytes":524288,"transient_peak_bytes":2242560,"wait":{"nanos":7662584,"secs":0}},{"allocated_bytes":4,"allocation_time":{"nanos":3667,"secs":0},"allocations":1,"arena_capacity":9091072,"arena_high_water":9091072,"command_buffers":1,"completion_waits":1,"dispatches":531,"encode":{"nanos":198203,"secs":0},"gpu":{"nanos":7402125,"secs":0},"reused_bytes":2242560,"transient_live_bytes":524288,"transient_peak_bytes":2242560,"wait":{"nanos":7621792,"secs":0}},{"allocated_bytes":4,"allocation_time":{"nanos":2958,"secs":0},"allocations":1,"arena_capacity":9091072,"arena_high_water":9091072,"command_buffers":1,"completion_waits":1,"dispatches":531,"encode":{"nanos":171710,"secs":0},"gpu":{"nanos":6995958,"secs":0},"reused_bytes":2242560,"transient_live_bytes":524288,"transient_peak_bytes":2242560,"wait":{"nanos":7246042,"secs":0}},{"allocated_bytes":4,"allocation_time":{"nanos":4167,"secs":0},"allocations":1,"arena_capacity":9091072,"arena_high_water":9091072,"command_buffers":1,"completion_waits":1,"dispatches":531,"encode":{"nanos":182528,"secs":0},"gpu":{"nanos":7140042,"secs":0},"reused_bytes":2254848,"transient_live_bytes":524288,"transient_peak_bytes":2254848,"wait":{"nanos":7383583,"secs":0}},{"allocated_bytes":4,"allocation_time":{"nanos":3333,"secs":0},"allocations":1,"arena_capacity":9091072,"arena_high_water":9091072,"command_buffers":1,"completion_waits":1,"dispatches":531,"encode":{"nanos":174454,"secs":0},"gpu":{"nanos":7206833,"secs":0},"reused_bytes":2254848,"transient_live_bytes":524288,"transient_peak_bytes":2254848,"wait":{"nanos":7454458,"secs":0}},{"allocated_bytes":4,"allocation_time":{"nanos":3291,"secs":0},"allocations":1,"arena_capacity":9091072,"arena_high_water":9091072,"command_buffers":1,"completion_waits":1,"dispatches":531,"encode":{"nanos":173169,"secs":0},"gpu":{"nanos":7070917,"secs":0},"reused_bytes":2254848,"transient_live_bytes":524288,"transient_peak_bytes":2254848,"wait":{"nanos":7294584,"secs":0}},{"allocated_bytes":4,"allocation_time":{"nanos":2833,"secs":0},"allocations":1,"arena_capacity":9091072,"arena_high_water":9091072,"command_buffers":1,"completion_waits":1,"dispatches":531,"encode":{"nanos":170783,"secs":0},"gpu":{"nanos":7221458,"secs":0},"reused_bytes":2254848,"transient_live_bytes":524288,"transient_peak_bytes":2254848,"wait":{"nanos":7504000,"secs":0}},{"allocated_bytes":4,"allocation_time":{"nanos":2584,"secs":0},"allocations":1,"arena_capacity":9091072,"arena_high_water":9091072,"command_buffers":1,"completion_waits":1,"dispatches":531,"encode":{"nanos":176793,"secs":0},"gpu":{"nanos":7311750,"secs":0},"reused_bytes":2254848,"transient_live_bytes":524288,"transient_peak_bytes":2254848,"wait":{"nanos":7552917,"secs":0}},{"allocated_bytes":4,"allocation_time":{"nanos":3417,"secs":0},"allocations":1,"arena_capacity":9091072,"arena_high_water":9091072,"command_buffers":1,"completion_waits":1,"dispatches":531,"encode":{"nanos":187775,"secs":0},"gpu":{"nanos":7049500,"secs":0},"reused_bytes":2254848,"transient_live_bytes":524288,"transient_peak_bytes":2254848,"wait":{"nanos":7280416,"secs":0}},{"allocated_bytes":4,"allocation_time":{"nanos":3083,"secs":0},"allocations":1,"arena_capacity":9091072,"arena_high_water":9091072,"command_buffers":1,"completion_waits":1,"dispatches":531,"encode":{"nanos":194967,"secs":0},"gpu":{"nanos":7395000,"secs":0},"reused_bytes":2254848,"transient_live_bytes":524288,"transient_peak_bytes":2254848,"wait":{"nanos":7610959,"secs":0}},{"allocated_bytes":4,"allocation_time":{"nanos":3916,"secs":0},"allocations":1,"arena_capacity":9091072,"arena_high_water":9091072,"command_buffers":1,"completion_waits":1,"dispatches":531,"encode":{"nanos":190826,"secs":0},"gpu":{"nanos":7392167,"secs":0},"reused_bytes":2254848,"transient_live_bytes":524288,"transient_peak_bytes":2254848,"wait":{"nanos":7607666,"secs":0}},{"allocated_bytes":4,"allocation_time":{"nanos":3208,"secs":0},"allocations":1,"arena_capacity":9091072,"arena_high_water":9091072,"command_buffers":1,"completion_waits":1,"dispatches":531,"encode":{"nanos":177284,"secs":0},"gpu":{"nanos":7300125,"secs":0},"reused_bytes":2254848,"transient_live_bytes":524288,"transient_peak_bytes":2254848,"wait":{"nanos":7542583,"secs":0}},{"allocated_bytes":4,"allocation_time":{"nanos":2208,"secs":0},"allocations":1,"arena_capacity":9091072,"arena_high_water":9091072,"command_buffers":1,"completion_waits":1,"dispatches":531,"encode":{"nanos":176541,"secs":0},"gpu":{"nanos":7542875,"secs":0},"reused_bytes":2279424,"transient_live_bytes":524288,"transient_peak_bytes":2279424,"wait":{"nanos":7746167,"secs":0}}],"decode_median_ms":7.951209,"decode_ms":[7.9251249999999995,8.052167,8.095333,8.093542000000001,7.670375,7.8340000000000005,7.882584,7.713083,7.926917,7.951209,7.728792,8.038917,8.02325,7.9741670000000004,8.138875],"decode_profiles":[{},{},{},{},{},{},{},{},{},{},{},{},{},{},{}],"decode_tps":125.76703744046974,"first_token_ms":26.957209,"generated_ids":[525,264,10950,17847,498,646,4226,4755,1075,25,12677,11,7375,11,6649,11],"generated_tokens":16,"generation_ms":149.661833,"generation_tps":106.90768433926638,"gguf_mpp_min_rows":4,"kv_active_bytes":233472,"kv_reserved_bytes":3145728,"model_format":"GGUF","model_repository":"Qwen/Qwen2.5-0.5B-Instruct-GGUF","model_revision":"9217f5db79a29953eb74d5343926648285ec7e67","moe_expert_tensorops":true,"moe_expert_tensorops_min_routes_per_expert":8,"moe_expert_tensorops_tile_k64":true,"packed_quantized_bytes":485166080,"pair":4,"pair_order":"ferrum-control>ferrum-candidate>llama.cpp","parameter_count":630167424,"prefill_counters":{"allocated_bytes":3145744,"allocation_time":{"nanos":298456,"secs":0},"allocations":49,"arena_capacity":9091072,"arena_high_water":9091072,"command_buffers":1,"completion_waits":1,"dispatches":531,"encode":{"nanos":203907,"secs":0},"gpu":{"nanos":25417708,"secs":0},"reused_bytes":7372800,"transient_live_bytes":0,"transient_peak_bytes":7372800,"wait":{"nanos":25958500,"secs":0}},"prefill_ms":26.656541999999998,"prefill_profile":{},"prefill_tps":150.05697288117867,"prompt_ids":[151644,8948,198,2610],"prompt_tokens":4,"q4_k_mpp_tile_k64":true,"q5_0_gemv_n4":false,"q5_1_mpp_tile_k64":true,"q8_0_mpp_tile_k64":true,"retained_weight_bytes":485309184,"runtime":"ferrum","sampling_ms":3.7944989999999996,"source_tensor_bytes":485452288,"tensor_count":291,"warmup":false,"process_rss_bytes":741900288,"ferrum_variant":"candidate","source_matrix_case_model":"qwen2.5-phase7a-small-batch-shape-probe-q4_k_m","engine_order":["ferrum-control","ferrum-candidate","llama.cpp"],"case_index":0,"engine_load_plus_first_warmup_ms":811.3339999690652}
{"case":"m04","command_buffer_count":null,"decode_aggregate_tps":237.90705361582798,"decode_median_ms":4.107958,"decode_ms":[4.482333,4.023333,4.38825,4.101292,4.318333,4.054792,4.352875,4.107958,4.331875,4.0345,4.004292,4.341208,4.077625,4.424875,4.006292],"decode_tps":243.42994743373714,"dispatch_count":null,"first_token_ms":6.324958,"generated_ids":[525,1588,25,5379,861,5398,861,5398,271,2,220,17,15,16,24,7948],"generated_tokens":16,"generation_ms":73.07425,"generation_tps":218.9553775782851,"kv_context_capacity_tokens":4096,"kv_type":"bf16","llama_commit":"84e76d8a23162eca70490da131945ebec1f09bf4","llama_version":"0.5.0-dev","model_format":"GGUF","pair":4,"pair_order":"ferrum-control>ferrum-candidate>llama.cpp","prefill_ms":6.064708,"prefill_tps":659.5536009318173,"process_max_rss_bytes":668794880,"prompt_ids":[151644,8948,198,2610],"prompt_tokens":4,"runtime":"llama.cpp","sampling_ms":3.957873,"warmup":false,"process_rss_bytes":668762112,"source_matrix_case_model":"qwen2.5-phase7a-small-batch-shape-probe-q4_k_m","engine_order":["ferrum-control","ferrum-candidate","llama.cpp"],"case_index":0,"engine_load_plus_first_warmup_ms":863.8389579718933}
~llama_context:       MTL0 compute buffer size is 298.5000 MiB, matches expectation of 298.5000 MiB
~llama_context:        CPU compute buffer size is   7.5137 MiB, matches expectation of   7.5137 MiB
~llama_context:        CPU compute buffer size is   0.0000 MiB, matches expectation of   0.0000 MiB
ggml_metal_free: deallocating
